mtllib Hill_desert_001.mtl
o Hill_desert_001
usemtl Material_25.003
v -1162.113037109375 365.4875183105469 583.2611694335938
v -1053.8818359375 246.35128784179688 777.942626953125
v -828.7919311523438 378.8760986328125 757.648681640625
v -1053.8818359375 246.35128784179688 777.942626953125
v -962.8333129882812 218.97897338867188 905.807373046875
v -795.4723510742188 343.6830749511719 925.2150268554688
v -587.3746948242188 343.6831359863281 947.5836791992188
v -585.4912719726562 378.8760986328125 792.9238891601562
v -828.7919311523438 378.8760986328125 757.648681640625
v -585.4912719726562 378.8760986328125 792.9238891601562
v -618.6135864257812 330.80535888671875 601.356201171875
v -910.3678588867188 281.5443420410156 568.0126953125
v -618.6135864257812 330.80535888671875 601.356201171875
v -585.4912719726562 378.8760986328125 792.9238891601562
v -377.9670104980469 281.5443420410156 898.7494506835938
v -585.4912719726562 378.8760986328125 792.9238891601562
v -587.3746948242188 343.6831359863281 947.5836791992188
v -388.22113037109375 246.351318359375 1014.689453125
v -193.53970336914062 343.6831359863281 1092.337646484375
v -188.33108520507812 281.5443420410156 1010.4214477539062
v -377.9670104980469 281.5443420410156 898.7494506835938
v -188.33108520507812 281.5443420410156 1010.4214477539062
v -192.05152893066406 358.5146179199219 921.9486083984375
v -385.35693359375 358.51458740234375 794.462646484375
v -192.05152893066406 358.5146179199219 921.9486083984375
v -188.33108520507812 281.5443420410156 1010.4214477539062
v 1.304901123046875 281.5443420410156 1063.236083984375
v -188.33108520507812 281.5443420410156 1010.4214477539062
v -193.53970336914062 343.6831359863281 1092.337646484375
v 1.1417884826660156 343.6830749511719 1146.3336181640625
v 201.77938842773438 343.6831359863281 1160.7806396484375
v 214.7653350830078 281.5443420410156 1048.377685546875
v 1.304901123046875 281.5443420410156 1063.236083984375
v 214.7653350830078 281.5443420410156 1048.377685546875
v 230.2960205078125 354.14520263671875 931.4376831054688
v 1.2539024353027344 358.5146179199219 968.3416137695312
v 230.2960205078125 354.14520263671875 931.4376831054688
v 214.7653350830078 281.5443420410156 1048.377685546875
v 475.8746643066406 360.6493225097656 957.0302734375
v 214.7653350830078 281.5443420410156 1048.377685546875
v 201.77938842773438 343.6831359863281 1160.7806396484375
v 414.3291931152344 325.456298828125 1119.7821044921875
v 612.7623291015625 228.7759552001953 1042.890380859375
v 718.3868408203125 261.45819091796875 840.1182861328125
v 475.8746643066406 360.6493225097656 957.0302734375
v 718.3868408203125 261.45819091796875 840.1182861328125
v 865.1887817382812 298.11090087890625 603.6299438476562
v 530.8115234375 420.14178466796875 809.0328369140625
v 865.1887817382812 298.11090087890625 603.6299438476562
v 718.3868408203125 261.45819091796875 840.1182861328125
v 876.0557861328125 201.19972229003906 748.5659790039062
v 718.3868408203125 261.45819091796875 840.1182861328125
v 612.7623291015625 228.7759552001953 1042.890380859375
v 771.0502319335938 176.04977416992188 949.6576538085938
v 912.7343139648438 199.48452758789062 882.4660034179688
v 1007.0401000976562 200.07534790039062 720.7000732421875
v 876.0557861328125 201.19972229003906 748.5659790039062
v 1007.0401000976562 200.07534790039062 720.7000732421875
v 1151.4794921875 200.07534790039062 519.4757690429688
v 1020.27490234375 201.19972229003906 532.7589721679688
v -1257.93798828125 365.4875183105469 193.8981475830078
v -1228.757080078125 365.4875183105469 388.5796203613281
v -1011.9898681640625 281.5443420410156 378.3767395019531
v -1228.757080078125 365.4875183105469 388.5796203613281
v -1162.113037109375 365.4875183105469 583.2611694335938
v -910.3678588867188 281.5443420410156 568.0126953125
v -618.6135864257812 330.80535888671875 601.356201171875
v -814.8783569335938 358.51458740234375 385.7156677246094
v -1011.9898681640625 281.5443420410156 378.3767395019531
v -814.8783569335938 358.51458740234375 385.7156677246094
v -928.929443359375 358.5145568847656 192.4102020263672
v -1092.836181640625 281.5443115234375 188.7407684326172
v -634.0623779296875 820.3362426757812 214.42689514160156
v -615.2945556640625 820.3362426757812 429.7490539550781
v -437.0863342285156 897.3065185546875 437.08795166015625
v -615.2945556640625 820.3362426757812 429.7490539550781
v -551.83984375 760.470458984375 552.611083984375
v -429.6964111328125 820.3362426757812 616.8748168945312
v -214.37425231933594 820.3362426757812 636.7883911132812
v -218.09471130371094 897.3065185546875 437.08795166015625
v -437.0863342285156 897.3065185546875 437.08795166015625
v -218.09471130371094 897.3065185546875 437.08795166015625
v -218.0947265625 1009.1325073242188 218.09632873535156
v -437.0863342285156 897.3065185546875 218.09632873535156
v -218.0947265625 1009.1325073242188 218.09632873535156
v -218.09471130371094 897.3065185546875 437.08795166015625
v 0.89691162109375 897.3065185546875 437.08795166015625
v -218.09471130371094 897.3065185546875 437.08795166015625
v -214.37425231933594 820.3362426757812 636.7883911132812
v 0.9479102492332458 820.3362426757812 643.4262084960938
v 223.08213806152344 789.3374633789062 636.7883911132812
v 223.31240844726562 860.7001342773438 437.08795166015625
v 0.89691162109375 897.3065185546875 437.08795166015625
v 223.31240844726562 860.7001342773438 437.08795166015625
v 225.0243377685547 971.2880859375 218.09632873535156
v 0.89691162109375 897.3065185546875 218.09632873535156
v 225.0243377685547 971.2880859375 218.09632873535156
v 223.31240844726562 860.7001342773438 437.08795166015625
v 452.57562255859375 750.881103515625 437.08795166015625
v 223.31240844726562 860.7001342773438 437.08795166015625
v 223.08213806152344 789.3374633789062 636.7883911132812
v 458.840576171875 696.3408203125 616.8748168945312
v 627.2618408203125 592.9422607421875 552.611083984375
v 663.3234252929688 600.6981201171875 429.7490539550781
v 452.57562255859375 750.881103515625 437.08795166015625
v 663.3234252929688 600.6981201171875 429.7490539550781
v 674.17041015625 593.2698364257812 214.42689514160156
v 459.42333984375 857.7548828125 218.09632873535156
v 979.436279296875 300.5840148925781 181.41583251953125
v 969.944091796875 301.82208251953125 374.7212829589844
v 1099.3370361328125 201.19972229003906 334.3992614746094
v 969.944091796875 301.82208251953125 374.7212829589844
v 865.1887817382812 298.11090087890625 603.6299438476562
v 1020.27490234375 201.19972229003906 532.7589721679688
v 1151.4794921875 200.07534790039062 519.4757690429688
v 1243.2255859375 200.07534790039062 322.6134033203125
v 1099.3370361328125 201.19972229003906 334.3992614746094
v 1243.2255859375 200.07534790039062 322.6134033203125
v 1275.01806640625 125.83435821533203 127.93193054199219
v 1118.9503173828125 201.19969177246094 144.7632598876953
v -1199.6488037109375 246.35128784179688 -195.4647979736328
v -1253.7808837890625 365.48748779296875 -0.7833335399627686
v -1112.0853271484375 281.5443115234375 -0.8952301740646362
v -1253.7808837890625 365.48748779296875 -0.7833335399627686
v -1257.93798828125 365.4875183105469 193.8981475830078
v -1092.836181640625 281.5443115234375 188.7407684326172
v -928.929443359375 358.5145568847656 192.4102020263672
v -965.0216064453125 358.5145568847656 -0.895237386226654
v -1112.0853271484375 281.5443115234375 -0.8952301740646362
v -965.0216064453125 358.5145568847656 -0.895237386226654
v -920.8480834960938 477.6507873535156 -194.20068359375
v -1060.5108642578125 400.6805419921875 -190.53118896484375
v -634.0623779296875 820.3362426757812 -216.2174530029297
v -640.318359375 820.3362426757812 -0.8952803611755371
v -437.0863342285156 897.3065185546875 -0.8952875733375549
v -640.318359375 820.3362426757812 -0.8952803611755371
v -634.0623779296875 820.3362426757812 214.42689514160156
v -437.0863342285156 897.3065185546875 218.09632873535156
v -218.0947265625 1009.1325073242188 218.09632873535156
v -218.09471130371094 1009.1323852539062 -0.8952925205230713
v -437.0863342285156 897.3065185546875 -0.8952875733375549
v -218.09471130371094 1009.1323852539062 -0.8952925205230713
v -218.0947265625 897.3065185546875 -219.8869171142578
v -437.0863342285156 897.3065185546875 -219.8869171142578
v -218.0947265625 897.3065185546875 -219.8869171142578
v -218.09471130371094 1009.1323852539062 -0.8952925205230713
v 0.89691162109375 1009.1323852539062 -0.8952925205230713
v -218.09471130371094 1009.1323852539062 -0.8952925205230713
v -218.0947265625 1009.1325073242188 218.09632873535156
v 0.89691162109375 897.3065185546875 218.09632873535156
v 225.0243377685547 971.2880859375 218.09632873535156
v 223.31240844726562 859.0494384765625 -0.8952859044075012
v 0.89691162109375 1009.1323852539062 -0.8952925205230713
v 223.31240844726562 859.0494384765625 -0.8952859044075012
v 220.74449157714844 970.8753662109375 -219.8869171142578
v 0.89691162109375 1009.1323852539062 -219.8869171142578
v 220.74449157714844 970.8753662109375 -219.8869171142578
v 223.31240844726562 859.0494384765625 -0.8952859044075012
v 452.57562255859375 744.2781982421875 -0.8952808380126953
v 223.31240844726562 859.0494384765625 -0.8952859044075012
v 225.0243377685547 971.2880859375 218.09632873535156
v 459.42333984375 857.7548828125 218.09632873535156
v 674.17041015625 593.2698364257812 214.42689514160156
v 659.6951904296875 590.7937622070312 -0.8952703475952148
v 452.57562255859375 744.2781982421875 -0.8952808380126953
v 659.6951904296875 590.7937622070312 -0.8952703475952148
v 639.3428955078125 590.7938232421875 -216.21742248535156
v 442.3040466308594 856.1040649414062 -219.8869171142578
v 906.2445678710938 302.68212890625 -203.8207550048828
v 948.1741943359375 300.1713562011719 -11.889610290527344
v 1084.82373046875 201.19969177246094 -44.87272644042969
v 948.1741943359375 300.1713562011719 -11.889610290527344
v 979.436279296875 300.5840148925781 181.41583251953125
v 1118.9503173828125 201.19969177246094 144.7632598876953
v 1275.01806640625 125.83435821533203 127.93193054199219
v 1239.59716796875 125.83435821533203 -66.74956512451172
v 1084.82373046875 201.19969177246094 -44.87272644042969
v 1239.59716796875 125.83435821533203 -66.74956512451172
v 1162.4468994140625 215.1399383544922 -253.18524169921875
v 1026.275146484375 211.24276733398438 -229.01150512695312
v -963.368896484375 365.48748779296875 -584.8277587890625
v -1078.905517578125 365.4874572753906 -390.1463317871094
v -928.8873901367188 281.5442810058594 -380.1672058105469
v -1078.905517578125 365.4874572753906 -390.1463317871094
v -1199.6488037109375 246.35128784179688 -195.4647979736328
v -1060.5108642578125 400.6805419921875 -190.53118896484375
v -920.8480834960938 477.6507873535156 -194.20068359375
v -794.102783203125 358.5145568847656 -387.5061340332031
v -928.8873901367188 281.5442810058594 -380.1672058105469
v -794.102783203125 358.5145568847656 -387.5061340332031
v -600.9788818359375 330.8052978515625 -605.6273193359375
v -800.1510620117188 281.5442810058594 -569.8031005859375
v -551.83984375 760.4703979492188 -554.5933837890625
v -615.2945556640625 820.3362426757812 -431.5395812988281
v -437.0863342285156 897.3065185546875 -438.8785400390625
v -615.2945556640625 820.3362426757812 -431.5395812988281
v -634.0623779296875 820.3362426757812 -216.2174530029297
v -437.0863342285156 897.3065185546875 -219.8869171142578
v -218.0947265625 897.3065185546875 -219.8869171142578
v -218.09471130371094 897.3065185546875 -438.8785400390625
v -437.0863342285156 897.3065185546875 -438.8785400390625
v -218.09471130371094 897.3065185546875 -438.8785400390625
v -214.37425231933594 820.3362426757812 -639.3339233398438
v -429.6964111328125 820.3362426757812 -619.0966796875
v -214.37425231933594 820.3362426757812 -639.3339233398438
v -218.09471130371094 897.3065185546875 -438.8785400390625
v 0.89691162109375 897.3065185546875 -438.8785400390625
v -218.09471130371094 897.3065185546875 -438.8785400390625
v -218.0947265625 897.3065185546875 -219.8869171142578
v 0.89691162109375 1009.1323852539062 -219.8869171142578
v 220.74449157714844 970.8753662109375 -219.8869171142578
v 219.8885498046875 859.0494384765625 -438.8785400390625
v 0.89691162109375 897.3065185546875 -438.8785400390625
v 219.8885498046875 859.0494384765625 -438.8785400390625
v 221.31910705566406 786.8612670898438 -639.3339233398438
v 0.9479102492332458 820.3362426757812 -646.0795288085938
v 221.31910705566406 786.8612670898438 -639.3339233398438
v 219.8885498046875 859.0494384765625 -438.8785400390625
v 438.8801574707031 744.2781982421875 -438.8785400390625
v 219.8885498046875 859.0494384765625 -438.8785400390625
v 220.74449157714844 970.8753662109375 -219.8869171142578
v 442.3040466308594 856.1040649414062 -219.8869171142578
v 639.3428955078125 590.7938232421875 -216.21742248535156
v 632.558837890625 590.7937622070312 -431.5395812988281
v 438.8801574707031 744.2781982421875 -438.8785400390625
v 632.558837890625 590.7937622070312 -431.5395812988281
v 605.5257568359375 581.9373779296875 -554.5933837890625
v 451.7884216308594 686.4364013671875 -619.0966796875
v 808.11474609375 307.7743835449219 -606.8077392578125
v 883.7340087890625 310.2143859863281 -393.0033264160156
v 972.6224975585938 241.3719940185547 -402.1559143066406
v 883.7340087890625 310.2143859863281 -393.0033264160156
v 906.2445678710938 302.68212890625 -203.8207550048828
v 1026.275146484375 211.24276733398438 -229.01150512695312
v 1162.4468994140625 215.1399383544922 -253.18524169921875
v 1069.0511474609375 260.3337707519531 -423.1293640136719
v 972.6224975585938 241.3719940185547 -402.1559143066406
v 1069.0511474609375 260.3337707519531 -423.1293640136719
v 987.863037109375 305.5276184082031 -593.073486328125
v 914.02294921875 271.5011901855469 -575.30029296875
v -905.48876953125 218.9788818359375 -907.199951171875
v -924.8565673828125 365.4874572753906 -779.5092163085938
v -757.239013671875 281.5442810058594 -759.4390869140625
v -924.8565673828125 365.4874572753906 -779.5092163085938
v -963.368896484375 365.48748779296875 -584.8277587890625
v -800.1510620117188 281.5442810058594 -569.8031005859375
v -600.9788818359375 330.8052978515625 -605.6273193359375
v -567.60302734375 281.5442810058594 -808.0618896484375
v -757.239013671875 281.5442810058594 -759.4390869140625
v -567.60302734375 281.5442810058594 -808.0618896484375
v -582.902587890625 322.1983947753906 -972.5489501953125
v -777.5841064453125 246.35121154785156 -926.78173828125
v -582.902587890625 322.1983947753906 -972.5489501953125
v -567.60302734375 281.5442810058594 -808.0618896484375
v -377.9670104980469 281.54425048828125 -953.9303588867188
v -567.60302734375 281.5442810058594 -808.0618896484375
v -600.9788818359375 330.8052978515625 -605.6273193359375
v -385.35693359375 358.5145568847656 -811.757568359375
v -192.05152893066406 358.5145263671875 -949.880615234375
v -188.33108520507812 281.54425048828125 -1101.679443359375
v -377.9670104980469 281.54425048828125 -953.9303588867188
v -188.33108520507812 281.54425048828125 -1101.679443359375
v -193.53970336914062 322.1983947753906 -1250.5428466796875
v -388.22113037109375 322.1983642578125 -1109.850341796875
v -193.53970336914062 322.1983947753906 -1250.5428466796875
v -188.33108520507812 281.54425048828125 -1101.679443359375
v 1.304901123046875 281.54425048828125 -1155.9434814453125
v -188.33108520507812 281.54425048828125 -1101.679443359375
v -192.05152893066406 358.5145263671875 -949.880615234375
v 1.2539024353027344 358.5145263671875 -997.1751098632812
v 224.8535614013672 353.7323913574219 -952.2310180664062
v 211.1370086669922 281.54425048828125 -1111.08154296875
v 1.304901123046875 281.54425048828125 -1155.9434814453125
v 211.1370086669922 281.54425048828125 -1111.08154296875
v 200.87229919433594 322.1983947753906 -1267.4970703125
v 1.14178466796875 322.1983642578125 -1306.482421875
v 200.87229919433594 322.1983947753906 -1267.4970703125
v 211.1370086669922 281.54425048828125 -1111.08154296875
v 461.3614501953125 281.54425048828125 -961.4522705078125
v 211.1370086669922 281.54425048828125 -1111.08154296875
v 224.8535614013672 353.7323913574219 -952.2310180664062
v 509.0415954589844 339.3860168457031 -813.6380004882812
v 808.11474609375 307.7743835449219 -606.8077392578125
v 691.3897094726562 281.5442810058594 -809.9423217773438
v 461.3614501953125 281.54425048828125 -961.4522705078125
v 691.3897094726562 281.5442810058594 -809.9423217773438
v 615.48046875 322.1983947753906 -975.9397583007812
v 410.700927734375 322.1983642578125 -1123.4136962890625
v 615.48046875 322.1983947753906 -975.9397583007812
v 691.3897094726562 281.5442810058594 -809.9423217773438
v 840.6334228515625 281.5442810058594 -759.4390869140625
v 691.3897094726562 281.5442810058594 -809.9423217773438
v 808.11474609375 307.7743835449219 -606.8077392578125
v 914.02294921875 271.5011901855469 -575.30029296875
v 987.863037109375 305.5276184082031 -593.073486328125
v 947.3363647460938 246.3512420654297 -779.5092163085938
v 840.6334228515625 281.5442810058594 -759.4390869140625
v 947.3363647460938 246.3512420654297 -779.5092163085938
v 916.4947509765625 218.9788818359375 -907.199951171875
v 800.0639038085938 322.1983642578125 -926.78173828125
v -1460.744140625 0.000030160856113070622 689.9999389648438
v -1323.56591796875 0.0000402144760300871 920
v -1206.7734375 140.77218627929688 838.8243408203125
v -1323.56591796875 0.0000402144760300871 920
v -1135.8914794921875 0.00004775468914886005 1092.5
v -1035.5670166015625 140.77220153808594 996.1878662109375
v -962.8333129882812 218.97897338867188 905.807373046875
v -1053.8818359375 246.35128784179688 777.942626953125
v -1206.7734375 140.77218627929688 838.8243408203125
v -1053.8818359375 246.35128784179688 777.942626953125
v -1162.113037109375 365.4875183105469 583.2611694335938
v -1331.91455078125 140.7721710205078 629.00634765625
v -1135.8914794921875 0.00004775468914886005 1092.5
v -920 0.000050268095947103575 1150
v -838.6195068359375 140.77220153808594 1048.642333984375
v -920 0.000050268095947103575 1150
v -689.9999389648438 0.000051193073886679485 1171.1611328125
v -628.801513671875 140.77220153808594 1067.9466552734375
v -587.3746948242188 343.6831359863281 947.5836791992188
v -795.4723510742188 343.6830749511719 925.2150268554688
v -838.6195068359375 140.77220153808594 1048.642333984375
v -795.4723510742188 343.6830749511719 925.2150268554688
v -962.8333129882812 218.97897338867188 905.807373046875
v -1035.5670166015625 140.77220153808594 996.1878662109375
v -689.9999389648438 0.000051193073886679485 1171.1611328125
v -460 0.000053968022257322446 1234.64453125
v -418.9835205078125 140.77220153808594 1125.8594970703125
v -460 0.000053968022257322446 1234.64453125
v -230 0.000057362882216693833 1312.3096923828125
v -209.16552734375 140.77220153808594 1196.709716796875
v -193.53970336914062 343.6831359863281 1092.337646484375
v -388.22113037109375 246.351318359375 1014.689453125
v -418.9835205078125 140.77220153808594 1125.8594970703125
v -388.22113037109375 246.351318359375 1014.689453125
v -587.3746948242188 343.6831359863281 947.5836791992188
v -628.801513671875 140.77220153808594 1067.9466552734375
v -230 0.000057362882216693833 1312.3096923828125
v 0 0.000060147584008518606 1376.016357421875
v 0.6524505615234375 140.772216796875 1254.826171875
v 0 0.000060147584008518606 1376.016357421875
v 230 0.00006138739991001785 1404.380126953125
v 210.470458984375 140.772216796875 1280.700927734375
v 201.77938842773438 343.6831359863281 1160.7806396484375
v 1.1417884826660156 343.6830749511719 1146.3336181640625
v 0.6524505615234375 140.772216796875 1254.826171875
v 1.1417884826660156 343.6830749511719 1146.3336181640625
v -193.53970336914062 343.6831359863281 1092.337646484375
v -209.16552734375 140.77220153808594 1196.709716796875
v 230 0.00006138739991001785 1404.380126953125
v 460 0.000060147584008518606 1376.016357421875
v 420.2884216308594 140.772216796875 1254.826171875
v 460 0.000060147584008518606 1376.016357421875
v 689.9999389648438 0.000057362882216693833 1312.3096923828125
v 622.5325317382812 130.7291259765625 1191.21240234375
v 612.7623291015625 228.7759552001953 1042.890380859375
v 414.3291931152344 325.456298828125 1119.7821044921875
v 420.2884216308594 140.772216796875 1254.826171875
v 414.3291931152344 325.456298828125 1119.7821044921875
v 201.77938842773438 343.6831359863281 1160.7806396484375
v 210.470458984375 140.772216796875 1280.700927734375
v 689.9999389648438 0.000057362882216693833 1312.3096923828125
v 920 0.000053968022257322446 1234.64453125
v 809.6289672851562 100.59989929199219 1103.8707275390625
v 920 0.000053968022257322446 1234.64453125
v 1141.923583984375 0.00004867967436439358 1113.6611328125
v 989.3577880859375 70.47066497802734 977.0117797851562
v 912.7343139648438 199.48452758789062 882.4660034179688
v 771.0502319335938 176.04977416992188 949.6576538085938
v 809.6289672851562 100.59989929199219 1103.8707275390625
v 771.0502319335938 176.04977416992188 949.6576538085938
v 612.7623291015625 228.7759552001953 1042.890380859375
v 622.5325317382812 130.7291259765625 1191.21240234375
v 1141.923583984375 0.00004867967436439358 1113.6611328125
v 1347.6943359375 0.0000402144760300871 920
v 1169.498779296875 60.427589416503906 794.8468017578125
v 1347.6943359375 0.0000402144760300871 920
v 1516.962158203125 0.000030160856113070622 689.9999389648438
v 1323.91357421875 60.42757797241211 585.02880859375
v 1151.4794921875 200.07534790039062 519.4757690429688
v 1007.0401000976562 200.07534790039062 720.7000732421875
v 1169.498779296875 60.427589416503906 794.8468017578125
v 1007.0401000976562 200.07534790039062 720.7000732421875
v 912.7343139648438 199.48452758789062 882.4660034179688
v 989.3577880859375 70.47066497802734 977.0117797851562
v 1516.962158203125 0.000030160856113070622 689.9999389648438
v 1629.376220703125 0.00002010723801504355 460
v 1426.463623046875 60.42757034301758 375.2108459472656
v 1629.376220703125 0.00002010723801504355 460
v 1671.3697509765625 0.000010053619007521775 230
v 1464.7724609375 60.42755889892578 165.39288330078125
v 1275.01806640625 125.83435821533203 127.93193054199219
v 1243.2255859375 200.07534790039062 322.6134033203125
v 1426.463623046875 60.42757034301758 375.2108459472656
v 1243.2255859375 200.07534790039062 322.6134033203125
v 1151.4794921875 200.07534790039062 519.4757690429688
v 1323.91357421875 60.42757797241211 585.02880859375
v 1671.3697509765625 0.000010053619007521775 230
v 1629.376220703125 0 0
v 1426.463623046875 60.42755126953125 -44.425113677978516
v 1629.376220703125 0 0
v 1516.962158203125 -0.000010053619007521775 -230
v 1331.4874267578125 70.47061157226562 -248.7458953857422
v 1162.4468994140625 215.1399383544922 -253.18524169921875
v 1239.59716796875 125.83435821533203 -66.74956512451172
v 1426.463623046875 60.42755126953125 -44.425113677978516
v 1239.59716796875 125.83435821533203 -66.74956512451172
v 1275.01806640625 125.83435821533203 127.93193054199219
v 1464.7724609375 60.42755889892578 165.39288330078125
v 1516.962158203125 -0.000010053619007521775 -230
v 1347.6943359375 -0.00002010723801504355 -460
v 1199.794189453125 100.59982299804688 -442.0723571777344
v 1347.6943359375 -0.00002010723801504355 -460
v 1199.423583984375 -0.000030160856113070622 -689.9999389648438
v 1087.25537109375 130.7290496826172 -635.3987426757812
v 987.863037109375 305.5276184082031 -593.073486328125
v 1069.0511474609375 260.3337707519531 -423.1293640136719
v 1199.794189453125 100.59982299804688 -442.0723571777344
v 1069.0511474609375 260.3337707519531 -423.1293640136719
v 1162.4468994140625 215.1399383544922 -253.18524169921875
v 1331.4874267578125 70.47061157226562 -248.7458953857422
v 1199.423583984375 -0.000030160856113070622 -689.9999389648438
v 1150 -0.0000402144760300871 -920
v 1049.742431640625 140.77210998535156 -839.7196044921875
v 1150 -0.0000402144760300871 -920
v 1092.5 -0.00004775468914886005 -1092.5
v 997.2879638671875 140.77210998535156 -997.0830688476562
v 916.4947509765625 218.9788818359375 -907.199951171875
v 947.3363647460938 246.3512420654297 -779.5092163085938
v 1049.742431640625 140.77210998535156 -839.7196044921875
v 947.3363647460938 246.3512420654297 -779.5092163085938
v 987.863037109375 305.5276184082031 -593.073486328125
v 1087.25537109375 130.7290496826172 -635.3987426757812
v 1092.5 -0.00004775468914886005 -1092.5
v 920 -0.000050268095947103575 -1150
v 839.9244384765625 140.77210998535156 -1049.53759765625
v 920 -0.000050268095947103575 -1150
v 689.9999389648438 -0.00005276198135106824 -1207.053466796875
v 630.1064453125 140.77210998535156 -1101.584716796875
v 615.48046875 322.1983947753906 -975.9397583007812
v 800.0639038085938 322.1983642578125 -926.78173828125
v 839.9244384765625 140.77210998535156 -1049.53759765625
v 800.0639038085938 322.1983642578125 -926.78173828125
v 916.4947509765625 218.9788818359375 -907.199951171875
v 997.2879638671875 140.77210998535156 -997.0830688476562
v 689.9999389648438 -0.00005276198135106824 -1207.053466796875
v 460 -0.00006024363756296225 -1378.2138671875
v 420.2884216308594 140.7720947265625 -1257.7261962890625
v 460 -0.00006024363756296225 -1378.2138671875
v 230 -0.00006752591434633359 -1544.8128662109375
v 210.470458984375 140.7720947265625 -1409.70654296875
v 200.87229919433594 322.1983947753906 -1267.4970703125
v 410.700927734375 322.1983642578125 -1123.4136962890625
v 420.2884216308594 140.7720947265625 -1257.7261962890625
v 410.700927734375 322.1983642578125 -1123.4136962890625
v 615.48046875 322.1983947753906 -975.9397583007812
v 630.1064453125 140.77210998535156 -1101.584716796875
v 230 -0.00006752591434633359 -1544.8128662109375
v 0 -0.00006942164327483624 -1588.18212890625
v 0.6524505615234375 140.7720947265625 -1449.2701416015625
v 0 -0.00006942164327483624 -1588.18212890625
v -230 -0.00006652898446191102 -1522.005859375
v -209.16552734375 140.7720947265625 -1388.9005126953125
v -193.53970336914062 322.1983947753906 -1250.5428466796875
v 1.14178466796875 322.1983642578125 -1306.482421875
v 0.6524505615234375 140.7720947265625 -1449.2701416015625
v 1.14178466796875 322.1983642578125 -1306.482421875
v 200.87229919433594 322.1983947753906 -1267.4970703125
v 210.470458984375 140.7720947265625 -1409.70654296875
v -230 -0.00006652898446191102 -1522.005859375
v -460 -0.00005944609802099876 -1359.9681396484375
v -418.9835205078125 140.7720947265625 -1241.08154296875
v -460 -0.00005944609802099876 -1359.9681396484375
v -689.9999389648438 -0.000052562598284566775 -1202.4920654296875
v -628.801513671875 140.77210998535156 -1097.423583984375
v -582.902587890625 322.1983947753906 -972.5489501953125
v -388.22113037109375 322.1983642578125 -1109.850341796875
v -418.9835205078125 140.7720947265625 -1241.08154296875
v -388.22113037109375 322.1983642578125 -1109.850341796875
v -193.53970336914062 322.1983947753906 -1250.5428466796875
v -209.16552734375 140.7720947265625 -1388.9005126953125
v -689.9999389648438 -0.000052562598284566775 -1202.4920654296875
v -920 -0.000050268095947103575 -1150
v -838.6195068359375 140.77210998535156 -1049.53759765625
v -920 -0.000050268095947103575 -1150
v -1092.5 -0.00004775468914886005 -1092.5
v -995.9830322265625 140.77210998535156 -997.0830688476562
v -905.48876953125 218.9788818359375 -907.199951171875
v -777.5841064453125 246.35121154785156 -926.78173828125
v -838.6195068359375 140.77210998535156 -1049.53759765625
v -777.5841064453125 246.35121154785156 -926.78173828125
v -582.902587890625 322.1983947753906 -972.5489501953125
v -628.801513671875 140.77210998535156 -1097.423583984375
v -1092.5 -0.00004775468914886005 -1092.5
v -1150 -0.0000402144760300871 -920
v -1048.4375 259.9083557128906 -839.7196044921875
v -1150 -0.0000402144760300871 -920
v -1193.391357421875 -0.000030160856113070622 -689.9999389648438
v -1088.021484375 140.77212524414062 -629.901611328125
v -963.368896484375 365.48748779296875 -584.8277587890625
v -924.8565673828125 365.4874572753906 -779.5092163085938
v -1048.4375 259.9083557128906 -839.7196044921875
v -924.8565673828125 365.4874572753906 -779.5092163085938
v -905.48876953125 218.9788818359375 -907.199951171875
v -995.9830322265625 140.77210998535156 -997.0830688476562
v -1193.391357421875 -0.000030160856113070622 -689.9999389648438
v -1323.56591796875 -0.00002010723801504355 -460
v -1206.7733154296875 140.77212524414062 -420.0836181640625
v -1323.56591796875 -0.00002010723801504355 -460
v -1460.744140625 -0.000010053619007521775 -230
v -1331.91455078125 140.7721405029297 -210.26559448242188
v -1199.6488037109375 246.35128784179688 -195.4647979736328
v -1078.905517578125 365.4874572753906 -390.1463317871094
v -1206.7733154296875 140.77212524414062 -420.0836181640625
v -1078.905517578125 365.4874572753906 -390.1463317871094
v -963.368896484375 365.48748779296875 -584.8277587890625
v -1088.021484375 140.77212524414062 -629.901611328125
v -1460.744140625 -0.000010053619007521775 -230
v -1525.1475830078125 0 0
v -1390.6666259765625 140.77215576171875 -0.4476150870323181
v -1525.1475830078125 0 0
v -1539.1553955078125 0.000010053619007521775 230
v -1403.4454345703125 140.7721710205078 209.37039184570312
v -1257.93798828125 365.4875183105469 193.8981475830078
v -1253.7808837890625 365.48748779296875 -0.7833335399627686
v -1390.6666259765625 140.77215576171875 -0.4476150870323181
v -1253.7808837890625 365.48748779296875 -0.7833335399627686
v -1199.6488037109375 246.35128784179688 -195.4647979736328
v -1331.91455078125 140.7721405029297 -210.26559448242188
v -1539.1553955078125 0.000010053619007521775 230
v -1525.1475830078125 0.00002010723801504355 460
v -1390.6666259765625 140.7721710205078 419.1883544921875
v -1525.1475830078125 0.00002010723801504355 460
v -1460.744140625 0.000030160856113070622 689.9999389648438
v -1331.91455078125 140.7721710205078 629.00634765625
v -1162.113037109375 365.4875183105469 583.2611694335938
v -1228.757080078125 365.4875183105469 388.5796203613281
v -1390.6666259765625 140.7721710205078 419.1883544921875
v -1228.757080078125 365.4875183105469 388.5796203613281
v -1257.93798828125 365.4875183105469 193.8981475830078
v -1403.4454345703125 140.7721710205078 209.37039184570312
v -618.6135864257812 330.80535888671875 601.356201171875
v -385.35693359375 358.51458740234375 794.462646484375
v -407.52667236328125 589.4254760742188 718.2520141601562
v -385.35693359375 358.51458740234375 794.462646484375
v -192.05152893066406 358.5146179199219 921.9486083984375
v -203.21287536621094 589.4254760742188 797.9064331054688
v -214.37425231933594 820.3362426757812 636.7883911132812
v -429.6964111328125 820.3362426757812 616.8748168945312
v -407.52667236328125 589.4254760742188 718.2520141601562
v -429.6964111328125 820.3362426757812 616.8748168945312
v -551.83984375 760.470458984375 552.611083984375
v -585.785888671875 589.4254760742188 587.5191650390625
v -192.05152893066406 358.5146179199219 921.9486083984375
v 1.2539024353027344 358.5146179199219 968.3416137695312
v 1.1009063720703125 589.4254760742188 824.4579467773438
v 1.2539024353027344 358.5146179199219 968.3416137695312
v 230.2960205078125 354.14520263671875 931.4376831054688
v 229.23915100097656 571.9476928710938 797.9064331054688
v 223.08213806152344 789.3374633789062 636.7883911132812
v 0.9479102492332458 820.3362426757812 643.4262084960938
v 1.1009063720703125 589.4254760742188 824.4579467773438
v 0.9479102492332458 820.3362426757812 643.4262084960938
v -214.37425231933594 820.3362426757812 636.7883911132812
v -203.21287536621094 589.4254760742188 797.9064331054688
v 230.2960205078125 354.14520263671875 931.4376831054688
v 530.8115234375 420.14178466796875 809.0328369140625
v 505.0263366699219 519.51416015625 718.2520141601562
v 530.8115234375 420.14178466796875 809.0328369140625
v 865.1887817382812 298.11090087890625 603.6299438476562
v 736.123779296875 465.4300231933594 587.5192260742188
v 627.2618408203125 592.9422607421875 552.611083984375
v 458.840576171875 696.3408203125 616.8748168945312
v 505.0263366699219 519.51416015625 718.2520141601562
v 458.840576171875 696.3408203125 616.8748168945312
v 223.08213806152344 789.3374633789062 636.7883911132812
v 229.23915100097656 571.9476928710938 797.9064331054688
v 865.1887817382812 298.11090087890625 603.6299438476562
v 969.944091796875 301.82208251953125 374.7212829589844
v 830.1929321289062 442.9999694824219 407.7323913574219
v 969.944091796875 301.82208251953125 374.7212829589844
v 979.436279296875 300.5840148925781 181.41583251953125
v 839.3422241210938 438.04779052734375 203.41854858398438
v 674.17041015625 593.2698364257812 214.42689514160156
v 663.3234252929688 600.6981201171875 429.7490539550781
v 830.1929321289062 442.9999694824219 407.7323913574219
v 663.3234252929688 600.6981201171875 429.7490539550781
v 627.2618408203125 592.9422607421875 552.611083984375
v 736.123779296875 465.4300231933594 587.5192260742188
v 979.436279296875 300.5840148925781 181.41583251953125
v 948.1741943359375 300.1713562011719 -11.889610290527344
v 815.6797485351562 436.3970642089844 -0.8952522873878479
v 948.1741943359375 300.1713562011719 -11.889610290527344
v 906.2445678710938 302.68212890625 -203.8207550048828
v 785.6285400390625 436.3970642089844 -205.2090606689453
v 639.3428955078125 590.7938232421875 -216.21742248535156
v 659.6951904296875 590.7937622070312 -0.8952703475952148
v 815.6797485351562 436.3970642089844 -0.8952522873878479
v 659.6951904296875 590.7937622070312 -0.8952703475952148
v 674.17041015625 593.2698364257812 214.42689514160156
v 839.3422241210938 438.04779052734375 203.41854858398438
v 906.2445678710938 302.68212890625 -203.8207550048828
v 883.7340087890625 310.2143859863281 -393.0033264160156
v 775.6114501953125 436.3970642089844 -409.5228271484375
v 883.7340087890625 310.2143859863281 -393.0033264160156
v 808.11474609375 307.7743835449219 -606.8077392578125
v 704.3368530273438 455.52557373046875 -589.7410888671875
v 605.5257568359375 581.9373779296875 -554.5933837890625
v 632.558837890625 590.7937622070312 -431.5395812988281
v 775.6114501953125 436.3970642089844 -409.5228271484375
v 632.558837890625 590.7937622070312 -431.5395812988281
v 639.3428955078125 590.7938232421875 -216.21742248535156
v 785.6285400390625 436.3970642089844 -205.2090606689453
v 808.11474609375 307.7743835449219 -606.8077392578125
v 509.0415954589844 339.3860168457031 -813.6380004882812
v 490.5130920410156 512.9111938476562 -721.76806640625
v 509.0415954589844 339.3860168457031 -813.6380004882812
v 224.8535614013672 353.7323913574219 -952.2310180664062
v 225.61085510253906 570.2968139648438 -802.7166137695312
v 221.31910705566406 786.8612670898438 -639.3339233398438
v 451.7884216308594 686.4364013671875 -619.0966796875
v 490.5130920410156 512.9111938476562 -721.76806640625
v 451.7884216308594 686.4364013671875 -619.0966796875
v 605.5257568359375 581.9373779296875 -554.5933837890625
v 704.3368530273438 455.52557373046875 -589.7410888671875
v 224.8535614013672 353.7323913574219 -952.2310180664062
v 1.2539024353027344 358.5145263671875 -997.1751098632812
v 1.1009063720703125 589.4253540039062 -829.6994018554688
v 1.2539024353027344 358.5145263671875 -997.1751098632812
v -192.05152893066406 358.5145263671875 -949.880615234375
v -203.21287536621094 589.4253540039062 -802.7166137695312
v -214.37425231933594 820.3362426757812 -639.3339233398438
v 0.9479102492332458 820.3362426757812 -646.0795288085938
v 1.1009063720703125 589.4253540039062 -829.6994018554688
v 0.9479102492332458 820.3362426757812 -646.0795288085938
v 221.31910705566406 786.8612670898438 -639.3339233398438
v 225.61085510253906 570.2968139648438 -802.7166137695312
v -192.05152893066406 358.5145263671875 -949.880615234375
v -385.35693359375 358.5145568847656 -811.757568359375
v -407.52667236328125 589.4253540039062 -721.76806640625
v -385.35693359375 358.5145568847656 -811.757568359375
v -600.9788818359375 330.8052978515625 -605.6273193359375
v -585.785888671875 589.4253540039062 -589.7411499023438
v -551.83984375 760.4703979492188 -554.5933837890625
v -429.6964111328125 820.3362426757812 -619.0966796875
v -407.52667236328125 589.4253540039062 -721.76806640625
v -429.6964111328125 820.3362426757812 -619.0966796875
v -214.37425231933594 820.3362426757812 -639.3339233398438
v -203.21287536621094 589.4253540039062 -802.7166137695312
v -600.9788818359375 330.8052978515625 -605.6273193359375
v -794.102783203125 358.5145568847656 -387.5061340332031
v -711.9359130859375 589.4254150390625 -409.5228576660156
v -794.102783203125 358.5145568847656 -387.5061340332031
v -920.8480834960938 477.6507873535156 -194.20068359375
v -787.0074462890625 589.4254150390625 -205.2090606689453
v -634.0623779296875 820.3362426757812 -216.2174530029297
v -615.2945556640625 820.3362426757812 -431.5395812988281
v -711.9359130859375 589.4254150390625 -409.5228576660156
v -615.2945556640625 820.3362426757812 -431.5395812988281
v -551.83984375 760.4703979492188 -554.5933837890625
v -585.785888671875 589.4253540039062 -589.7411499023438
v -920.8480834960938 477.6507873535156 -194.20068359375
v -965.0216064453125 358.5145568847656 -0.895237386226654
v -812.0313720703125 589.4254150390625 -0.8952589631080627
v -965.0216064453125 358.5145568847656 -0.895237386226654
v -928.929443359375 358.5145568847656 192.4102020263672
v -787.0074462890625 589.4254150390625 203.41854858398438
v -634.0623779296875 820.3362426757812 214.42689514160156
v -640.318359375 820.3362426757812 -0.8952803611755371
v -812.0313720703125 589.4254150390625 -0.8952589631080627
v -640.318359375 820.3362426757812 -0.8952803611755371
v -634.0623779296875 820.3362426757812 -216.2174530029297
v -787.0074462890625 589.4254150390625 -205.2090606689453
v -928.929443359375 358.5145568847656 192.4102020263672
v -814.8783569335938 358.51458740234375 385.7156677246094
v -711.9359130859375 589.4254150390625 407.7323303222656
v -814.8783569335938 358.51458740234375 385.7156677246094
v -618.6135864257812 330.80535888671875 601.356201171875
v -585.785888671875 589.4254760742188 587.5191650390625
v -551.83984375 760.470458984375 552.611083984375
v -615.2945556640625 820.3362426757812 429.7490539550781
v -711.9359130859375 589.4254150390625 407.7323303222656
v -615.2945556640625 820.3362426757812 429.7490539550781
v -634.0623779296875 820.3362426757812 214.42689514160156
v -787.0074462890625 589.4254150390625 203.41854858398438
v -828.7919311523438 378.8760986328125 757.648681640625
v -910.3678588867188 281.5443420410156 568.0126953125
v -1162.113037109375 365.4875183105469 583.2611694335938
v -795.4723510742188 343.6830749511719 925.2150268554688
v -828.7919311523438 378.8760986328125 757.648681640625
v -1053.8818359375 246.35128784179688 777.942626953125
v -828.7919311523438 378.8760986328125 757.648681640625
v -795.4723510742188 343.6830749511719 925.2150268554688
v -587.3746948242188 343.6831359863281 947.5836791992188
v -910.3678588867188 281.5443420410156 568.0126953125
v -828.7919311523438 378.8760986328125 757.648681640625
v -585.4912719726562 378.8760986328125 792.9238891601562
v -377.9670104980469 281.5443420410156 898.7494506835938
v -385.35693359375 358.51458740234375 794.462646484375
v -618.6135864257812 330.80535888671875 601.356201171875
v -388.22113037109375 246.351318359375 1014.689453125
v -377.9670104980469 281.5443420410156 898.7494506835938
v -585.4912719726562 378.8760986328125 792.9238891601562
v -377.9670104980469 281.5443420410156 898.7494506835938
v -388.22113037109375 246.351318359375 1014.689453125
v -193.53970336914062 343.6831359863281 1092.337646484375
v -385.35693359375 358.51458740234375 794.462646484375
v -377.9670104980469 281.5443420410156 898.7494506835938
v -188.33108520507812 281.5443420410156 1010.4214477539062
v 1.304901123046875 281.5443420410156 1063.236083984375
v 1.2539024353027344 358.5146179199219 968.3416137695312
v -192.05152893066406 358.5146179199219 921.9486083984375
v 1.1417884826660156 343.6830749511719 1146.3336181640625
v 1.304901123046875 281.5443420410156 1063.236083984375
v -188.33108520507812 281.5443420410156 1010.4214477539062
v 1.304901123046875 281.5443420410156 1063.236083984375
v 1.1417884826660156 343.6830749511719 1146.3336181640625
v 201.77938842773438 343.6831359863281 1160.7806396484375
v 1.2539024353027344 358.5146179199219 968.3416137695312
v 1.304901123046875 281.5443420410156 1063.236083984375
v 214.7653350830078 281.5443420410156 1048.377685546875
v 475.8746643066406 360.6493225097656 957.0302734375
v 530.8115234375 420.14178466796875 809.0328369140625
v 230.2960205078125 354.14520263671875 931.4376831054688
v 414.3291931152344 325.456298828125 1119.7821044921875
v 475.8746643066406 360.6493225097656 957.0302734375
v 214.7653350830078 281.5443420410156 1048.377685546875
v 475.8746643066406 360.6493225097656 957.0302734375
v 414.3291931152344 325.456298828125 1119.7821044921875
v 612.7623291015625 228.7759552001953 1042.890380859375
v 530.8115234375 420.14178466796875 809.0328369140625
v 475.8746643066406 360.6493225097656 957.0302734375
v 718.3868408203125 261.45819091796875 840.1182861328125
v 876.0557861328125 201.19972229003906 748.5659790039062
v 1020.27490234375 201.19972229003906 532.7589721679688
v 865.1887817382812 298.11090087890625 603.6299438476562
v 771.0502319335938 176.04977416992188 949.6576538085938
v 876.0557861328125 201.19972229003906 748.5659790039062
v 718.3868408203125 261.45819091796875 840.1182861328125
v 876.0557861328125 201.19972229003906 748.5659790039062
v 771.0502319335938 176.04977416992188 949.6576538085938
v 912.7343139648438 199.48452758789062 882.4660034179688
v 1020.27490234375 201.19972229003906 532.7589721679688
v 876.0557861328125 201.19972229003906 748.5659790039062
v 1007.0401000976562 200.07534790039062 720.7000732421875
v -1011.9898681640625 281.5443420410156 378.3767395019531
v -1092.836181640625 281.5443115234375 188.7407684326172
v -1257.93798828125 365.4875183105469 193.8981475830078
v -910.3678588867188 281.5443420410156 568.0126953125
v -1011.9898681640625 281.5443420410156 378.3767395019531
v -1228.757080078125 365.4875183105469 388.5796203613281
v -1011.9898681640625 281.5443420410156 378.3767395019531
v -910.3678588867188 281.5443420410156 568.0126953125
v -618.6135864257812 330.80535888671875 601.356201171875
v -1092.836181640625 281.5443115234375 188.7407684326172
v -1011.9898681640625 281.5443420410156 378.3767395019531
v -814.8783569335938 358.51458740234375 385.7156677246094
v -437.0863342285156 897.3065185546875 437.08795166015625
v -437.0863342285156 897.3065185546875 218.09632873535156
v -634.0623779296875 820.3362426757812 214.42689514160156
v -429.6964111328125 820.3362426757812 616.8748168945312
v -437.0863342285156 897.3065185546875 437.08795166015625
v -615.2945556640625 820.3362426757812 429.7490539550781
v -437.0863342285156 897.3065185546875 437.08795166015625
v -429.6964111328125 820.3362426757812 616.8748168945312
v -214.37425231933594 820.3362426757812 636.7883911132812
v -437.0863342285156 897.3065185546875 218.09632873535156
v -437.0863342285156 897.3065185546875 437.08795166015625
v -218.09471130371094 897.3065185546875 437.08795166015625
v 0.89691162109375 897.3065185546875 437.08795166015625
v 0.89691162109375 897.3065185546875 218.09632873535156
v -218.0947265625 1009.1325073242188 218.09632873535156
v 0.9479102492332458 820.3362426757812 643.4262084960938
v 0.89691162109375 897.3065185546875 437.08795166015625
v -218.09471130371094 897.3065185546875 437.08795166015625
v 0.89691162109375 897.3065185546875 437.08795166015625
v 0.9479102492332458 820.3362426757812 643.4262084960938
v 223.08213806152344 789.3374633789062 636.7883911132812
v 0.89691162109375 897.3065185546875 218.09632873535156
v 0.89691162109375 897.3065185546875 437.08795166015625
v 223.31240844726562 860.7001342773438 437.08795166015625
v 452.57562255859375 750.881103515625 437.08795166015625
v 459.42333984375 857.7548828125 218.09632873535156
v 225.0243377685547 971.2880859375 218.09632873535156
v 458.840576171875 696.3408203125 616.8748168945312
v 452.57562255859375 750.881103515625 437.08795166015625
v 223.31240844726562 860.7001342773438 437.08795166015625
v 452.57562255859375 750.881103515625 437.08795166015625
v 458.840576171875 696.3408203125 616.8748168945312
v 627.2618408203125 592.9422607421875 552.611083984375
v 459.42333984375 857.7548828125 218.09632873535156
v 452.57562255859375 750.881103515625 437.08795166015625
v 663.3234252929688 600.6981201171875 429.7490539550781
v 1099.3370361328125 201.19972229003906 334.3992614746094
v 1118.9503173828125 201.19969177246094 144.7632598876953
v 979.436279296875 300.5840148925781 181.41583251953125
v 1020.27490234375 201.19972229003906 532.7589721679688
v 1099.3370361328125 201.19972229003906 334.3992614746094
v 969.944091796875 301.82208251953125 374.7212829589844
v 1099.3370361328125 201.19972229003906 334.3992614746094
v 1020.27490234375 201.19972229003906 532.7589721679688
v 1151.4794921875 200.07534790039062 519.4757690429688
v 1118.9503173828125 201.19969177246094 144.7632598876953
v 1099.3370361328125 201.19972229003906 334.3992614746094
v 1243.2255859375 200.07534790039062 322.6134033203125
v -1112.0853271484375 281.5443115234375 -0.8952301740646362
v -1060.5108642578125 400.6805419921875 -190.53118896484375
v -1199.6488037109375 246.35128784179688 -195.4647979736328
v -1092.836181640625 281.5443115234375 188.7407684326172
v -1112.0853271484375 281.5443115234375 -0.8952301740646362
v -1253.7808837890625 365.48748779296875 -0.7833335399627686
v -1112.0853271484375 281.5443115234375 -0.8952301740646362
v -1092.836181640625 281.5443115234375 188.7407684326172
v -928.929443359375 358.5145568847656 192.4102020263672
v -1060.5108642578125 400.6805419921875 -190.53118896484375
v -1112.0853271484375 281.5443115234375 -0.8952301740646362
v -965.0216064453125 358.5145568847656 -0.895237386226654
v -437.0863342285156 897.3065185546875 -0.8952875733375549
v -437.0863342285156 897.3065185546875 -219.8869171142578
v -634.0623779296875 820.3362426757812 -216.2174530029297
v -437.0863342285156 897.3065185546875 218.09632873535156
v -437.0863342285156 897.3065185546875 -0.8952875733375549
v -640.318359375 820.3362426757812 -0.8952803611755371
v -437.0863342285156 897.3065185546875 -0.8952875733375549
v -437.0863342285156 897.3065185546875 218.09632873535156
v -218.0947265625 1009.1325073242188 218.09632873535156
v -437.0863342285156 897.3065185546875 -219.8869171142578
v -437.0863342285156 897.3065185546875 -0.8952875733375549
v -218.09471130371094 1009.1323852539062 -0.8952925205230713
v 0.89691162109375 1009.1323852539062 -0.8952925205230713
v 0.89691162109375 1009.1323852539062 -219.8869171142578
v -218.0947265625 897.3065185546875 -219.8869171142578
v 0.89691162109375 897.3065185546875 218.09632873535156
v 0.89691162109375 1009.1323852539062 -0.8952925205230713
v -218.09471130371094 1009.1323852539062 -0.8952925205230713
v 0.89691162109375 1009.1323852539062 -0.8952925205230713
v 0.89691162109375 897.3065185546875 218.09632873535156
v 225.0243377685547 971.2880859375 218.09632873535156
v 0.89691162109375 1009.1323852539062 -219.8869171142578
v 0.89691162109375 1009.1323852539062 -0.8952925205230713
v 223.31240844726562 859.0494384765625 -0.8952859044075012
v 452.57562255859375 744.2781982421875 -0.8952808380126953
v 442.3040466308594 856.1040649414062 -219.8869171142578
v 220.74449157714844 970.8753662109375 -219.8869171142578
v 459.42333984375 857.7548828125 218.09632873535156
v 452.57562255859375 744.2781982421875 -0.8952808380126953
v 223.31240844726562 859.0494384765625 -0.8952859044075012
v 452.57562255859375 744.2781982421875 -0.8952808380126953
v 459.42333984375 857.7548828125 218.09632873535156
v 674.17041015625 593.2698364257812 214.42689514160156
v 442.3040466308594 856.1040649414062 -219.8869171142578
v 452.57562255859375 744.2781982421875 -0.8952808380126953
v 659.6951904296875 590.7937622070312 -0.8952703475952148
v 1084.82373046875 201.19969177246094 -44.87272644042969
v 1026.275146484375 211.24276733398438 -229.01150512695312
v 906.2445678710938 302.68212890625 -203.8207550048828
v 1118.9503173828125 201.19969177246094 144.7632598876953
v 1084.82373046875 201.19969177246094 -44.87272644042969
v 948.1741943359375 300.1713562011719 -11.889610290527344
v 1084.82373046875 201.19969177246094 -44.87272644042969
v 1118.9503173828125 201.19969177246094 144.7632598876953
v 1275.01806640625 125.83435821533203 127.93193054199219
v 1026.275146484375 211.24276733398438 -229.01150512695312
v 1084.82373046875 201.19969177246094 -44.87272644042969
v 1239.59716796875 125.83435821533203 -66.74956512451172
v -928.8873901367188 281.5442810058594 -380.1672058105469
v -800.1510620117188 281.5442810058594 -569.8031005859375
v -963.368896484375 365.48748779296875 -584.8277587890625
v -1060.5108642578125 400.6805419921875 -190.53118896484375
v -928.8873901367188 281.5442810058594 -380.1672058105469
v -1078.905517578125 365.4874572753906 -390.1463317871094
v -928.8873901367188 281.5442810058594 -380.1672058105469
v -1060.5108642578125 400.6805419921875 -190.53118896484375
v -920.8480834960938 477.6507873535156 -194.20068359375
v -800.1510620117188 281.5442810058594 -569.8031005859375
v -928.8873901367188 281.5442810058594 -380.1672058105469
v -794.102783203125 358.5145568847656 -387.5061340332031
v -437.0863342285156 897.3065185546875 -438.8785400390625
v -429.6964111328125 820.3362426757812 -619.0966796875
v -551.83984375 760.4703979492188 -554.5933837890625
v -437.0863342285156 897.3065185546875 -219.8869171142578
v -437.0863342285156 897.3065185546875 -438.8785400390625
v -615.2945556640625 820.3362426757812 -431.5395812988281
v -437.0863342285156 897.3065185546875 -438.8785400390625
v -437.0863342285156 897.3065185546875 -219.8869171142578
v -218.0947265625 897.3065185546875 -219.8869171142578
v -429.6964111328125 820.3362426757812 -619.0966796875
v -437.0863342285156 897.3065185546875 -438.8785400390625
v -218.09471130371094 897.3065185546875 -438.8785400390625
v 0.89691162109375 897.3065185546875 -438.8785400390625
v 0.9479102492332458 820.3362426757812 -646.0795288085938
v -214.37425231933594 820.3362426757812 -639.3339233398438
v 0.89691162109375 1009.1323852539062 -219.8869171142578
v 0.89691162109375 897.3065185546875 -438.8785400390625
v -218.09471130371094 897.3065185546875 -438.8785400390625
v 0.89691162109375 897.3065185546875 -438.8785400390625
v 0.89691162109375 1009.1323852539062 -219.8869171142578
v 220.74449157714844 970.8753662109375 -219.8869171142578
v 0.9479102492332458 820.3362426757812 -646.0795288085938
v 0.89691162109375 897.3065185546875 -438.8785400390625
v 219.8885498046875 859.0494384765625 -438.8785400390625
v 438.8801574707031 744.2781982421875 -438.8785400390625
v 451.7884216308594 686.4364013671875 -619.0966796875
v 221.31910705566406 786.8612670898438 -639.3339233398438
v 442.3040466308594 856.1040649414062 -219.8869171142578
v 438.8801574707031 744.2781982421875 -438.8785400390625
v 219.8885498046875 859.0494384765625 -438.8785400390625
v 438.8801574707031 744.2781982421875 -438.8785400390625
v 442.3040466308594 856.1040649414062 -219.8869171142578
v 639.3428955078125 590.7938232421875 -216.21742248535156
v 451.7884216308594 686.4364013671875 -619.0966796875
v 438.8801574707031 744.2781982421875 -438.8785400390625
v 632.558837890625 590.7937622070312 -431.5395812988281
v 972.6224975585938 241.3719940185547 -402.1559143066406
v 914.02294921875 271.5011901855469 -575.30029296875
v 808.11474609375 307.7743835449219 -606.8077392578125
v 1026.275146484375 211.24276733398438 -229.01150512695312
v 972.6224975585938 241.3719940185547 -402.1559143066406
v 883.7340087890625 310.2143859863281 -393.0033264160156
v 972.6224975585938 241.3719940185547 -402.1559143066406
v 1026.275146484375 211.24276733398438 -229.01150512695312
v 1162.4468994140625 215.1399383544922 -253.18524169921875
v 914.02294921875 271.5011901855469 -575.30029296875
v 972.6224975585938 241.3719940185547 -402.1559143066406
v 1069.0511474609375 260.3337707519531 -423.1293640136719
v -757.239013671875 281.5442810058594 -759.4390869140625
v -777.5841064453125 246.35121154785156 -926.78173828125
v -905.48876953125 218.9788818359375 -907.199951171875
v -800.1510620117188 281.5442810058594 -569.8031005859375
v -757.239013671875 281.5442810058594 -759.4390869140625
v -924.8565673828125 365.4874572753906 -779.5092163085938
v -757.239013671875 281.5442810058594 -759.4390869140625
v -800.1510620117188 281.5442810058594 -569.8031005859375
v -600.9788818359375 330.8052978515625 -605.6273193359375
v -777.5841064453125 246.35121154785156 -926.78173828125
v -757.239013671875 281.5442810058594 -759.4390869140625
v -567.60302734375 281.5442810058594 -808.0618896484375
v -377.9670104980469 281.54425048828125 -953.9303588867188
v -388.22113037109375 322.1983642578125 -1109.850341796875
v -582.902587890625 322.1983947753906 -972.5489501953125
v -385.35693359375 358.5145568847656 -811.757568359375
v -377.9670104980469 281.54425048828125 -953.9303588867188
v -567.60302734375 281.5442810058594 -808.0618896484375
v -377.9670104980469 281.54425048828125 -953.9303588867188
v -385.35693359375 358.5145568847656 -811.757568359375
v -192.05152893066406 358.5145263671875 -949.880615234375
v -388.22113037109375 322.1983642578125 -1109.850341796875
v -377.9670104980469 281.54425048828125 -953.9303588867188
v -188.33108520507812 281.54425048828125 -1101.679443359375
v 1.304901123046875 281.54425048828125 -1155.9434814453125
v 1.14178466796875 322.1983642578125 -1306.482421875
v -193.53970336914062 322.1983947753906 -1250.5428466796875
v 1.2539024353027344 358.5145263671875 -997.1751098632812
v 1.304901123046875 281.54425048828125 -1155.9434814453125
v -188.33108520507812 281.54425048828125 -1101.679443359375
v 1.304901123046875 281.54425048828125 -1155.9434814453125
v 1.2539024353027344 358.5145263671875 -997.1751098632812
v 224.8535614013672 353.7323913574219 -952.2310180664062
v 1.14178466796875 322.1983642578125 -1306.482421875
v 1.304901123046875 281.54425048828125 -1155.9434814453125
v 211.1370086669922 281.54425048828125 -1111.08154296875
v 461.3614501953125 281.54425048828125 -961.4522705078125
v 410.700927734375 322.1983642578125 -1123.4136962890625
v 200.87229919433594 322.1983947753906 -1267.4970703125
v 509.0415954589844 339.3860168457031 -813.6380004882812
v 461.3614501953125 281.54425048828125 -961.4522705078125
v 211.1370086669922 281.54425048828125 -1111.08154296875
v 461.3614501953125 281.54425048828125 -961.4522705078125
v 509.0415954589844 339.3860168457031 -813.6380004882812
v 808.11474609375 307.7743835449219 -606.8077392578125
v 410.700927734375 322.1983642578125 -1123.4136962890625
v 461.3614501953125 281.54425048828125 -961.4522705078125
v 691.3897094726562 281.5442810058594 -809.9423217773438
v 840.6334228515625 281.5442810058594 -759.4390869140625
v 800.0639038085938 322.1983642578125 -926.78173828125
v 615.48046875 322.1983947753906 -975.9397583007812
v 914.02294921875 271.5011901855469 -575.30029296875
v 840.6334228515625 281.5442810058594 -759.4390869140625
v 691.3897094726562 281.5442810058594 -809.9423217773438
v 840.6334228515625 281.5442810058594 -759.4390869140625
v 914.02294921875 271.5011901855469 -575.30029296875
v 987.863037109375 305.5276184082031 -593.073486328125
v 800.0639038085938 322.1983642578125 -926.78173828125
v 840.6334228515625 281.5442810058594 -759.4390869140625
v 947.3363647460938 246.3512420654297 -779.5092163085938
v -1206.7734375 140.77218627929688 838.8243408203125
v -1331.91455078125 140.7721710205078 629.00634765625
v -1460.744140625 0.000030160856113070622 689.9999389648438
v -1035.5670166015625 140.77220153808594 996.1878662109375
v -1206.7734375 140.77218627929688 838.8243408203125
v -1323.56591796875 0.0000402144760300871 920
v -1206.7734375 140.77218627929688 838.8243408203125
v -1035.5670166015625 140.77220153808594 996.1878662109375
v -962.8333129882812 218.97897338867188 905.807373046875
v -1331.91455078125 140.7721710205078 629.00634765625
v -1206.7734375 140.77218627929688 838.8243408203125
v -1053.8818359375 246.35128784179688 777.942626953125
v -838.6195068359375 140.77220153808594 1048.642333984375
v -1035.5670166015625 140.77220153808594 996.1878662109375
v -1135.8914794921875 0.00004775468914886005 1092.5
v -628.801513671875 140.77220153808594 1067.9466552734375
v -838.6195068359375 140.77220153808594 1048.642333984375
v -920 0.000050268095947103575 1150
v -838.6195068359375 140.77220153808594 1048.642333984375
v -628.801513671875 140.77220153808594 1067.9466552734375
v -587.3746948242188 343.6831359863281 947.5836791992188
v -1035.5670166015625 140.77220153808594 996.1878662109375
v -838.6195068359375 140.77220153808594 1048.642333984375
v -795.4723510742188 343.6830749511719 925.2150268554688
v -418.9835205078125 140.77220153808594 1125.8594970703125
v -628.801513671875 140.77220153808594 1067.9466552734375
v -689.9999389648438 0.000051193073886679485 1171.1611328125
v -209.16552734375 140.77220153808594 1196.709716796875
v -418.9835205078125 140.77220153808594 1125.8594970703125
v -460 0.000053968022257322446 1234.64453125
v -418.9835205078125 140.77220153808594 1125.8594970703125
v -209.16552734375 140.77220153808594 1196.709716796875
v -193.53970336914062 343.6831359863281 1092.337646484375
v -628.801513671875 140.77220153808594 1067.9466552734375
v -418.9835205078125 140.77220153808594 1125.8594970703125
v -388.22113037109375 246.351318359375 1014.689453125
v 0.6524505615234375 140.772216796875 1254.826171875
v -209.16552734375 140.77220153808594 1196.709716796875
v -230 0.000057362882216693833 1312.3096923828125
v 210.470458984375 140.772216796875 1280.700927734375
v 0.6524505615234375 140.772216796875 1254.826171875
v 0 0.000060147584008518606 1376.016357421875
v 0.6524505615234375 140.772216796875 1254.826171875
v 210.470458984375 140.772216796875 1280.700927734375
v 201.77938842773438 343.6831359863281 1160.7806396484375
v -209.16552734375 140.77220153808594 1196.709716796875
v 0.6524505615234375 140.772216796875 1254.826171875
v 1.1417884826660156 343.6830749511719 1146.3336181640625
v 420.2884216308594 140.772216796875 1254.826171875
v 210.470458984375 140.772216796875 1280.700927734375
v 230 0.00006138739991001785 1404.380126953125
v 622.5325317382812 130.7291259765625 1191.21240234375
v 420.2884216308594 140.772216796875 1254.826171875
v 460 0.000060147584008518606 1376.016357421875
v 420.2884216308594 140.772216796875 1254.826171875
v 622.5325317382812 130.7291259765625 1191.21240234375
v 612.7623291015625 228.7759552001953 1042.890380859375
v 210.470458984375 140.772216796875 1280.700927734375
v 420.2884216308594 140.772216796875 1254.826171875
v 414.3291931152344 325.456298828125 1119.7821044921875
v 809.6289672851562 100.59989929199219 1103.8707275390625
v 622.5325317382812 130.7291259765625 1191.21240234375
v 689.9999389648438 0.000057362882216693833 1312.3096923828125
v 989.3577880859375 70.47066497802734 977.0117797851562
v 809.6289672851562 100.59989929199219 1103.8707275390625
v 920 0.000053968022257322446 1234.64453125
v 809.6289672851562 100.59989929199219 1103.8707275390625
v 989.3577880859375 70.47066497802734 977.0117797851562
v 912.7343139648438 199.48452758789062 882.4660034179688
v 622.5325317382812 130.7291259765625 1191.21240234375
v 809.6289672851562 100.59989929199219 1103.8707275390625
v 771.0502319335938 176.04977416992188 949.6576538085938
v 1169.498779296875 60.427589416503906 794.8468017578125
v 989.3577880859375 70.47066497802734 977.0117797851562
v 1141.923583984375 0.00004867967436439358 1113.6611328125
v 1323.91357421875 60.42757797241211 585.02880859375
v 1169.498779296875 60.427589416503906 794.8468017578125
v 1347.6943359375 0.0000402144760300871 920
v 1169.498779296875 60.427589416503906 794.8468017578125
v 1323.91357421875 60.42757797241211 585.02880859375
v 1151.4794921875 200.07534790039062 519.4757690429688
v 989.3577880859375 70.47066497802734 977.0117797851562
v 1169.498779296875 60.427589416503906 794.8468017578125
v 1007.0401000976562 200.07534790039062 720.7000732421875
v 1426.463623046875 60.42757034301758 375.2108459472656
v 1323.91357421875 60.42757797241211 585.02880859375
v 1516.962158203125 0.000030160856113070622 689.9999389648438
v 1464.7724609375 60.42755889892578 165.39288330078125
v 1426.463623046875 60.42757034301758 375.2108459472656
v 1629.376220703125 0.00002010723801504355 460
v 1426.463623046875 60.42757034301758 375.2108459472656
v 1464.7724609375 60.42755889892578 165.39288330078125
v 1275.01806640625 125.83435821533203 127.93193054199219
v 1323.91357421875 60.42757797241211 585.02880859375
v 1426.463623046875 60.42757034301758 375.2108459472656
v 1243.2255859375 200.07534790039062 322.6134033203125
v 1426.463623046875 60.42755126953125 -44.425113677978516
v 1464.7724609375 60.42755889892578 165.39288330078125
v 1671.3697509765625 0.000010053619007521775 230
v 1331.4874267578125 70.47061157226562 -248.7458953857422
v 1426.463623046875 60.42755126953125 -44.425113677978516
v 1629.376220703125 0 0
v 1426.463623046875 60.42755126953125 -44.425113677978516
v 1331.4874267578125 70.47061157226562 -248.7458953857422
v 1162.4468994140625 215.1399383544922 -253.18524169921875
v 1464.7724609375 60.42755889892578 165.39288330078125
v 1426.463623046875 60.42755126953125 -44.425113677978516
v 1239.59716796875 125.83435821533203 -66.74956512451172
v 1199.794189453125 100.59982299804688 -442.0723571777344
v 1331.4874267578125 70.47061157226562 -248.7458953857422
v 1516.962158203125 -0.000010053619007521775 -230
v 1087.25537109375 130.7290496826172 -635.3987426757812
v 1199.794189453125 100.59982299804688 -442.0723571777344
v 1347.6943359375 -0.00002010723801504355 -460
v 1199.794189453125 100.59982299804688 -442.0723571777344
v 1087.25537109375 130.7290496826172 -635.3987426757812
v 987.863037109375 305.5276184082031 -593.073486328125
v 1331.4874267578125 70.47061157226562 -248.7458953857422
v 1199.794189453125 100.59982299804688 -442.0723571777344
v 1069.0511474609375 260.3337707519531 -423.1293640136719
v 1049.742431640625 140.77210998535156 -839.7196044921875
v 1087.25537109375 130.7290496826172 -635.3987426757812
v 1199.423583984375 -0.000030160856113070622 -689.9999389648438
v 997.2879638671875 140.77210998535156 -997.0830688476562
v 1049.742431640625 140.77210998535156 -839.7196044921875
v 1150 -0.0000402144760300871 -920
v 1049.742431640625 140.77210998535156 -839.7196044921875
v 997.2879638671875 140.77210998535156 -997.0830688476562
v 916.4947509765625 218.9788818359375 -907.199951171875
v 1087.25537109375 130.7290496826172 -635.3987426757812
v 1049.742431640625 140.77210998535156 -839.7196044921875
v 947.3363647460938 246.3512420654297 -779.5092163085938
v 839.9244384765625 140.77210998535156 -1049.53759765625
v 997.2879638671875 140.77210998535156 -997.0830688476562
v 1092.5 -0.00004775468914886005 -1092.5
v 630.1064453125 140.77210998535156 -1101.584716796875
v 839.9244384765625 140.77210998535156 -1049.53759765625
v 920 -0.000050268095947103575 -1150
v 839.9244384765625 140.77210998535156 -1049.53759765625
v 630.1064453125 140.77210998535156 -1101.584716796875
v 615.48046875 322.1983947753906 -975.9397583007812
v 997.2879638671875 140.77210998535156 -997.0830688476562
v 839.9244384765625 140.77210998535156 -1049.53759765625
v 800.0639038085938 322.1983642578125 -926.78173828125
v 420.2884216308594 140.7720947265625 -1257.7261962890625
v 630.1064453125 140.77210998535156 -1101.584716796875
v 689.9999389648438 -0.00005276198135106824 -1207.053466796875
v 210.470458984375 140.7720947265625 -1409.70654296875
v 420.2884216308594 140.7720947265625 -1257.7261962890625
v 460 -0.00006024363756296225 -1378.2138671875
v 420.2884216308594 140.7720947265625 -1257.7261962890625
v 210.470458984375 140.7720947265625 -1409.70654296875
v 200.87229919433594 322.1983947753906 -1267.4970703125
v 630.1064453125 140.77210998535156 -1101.584716796875
v 420.2884216308594 140.7720947265625 -1257.7261962890625
v 410.700927734375 322.1983642578125 -1123.4136962890625
v 0.6524505615234375 140.7720947265625 -1449.2701416015625
v 210.470458984375 140.7720947265625 -1409.70654296875
v 230 -0.00006752591434633359 -1544.8128662109375
v -209.16552734375 140.7720947265625 -1388.9005126953125
v 0.6524505615234375 140.7720947265625 -1449.2701416015625
v 0 -0.00006942164327483624 -1588.18212890625
v 0.6524505615234375 140.7720947265625 -1449.2701416015625
v -209.16552734375 140.7720947265625 -1388.9005126953125
v -193.53970336914062 322.1983947753906 -1250.5428466796875
v 210.470458984375 140.7720947265625 -1409.70654296875
v 0.6524505615234375 140.7720947265625 -1449.2701416015625
v 1.14178466796875 322.1983642578125 -1306.482421875
v -418.9835205078125 140.7720947265625 -1241.08154296875
v -209.16552734375 140.7720947265625 -1388.9005126953125
v -230 -0.00006652898446191102 -1522.005859375
v -628.801513671875 140.77210998535156 -1097.423583984375
v -418.9835205078125 140.7720947265625 -1241.08154296875
v -460 -0.00005944609802099876 -1359.9681396484375
v -418.9835205078125 140.7720947265625 -1241.08154296875
v -628.801513671875 140.77210998535156 -1097.423583984375
v -582.902587890625 322.1983947753906 -972.5489501953125
v -209.16552734375 140.7720947265625 -1388.9005126953125
v -418.9835205078125 140.7720947265625 -1241.08154296875
v -388.22113037109375 322.1983642578125 -1109.850341796875
v -838.6195068359375 140.77210998535156 -1049.53759765625
v -628.801513671875 140.77210998535156 -1097.423583984375
v -689.9999389648438 -0.000052562598284566775 -1202.4920654296875
v -995.9830322265625 140.77210998535156 -997.0830688476562
v -838.6195068359375 140.77210998535156 -1049.53759765625
v -920 -0.000050268095947103575 -1150
v -838.6195068359375 140.77210998535156 -1049.53759765625
v -995.9830322265625 140.77210998535156 -997.0830688476562
v -905.48876953125 218.9788818359375 -907.199951171875
v -628.801513671875 140.77210998535156 -1097.423583984375
v -838.6195068359375 140.77210998535156 -1049.53759765625
v -777.5841064453125 246.35121154785156 -926.78173828125
v -1048.4375 259.9083557128906 -839.7196044921875
v -995.9830322265625 140.77210998535156 -997.0830688476562
v -1092.5 -0.00004775468914886005 -1092.5
v -1088.021484375 140.77212524414062 -629.901611328125
v -1048.4375 259.9083557128906 -839.7196044921875
v -1150 -0.0000402144760300871 -920
v -1048.4375 259.9083557128906 -839.7196044921875
v -1088.021484375 140.77212524414062 -629.901611328125
v -963.368896484375 365.48748779296875 -584.8277587890625
v -995.9830322265625 140.77210998535156 -997.0830688476562
v -1048.4375 259.9083557128906 -839.7196044921875
v -924.8565673828125 365.4874572753906 -779.5092163085938
v -1206.7733154296875 140.77212524414062 -420.0836181640625
v -1088.021484375 140.77212524414062 -629.901611328125
v -1193.391357421875 -0.000030160856113070622 -689.9999389648438
v -1331.91455078125 140.7721405029297 -210.26559448242188
v -1206.7733154296875 140.77212524414062 -420.0836181640625
v -1323.56591796875 -0.00002010723801504355 -460
v -1206.7733154296875 140.77212524414062 -420.0836181640625
v -1331.91455078125 140.7721405029297 -210.26559448242188
v -1199.6488037109375 246.35128784179688 -195.4647979736328
v -1088.021484375 140.77212524414062 -629.901611328125
v -1206.7733154296875 140.77212524414062 -420.0836181640625
v -1078.905517578125 365.4874572753906 -390.1463317871094
v -1390.6666259765625 140.77215576171875 -0.4476150870323181
v -1331.91455078125 140.7721405029297 -210.26559448242188
v -1460.744140625 -0.000010053619007521775 -230
v -1403.4454345703125 140.7721710205078 209.37039184570312
v -1390.6666259765625 140.77215576171875 -0.4476150870323181
v -1525.1475830078125 0 0
v -1390.6666259765625 140.77215576171875 -0.4476150870323181
v -1403.4454345703125 140.7721710205078 209.37039184570312
v -1257.93798828125 365.4875183105469 193.8981475830078
v -1331.91455078125 140.7721405029297 -210.26559448242188
v -1390.6666259765625 140.77215576171875 -0.4476150870323181
v -1253.7808837890625 365.48748779296875 -0.7833335399627686
v -1390.6666259765625 140.7721710205078 419.1883544921875
v -1403.4454345703125 140.7721710205078 209.37039184570312
v -1539.1553955078125 0.000010053619007521775 230
v -1331.91455078125 140.7721710205078 629.00634765625
v -1390.6666259765625 140.7721710205078 419.1883544921875
v -1525.1475830078125 0.00002010723801504355 460
v -1390.6666259765625 140.7721710205078 419.1883544921875
v -1331.91455078125 140.7721710205078 629.00634765625
v -1162.113037109375 365.4875183105469 583.2611694335938
v -1403.4454345703125 140.7721710205078 209.37039184570312
v -1390.6666259765625 140.7721710205078 419.1883544921875
v -1228.757080078125 365.4875183105469 388.5796203613281
v -407.52667236328125 589.4254760742188 718.2520141601562
v -585.785888671875 589.4254760742188 587.5191650390625
v -618.6135864257812 330.80535888671875 601.356201171875
v -203.21287536621094 589.4254760742188 797.9064331054688
v -407.52667236328125 589.4254760742188 718.2520141601562
v -385.35693359375 358.51458740234375 794.462646484375
v -407.52667236328125 589.4254760742188 718.2520141601562
v -203.21287536621094 589.4254760742188 797.9064331054688
v -214.37425231933594 820.3362426757812 636.7883911132812
v -585.785888671875 589.4254760742188 587.5191650390625
v -407.52667236328125 589.4254760742188 718.2520141601562
v -429.6964111328125 820.3362426757812 616.8748168945312
v 1.1009063720703125 589.4254760742188 824.4579467773438
v -203.21287536621094 589.4254760742188 797.9064331054688
v -192.05152893066406 358.5146179199219 921.9486083984375
v 229.23915100097656 571.9476928710938 797.9064331054688
v 1.1009063720703125 589.4254760742188 824.4579467773438
v 1.2539024353027344 358.5146179199219 968.3416137695312
v 1.1009063720703125 589.4254760742188 824.4579467773438
v 229.23915100097656 571.9476928710938 797.9064331054688
v 223.08213806152344 789.3374633789062 636.7883911132812
v -203.21287536621094 589.4254760742188 797.9064331054688
v 1.1009063720703125 589.4254760742188 824.4579467773438
v 0.9479102492332458 820.3362426757812 643.4262084960938
v 505.0263366699219 519.51416015625 718.2520141601562
v 229.23915100097656 571.9476928710938 797.9064331054688
v 230.2960205078125 354.14520263671875 931.4376831054688
v 736.123779296875 465.4300231933594 587.5192260742188
v 505.0263366699219 519.51416015625 718.2520141601562
v 530.8115234375 420.14178466796875 809.0328369140625
v 505.0263366699219 519.51416015625 718.2520141601562
v 736.123779296875 465.4300231933594 587.5192260742188
v 627.2618408203125 592.9422607421875 552.611083984375
v 229.23915100097656 571.9476928710938 797.9064331054688
v 505.0263366699219 519.51416015625 718.2520141601562
v 458.840576171875 696.3408203125 616.8748168945312
v 830.1929321289062 442.9999694824219 407.7323913574219
v 736.123779296875 465.4300231933594 587.5192260742188
v 865.1887817382812 298.11090087890625 603.6299438476562
v 839.3422241210938 438.04779052734375 203.41854858398438
v 830.1929321289062 442.9999694824219 407.7323913574219
v 969.944091796875 301.82208251953125 374.7212829589844
v 830.1929321289062 442.9999694824219 407.7323913574219
v 839.3422241210938 438.04779052734375 203.41854858398438
v 674.17041015625 593.2698364257812 214.42689514160156
v 736.123779296875 465.4300231933594 587.5192260742188
v 830.1929321289062 442.9999694824219 407.7323913574219
v 663.3234252929688 600.6981201171875 429.7490539550781
v 815.6797485351562 436.3970642089844 -0.8952522873878479
v 839.3422241210938 438.04779052734375 203.41854858398438
v 979.436279296875 300.5840148925781 181.41583251953125
v 785.6285400390625 436.3970642089844 -205.2090606689453
v 815.6797485351562 436.3970642089844 -0.8952522873878479
v 948.1741943359375 300.1713562011719 -11.889610290527344
v 815.6797485351562 436.3970642089844 -0.8952522873878479
v 785.6285400390625 436.3970642089844 -205.2090606689453
v 639.3428955078125 590.7938232421875 -216.21742248535156
v 839.3422241210938 438.04779052734375 203.41854858398438
v 815.6797485351562 436.3970642089844 -0.8952522873878479
v 659.6951904296875 590.7937622070312 -0.8952703475952148
v 775.6114501953125 436.3970642089844 -409.5228271484375
v 785.6285400390625 436.3970642089844 -205.2090606689453
v 906.2445678710938 302.68212890625 -203.8207550048828
v 704.3368530273438 455.52557373046875 -589.7410888671875
v 775.6114501953125 436.3970642089844 -409.5228271484375
v 883.7340087890625 310.2143859863281 -393.0033264160156
v 775.6114501953125 436.3970642089844 -409.5228271484375
v 704.3368530273438 455.52557373046875 -589.7410888671875
v 605.5257568359375 581.9373779296875 -554.5933837890625
v 785.6285400390625 436.3970642089844 -205.2090606689453
v 775.6114501953125 436.3970642089844 -409.5228271484375
v 632.558837890625 590.7937622070312 -431.5395812988281
v 490.5130920410156 512.9111938476562 -721.76806640625
v 704.3368530273438 455.52557373046875 -589.7410888671875
v 808.11474609375 307.7743835449219 -606.8077392578125
v 225.61085510253906 570.2968139648438 -802.7166137695312
v 490.5130920410156 512.9111938476562 -721.76806640625
v 509.0415954589844 339.3860168457031 -813.6380004882812
v 490.5130920410156 512.9111938476562 -721.76806640625
v 225.61085510253906 570.2968139648438 -802.7166137695312
v 221.31910705566406 786.8612670898438 -639.3339233398438
v 704.3368530273438 455.52557373046875 -589.7410888671875
v 490.5130920410156 512.9111938476562 -721.76806640625
v 451.7884216308594 686.4364013671875 -619.0966796875
v 1.1009063720703125 589.4253540039062 -829.6994018554688
v 225.61085510253906 570.2968139648438 -802.7166137695312
v 224.8535614013672 353.7323913574219 -952.2310180664062
v -203.21287536621094 589.4253540039062 -802.7166137695312
v 1.1009063720703125 589.4253540039062 -829.6994018554688
v 1.2539024353027344 358.5145263671875 -997.1751098632812
v 1.1009063720703125 589.4253540039062 -829.6994018554688
v -203.21287536621094 589.4253540039062 -802.7166137695312
v -214.37425231933594 820.3362426757812 -639.3339233398438
v 225.61085510253906 570.2968139648438 -802.7166137695312
v 1.1009063720703125 589.4253540039062 -829.6994018554688
v 0.9479102492332458 820.3362426757812 -646.0795288085938
v -407.52667236328125 589.4253540039062 -721.76806640625
v -203.21287536621094 589.4253540039062 -802.7166137695312
v -192.05152893066406 358.5145263671875 -949.880615234375
v -585.785888671875 589.4253540039062 -589.7411499023438
v -407.52667236328125 589.4253540039062 -721.76806640625
v -385.35693359375 358.5145568847656 -811.757568359375
v -407.52667236328125 589.4253540039062 -721.76806640625
v -585.785888671875 589.4253540039062 -589.7411499023438
v -551.83984375 760.4703979492188 -554.5933837890625
v -203.21287536621094 589.4253540039062 -802.7166137695312
v -407.52667236328125 589.4253540039062 -721.76806640625
v -429.6964111328125 820.3362426757812 -619.0966796875
v -711.9359130859375 589.4254150390625 -409.5228576660156
v -585.785888671875 589.4253540039062 -589.7411499023438
v -600.9788818359375 330.8052978515625 -605.6273193359375
v -787.0074462890625 589.4254150390625 -205.2090606689453
v -711.9359130859375 589.4254150390625 -409.5228576660156
v -794.102783203125 358.5145568847656 -387.5061340332031
v -711.9359130859375 589.4254150390625 -409.5228576660156
v -787.0074462890625 589.4254150390625 -205.2090606689453
v -634.0623779296875 820.3362426757812 -216.2174530029297
v -585.785888671875 589.4253540039062 -589.7411499023438
v -711.9359130859375 589.4254150390625 -409.5228576660156
v -615.2945556640625 820.3362426757812 -431.5395812988281
v -812.0313720703125 589.4254150390625 -0.8952589631080627
v -787.0074462890625 589.4254150390625 -205.2090606689453
v -920.8480834960938 477.6507873535156 -194.20068359375
v -787.0074462890625 589.4254150390625 203.41854858398438
v -812.0313720703125 589.4254150390625 -0.8952589631080627
v -965.0216064453125 358.5145568847656 -0.895237386226654
v -812.0313720703125 589.4254150390625 -0.8952589631080627
v -787.0074462890625 589.4254150390625 203.41854858398438
v -634.0623779296875 820.3362426757812 214.42689514160156
v -787.0074462890625 589.4254150390625 -205.2090606689453
v -812.0313720703125 589.4254150390625 -0.8952589631080627
v -640.318359375 820.3362426757812 -0.8952803611755371
v -711.9359130859375 589.4254150390625 407.7323303222656
v -787.0074462890625 589.4254150390625 203.41854858398438
v -928.929443359375 358.5145568847656 192.4102020263672
v -585.785888671875 589.4254760742188 587.5191650390625
v -711.9359130859375 589.4254150390625 407.7323303222656
v -814.8783569335938 358.51458740234375 385.7156677246094
v -711.9359130859375 589.4254150390625 407.7323303222656
v -585.785888671875 589.4254760742188 587.5191650390625
v -551.83984375 760.470458984375 552.611083984375
v -787.0074462890625 589.4254150390625 203.41854858398438
v -711.9359130859375 589.4254150390625 407.7323303222656
v -615.2945556640625 820.3362426757812 429.7490539550781
vt 0.010023027658462524 0.012029528617858887
vt 0.010539829730987549 0.010671555995941162
vt 0.011997252702713013 0.01054680347442627
vt 0.010539829730987549 0.010671555995941162
vt 0.010796427726745605 0.009772777557373047
vt 0.011994093656539917 0.009576916694641113
vt 0.013153940439224243 0.009265720844268799
vt 0.013297289609909058 0.010161280632019043
vt 0.011997252702713013 0.01054680347442627
vt 0.013297289609909058 0.010161280632019043
vt 0.01326298713684082 0.011311233043670654
vt 0.011577218770980835 0.011786222457885742
vt 0.01326298713684082 0.011311233043670654
vt 0.013297289609909058 0.010161280632019043
vt 0.01441282033920288 0.009289264678955078
vt 0.013297289609909058 0.010161280632019043
vt 0.013153940439224243 0.009265720844268799
vt 0.014303475618362427 0.008617639541625977
vt 0.015514135360717773 0.008009791374206543
vt 0.015514165163040161 0.008622348308563232
vt 0.01441282033920288 0.009289264678955078
vt 0.015514165163040161 0.008622348308563232
vt 0.015556007623672485 0.009326696395874023
vt 0.014433145523071289 0.010017931461334229
vt 0.015556007623672485 0.009326696395874023
vt 0.015514165163040161 0.008622348308563232
vt 0.016667455434799194 0.008368134498596191
vt 0.015514165163040161 0.008622348308563232
vt 0.015514135360717773 0.008009791374206543
vt 0.016667485237121582 0.007766067981719971
vt 0.017822325229644775 0.007701218128204346
vt 0.01787737011909485 0.008431613445281982
vt 0.016667455434799194 0.008368134498596191
vt 0.01787737011909485 0.008431613445281982
vt 0.018003523349761963 0.009202241897583008
vt 0.016680479049682617 0.009071767330169678
vt 0.018003523349761963 0.009202241897583008
vt 0.01787737011909485 0.008431613445281982
vt 0.01945134997367859 0.008996844291687012
vt 0.01787737011909485 0.008431613445281982
vt 0.017822325229644775 0.007701218128204346
vt 0.01903599500656128 0.00801992416381836
vt 0.020398736000061035 0.008190631866455078
vt 0.021128833293914795 0.00932466983795166
vt 0.01945134997367859 0.008996844291687012
vt 0.021128833293914795 0.00932466983795166
vt 0.022106528282165527 0.010653793811798096
vt 0.019810497760772705 0.009931802749633789
vt 0.022106528282165527 0.010653793811798096
vt 0.021128833293914795 0.00932466983795166
vt 0.022222071886062622 0.009631454944610596
vt 0.021128833293914795 0.00932466983795166
vt 0.020398736000061035 0.008190631866455078
vt 0.021460682153701782 0.00852280855178833
vt 0.022338062524795532 0.008818626403808594
vt 0.023012429475784302 0.00968855619430542
vt 0.022222071886062622 0.009631454944610596
vt 0.023012429475784302 0.00968855619430542
vt 0.024038702249526978 0.010728955268859863
vt 0.02325931191444397 0.01077800989151001
vt 0.00992092490196228 0.014340817928314209
vt 0.009884655475616455 0.013207852840423584
vt 0.011222004890441895 0.013018608093261719
vt 0.009884655475616455 0.013207852840423584
vt 0.010023027658462524 0.012029528617858887
vt 0.011577218770980835 0.011786222457885742
vt 0.01326298713684082 0.011311233043670654
vt 0.012423306703567505 0.012769579887390137
vt 0.011222004890441895 0.013018608093261719
vt 0.012423306703567505 0.012769579887390137
vt 0.012023568153381348 0.013997018337249756
vt 0.010985732078552246 0.014204800128936768
vt 0.025486141443252563 0.013774096965789795
vt 0.02563050389289856 0.012434661388397217
vt 0.026819437742233276 0.01245027780532837
vt 0.02563050389289856 0.012434661388397217
vt 0.025904208421707153 0.011521399021148682
vt 0.026817232370376587 0.011251747608184814
vt 0.028159528970718384 0.011107027530670166
vt 0.02816656231880188 0.012443840503692627
vt 0.026819437742233276 0.01245027780532837
vt 0.02816656231880188 0.012443840503692627
vt 0.028208941221237183 0.013873100280761719
vt 0.026786834001541138 0.01377791166305542
vt 0.028208941221237183 0.013873100280761719
vt 0.02816656231880188 0.012443840503692627
vt 0.029493004083633423 0.012402713298797607
vt 0.02816656231880188 0.012443840503692627
vt 0.028159528970718384 0.011107027530670166
vt 0.029513031244277954 0.011062264442443848
vt 0.030901700258255005 0.011102378368377686
vt 0.030809670686721802 0.012364208698272705
vt 0.029493004083633423 0.012402713298797607
vt 0.030809670686721802 0.012364208698272705
vt 0.030776649713516235 0.013645291328430176
vt 0.029549390077590942 0.01367563009262085
vt 0.030776649713516235 0.013645291328430176
vt 0.030809670686721802 0.012364208698272705
vt 0.032294124364852905 0.012326359748840332
vt 0.030809670686721802 0.012364208698272705
vt 0.030901700258255005 0.011102378368377686
vt 0.032464176416397095 0.011212348937988281
vt 0.0336776077747345 0.011583089828491211
vt 0.03384175896644592 0.012341558933258057
vt 0.032294124364852905 0.012326359748840332
vt 0.03384175896644592 0.012341558933258057
vt 0.03393009305000305 0.013645470142364502
vt 0.03201749920845032 0.013630509376525879
vt 0.02324417233467102 0.012970805168151855
vt 0.022930413484573364 0.01187896728515625
vt 0.023934274911880493 0.011868536472320557
vt 0.022930413484573364 0.01187896728515625
vt 0.022106528282165527 0.010653793811798096
vt 0.02325931191444397 0.01077800989151001
vt 0.024038702249526978 0.010728955268859863
vt 0.024785548448562622 0.011766552925109863
vt 0.023934274911880493 0.011868536472320557
vt 0.024785548448562622 0.011766552925109863
vt 0.025328129529953003 0.01288306713104248
vt 0.024289101362228394 0.012967169284820557
vt 0.010793536901473999 0.016623377799987793
vt 0.010091722011566162 0.015449225902557373
vt 0.011080712080001831 0.01535332202911377
vt 0.010091722011566162 0.015449225902557373
vt 0.00992092490196228 0.014340817928314209
vt 0.010985732078552246 0.014204800128936768
vt 0.012023568153381348 0.013997018337249756
vt 0.012049436569213867 0.015137791633605957
vt 0.011080712080001831 0.01535332202911377
vt 0.012049436569213867 0.015137791633605957
vt 0.012926727533340454 0.016165852546691895
vt 0.012008249759674072 0.016430020332336426
vt 0.025490671396255493 0.01644200086593628
vt 0.025445014238357544 0.015111207962036133
vt 0.026780754327774048 0.015110790729522705
vt 0.025445014238357544 0.015111207962036133
vt 0.025486141443252563 0.013774096965789795
vt 0.026786834001541138 0.01377791166305542
vt 0.028208941221237183 0.013873100280761719
vt 0.028193265199661255 0.015054881572723389
vt 0.026780754327774048 0.015110790729522705
vt 0.028193265199661255 0.015054881572723389
vt 0.028054863214492798 0.01642012596130371
vt 0.02677825093269348 0.01643580198287964
vt 0.028054863214492798 0.01642012596130371
vt 0.028193265199661255 0.015054881572723389
vt 0.029389292001724243 0.015035808086395264
vt 0.028193265199661255 0.015054881572723389
vt 0.028208941221237183 0.013873100280761719
vt 0.029549390077590942 0.01367563009262085
vt 0.030776649713516235 0.013645291328430176
vt 0.03085508942604065 0.014901816844940186
vt 0.029389292001724243 0.015035808086395264
vt 0.03085508942604065 0.014901816844940186
vt 0.03056827187538147 0.016208350658416748
vt 0.029389292001724243 0.016205310821533203
vt 0.03056827187538147 0.016208350658416748
vt 0.03085508942604065 0.014901816844940186
vt 0.03233030438423157 0.014943063259124756
vt 0.03085508942604065 0.014901816844940186
vt 0.030776649713516235 0.013645291328430176
vt 0.03201749920845032 0.013630509376525879
vt 0.03393009305000305 0.013645470142364502
vt 0.033873170614242554 0.014945149421691895
vt 0.03233030438423157 0.014943063259124756
vt 0.033873170614242554 0.014945149421691895
vt 0.03376564383506775 0.016249239444732666
vt 0.03187784552574158 0.01623767614364624
vt 0.023304253816604614 0.015265464782714844
vt 0.023321598768234253 0.014115333557128906
vt 0.0243394672870636 0.01413041353225708
vt 0.023321598768234253 0.014115333557128906
vt 0.02324417233467102 0.012970805168151855
vt 0.024289101362228394 0.012967169284820557
vt 0.025328129529953003 0.01288306713104248
vt 0.025362879037857056 0.014043271541595459
vt 0.0243394672870636 0.01413041353225708
vt 0.025362879037857056 0.014043271541595459
vt 0.024993926286697388 0.015273511409759521
vt 0.02419140934944153 0.015260577201843262
vt 0.012489169836044312 0.018760085105895996
vt 0.011900752782821655 0.017626583576202393
vt 0.012809842824935913 0.017612814903259277
vt 0.011900752782821655 0.017626583576202393
vt 0.010793536901473999 0.016623377799987793
vt 0.012008249759674072 0.016430020332336426
vt 0.012926727533340454 0.016165852546691895
vt 0.013623416423797607 0.017459869384765625
vt 0.012809842824935913 0.017612814903259277
vt 0.013623416423797607 0.017459869384765625
vt 0.014755100011825562 0.01869732141494751
vt 0.013558894395828247 0.01860034465789795
vt 0.025946468114852905 0.01867920160293579
vt 0.025649935007095337 0.0177728533744812
vt 0.02682843804359436 0.01773202419281006
vt 0.025649935007095337 0.0177728533744812
vt 0.025490671396255493 0.01644200086593628
vt 0.02677825093269348 0.01643580198287964
vt 0.028054863214492798 0.01642012596130371
vt 0.028122812509536743 0.0176963210105896
vt 0.02682843804359436 0.01773202419281006
vt 0.028122812509536743 0.0176963210105896
vt 0.028207451105117798 0.019000589847564697
vt 0.026866883039474487 0.01892244815826416
vt 0.028207451105117798 0.019000589847564697
vt 0.028122812509536743 0.0176963210105896
vt 0.029435187578201294 0.01760774850845337
vt 0.028122812509536743 0.0176963210105896
vt 0.028054863214492798 0.01642012596130371
vt 0.029389292001724243 0.016205310821533203
vt 0.03056827187538147 0.016208350658416748
vt 0.030759960412979126 0.01756507158279419
vt 0.029435187578201294 0.01760774850845337
vt 0.030759960412979126 0.01756507158279419
vt 0.030923277139663696 0.01883906126022339
vt 0.029541760683059692 0.01895129680633545
vt 0.030923277139663696 0.01883906126022339
vt 0.030759960412979126 0.01756507158279419
vt 0.032226115465164185 0.01757204532623291
vt 0.030759960412979126 0.01756507158279419
vt 0.03056827187538147 0.016208350658416748
vt 0.03187784552574158 0.01623767614364624
vt 0.03376564383506775 0.016249239444732666
vt 0.03371748328208923 0.017556965351104736
vt 0.032226115465164185 0.01757204532623291
vt 0.03371748328208923 0.017556965351104736
vt 0.033608466386795044 0.01831519603729248
vt 0.03246811032295227 0.018693387508392334
vt 0.02316930890083313 0.017710626125335693
vt 0.02336600422859192 0.016374528408050537
vt 0.024021178483963013 0.016318798065185547
vt 0.02336600422859192 0.016374528408050537
vt 0.023304253816604614 0.015265464782714844
vt 0.02419140934944153 0.015260577201843262
vt 0.024993926286697388 0.015273511409759521
vt 0.024614840745925903 0.01637512445449829
vt 0.024021178483963013 0.016318798065185547
vt 0.024614840745925903 0.01637512445449829
vt 0.024318188428878784 0.017488598823547363
vt 0.02381637692451477 0.017433464527130127
vt 0.013217002153396606 0.02087944746017456
vt 0.012752294540405273 0.01988273859024048
vt 0.013882577419281006 0.019748687744140625
vt 0.012752294540405273 0.01988273859024048
vt 0.012489169836044312 0.018760085105895996
vt 0.013558894395828247 0.01860034465789795
vt 0.014755100011825562 0.01869732141494751
vt 0.015096068382263184 0.019889473915100098
vt 0.013882577419281006 0.019748687744140625
vt 0.015096068382263184 0.019889473915100098
vt 0.015194594860076904 0.02089822292327881
vt 0.013955503702163696 0.02079033851623535
vt 0.015194594860076904 0.02089822292327881
vt 0.015096068382263184 0.019889473915100098
vt 0.016355961561203003 0.020543456077575684
vt 0.015096068382263184 0.019889473915100098
vt 0.014755100011825562 0.01869732141494751
vt 0.016235053539276123 0.01961582899093628
vt 0.017471879720687866 0.020208656787872314
vt 0.017597615718841553 0.021191537380218506
vt 0.016355961561203003 0.020543456077575684
vt 0.017597615718841553 0.021191537380218506
vt 0.017693907022476196 0.022083699703216553
vt 0.01644444465637207 0.02147364616394043
vt 0.017693907022476196 0.022083699703216553
vt 0.017597615718841553 0.021191537380218506
vt 0.018742650747299194 0.021343529224395752
vt 0.017597615718841553 0.021191537380218506
vt 0.017471879720687866 0.020208656787872314
vt 0.018617093563079834 0.02032572031021118
vt 0.019879579544067383 0.019936084747314453
vt 0.01993459463119507 0.020952284336090088
vt 0.018742650747299194 0.021343529224395752
vt 0.01993459463119507 0.020952284336090088
vt 0.019979238510131836 0.021891355514526367
vt 0.018855512142181396 0.022245287895202637
vt 0.019979238510131836 0.021891355514526367
vt 0.01993459463119507 0.020952284336090088
vt 0.02131250500679016 0.019964993000030518
vt 0.01993459463119507 0.020952284336090088
vt 0.019879579544067383 0.019936084747314453
vt 0.021464765071868896 0.019018471240997314
vt 0.02316930890083313 0.017710626125335693
vt 0.02258676290512085 0.018981754779815674
vt 0.02131250500679016 0.019964993000030518
vt 0.02258676290512085 0.018981754779815674
vt 0.022239089012145996 0.020016968250274658
vt 0.021120399236679077 0.020957589149475098
vt 0.022239089012145996 0.020016968250274658
vt 0.02258676290512085 0.018981754779815674
vt 0.023463398218154907 0.018613100051879883
vt 0.02258676290512085 0.018981754779815674
vt 0.02316930890083313 0.017710626125335693
vt 0.02381637692451477 0.017433464527130127
vt 0.024318188428878784 0.017488598823547363
vt 0.024139076471328735 0.01865208148956299
vt 0.023463398218154907 0.018613100051879883
vt 0.024139076471328735 0.01865208148956299
vt 0.02413526177406311 0.019418716430664062
vt 0.02327457070350647 0.019646823406219482
vt 0.013866126537322998 0.02751922607421875
vt 0.012395292520523071 0.02698361873626709
vt 0.012845784425735474 0.025908708572387695
vt 0.012395292520523071 0.02698361873626709
vt 0.0111294686794281 0.026196181774139404
vt 0.011699557304382324 0.02518784999847412
vt 0.012172669172286987 0.024521231651306152
vt 0.013063579797744751 0.024791300296783447
vt 0.012845784425735474 0.025908708572387695
vt 0.013063579797744751 0.024791300296783447
vt 0.014534026384353638 0.024733006954193115
vt 0.01420697569847107 0.026384711265563965
vt 0.009884655475616455 0.03116130828857422
vt 0.0111655592918396 0.031035304069519043
vt 0.01158192753791809 0.03206843137741089
vt 0.0111655592918396 0.031035304069519043
vt 0.012494057416915894 0.03102409839630127
vt 0.012810766696929932 0.032042503356933594
vt 0.013014674186706543 0.03341257572174072
vt 0.011809289455413818 0.033451616764068604
vt 0.01158192753791809 0.03206843137741089
vt 0.011809289455413818 0.033451616764068604
vt 0.010736614465713501 0.032906413078308105
vt 0.010402292013168335 0.032176971435546875
vt 0.012494057416915894 0.03102409839630127
vt 0.013853073120117188 0.030840039253234863
vt 0.01405993103981018 0.03187155723571777
vt 0.013853073120117188 0.030840039253234863
vt 0.015227556228637695 0.030585765838623047
vt 0.015333175659179688 0.031645894050598145
vt 0.01549530029296875 0.03296917676925659
vt 0.014180034399032593 0.032765865325927734
vt 0.01405993103981018 0.03187155723571777
vt 0.014180034399032593 0.032765865325927734
vt 0.013014674186706543 0.03341257572174072
vt 0.012810766696929932 0.032042503356933594
vt 0.015227556228637695 0.030585765838623047
vt 0.0165860652923584 0.030355453491210938
vt 0.016592442989349365 0.03143513202667236
vt 0.0165860652923584 0.030355453491210938
vt 0.017918050289154053 0.030232667922973633
vt 0.017828166484832764 0.03132748603820801
vt 0.01780116558074951 0.032698750495910645
vt 0.016643255949020386 0.03277170658111572
vt 0.016592442989349365 0.03143513202667236
vt 0.016643255949020386 0.03277170658111572
vt 0.01549530029296875 0.03296917676925659
vt 0.015333175659179688 0.031645894050598145
vt 0.017918050289154053 0.030232667922973633
vt 0.019257813692092896 0.03029930591583252
vt 0.019068032503128052 0.031391263008117676
vt 0.019257813692092896 0.03029930591583252
vt 0.020632445812225342 0.030478298664093018
vt 0.02030918002128601 0.03154778480529785
vt 0.020406454801559448 0.032587409019470215
vt 0.019056379795074463 0.032725989818573
vt 0.019068032503128052 0.031391263008117676
vt 0.019056379795074463 0.032725989818573
vt 0.01780116558074951 0.032698750495910645
vt 0.017828166484832764 0.03132748603820801
vt 0.020632445812225342 0.030478298664093018
vt 0.022035568952560425 0.03066498041152954
vt 0.02153068780899048 0.03171473741531372
vt 0.022035568952560425 0.03066498041152954
vt 0.023465245962142944 0.031035125255584717
vt 0.02277657389640808 0.032096922397613525
vt 0.022381961345672607 0.033054471015930176
vt 0.021508634090423584 0.03274720907211304
vt 0.02153068780899048 0.03171473741531372
vt 0.021508634090423584 0.03274720907211304
vt 0.020406454801559448 0.032587409019470215
vt 0.02030918002128601 0.03154778480529785
vt 0.022581934928894043 0.029851555824279785
vt 0.02376464009284973 0.028719305992126465
vt 0.02447560429573059 0.029823780059814453
vt 0.02376464009284973 0.028719305992126465
vt 0.025132209062576294 0.027785897254943848
vt 0.02574339509010315 0.02896827459335327
vt 0.026232093572616577 0.030232906341552734
vt 0.025029689073562622 0.031023502349853516
vt 0.02447560429573059 0.029823780059814453
vt 0.025029689073562622 0.031023502349853516
vt 0.0240878164768219 0.03156626224517822
vt 0.0233706533908844 0.03082740306854248
vt 0.025132209062576294 0.027785897254943848
vt 0.026473790407180786 0.027146995067596436
vt 0.026999562978744507 0.028384923934936523
vt 0.026473790407180786 0.027146995067596436
vt 0.027799397706985474 0.026871681213378906
vt 0.02822926640510559 0.028105735778808594
vt 0.02851155400276184 0.029256582260131836
vt 0.027385085821151733 0.029719114303588867
vt 0.026999562978744507 0.028384923934936523
vt 0.027385085821151733 0.029719114303588867
vt 0.026232093572616577 0.030232906341552734
vt 0.02574339509010315 0.02896827459335327
vt 0.027799397706985474 0.026871681213378906
vt 0.02914026379585266 0.027041614055633545
vt 0.02946344017982483 0.028253793716430664
vt 0.02914026379585266 0.027041614055633545
vt 0.030517011880874634 0.02758502960205078
vt 0.030697613954544067 0.028739333152770996
vt 0.030744463205337524 0.03004300594329834
vt 0.0296461284160614 0.02939397096633911
vt 0.02946344017982483 0.028253793716430664
vt 0.0296461284160614 0.02939397096633911
vt 0.02851155400276184 0.029256582260131836
vt 0.02822926640510559 0.028105735778808594
vt 0.030517011880874634 0.02758502960205078
vt 0.031962841749191284 0.028401494026184082
vt 0.03189411759376526 0.02943974733352661
vt 0.031962841749191284 0.028401494026184082
vt 0.03339710831642151 0.029065191745758057
vt 0.03304973244667053 0.030048251152038574
vt 0.03270652890205383 0.03118288516998291
vt 0.031733542680740356 0.030630052089691162
vt 0.03189411759376526 0.02943974733352661
vt 0.031733542680740356 0.030630052089691162
vt 0.030744463205337524 0.03004300594329834
vt 0.030697613954544067 0.028739333152770996
vt 0.03339710831642151 0.029065191745758057
vt 0.034734874963760376 0.02929997444152832
vt 0.03422608971595764 0.03027355670928955
vt 0.034734874963760376 0.02929997444152832
vt 0.03575274348258972 0.0295565128326416
vt 0.03515318036079407 0.030508577823638916
vt 0.0346321165561676 0.03115689754486084
vt 0.03385797142982483 0.0311129093170166
vt 0.03422608971595764 0.03027355670928955
vt 0.03385797142982483 0.0311129093170166
vt 0.03270652890205383 0.03118288516998291
vt 0.03304973244667053 0.030048251152038574
vt 0.024670809507369995 0.023104190826416016
vt 0.023632198572158813 0.023304462432861328
vt 0.023168474435806274 0.022289931774139404
vt 0.023632198572158813 0.023304462432861328
vt 0.022273004055023193 0.023511648178100586
vt 0.02192455530166626 0.022497177124023438
vt 0.021791696548461914 0.021227657794952393
vt 0.022877007722854614 0.021020948886871338
vt 0.023168474435806274 0.022289931774139404
vt 0.022877007722854614 0.021020948886871338
vt 0.023707836866378784 0.021387875080108643
vt 0.024123042821884155 0.02211153507232666
vt 0.022273004055023193 0.023511648178100586
vt 0.020750075578689575 0.024169981479644775
vt 0.02053651213645935 0.023093461990356445
vt 0.020750075578689575 0.024169981479644775
vt 0.01923733949661255 0.02482086420059204
vt 0.019139915704727173 0.023680806159973145
vt 0.019066423177719116 0.02233344316482544
vt 0.02043810486793518 0.021784543991088867
vt 0.02053651213645935 0.023093461990356445
vt 0.02043810486793518 0.021784543991088867
vt 0.021791696548461914 0.021227657794952393
vt 0.02192455530166626 0.022497177124023438
vt 0.01923733949661255 0.02482086420059204
vt 0.017888665199279785 0.02498835325241089
vt 0.017891228199005127 0.023829102516174316
vt 0.017888665199279785 0.02498835325241089
vt 0.0165233314037323 0.024730563163757324
vt 0.01662755012512207 0.02359950542449951
vt 0.016741126775741577 0.02226918935775757
vt 0.017896026372909546 0.02248162031173706
vt 0.017891228199005127 0.023829102516174316
vt 0.017896026372909546 0.02248162031173706
vt 0.019066423177719116 0.02233344316482544
vt 0.019139915704727173 0.023680806159973145
vt 0.0165233314037323 0.024730563163757324
vt 0.015017777681350708 0.02410125732421875
vt 0.015241056680679321 0.023029208183288574
vt 0.015017777681350708 0.02410125732421875
vt 0.013517498970031738 0.02349984645843506
vt 0.013869822025299072 0.022479236125946045
vt 0.014176636934280396 0.021209895610809326
vt 0.01545417308807373 0.021734535694122314
vt 0.015241056680679321 0.023029208183288574
vt 0.01545417308807373 0.021734535694122314
vt 0.016741126775741577 0.02226918935775757
vt 0.01662755012512207 0.02359950542449951
vt 0.013517498970031738 0.02349984645843506
vt 0.012162178754806519 0.02331441640853882
vt 0.012633562088012695 0.022313356399536133
vt 0.012162178754806519 0.02331441640853882
vt 0.0111294686794281 0.023104190826416016
vt 0.011692821979522705 0.022120773792266846
vt 0.012180507183074951 0.021403133869171143
vt 0.012946456670761108 0.021361827850341797
vt 0.012633562088012695 0.022313356399536133
vt 0.012946456670761108 0.021361827850341797
vt 0.014176636934280396 0.021209895610809326
vt 0.013869822025299072 0.022479236125946045
vt 0.024654299020767212 0.026464760303497314
vt 0.023596853017807007 0.026599884033203125
vt 0.023098021745681763 0.02505546808242798
vt 0.023596853017807007 0.026599884033203125
vt 0.022250086069107056 0.026736021041870117
vt 0.02193775773048401 0.025724172592163086
vt 0.021708965301513672 0.024240493774414062
vt 0.02285870909690857 0.024133026599884033
vt 0.023098021745681763 0.02505546808242798
vt 0.02285870909690857 0.024133026599884033
vt 0.023875325918197632 0.024603545665740967
vt 0.024167031049728394 0.02542698383331299
vt 0.022250086069107056 0.026736021041870117
vt 0.02078402042388916 0.027168452739715576
vt 0.020604223012924194 0.026095271110534668
vt 0.02078402042388916 0.027168452739715576
vt 0.019299685955047607 0.027636170387268066
vt 0.01924869418144226 0.02652454376220703
vt 0.01926693320274353 0.025538623332977295
vt 0.020429372787475586 0.02458322048187256
vt 0.020604223012924194 0.026095271110534668
vt 0.020429372787475586 0.02458322048187256
vt 0.021708965301513672 0.024240493774414062
vt 0.02193775773048401 0.025724172592163086
vt 0.019299685955047607 0.027636170387268066
vt 0.017924070358276367 0.027822136878967285
vt 0.017971038818359375 0.026676297187805176
vt 0.017924070358276367 0.027822136878967285
vt 0.016580015420913696 0.027841389179229736
vt 0.016722261905670166 0.02669501304626465
vt 0.016840338706970215 0.025125741958618164
vt 0.01797124743461609 0.02512270212173462
vt 0.017971038818359375 0.026676297187805176
vt 0.01797124743461609 0.02512270212173462
vt 0.01926693320274353 0.025538623332977295
vt 0.01924869418144226 0.02652454376220703
vt 0.016580015420913696 0.027841389179229736
vt 0.015239059925079346 0.027771413326263428
vt 0.015479832887649536 0.02662670612335205
vt 0.015239059925079346 0.027771413326263428
vt 0.013866126537322998 0.02751922607421875
vt 0.01420697569847107 0.026384711265563965
vt 0.014534026384353638 0.024733006954193115
vt 0.01569989323616028 0.025006353855133057
vt 0.015479832887649536 0.02662670612335205
vt 0.01569989323616028 0.025006353855133057
vt 0.016840338706970215 0.025125741958618164
vt 0.016722261905670166 0.02669501304626465
vt 0.023577839136123657 0.008700728416442871
vt 0.025299757719039917 0.008304238319396973
vt 0.025362521409988403 0.009723067283630371
vt 0.025299757719039917 0.008304238319396973
vt 0.02658131718635559 0.007890403270721436
vt 0.02659788727760315 0.00941401720046997
vt 0.026599079370498657 0.011048555374145508
vt 0.025351911783218384 0.011194825172424316
vt 0.025362521409988403 0.009723067283630371
vt 0.025351911783218384 0.011194825172424316
vt 0.024485260248184204 0.011083424091339111
vt 0.02413693070411682 0.010110974311828613
vt 0.02658131718635559 0.007890403270721436
vt 0.02772262692451477 0.007701218128204346
vt 0.02778199315071106 0.009276270866394043
vt 0.02772262692451477 0.007701218128204346
vt 0.029072672128677368 0.007744908332824707
vt 0.029114335775375366 0.009230077266693115
vt 0.0291425883769989 0.010802268981933594
vt 0.027848154306411743 0.010974764823913574
vt 0.02778199315071106 0.009276270866394043
vt 0.027848154306411743 0.010974764823913574
vt 0.026599079370498657 0.011048555374145508
vt 0.02659788727760315 0.00941401720046997
vt 0.029072672128677368 0.007744908332824707
vt 0.030890733003616333 0.008388757705688477
vt 0.030816584825515747 0.009184539318084717
vt 0.030890733003616333 0.008388757705688477
vt 0.03327980637550354 0.00848698616027832
vt 0.032390743494033813 0.00934135913848877
vt 0.03172740340232849 0.01007986068725586
vt 0.03055909276008606 0.010378420352935791
vt 0.030816584825515747 0.009184539318084717
vt 0.03055909276008606 0.010378420352935791
vt 0.0291425883769989 0.010802268981933594
vt 0.029114335775375366 0.009230077266693115
vt 0.011253952980041504 0.028408050537109375
vt 0.012620687484741211 0.027883946895599365
vt 0.012530922889709473 0.029049575328826904
vt 0.012620687484741211 0.027883946895599365
vt 0.013736933469772339 0.027743041515350342
vt 0.013707011938095093 0.028890132904052734
vt 0.013754963874816895 0.030208110809326172
vt 0.01251336932182312 0.030388176441192627
vt 0.012530922889709473 0.029049575328826904
vt 0.01251336932182312 0.030388176441192627
vt 0.011789411306381226 0.030567467212677002
vt 0.011490970849990845 0.0296175479888916
vt 0.013736933469772339 0.027743041515350342
vt 0.01487499475479126 0.027775108814239502
vt 0.014902323484420776 0.028881549835205078
vt 0.01487499475479126 0.027775108814239502
vt 0.016013890504837036 0.027862608432769775
vt 0.01610305905342102 0.028905868530273438
vt 0.016265660524368286 0.03013378381729126
vt 0.015008419752120972 0.030153214931488037
vt 0.014902323484420776 0.028881549835205078
vt 0.015008419752120972 0.030153214931488037
vt 0.013754963874816895 0.030208110809326172
vt 0.013707011938095093 0.028890132904052734
vt 0.016013890504837036 0.027862608432769775
vt 0.017121553421020508 0.027896761894226074
vt 0.01729041337966919 0.02885204553604126
vt 0.017121553421020508 0.027896761894226074
vt 0.018428683280944824 0.02806985378265381
vt 0.018388569355010986 0.029123663902282715
vt 0.01825055480003357 0.030068516731262207
vt 0.01751631498336792 0.030060529708862305
vt 0.01729041337966919 0.02885204553604126
vt 0.01751631498336792 0.030060529708862305
vt 0.016265660524368286 0.03013378381729126
vt 0.01610305905342102 0.028905868530273438
vt 0.03376850485801697 0.025533854961395264
vt 0.031717389822006226 0.026084423065185547
vt 0.03154757618904114 0.024951636791229248
vt 0.031717389822006226 0.026084423065185547
vt 0.02992454171180725 0.02649974822998047
vt 0.0299089252948761 0.024972081184387207
vt 0.029878050088882446 0.02339726686477661
vt 0.031292468309402466 0.023787617683410645
vt 0.03154757618904114 0.024951636791229248
vt 0.031292468309402466 0.023787617683410645
vt 0.032407552003860474 0.02405261993408203
vt 0.033034056425094604 0.024776220321655273
vt 0.02992454171180725 0.02649974822998047
vt 0.028606146574020386 0.026641845703125
vt 0.02859225869178772 0.02498471736907959
vt 0.028606146574020386 0.026641845703125
vt 0.027458935976028442 0.0264892578125
vt 0.027395516633987427 0.024893522262573242
vt 0.0273381769657135 0.023245811462402344
vt 0.02858796715736389 0.02327173948287964
vt 0.02859225869178772 0.02498471736907959
vt 0.02858796715736389 0.02327173948287964
vt 0.029878050088882446 0.02339726686477661
vt 0.0299089252948761 0.024972081184387207
vt 0.027458935976028442 0.0264892578125
vt 0.026145488023757935 0.026067376136779785
vt 0.0261400043964386 0.024616539478302002
vt 0.026145488023757935 0.026067376136779785
vt 0.024449199438095093 0.025686144828796387
vt 0.024898797273635864 0.02424842119216919
vt 0.0252244770526886 0.02326875925064087
vt 0.026087850332260132 0.023137211799621582
vt 0.0261400043964386 0.024616539478302002
vt 0.026087850332260132 0.023137211799621582
vt 0.0273381769657135 0.023245811462402344
vt 0.027395516633987427 0.024893522262573242
vt 0.03234568238258362 0.02189195156097412
vt 0.030712515115737915 0.02227228879928589
vt 0.030654579401016235 0.02085012197494507
vt 0.030712515115737915 0.02227228879928589
vt 0.02922108769416809 0.02216857671737671
vt 0.02938738465309143 0.021147549152374268
vt 0.029437869787216187 0.01950591802597046
vt 0.030678659677505493 0.019386231899261475
vt 0.030654579401016235 0.02085012197494507
vt 0.030678659677505493 0.019386231899261475
vt 0.0315379798412323 0.019512712955474854
vt 0.03187897801399231 0.02047872543334961
vt 0.02922108769416809 0.02216857671737671
vt 0.028044670820236206 0.022795379161834717
vt 0.028153985738754272 0.021180689334869385
vt 0.028044670820236206 0.022795379161834717
vt 0.026928037405014038 0.022610604763031006
vt 0.0269564688205719 0.02103954553604126
vt 0.026972085237503052 0.019434452056884766
vt 0.02820912003517151 0.019510924816131592
vt 0.028153985738754272 0.021180689334869385
vt 0.02820912003517151 0.019510924816131592
vt 0.029437869787216187 0.01950591802597046
vt 0.02938738465309143 0.021147549152374268
vt 0.026928037405014038 0.022610604763031006
vt 0.025702208280563354 0.022204816341400146
vt 0.02572426199913025 0.020735323429107666
vt 0.025702208280563354 0.022204816341400146
vt 0.02407577633857727 0.02177107334136963
vt 0.02451464533805847 0.020335733890533447
vt 0.02487972378730774 0.019380688667297363
vt 0.025739461183547974 0.01927816867828369
vt 0.02572426199913025 0.020735323429107666
vt 0.025739461183547974 0.01927816867828369
vt 0.026972085237503052 0.019434452056884766
vt 0.0269564688205719 0.02103954553604126
vt 0.011997252702713013 0.01054680347442627
vt 0.011577218770980835 0.011786222457885742
vt 0.010023027658462524 0.012029528617858887
vt 0.011994093656539917 0.009576916694641113
vt 0.011997252702713013 0.01054680347442627
vt 0.010539829730987549 0.010671555995941162
vt 0.011997252702713013 0.01054680347442627
vt 0.011994093656539917 0.009576916694641113
vt 0.013153940439224243 0.009265720844268799
vt 0.011577218770980835 0.011786222457885742
vt 0.011997252702713013 0.01054680347442627
vt 0.013297289609909058 0.010161280632019043
vt 0.01441282033920288 0.009289264678955078
vt 0.014433145523071289 0.010017931461334229
vt 0.01326298713684082 0.011311233043670654
vt 0.014303475618362427 0.008617639541625977
vt 0.01441282033920288 0.009289264678955078
vt 0.013297289609909058 0.010161280632019043
vt 0.01441282033920288 0.009289264678955078
vt 0.014303475618362427 0.008617639541625977
vt 0.015514135360717773 0.008009791374206543
vt 0.014433145523071289 0.010017931461334229
vt 0.01441282033920288 0.009289264678955078
vt 0.015514165163040161 0.008622348308563232
vt 0.016667455434799194 0.008368134498596191
vt 0.016680479049682617 0.009071767330169678
vt 0.015556007623672485 0.009326696395874023
vt 0.016667485237121582 0.007766067981719971
vt 0.016667455434799194 0.008368134498596191
vt 0.015514165163040161 0.008622348308563232
vt 0.016667455434799194 0.008368134498596191
vt 0.016667485237121582 0.007766067981719971
vt 0.017822325229644775 0.007701218128204346
vt 0.016680479049682617 0.009071767330169678
vt 0.016667455434799194 0.008368134498596191
vt 0.01787737011909485 0.008431613445281982
vt 0.01945134997367859 0.008996844291687012
vt 0.019810497760772705 0.009931802749633789
vt 0.018003523349761963 0.009202241897583008
vt 0.01903599500656128 0.00801992416381836
vt 0.01945134997367859 0.008996844291687012
vt 0.01787737011909485 0.008431613445281982
vt 0.01945134997367859 0.008996844291687012
vt 0.01903599500656128 0.00801992416381836
vt 0.020398736000061035 0.008190631866455078
vt 0.019810497760772705 0.009931802749633789
vt 0.01945134997367859 0.008996844291687012
vt 0.021128833293914795 0.00932466983795166
vt 0.022222071886062622 0.009631454944610596
vt 0.02325931191444397 0.01077800989151001
vt 0.022106528282165527 0.010653793811798096
vt 0.021460682153701782 0.00852280855178833
vt 0.022222071886062622 0.009631454944610596
vt 0.021128833293914795 0.00932466983795166
vt 0.022222071886062622 0.009631454944610596
vt 0.021460682153701782 0.00852280855178833
vt 0.022338062524795532 0.008818626403808594
vt 0.02325931191444397 0.01077800989151001
vt 0.022222071886062622 0.009631454944610596
vt 0.023012429475784302 0.00968855619430542
vt 0.011222004890441895 0.013018608093261719
vt 0.010985732078552246 0.014204800128936768
vt 0.00992092490196228 0.014340817928314209
vt 0.011577218770980835 0.011786222457885742
vt 0.011222004890441895 0.013018608093261719
vt 0.009884655475616455 0.013207852840423584
vt 0.011222004890441895 0.013018608093261719
vt 0.011577218770980835 0.011786222457885742
vt 0.01326298713684082 0.011311233043670654
vt 0.010985732078552246 0.014204800128936768
vt 0.011222004890441895 0.013018608093261719
vt 0.012423306703567505 0.012769579887390137
vt 0.026819437742233276 0.01245027780532837
vt 0.026786834001541138 0.01377791166305542
vt 0.025486141443252563 0.013774096965789795
vt 0.026817232370376587 0.011251747608184814
vt 0.026819437742233276 0.01245027780532837
vt 0.02563050389289856 0.012434661388397217
vt 0.026819437742233276 0.01245027780532837
vt 0.026817232370376587 0.011251747608184814
vt 0.028159528970718384 0.011107027530670166
vt 0.026786834001541138 0.01377791166305542
vt 0.026819437742233276 0.01245027780532837
vt 0.02816656231880188 0.012443840503692627
vt 0.029493004083633423 0.012402713298797607
vt 0.029549390077590942 0.01367563009262085
vt 0.028208941221237183 0.013873100280761719
vt 0.029513031244277954 0.011062264442443848
vt 0.029493004083633423 0.012402713298797607
vt 0.02816656231880188 0.012443840503692627
vt 0.029493004083633423 0.012402713298797607
vt 0.029513031244277954 0.011062264442443848
vt 0.030901700258255005 0.011102378368377686
vt 0.029549390077590942 0.01367563009262085
vt 0.029493004083633423 0.012402713298797607
vt 0.030809670686721802 0.012364208698272705
vt 0.032294124364852905 0.012326359748840332
vt 0.03201749920845032 0.013630509376525879
vt 0.030776649713516235 0.013645291328430176
vt 0.032464176416397095 0.011212348937988281
vt 0.032294124364852905 0.012326359748840332
vt 0.030809670686721802 0.012364208698272705
vt 0.032294124364852905 0.012326359748840332
vt 0.032464176416397095 0.011212348937988281
vt 0.0336776077747345 0.011583089828491211
vt 0.03201749920845032 0.013630509376525879
vt 0.032294124364852905 0.012326359748840332
vt 0.03384175896644592 0.012341558933258057
vt 0.023934274911880493 0.011868536472320557
vt 0.024289101362228394 0.012967169284820557
vt 0.02324417233467102 0.012970805168151855
vt 0.02325931191444397 0.01077800989151001
vt 0.023934274911880493 0.011868536472320557
vt 0.022930413484573364 0.01187896728515625
vt 0.023934274911880493 0.011868536472320557
vt 0.02325931191444397 0.01077800989151001
vt 0.024038702249526978 0.010728955268859863
vt 0.024289101362228394 0.012967169284820557
vt 0.023934274911880493 0.011868536472320557
vt 0.024785548448562622 0.011766552925109863
vt 0.011080712080001831 0.01535332202911377
vt 0.012008249759674072 0.016430020332336426
vt 0.010793536901473999 0.016623377799987793
vt 0.010985732078552246 0.014204800128936768
vt 0.011080712080001831 0.01535332202911377
vt 0.010091722011566162 0.015449225902557373
vt 0.011080712080001831 0.01535332202911377
vt 0.010985732078552246 0.014204800128936768
vt 0.012023568153381348 0.013997018337249756
vt 0.012008249759674072 0.016430020332336426
vt 0.011080712080001831 0.01535332202911377
vt 0.012049436569213867 0.015137791633605957
vt 0.026780754327774048 0.015110790729522705
vt 0.02677825093269348 0.01643580198287964
vt 0.025490671396255493 0.01644200086593628
vt 0.026786834001541138 0.01377791166305542
vt 0.026780754327774048 0.015110790729522705
vt 0.025445014238357544 0.015111207962036133
vt 0.026780754327774048 0.015110790729522705
vt 0.026786834001541138 0.01377791166305542
vt 0.028208941221237183 0.013873100280761719
vt 0.02677825093269348 0.01643580198287964
vt 0.026780754327774048 0.015110790729522705
vt 0.028193265199661255 0.015054881572723389
vt 0.029389292001724243 0.015035808086395264
vt 0.029389292001724243 0.016205310821533203
vt 0.028054863214492798 0.01642012596130371
vt 0.029549390077590942 0.01367563009262085
vt 0.029389292001724243 0.015035808086395264
vt 0.028193265199661255 0.015054881572723389
vt 0.029389292001724243 0.015035808086395264
vt 0.029549390077590942 0.01367563009262085
vt 0.030776649713516235 0.013645291328430176
vt 0.029389292001724243 0.016205310821533203
vt 0.029389292001724243 0.015035808086395264
vt 0.03085508942604065 0.014901816844940186
vt 0.03233030438423157 0.014943063259124756
vt 0.03187784552574158 0.01623767614364624
vt 0.03056827187538147 0.016208350658416748
vt 0.03201749920845032 0.013630509376525879
vt 0.03233030438423157 0.014943063259124756
vt 0.03085508942604065 0.014901816844940186
vt 0.03233030438423157 0.014943063259124756
vt 0.03201749920845032 0.013630509376525879
vt 0.03393009305000305 0.013645470142364502
vt 0.03187784552574158 0.01623767614364624
vt 0.03233030438423157 0.014943063259124756
vt 0.033873170614242554 0.014945149421691895
vt 0.0243394672870636 0.01413041353225708
vt 0.02419140934944153 0.015260577201843262
vt 0.023304253816604614 0.015265464782714844
vt 0.024289101362228394 0.012967169284820557
vt 0.0243394672870636 0.01413041353225708
vt 0.023321598768234253 0.014115333557128906
vt 0.0243394672870636 0.01413041353225708
vt 0.024289101362228394 0.012967169284820557
vt 0.025328129529953003 0.01288306713104248
vt 0.02419140934944153 0.015260577201843262
vt 0.0243394672870636 0.01413041353225708
vt 0.025362879037857056 0.014043271541595459
vt 0.012809842824935913 0.017612814903259277
vt 0.013558894395828247 0.01860034465789795
vt 0.012489169836044312 0.018760085105895996
vt 0.012008249759674072 0.016430020332336426
vt 0.012809842824935913 0.017612814903259277
vt 0.011900752782821655 0.017626583576202393
vt 0.012809842824935913 0.017612814903259277
vt 0.012008249759674072 0.016430020332336426
vt 0.012926727533340454 0.016165852546691895
vt 0.013558894395828247 0.01860034465789795
vt 0.012809842824935913 0.017612814903259277
vt 0.013623416423797607 0.017459869384765625
vt 0.02682843804359436 0.01773202419281006
vt 0.026866883039474487 0.01892244815826416
vt 0.025946468114852905 0.01867920160293579
vt 0.02677825093269348 0.01643580198287964
vt 0.02682843804359436 0.01773202419281006
vt 0.025649935007095337 0.0177728533744812
vt 0.02682843804359436 0.01773202419281006
vt 0.02677825093269348 0.01643580198287964
vt 0.028054863214492798 0.01642012596130371
vt 0.026866883039474487 0.01892244815826416
vt 0.02682843804359436 0.01773202419281006
vt 0.028122812509536743 0.0176963210105896
vt 0.029435187578201294 0.01760774850845337
vt 0.029541760683059692 0.01895129680633545
vt 0.028207451105117798 0.019000589847564697
vt 0.029389292001724243 0.016205310821533203
vt 0.029435187578201294 0.01760774850845337
vt 0.028122812509536743 0.0176963210105896
vt 0.029435187578201294 0.01760774850845337
vt 0.029389292001724243 0.016205310821533203
vt 0.03056827187538147 0.016208350658416748
vt 0.029541760683059692 0.01895129680633545
vt 0.029435187578201294 0.01760774850845337
vt 0.030759960412979126 0.01756507158279419
vt 0.032226115465164185 0.01757204532623291
vt 0.03246811032295227 0.018693387508392334
vt 0.030923277139663696 0.01883906126022339
vt 0.03187784552574158 0.01623767614364624
vt 0.032226115465164185 0.01757204532623291
vt 0.030759960412979126 0.01756507158279419
vt 0.032226115465164185 0.01757204532623291
vt 0.03187784552574158 0.01623767614364624
vt 0.03376564383506775 0.016249239444732666
vt 0.03246811032295227 0.018693387508392334
vt 0.032226115465164185 0.01757204532623291
vt 0.03371748328208923 0.017556965351104736
vt 0.024021178483963013 0.016318798065185547
vt 0.02381637692451477 0.017433464527130127
vt 0.02316930890083313 0.017710626125335693
vt 0.02419140934944153 0.015260577201843262
vt 0.024021178483963013 0.016318798065185547
vt 0.02336600422859192 0.016374528408050537
vt 0.024021178483963013 0.016318798065185547
vt 0.02419140934944153 0.015260577201843262
vt 0.024993926286697388 0.015273511409759521
vt 0.02381637692451477 0.017433464527130127
vt 0.024021178483963013 0.016318798065185547
vt 0.024614840745925903 0.01637512445449829
vt 0.013882577419281006 0.019748687744140625
vt 0.013955503702163696 0.02079033851623535
vt 0.013217002153396606 0.02087944746017456
vt 0.013558894395828247 0.01860034465789795
vt 0.013882577419281006 0.019748687744140625
vt 0.012752294540405273 0.01988273859024048
vt 0.013882577419281006 0.019748687744140625
vt 0.013558894395828247 0.01860034465789795
vt 0.014755100011825562 0.01869732141494751
vt 0.013955503702163696 0.02079033851623535
vt 0.013882577419281006 0.019748687744140625
vt 0.015096068382263184 0.019889473915100098
vt 0.016355961561203003 0.020543456077575684
vt 0.01644444465637207 0.02147364616394043
vt 0.015194594860076904 0.02089822292327881
vt 0.016235053539276123 0.01961582899093628
vt 0.016355961561203003 0.020543456077575684
vt 0.015096068382263184 0.019889473915100098
vt 0.016355961561203003 0.020543456077575684
vt 0.016235053539276123 0.01961582899093628
vt 0.017471879720687866 0.020208656787872314
vt 0.01644444465637207 0.02147364616394043
vt 0.016355961561203003 0.020543456077575684
vt 0.017597615718841553 0.021191537380218506
vt 0.018742650747299194 0.021343529224395752
vt 0.018855512142181396 0.022245287895202637
vt 0.017693907022476196 0.022083699703216553
vt 0.018617093563079834 0.02032572031021118
vt 0.018742650747299194 0.021343529224395752
vt 0.017597615718841553 0.021191537380218506
vt 0.018742650747299194 0.021343529224395752
vt 0.018617093563079834 0.02032572031021118
vt 0.019879579544067383 0.019936084747314453
vt 0.018855512142181396 0.022245287895202637
vt 0.018742650747299194 0.021343529224395752
vt 0.01993459463119507 0.020952284336090088
vt 0.02131250500679016 0.019964993000030518
vt 0.021120399236679077 0.020957589149475098
vt 0.019979238510131836 0.021891355514526367
vt 0.021464765071868896 0.019018471240997314
vt 0.02131250500679016 0.019964993000030518
vt 0.01993459463119507 0.020952284336090088
vt 0.02131250500679016 0.019964993000030518
vt 0.021464765071868896 0.019018471240997314
vt 0.02316930890083313 0.017710626125335693
vt 0.021120399236679077 0.020957589149475098
vt 0.02131250500679016 0.019964993000030518
vt 0.02258676290512085 0.018981754779815674
vt 0.023463398218154907 0.018613100051879883
vt 0.02327457070350647 0.019646823406219482
vt 0.022239089012145996 0.020016968250274658
vt 0.02381637692451477 0.017433464527130127
vt 0.023463398218154907 0.018613100051879883
vt 0.02258676290512085 0.018981754779815674
vt 0.023463398218154907 0.018613100051879883
vt 0.02381637692451477 0.017433464527130127
vt 0.024318188428878784 0.017488598823547363
vt 0.02327457070350647 0.019646823406219482
vt 0.023463398218154907 0.018613100051879883
vt 0.024139076471328735 0.01865208148956299
vt 0.012845784425735474 0.025908708572387695
vt 0.01420697569847107 0.026384711265563965
vt 0.013866126537322998 0.02751922607421875
vt 0.011699557304382324 0.02518784999847412
vt 0.012845784425735474 0.025908708572387695
vt 0.012395292520523071 0.02698361873626709
vt 0.012845784425735474 0.025908708572387695
vt 0.011699557304382324 0.02518784999847412
vt 0.012172669172286987 0.024521231651306152
vt 0.01420697569847107 0.026384711265563965
vt 0.012845784425735474 0.025908708572387695
vt 0.013063579797744751 0.024791300296783447
vt 0.01158192753791809 0.03206843137741089
vt 0.010402292013168335 0.032176971435546875
vt 0.009884655475616455 0.03116130828857422
vt 0.012810766696929932 0.032042503356933594
vt 0.01158192753791809 0.03206843137741089
vt 0.0111655592918396 0.031035304069519043
vt 0.01158192753791809 0.03206843137741089
vt 0.012810766696929932 0.032042503356933594
vt 0.013014674186706543 0.03341257572174072
vt 0.010402292013168335 0.032176971435546875
vt 0.01158192753791809 0.03206843137741089
vt 0.011809289455413818 0.033451616764068604
vt 0.01405993103981018 0.03187155723571777
vt 0.012810766696929932 0.032042503356933594
vt 0.012494057416915894 0.03102409839630127
vt 0.015333175659179688 0.031645894050598145
vt 0.01405993103981018 0.03187155723571777
vt 0.013853073120117188 0.030840039253234863
vt 0.01405993103981018 0.03187155723571777
vt 0.015333175659179688 0.031645894050598145
vt 0.01549530029296875 0.03296917676925659
vt 0.012810766696929932 0.032042503356933594
vt 0.01405993103981018 0.03187155723571777
vt 0.014180034399032593 0.032765865325927734
vt 0.016592442989349365 0.03143513202667236
vt 0.015333175659179688 0.031645894050598145
vt 0.015227556228637695 0.030585765838623047
vt 0.017828166484832764 0.03132748603820801
vt 0.016592442989349365 0.03143513202667236
vt 0.0165860652923584 0.030355453491210938
vt 0.016592442989349365 0.03143513202667236
vt 0.017828166484832764 0.03132748603820801
vt 0.01780116558074951 0.032698750495910645
vt 0.015333175659179688 0.031645894050598145
vt 0.016592442989349365 0.03143513202667236
vt 0.016643255949020386 0.03277170658111572
vt 0.019068032503128052 0.031391263008117676
vt 0.017828166484832764 0.03132748603820801
vt 0.017918050289154053 0.030232667922973633
vt 0.02030918002128601 0.03154778480529785
vt 0.019068032503128052 0.031391263008117676
vt 0.019257813692092896 0.03029930591583252
vt 0.019068032503128052 0.031391263008117676
vt 0.02030918002128601 0.03154778480529785
vt 0.020406454801559448 0.032587409019470215
vt 0.017828166484832764 0.03132748603820801
vt 0.019068032503128052 0.031391263008117676
vt 0.019056379795074463 0.032725989818573
vt 0.02153068780899048 0.03171473741531372
vt 0.02030918002128601 0.03154778480529785
vt 0.020632445812225342 0.030478298664093018
vt 0.02277657389640808 0.032096922397613525
vt 0.02153068780899048 0.03171473741531372
vt 0.022035568952560425 0.03066498041152954
vt 0.02153068780899048 0.03171473741531372
vt 0.02277657389640808 0.032096922397613525
vt 0.022381961345672607 0.033054471015930176
vt 0.02030918002128601 0.03154778480529785
vt 0.02153068780899048 0.03171473741531372
vt 0.021508634090423584 0.03274720907211304
vt 0.02447560429573059 0.029823780059814453
vt 0.0233706533908844 0.03082740306854248
vt 0.022581934928894043 0.029851555824279785
vt 0.02574339509010315 0.02896827459335327
vt 0.02447560429573059 0.029823780059814453
vt 0.02376464009284973 0.028719305992126465
vt 0.02447560429573059 0.029823780059814453
vt 0.02574339509010315 0.02896827459335327
vt 0.026232093572616577 0.030232906341552734
vt 0.0233706533908844 0.03082740306854248
vt 0.02447560429573059 0.029823780059814453
vt 0.025029689073562622 0.031023502349853516
vt 0.026999562978744507 0.028384923934936523
vt 0.02574339509010315 0.02896827459335327
vt 0.025132209062576294 0.027785897254943848
vt 0.02822926640510559 0.028105735778808594
vt 0.026999562978744507 0.028384923934936523
vt 0.026473790407180786 0.027146995067596436
vt 0.026999562978744507 0.028384923934936523
vt 0.02822926640510559 0.028105735778808594
vt 0.02851155400276184 0.029256582260131836
vt 0.02574339509010315 0.02896827459335327
vt 0.026999562978744507 0.028384923934936523
vt 0.027385085821151733 0.029719114303588867
vt 0.02946344017982483 0.028253793716430664
vt 0.02822926640510559 0.028105735778808594
vt 0.027799397706985474 0.026871681213378906
vt 0.030697613954544067 0.028739333152770996
vt 0.02946344017982483 0.028253793716430664
vt 0.02914026379585266 0.027041614055633545
vt 0.02946344017982483 0.028253793716430664
vt 0.030697613954544067 0.028739333152770996
vt 0.030744463205337524 0.03004300594329834
vt 0.02822926640510559 0.028105735778808594
vt 0.02946344017982483 0.028253793716430664
vt 0.0296461284160614 0.02939397096633911
vt 0.03189411759376526 0.02943974733352661
vt 0.030697613954544067 0.028739333152770996
vt 0.030517011880874634 0.02758502960205078
vt 0.03304973244667053 0.030048251152038574
vt 0.03189411759376526 0.02943974733352661
vt 0.031962841749191284 0.028401494026184082
vt 0.03189411759376526 0.02943974733352661
vt 0.03304973244667053 0.030048251152038574
vt 0.03270652890205383 0.03118288516998291
vt 0.030697613954544067 0.028739333152770996
vt 0.03189411759376526 0.02943974733352661
vt 0.031733542680740356 0.030630052089691162
vt 0.03422608971595764 0.03027355670928955
vt 0.03304973244667053 0.030048251152038574
vt 0.03339710831642151 0.029065191745758057
vt 0.03515318036079407 0.030508577823638916
vt 0.03422608971595764 0.03027355670928955
vt 0.034734874963760376 0.02929997444152832
vt 0.03422608971595764 0.03027355670928955
vt 0.03515318036079407 0.030508577823638916
vt 0.0346321165561676 0.03115689754486084
vt 0.03304973244667053 0.030048251152038574
vt 0.03422608971595764 0.03027355670928955
vt 0.03385797142982483 0.0311129093170166
vt 0.023168474435806274 0.022289931774139404
vt 0.024123042821884155 0.02211153507232666
vt 0.024670809507369995 0.023104190826416016
vt 0.02192455530166626 0.022497177124023438
vt 0.023168474435806274 0.022289931774139404
vt 0.023632198572158813 0.023304462432861328
vt 0.023168474435806274 0.022289931774139404
vt 0.02192455530166626 0.022497177124023438
vt 0.021791696548461914 0.021227657794952393
vt 0.024123042821884155 0.02211153507232666
vt 0.023168474435806274 0.022289931774139404
vt 0.022877007722854614 0.021020948886871338
vt 0.02053651213645935 0.023093461990356445
vt 0.02192455530166626 0.022497177124023438
vt 0.022273004055023193 0.023511648178100586
vt 0.019139915704727173 0.023680806159973145
vt 0.02053651213645935 0.023093461990356445
vt 0.020750075578689575 0.024169981479644775
vt 0.02053651213645935 0.023093461990356445
vt 0.019139915704727173 0.023680806159973145
vt 0.019066423177719116 0.02233344316482544
vt 0.02192455530166626 0.022497177124023438
vt 0.02053651213645935 0.023093461990356445
vt 0.02043810486793518 0.021784543991088867
vt 0.017891228199005127 0.023829102516174316
vt 0.019139915704727173 0.023680806159973145
vt 0.01923733949661255 0.02482086420059204
vt 0.01662755012512207 0.02359950542449951
vt 0.017891228199005127 0.023829102516174316
vt 0.017888665199279785 0.02498835325241089
vt 0.017891228199005127 0.023829102516174316
vt 0.01662755012512207 0.02359950542449951
vt 0.016741126775741577 0.02226918935775757
vt 0.019139915704727173 0.023680806159973145
vt 0.017891228199005127 0.023829102516174316
vt 0.017896026372909546 0.02248162031173706
vt 0.015241056680679321 0.023029208183288574
vt 0.01662755012512207 0.02359950542449951
vt 0.0165233314037323 0.024730563163757324
vt 0.013869822025299072 0.022479236125946045
vt 0.015241056680679321 0.023029208183288574
vt 0.015017777681350708 0.02410125732421875
vt 0.015241056680679321 0.023029208183288574
vt 0.013869822025299072 0.022479236125946045
vt 0.014176636934280396 0.021209895610809326
vt 0.01662755012512207 0.02359950542449951
vt 0.015241056680679321 0.023029208183288574
vt 0.01545417308807373 0.021734535694122314
vt 0.012633562088012695 0.022313356399536133
vt 0.013869822025299072 0.022479236125946045
vt 0.013517498970031738 0.02349984645843506
vt 0.011692821979522705 0.022120773792266846
vt 0.012633562088012695 0.022313356399536133
vt 0.012162178754806519 0.02331441640853882
vt 0.012633562088012695 0.022313356399536133
vt 0.011692821979522705 0.022120773792266846
vt 0.012180507183074951 0.021403133869171143
vt 0.013869822025299072 0.022479236125946045
vt 0.012633562088012695 0.022313356399536133
vt 0.012946456670761108 0.021361827850341797
vt 0.023098021745681763 0.02505546808242798
vt 0.024167031049728394 0.02542698383331299
vt 0.024654299020767212 0.026464760303497314
vt 0.02193775773048401 0.025724172592163086
vt 0.023098021745681763 0.02505546808242798
vt 0.023596853017807007 0.026599884033203125
vt 0.023098021745681763 0.02505546808242798
vt 0.02193775773048401 0.025724172592163086
vt 0.021708965301513672 0.024240493774414062
vt 0.024167031049728394 0.02542698383331299
vt 0.023098021745681763 0.02505546808242798
vt 0.02285870909690857 0.024133026599884033
vt 0.020604223012924194 0.026095271110534668
vt 0.02193775773048401 0.025724172592163086
vt 0.022250086069107056 0.026736021041870117
vt 0.01924869418144226 0.02652454376220703
vt 0.020604223012924194 0.026095271110534668
vt 0.02078402042388916 0.027168452739715576
vt 0.020604223012924194 0.026095271110534668
vt 0.01924869418144226 0.02652454376220703
vt 0.01926693320274353 0.025538623332977295
vt 0.02193775773048401 0.025724172592163086
vt 0.020604223012924194 0.026095271110534668
vt 0.020429372787475586 0.02458322048187256
vt 0.017971038818359375 0.026676297187805176
vt 0.01924869418144226 0.02652454376220703
vt 0.019299685955047607 0.027636170387268066
vt 0.016722261905670166 0.02669501304626465
vt 0.017971038818359375 0.026676297187805176
vt 0.017924070358276367 0.027822136878967285
vt 0.017971038818359375 0.026676297187805176
vt 0.016722261905670166 0.02669501304626465
vt 0.016840338706970215 0.025125741958618164
vt 0.01924869418144226 0.02652454376220703
vt 0.017971038818359375 0.026676297187805176
vt 0.01797124743461609 0.02512270212173462
vt 0.015479832887649536 0.02662670612335205
vt 0.016722261905670166 0.02669501304626465
vt 0.016580015420913696 0.027841389179229736
vt 0.01420697569847107 0.026384711265563965
vt 0.015479832887649536 0.02662670612335205
vt 0.015239059925079346 0.027771413326263428
vt 0.015479832887649536 0.02662670612335205
vt 0.01420697569847107 0.026384711265563965
vt 0.014534026384353638 0.024733006954193115
vt 0.016722261905670166 0.02669501304626465
vt 0.015479832887649536 0.02662670612335205
vt 0.01569989323616028 0.025006353855133057
vt 0.025362521409988403 0.009723067283630371
vt 0.02413693070411682 0.010110974311828613
vt 0.023577839136123657 0.008700728416442871
vt 0.02659788727760315 0.00941401720046997
vt 0.025362521409988403 0.009723067283630371
vt 0.025299757719039917 0.008304238319396973
vt 0.025362521409988403 0.009723067283630371
vt 0.02659788727760315 0.00941401720046997
vt 0.026599079370498657 0.011048555374145508
vt 0.02413693070411682 0.010110974311828613
vt 0.025362521409988403 0.009723067283630371
vt 0.025351911783218384 0.011194825172424316
vt 0.02778199315071106 0.009276270866394043
vt 0.02659788727760315 0.00941401720046997
vt 0.02658131718635559 0.007890403270721436
vt 0.029114335775375366 0.009230077266693115
vt 0.02778199315071106 0.009276270866394043
vt 0.02772262692451477 0.007701218128204346
vt 0.02778199315071106 0.009276270866394043
vt 0.029114335775375366 0.009230077266693115
vt 0.0291425883769989 0.010802268981933594
vt 0.02659788727760315 0.00941401720046997
vt 0.02778199315071106 0.009276270866394043
vt 0.027848154306411743 0.010974764823913574
vt 0.030816584825515747 0.009184539318084717
vt 0.029114335775375366 0.009230077266693115
vt 0.029072672128677368 0.007744908332824707
vt 0.032390743494033813 0.00934135913848877
vt 0.030816584825515747 0.009184539318084717
vt 0.030890733003616333 0.008388757705688477
vt 0.030816584825515747 0.009184539318084717
vt 0.032390743494033813 0.00934135913848877
vt 0.03172740340232849 0.01007986068725586
vt 0.029114335775375366 0.009230077266693115
vt 0.030816584825515747 0.009184539318084717
vt 0.03055909276008606 0.010378420352935791
vt 0.012530922889709473 0.029049575328826904
vt 0.011490970849990845 0.0296175479888916
vt 0.011253952980041504 0.028408050537109375
vt 0.013707011938095093 0.028890132904052734
vt 0.012530922889709473 0.029049575328826904
vt 0.012620687484741211 0.027883946895599365
vt 0.012530922889709473 0.029049575328826904
vt 0.013707011938095093 0.028890132904052734
vt 0.013754963874816895 0.030208110809326172
vt 0.011490970849990845 0.0296175479888916
vt 0.012530922889709473 0.029049575328826904
vt 0.01251336932182312 0.030388176441192627
vt 0.014902323484420776 0.028881549835205078
vt 0.013707011938095093 0.028890132904052734
vt 0.013736933469772339 0.027743041515350342
vt 0.01610305905342102 0.028905868530273438
vt 0.014902323484420776 0.028881549835205078
vt 0.01487499475479126 0.027775108814239502
vt 0.014902323484420776 0.028881549835205078
vt 0.01610305905342102 0.028905868530273438
vt 0.016265660524368286 0.03013378381729126
vt 0.013707011938095093 0.028890132904052734
vt 0.014902323484420776 0.028881549835205078
vt 0.015008419752120972 0.030153214931488037
vt 0.01729041337966919 0.02885204553604126
vt 0.01610305905342102 0.028905868530273438
vt 0.016013890504837036 0.027862608432769775
vt 0.018388569355010986 0.029123663902282715
vt 0.01729041337966919 0.02885204553604126
vt 0.017121553421020508 0.027896761894226074
vt 0.01729041337966919 0.02885204553604126
vt 0.018388569355010986 0.029123663902282715
vt 0.01825055480003357 0.030068516731262207
vt 0.01610305905342102 0.028905868530273438
vt 0.01729041337966919 0.02885204553604126
vt 0.01751631498336792 0.030060529708862305
vt 0.03154757618904114 0.024951636791229248
vt 0.033034056425094604 0.024776220321655273
vt 0.03376850485801697 0.025533854961395264
vt 0.0299089252948761 0.024972081184387207
vt 0.03154757618904114 0.024951636791229248
vt 0.031717389822006226 0.026084423065185547
vt 0.03154757618904114 0.024951636791229248
vt 0.0299089252948761 0.024972081184387207
vt 0.029878050088882446 0.02339726686477661
vt 0.033034056425094604 0.024776220321655273
vt 0.03154757618904114 0.024951636791229248
vt 0.031292468309402466 0.023787617683410645
vt 0.02859225869178772 0.02498471736907959
vt 0.0299089252948761 0.024972081184387207
vt 0.02992454171180725 0.02649974822998047
vt 0.027395516633987427 0.024893522262573242
vt 0.02859225869178772 0.02498471736907959
vt 0.028606146574020386 0.026641845703125
vt 0.02859225869178772 0.02498471736907959
vt 0.027395516633987427 0.024893522262573242
vt 0.0273381769657135 0.023245811462402344
vt 0.0299089252948761 0.024972081184387207
vt 0.02859225869178772 0.02498471736907959
vt 0.02858796715736389 0.02327173948287964
vt 0.0261400043964386 0.024616539478302002
vt 0.027395516633987427 0.024893522262573242
vt 0.027458935976028442 0.0264892578125
vt 0.024898797273635864 0.02424842119216919
vt 0.0261400043964386 0.024616539478302002
vt 0.026145488023757935 0.026067376136779785
vt 0.0261400043964386 0.024616539478302002
vt 0.024898797273635864 0.02424842119216919
vt 0.0252244770526886 0.02326875925064087
vt 0.027395516633987427 0.024893522262573242
vt 0.0261400043964386 0.024616539478302002
vt 0.026087850332260132 0.023137211799621582
vt 0.030654579401016235 0.02085012197494507
vt 0.03187897801399231 0.02047872543334961
vt 0.03234568238258362 0.02189195156097412
vt 0.02938738465309143 0.021147549152374268
vt 0.030654579401016235 0.02085012197494507
vt 0.030712515115737915 0.02227228879928589
vt 0.030654579401016235 0.02085012197494507
vt 0.02938738465309143 0.021147549152374268
vt 0.029437869787216187 0.01950591802597046
vt 0.03187897801399231 0.02047872543334961
vt 0.030654579401016235 0.02085012197494507
vt 0.030678659677505493 0.019386231899261475
vt 0.028153985738754272 0.021180689334869385
vt 0.02938738465309143 0.021147549152374268
vt 0.02922108769416809 0.02216857671737671
vt 0.0269564688205719 0.02103954553604126
vt 0.028153985738754272 0.021180689334869385
vt 0.028044670820236206 0.022795379161834717
vt 0.028153985738754272 0.021180689334869385
vt 0.0269564688205719 0.02103954553604126
vt 0.026972085237503052 0.019434452056884766
vt 0.02938738465309143 0.021147549152374268
vt 0.028153985738754272 0.021180689334869385
vt 0.02820912003517151 0.019510924816131592
vt 0.02572426199913025 0.020735323429107666
vt 0.0269564688205719 0.02103954553604126
vt 0.026928037405014038 0.022610604763031006
vt 0.02451464533805847 0.020335733890533447
vt 0.02572426199913025 0.020735323429107666
vt 0.025702208280563354 0.022204816341400146
vt 0.02572426199913025 0.020735323429107666
vt 0.02451464533805847 0.020335733890533447
vt 0.02487972378730774 0.019380688667297363
vt 0.0269564688205719 0.02103954553604126
vt 0.02572426199913025 0.020735323429107666
vt 0.025739461183547974 0.01927816867828369
vn -0.354178850709951 0.6970357989904965 0.6234568442446183
vn -0.354178850709951 0.6970357989904965 0.6234568442446183
vn -0.354178850709951 0.6970357989904965 0.6234568442446183
vn -0.545938189740348 0.6505118560125062 0.5280017217492723
vn -0.545938189740348 0.6505118560125062 0.5280017217492723
vn -0.545938189740348 0.6505118560125062 0.5280017217492723
vn -0.03209902169298632 0.9746561705563647 0.22139331968863893
vn -0.03209902169298632 0.9746561705563647 0.22139331968863893
vn -0.03209902169298632 0.9746561705563647 0.22139331968863893
vn -0.13813084071360157 0.9660065565537783 -0.21852048768677373
vn -0.13813084071360157 0.9660065565537783 -0.21852048768677373
vn -0.13813084071360157 0.9660065565537783 -0.21852048768677373
vn 0.5239744494369865 0.8003264225589062 -0.29142476506170517
vn 0.5239744494369865 0.8003264225589062 -0.29142476506170517
vn 0.5239744494369865 0.8003264225589062 -0.29142476506170517
vn 0.3711539759392985 0.9044378754731817 0.21032559414871083
vn 0.3711539759392985 0.9044378754731817 0.21032559414871083
vn 0.3711539759392985 0.9044378754731817 0.21032559414871083
vn 0.3283096595540274 0.7624858719146643 -0.5575195625034629
vn 0.3283096595540274 0.7624858719146643 -0.5575195625034629
vn 0.3283096595540274 0.7624858719146643 -0.5575195625034629
vn -0.40256431873613086 0.6821655064642026 0.6104033019823474
vn -0.40256431873613086 0.6821655064642026 0.6104033019823474
vn -0.40256431873613086 0.6821655064642026 0.6104033019823474
vn -0.18098476812601594 0.738206815361362 0.6498424512606178
vn -0.18098476812601594 0.738206815361362 0.6498424512606178
vn -0.18098476812601594 0.738206815361362 0.6498424512606178
vn 0.16427358172025638 0.7902733888559169 -0.5903237765963549
vn 0.16352935799628843 0.7909661131996668 -0.5896022022034295
vn 0.1637596004710932 0.7907519638013094 -0.5898255038550982
vn -0.03386610969713417 0.8730076166828372 -0.4865293288464056
vn -0.03386610969713417 0.8730076166828372 -0.4865293288464056
vn -0.03386610969713417 0.8730076166828372 -0.4865293288464056
vn 0.10211799257569777 0.83900814951177 0.5344504099026821
vn 0.10211799257569777 0.83900814951177 0.5344504099026821
vn 0.10211799257569777 0.83900814951177 0.5344504099026821
vn -0.0765940849776651 0.8516147785703274 0.5185418161219463
vn -0.0765940849776651 0.8516147785703274 0.5185418161219463
vn -0.0765940849776651 0.8516147785703274 0.5185418161219463
vn -0.018667461995744154 0.8741034295303446 -0.4853810053410902
vn -0.018667461995744154 0.8741034295303446 -0.4853810053410902
vn -0.018667461995744154 0.8741034295303446 -0.4853810053410902
vn 0.5026073770464967 0.7733303471573179 0.3864531002644213
vn 0.5026073770464967 0.7733303471573179 0.3864531002644213
vn 0.5026073770464967 0.7733303471573179 0.3864531002644213
vn 0.5330778051150997 0.721025663513884 0.44266245181631486
vn 0.5336850913441176 0.7204040927984654 0.4429426219683999
vn 0.5348939446416944 0.7191630799300085 0.44350076939192795
vn 0.5336850913441176 0.7204040927984654 0.4429426219683999
vn 0.5330778051150997 0.721025663513884 0.44266245181631486
vn 0.532652937098266 0.7214603518553722 0.44246560239335375
vn 0.4859861367394337 0.7870294344649121 0.3800028212828438
vn 0.4859861367394337 0.7870294344649121 0.3800028212828438
vn 0.4859861367394337 0.7870294344649121 0.3800028212828438
vn 0.010685380593592255 0.9998940867902287 0.009881186340966155
vn 0.00959132595844845 0.9999138172177632 0.008964630687332362
vn 0.010096070362966125 0.9999237336488327 0.007113104034423257
vn 0.00959132595844845 0.9999138172177632 0.008964630687332362
vn 0.008313551583536966 0.9999480889723842 0.005891028818872118
vn 0.010735953676018466 0.9999273566510188 0.005479116678122647
vn 0.3583973012595248 0.9320222458856002 -0.053720644302272795
vn 0.3583973012595248 0.9320222458856002 -0.053720644302272795
vn 0.3583973012595248 0.9320222458856002 -0.053720644302272795
vn 0.3087832402170436 0.9452404875488332 -0.10570397939296178
vn 0.3087832402170436 0.9452404875488332 -0.10570397939296178
vn 0.3087832402170436 0.9452404875488332 -0.10570397939296178
vn -0.3435515241421165 0.8396927171914278 0.42058113480671666
vn -0.3435515241421165 0.8396927171914278 0.42058113480671666
vn -0.3435515241421165 0.8396927171914278 0.42058113480671666
vn -0.41652941807723537 0.8752760908984778 0.24575395943447087
vn -0.41652941807723537 0.8752760908984778 0.24575395943447087
vn -0.41652941807723537 0.8752760908984778 0.24575395943447087
vn -0.3974722025398718 0.916959991294097 0.034644228581862835
vn -0.3974722025398718 0.916959991294097 0.034644228581862835
vn -0.3974722025398718 0.916959991294097 0.034644228581862835
vn -0.5836584246808995 0.5694085642247493 0.5788926759655199
vn -0.5836584246808995 0.5694085642247493 0.5788926759655199
vn -0.5836584246808995 0.5694085642247493 0.5788926759655199
vn -0.0016214430350270808 0.9330796341825894 0.3596661885640203
vn -0.009491544000421367 0.9329895164395545 0.3597783662289525
vn 0 0.9330910621845228 0.35964019473824005
vn -0.41397890692123424 0.8107052505527421 0.41397881751427296
vn -0.41397890692123424 0.8107052505527421 0.41397881751427296
vn -0.41397890692123424 0.8107052505527421 0.41397881751427296
vn 0 0.8906046136004154 0.4547784320233917
vn 0 0.8906046136004154 0.4547784320233917
vn 0 0.8906046136004154 0.4547784320233917
vn -0.009491544000421367 0.9329895164395545 0.3597783662289525
vn -0.0016214430350270808 0.9330796341825894 0.3596661885640203
vn -0.011091927330168309 0.9329643284026695 0.35979790310153
vn 0.15314991918211107 0.9305154769935154 0.33269512970592635
vn 0.15314991918211107 0.9305154769935154 0.33269512970592635
vn 0.15314991918211107 0.9305154769935154 0.33269512970592635
vn -0.28290455194901654 0.8570614051621684 0.43059350002987207
vn -0.28213315860543037 0.8547234431723181 0.4357163257292296
vn -0.2828147928503058 0.8567877172845536 0.43119670738001065
vn 0.39482435567574076 0.8197792146263976 0.4148201627594335
vn 0.39264881007510094 0.8197114341660628 0.41701328113625336
vn 0.39496019632251794 0.8197831520023351 0.4146830440396552
vn 0.37127273675719935 0.8742371060443489 0.3128354796950329
vn 0.37127273675719935 0.8742371060443489 0.3128354796950329
vn 0.37127273675719935 0.8742371060443489 0.3128354796950329
vn 0.5701834366421042 0.7915253967318973 0.2199508920359544
vn 0.5714399141479837 0.7912486455608274 0.2176740807186309
vn 0.5712312085040616 0.791295118850464 0.21805261134510523
vn 0.7763260324526182 0.6300921810192022 0.017370513948683223
vn 0.7763260324526182 0.6300921810192022 0.017370513948683223
vn 0.7763260324526182 0.6300921810192022 0.017370513948683223
vn 0.6185904339411934 0.7853046741517989 0.025346474938006316
vn 0.6185904339411934 0.7853046741517989 0.025346474938006316
vn 0.6185904339411934 0.7853046741517989 0.025346474938006316
vn 0.5983741314792151 0.7484453955793987 0.28596833498220087
vn 0.5983741314792151 0.7484453955793987 0.28596833498220087
vn 0.5983741314792151 0.7484453955793987 0.28596833498220087
vn 0.008313551583536966 0.9999480889723842 0.005891028818872118
vn 0.008003002980496297 0.9999653121629093 0.002307902560681414
vn 0.008995565341096448 0.9999528255254607 0.0036642226790789744
vn 0.3948595086220172 0.8780605415910645 -0.27036207898221554
vn 0.3948595086220172 0.8780605415910645 -0.27036207898221554
vn 0.3948595086220172 0.8780605415910645 -0.27036207898221554
vn 0.47545996786741146 0.8030523831287925 -0.35922790663684123
vn 0.47545996786741146 0.8030523831287925 -0.35922790663684123
vn 0.47545996786741146 0.8030523831287925 -0.35922790663684123
vn 0.45343613361826407 0.8912361808632042 0.00968207878969557
vn 0.45343613361826407 0.8912361808632042 0.00968207878969557
vn 0.45343613361826407 0.8912361808632042 0.00968207878969557
vn -0.4619801709271796 0.8826857963257428 0.08625605274346466
vn -0.4619801709271796 0.8826857963257428 0.08625605274346466
vn -0.4619801709271796 0.8826857963257428 0.08625605274346466
vn -0.4335856413594656 0.808414812365124 0.398081628256771
vn -0.4346462395338092 0.8076641940881235 0.39844848606451055
vn -0.4269371405087206 0.8130752614340321 0.3957692475397972
vn -0.3541621756389899 0.9351274087431328 -0.010289935082926955
vn -0.35418163250371726 0.9351755585979225 -0.0014303139744678882
vn -0.3541677929578284 0.9351397064537187 -0.008882783630914663
vn -0.3641097194824891 0.9312959774452951 0.010578968408849542
vn -0.3639838168162852 0.9314040717403356 0.001495406758318604
vn -0.3640909733649746 0.9313193412967231 0.00905801527837249
vn -0.45477819463225727 0.8906047348217774 -2.3767255196859226e-7
vn -0.4547779089580632 0.8906048806983038 -3.0259729722115343e-7
vn -0.4547781704907418 0.8906047471494206 -1.0254464826000799e-7
vn 0 0.8906047230078997 -0.45477821776776206
vn 0 0.8906047471494252 -0.45477817049074415
vn 0 0.8906047589633288 -0.45477814735524713
vn 0 0.8906047471494252 -0.45477817049074415
vn 0 0.8906047230078997 -0.45477821776776206
vn 0 0.8906046862818825 -0.45477828968932726
vn 0.4547785270804169 0.8906045650604261 -3.099331455516744e-7
vn 0.45477855071892975 0.8906045529896784 -2.1181804692387411e-7
vn 0.4547785984989808 0.8906045285912786 -9.811508409484871e-8
vn 0.5140041832233029 0.761728395496492 -0.3944230610946641
vn 0.5140041832233029 0.761728395496492 -0.3944230610946641
vn 0.5140041832233029 0.761728395496492 -0.3944230610946641
vn 0.15327444136487176 0.8808076669655823 0.44797857028984583
vn 0.15327444136487176 0.8808076669655823 0.44797857028984583
vn 0.15327444136487176 0.8808076669655823 0.44797857028984583
vn 0.40801148329921094 0.8150303109479019 0.41140274881452155
vn 0.40801148329921094 0.8150303109479019 0.41140274881452155
vn 0.40801148329921094 0.8150303109479019 0.41140274881452155
vn 0.3953217011506179 0.8161753501822807 -0.4214007004671596
vn 0.3953217011506179 0.8161753501822807 -0.4214007004671596
vn 0.3953217011506179 0.8161753501822807 -0.4214007004671596
vn 0.5946634152550219 0.8024676688332552 -0.04920429894383726
vn 0.5946634152550219 0.8024676688332552 -0.04920429894383726
vn 0.5946634152550219 0.8024676688332552 -0.04920429894383726
vn 0.8010112003524112 0.5938423397729118 -0.07571216813051036
vn 0.8010112003524112 0.5938423397729118 -0.07571216813051036
vn 0.8010112003524112 0.5938423397729118 -0.07571216813051036
vn 0.5648573586766407 0.8174554366364258 -0.11270658127367347
vn 0.5640823808680301 0.8201302242834457 -0.09590350781405027
vn 0.5651553162377475 0.8174297053261399 -0.11139185508209969
vn 0.5640823808680301 0.8201302242834457 -0.09590350781405027
vn 0.5614639311826295 0.8223085374521523 -0.09255767506938395
vn 0.5670106114413648 0.8174081017206987 -0.10170035277349722
vn 0.4271759590581861 0.9008606465042884 -0.07727092326738631
vn 0.42645372458761627 0.9004946004920176 -0.08512752357534799
vn 0.42715621371386286 0.9008515524179693 -0.07748580251743703
vn 0.04774209046910166 0.9083949799803251 0.41537844569041465
vn 0.04774209046910166 0.9083949799803251 0.41537844569041465
vn 0.04774209046910166 0.9083949799803251 0.41537844569041465
vn 0.4562829861532278 0.8476317252655902 0.2707882842191899
vn 0.4562829861532278 0.8476317252655902 0.2707882842191899
vn 0.4562829861532278 0.8476317252655902 0.2707882842191899
vn -0.7410030066935935 0.6696541040001123 -0.04977876120255746
vn -0.7410030066935935 0.6696541040001123 -0.04977876120255746
vn -0.7410030066935935 0.6696541040001123 -0.04977876120255746
vn -0.40068185951272145 0.6390425065987806 -0.6565658552021841
vn -0.40068185951272145 0.6390425065987806 -0.6565658552021841
vn -0.40068185951272145 0.6390425065987806 -0.6565658552021841
vn -0.284858999067164 0.8864312952725928 -0.36482175019015367
vn -0.284858999067164 0.8864312952725928 -0.36482175019015367
vn -0.284858999067164 0.8864312952725928 -0.36482175019015367
vn -0.35022751580291406 0.758473300555314 -0.5495988896634051
vn -0.35022751580291406 0.758473300555314 -0.5495988896634051
vn -0.35022751580291406 0.758473300555314 -0.5495988896634051
vn -0.36428853843336845 0.9307446903782369 -0.031751883389808847
vn -0.36428853843336845 0.9307446903782369 -0.031751883389808847
vn -0.36428853843336845 0.9307446903782369 -0.031751883389808847
vn 0 1 0
vn 0 1 0
vn 0 1 0
vn -0.03372202347213869 0.9328046181384487 -0.35880129530497445
vn -0.03372202347213869 0.9328046181384487 -0.35880129530497445
vn -0.03372202347213869 0.9328046181384487 -0.35880129530497445
vn 0 0.9335450767775001 -0.35846002514156483
vn 0 0.9335450767775001 -0.35846002514156483
vn 0 0.9335450767775001 -0.35846002514156483
vn -0.4547779803766289 0.8906048442292196 -4.427617751323602e-8
vn -0.45477814685223356 0.890604759220187 -3.025973309127691e-8
vn -0.4547783606048476 0.8906046500695843 -1.4016445392341741e-8
vn 0.15340493073045058 0.8799492403369358 -0.4496179062915923
vn 0.15369461125729775 0.8797792930478924 -0.4498514888211649
vn 0.15344010319230558 0.8799286240997048 -0.4496462512045833
vn 0.15154270566751368 0.9303293067908445 -0.33394938132153507
vn 0.15154270566751368 0.9303293067908445 -0.33394938132153507
vn 0.15154270566751368 0.9303293067908445 -0.33394938132153507
vn 0.44267114751496395 0.8446487168908997 -0.3010162789822868
vn 0.44267114751496395 0.8446487168908997 -0.3010162789822868
vn 0.44267114751496395 0.8446487168908997 -0.3010162789822868
vn 0.4202008366413151 0.806497959136664 -0.4159234290038668
vn 0.4186311221160253 0.8081443629750422 -0.41430746093636905
vn 0.42022278803573376 0.8064748625379743 -0.4159460355741238
vn 0.6214258378580689 0.7832283164527779 -0.019578875068402998
vn 0.6214258378580689 0.7832283164527779 -0.019578875068402998
vn 0.6214258378580689 0.7832283164527779 -0.019578875068402998
vn 0.6049590812567054 0.7736037342602187 -0.1885782923448188
vn 0.6049590812567054 0.7736037342602187 -0.1885782923448188
vn 0.6049590812567054 0.7736037342602187 -0.1885782923448188
vn 0.5839675721293837 0.782658206615335 -0.2154715905148074
vn 0.5839675721293837 0.782658206615335 -0.2154715905148074
vn 0.5839675721293837 0.782658206615335 -0.2154715905148074
vn 0.6002407174462863 0.7988376751167657 -0.03961628369254696
vn 0.6002407174462863 0.7988376751167657 -0.03961628369254696
vn 0.6002407174462863 0.7988376751167657 -0.03961628369254696
vn -0.11678663565316208 0.9419834547675544 0.31468722992361586
vn -0.11678663565316208 0.9419834547675544 0.31468722992361586
vn -0.11678663565316208 0.9419834547675544 0.31468722992361586
vn -0.31014141418855196 0.871477757983134 0.37991949218987847
vn -0.31014141418855196 0.871477757983134 0.37991949218987847
vn -0.31014141418855196 0.871477757983134 0.37991949218987847
vn 0.39640746144713523 0.6324285488936104 -0.665503760360045
vn 0.39640746144713523 0.6324285488936104 -0.665503760360045
vn 0.39640746144713523 0.6324285488936104 -0.665503760360045
vn 0.44907185381449055 0.8890683640310068 0.08883644629793758
vn 0.44907185381449055 0.8890683640310068 0.08883644629793758
vn 0.44907185381449055 0.8890683640310068 0.08883644629793758
vn -0.06301550725054704 0.9672777895121454 -0.2457696559025427
vn -0.06301550725054704 0.9672777895121454 -0.2457696559025427
vn -0.06301550725054704 0.9672777895121454 -0.2457696559025427
vn -0.29836273564269905 0.9197381526540427 0.2550713792888839
vn -0.29836273564269905 0.9197381526540427 0.2550713792888839
vn -0.29836273564269905 0.9197381526540427 0.2550713792888839
vn 0.17035400286938404 0.9601726204779653 0.22146794935352385
vn 0.17035400286938404 0.9601726204779653 0.22146794935352385
vn 0.17035400286938404 0.9601726204779653 0.22146794935352385
vn -0.37857425226689856 0.8830546143896675 -0.27730143080351083
vn -0.37857425226689856 0.8830546143896675 -0.27730143080351083
vn -0.37857425226689856 0.8830546143896675 -0.27730143080351083
vn -0.3368620300963202 0.8364128531283227 -0.4323627086152605
vn -0.3368620300963202 0.8364128531283227 -0.4323627086152605
vn -0.3368620300963202 0.8364128531283227 -0.4323627086152605
vn 0.18287246887248562 0.9500130734581462 0.25304707148490924
vn 0.18287246887248562 0.9500130734581462 0.25304707148490924
vn 0.18287246887248562 0.9500130734581462 0.25304707148490924
vn 0.07456591530349425 0.9626888977064573 0.26013460075060874
vn 0.07448211233145317 0.9626529710516135 0.260291514014856
vn 0.0746015606232804 0.9627041789896991 0.260067819824638
vn -0.1104953133067636 0.8853397909722674 -0.4516240031911745
vn -0.1104953133067636 0.8853397909722674 -0.4516240031911745
vn -0.1104953133067636 0.8853397909722674 -0.4516240031911745
vn 0.08946577588105796 0.9038192759662398 -0.4184573948896856
vn 0.08946577588105796 0.9038192759662398 -0.4184573948896856
vn 0.08946577588105796 0.9038192759662398 -0.4184573948896856
vn -0.05523655326738633 0.9640445891892753 0.25993644076585465
vn -0.04963591041720199 0.9658525636196096 0.25429333799076176
vn -0.05010627120536715 0.9657031124989979 0.25476824781679897
vn -0.1542865515034075 0.9537425823195748 0.2580130746601333
vn -0.1542865515034075 0.9537425823195748 0.2580130746601333
vn -0.1542865515034075 0.9537425823195748 0.2580130746601333
vn 0.2516670573716081 0.8712176848953374 -0.4214776835842256
vn 0.2481795937880402 0.8736688956104254 -0.4184609301596303
vn 0.24847382658150682 0.8734630614168385 -0.41871593932434364
vn 0.13279432570466257 0.9704214215852597 -0.2016133219534061
vn 0.13279432570466257 0.9704214215852597 -0.2016133219534061
vn 0.13279432570466257 0.9704214215852597 -0.2016133219534061
vn -0.2398153925733461 0.9119201085636632 0.33300194155909774
vn -0.2398153925733461 0.9119201085636632 0.33300194155909774
vn -0.2398153925733461 0.9119201085636632 0.33300194155909774
vn -0.09375978469531407 0.9562636230245243 0.277072167591584
vn -0.09375978469531407 0.9562636230245243 0.277072167591584
vn -0.09375978469531407 0.9562636230245243 0.277072167591584
vn 0.3931620418207039 0.855715632260539 -0.3364139794603086
vn 0.3931620418207039 0.855715632260539 -0.3364139794603086
vn 0.3931620418207039 0.855715632260539 -0.3364139794603086
vn 0.23620205283972345 0.9101875103141127 -0.34024592033189405
vn 0.23620205283972345 0.9101875103141127 -0.34024592033189405
vn 0.23620205283972345 0.9101875103141127 -0.34024592033189405
vn 0.6598012749850525 0.686115711203667 -0.3064433199917812
vn 0.6598012749850525 0.686115711203667 -0.3064433199917812
vn 0.6598012749850525 0.686115711203667 -0.3064433199917812
vn -0.6048926484531797 0.7098920079430288 0.36077447374490446
vn -0.604892828558447 0.7098922478770937 0.36077369965473965
vn -0.6048926813922207 0.7098921062043883 0.36077422516974084
vn -0.4818730620507185 0.7021021200540031 0.5242623056119317
vn -0.48187298590488925 0.7021022747669722 0.5242621684063706
vn -0.4818730111784749 0.702102192381995 0.524262255507857
vn -0.38191067520167366 0.809841201778755 0.4453105254410048
vn -0.38191067520167366 0.809841201778755 0.4453105254410048
vn -0.38191067520167366 0.809841201778755 0.4453105254410048
vn -0.5473303616963477 0.5431893887398153 0.6366904767041918
vn -0.5473303616963477 0.5431893887398153 0.6366904767041918
vn -0.5473303616963477 0.5431893887398153 0.6366904767041918
vn -0.19662576453317288 0.6452233640233841 0.7382581657117602
vn -0.19662564680267733 0.6452241437363794 0.7382575156130041
vn -0.19662577238668347 0.6452234601059503 0.73825807964576
vn -0.07259326988774893 0.6100680673077329 0.7890165843747593
vn -0.07259327420189571 0.610067802530834 0.789016788703414
vn -0.07259326511613227 0.610068030216888 0.7890166134924316
vn -0.0905271856354312 0.5315366623913665 0.8421838309981822
vn -0.0905271856354312 0.5315366623913665 0.8421838309981822
vn -0.0905271856354312 0.5315366623913665 0.8421838309981822
vn -0.6007327209790316 0.7768440548291483 0.18876840949093163
vn -0.6007327209790316 0.7768440548291483 0.18876840949093163
vn -0.6007327209790316 0.7768440548291483 0.18876840949093163
vn -0.20549377233430707 0.6352068010971227 0.7445029411438053
vn -0.20549392551115597 0.6352068735770358 0.744502837025154
vn -0.20549381648876452 0.6352068590046619 0.7445028795500483
vn -0.24673802021489663 0.6365550465143403 0.7306969427454582
vn -0.24673782080542123 0.6365558451271232 0.7306963143595882
vn -0.24673796839251327 0.6365552454055883 0.7306967869781327
vn -0.538446300004442 0.6803730635543525 0.49716001086289247
vn -0.538446300004442 0.6803730635543525 0.49716001086289247
vn -0.538446300004442 0.6803730635543525 0.49716001086289247
vn -0.03662978899046785 0.515356315263068 0.8561928094050937
vn -0.03662978899046785 0.515356315263068 0.8561928094050937
vn -0.03662978899046785 0.515356315263068 0.8561928094050937
vn -0.20531082863997152 0.6390769835087053 0.7412341551713483
vn -0.20531098733151884 0.6390764771979094 0.7412345477467082
vn -0.2053108780296321 0.639076878886219 0.7412342316945101
vn -0.09302660770089634 0.6498480477894507 0.7543497630700917
vn -0.09302703881257632 0.6498482715110567 0.7543495171761265
vn -0.09302669731349962 0.6498481012728335 0.7543497059448194
vn -0.06336664642340963 0.4706840433471218 0.8800234084724426
vn -0.06336664642340963 0.4706840433471218 0.8800234084724426
vn -0.06336664642340963 0.4706840433471218 0.8800234084724426
vn -0.2373601162129813 0.45861556429184125 0.8563480247076163
vn -0.23748702372754452 0.4587238261884668 0.8562548480727252
vn -0.23734464136161573 0.4586023762677014 0.8563593764877825
vn 0.09147491843972073 0.6643899528727374 0.741767032037828
vn 0.09147545130929723 0.6643889136487006 0.7417678971406487
vn 0.09147503538584219 0.6643897576212742 0.7417671924998459
vn 0.18589765579097592 0.7176381658215751 0.6711464255493469
vn 0.18589765579097592 0.7176381658215751 0.6711464255493469
vn 0.18589765579097592 0.7176381658215751 0.6711464255493469
vn 0.516311050165084 0.5162859566095994 0.6832801112904859
vn 0.516311050165084 0.5162859566095994 0.6832801112904859
vn 0.516311050165084 0.5162859566095994 0.6832801112904859
vn 0.20504180531530214 0.5044712287609968 0.8387291800250017
vn 0.20504180531530214 0.5044712287609968 0.8387291800250017
vn 0.20504180531530214 0.5044712287609968 0.8387291800250017
vn 0.1708938977326056 0.8453805698257866 0.506089881225446
vn 0.1708938977326056 0.8453805698257866 0.506089881225446
vn 0.1708938977326056 0.8453805698257866 0.506089881225446
vn 0.16416652049768446 0.9393437842836849 0.3011355317382679
vn 0.16416652049768446 0.9393437842836849 0.3011355317382679
vn 0.16416652049768446 0.9393437842836849 0.3011355317382679
vn 0.05373139622194926 0.9021965169168203 0.4279653980442783
vn 0.05373139622194926 0.9021965169168203 0.4279653980442783
vn 0.05373139622194926 0.9021965169168203 0.4279653980442783
vn 0.509648052484063 0.7328035965132615 0.45084115998478974
vn 0.509648052484063 0.7328035965132615 0.45084115998478974
vn 0.509648052484063 0.7328035965132615 0.45084115998478974
vn 0.1868364632835191 0.9621237962614204 0.19851936090774422
vn 0.1868364632835191 0.9621237962614204 0.19851936090774422
vn 0.1868364632835191 0.9621237962614204 0.19851936090774422
vn 0.21541159333454865 0.9635692382339731 0.15853128582797635
vn 0.21541160754426317 0.963569235141029 0.15853128531910954
vn 0.21541160570632634 0.9635692339701951 0.15853129493293583
vn 0.505955895829857 0.7821959254961657 0.36356315216507257
vn 0.5063296203461313 0.7820090702344258 0.3634448096083249
vn 0.4978207753889087 0.7862076456216364 0.3661311425667979
vn 0.6464989081399234 0.6619380606093072 0.37931143627720504
vn 0.6464989081399234 0.6619380606093072 0.37931143627720504
vn 0.6464989081399234 0.6619380606093072 0.37931143627720504
vn 0.23842795538525255 0.9641431709695902 0.11653349717360914
vn 0.23842801567995567 0.9641431731080913 0.11653335611738026
vn 0.2384279418904289 0.9641431760045321 0.11653348312732999
vn 0.26635607053093874 0.9626471030189508 0.04863125271406093
vn 0.2663561028995907 0.9626471122940186 0.04863089182947263
vn 0.26635608274285716 0.9626470990494858 0.04863126440356773
vn 0.6287455386881386 0.7552063258649276 -0.18531716853373043
vn 0.6287455386881386 0.7552063258649276 -0.18531716853373043
vn 0.6287455386881386 0.7552063258649276 -0.18531716853373043
vn 0.5479970169621272 0.7965395458304062 0.25538993975663965
vn 0.5479970169621272 0.7965395458304062 0.25538993975663965
vn 0.5479970169621272 0.7965395458304062 0.25538993975663965
vn 0.29584129168002915 0.953708720283221 -0.05401487751381952
vn 0.2958411430005146 0.9537087809584276 -0.05401462052943468
vn 0.2958412748032643 0.9537087254819389 -0.05401487815773974
vn 0.3651839500833777 0.9136648193433857 -0.17848607927712307
vn 0.3651839500833777 0.9136648193433857 -0.17848607927712307
vn 0.3651839500833777 0.9136648193433857 -0.17848607927712307
vn 0.2790437822474992 0.9059275017612373 0.3184806574058363
vn 0.2790437822474992 0.9059275017612373 0.3184806574058363
vn 0.2790437822474992 0.9059275017612373 0.3184806574058363
vn 0.3361560719733424 0.9398110320437173 -0.06127250055592845
vn 0.3360332496460173 0.9398637030589931 -0.0611381616061049
vn 0.3361535176516944 0.9398121291886523 -0.06126968581838584
vn 0.49351026946443594 0.7902752651148272 -0.3631977688268877
vn 0.49351026946443594 0.7902752651148272 -0.3631977688268877
vn 0.49351026946443594 0.7902752651148272 -0.3631977688268877
vn 0.6101278054223314 0.6877802596405839 -0.39332222858524135
vn 0.6101278054223314 0.6877802596405839 -0.39332222858524135
vn 0.6101278054223314 0.6877802596405839 -0.39332222858524135
vn 0.7488272344095537 0.6353071552992138 -0.18879245597258362
vn 0.7488272344095537 0.6353071552992138 -0.18879245597258362
vn 0.7488272344095537 0.6353071552992138 -0.18879245597258362
vn 0.6446819310155744 0.7485226994291053 -0.15523844968755474
vn 0.6446819310155744 0.7485226994291053 -0.15523844968755474
vn 0.6446819310155744 0.7485226994291053 -0.15523844968755474
vn 0.7574514670879414 0.6322774227776218 -0.16276527778372732
vn 0.7574514670879414 0.6322774227776218 -0.16276527778372732
vn 0.7574514670879414 0.6322774227776218 -0.16276527778372732
vn 0.720704288543596 0.6502865295303853 -0.2402347976172401
vn 0.7207042509135608 0.6502867281718568 -0.24023437280844015
vn 0.7207043366728474 0.6502864537477855 -0.24023485836381098
vn 0.5918558289497985 0.7469008031446988 -0.3030608321772226
vn 0.5918558289497985 0.7469008031446988 -0.3030608321772226
vn 0.5918558289497985 0.7469008031446988 -0.3030608321772226
vn 0.7811949363860031 0.525718596703206 -0.33668149406416825
vn 0.7811949363860031 0.525718596703206 -0.33668149406416825
vn 0.7811949363860031 0.525718596703206 -0.33668149406416825
vn 0.24012544904483593 0.6506893868597997 -0.720377047489045
vn 0.24012548045729706 0.6506889739904475 -0.7203774099473214
vn 0.24012541822683744 0.6506894840911845 -0.7203769699362511
vn 0.1852970625266858 0.6384925518138728 -0.7469887950278709
vn 0.18529686706471393 0.6384928951638633 -0.7469885500335796
vn 0.18529701321873268 0.6384925872939881 -0.7469887769323217
vn 0.20980145844946702 0.5791209747792698 -0.7877831202832318
vn 0.20980145844946702 0.5791209747792698 -0.7877831202832318
vn 0.20980145844946702 0.5791209747792698 -0.7877831202832318
vn 0.6670782370895448 0.7434854289915809 -0.04728681083251633
vn 0.6670782370895448 0.7434854289915809 -0.04728681083251633
vn 0.6670782370895448 0.7434854289915809 -0.04728681083251633
vn 0.4537485081419234 0.6498753198627095 -0.6097330235376135
vn 0.4446535480587109 0.6515226469765018 -0.6146555642597995
vn 0.4541940890493046 0.6497928361950219 -0.6094891299295679
vn 0.4446535480587109 0.6515226469765018 -0.6146555642597995
vn 0.44506279333359877 0.6514501077965525 -0.6144362188559156
vn 0.4450627262901448 0.6514502757221061 -0.6144360893768982
vn 0.4767372133620684 0.539172748626689 -0.6942725520529461
vn 0.4767372133620684 0.539172748626689 -0.6942725520529461
vn 0.4767372133620684 0.539172748626689 -0.6942725520529461
vn 0.49909769510923796 0.5201921361098423 -0.693037973177607
vn 0.49909769510923796 0.5201921361098423 -0.693037973177607
vn 0.49909769510923796 0.5201921361098423 -0.693037973177607
vn 0.13308144742726793 0.6958278823777481 -0.7057711289478779
vn 0.13308132536184478 0.6958283442813106 -0.7057706965684143
vn 0.1330814383883849 0.6958279130291788 -0.7057711004326659
vn -0.20050693169100448 0.6885949667314856 -0.6968744091555689
vn -0.20050664564920398 0.6885950078789463 -0.6968744507977733
vn -0.20050689485733042 0.6885950021885566 -0.6968743847176573
vn -0.2203284270089726 0.6035338600919481 -0.7662912396564799
vn -0.22017164912129314 0.6036508784606364 -0.7662441268009249
vn -0.2203456976430414 0.6035210456152486 -0.766296366316374
vn 0.14675253371334332 0.6116412770360269 -0.7774050694936665
vn 0.15109656378004452 0.6147656874721215 -0.7741014002834465
vn 0.15089169251101667 0.6146217021014894 -0.7742556815658693
vn -0.4370514670931351 0.6512586507837133 -0.6203613341360951
vn -0.42833170731721415 0.6526255078135692 -0.6249895159583088
vn -0.43674569435617633 0.6513066159619885 -0.6205263011875358
vn -0.42833170731721415 0.6526255078135692 -0.6249895159583088
vn -0.42802661787806884 0.6526726645802173 -0.6251492680133447
vn -0.4280267422631153 0.6526724198930068 -0.6251494383094585
vn -0.474635944599643 0.5672752092977003 -0.6729929843692689
vn -0.47453021927870653 0.5672975173530823 -0.6730487335968562
vn -0.47437027781778013 0.5673311078231187 -0.6731331618775551
vn -0.48693814318397305 0.5557818605288559 -0.6737935649882892
vn -0.48693814318397305 0.5557818605288559 -0.6737935649882892
vn -0.48693814318397305 0.5557818605288559 -0.6737935649882892
vn -0.1716855436581189 0.6361041598673997 -0.7522603086021526
vn -0.1716854905649921 0.6361044224114721 -0.7522600987145505
vn -0.171685531573493 0.6361042895120884 -0.752260201733847
vn -0.23977792161116884 0.6519702645247325 -0.7193339436474401
vn -0.23977794488626342 0.6519699487536045 -0.7193342220889691
vn -0.23977790852947942 0.6519703290766283 -0.7193338895012119
vn -0.25445598410928083 0.7921339884146644 -0.5547755370861749
vn -0.25445598410928083 0.7921339884146644 -0.5547755370861749
vn -0.25445598410928083 0.7921339884146644 -0.5547755370861749
vn -0.3947773576161466 0.5865982328650875 -0.7071445051141738
vn -0.3947773576161466 0.5865982328650875 -0.7071445051141738
vn -0.3947773576161466 0.5865982328650875 -0.7071445051141738
vn -0.8591136913847364 0.4241637578400756 -0.2863717371010583
vn -0.8591136913847364 0.4241637578400756 -0.2863717371010583
vn -0.8591136913847364 0.4241637578400756 -0.2863717371010583
vn -0.7618451743517056 0.6316120750476737 -0.14372931841134864
vn -0.7618451743517056 0.6316120750476737 -0.14372931841134864
vn -0.7618451743517056 0.6316120750476737 -0.14372931841134864
vn -0.6101594049238888 0.7830301454417984 -0.12070332187774278
vn -0.6101594049238888 0.7830301454417984 -0.12070332187774278
vn -0.6101594049238888 0.7830301454417984 -0.12070332187774278
vn 0.15810269584341075 0.6605650977695335 -0.733932755213836
vn 0.15810269584341075 0.6605650977695335 -0.733932755213836
vn 0.15810269584341075 0.6605650977695335 -0.733932755213836
vn -0.6592792138662937 0.6527790294623373 -0.37313597636525303
vn -0.6592790321611403 0.6527792650181932 -0.373135885321926
vn -0.6592792211976883 0.6527790367214479 -0.3731359507123217
vn -0.6518735029719642 0.6510755756241635 -0.38879497289538717
vn -0.6518734727589477 0.6510755454481293 -0.3887950740848069
vn -0.6518734803122023 0.6510755529921384 -0.3887950487874533
vn -0.8373302985613696 0.5045131783230512 -0.21058115777414818
vn -0.8373302985613696 0.5045131783230512 -0.21058115777414818
vn -0.8373302985613696 0.5045131783230512 -0.21058115777414818
vn -0.744087810609659 0.5013301937076176 -0.44158959111284174
vn -0.744087810609659 0.5013301937076176 -0.44158959111284174
vn -0.744087810609659 0.5013301937076176 -0.44158959111284174
vn -0.7090018458043746 0.6766843859182726 -0.19853116757929962
vn -0.7090019407461018 0.6766843627568682 -0.19853090746428442
vn -0.709001851045135 0.6766843936370274 -0.19853112255427607
vn -0.7224494707590248 0.690022279506249 -0.04400018164741097
vn -0.722449614604799 0.6900221268983657 -0.04400021304531564
vn -0.7224494990171837 0.6900222495667555 -0.044000187188859806
vn -0.8538954450210048 0.5201251027859292 -0.018233113401354223
vn -0.8538954450210048 0.5201251027859292 -0.018233113401354223
vn -0.8538954450210048 0.5201251027859292 -0.018233113401354223
vn -0.4821165809413402 0.6812106559045017 -0.5509225396220332
vn -0.4821165809413402 0.6812106559045017 -0.5509225396220332
vn -0.4821165809413402 0.6812106559045017 -0.5509225396220332
vn -0.716046761683764 0.6966887224803628 0.04361030899769801
vn -0.7160464369392918 0.6966891137140108 0.04360939094886587
vn -0.7160467068605157 0.6966887867371435 0.043610182629032615
vn -0.6815636638410625 0.7064334034284623 0.19084763203148958
vn -0.681563608665305 0.7064334080189557 0.19084781208557403
vn -0.6815636580262647 0.706433397401487 0.190847675106745
vn -0.7656859076580554 0.5873863633464704 0.2621113331553364
vn -0.7656859076580554 0.5873863633464704 0.2621113331553364
vn -0.7656859076580554 0.5873863633464704 0.2621113331553364
vn -0.8289640691227163 0.545325050381067 0.1242544225788161
vn -0.8289640691227163 0.545325050381067 0.1242544225788161
vn -0.8289640691227163 0.545325050381067 0.1242544225788161
vn -0.6396454349516354 0.18483863126091662 0.7461155392693037
vn -0.6396454349516354 0.18483863126091662 0.7461155392693037
vn -0.6396454349516354 0.18483863126091662 0.7461155392693037
vn -0.5072694341756394 0.3886656104549313 0.7691662787725567
vn -0.5072694341756394 0.3886656104549313 0.7691662787725567
vn -0.5072694341756394 0.3886656104549313 0.7691662787725567
vn -0.08465097598240019 0.3937275891157965 0.9153211446450309
vn -0.08465097598240019 0.3937275891157965 0.9153211446450309
vn -0.08465097598240019 0.3937275891157965 0.9153211446450309
vn -0.5487225742988675 0.27035084859930775 0.7910840379608591
vn -0.5487225742988675 0.27035084859930775 0.7910840379608591
vn -0.5487225742988675 0.27035084859930775 0.7910840379608591
vn -0.19960594033806903 0.518109258266399 0.831697219594004
vn -0.19960594033806903 0.518109258266399 0.831697219594004
vn -0.19960594033806903 0.518109258266399 0.831697219594004
vn 0.13817460550980146 0.5236872326979014 0.8406303948236851
vn 0.1457199033185288 0.5176091286196413 0.8431171328744624
vn 0.14535549179457294 0.5179045824607054 0.8429985910257267
vn 0.10896893089889022 0.613353027740872 0.7822556074965894
vn 0.10896893089889022 0.613353027740872 0.7822556074965894
vn 0.10896893089889022 0.613353027740872 0.7822556074965894
vn -0.025291390539488093 0.5712180097535695 0.8204086365328865
vn -0.025291390539488093 0.5712180097535695 0.8204086365328865
vn -0.025291390539488093 0.5712180097535695 0.8204086365328865
vn 0.13939058186656106 0.6873576944211189 0.712818115375153
vn 0.13939058186656106 0.6873576944211189 0.712818115375153
vn 0.13939058186656106 0.6873576944211189 0.712818115375153
vn 0.577860182419756 0.5073023489867714 0.6393136446896077
vn 0.577860182419756 0.5073023489867714 0.6393136446896077
vn 0.577860182419756 0.5073023489867714 0.6393136446896077
vn 0.5632648009221545 0.5167604263912883 0.6447413634613648
vn 0.5632648009221545 0.5167604263912883 0.6447413634613648
vn 0.5632648009221545 0.5167604263912883 0.6447413634613648
vn 0.29136081542581904 0.5749173565571087 0.7645776012700006
vn 0.29136081542581904 0.5749173565571087 0.7645776012700006
vn 0.29136081542581904 0.5749173565571087 0.7645776012700006
vn 0.7077629337170206 0.6225155390527194 0.3339850794484362
vn 0.7077629337170206 0.6225155390527194 0.3339850794484362
vn 0.7077629337170206 0.6225155390527194 0.3339850794484362
vn 0.7024519459454022 0.7111011759683884 0.02993962548017333
vn 0.7024519459454022 0.7111011759683884 0.02993962548017333
vn 0.7024519459454022 0.7111011759683884 0.02993962548017333
vn 0.6853113842181133 0.728136006910419 0.012894266229749691
vn 0.6874875513601809 0.7261329351963053 0.009582648275977098
vn 0.6863114039710178 0.7272188453601277 0.011375751949358656
vn 0.7021293764320441 0.6673859475872609 0.2482142939361119
vn 0.7021293764320441 0.6673859475872609 0.2482142939361119
vn 0.7021293764320441 0.6673859475872609 0.2482142939361119
vn 0.7073360136901793 0.6973142078540887 -0.11588209206651055
vn 0.7085444413892231 0.6976804227823742 -0.10586218514012198
vn 0.7075524279746949 0.6973830411834132 -0.11413349874987626
vn 0.7347129043230333 0.6611627390636984 -0.15185776468459297
vn 0.7347129043230333 0.6611627390636984 -0.15185776468459297
vn 0.7347129043230333 0.6611627390636984 -0.15185776468459297
vn 0.7019303363626634 0.7091487567885699 -0.06634639130370142
vn 0.7019303363626634 0.7091487567885699 -0.06634639130370142
vn 0.7019303363626634 0.7091487567885699 -0.06634639130370142
vn 0.6818879562527712 0.7294436393417453 -0.05422907099783972
vn 0.6818879562527712 0.7294436393417453 -0.05422907099783972
vn 0.6818879562527712 0.7294436393417453 -0.05422907099783972
vn 0.761940682669154 0.6443761290909907 -0.06500615625750038
vn 0.761940682669154 0.6443761290909907 -0.06500615625750038
vn 0.761940682669154 0.6443761290909907 -0.06500615625750038
vn 0.7703636370143518 0.5733183683014457 -0.27900880870357475
vn 0.7703636370143518 0.5733183683014457 -0.27900880870357475
vn 0.7703636370143518 0.5733183683014457 -0.27900880870357475
vn 0.7321475333410399 0.648759977539743 -0.20753428864952148
vn 0.7321475333410399 0.648759977539743 -0.20753428864952148
vn 0.7321475333410399 0.648759977539743 -0.20753428864952148
vn 0.7265416592669851 0.6867410174667661 -0.02289087762159673
vn 0.7265416592669851 0.6867410174667661 -0.02289087762159673
vn 0.7265416592669851 0.6867410174667661 -0.02289087762159673
vn 0.5422731447941304 0.43762825386099014 -0.7172317253563628
vn 0.5422731447941304 0.43762825386099014 -0.7172317253563628
vn 0.5422731447941304 0.43762825386099014 -0.7172317253563628
vn 0.39525940751112737 0.5209434390542235 -0.7565632386524679
vn 0.39525940751112737 0.5209434390542235 -0.7565632386524679
vn 0.39525940751112737 0.5209434390542235 -0.7565632386524679
vn 0.30219680115838776 0.5344635852182553 -0.7893198144258678
vn 0.30219680115838776 0.5344635852182553 -0.7893198144258678
vn 0.30219680115838776 0.5344635852182553 -0.7893198144258678
vn 0.6220003279875264 0.6193861875133614 -0.4790368907517171
vn 0.6220003279875264 0.6193861875133614 -0.4790368907517171
vn 0.6220003279875264 0.6193861875133614 -0.4790368907517171
vn 0.17262803249097344 0.57837786032214 -0.7972945585462619
vn 0.17262803249097344 0.57837786032214 -0.7972945585462619
vn 0.17262803249097344 0.57837786032214 -0.7972945585462619
vn -0.20310350205340932 0.5192475432139315 -0.8301391186541791
vn -0.20310350205340932 0.5192475432139315 -0.8301391186541791
vn -0.20310350205340932 0.5192475432139315 -0.8301391186541791
vn -0.024513286004012064 0.6222034916774132 -0.7824716696173227
vn -0.024513286004012064 0.6222034916774132 -0.7824716696173227
vn -0.024513286004012064 0.6222034916774132 -0.7824716696173227
vn 0.11533487508835412 0.5996976066137675 -0.7918716103069189
vn 0.11533487508835412 0.5996976066137675 -0.7918716103069189
vn 0.11533487508835412 0.5996976066137675 -0.7918716103069189
vn -0.5624897728763788 0.2527842067569688 -0.7872136941286845
vn -0.5624897728763788 0.2527842067569688 -0.7872136941286845
vn -0.5624897728763788 0.2527842067569688 -0.7872136941286845
vn -0.694200402505739 0.08468851519911115 -0.7147822441514896
vn -0.694200402505739 0.08468851519911115 -0.7147822441514896
vn -0.694200402505739 0.08468851519911115 -0.7147822441514896
vn -0.554811499387496 0.2929653623361381 -0.7786883180186112
vn -0.554811499387496 0.2929653623361381 -0.7786883180186112
vn -0.554811499387496 0.2929653623361381 -0.7786883180186112
vn -0.0766609943406871 0.5734237742422494 -0.8156643102897607
vn -0.0766609943406871 0.5734237742422494 -0.8156643102897607
vn -0.0766609943406871 0.5734237742422494 -0.8156643102897607
vn -0.7221902360017599 0.19366911876424447 -0.6640282640526706
vn -0.7221902360017599 0.19366911876424447 -0.6640282640526706
vn -0.7221902360017599 0.19366911876424447 -0.6640282640526706
vn -0.5085262384772826 0.5431121297853155 -0.6681543828040077
vn -0.5085262384772826 0.5431121297853155 -0.6681543828040077
vn -0.5085262384772826 0.5431121297853155 -0.6681543828040077
vn -0.9221895817813872 0.37829291882578986 -0.0803793681247519
vn -0.9221895817813872 0.37829291882578986 -0.0803793681247519
vn -0.9221895817813872 0.37829291882578986 -0.0803793681247519
vn -0.7962870068459593 0.26933577882239024 -0.5416504786063051
vn -0.7962870068459593 0.26933577882239024 -0.5416504786063051
vn -0.7962870068459593 0.26933577882239024 -0.5416504786063051
vn -0.8244191400470187 0.5462198252353151 0.14824636266713662
vn -0.8244191400470187 0.5462198252353151 0.14824636266713662
vn -0.8244191400470187 0.5462198252353151 0.14824636266713662
vn -0.8446254066374905 0.5116037685332714 0.1577006863809058
vn -0.8446254066374905 0.5116037685332714 0.1577006863809058
vn -0.8446254066374905 0.5116037685332714 0.1577006863809058
vn -0.8022277348860589 0.5965629811345496 0.02330817280359704
vn -0.8022277348860589 0.5965629811345496 0.02330817280359704
vn -0.8022277348860589 0.5965629811345496 0.02330817280359704
vn -0.833992251685911 0.5512438475127567 -0.02423106904775205
vn -0.833992251685911 0.5512438475127567 -0.02423106904775205
vn -0.833992251685911 0.5512438475127567 -0.02423106904775205
vn -0.816534928226575 0.3180855248476594 0.48175959758826925
vn -0.816534928226575 0.3180855248476594 0.48175959758826925
vn -0.816534928226575 0.3180855248476594 0.48175959758826925
vn -0.7251851281183982 0.1282456468144714 0.6765054205466798
vn -0.7251851281183982 0.1282456468144714 0.6765054205466798
vn -0.7251851281183982 0.1282456468144714 0.6765054205466798
vn -0.7884689260030023 0.2698243452511318 0.5527310154473601
vn -0.7909536501542064 0.279114430117337 0.5445066190672172
vn -0.7908298219838353 0.27864416893299343 0.5449271692443466
vn -0.8330949430626452 0.5483430156471267 0.072613724835343
vn -0.8330949430626452 0.5483430156471267 0.072613724835343
vn -0.8330949430626452 0.5483430156471267 0.072613724835343
vn 0.24088876813078905 0.8174620058151886 -0.5231906635606561
vn 0.24088876813078905 0.8174620058151886 -0.5231906635606561
vn 0.24088876813078905 0.8174620058151886 -0.5231906635606561
vn -0.47032647697568225 0.8401808094249378 0.26998002246406916
vn -0.47032647697568225 0.8401808094249378 0.26998002246406916
vn -0.47032647697568225 0.8401808094249378 0.26998002246406916
vn -0.02255002832337692 0.9774884589491855 0.20978038240922706
vn -0.02255002832337692 0.9774884589491855 0.20978038240922706
vn -0.02255002832337692 0.9774884589491855 0.20978038240922706
vn 0.06944900781778339 0.8750606217874707 -0.47900495144627736
vn 0.06944900781778339 0.8750606217874707 -0.47900495144627736
vn 0.06944900781778339 0.8750606217874707 -0.47900495144627736
vn -0.5191839888756498 0.6696593703867489 0.5310407831310061
vn -0.5191839888756498 0.6696593703867489 0.5310407831310061
vn -0.5191839888756498 0.6696593703867489 0.5310407831310061
vn 0.2745363874654573 0.9131034757434511 0.3014495223791954
vn 0.2745363874654573 0.9131034757434511 0.3014495223791954
vn 0.2745363874654573 0.9131034757434511 0.3014495223791954
vn -0.5029363119914172 0.8384198686039148 0.21001711837530326
vn -0.5029363119914172 0.8384198686039148 0.21001711837530326
vn -0.5029363119914172 0.8384198686039148 0.21001711837530326
vn -0.33816034691243063 0.7455787837863691 0.5742472089124188
vn -0.33816034691243063 0.7455787837863691 0.5742472089124188
vn -0.33816034691243063 0.7455787837863691 0.5742472089124188
vn -0.1494979872724215 0.7678739502102406 0.6229124724951456
vn -0.1494979872724215 0.7678739502102406 0.6229124724951456
vn -0.1494979872724215 0.7678739502102406 0.6229124724951456
vn 0.1637596004710932 0.7907519638013094 -0.5898255038550982
vn 0.16445793238242498 0.790102304314808 -0.5905014286120979
vn 0.16427358172025638 0.7902733888559169 -0.5903237765963549
vn 0.04307749990788807 0.8001494040724786 -0.5982518367411366
vn 0.04307749990788807 0.8001494040724786 -0.5982518367411366
vn 0.04307749990788807 0.8001494040724786 -0.5982518367411366
vn 0.04380597285052735 0.7759050327247261 0.6293269555128403
vn 0.04380597285052735 0.7759050327247261 0.6293269555128403
vn 0.04380597285052735 0.7759050327247261 0.6293269555128403
vn -0.06147066256057728 0.9337743770658056 0.3525432886607408
vn -0.06147066256057728 0.9337743770658056 0.3525432886607408
vn -0.06147066256057728 0.9337743770658056 0.3525432886607408
vn -0.2518013036531345 0.961202887736083 0.11262820289073759
vn -0.2518013036531345 0.961202887736083 0.11262820289073759
vn -0.2518013036531345 0.961202887736083 0.11262820289073759
vn 0.5180637847338895 0.7743310348564098 0.3633474417212811
vn 0.5180637847338895 0.7743310348564098 0.3633474417212811
vn 0.5180637847338895 0.7743310348564098 0.3633474417212811
vn 0.5199307572938875 0.7081685949948695 0.47767064875581067
vn 0.5199307572938875 0.7081685949948695 0.47767064875581067
vn 0.5199307572938875 0.7081685949948695 0.47767064875581067
vn 0.6105960371898222 0.678726408515428 0.40804771994441197
vn 0.6105960371898222 0.678726408515428 0.40804771994441197
vn 0.6105960371898222 0.678726408515428 0.40804771994441197
vn 0.5092028659798011 0.7801326029634286 0.3634632898539582
vn 0.5092028659798011 0.7801326029634286 0.3634632898539582
vn 0.5092028659798011 0.7801326029634286 0.3634632898539582
vn -0.13944712202144113 0.9889222327415568 0.050865683416146105
vn -0.13944712202144113 0.9889222327415568 0.050865683416146105
vn -0.13944712202144113 0.9889222327415568 0.050865683416146105
vn 0.010735953676018466 0.9999273566510188 0.005479116678122647
vn 0.010096070362966125 0.9999237336488327 0.007113104034423257
vn 0.00959132595844845 0.9999138172177632 0.008964630687332362
vn 0.44048666547363907 0.877898983002792 -0.1877894384212748
vn 0.44048666547363907 0.877898983002792 -0.1877894384212748
vn 0.44048666547363907 0.877898983002792 -0.1877894384212748
vn 0.34718622975052826 0.9191556961848593 -0.18604979989922124
vn 0.34718622975052826 0.9191556961848593 -0.18604979989922124
vn 0.34718622975052826 0.9191556961848593 -0.18604979989922124
vn -0.1762280134621686 0.9798088262045552 0.09443702326328067
vn -0.1762280134621686 0.9798088262045552 0.09443702326328067
vn -0.1762280134621686 0.9798088262045552 0.09443702326328067
vn -0.3643401583124535 0.9182210459868819 0.1553266227908552
vn -0.3643401583124535 0.9182210459868819 0.1553266227908552
vn -0.3643401583124535 0.9182210459868819 0.1553266227908552
vn -0.3639595727789474 0.931414746169807 0
vn -0.3640909733649746 0.9313193412967231 0.00905801527837249
vn -0.3639838168162852 0.9314040717403356 0.001495406758318604
vn -0.3802715380182507 0.8444752934463818 0.3771671196325064
vn -0.3802715380182507 0.8444752934463818 0.3771671196325064
vn -0.3802715380182507 0.8444752934463818 0.3771671196325064
vn -0.03649112585822962 0.9181395436958053 0.3945734101984795
vn -0.03649112585822962 0.9181395436958053 0.3945734101984795
vn -0.03649112585822962 0.9181395436958053 0.3945734101984795
vn 0 1 0
vn 0 1 0
vn 0 1 0
vn 0.4547785979959396 0.8906045288481569 0
vn 0.4547785984989808 0.8906045285912786 -9.811508409484871e-8
vn 0.45477855071892975 0.8906045529896784 -2.1181804692387411e-7
vn 0 0.9369346612393642 0.34950456444555617
vn 0 0.9369346612393642 0.34950456444555617
vn 0 0.9369346612393642 0.34950456444555617
vn 0.13980691166882464 0.927744172608827 0.34604158368610605
vn 0.13980691166882464 0.927744172608827 0.34604158368610605
vn 0.13980691166882464 0.927744172608827 0.34604158368610605
vn 0.16240101825216696 0.9867248396947648 0
vn 0.16240101825216696 0.9867248396947648 0
vn 0.16240101825216696 0.9867248396947648 0
vn 0.39496019632251794 0.8197831520023351 0.4146830440396552
vn 0.3970963649528174 0.8198417409931056 0.41252151055024083
vn 0.39482435567574076 0.8197792146263976 0.4148201627594335
vn 0.41825162435096436 0.8731616541450444 0.2503084186727834
vn 0.41825162435096436 0.8731616541450444 0.2503084186727834
vn 0.41825162435096436 0.8731616541450444 0.2503084186727834
vn 0.5712312085040616 0.791295118850464 0.21805261134510523
vn 0.5700091210129123 0.7915632248903706 0.22026634550753305
vn 0.5701834366421042 0.7915253967318973 0.2199508920359544
vn 0.5452519542166864 0.7465005958261629 0.3813622514802275
vn 0.5452519542166864 0.7465005958261629 0.3813622514802275
vn 0.5452519542166864 0.7465005958261629 0.3813622514802275
vn 0.5896990002769674 0.8053168845637059 0.060990200105851565
vn 0.5896990002769674 0.8053168845637059 0.060990200105851565
vn 0.5896990002769674 0.8053168845637059 0.060990200105851565
vn 0.6418699323501961 0.7228769919698859 0.2558355808430958
vn 0.6418699323501961 0.7228769919698859 0.2558355808430958
vn 0.6418699323501961 0.7228769919698859 0.2558355808430958
vn 0.008995565341096448 0.9999528255254607 0.0036642226790789744
vn 0.010735953676018466 0.9999273566510188 0.005479116678122647
vn 0.008313551583536966 0.9999480889723842 0.005891028818872118
vn 0.007880820153630787 0.999968613777189 0.0008149443128448225
vn 0.008995565341096448 0.9999528255254607 0.0036642226790789744
vn 0.008003002980496297 0.9999653121629093 0.002307902560681414
vn -0.7294069504677033 0.6508779504427554 0.21053121915013856
vn -0.7294069504677033 0.6508779504427554 0.21053121915013856
vn -0.7294069504677033 0.6508779504427554 0.21053121915013856
vn 0.5089814237125049 0.8592256780876004 -0.05166376322428131
vn 0.5089814237125049 0.8592256780876004 -0.05166376322428131
vn 0.5089814237125049 0.8592256780876004 -0.05166376322428131
vn -0.4254586151297548 0.9039468202680689 0.043186953343789046
vn -0.4254586151297548 0.9039468202680689 0.043186953343789046
vn -0.4254586151297548 0.9039468202680689 0.043186953343789046
vn -0.4269371405087206 0.8130752614340321 0.3957692475397972
vn -0.42591794467427424 0.8137826782276278 0.39541327370374246
vn -0.4335856413594656 0.808414812365124 0.398081628256771
vn -0.3639589748654608 0.9314149798102256 0
vn -0.3639589748654608 0.9314149798102256 0
vn -0.3639589748654608 0.9314149798102256 0
vn -0.3541804586846307 0.9351770969639623 0
vn -0.3541677929578284 0.9351397064537187 -0.008882783630914663
vn -0.35418163250371726 0.9351755585979225 -0.0014303139744678882
vn -0.4547781704907418 0.8906047471494206 -1.0254464826000799e-7
vn -0.4547785743574403 0.8906045409189278 0
vn -0.45477819463225727 0.8906047348217774 -2.3767255196859226e-7
vn -0.45477809907219996 0.8906047836185681 0
vn -0.4547781704907418 0.8906047471494206 -1.0254464826000799e-7
vn -0.4547779089580632 0.8906048806983038 -3.0259729722115343e-7
vn -0.4547785270804387 0.8906045650604688 0
vn -0.4547783606048476 0.8906046500695843 -1.4016445392341741e-8
vn -0.45477814685223356 0.890604759220187 -3.025973309127691e-8
vn 0 0.8906046983526479 0.4547782660508186
vn 0 0.8906046983526479 0.4547782660508186
vn 0 0.8906046983526479 0.4547782660508186
vn -0.2820425348653285 0.8544478468128337 0.43631512190577587
vn -0.2828147928503058 0.8567877172845536 0.43119670738001065
vn -0.28213315860543037 0.8547234431723181 0.4357163257292296
vn 0.5593516619570089 0.8289304664843318 0
vn 0.5593516619570089 0.8289304664843318 0
vn 0.5593516619570089 0.8289304664843318 0
vn 0.4222732936593434 0.8151743155162136 0.3964544119880151
vn 0.4222732936593434 0.8151743155162136 0.3964544119880151
vn 0.4222732936593434 0.8151743155162136 0.3964544119880151
vn 0.40398146145730285 0.8069803404558276 -0.4307919554919965
vn 0.40398146145730285 0.8069803404558276 -0.4307919554919965
vn 0.40398146145730285 0.8069803404558276 -0.4307919554919965
vn 0.7299414525183637 0.5972825004067291 -0.3323237737557559
vn 0.7299414525183637 0.5972825004067291 -0.3323237737557559
vn 0.7299414525183637 0.5972825004067291 -0.3323237737557559
vn 0.5561207493878579 0.7504584528352102 0.35712998007513974
vn 0.5561207493878579 0.7504584528352102 0.35712998007513974
vn 0.5561207493878579 0.7504584528352102 0.35712998007513974
vn 0.5810361740876722 0.8015661339414007 -0.14102729281879092
vn 0.5810361740876722 0.8015661339414007 -0.14102729281879092
vn 0.5810361740876722 0.8015661339414007 -0.14102729281879092
vn 0.5670106114413648 0.8174081017206987 -0.10170035277349722
vn 0.5651553162377475 0.8174297053261399 -0.11139185508209969
vn 0.5640823808680301 0.8201302242834457 -0.09590350781405027
vn 0.42715621371386286 0.9008515524179693 -0.07748580251743703
vn 0.42683917563244744 0.901059391700809 -0.07681335022755527
vn 0.4271759590581861 0.9008606465042884 -0.07727092326738631
vn 0.42625674462241614 0.9004647701545313 -0.08641982049534308
vn 0.42715621371386286 0.9008515524179693 -0.07748580251743703
vn 0.42645372458761627 0.9004946004920176 -0.08512752357534799
vn 0.4178012602091681 0.863132117652051 0.28362837383646394
vn 0.4178012602091681 0.863132117652051 0.28362837383646394
vn 0.4178012602091681 0.863132117652051 0.28362837383646394
vn 0.48878114566175446 0.8503429741907432 -0.1949610676263956
vn 0.48878114566175446 0.8503429741907432 -0.1949610676263956
vn 0.48878114566175446 0.8503429741907432 -0.1949610676263956
vn -0.3736545018037733 0.6462774652299416 -0.6653628718359146
vn -0.3736545018037733 0.6462774652299416 -0.6653628718359146
vn -0.3736545018037733 0.6462774652299416 -0.6653628718359146
vn -0.4819743872169367 0.8128008836221964 -0.32719323594755884
vn -0.4819743872169367 0.8128008836221964 -0.32719323594755884
vn -0.4819743872169367 0.8128008836221964 -0.32719323594755884
vn -0.5539160298483964 0.7572183510114262 -0.34611761117938933
vn -0.5539160298483964 0.7572183510114262 -0.34611761117938933
vn -0.5539160298483964 0.7572183510114262 -0.34611761117938933
vn -0.396508833716271 0.9180309062253635 0
vn -0.396508833716271 0.9180309062253635 0
vn -0.396508833716271 0.9180309062253635 0
vn 0 1 0
vn 0 1 0
vn 0 1 0
vn 0 0.9196358354643849 -0.3927721096637627
vn 0 0.9196358354643849 -0.3927721096637627
vn 0 0.9196358354643849 -0.3927721096637627
vn -0.010908608442037357 0.9373540178747277 -0.3482074775704322
vn -0.010908608442037357 0.9373540178747277 -0.3482074775704322
vn -0.010908608442037357 0.9373540178747277 -0.3482074775704322
vn 0 0.890604686538746 -0.4547782891863046
vn 0 0.890604686538746 -0.4547782891863046
vn 0 0.890604686538746 -0.4547782891863046
vn 0.15344010319230558 0.8799286240997048 -0.4496462512045833
vn 0.1531509720314614 0.8800980833711918 -0.4494131099691832
vn 0.15340493073045058 0.8799492403369358 -0.4496179062915923
vn 0.16161108042310407 0.9251009240352074 -0.343613356890681
vn 0.16161108042310407 0.9251009240352074 -0.343613356890681
vn 0.16161108042310407 0.9251009240352074 -0.343613356890681
vn 0.40505443495741916 0.8785974106697803 -0.2529772612028273
vn 0.40505443495741916 0.8785974106697803 -0.2529772612028273
vn 0.40505443495741916 0.8785974106697803 -0.2529772612028273
vn 0.42022278803573376 0.8064748625379743 -0.4159460355741238
vn 0.4217958242076122 0.8048150765504072 -0.41756553406403546
vn 0.4202008366413151 0.806497959136664 -0.4159234290038668
vn 0.7675785711440457 0.5658973229144096 -0.3009706913285239
vn 0.7675785711440457 0.5658973229144096 -0.3009706913285239
vn 0.7675785711440457 0.5658973229144096 -0.3009706913285239
vn 0.6130507969209078 0.7639707654728067 -0.20128931888586046
vn 0.6130507969209078 0.7639707654728067 -0.20128931888586046
vn 0.6130507969209078 0.7639707654728067 -0.20128931888586046
vn 0.3070239669173535 0.9497221542634589 0.06135237109930516
vn 0.3070239669173535 0.9497221542634589 0.06135237109930516
vn 0.3070239669173535 0.9497221542634589 0.06135237109930516
vn 0.6082641901989725 0.7921171554669622 -0.050646687320264436
vn 0.6082641901989725 0.7921171554669622 -0.050646687320264436
vn 0.6082641901989725 0.7921171554669622 -0.050646687320264436
vn 0.002121700596646372 0.9853039031941113 0.17079729721815723
vn 0.002121700596646372 0.9853039031941113 0.17079729721815723
vn 0.002121700596646372 0.9853039031941113 0.17079729721815723
vn -0.14284605344740867 0.9657969255281564 0.21640541503128072
vn -0.14284605344740867 0.9657969255281564 0.21640541503128072
vn -0.14284605344740867 0.9657969255281564 0.21640541503128072
vn -0.2313875321082582 0.9573203565932271 -0.17319799316697124
vn -0.2313875321082582 0.9573203565932271 -0.17319799316697124
vn -0.2313875321082582 0.9573203565932271 -0.17319799316697124
vn 0.4361287514717464 0.8944562373880803 0.09869017953805663
vn 0.4361287514717464 0.8944562373880803 0.09869017953805663
vn 0.4361287514717464 0.8944562373880803 0.09869017953805663
vn -0.2492611940007815 0.9667923219266812 -0.05640446284578149
vn -0.2492611940007815 0.9667923219266812 -0.05640446284578149
vn -0.2492611940007815 0.9667923219266812 -0.05640446284578149
vn -0.051170622995622965 0.978546096579805 -0.19957230321531746
vn -0.051170622995622965 0.978546096579805 -0.19957230321531746
vn -0.051170622995622965 0.978546096579805 -0.19957230321531746
vn 0.16809656035574203 0.9565222187642262 0.23834594900465647
vn 0.16809656035574203 0.9565222187642262 0.23834594900465647
vn 0.16809656035574203 0.9565222187642262 0.23834594900465647
vn -0.3534510929324642 0.8148186571419719 -0.45950286275299773
vn -0.3534510929324642 0.8148186571419719 -0.45950286275299773
vn -0.3534510929324642 0.8148186571419719 -0.45950286275299773
vn -0.33051723596545013 0.8226742236695691 -0.4625640263135806
vn -0.33051723596545013 0.8226742236695691 -0.4625640263135806
vn -0.33051723596545013 0.8226742236695691 -0.4625640263135806
vn 0.18434569160714653 0.9539565999208797 0.23660826581773806
vn 0.18434569160714653 0.9539565999208797 0.23660826581773806
vn 0.18434569160714653 0.9539565999208797 0.23660826581773806
vn 0.0746015606232804 0.9627041789896991 0.260067819824638
vn 0.07468379638257669 0.9627393934452926 0.25991381430481153
vn 0.07456591530349425 0.9626888977064573 0.26013460075060874
vn -0.12387607076763654 0.892886089955232 -0.4329077840090529
vn -0.12387607076763654 0.892886089955232 -0.4329077840090529
vn -0.12387607076763654 0.892886089955232 -0.4329077840090529
vn 0.10631799738214137 0.8947460089298857 -0.4337350146537537
vn 0.10631799738214137 0.8947460089298857 -0.4337350146537537
vn 0.10631799738214137 0.8947460089298857 -0.4337350146537537
vn -0.05010627120536715 0.9657031124989979 0.25476824781679897
vn -0.0556667814193087 0.9639031197052019 0.26036894067648325
vn -0.05523655326738633 0.9640445891892753 0.25993644076585465
vn -0.20226826653052146 0.9330572112833406 0.2974756945145158
vn -0.1971212761300378 0.9345503982835311 0.2962410430122045
vn -0.20466049215897064 0.9323527904240768 0.29804757529241077
vn 0.24847382658150682 0.8734630614168385 -0.41871593932434364
vn 0.25242805911936694 0.8706794097895318 -0.42213438658534075
vn 0.2516670573716081 0.8712176848953374 -0.4214776835842256
vn 0.3910258753151139 0.8072829930860543 -0.4420327294534543
vn 0.3910258753151139 0.8072829930860543 -0.4420327294534543
vn 0.3910258753151139 0.8072829930860543 -0.4420327294534543
vn -0.1971212761300378 0.9345503982835311 0.2962410430122045
vn -0.20226826653052146 0.9330572112833406 0.2974756945145158
vn -0.19474445538336715 0.9352299693460476 0.29566789060435145
vn -0.06679437776778625 0.965729852091315 0.25080742388992583
vn -0.06679437776778625 0.965729852091315 0.25080742388992583
vn -0.06679437776778625 0.965729852091315 0.25080742388992583
vn -0.0212866051532791 0.9977925249293815 0.06290435307749176
vn -0.0212866051532791 0.9977925249293815 0.06290435307749176
vn -0.0212866051532791 0.9977925249293815 0.06290435307749176
vn -0.37073137346753804 0.9075508466607525 0.1972554421358865
vn -0.37073137346753804 0.9075508466607525 0.1972554421358865
vn -0.37073137346753804 0.9075508466607525 0.1972554421358865
vn 0.3344241671664317 0.9311786636621949 0.1451439725077399
vn 0.3344241671664317 0.9311786636621949 0.1451439725077399
vn 0.3344241671664317 0.9311786636621949 0.1451439725077399
vn -0.6048926813922207 0.7098921062043883 0.36077422516974084
vn -0.604892519570975 0.7098918177771232 0.3607750640221261
vn -0.6048926484531797 0.7098920079430288 0.36077447374490446
vn -0.4818730111784749 0.702102192381995 0.524262255507857
vn -0.48187303704301426 0.7021020240124585 0.5242624572182821
vn -0.4818730620507185 0.7021021200540031 0.5242623056119317
vn -0.3788280674189442 0.8286249339209407 0.41215290150640027
vn -0.3788280674189442 0.8286249339209407 0.41215290150640027
vn -0.3788280674189442 0.8286249339209407 0.41215290150640027
vn -0.46792541917881136 0.8385454234106656 0.27908309687862
vn -0.46792541917881136 0.8385454234106656 0.27908309687862
vn -0.46792541917881136 0.8385454234106656 0.27908309687862
vn -0.19662577238668347 0.6452234601059503 0.73825807964576
vn -0.19662590524077514 0.6452226108114054 0.7382587865281112
vn -0.19662576453317288 0.6452233640233841 0.7382581657117602
vn -0.07259326511613227 0.610068030216888 0.7890166134924316
vn -0.07259325951990031 0.6100683408144446 0.7890163738530318
vn -0.07259326988774893 0.6100680673077329 0.7890165843747593
vn -0.07823574781248802 0.520380105640844 0.8503432915108137
vn -0.07823574781248802 0.520380105640844 0.8503432915108137
vn -0.07823574781248802 0.520380105640844 0.8503432915108137
vn -0.21652347386049747 0.5405566826317982 0.8129674397720291
vn -0.21652347386049747 0.5405566826317982 0.8129674397720291
vn -0.21652347386049747 0.5405566826317982 0.8129674397720291
vn -0.20549381648876452 0.6352068590046619 0.7445028795500483
vn -0.20549362827640785 0.6352067568050185 0.7445030186957253
vn -0.20549377233430707 0.6352068010971227 0.7445029411438053
vn -0.24673796839251327 0.6365552454055883 0.7306967869781327
vn -0.24673816780178331 0.6365544467923197 0.7306974153633929
vn -0.24673802021489663 0.6365550465143403 0.7306969427454582
vn -0.2847744795511825 0.4557220594605955 0.8433391371905767
vn -0.2847744795511825 0.4557220594605955 0.8433391371905767
vn -0.2847744795511825 0.4557220594605955 0.8433391371905767
vn -0.1796426179127728 0.7376515858133259 0.6508445803542741
vn -0.1796426179127728 0.7376515858133259 0.6508445803542741
vn -0.1796426179127728 0.7376515858133259 0.6508445803542741
vn -0.2053108780296321 0.639076878886219 0.7412342316945101
vn -0.20531070893359918 0.6390774455772391 0.7412337899419142
vn -0.20531082863997152 0.6390769835087053 0.7412341551713483
vn -0.09302669731349962 0.6498481012728335 0.7543497059448194
vn -0.09302623247468549 0.6498478501337707 0.7543499796169431
vn -0.09302660770089634 0.6498480477894507 0.7543497630700917
vn -0.10581307647339194 0.5025682107002281 0.8580377535055244
vn -0.10581307647339194 0.5025682107002281 0.8580377535055244
vn -0.10581307647339194 0.5025682107002281 0.8580377535055244
vn -0.23734464136161573 0.4586023762677014 0.8563593764877825
vn -0.23722342359457804 0.4584989703594809 0.8564483297183569
vn -0.2373601162129813 0.45861556429184125 0.8563480247076163
vn 0.09147503538584219 0.6643897576212742 0.7417671924998459
vn 0.09147446891880177 0.6643907692809319 0.741766356227023
vn 0.09147491843972073 0.6643899528727374 0.741767032037828
vn 0.25253940946916337 0.6712146555737346 0.696918024453378
vn 0.25253940946916337 0.6712146555737346 0.696918024453378
vn 0.25253940946916337 0.6712146555737346 0.696918024453378
vn 0.20750605433903355 0.8222849722538464 0.5298949535692308
vn 0.20750605433903355 0.8222849722538464 0.5298949535692308
vn 0.20750605433903355 0.8222849722538464 0.5298949535692308
vn 0.09887056358242818 0.5894368028884381 0.801741147165062
vn 0.09887056358242818 0.5894368028884381 0.801741147165062
vn 0.09887056358242818 0.5894368028884381 0.801741147165062
vn 0.38331053574458235 0.7263282145842028 0.570543914073339
vn 0.38331053574458235 0.7263282145842028 0.570543914073339
vn 0.38331053574458235 0.7263282145842028 0.570543914073339
vn 0.38283704585291506 0.8596786530607481 0.3382135564909707
vn 0.38283704585291506 0.8596786530607481 0.3382135564909707
vn 0.38283704585291506 0.8596786530607481 0.3382135564909707
vn 0.493063960812278 0.6854591015278007 0.5357553085885466
vn 0.493063960812278 0.6854591015278007 0.5357553085885466
vn 0.493063960812278 0.6854591015278007 0.5357553085885466
vn 0.30783267852786883 0.882773550736448 0.3548942098013456
vn 0.30783267852786883 0.882773550736448 0.3548942098013456
vn 0.30783267852786883 0.882773550736448 0.3548942098013456
vn 0.25632577655683064 0.9453847827729555 0.20135716717780197
vn 0.25632577655683064 0.9453847827729555 0.20135716717780197
vn 0.25632577655683064 0.9453847827729555 0.20135716717780197
vn 0.21541160570632634 0.9635692339701951 0.15853129493293583
vn 0.21541159200547785 0.9635692393393795 0.15853128091513982
vn 0.21541159333454865 0.9635692382339731 0.15853128582797635
vn 0.4978207753889087 0.7862076456216364 0.3661311425667979
vn 0.4975930348698238 0.7863188818219768 0.3662018401636922
vn 0.505955895829857 0.7821959254961657 0.36356315216507257
vn 0.47150533059172633 0.7734498055903798 0.42362497737478955
vn 0.47150533059172633 0.7734498055903798 0.42362497737478955
vn 0.47150533059172633 0.7734498055903798 0.42362497737478955
vn 0.2384279418904289 0.9641431760045321 0.11653348312732999
vn 0.2384278677486668 0.964143178128579 0.1165336172481898
vn 0.23842795538525255 0.9641431709695902 0.11653349717360914
vn 0.26635608274285716 0.9626470990494858 0.04863126440356773
vn 0.2663560376797033 0.9626470919997587 0.04863165076343261
vn 0.26635607053093874 0.9626471030189508 0.04863125271406093
vn 0.3151635878875005 0.9472912709999702 0.05754268639139728
vn 0.3151635878875005 0.9472912709999702 0.05754268639139728
vn 0.3151635878875005 0.9472912709999702 0.05754268639139728
vn 0.5362418920204578 0.8023418829335487 0.26209184675027053
vn 0.5362418920204578 0.8023418829335487 0.26209184675027053
vn 0.5362418920204578 0.8023418829335487 0.26209184675027053
vn 0.2958412748032643 0.9537087254819389 -0.05401487815773974
vn 0.29584142986374196 0.9537086622421028 -0.05401514547379556
vn 0.29584129168002915 0.953708720283221 -0.05401487751381952
vn 0.30304154463279476 0.9483048824986726 -0.09425323366202676
vn 0.30304154463279476 0.9483048824986726 -0.09425323366202676
vn 0.30304154463279476 0.9483048824986726 -0.09425323366202676
vn 0.6321166965884529 0.7306894812241158 -0.2579173587072691
vn 0.6321166965884529 0.7306894812241158 -0.2579173587072691
vn 0.6321166965884529 0.7306894812241158 -0.2579173587072691
vn 0.3361535176516944 0.9398121291886523 -0.06126968581838584
vn 0.3362696280663559 0.9397623013107727 -0.06139669596317831
vn 0.3361560719733424 0.9398110320437173 -0.06127250055592845
vn 0.362337288919188 0.9263997018587232 -0.10244648092912544
vn 0.362337288919188 0.9263997018587232 -0.10244648092912544
vn 0.362337288919188 0.9263997018587232 -0.10244648092912544
vn 0.5373616281708975 0.8229094244377246 -0.1845604500999467
vn 0.5373616281708975 0.8229094244377246 -0.1845604500999467
vn 0.5373616281708975 0.8229094244377246 -0.1845604500999467
vn 0.7683942257496138 0.5253977734229108 -0.3654141397331242
vn 0.7683942257496138 0.5253977734229108 -0.3654141397331242
vn 0.7683942257496138 0.5253977734229108 -0.3654141397331242
vn 0.6941897530548781 0.6129479705371482 -0.37735311336730537
vn 0.6941897530548781 0.6129479705371482 -0.37735311336730537
vn 0.6941897530548781 0.6129479705371482 -0.37735311336730537
vn 0.7336148946693857 0.6719179503107688 -0.10166343673809791
vn 0.7336148946693857 0.6719179503107688 -0.10166343673809791
vn 0.7336148946693857 0.6719179503107688 -0.10166343673809791
vn 0.7207043366728474 0.6502864537477855 -0.24023485836381098
vn 0.7207043717227244 0.6502862527782586 -0.24023529721371858
vn 0.720704288543596 0.6502865295303853 -0.2402347976172401
vn 0.5664423971677461 0.8021794688382466 -0.1888150165247616
vn 0.5664423971677461 0.8021794688382466 -0.1888150165247616
vn 0.5664423971677461 0.8021794688382466 -0.1888150165247616
vn 0.688390686787315 0.7196070704288393 -0.09101607843294723
vn 0.688390686787315 0.7196070704288393 -0.09101607843294723
vn 0.688390686787315 0.7196070704288393 -0.09101607843294723
vn 0.24012541822683744 0.6506894840911845 -0.7203769699362511
vn 0.2401253775012293 0.6506899313285068 -0.7203765795385043
vn 0.24012544904483593 0.6506893868597997 -0.720377047489045
vn 0.18529701321873268 0.6384925872939881 -0.7469887769323217
vn 0.18529717990159963 0.6384922474698403 -0.7469890260515386
vn 0.1852970625266858 0.6384925518138728 -0.7469887950278709
vn 0.19802017180671005 0.5688048674586786 -0.7982787948536251
vn 0.19802017180671005 0.5688048674586786 -0.7982787948536251
vn 0.19802017180671005 0.5688048674586786 -0.7982787948536251
vn 0.2576795050583626 0.5796647360303099 -0.7730394986517756
vn 0.2576795050583626 0.5796647360303099 -0.7730394986517756
vn 0.2576795050583626 0.5796647360303099 -0.7730394986517756
vn 0.4541940890493046 0.6497928361950219 -0.6094891299295679
vn 0.45374858131242024 0.6498751773989668 -0.6097331209288431
vn 0.4537485081419234 0.6498753198627095 -0.6097330235376135
vn 0.4450627262901448 0.6514502757221061 -0.6144360893768982
vn 0.4541940890493046 0.6497928361950219 -0.6094891299295679
vn 0.4446535480587109 0.6515226469765018 -0.6146555642597995
vn 0.48828302827901693 0.5542232878345736 -0.6741040212878932
vn 0.48828302827901693 0.5542232878345736 -0.6741040212878932
vn 0.48828302827901693 0.5542232878345736 -0.6741040212878932
vn 0.5061555427924983 0.5302773633528072 -0.6801562205964351
vn 0.5061555427924983 0.5302773633528072 -0.6801562205964351
vn 0.5061555427924983 0.5302773633528072 -0.6801562205964351
vn 0.1330814383883849 0.6958279130291788 -0.7057711004326659
vn 0.13308154933589303 0.6958274525992675 -0.7057715334551065
vn 0.13308144742726793 0.6958278823777481 -0.7057711289478779
vn -0.20050689485733042 0.6885950021885566 -0.6968743847176573
vn -0.20050721175912425 0.6885949562434782 -0.6968743389368158
vn -0.20050693169100448 0.6885949667314856 -0.6968744091555689
vn -0.2203456976430414 0.6035210456152486 -0.766296366316374
vn -0.2204944540510579 0.6034100378386814 -0.7663409958812374
vn -0.2203284270089726 0.6035338600919481 -0.7662912396564799
vn 0.15089169251101667 0.6146217021014894 -0.7742556815658693
vn 0.14660993542834444 0.6115335957423077 -0.7775166802790666
vn 0.14675253371334332 0.6116412770360269 -0.7774050694936665
vn -0.43674569435617633 0.6513066159619885 -0.6205263011875358
vn -0.4370511469659161 0.6512591390922281 -0.6203610470400501
vn -0.4370514670931351 0.6512586507837133 -0.6203613341360951
vn -0.4280267422631153 0.6526724198930068 -0.6251494383094585
vn -0.43674569435617633 0.6513066159619885 -0.6205263011875358
vn -0.42833170731721415 0.6526255078135692 -0.6249895159583088
vn -0.4604620968237488 0.5793853070812242 -0.6725231024485865
vn -0.4604620968237488 0.5793853070812242 -0.6725231024485865
vn -0.4604620968237488 0.5793853070812242 -0.6725231024485865
vn -0.47426764642182095 0.5673527536359044 -0.6731872343555418
vn -0.47437027781778013 0.5673311078231187 -0.6731331618775551
vn -0.47453021927870653 0.5672975173530823 -0.6730487335968562
vn -0.171685531573493 0.6361042895120884 -0.752260201733847
vn -0.1716856065721739 0.6361040485246098 -0.7522603883939029
vn -0.1716855436581189 0.6361041598673997 -0.7522603086021526
vn -0.23977790852947942 0.6519703290766283 -0.7193338895012119
vn -0.23977787970026443 0.6519706488332724 -0.7193336092984726
vn -0.23977792161116884 0.6519702645247325 -0.7193339436474401
vn -0.17901089517435415 0.824348607069724 -0.5370330282497362
vn -0.17901089517435415 0.824348607069724 -0.5370330282497362
vn -0.17901089517435415 0.824348607069724 -0.5370330282497362
vn -0.13817569548170117 0.7838100753943249 -0.6054331035618145
vn -0.13817569548170117 0.7838100753943249 -0.6054331035618145
vn -0.13817569548170117 0.7838100753943249 -0.6054331035618145
vn -0.3634227985398656 0.6804687742948162 -0.6363066216150536
vn -0.3634227985398656 0.6804687742948162 -0.6363066216150536
vn -0.3634227985398656 0.6804687742948162 -0.6363066216150536
vn -0.9338261363398681 0.3567522490002796 0.026392800567516726
vn -0.9338261363398681 0.3567522490002796 0.026392800567516726
vn -0.9338261363398681 0.3567522490002796 0.026392800567516726
vn -0.8784616864849786 0.46731359849993526 0.09961458746091735
vn -0.8784616864849786 0.46731359849993526 0.09961458746091735
vn -0.8784616864849786 0.46731359849993526 0.09961458746091735
vn -0.29697511500758605 0.7110700705420533 -0.6373265535387258
vn -0.29697511500758605 0.7110700705420533 -0.6373265535387258
vn -0.29697511500758605 0.7110700705420533 -0.6373265535387258
vn -0.6592792211976883 0.6527790367214479 -0.3731359507123217
vn -0.6592794029027833 0.6527788011655259 -0.37313604175561527
vn -0.6592792138662937 0.6527790294623373 -0.37313597636525303
vn -0.6518734803122023 0.6510755529921384 -0.3887950487874533
vn -0.6518734509515753 0.6510756428037773 -0.3887949476165198
vn -0.6518735029719642 0.6510755756241635 -0.38879497289538717
vn -0.5641868654195416 0.7539648733941932 -0.3364968804844264
vn -0.5641868654195416 0.7539648733941932 -0.3364968804844264
vn -0.5641868654195416 0.7539648733941932 -0.3364968804844264
vn -0.7590565705005053 0.48915273963693673 -0.4296076350411973
vn -0.7590565705005053 0.48915273963693673 -0.4296076350411973
vn -0.7590565705005053 0.48915273963693673 -0.4296076350411973
vn -0.709001851045135 0.6766843936370274 -0.19853112255427607
vn -0.7090017264609876 0.6766844453949339 -0.1985313910591706
vn -0.7090018458043746 0.6766843859182726 -0.19853116757929962
vn -0.7224494990171837 0.6900222495667555 -0.044000187188859806
vn -0.7224493550529579 0.6900224020615165 -0.04400015950903019
vn -0.7224494707590248 0.690022279506249 -0.04400018164741097
vn -0.8398982715843518 0.5403278958871662 -0.05115328255123137
vn -0.8398982715843518 0.5403278958871662 -0.05115328255123137
vn -0.8398982715843518 0.5403278958871662 -0.05115328255123137
vn -0.8307510468293092 0.5057061821692027 -0.23262406476513975
vn -0.8307510468293092 0.5057061821692027 -0.23262406476513975
vn -0.8307510468293092 0.5057061821692027 -0.23262406476513975
vn -0.7160467068605157 0.6966887867371435 0.043610182629032615
vn -0.7160469995507 0.6966884255318332 0.04361114724947395
vn -0.716046761683764 0.6966887224803628 0.04361030899769801
vn -0.6815636580262647 0.706433397401487 0.190847675106745
vn -0.6815637170785307 0.706433396828954 0.19084746633582017
vn -0.6815636638410625 0.7064334034284623 0.19084763203148958
vn -0.7583645677069317 0.616270620626927 0.21235278335538868
vn -0.7583645677069317 0.616270620626927 0.21235278335538868
vn -0.7583645677069317 0.616270620626927 0.21235278335538868
vn -0.8071694409107093 0.5882693716298334 0.049159333418322175
vn -0.8071694409107093 0.5882693716298334 0.049159333418322175
vn -0.8071694409107093 0.5882693716298334 0.049159333418322175
vn -0.5873018504207586 0.1173943802917933 0.8008090259033416
vn -0.5873018504207586 0.1173943802917933 0.8008090259033416
vn -0.5873018504207586 0.1173943802917933 0.8008090259033416
vn -0.35044464400255315 0.26302689262325124 0.8988912087938564
vn -0.35044464400255315 0.26302689262325124 0.8988912087938564
vn -0.35044464400255315 0.26302689262325124 0.8988912087938564
vn -0.3069784278434686 0.5345705634748144 0.7873998714153895
vn -0.3069784278434686 0.5345705634748144 0.7873998714153895
vn -0.3069784278434686 0.5345705634748144 0.7873998714153895
vn -0.5668773321186081 0.2849277390107374 0.7729594257607049
vn -0.5668773321186081 0.2849277390107374 0.7729594257607049
vn -0.5668773321186081 0.2849277390107374 0.7729594257607049
vn -0.11403237375399924 0.465859058013141 0.8774804589295064
vn -0.11403237375399924 0.465859058013141 0.8774804589295064
vn -0.11403237375399924 0.465859058013141 0.8774804589295064
vn 0.14535549179457294 0.5179045824607054 0.8429985910257267
vn 0.13796008422044237 0.5238558383729469 0.8405605723351918
vn 0.13817460550980146 0.5236872326979014 0.8406303948236851
vn 0.13776773048701804 0.5922769236880643 0.7938690686146294
vn 0.13776773048701804 0.5922769236880643 0.7938690686146294
vn 0.13776773048701804 0.5922769236880643 0.7938690686146294
vn -0.10174462442930612 0.6137385661978805 0.7829259248237405
vn -0.10174462442930612 0.6137385661978805 0.7829259248237405
vn -0.10174462442930612 0.6137385661978805 0.7829259248237405
vn 0.3266611508151849 0.4951525046880365 0.8050568238635475
vn 0.3266611508151849 0.4951525046880365 0.8050568238635475
vn 0.3266611508151849 0.4951525046880365 0.8050568238635475
vn 0.4821154089849473 0.6558063507484342 0.5809326662680442
vn 0.4821154089849473 0.6558063507484342 0.5809326662680442
vn 0.4821154089849473 0.6558063507484342 0.5809326662680442
vn 0.4963985200540171 0.59646336025872 0.6307297116491801
vn 0.4963985200540171 0.59646336025872 0.6307297116491801
vn 0.4963985200540171 0.59646336025872 0.6307297116491801
vn 0.32675761590954655 0.5328588584628078 0.7805708791665386
vn 0.32675761590954655 0.5328588584628078 0.7805708791665386
vn 0.32675761590954655 0.5328588584628078 0.7805708791665386
vn 0.7377401674073012 0.5990420163907932 0.31126854642302
vn 0.7377401674073012 0.5990420163907932 0.31126854642302
vn 0.7377401674073012 0.5990420163907932 0.31126854642302
vn 0.7123489169158679 0.7016674668648684 0.014892498522037377
vn 0.7123489169158679 0.7016674668648684 0.014892498522037377
vn 0.7123489169158679 0.7016674668648684 0.014892498522037377
vn 0.6863114039710178 0.7272188453601277 0.011375751949358656
vn 0.6852202845715579 0.728219253086048 0.013033842352568
vn 0.6853113842181133 0.728136006910419 0.012894266229749691
vn 0.6798366594250751 0.6815846251580503 0.27067418652304964
vn 0.6798366594250751 0.6815846251580503 0.27067418652304964
vn 0.6798366594250751 0.6815846251580503 0.27067418652304964
vn 0.6923779860356287 0.7163943663981287 -0.08597578872142171
vn 0.6994564704944942 0.7093920285806593 -0.08673866306095611
vn 0.6908915786237256 0.7178471837517023 -0.08581519309869366
vn 0.7087325397509069 0.6977332775052872 -0.10424231655119282
vn 0.7075524279746949 0.6973830411834132 -0.11413349874987626
vn 0.7085444413892231 0.6976804227823742 -0.10586218514012198
vn 0.7255596787011644 0.6798340967352783 -0.10671810324022483
vn 0.7255596787011644 0.6798340967352783 -0.10671810324022483
vn 0.7255596787011644 0.6798340967352783 -0.10671810324022483
vn 0.6994564704944942 0.7093920285806593 -0.08673866306095611
vn 0.6923779860356287 0.7163943663981287 -0.08597578872142171
vn 0.7008197933515627 0.7080272466331798 -0.08688518442007921
vn 0.741139461518463 0.6703670530354786 -0.03633610855128364
vn 0.7366595195455027 0.6752986890876309 -0.03611693203355562
vn 0.7422368924280411 0.6691487848867059 -0.0363909219917486
vn 0.7533602758116991 0.6150745189006347 -0.23266205326196507
vn 0.7533602758116991 0.6150745189006347 -0.23266205326196507
vn 0.7533602758116991 0.6150745189006347 -0.23266205326196507
vn 0.7367652855203894 0.6380865827409152 -0.2236569403753881
vn 0.7367652855203894 0.6380865827409152 -0.2236569403753881
vn 0.7367652855203894 0.6380865827409152 -0.2236569403753881
vn 0.7366595195455027 0.6752986890876309 -0.03611693203355562
vn 0.741139461518463 0.6703670530354786 -0.03633610855128364
vn 0.7356226178858434 0.6764307970155933 -0.03606578577582738
vn 0.5518750535647861 0.467401086207224 -0.6906302555384984
vn 0.5518750535647861 0.467401086207224 -0.6906302555384984
vn 0.5518750535647861 0.467401086207224 -0.6906302555384984
vn 0.34939936514368586 0.46728140061073525 -0.8121380278502286
vn 0.34939936514368586 0.46728140061073525 -0.8121380278502286
vn 0.34939936514368586 0.46728140061073525 -0.8121380278502286
vn 0.3505802878859619 0.5684545360931226 -0.7442801234353559
vn 0.3505802878859619 0.5684545360931226 -0.7442801234353559
vn 0.3505802878859619 0.5684545360931226 -0.7442801234353559
vn 0.546371040683916 0.5134468655446663 -0.6617031072651328
vn 0.546371040683916 0.5134468655446663 -0.6617031072651328
vn 0.546371040683916 0.5134468655446663 -0.6617031072651328
vn 0.14573724737186644 0.5617326584978611 -0.8143814064094271
vn 0.14573724737186644 0.5617326584978611 -0.8143814064094271
vn 0.14573724737186644 0.5617326584978611 -0.8143814064094271
vn -0.10630591084387031 0.5837439227620067 -0.8049484989476529
vn -0.10630591084387031 0.5837439227620067 -0.8049484989476529
vn -0.10630591084387031 0.5837439227620067 -0.8049484989476529
vn -0.10750554181463948 0.5707803398852337 -0.8140346197058438
vn -0.10750554181463948 0.5707803398852337 -0.8140346197058438
vn -0.10750554181463948 0.5707803398852337 -0.8140346197058438
vn 0.14553158041025538 0.6158335232511629 -0.7743188172473616
vn 0.14553158041025538 0.6158335232511629 -0.7743188172473616
vn 0.14553158041025538 0.6158335232511629 -0.7743188172473616
vn -0.3193577595821831 0.4982797144298565 -0.8060570374249885
vn -0.3193577595821831 0.4982797144298565 -0.8060570374249885
vn -0.3193577595821831 0.4982797144298565 -0.8060570374249885
vn -0.576580671067281 0.2480292330785196 -0.778483287739747
vn -0.576580671067281 0.2480292330785196 -0.778483287739747
vn -0.576580671067281 0.2480292330785196 -0.778483287739747
vn -0.5726496332034241 0.27252845789190705 -0.7731756832900547
vn -0.5726496332034241 0.27252845789190705 -0.7731756832900547
vn -0.5726496332034241 0.27252845789190705 -0.7731756832900547
vn -0.3445461566789923 0.35359059495498446 -0.8696330473694727
vn -0.3445461566789923 0.35359059495498446 -0.8696330473694727
vn -0.3445461566789923 0.35359059495498446 -0.8696330473694727
vn -0.8164068911177379 0.08306485266636218 -0.5714718001677649
vn -0.8164068911177379 0.08306485266636218 -0.5714718001677649
vn -0.8164068911177379 0.08306485266636218 -0.5714718001677649
vn -0.898779993636987 0.2883324449050631 -0.3302407065353487
vn -0.898779993636987 0.2883324449050631 -0.3302407065353487
vn -0.898779993636987 0.2883324449050631 -0.3302407065353487
vn -0.8030059199482963 0.5178093821143763 -0.2950507351665444
vn -0.8030059199482963 0.5178093821143763 -0.2950507351665444
vn -0.8030059199482963 0.5178093821143763 -0.2950507351665444
vn -0.7871994456827957 0.27692152236792267 -0.5510276791288542
vn -0.7871994456827957 0.27692152236792267 -0.5510276791288542
vn -0.7871994456827957 0.27692152236792267 -0.5510276791288542
vn -0.6428164263512043 0.7619636678340292 -0.07872998738714446
vn -0.6428164263512043 0.7619636678340292 -0.07872998738714446
vn -0.6428164263512043 0.7619636678340292 -0.07872998738714446
vn -0.8296378785198953 0.5489772716351304 0.10161174023239457
vn -0.8312529483572798 0.5464919517598729 0.1018090492491412
vn -0.8293189386923918 0.5494660327318627 0.10157350441937385
vn -0.8312529483572798 0.5464919517598729 0.1018090492491412
vn -0.8296378785198953 0.5489772716351304 0.10161174023239457
vn -0.8315982122386684 0.5459583931962877 0.10185208048919869
vn -0.7985977027020515 0.5938643438744111 -0.09781027713702017
vn -0.7985977027020515 0.5938643438744111 -0.09781027713702017
vn -0.7985977027020515 0.5938643438744111 -0.09781027713702017
vn -0.8188099604708057 0.48891227485003214 0.3008571689934685
vn -0.8188099604708057 0.48891227485003214 0.3008571689934685
vn -0.8188099604708057 0.48891227485003214 0.3008571689934685
vn -0.7818456227032374 0.2962483739020195 0.5485930397117668
vn -0.7818456227032374 0.2962483739020195 0.5485930397117668
vn -0.7818456227032374 0.2962483739020195 0.5485930397117668
vn -0.7908298219838353 0.27864416893299343 0.5449271692443466
vn -0.7883387166542706 0.2693466028321443 0.5531495958298089
vn -0.7884689260030023 0.2698243452511318 0.5527310154473601
vn -0.8831694023517451 0.3386856645638944 0.3245055120773365
vn -0.8831694023517451 0.3386856645638944 0.3245055120773365
vn -0.8831694023517451 0.3386856645638944 0.3245055120773365
f 1/1/1 2/2/2 3/3/3
f 4/4/4 5/5/5 6/6/6
f 7/7/7 8/8/8 9/9/9
f 10/10/10 11/11/11 12/12/12
f 13/13/13 14/14/14 15/15/15
f 16/16/16 17/17/17 18/18/18
f 19/19/19 20/20/20 21/21/21
f 22/22/22 23/23/23 24/24/24
f 25/25/25 26/26/26 27/27/27
f 28/28/28 29/29/29 30/30/30
f 31/31/31 32/32/32 33/33/33
f 34/34/34 35/35/35 36/36/36
f 37/37/37 38/38/38 39/39/39
f 40/40/40 41/41/41 42/42/42
f 43/43/43 44/44/44 45/45/45
f 46/46/46 47/47/47 48/48/48
f 49/49/49 50/50/50 51/51/51
f 52/52/52 53/53/53 54/54/54
f 55/55/55 56/56/56 57/57/57
f 58/58/58 59/59/59 60/60/60
f 61/61/61 62/62/62 63/63/63
f 64/64/64 65/65/65 66/66/66
f 67/67/67 68/68/68 69/69/69
f 70/70/70 71/71/71 72/72/72
f 73/73/73 74/74/74 75/75/75
f 76/76/76 77/77/77 78/78/78
f 79/79/79 80/80/80 81/81/81
f 82/82/82 83/83/83 84/84/84
f 85/85/85 86/86/86 87/87/87
f 88/88/88 89/89/89 90/90/90
f 91/91/91 92/92/92 93/93/93
f 94/94/94 95/95/95 96/96/96
f 97/97/97 98/98/98 99/99/99
f 100/100/100 101/101/101 102/102/102
f 103/103/103 104/104/104 105/105/105
f 106/106/106 107/107/107 108/108/108
f 109/109/109 110/110/110 111/111/111
f 112/112/112 113/113/113 114/114/114
f 115/115/115 116/116/116 117/117/117
f 118/118/118 119/119/119 120/120/120
f 121/121/121 122/122/122 123/123/123
f 124/124/124 125/125/125 126/126/126
f 127/127/127 128/128/128 129/129/129
f 130/130/130 131/131/131 132/132/132
f 133/133/133 134/134/134 135/135/135
f 136/136/136 137/137/137 138/138/138
f 139/139/139 140/140/140 141/141/141
f 142/142/142 143/143/143 144/144/144
f 145/145/145 146/146/146 147/147/147
f 148/148/148 149/149/149 150/150/150
f 151/151/151 152/152/152 153/153/153
f 154/154/154 155/155/155 156/156/156
f 157/157/157 158/158/158 159/159/159
f 160/160/160 161/161/161 162/162/162
f 163/163/163 164/164/164 165/165/165
f 166/166/166 167/167/167 168/168/168
f 169/169/169 170/170/170 171/171/171
f 172/172/172 173/173/173 174/174/174
f 175/175/175 176/176/176 177/177/177
f 178/178/178 179/179/179 180/180/180
f 181/181/181 182/182/182 183/183/183
f 184/184/184 185/185/185 186/186/186
f 187/187/187 188/188/188 189/189/189
f 190/190/190 191/191/191 192/192/192
f 193/193/193 194/194/194 195/195/195
f 196/196/196 197/197/197 198/198/198
f 199/199/199 200/200/200 201/201/201
f 202/202/202 203/203/203 204/204/204
f 205/205/205 206/206/206 207/207/207
f 208/208/208 209/209/209 210/210/210
f 211/211/211 212/212/212 213/213/213
f 214/214/214 215/215/215 216/216/216
f 217/217/217 218/218/218 219/219/219
f 220/220/220 221/221/221 222/222/222
f 223/223/223 224/224/224 225/225/225
f 226/226/226 227/227/227 228/228/228
f 229/229/229 230/230/230 231/231/231
f 232/232/232 233/233/233 234/234/234
f 235/235/235 236/236/236 237/237/237
f 238/238/238 239/239/239 240/240/240
f 241/241/241 242/242/242 243/243/243
f 244/244/244 245/245/245 246/246/246
f 247/247/247 248/248/248 249/249/249
f 250/250/250 251/251/251 252/252/252
f 253/253/253 254/254/254 255/255/255
f 256/256/256 257/257/257 258/258/258
f 259/259/259 260/260/260 261/261/261
f 262/262/262 263/263/263 264/264/264
f 265/265/265 266/266/266 267/267/267
f 268/268/268 269/269/269 270/270/270
f 271/271/271 272/272/272 273/273/273
f 274/274/274 275/275/275 276/276/276
f 277/277/277 278/278/278 279/279/279
f 280/280/280 281/281/281 282/282/282
f 283/283/283 284/284/284 285/285/285
f 286/286/286 287/287/287 288/288/288
f 289/289/289 290/290/290 291/291/291
f 292/292/292 293/293/293 294/294/294
f 295/295/295 296/296/296 297/297/297
f 298/298/298 299/299/299 300/300/300
f 301/301/301 302/302/302 303/303/303
f 304/304/304 305/305/305 306/306/306
f 307/307/307 308/308/308 309/309/309
f 310/310/310 311/311/311 312/312/312
f 313/313/313 314/314/314 315/315/315
f 316/316/316 317/317/317 318/318/318
f 319/319/319 320/320/320 321/321/321
f 322/322/322 323/323/323 324/324/324
f 325/325/325 326/326/326 327/327/327
f 328/328/328 329/329/329 330/330/330
f 331/331/331 332/332/332 333/333/333
f 334/334/334 335/335/335 336/336/336
f 337/337/337 338/338/338 339/339/339
f 340/340/340 341/341/341 342/342/342
f 343/343/343 344/344/344 345/345/345
f 346/346/346 347/347/347 348/348/348
f 349/349/349 350/350/350 351/351/351
f 352/352/352 353/353/353 354/354/354
f 355/355/355 356/356/356 357/357/357
f 358/358/358 359/359/359 360/360/360
f 361/361/361 362/362/362 363/363/363
f 364/364/364 365/365/365 366/366/366
f 367/367/367 368/368/368 369/369/369
f 370/370/370 371/371/371 372/372/372
f 373/373/373 374/374/374 375/375/375
f 376/376/376 377/377/377 378/378/378
f 379/379/379 380/380/380 381/381/381
f 382/382/382 383/383/383 384/384/384
f 385/385/385 386/386/386 387/387/387
f 388/388/388 389/389/389 390/390/390
f 391/391/391 392/392/392 393/393/393
f 394/394/394 395/395/395 396/396/396
f 397/397/397 398/398/398 399/399/399
f 400/400/400 401/401/401 402/402/402
f 403/403/403 404/404/404 405/405/405
f 406/406/406 407/407/407 408/408/408
f 409/409/409 410/410/410 411/411/411
f 412/412/412 413/413/413 414/414/414
f 415/415/415 416/416/416 417/417/417
f 418/418/418 419/419/419 420/420/420
f 421/421/421 422/422/422 423/423/423
f 424/424/424 425/425/425 426/426/426
f 427/427/427 428/428/428 429/429/429
f 430/430/430 431/431/431 432/432/432
f 433/433/433 434/434/434 435/435/435
f 436/436/436 437/437/437 438/438/438
f 439/439/439 440/440/440 441/441/441
f 442/442/442 443/443/443 444/444/444
f 445/445/445 446/446/446 447/447/447
f 448/448/448 449/449/449 450/450/450
f 451/451/451 452/452/452 453/453/453
f 454/454/454 455/455/455 456/456/456
f 457/457/457 458/458/458 459/459/459
f 460/460/460 461/461/461 462/462/462
f 463/463/463 464/464/464 465/465/465
f 466/466/466 467/467/467 468/468/468
f 469/469/469 470/470/470 471/471/471
f 472/472/472 473/473/473 474/474/474
f 475/475/475 476/476/476 477/477/477
f 478/478/478 479/479/479 480/480/480
f 481/481/481 482/482/482 483/483/483
f 484/484/484 485/485/485 486/486/486
f 487/487/487 488/488/488 489/489/489
f 490/490/490 491/491/491 492/492/492
f 493/493/493 494/494/494 495/495/495
f 496/496/496 497/497/497 498/498/498
f 499/499/499 500/500/500 501/501/501
f 502/502/502 503/503/503 504/504/504
f 505/505/505 506/506/506 507/507/507
f 508/508/508 509/509/509 510/510/510
f 511/511/511 512/512/512 513/513/513
f 514/514/514 515/515/515 516/516/516
f 517/517/517 518/518/518 519/519/519
f 520/520/520 521/521/521 522/522/522
f 523/523/523 524/524/524 525/525/525
f 526/526/526 527/527/527 528/528/528
f 529/529/529 530/530/530 531/531/531
f 532/532/532 533/533/533 534/534/534
f 535/535/535 536/536/536 537/537/537
f 538/538/538 539/539/539 540/540/540
f 541/541/541 542/542/542 543/543/543
f 544/544/544 545/545/545 546/546/546
f 547/547/547 548/548/548 549/549/549
f 550/550/550 551/551/551 552/552/552
f 553/553/553 554/554/554 555/555/555
f 556/556/556 557/557/557 558/558/558
f 559/559/559 560/560/560 561/561/561
f 562/562/562 563/563/563 564/564/564
f 565/565/565 566/566/566 567/567/567
f 568/568/568 569/569/569 570/570/570
f 571/571/571 572/572/572 573/573/573
f 574/574/574 575/575/575 576/576/576
f 577/577/577 578/578/578 579/579/579
f 580/580/580 581/581/581 582/582/582
f 583/583/583 584/584/584 585/585/585
f 586/586/586 587/587/587 588/588/588
f 589/589/589 590/590/590 591/591/591
f 592/592/592 593/593/593 594/594/594
f 595/595/595 596/596/596 597/597/597
f 598/598/598 599/599/599 600/600/600
f 601/601/601 602/602/602 603/603/603
f 604/604/604 605/605/605 606/606/606
f 607/607/607 608/608/608 609/609/609
f 610/610/610 611/611/611 612/612/612
f 613/613/613 614/614/614 615/615/615
f 616/616/616 617/617/617 618/618/618
f 619/619/619 620/620/620 621/621/621
f 622/622/622 623/623/623 624/624/624
f 625/625/625 626/626/626 627/627/627
f 628/628/628 629/629/629 630/630/630
f 631/631/631 632/632/632 633/633/633
f 634/634/634 635/635/635 636/636/636
f 637/637/637 638/638/638 639/639/639
f 640/640/640 641/641/641 642/642/642
f 643/643/643 644/644/644 645/645/645
f 646/646/646 647/647/647 648/648/648
f 649/649/649 650/650/650 651/651/651
f 652/652/652 653/653/653 654/654/654
f 655/655/655 656/656/656 657/657/657
f 658/658/658 659/659/659 660/660/660
f 661/661/661 662/662/662 663/663/663
f 664/664/664 665/665/665 666/666/666
f 667/667/667 668/668/668 669/669/669
f 670/670/670 671/671/671 672/672/672
f 673/673/673 674/674/674 675/675/675
f 676/676/676 677/677/677 678/678/678
f 679/679/679 680/680/680 681/681/681
f 682/682/682 683/683/683 684/684/684
f 685/685/685 686/686/686 687/687/687
f 688/688/688 689/689/689 690/690/690
f 691/691/691 692/692/692 693/693/693
f 694/694/694 695/695/695 696/696/696
f 697/697/697 698/698/698 699/699/699
f 700/700/700 701/701/701 702/702/702
f 703/703/703 704/704/704 705/705/705
f 706/706/706 707/707/707 708/708/708
f 709/709/709 710/710/710 711/711/711
f 712/712/712 713/713/713 714/714/714
f 715/715/715 716/716/716 717/717/717
f 718/718/718 719/719/719 720/720/720
f 721/721/721 722/722/722 723/723/723
f 724/724/724 725/725/725 726/726/726
f 727/727/727 728/728/728 729/729/729
f 730/730/730 731/731/731 732/732/732
f 733/733/733 734/734/734 735/735/735
f 736/736/736 737/737/737 738/738/738
f 739/739/739 740/740/740 741/741/741
f 742/742/742 743/743/743 744/744/744
f 745/745/745 746/746/746 747/747/747
f 748/748/748 749/749/749 750/750/750
f 751/751/751 752/752/752 753/753/753
f 754/754/754 755/755/755 756/756/756
f 757/757/757 758/758/758 759/759/759
f 760/760/760 761/761/761 762/762/762
f 763/763/763 764/764/764 765/765/765
f 766/766/766 767/767/767 768/768/768
f 769/769/769 770/770/770 771/771/771
f 772/772/772 773/773/773 774/774/774
f 775/775/775 776/776/776 777/777/777
f 778/778/778 779/779/779 780/780/780
f 781/781/781 782/782/782 783/783/783
f 784/784/784 785/785/785 786/786/786
f 787/787/787 788/788/788 789/789/789
f 790/790/790 791/791/791 792/792/792
f 793/793/793 794/794/794 795/795/795
f 796/796/796 797/797/797 798/798/798
f 799/799/799 800/800/800 801/801/801
f 802/802/802 803/803/803 804/804/804
f 805/805/805 806/806/806 807/807/807
f 808/808/808 809/809/809 810/810/810
f 811/811/811 812/812/812 813/813/813
f 814/814/814 815/815/815 816/816/816
f 817/817/817 818/818/818 819/819/819
f 820/820/820 821/821/821 822/822/822
f 823/823/823 824/824/824 825/825/825
f 826/826/826 827/827/827 828/828/828
f 829/829/829 830/830/830 831/831/831
f 832/832/832 833/833/833 834/834/834
f 835/835/835 836/836/836 837/837/837
f 838/838/838 839/839/839 840/840/840
f 841/841/841 842/842/842 843/843/843
f 844/844/844 845/845/845 846/846/846
f 847/847/847 848/848/848 849/849/849
f 850/850/850 851/851/851 852/852/852
f 853/853/853 854/854/854 855/855/855
f 856/856/856 857/857/857 858/858/858
f 859/859/859 860/860/860 861/861/861
f 862/862/862 863/863/863 864/864/864
f 865/865/865 866/866/866 867/867/867
f 868/868/868 869/869/869 870/870/870
f 871/871/871 872/872/872 873/873/873
f 874/874/874 875/875/875 876/876/876
f 877/877/877 878/878/878 879/879/879
f 880/880/880 881/881/881 882/882/882
f 883/883/883 884/884/884 885/885/885
f 886/886/886 887/887/887 888/888/888
f 889/889/889 890/890/890 891/891/891
f 892/892/892 893/893/893 894/894/894
f 895/895/895 896/896/896 897/897/897
f 898/898/898 899/899/899 900/900/900
f 901/901/901 902/902/902 903/903/903
f 904/904/904 905/905/905 906/906/906
f 907/907/907 908/908/908 909/909/909
f 910/910/910 911/911/911 912/912/912
f 913/913/913 914/914/914 915/915/915
f 916/916/916 917/917/917 918/918/918
f 919/919/919 920/920/920 921/921/921
f 922/922/922 923/923/923 924/924/924
f 925/925/925 926/926/926 927/927/927
f 928/928/928 929/929/929 930/930/930
f 931/931/931 932/932/932 933/933/933
f 934/934/934 935/935/935 936/936/936
f 937/937/937 938/938/938 939/939/939
f 940/940/940 941/941/941 942/942/942
f 943/943/943 944/944/944 945/945/945
f 946/946/946 947/947/947 948/948/948
f 949/949/949 950/950/950 951/951/951
f 952/952/952 953/953/953 954/954/954
f 955/955/955 956/956/956 957/957/957
f 958/958/958 959/959/959 960/960/960
f 961/961/961 962/962/962 963/963/963
f 964/964/964 965/965/965 966/966/966
f 967/967/967 968/968/968 969/969/969
f 970/970/970 971/971/971 972/972/972
f 973/973/973 974/974/974 975/975/975
f 976/976/976 977/977/977 978/978/978
f 979/979/979 980/980/980 981/981/981
f 982/982/982 983/983/983 984/984/984
f 985/985/985 986/986/986 987/987/987
f 988/988/988 989/989/989 990/990/990
f 991/991/991 992/992/992 993/993/993
f 994/994/994 995/995/995 996/996/996
f 997/997/997 998/998/998 999/999/999
f 1000/1000/1000 1001/1001/1001 1002/1002/1002
f 1003/1003/1003 1004/1004/1004 1005/1005/1005
f 1006/1006/1006 1007/1007/1007 1008/1008/1008
f 1009/1009/1009 1010/1010/1010 1011/1011/1011
f 1012/1012/1012 1013/1013/1013 1014/1014/1014
f 1015/1015/1015 1016/1016/1016 1017/1017/1017
f 1018/1018/1018 1019/1019/1019 1020/1020/1020
f 1021/1021/1021 1022/1022/1022 1023/1023/1023
f 1024/1024/1024 1025/1025/1025 1026/1026/1026
f 1027/1027/1027 1028/1028/1028 1029/1029/1029
f 1030/1030/1030 1031/1031/1031 1032/1032/1032
f 1033/1033/1033 1034/1034/1034 1035/1035/1035
f 1036/1036/1036 1037/1037/1037 1038/1038/1038
f 1039/1039/1039 1040/1040/1040 1041/1041/1041
f 1042/1042/1042 1043/1043/1043 1044/1044/1044
f 1045/1045/1045 1046/1046/1046 1047/1047/1047
f 1048/1048/1048 1049/1049/1049 1050/1050/1050
f 1051/1051/1051 1052/1052/1052 1053/1053/1053
f 1054/1054/1054 1055/1055/1055 1056/1056/1056
f 1057/1057/1057 1058/1058/1058 1059/1059/1059
f 1060/1060/1060 1061/1061/1061 1062/1062/1062
f 1063/1063/1063 1064/1064/1064 1065/1065/1065
f 1066/1066/1066 1067/1067/1067 1068/1068/1068
f 1069/1069/1069 1070/1070/1070 1071/1071/1071
f 1072/1072/1072 1073/1073/1073 1074/1074/1074
f 1075/1075/1075 1076/1076/1076 1077/1077/1077
f 1078/1078/1078 1079/1079/1079 1080/1080/1080
f 1081/1081/1081 1082/1082/1082 1083/1083/1083
f 1084/1084/1084 1085/1085/1085 1086/1086/1086
f 1087/1087/1087 1088/1088/1088 1089/1089/1089
f 1090/1090/1090 1091/1091/1091 1092/1092/1092
f 1093/1093/1093 1094/1094/1094 1095/1095/1095
f 1096/1096/1096 1097/1097/1097 1098/1098/1098
f 1099/1099/1099 1100/1100/1100 1101/1101/1101
f 1102/1102/1102 1103/1103/1103 1104/1104/1104
f 1105/1105/1105 1106/1106/1106 1107/1107/1107
f 1108/1108/1108 1109/1109/1109 1110/1110/1110
f 1111/1111/1111 1112/1112/1112 1113/1113/1113
f 1114/1114/1114 1115/1115/1115 1116/1116/1116
f 1117/1117/1117 1118/1118/1118 1119/1119/1119
f 1120/1120/1120 1121/1121/1121 1122/1122/1122
f 1123/1123/1123 1124/1124/1124 1125/1125/1125
f 1126/1126/1126 1127/1127/1127 1128/1128/1128
f 1129/1129/1129 1130/1130/1130 1131/1131/1131
f 1132/1132/1132 1133/1133/1133 1134/1134/1134
f 1135/1135/1135 1136/1136/1136 1137/1137/1137
f 1138/1138/1138 1139/1139/1139 1140/1140/1140
f 1141/1141/1141 1142/1142/1142 1143/1143/1143
f 1144/1144/1144 1145/1145/1145 1146/1146/1146
f 1147/1147/1147 1148/1148/1148 1149/1149/1149
f 1150/1150/1150 1151/1151/1151 1152/1152/1152
f 1153/1153/1153 1154/1154/1154 1155/1155/1155
f 1156/1156/1156 1157/1157/1157 1158/1158/1158
f 1159/1159/1159 1160/1160/1160 1161/1161/1161
f 1162/1162/1162 1163/1163/1163 1164/1164/1164
f 1165/1165/1165 1166/1166/1166 1167/1167/1167
f 1168/1168/1168 1169/1169/1169 1170/1170/1170
f 1171/1171/1171 1172/1172/1172 1173/1173/1173
f 1174/1174/1174 1175/1175/1175 1176/1176/1176
f 1177/1177/1177 1178/1178/1178 1179/1179/1179
f 1180/1180/1180 1181/1181/1181 1182/1182/1182
f 1183/1183/1183 1184/1184/1184 1185/1185/1185
f 1186/1186/1186 1187/1187/1187 1188/1188/1188
f 1189/1189/1189 1190/1190/1190 1191/1191/1191
f 1192/1192/1192 1193/1193/1193 1194/1194/1194
f 1195/1195/1195 1196/1196/1196 1197/1197/1197
f 1198/1198/1198 1199/1199/1199 1200/1200/1200
f 1201/1201/1201 1202/1202/1202 1203/1203/1203
f 1204/1204/1204 1205/1205/1205 1206/1206/1206
f 1207/1207/1207 1208/1208/1208 1209/1209/1209
f 1210/1210/1210 1211/1211/1211 1212/1212/1212
f 1213/1213/1213 1214/1214/1214 1215/1215/1215
f 1216/1216/1216 1217/1217/1217 1218/1218/1218
f 1219/1219/1219 1220/1220/1220 1221/1221/1221
f 1222/1222/1222 1223/1223/1223 1224/1224/1224
f 1225/1225/1225 1226/1226/1226 1227/1227/1227
f 1228/1228/1228 1229/1229/1229 1230/1230/1230
f 1231/1231/1231 1232/1232/1232 1233/1233/1233
f 1234/1234/1234 1235/1235/1235 1236/1236/1236
f 1237/1237/1237 1238/1238/1238 1239/1239/1239
f 1240/1240/1240 1241/1241/1241 1242/1242/1242
f 1243/1243/1243 1244/1244/1244 1245/1245/1245
f 1246/1246/1246 1247/1247/1247 1248/1248/1248
f 1249/1249/1249 1250/1250/1250 1251/1251/1251
f 1252/1252/1252 1253/1253/1253 1254/1254/1254
f 1255/1255/1255 1256/1256/1256 1257/1257/1257
f 1258/1258/1258 1259/1259/1259 1260/1260/1260
f 1261/1261/1261 1262/1262/1262 1263/1263/1263
f 1264/1264/1264 1265/1265/1265 1266/1266/1266
f 1267/1267/1267 1268/1268/1268 1269/1269/1269
f 1270/1270/1270 1271/1271/1271 1272/1272/1272
f 1273/1273/1273 1274/1274/1274 1275/1275/1275
f 1276/1276/1276 1277/1277/1277 1278/1278/1278
f 1279/1279/1279 1280/1280/1280 1281/1281/1281
f 1282/1282/1282 1283/1283/1283 1284/1284/1284
f 1285/1285/1285 1286/1286/1286 1287/1287/1287
f 1288/1288/1288 1289/1289/1289 1290/1290/1290
f 1291/1291/1291 1292/1292/1292 1293/1293/1293
f 1294/1294/1294 1295/1295/1295 1296/1296/1296
f 1297/1297/1297 1298/1298/1298 1299/1299/1299
f 1300/1300/1300 1301/1301/1301 1302/1302/1302
f 1303/1303/1303 1304/1304/1304 1305/1305/1305
f 1306/1306/1306 1307/1307/1307 1308/1308/1308
f 1309/1309/1309 1310/1310/1310 1311/1311/1311
f 1312/1312/1312 1313/1313/1313 1314/1314/1314
f 1315/1315/1315 1316/1316/1316 1317/1317/1317
f 1318/1318/1318 1319/1319/1319 1320/1320/1320
f 1321/1321/1321 1322/1322/1322 1323/1323/1323
f 1324/1324/1324 1325/1325/1325 1326/1326/1326
f 1327/1327/1327 1328/1328/1328 1329/1329/1329
f 1330/1330/1330 1331/1331/1331 1332/1332/1332
f 1333/1333/1333 1334/1334/1334 1335/1335/1335
f 1336/1336/1336 1337/1337/1337 1338/1338/1338
f 1339/1339/1339 1340/1340/1340 1341/1341/1341
f 1342/1342/1342 1343/1343/1343 1344/1344/1344
f 1345/1345/1345 1346/1346/1346 1347/1347/1347
f 1348/1348/1348 1349/1349/1349 1350/1350/1350
f 1351/1351/1351 1352/1352/1352 1353/1353/1353
f 1354/1354/1354 1355/1355/1355 1356/1356/1356
f 1357/1357/1357 1358/1358/1358 1359/1359/1359
f 1360/1360/1360 1361/1361/1361 1362/1362/1362
f 1363/1363/1363 1364/1364/1364 1365/1365/1365
f 1366/1366/1366 1367/1367/1367 1368/1368/1368
