mtllib Mountain_desert_004.mtl
o Mountain_desert_004
usemtl Material_25.002
v 1114.0626220703125 395.3744201660156 -862.4998168945312
v 1114.0626220703125 350.652099609375 -1006.2498168945312
v 1006.2501220703125 400.74530029296875 -1006.2498168945312
v 1114.0626220703125 350.652099609375 -1006.2498168945312
v 1083.1456298828125 271.93756103515625 -1086.1109619140625
v 999.5776977539062 286.76300048828125 -1114.062255859375
v 905.63037109375 271.93756103515625 -1086.1109619140625
v 885.0927124023438 350.652099609375 -1006.2498168945312
v 1006.2501220703125 400.74530029296875 -1006.2498168945312
v 885.0927124023438 350.652099609375 -1006.2498168945312
v 886.7608032226562 395.3744201660156 -862.4998779296875
v 1006.2501220703125 451.85650634765625 -862.4998779296875
v 754.3798217773438 56.48203659057617 -862.4998779296875
v 746.4933471679688 50.09312438964844 -1006.2498168945312
v 665.37060546875 -0.00004398457895149477 -1006.2498168945312
v 746.4933471679688 50.09312438964844 -1006.2498168945312
v 782.430908203125 -0.00005026809230912477 -1149.999755859375
v 665.3706665039062 -0.00005026809230912477 -1149.999755859375
v 561.6553344726562 -0.00005026809230912477 -1149.999755859375
v 561.6552734375 10.238877296447754 -1006.2498779296875
v 665.37060546875 -0.00004398457895149477 -1006.2498168945312
v 561.6552734375 10.238877296447754 -1006.2498779296875
v 550.5902709960938 15.358345031738281 -862.4998779296875
v 663.5542602539062 -0.00003770106559386477 -862.4998779296875
v 550.5902709960938 15.358345031738281 -862.4998779296875
v 561.6552734375 10.238877296447754 -1006.2498779296875
v 431.2501525878906 40.95564270019531 -1006.2498779296875
v 561.6552734375 10.238877296447754 -1006.2498779296875
v 561.6553344726562 -0.00005026809230912477 -1149.999755859375
v 431.25018310546875 -0.00005026809230912477 -1149.999755859375
v 287.5001525878906 -0.000050268095947103575 -1150
v 287.5001525878906 71.67240905761719 -1006.2498779296875
v 431.2501525878906 40.95564270019531 -1006.2498779296875
v 287.5001525878906 71.67240905761719 -1006.2498779296875
v 285.3779296875 107.5086441040039 -862.4998779296875
v 422.7613830566406 61.433494567871094 -862.4998779296875
v 285.3779296875 107.5086441040039 -862.4998779296875
v 287.5001525878906 71.67240905761719 -1006.2498779296875
v 143.75015258789062 81.91133117675781 -1006.25
v 287.5001525878906 71.67240905761719 -1006.2498779296875
v 287.5001525878906 -0.000050268095947103575 -1150
v 143.7501678466797 -0.000050268095947103575 -1150
v 0.0001736451667966321 -0.000050268095947103575 -1150
v 0.00015193953004200011 71.67240905761719 -1006.25
v 143.75015258789062 81.91133117675781 -1006.25
v 0.00015193953004200011 71.67240905761719 -1006.25
v 0.0001302338787354529 64.57286071777344 -862.5
v 143.75013732910156 79.93124389648438 -862.5
v 0.0001302338787354529 64.57286071777344 -862.5
v 0.00015193953004200011 71.67240905761719 -1006.25
v -143.74984741210938 40.95564270019531 -1006.25
v 0.00015193953004200011 71.67240905761719 -1006.25
v 0.0001736451667966321 -0.000050268095947103575 -1150
v -143.7498321533203 -0.000050268095947103575 -1150
v -287.49981689453125 -0.000050268095947103575 -1150
v -287.4998474121094 10.238877296447754 -1014.602294921875
v -143.74984741210938 40.95564270019531 -1006.25
v -287.4998474121094 10.238877296447754 -1014.602294921875
v -287.4998779296875 15.358344078063965 -875.0284423828125
v -143.74986267089844 61.433494567871094 -862.5
v -287.4998779296875 15.358344078063965 -875.0284423828125
v -287.4998474121094 10.238877296447754 -1014.602294921875
v -431.2498474121094 -0.00004544494004221633 -1039.6590576171875
v -287.4998474121094 10.238877296447754 -1014.602294921875
v -287.49981689453125 -0.000050268095947103575 -1150
v -431.24981689453125 -0.00005026810322306119 -1150.0001220703125
v -574.9998168945312 -0.00005026810322306119 -1150.0001220703125
v -574.9998168945312 -0.000046540211769752204 -1064.7159423828125
v -431.2498474121094 -0.00004544494004221633 -1039.6590576171875
v -574.9998168945312 -0.000046540211769752204 -1064.7159423828125
v -574.9998779296875 23.881778717041016 -957.3816528320312
v -431.2498474121094 -0.0000398916017729789 -912.6134643554688
v -574.9998779296875 23.881778717041016 -957.3816528320312
v -574.9998168945312 -0.000046540211769752204 -1064.7159423828125
v -718.7498168945312 -0.000046905297494959086 -1073.0679931640625
v -574.9998168945312 -0.000046540211769752204 -1064.7159423828125
v -574.9998168945312 -0.00005026810322306119 -1150.0001220703125
v -718.7498168945312 -0.00005026810322306119 -1150.0001220703125
v -862.4998168945312 -0.00005026810322306119 -1150.0001220703125
v -862.4998168945312 -0.000046540211769752204 -1064.7159423828125
v -718.7498168945312 -0.000046905297494959086 -1073.0679931640625
v -862.4998168945312 -0.000046540211769752204 -1064.7159423828125
v -862.4998779296875 23.881778717041016 -957.3817138671875
v -718.7498779296875 37.315303802490234 -998.66455078125
v -862.4998779296875 23.881778717041016 -957.3817138671875
v -862.4998168945312 -0.000046540211769752204 -1064.7159423828125
v -1006.2498168945312 -0.00004544494004221633 -1039.6590576171875
v -862.4998168945312 -0.000046540211769752204 -1064.7159423828125
v -862.4998168945312 -0.00005026810322306119 -1150.0001220703125
v -1006.2498168945312 -0.00005026810322306119 -1150.0001220703125
v -1149.999755859375 -0.00005026810322306119 -1150.0001220703125
v -1149.999755859375 -0.00004398458986543119 -1006.2501831054688
v -1006.2498168945312 -0.00004544494004221633 -1039.6590576171875
v -1149.999755859375 -0.00004398458986543119 -1006.2501831054688
v -1149.999755859375 -0.00003770108014578 -862.5001831054688
v -1006.2498168945312 -0.00003989160541095771 -912.6135864257812
v 1128.3917236328125 312.5373840332031 -574.9998168945312
v 1114.0626220703125 350.6521301269531 -718.7498168945312
v 1006.2501220703125 400.74530029296875 -718.7498779296875
v 1114.0626220703125 350.6521301269531 -718.7498168945312
v 1114.0626220703125 395.3744201660156 -862.4998168945312
v 1006.2501220703125 451.85650634765625 -862.4998779296875
v 886.7608032226562 395.3744201660156 -862.4998779296875
v 891.7651977539062 350.6521301269531 -718.7498779296875
v 1006.2501220703125 400.74530029296875 -718.7498779296875
v 891.7651977539062 350.6521301269531 -718.7498779296875
v 860.07421875 306.6751403808594 -597.9998779296875
v 1006.2501220703125 356.3505554199219 -610.9373779296875
v 758.1815185546875 72.01740264892578 -638.8887939453125
v 778.0392456054688 50.0931396484375 -718.7498779296875
v 658.10546875 -0.00003141755223623477 -718.7498779296875
v 778.0392456054688 50.0931396484375 -718.7498779296875
v 754.3798217773438 56.48203659057617 -862.4998779296875
v 663.5542602539062 -0.00003770106559386477 -862.4998779296875
v 550.5902709960938 15.358345031738281 -862.4998779296875
v 517.3953247070312 10.238890647888184 -718.7498779296875
v 658.10546875 -0.00003141755223623477 -718.7498779296875
v 517.3953247070312 10.238890647888184 -718.7498779296875
v 476.0552978515625 25.52002716064453 -574.9998779296875
v 661.1453247070312 37.31532287597656 -610.9373779296875
v 476.0552978515625 25.52002716064453 -574.9998779296875
v 517.3953247070312 10.238890647888184 -718.7498779296875
v 397.29522705078125 40.95565414428711 -718.7498779296875
v 517.3953247070312 10.238890647888184 -718.7498779296875
v 550.5902709960938 15.358345031738281 -862.4998779296875
v 422.7613830566406 61.433494567871094 -862.4998779296875
v 285.3779296875 107.5086441040039 -862.4998779296875
v 279.01141357421875 71.67242431640625 -718.7498779296875
v 397.29522705078125 40.95565414428711 -718.7498779296875
v 279.01141357421875 71.67242431640625 -718.7498779296875
v 259.0943603515625 17.918087005615234 -574.9998779296875
v 362.7953796386719 10.238896369934082 -574.9998779296875
v 259.0943603515625 17.918087005615234 -574.9998779296875
v 279.01141357421875 71.67242431640625 -718.7498779296875
v 143.75010681152344 81.91134643554688 -718.75
v 279.01141357421875 71.67242431640625 -718.7498779296875
v 285.3779296875 107.5086441040039 -862.4998779296875
v 143.75013732910156 79.93124389648438 -862.5
v 0.0001302338787354529 64.57286071777344 -862.5
v 0.00010852822742890567 71.67242431640625 -718.75
v 143.75010681152344 81.91134643554688 -718.75
v 0.00010852822742890567 71.67242431640625 -718.75
v -2.25832462310791 17.918087005615234 -575
v 134.71644592285156 20.47781753540039 -575
v -2.25832462310791 17.918087005615234 -575
v 0.00010852822742890567 71.67242431640625 -718.75
v -143.74989318847656 40.95565414428711 -718.75
v 0.00010852822742890567 71.67242431640625 -718.75
v 0.0001302338787354529 64.57286071777344 -862.5
v -143.74986267089844 61.433494567871094 -862.5
v -287.4998779296875 15.358344078063965 -875.0284423828125
v -287.4998779296875 10.238889694213867 -727.102294921875
v -143.74989318847656 40.95565414428711 -718.75
v -287.4998779296875 10.238889694213867 -727.102294921875
v -287.4999084472656 16.194660186767578 -576.33642578125
v -143.74990844726562 10.238896369934082 -575
v -287.4999084472656 16.194660186767578 -576.33642578125
v -287.4998779296875 10.238889694213867 -727.102294921875
v -431.2498474121094 -0.00003287791332695633 -752.1589965820312
v -287.4998779296875 10.238889694213867 -727.102294921875
v -287.4998779296875 15.358344078063965 -875.0284423828125
v -431.2498474121094 -0.0000398916017729789 -912.6134643554688
v -574.9998779296875 23.881778717041016 -957.3816528320312
v -539.0623779296875 37.31531524658203 -768.8635864257812
v -431.2498474121094 -0.00003287791332695633 -752.1589965820312
v -539.0623779296875 37.31531524658203 -768.8635864257812
v -511.1109619140625 62.6378288269043 -661.1616821289062
v -431.2499084472656 28.989103317260742 -619.289794921875
v -574.9998779296875 265.3155822753906 -587.9181518554688
v -610.9373779296875 261.2074279785156 -727.102294921875
v -718.7498779296875 298.52276611328125 -718.7501220703125
v -610.9373779296875 261.2074279785156 -727.102294921875
v -638.8887939453125 232.18434143066406 -824.5960083007812
v -718.7498779296875 261.2074279785156 -843.26708984375
v -798.6110229492188 232.18434143066406 -824.5960083007812
v -826.5623779296875 261.2074279785156 -727.1023559570312
v -718.7498779296875 298.52276611328125 -718.7501220703125
v -826.5623779296875 261.2074279785156 -727.1023559570312
v -862.4998779296875 274.6409606933594 -587.9182739257812
v -718.7498779296875 340.75311279296875 -595.6818237304688
v -926.3887329101562 66.33837127685547 -661.1616821289062
v -898.4373779296875 37.31531524658203 -768.8636474609375
v -1006.2498168945312 -0.00003287791696493514 -752.1591186523438
v -898.4373779296875 37.31531524658203 -768.8636474609375
v -862.4998779296875 23.881778717041016 -957.3817138671875
v -1006.2498168945312 -0.00003989160541095771 -912.6135864257812
v -1149.999755859375 -0.00003770108014578 -862.5001831054688
v -1149.999755859375 -0.00003141756678815 -718.7501831054688
v -1006.2498168945312 -0.00003287791696493514 -752.1591186523438
v -1149.999755859375 -0.00003141756678815 -718.7501831054688
v -1149.999755859375 -0.000025134057068498805 -575.0001831054688
v -1006.2498168945312 37.31532287597656 -619.2898559570312
v 1225.80419921875 630.15185546875 -296.5179138183594
v 1166.2479248046875 561.06689453125 -440.6436767578125
v 1041.0404052734375 581.1260375976562 -468.8252868652344
v 1166.2479248046875 561.06689453125 -440.6436767578125
v 1109.3048095703125 521.039306640625 -515.2859497070312
v 1014.9476318359375 530.5343627929688 -548.4561157226562
v 864.6743774414062 503.0551452636719 -555.5015869140625
v 871.1976318359375 562.8065795898438 -497.00689697265625
v 1041.0404052734375 581.1260375976562 -468.8252868652344
v 871.1976318359375 562.8065795898438 -497.00689697265625
v 875.54638671875 673.2080688476562 -422.0728454589844
v 1058.435302734375 677.7880859375 -379.80047607421875
v 875.54638671875 673.2080688476562 -422.0728454589844
v 871.1976318359375 562.8065795898438 -497.00689697265625
v 718.7500610351562 556.7000122070312 -506.4007873535156
v 871.1976318359375 562.8065795898438 -497.00689697265625
v 864.6743774414062 503.0551452636719 -555.5015869140625
v 718.7500610351562 493.8953857421875 -557.85009765625
v 638.8889770507812 480.32940673828125 -540.3363037109375
v 610.9375610351562 524.4279174804688 -497.00689697265625
v 718.7500610351562 556.7000122070312 -506.4007873535156
v 610.9375610351562 524.4279174804688 -497.00689697265625
v 575.0001831054688 618.5642700195312 -400.2261657714844
v 718.7500610351562 671.6815185546875 -436.1636657714844
v 407.7933654785156 66.33838653564453 -351.3888244628906
v 428.16424560546875 37.315330505371094 -431.24993896484375
v 327.2057189941406 -0.000018850532796932384 -431.24993896484375
v 428.16424560546875 37.315330505371094 -431.24993896484375
v 476.0552978515625 25.52002716064453 -574.9998779296875
v 362.7953796386719 10.238896369934082 -574.9998779296875
v 259.0943603515625 17.918087005615234 -574.9998779296875
v 216.3207244873047 -0.000018850534615921788 -431.24993896484375
v 327.2057189941406 -0.000018850532796932384 -431.24993896484375
v 216.3207244873047 -0.000018850534615921788 -431.24993896484375
v 175.37046813964844 23.88180923461914 -287.49993896484375
v 317.6271057128906 37.31533432006836 -323.43743896484375
v 175.37046813964844 23.88180923461914 -287.49993896484375
v 216.3207244873047 -0.000018850534615921788 -431.24993896484375
v 107.61548614501953 -0.000018850534615921788 -431.24993896484375
v 216.3207244873047 -0.000018850534615921788 -431.24993896484375
v 259.0943603515625 17.918087005615234 -574.9998779296875
v 134.71644592285156 20.47781753540039 -575
v -2.25832462310791 17.918087005615234 -575
v -9.033580780029297 -0.000018850534615921788 -431.25
v 107.61548614501953 -0.000018850534615921788 -431.24993896484375
v -9.033580780029297 -0.000018850534615921788 -431.25
v -15.808836936950684 -0.000012567023986775894 -287.5
v 80.5145263671875 -0.000012567023986775894 -287.5
v -15.808836936950684 -0.000012567023986775894 -287.5
v -9.033580780029297 -0.000018850534615921788 -431.25
v -143.74993896484375 -0.00001885053643491119 -431.25
v -9.033580780029297 -0.000018850534615921788 -431.25
v -2.25832462310791 17.918087005615234 -575
v -143.74990844726562 10.238896369934082 -575
v -287.4999084472656 16.194660186767578 -576.33642578125
v -251.5624237060547 20.66289520263672 -431.25
v -143.74993896484375 -0.00001885053643491119 -431.25
v -251.5624237060547 20.66289520263672 -431.25
v -251.5624542236328 22.744455337524414 -287.5000305175781
v -143.7499542236328 -0.000012567025805765297 -287.5000305175781
v -310.49993896484375 195.1486358642578 -298.6002502441406
v -323.43743896484375 161.2928009033203 -441.59088134765625
v -431.24993896484375 231.91302490234375 -472.6134338378906
v -323.43743896484375 161.2928009033203 -441.59088134765625
v -351.3887939453125 154.47300720214844 -515.7070922851562
v -431.2499084472656 202.92388916015625 -549.4033813476562
v -574.9998779296875 265.3155822753906 -587.9181518554688
v -574.9998779296875 281.8703308105469 -503.6360168457031
v -431.24993896484375 231.91302490234375 -472.6134338378906
v -574.9998779296875 281.8703308105469 -503.6360168457031
v -574.9998779296875 320.2170104980469 -444.8456726074219
v -431.24993896484375 270.1636047363281 -392.8135986328125
v -574.9998779296875 320.2170104980469 -444.8456726074219
v -574.9998779296875 281.8703308105469 -503.6360168457031
v -718.7498779296875 340.75311279296875 -513.9769287109375
v -574.9998779296875 281.8703308105469 -503.6360168457031
v -574.9998779296875 265.3155822753906 -587.9181518554688
v -718.7498779296875 340.75311279296875 -595.6818237304688
v -862.4998779296875 274.6409606933594 -587.9182739257812
v -862.4998779296875 298.52276611328125 -503.6360778808594
v -718.7498779296875 340.75311279296875 -513.9769287109375
v -862.4998779296875 298.52276611328125 -503.6360778808594
v -862.4998779296875 336.9014587402344 -444.8456726074219
v -718.7498779296875 336.9013977050781 -462.1896667480469
v -862.4998779296875 336.9014587402344 -444.8456726074219
v -862.4998779296875 298.52276611328125 -503.6360778808594
v -1006.2498779296875 298.52276611328125 -472.613525390625
v -862.4998779296875 298.52276611328125 -503.6360778808594
v -862.4998779296875 274.6409606933594 -587.9182739257812
v -1006.2498779296875 261.2074279785156 -549.4034423828125
v -1086.1109619140625 232.18435668945312 -515.7072143554688
v -1114.062255859375 261.2074279785156 -441.5910339355469
v -1006.2498779296875 298.52276611328125 -472.613525390625
v -1114.062255859375 261.2074279785156 -441.5910339355469
v -1129.523193359375 299.2032470703125 -298.60040283203125
v -1006.2498779296875 336.9013977050781 -392.813720703125
v 1129.283203125 1127.4586181640625 0.00012504892947617918
v 1131.4576416015625 1153.9498291015625 -143.7498779296875
v 1006.25 1232.2923583984375 -143.74990844726562
v 1131.4576416015625 1153.9498291015625 -143.7498779296875
v 1113.170166015625 1093.0167236328125 -227.78607177734375
v 1014.9476318359375 1153.9498291015625 -260.95623779296875
v 864.6743774414062 1153.9498291015625 -268.00164794921875
v 862.5 1232.2923583984375 -143.7499237060547
v 1006.25 1232.2923583984375 -143.74990844726562
v 862.5 1232.2923583984375 -143.7499237060547
v 862.5 1086.5496826171875 0.00008750764391152188
v 1006.25 1086.549560546875 0.00011207434727111831
v 862.5 1086.5496826171875 0.00008750764391152188
v 862.5 1232.2923583984375 -143.7499237060547
v 718.75 1232.2923583984375 -143.7499542236328
v 862.5 1232.2923583984375 -143.7499237060547
v 864.6743774414062 1153.9498291015625 -268.00164794921875
v 718.7500610351562 1153.9498291015625 -270.35015869140625
v 638.8890380859375 1093.0167236328125 -252.83639526367188
v 610.9375 1153.9498291015625 -153.14381408691406
v 718.75 1232.2923583984375 -143.7499542236328
v 610.9375 1153.9498291015625 -153.14381408691406
v 610.9375 1026.8125 -2.3484156131744385
v 718.75 1101.3704833984375 0.00006420050340238959
v 539.0625 680.1100463867188 -14.090726852416992
v 539.0625 683.89453125 -200.11305236816406
v 431.25 605.552001953125 -181.3253631591797
v 539.0625 683.89453125 -200.11305236816406
v 575.0001831054688 618.5642700195312 -400.2261657714844
v 431.25006103515625 567.17333984375 -307.9255676269531
v 351.388916015625 537.3233032226562 -248.661376953125
v 323.4375305175781 567.17333984375 -153.14382934570312
v 431.25 605.552001953125 -181.3253631591797
v 323.4375305175781 567.17333984375 -153.14382934570312
v 323.4375 567.1732177734375 -2.3484387397766113
v 431.25 605.552001953125 -9.393814086914062
v 156.70921325683594 37.31534957885742 -2.3772010803222656
v 143.1587677001953 37.31534194946289 -143.74996948242188
v 71.48085021972656 -0.000006283511538640596 -143.74996948242188
v 143.1587677001953 37.31534194946289 -143.74996948242188
v 175.37046813964844 23.88180923461914 -287.49993896484375
v 80.5145263671875 -0.000012567023986775894 -287.5
v -15.808836936950684 -0.000012567023986775894 -287.5
v -18.067272186279297 -0.000006283511993387947 -143.75
v 71.48085021972656 -0.000006283511538640596 -143.74996948242188
v -18.067272186279297 -0.000006283511993387947 -143.75
v -15.808879852294922 -7.273835649357352e-7 -16.640596389770508
v 80.51447296142578 -4.1564697994544986e-7 -9.508893966674805
v -15.808879852294922 -7.273835649357352e-7 -16.640596389770508
v -18.067272186279297 -0.000006283511993387947 -143.75
v -143.74996948242188 -0.000006283512902882649 -143.75001525878906
v -18.067272186279297 -0.000006283511993387947 -143.75
v -15.808836936950684 -0.000012567023986775894 -287.5
v -143.7499542236328 -0.000012567025805765297 -287.5000305175781
v -251.5624542236328 22.744455337524414 -287.5000305175781
v -251.56246948242188 28.989124298095703 -143.75003051757812
v -143.74996948242188 -0.000006283512902882649 -143.75001525878906
v -251.56246948242188 28.989124298095703 -143.75003051757812
v -287.5 22.54962921142578 -10.6500244140625
v -143.75 -8.312961767842353e-7 -19.017841339111328
v -317.3371887207031 454.7159118652344 -67.14714813232422
v -310.6681213378906 457.3955078125 -151.0810089111328
v -431.0386047363281 495.2441101074219 -173.07382202148438
v -310.6681213378906 457.3955078125 -151.0810089111328
v -345.713623046875 436.21319580078125 -247.7562713623047
v -469.3467712402344 456.99359130859375 -305.8890380859375
v -562.7413330078125 618.3535766601562 -359.3612365722656
v -462.44610595703125 654.64697265625 -187.73568725585938
v -431.0386047363281 495.2441101074219 -173.07382202148438
v -462.44610595703125 654.64697265625 -187.73568725585938
v -406.939697265625 607.8404541015625 -7.0377936363220215
v -354.63360595703125 507.99322509765625 -43.26850891113281
v -638.8888549804688 1419.7088623046875 -63.8890380859375
v -610.9375 1501.599609375 -143.75015258789062
v -718.75 1554.1737060546875 -143.75018310546875
v -610.9375 1501.599609375 -143.75015258789062
v -638.8888549804688 1507.1923828125 -223.6112823486328
v -718.7498779296875 1562.2037353515625 -251.5626678466797
v -862.4998779296875 1564.6170654296875 -251.56271362304688
v -862.5 1563.826904296875 -143.7501983642578
v -718.75 1554.1737060546875 -143.75018310546875
v -862.5 1563.826904296875 -143.7501983642578
v -862.5 1487.8367919921875 -0.0001928851124830544
v -718.75 1453.33447265625 -35.93766403198242
v -862.5 1487.8367919921875 -0.0001928851124830544
v -862.5 1563.826904296875 -143.7501983642578
v -1006.25 1592.7861328125 -143.75022888183594
v -862.5 1563.826904296875 -143.7501983642578
v -862.4998779296875 1564.6170654296875 -251.56271362304688
v -1006.2498779296875 1571.85693359375 -251.56271362304688
v -1088.247314453125 1538.41748046875 -223.61135864257812
v -1118.8687744140625 1571.85693359375 -143.750244140625
v -1006.25 1592.7861328125 -143.75022888183594
v -1118.8687744140625 1571.85693359375 -143.750244140625
v -1122.4737548828125 1567.0302734375 -0.000237032218137756
v -1006.25 1573.47998046875 -0.00021976484276819974
v 1089.9766845703125 951.7313842773438 223.61123657226562
v 1122.760009765625 1047.98583984375 143.7501220703125
v 1006.25 1111.1905517578125 143.7501220703125
v 1122.760009765625 1047.98583984375 143.7501220703125
v 1129.283203125 1127.4586181640625 0.00012504892947617918
v 1006.25 1086.549560546875 0.00011207434727111831
v 862.5 1086.5496826171875 0.00008750764391152188
v 862.5 1111.1905517578125 143.7500762939453
v 1006.25 1111.1905517578125 143.7501220703125
v 862.5 1111.1905517578125 143.7500762939453
v 862.4998779296875 972.2971801757812 251.56259155273438
v 1006.2498779296875 972.2971801757812 251.56259155273438
v 862.4998779296875 972.2971801757812 251.56259155273438
v 862.5 1111.1905517578125 143.7500762939453
v 718.75 1111.1905517578125 143.75006103515625
v 862.5 1111.1905517578125 143.7500762939453
v 862.5 1086.5496826171875 0.00008750764391152188
v 718.75 1101.3704833984375 0.00006420050340238959
v 610.9375 1026.8125 -2.3484156131744385
v 610.9375 1047.98583984375 143.75003051757812
v 718.75 1111.1905517578125 143.75006103515625
v 610.9375 1047.98583984375 143.75003051757812
v 638.8888549804688 951.7313842773438 223.6111602783203
v 718.7498779296875 972.2971801757812 251.5625457763672
v 574.9998779296875 614.1746826171875 264.50006103515625
v 539.0625 668.7568359375 143.7500457763672
v 431.24993896484375 605.552001953125 143.75003051757812
v 539.0625 668.7568359375 143.7500457763672
v 539.0625 680.1100463867188 -14.090726852416992
v 431.25 605.552001953125 -9.393814086914062
v 323.4375 567.1732177734375 -2.3484387397766113
v 323.43743896484375 567.17333984375 143.75003051757812
v 431.24993896484375 605.552001953125 143.75003051757812
v 323.43743896484375 567.17333984375 143.75003051757812
v 351.3888854980469 537.3233032226562 223.61114501953125
v 431.24993896484375 567.17333984375 251.56253051757812
v 271.5749816894531 23.881834030151367 281.3692932128906
v 197.36061096191406 37.31535339355469 134.24111938476562
v 107.61538696289062 0.0000046209220272430684 105.71437072753906
v 197.36061096191406 37.31535339355469 134.24111938476562
v 156.70921325683594 37.31534957885742 -2.3772010803222656
v 80.51447296142578 -4.1564697994544986e-7 -9.508893966674805
v -15.808879852294922 -7.273835649357352e-7 -16.640596389770508
v -9.033666610717773 0.0000033739779610186815 77.1876220703125
v 107.61538696289062 0.0000046209220272430684 105.71437072753906
v -9.033666610717773 0.0000033739779610186815 77.1876220703125
v -1.4454337358474731 23.88182830810547 186.91539001464844
v 134.71630859375 0.000010411747098260093 238.19300842285156
v -1.4454337358474731 23.88182830810547 186.91539001464844
v -9.033666610717773 0.0000033739779610186815 77.1876220703125
v -143.75001525878906 0.0000029583297873614356 67.67869567871094
v -9.033666610717773 0.0000033739779610186815 77.1876220703125
v -15.808879852294922 -7.273835649357352e-7 -16.640596389770508
v -143.75 -8.312961767842353e-7 -19.017841339111328
v -287.5 22.54962921142578 -10.6500244140625
v -287.5 0.0000033739759146556025 77.18757629394531
v -143.75001525878906 0.0000029583297873614356 67.67869567871094
v -287.5 0.0000033739759146556025 77.18757629394531
v -287.5000305175781 37.31535339355469 151.7188720703125
v -143.75001525878906 37.31535339355469 137.45555114746094
v -287.5000305175781 37.31535339355469 151.7188720703125
v -287.5 0.0000033739759146556025 77.18757629394531
v -431.25 0.0000046209179345169105 105.71428680419922
v -287.5 0.0000033739759146556025 77.18757629394531
v -287.5 22.54962921142578 -10.6500244140625
v -431.25 37.31534957885742 26.42852020263672
v -511.111083984375 66.3384017944336 59.662628173828125
v -539.0625 37.31535339355469 134.2410125732422
v -431.25 0.0000046209179345169105 105.71428680419922
v -539.0625 37.31535339355469 134.2410125732422
v -511.1111145019531 66.33840942382812 198.25393676757812
v -431.25 37.31535720825195 194.50897216796875
v -599.1620483398438 923.587158203125 223.61097717285156
v -585.398681640625 951.6162109375 143.74986267089844
v -718.75 1133.580322265625 143.74984741210938
v -585.398681640625 951.6162109375 143.74986267089844
v -662.2439575195312 1063.09912109375 -1.1730743646621704
v -718.75 1176.50146484375 90.19072723388672
v -798.6111450195312 1252.5628662109375 118.14208984375
v -826.5625 1247.849609375 143.74981689453125
v -718.75 1133.580322265625 143.74984741210938
v -826.5625 1247.849609375 143.74981689453125
v -864.2854614257812 1078.5870361328125 287.4998474121094
v -705.9806518554688 946.6343994140625 251.5623321533203
v -928.5250854492188 1516.966552734375 223.61093139648438
v -898.4375 1523.591796875 143.74978637695312
v -1006.25 1592.7861328125 143.74977111816406
v -898.4375 1523.591796875 143.74978637695312
v -862.5 1487.8367919921875 -0.0001928851124830544
v -1006.25 1573.47998046875 -0.00021976484276819974
v -1122.4737548828125 1567.0302734375 -0.000237032218137756
v -1123.67529296875 1571.85693359375 143.749755859375
v -1006.25 1592.7861328125 143.74977111816406
v -1123.67529296875 1571.85693359375 143.749755859375
v -1101.0643310546875 1538.41748046875 223.61087036132812
v -1011.056396484375 1571.85693359375 251.562255859375
v 1086.1109619140625 232.18441772460938 515.9956665039062
v 1114.062255859375 261.2074890136719 431.25018310546875
v 1006.2498779296875 298.5227966308594 431.2501525878906
v 1114.062255859375 261.2074890136719 431.25018310546875
v 1128.3916015625 299.20330810546875 287.5001525878906
v 1006.2498779296875 336.9014587402344 323.4376220703125
v 862.4998779296875 336.9014892578125 323.4375915527344
v 862.4998779296875 298.5227966308594 431.2500915527344
v 1006.2498779296875 298.5227966308594 431.2501525878906
v 862.4998779296875 298.5227966308594 431.2500915527344
v 860.8810424804688 261.2074279785156 455.5135192871094
v 1006.2498779296875 261.2074890136719 550.0526123046875
v 860.8810424804688 261.2074279785156 455.5135192871094
v 862.4998779296875 298.5227966308594 431.2500915527344
v 718.7498779296875 298.5227966308594 431.2500915527344
v 862.4998779296875 298.5227966308594 431.2500915527344
v 862.4998779296875 336.9014892578125 323.4375915527344
v 718.7498779296875 336.9014587402344 323.4375915527344
v 567.7472534179688 299.20330810546875 312.2584533691406
v 597.9862670898438 261.2074890136719 442.24005126953125
v 718.7498779296875 298.5227966308594 431.2500915527344
v 597.9862670898438 261.2074890136719 442.24005126953125
v 618.74267578125 232.18441772460938 545.30224609375
v 712.2743530273438 261.2074890136719 561.0425415039062
v 501.4372863769531 23.881853103637695 699.845947265625
v 461.3554382324219 37.31536865234375 497.1898193359375
v 379.4453125 0.00002077208409900777 475.20989990234375
v 461.3554382324219 37.31536865234375 497.1898193359375
v 450.67230224609375 66.33841705322266 380.69549560546875
v 385.9208679199219 37.31536102294922 334.42755126953125
v 271.5749816894531 23.881834030151367 281.3692932128906
v 274.54876708984375 0.00001925388460222166 440.4775085449219
v 379.4453125 0.00002077208409900777 475.20989990234375
v 274.54876708984375 0.00001925388460222166 440.4775085449219
v 276.1676330566406 0.000026258632715325803 600.7274780273438
v 385.9208679199219 0.000028016367650707252 640.9398193359375
v 276.1676330566406 0.000026258632715325803 600.7274780273438
v 274.54876708984375 0.00001925388460222166 440.4775085449219
v 143.74993896484375 0.000018542379621067084 424.2001953125
v 274.54876708984375 0.00001925388460222166 440.4775085449219
v 271.5749816894531 23.881834030151367 281.3692932128906
v 134.71630859375 0.000010411747098260093 238.19300842285156
v -1.4454337358474731 23.88182830810547 186.91539001464844
v 35.93742370605469 37.315364837646484 420.67529296875
v 143.74993896484375 0.000018542379621067084 424.2001953125
v 35.93742370605469 37.315364837646484 420.67529296875
v -0.00009397795656695962 23.88184928894043 655.2305297851562
v 143.74990844726562 0.000026750049073598348 611.9698486328125
v -63.88898468017578 232.18441772460938 530.9850463867188
v -35.93758773803711 261.2074890136719 429.487548828125
v -143.7500762939453 298.5227966308594 431.24993896484375
v -35.93758773803711 261.2074890136719 429.487548828125
v -63.888973236083984 232.18441772460938 325.2484436035156
v -143.7500762939453 261.2074890136719 304.4196472167969
v -285.4569396972656 292.3149719238281 299.8499450683594
v -251.5625457763672 324.600830078125 431.24993896484375
v -143.7500762939453 298.5227966308594 431.24993896484375
v -251.5625457763672 324.600830078125 431.24993896484375
v -287.5001220703125 294.2118225097656 581.968994140625
v -143.7500762939453 261.2074890136719 554.555419921875
v -345.7137145996094 479.9205322265625 511.11102294921875
v -310.6681213378906 493.3697204589844 431.24993896484375
v -380.1724548339844 556.349609375 431.2499084472656
v -310.6681213378906 493.3697204589844 431.24993896484375
v -317.3372497558594 479.9205322265625 351.3887939453125
v -354.63372802734375 524.1212768554688 323.4374084472656
v -421.76727294921875 608.9331665039062 287.4999084472656
v -498.38372802734375 593.2513427734375 431.2499084472656
v -380.1724548339844 556.349609375 431.2499084472656
v -498.38372802734375 593.2513427734375 431.2499084472656
v -562.7413940429688 574.1013793945312 574.9998779296875
v -418.4806823730469 524.1212768554688 539.0623779296875
v -562.7413940429688 574.1013793945312 574.9998779296875
v -498.38372802734375 593.2513427734375 431.2499084472656
v -667.6724853515625 605.552001953125 431.2498474121094
v -498.38372802734375 593.2513427734375 431.2499084472656
v -421.76727294921875 608.9331665039062 287.4999084472656
v -642.1337280273438 671.5555419921875 323.4373779296875
v -764.5595092773438 733.9452514648438 351.38873291015625
v -813.7930908203125 671.7484130859375 431.24981689453125
v -667.6724853515625 605.552001953125 431.2498474121094
v -813.7930908203125 671.7484130859375 431.24981689453125
v -861.081298828125 613.8666381835938 515.0887451171875
v -705.9806518554688 605.5520629882812 574.9998168945312
v -928.5250854492188 979.6527709960938 511.1108703613281
v -903.243896484375 1068.9267578125 431.24981689453125
v -1025.4757080078125 1135.123291015625 431.24981689453125
v -903.243896484375 1068.9267578125 431.24981689453125
v -864.2854614257812 1078.5870361328125 287.4998474121094
v -1035.08837890625 1257.8883056640625 323.4372863769531
v -1174.316162109375 1200.4779052734375 287.499755859375
v -1136.39697265625 1068.9267578125 431.249755859375
v -1025.4757080078125 1135.123291015625 431.24981689453125
v -1136.39697265625 1068.9267578125 431.249755859375
v -1096.03759765625 979.6527709960938 511.1108703613281
v -1011.056396484375 1008.1961669921875 539.062255859375
v 1149.999755859375 0.00003770108014578 862.5001831054688
v 1149.999755859375 0.00003141756678815 718.7501831054688
v 1006.2498168945312 0.00003333911081426777 762.7099609375
v 1149.999755859375 0.00003141756678815 718.7501831054688
v 1149.999755859375 0.000025134057068498805 575.0001831054688
v 1006.2498168945312 37.31537628173828 676.8773803710938
v 852.7864379882812 37.31538009643555 726.3322143554688
v 856.0242919921875 0.000034780267014866695 795.6798095703125
v 1006.2498168945312 0.00003333911081426777 762.7099609375
v 856.0242919921875 0.000034780267014866695 795.6798095703125
v 860.8809204101562 0.00003854175520245917 881.7325439453125
v 1006.2498168945312 0.000038181464333320037 873.4900512695312
v 860.8809204101562 0.00003854175520245917 881.7325439453125
v 856.0242919921875 0.000034780267014866695 795.6798095703125
v 692.8475341796875 0.00003526065484038554 806.6697998046875
v 856.0242919921875 0.000034780267014866695 795.6798095703125
v 852.7864379882812 37.31538009643555 726.3322143554688
v 679.8963623046875 37.31538009643555 742.817138671875
v 501.4372863769531 23.881853103637695 699.845947265625
v 536.1463623046875 0.000034780267014866695 795.6796875
v 692.8475341796875 0.00003526065484038554 806.6697998046875
v 536.1463623046875 0.000034780267014866695 795.6796875
v 565.2864990234375 0.00003854175520245917 881.7325439453125
v 712.2742919921875 0.000038661848520860076 884.47998046875
v 565.2864990234375 0.00003854175520245917 881.7325439453125
v 536.1463623046875 0.000034780267014866695 795.6796875
v 405.3475341796875 0.00003333910717628896 762.7098999023438
v 536.1463623046875 0.000034780267014866695 795.6796875
v 501.4372863769531 23.881853103637695 699.845947265625
v 385.9208679199219 0.000028016367650707252 640.9398193359375
v 276.1676330566406 0.000026258632715325803 600.7274780273438
v 281.0242919921875 0.000032236559491138905 737.4865112304688
v 405.3475341796875 0.00003333910717628896 762.7098999023438
v 281.0242919921875 0.000032236559491138905 737.4865112304688
v 285.8809814453125 0.00003790582195506431 867.1841430664062
v 424.7742614746094 0.000038181464333320037 873.4900512695312
v 285.8809814453125 0.00003790582195506431 867.1841430664062
v 281.0242919921875 0.000032236559491138905 737.4865112304688
v 143.74989318847656 0.000032771993573987857 749.73583984375
v 281.0242919921875 0.000032236559491138905 737.4865112304688
v 276.1676330566406 0.000026258632715325803 600.7274780273438
v 143.74990844726562 0.000026750049073598348 611.9698486328125
v -0.00009397795656695962 23.88184928894043 655.2305297851562
v -0.00011418406938901171 0.00003415916216908954 781.4705810546875
v 143.74989318847656 0.000032771993573987857 749.73583984375
v -0.00011418406938901171 0.00003415916216908954 781.4705810546875
v -0.00013420497998595238 0.00003885065598296933 888.7993774414062
v 143.74986267089844 0.00003803968138527125 870.2463989257812
v -0.00013420497998595238 0.00003885065598296933 888.7993774414062
v -0.00011418406938901171 0.00003415916216908954 781.4705810546875
v -143.7501220703125 0.000035611803468782455 814.7030639648438
v -0.00011418406938901171 0.00003415916216908954 781.4705810546875
v -0.00009397795656695962 23.88184928894043 655.2305297851562
v -143.75010681152344 37.31537628173828 712.390380859375
v -223.61123657226562 66.33843231201172 733.8434448242188
v -251.5626220703125 37.31538391113281 823.9473266601562
v -143.7501220703125 0.000035611803468782455 814.7030639648438
v -251.5626220703125 37.31538391113281 823.9473266601562
v -287.5001525878906 23.88186264038086 967.6832275390625
v -143.75013732910156 0.000040606351831229404 928.965087890625
v -351.3890075683594 232.18443298339844 828.4839477539062
v -323.4376220703125 261.2074890136719 734.9917602539062
v -431.2500915527344 298.5227966308594 718.7498779296875
v -323.4376220703125 261.2074890136719 734.9917602539062
v -287.5001220703125 294.2118225097656 581.968994140625
v -431.2500915527344 330.7511901855469 610.9373779296875
v -511.1111755371094 364.0180969238281 638.8888549804688
v -539.0626220703125 336.9014587402344 718.7498779296875
v -431.2500915527344 298.5227966308594 718.7498779296875
v -539.0626220703125 336.9014587402344 718.7498779296875
v -575.0001220703125 299.2033386230469 849.0146484375
v -431.2500915527344 261.20751953125 843.5531616210938
v -638.8890380859375 537.3233032226562 798.611083984375
v -610.9376220703125 567.1734008789062 718.7498168945312
v -718.7501220703125 605.5520629882812 718.7498168945312
v -610.9376220703125 567.1734008789062 718.7498168945312
v -562.7413940429688 574.1013793945312 574.9998779296875
v -705.9806518554688 605.5520629882812 574.9998168945312
v -861.081298828125 613.8666381835938 515.0887451171875
v -826.5626220703125 567.1734008789062 718.7498168945312
v -718.7501220703125 605.5520629882812 718.7498168945312
v -826.5626220703125 567.1734008789062 718.7498168945312
v -798.611328125 537.3233032226562 798.6110229492188
v -718.7501220703125 567.1734008789062 826.5623779296875
v -862.5001220703125 299.2033386230469 840.859130859375
v -898.4376220703125 336.9014587402344 718.7498779296875
v -1006.2501220703125 298.5227966308594 718.7498779296875
v -898.4376220703125 336.9014587402344 718.7498779296875
v -926.388916015625 366.7515563964844 638.8887939453125
v -1006.2501220703125 336.9014587402344 610.9373779296875
v -1129.5233154296875 299.20330810546875 574.9998168945312
v -1114.0626220703125 261.2074890136719 718.7498168945312
v -1006.2501220703125 298.5227966308594 718.7498779296875
v -1114.0626220703125 261.2074890136719 718.7498168945312
v -1086.1112060546875 232.18441772460938 798.6109008789062
v -1006.2501220703125 261.20751953125 826.5623779296875
v 1149.999755859375 0.00005026810322306119 1150.0001220703125
v 1149.999755859375 0.00004398458986543119 1006.2501831054688
v 1006.2498168945312 0.00004398458622745238 1006.2501220703125
v 1149.999755859375 0.00004398458986543119 1006.2501831054688
v 1149.999755859375 0.00003770108014578 862.5001831054688
v 1006.2498168945312 0.000038181464333320037 873.4900512695312
v 860.8809204101562 0.00003854175520245917 881.7325439453125
v 862.4998779296875 0.00004398458622745238 1006.2501220703125
v 1006.2498168945312 0.00004398458622745238 1006.2501220703125
v 862.4998779296875 0.00004398458622745238 1006.2501220703125
v 862.4998168945312 0.00005026810322306119 1150.0001220703125
v 1006.2498168945312 0.00005026810322306119 1150.0001220703125
v 862.4998168945312 0.00005026810322306119 1150.0001220703125
v 862.4998779296875 0.00004398458622745238 1006.2501220703125
v 718.7498779296875 0.00004398458622745238 1006.2501220703125
v 862.4998779296875 0.00004398458622745238 1006.2501220703125
v 860.8809204101562 0.00003854175520245917 881.7325439453125
v 712.2742919921875 0.000038661848520860076 884.47998046875
v 565.2864990234375 0.00003854175520245917 881.7325439453125
v 574.9998779296875 0.00004398458622745238 1006.25
v 718.7498779296875 0.00004398458622745238 1006.2501220703125
v 574.9998779296875 0.00004398458622745238 1006.25
v 574.9998168945312 0.00005026810322306119 1150.0001220703125
v 718.7498168945312 0.00005026810322306119 1150.0001220703125
v 574.9998168945312 0.00005026810322306119 1150.0001220703125
v 574.9998779296875 0.00004398458622745238 1006.25
v 431.2498474121094 0.00004398458622745238 1006.25
v 574.9998779296875 0.00004398458622745238 1006.25
v 565.2864990234375 0.00003854175520245917 881.7325439453125
v 424.7742614746094 0.000038181464333320037 873.4900512695312
v 285.8809814453125 0.00003790582195506431 867.1841430664062
v 287.4998474121094 0.00004398458622745238 1006.25
v 431.2498474121094 0.00004398458622745238 1006.25
v 287.4998474121094 0.00004398458622745238 1006.25
v 287.49981689453125 0.000050268095947103575 1150
v 431.24981689453125 0.00005026810322306119 1150.0001220703125
v 287.49981689453125 0.000050268095947103575 1150
v 287.4998474121094 0.00004398458622745238 1006.25
v 143.74984741210938 0.00004398458622745238 1006.25
v 287.4998474121094 0.00004398458622745238 1006.25
v 285.8809814453125 0.00003790582195506431 867.1841430664062
v 143.74986267089844 0.00003803968138527125 870.2463989257812
v -0.00013420497998595238 0.00003885065598296933 888.7993774414062
v -0.00015322228136938065 0.00004435592927620746 1014.745361328125
v 143.74984741210938 0.00004398458622745238 1006.25
v -0.00015322228136938065 0.00004435592927620746 1014.745361328125
v -0.0001736451667966321 0.000050268095947103575 1150
v 143.7498321533203 0.000050268095947103575 1150
v -0.0001736451667966321 0.000050268095947103575 1150
v -0.00015322228136938065 0.00004435592927620746 1014.745361328125
v -143.75015258789062 0.00004546996206045151 1040.2314453125
v -0.00015322228136938065 0.00004435592927620746 1014.745361328125
v -0.00013420497998595238 0.00003885065598296933 888.7993774414062
v -143.75013732910156 0.000040606351831229404 928.965087890625
v -287.5001525878906 23.88186264038086 967.6832275390625
v -287.5001525878906 0.000046583991206716746 1065.717529296875
v -143.75015258789062 0.00004546996206045151 1040.2314453125
v -287.5001525878906 0.000046583991206716746 1065.717529296875
v -287.5001525878906 0.000050268095947103575 1150
v -143.7501678466797 0.000050268095947103575 1150
v -287.5001525878906 0.000050268095947103575 1150
v -287.5001525878906 0.000046583991206716746 1065.717529296875
v -431.2501525878906 0.00004695533061749302 1074.2127685546875
v -287.5001525878906 0.000046583991206716746 1065.717529296875
v -287.5001525878906 23.88186264038086 967.6832275390625
v -431.2501525878906 37.315391540527344 1000.3817749023438
v -575.0001220703125 37.31538772583008 987.638671875
v -575.0001831054688 0.00004658398756873794 1065.7174072265625
v -431.2501525878906 0.00004695533061749302 1074.2127685546875
v -575.0001831054688 0.00004658398756873794 1065.7174072265625
v -575.0001831054688 0.00005026809230912477 1149.999755859375
v -431.25018310546875 0.00005026809230912477 1149.999755859375
v -575.0001831054688 0.00005026809230912477 1149.999755859375
v -575.0001831054688 0.00004658398756873794 1065.7174072265625
v -718.7501831054688 0.00004546995478449389 1040.2313232421875
v -575.0001831054688 0.00004658398756873794 1065.7174072265625
v -575.0001220703125 37.31538772583008 987.638671875
v -718.7501220703125 37.31538772583008 949.4094848632812
v -862.5001220703125 37.31538772583008 911.180419921875
v -862.5001831054688 0.00004435592200024985 1014.7452392578125
v -718.7501831054688 0.00004546995478449389 1040.2313232421875
v -862.5001831054688 0.00004435592200024985 1014.7452392578125
v -862.5001831054688 0.00005026809230912477 1149.999755859375
v -718.7501831054688 0.00005026809230912477 1149.999755859375
v -862.5001831054688 0.00005026809230912477 1149.999755859375
v -862.5001831054688 0.00004435592200024985 1014.7452392578125
v -1006.2501220703125 0.00004398457895149477 1006.2498168945312
v -862.5001831054688 0.00004435592200024985 1014.7452392578125
v -862.5001220703125 37.31538772583008 911.180419921875
v -1006.2501220703125 37.31538772583008 898.4373779296875
v -1150.0001220703125 0.00003770106195588596 862.4998168945312
v -1150.0001220703125 0.00004398457531351596 1006.2498168945312
v -1006.2501220703125 0.00004398457895149477 1006.2498168945312
v -1150.0001220703125 0.00004398457531351596 1006.2498168945312
v -1150.0001220703125 0.00005026809230912477 1149.999755859375
v -1006.2501831054688 0.00005026809230912477 1149.999755859375
v 1150.0001220703125 -0.00003770106195588596 -862.4998168945312
v 1150.0001220703125 -0.00004398457531351596 -1006.2498168945312
v 1150.0001220703125 200.37261962890625 -1006.2498168945312
v 1150.0001220703125 -0.00004398457531351596 -1006.2498168945312
v 1100.7177734375 -0.000048697213060222566 -1114.062255859375
v 1107.3902587890625 162.03915405273438 -1114.062255859375
v 1083.1456298828125 271.93756103515625 -1086.1109619140625
v 1114.0626220703125 350.652099609375 -1006.2498168945312
v 1150.0001220703125 200.37261962890625 -1006.2498168945312
v 1114.0626220703125 350.652099609375 -1006.2498168945312
v 1114.0626220703125 395.3744201660156 -862.4998168945312
v 1150.0001220703125 225.92823791503906 -862.4998168945312
v 1100.7177734375 -0.000048697213060222566 -1114.062255859375
v 952.8706665039062 -0.00005026809230912477 -1149.999755859375
v 979.5603637695312 149.26133728027344 -1149.999755859375
v 952.8706665039062 -0.00005026809230912477 -1149.999755859375
v 782.430908203125 -0.00005026809230912477 -1149.999755859375
v 851.7305297851562 162.03915405273438 -1114.062255859375
v 905.63037109375 271.93756103515625 -1086.1109619140625
v 999.5776977539062 286.76300048828125 -1114.062255859375
v 979.5603637695312 149.26133728027344 -1149.999755859375
v 999.5776977539062 286.76300048828125 -1114.062255859375
v 1083.1456298828125 271.93756103515625 -1086.1109619140625
v 1107.3902587890625 162.03915405273438 -1114.062255859375
v 782.430908203125 -0.00005026809230912477 -1149.999755859375
v 746.4933471679688 50.09312438964844 -1006.2498168945312
v 809.1205444335938 200.37261962890625 -1006.2498168945312
v 746.4933471679688 50.09312438964844 -1006.2498168945312
v 754.3798217773438 56.48203659057617 -862.4998779296875
v 815.7930297851562 225.92823791503906 -862.4998779296875
v 886.7608032226562 395.3744201660156 -862.4998779296875
v 885.0927124023438 350.652099609375 -1006.2498168945312
v 809.1205444335938 200.37261962890625 -1006.2498168945312
v 885.0927124023438 350.652099609375 -1006.2498168945312
v 905.63037109375 271.93756103515625 -1086.1109619140625
v 851.7305297851562 162.03915405273438 -1114.062255859375
v 754.3798217773438 56.48203659057617 -862.4998779296875
v 778.0392456054688 50.0931396484375 -718.7498779296875
v 835.8103637695312 200.37265014648438 -718.7498779296875
v 778.0392456054688 50.0931396484375 -718.7498779296875
v 758.1815185546875 72.01740264892578 -638.8887939453125
v 811.4014892578125 162.0391845703125 -610.9373779296875
v 860.07421875 306.6751403808594 -597.9998779296875
v 891.7651977539062 350.6521301269531 -718.7498779296875
v 835.8103637695312 200.37265014648438 -718.7498779296875
v 891.7651977539062 350.6521301269531 -718.7498779296875
v 886.7608032226562 395.3744201660156 -862.4998779296875
v 815.7930297851562 225.92823791503906 -862.4998779296875
v 758.1815185546875 72.01740264892578 -638.8887939453125
v 661.1453247070312 37.31532287597656 -610.9373779296875
v 684.795166015625 149.26136779785156 -574.9998779296875
v 661.1453247070312 37.31532287597656 -610.9373779296875
v 476.0552978515625 25.52002716064453 -574.9998779296875
v 551.5165405273438 149.26136779785156 -539.0623779296875
v 596.082275390625 288.89971923828125 -541.410888671875
v 710.2613525390625 287.3730773925781 -574.9998779296875
v 684.795166015625 149.26136779785156 -574.9998779296875
v 710.2613525390625 287.3730773925781 -574.9998779296875
v 860.07421875 306.6751403808594 -597.9998779296875
v 811.4014892578125 162.0391845703125 -610.9373779296875
v 476.0552978515625 25.52002716064453 -574.9998779296875
v 428.16424560546875 37.315330505371094 -431.24993896484375
v 507.09033203125 149.26136779785156 -431.2499084472656
v 428.16424560546875 37.315330505371094 -431.24993896484375
v 407.7933654785156 66.33838653564453 -351.3888244628906
v 470.60791015625 149.26138305664062 -323.43743896484375
v 521.9489135742188 298.0594482421875 -337.5281677246094
v 558.0226440429688 293.4795837402344 -440.64373779296875
v 507.09033203125 149.26136779785156 -431.2499084472656
v 558.0226440429688 293.4795837402344 -440.64373779296875
v 596.082275390625 288.89971923828125 -541.410888671875
v 551.5165405273438 149.26136779785156 -539.0623779296875
v 407.7933654785156 66.33838653564453 -351.3888244628906
v 317.6271057128906 37.31533432006836 -323.43743896484375
v 361.1605529785156 149.26138305664062 -287.49993896484375
v 317.6271057128906 37.31533432006836 -323.43743896484375
v 175.37046813964844 23.88180923461914 -287.49993896484375
v 251.71327209472656 149.26138305664062 -251.5624542236328
v 305.5064697265625 299.58612060546875 -253.91094970703125
v 413.7276611328125 299.5860900878906 -296.893798828125
v 361.1605529785156 149.26138305664062 -287.49993896484375
v 413.7276611328125 299.5860900878906 -296.893798828125
v 521.9489135742188 298.0594482421875 -337.5281677246094
v 470.60791015625 149.26138305664062 -323.43743896484375
v 175.37046813964844 23.88180923461914 -287.49993896484375
v 143.1587677001953 37.31534194946289 -143.74996948242188
v 215.23085021972656 149.26138305664062 -143.74996948242188
v 143.1587677001953 37.31534194946289 -143.74996948242188
v 156.70921325683594 37.31534957885742 -2.3772010803222656
v 224.2644805908203 149.2613983154297 0.000031153267627814785
v 323.8028259277344 299.58612060546875 0.000028168145945528522
v 321.5444641113281 299.58612060546875 -143.74996948242188
v 215.23085021972656 149.26138305664062 -143.74996948242188
v 321.5444641113281 299.58612060546875 -143.74996948242188
v 305.5064697265625 299.58612060546875 -253.91094970703125
v 251.71327209472656 149.26138305664062 -251.5624542236328
v 156.70921325683594 37.31534957885742 -2.3772010803222656
v 197.36061096191406 37.31535339355469 134.24111938476562
v 251.36541748046875 149.2613983154297 143.75001525878906
v 197.36061096191406 37.31535339355469 134.24111938476562
v 271.5749816894531 23.881834030151367 281.3692932128906
v 307.9282531738281 149.2613983154297 251.5625457763672
v 319.5601806640625 299.58612060546875 251.56253051757812
v 278.4663391113281 299.58612060546875 143.75003051757812
v 251.36541748046875 149.2613983154297 143.75001525878906
v 278.4663391113281 299.58612060546875 143.75003051757812
v 323.8028259277344 299.58612060546875 0.000028168145945528522
v 224.2644805908203 149.2613983154297 0.000031153267627814785
v 271.5749816894531 23.881834030151367 281.3692932128906
v 385.9208679199219 37.31536102294922 334.42755126953125
v 405.3476867675781 149.2613983154297 287.50006103515625
v 385.9208679199219 37.31536102294922 334.42755126953125
v 450.67230224609375 66.33841705322266 380.69549560546875
v 493.7333984375 149.2613983154297 334.42755126953125
v 567.7472534179688 299.20330810546875 312.2584533691406
v 424.7744140625 299.58612060546875 287.5000305175781
v 405.3476867675781 149.2613983154297 287.50006103515625
v 424.7744140625 299.58612060546875 287.5000305175781
v 319.5601806640625 299.58612060546875 251.56253051757812
v 307.9282531738281 149.2613983154297 251.5625457763672
v 450.67230224609375 66.33841705322266 380.69549560546875
v 461.3554382324219 37.31536865234375 497.1898193359375
v 523.1953125 149.26141357421875 475.20989990234375
v 461.3554382324219 37.31536865234375 497.1898193359375
v 501.4372863769531 23.881853103637695 699.845947265625
v 565.6083374023438 149.26141357421875 615.9921875
v 618.74267578125 232.18441772460938 545.30224609375
v 597.9862670898438 261.2074890136719 442.24005126953125
v 523.1953125 149.26141357421875 475.20989990234375
v 597.9862670898438 261.2074890136719 442.24005126953125
v 567.7472534179688 299.20330810546875 312.2584533691406
v 493.7333984375 149.2613983154297 334.42755126953125
v 501.4372863769531 23.881853103637695 699.845947265625
v 679.8963623046875 37.31538009643555 742.817138671875
v 692.8475952148438 149.26141357421875 662.9197998046875
v 679.8963623046875 37.31538009643555 742.817138671875
v 852.7864379882812 37.31538009643555 726.3322143554688
v 856.0242919921875 149.26141357421875 549.1483154296875
v 860.8810424804688 261.2074279785156 455.5135192871094
v 712.2743530273438 261.2074890136719 561.0425415039062
v 692.8475952148438 149.26141357421875 662.9197998046875
v 712.2743530273438 261.2074890136719 561.0425415039062
v 618.74267578125 232.18441772460938 545.30224609375
v 565.6083374023438 149.26141357421875 615.9921875
v 852.7864379882812 37.31538009643555 726.3322143554688
v 1006.2498168945312 37.31537628173828 676.8773803710938
v 1006.2498168945312 149.26141357421875 618.9599609375
v 1006.2498168945312 37.31537628173828 676.8773803710938
v 1149.999755859375 0.000025134057068498805 575.0001831054688
v 1114.062255859375 149.26141357421875 550.0526123046875
v 1086.1109619140625 232.18441772460938 515.9956665039062
v 1006.2498779296875 261.2074890136719 550.0526123046875
v 1006.2498168945312 149.26141357421875 618.9599609375
v 1006.2498779296875 261.2074890136719 550.0526123046875
v 860.8810424804688 261.2074279785156 455.5135192871094
v 856.0242919921875 149.26141357421875 549.1483154296875
v 1149.999755859375 0.000025134057068498805 575.0001831054688
v 1149.999755859375 0.000018850543710868806 431.25018310546875
v 1149.999755859375 149.26141357421875 431.25018310546875
v 1149.999755859375 0.000018850543710868806 431.25018310546875
v 1150 0.000012567031262733508 287.5001525878906
v 1150 149.2613983154297 287.5001525878906
v 1128.3916015625 299.20330810546875 287.5001525878906
v 1114.062255859375 261.2074890136719 431.25018310546875
v 1149.999755859375 149.26141357421875 431.25018310546875
v 1114.062255859375 261.2074890136719 431.25018310546875
v 1086.1109619140625 232.18441772460938 515.9956665039062
v 1114.062255859375 149.26141357421875 550.0526123046875
v 1150 0.000012567031262733508 287.5001525878906
v 1150 0.000006283519269345561 143.7501678466797
v 1150 149.2613983154297 143.75015258789062
v 1150 0.000006283519269345561 143.7501678466797
v 1150 7.590271293433926e-12 0.0001736451667966321
v 1150 149.2613983154297 0.0001671207428444177
v 1165.220703125 299.58612060546875 0.00016189443704206496
v 1158.697509765625 299.58612060546875 143.75015258789062
v 1150 149.2613983154297 143.75015258789062
v 1158.697509765625 299.58612060546875 143.75015258789062
v 1128.3916015625 299.20330810546875 287.5001525878906
v 1150 149.2613983154297 287.5001525878906
v 1150 7.590271293433926e-12 0.0001736451667966321
v 1150 -0.000006283504717430333 -143.7498321533203
v 1150 149.26138305664062 -143.74984741210938
v 1150 -0.000006283504717430333 -143.7498321533203
v 1150 -0.000012567015801323578 -287.49981689453125
v 1150 149.26138305664062 -287.49981689453125
v 1165.2208251953125 299.5860900878906 -287.4998474121094
v 1167.3951416015625 299.58612060546875 -143.74981689453125
v 1150 149.26138305664062 -143.74984741210938
v 1167.3951416015625 299.58612060546875 -143.74981689453125
v 1165.220703125 299.58612060546875 0.00016189443704206496
v 1150 149.2613983154297 0.0001671207428444177
v 1150 -0.000012567015801323578 -287.49981689453125
v 1150.0001220703125 -0.000018850529158953577 -431.24981689453125
v 1150.0001220703125 149.26136779785156 -431.24981689453125
v 1150.0001220703125 -0.000018850529158953577 -431.24981689453125
v 1150.0001220703125 -0.00002513403887860477 -574.9998168945312
v 1150.0001220703125 162.0391845703125 -574.9998168945312
v 1128.3917236328125 312.5373840332031 -574.9998168945312
v 1158.6976318359375 299.5860900878906 -431.24981689453125
v 1150.0001220703125 149.26136779785156 -431.24981689453125
v 1158.6976318359375 299.5860900878906 -431.24981689453125
v 1165.2208251953125 299.5860900878906 -287.4998474121094
v 1150 149.26138305664062 -287.49981689453125
v 1150.0001220703125 -0.00002513403887860477 -574.9998168945312
v 1150.0001220703125 -0.00003141755223623477 -718.7498168945312
v 1150.0001220703125 200.37265014648438 -718.7498168945312
v 1150.0001220703125 -0.00003141755223623477 -718.7498168945312
v 1150.0001220703125 -0.00003770106195588596 -862.4998168945312
v 1150.0001220703125 225.92823791503906 -862.4998168945312
v 1114.0626220703125 395.3744201660156 -862.4998168945312
v 1114.0626220703125 350.6521301269531 -718.7498168945312
v 1150.0001220703125 200.37265014648438 -718.7498168945312
v 1114.0626220703125 350.6521301269531 -718.7498168945312
v 1128.3917236328125 312.5373840332031 -574.9998168945312
v 1150.0001220703125 162.0391845703125 -574.9998168945312
v -574.9998779296875 23.881778717041016 -957.3816528320312
v -718.7498779296875 37.315303802490234 -998.66455078125
v -718.7498779296875 149.2613525390625 -929.318115234375
v -718.7498779296875 37.315303802490234 -998.66455078125
v -862.4998779296875 23.881778717041016 -957.3817138671875
v -826.5623779296875 149.2613525390625 -885.0283813476562
v -798.6110229492188 232.18434143066406 -824.5960083007812
v -718.7498779296875 261.2074279785156 -843.26708984375
v -718.7498779296875 149.2613525390625 -929.318115234375
v -718.7498779296875 261.2074279785156 -843.26708984375
v -638.8887939453125 232.18434143066406 -824.5960083007812
v -610.9373779296875 149.2613525390625 -885.0282592773438
v -862.4998779296875 23.881778717041016 -957.3817138671875
v -898.4373779296875 37.31531524658203 -768.8636474609375
v -862.4998779296875 149.2613525390625 -752.1591186523438
v -898.4373779296875 37.31531524658203 -768.8636474609375
v -926.3887329101562 66.33837127685547 -661.1616821289062
v -898.4373779296875 149.26136779785156 -619.2898559570312
v -862.4998779296875 274.6409606933594 -587.9182739257812
v -826.5623779296875 261.2074279785156 -727.1023559570312
v -862.4998779296875 149.2613525390625 -752.1591186523438
v -826.5623779296875 261.2074279785156 -727.1023559570312
v -798.6110229492188 232.18434143066406 -824.5960083007812
v -826.5623779296875 149.2613525390625 -885.0283813476562
v -926.3887329101562 66.33837127685547 -661.1616821289062
v -1006.2498168945312 37.31532287597656 -619.2898559570312
v -1006.2498779296875 149.26136779785156 -575.0001220703125
v -1006.2498168945312 37.31532287597656 -619.2898559570312
v -1149.999755859375 -0.000025134057068498805 -575.0001831054688
v -1114.062255859375 149.26136779785156 -539.0626831054688
v -1086.1109619140625 232.18435668945312 -515.7072143554688
v -1006.2498779296875 261.2074279785156 -549.4034423828125
v -1006.2498779296875 149.26136779785156 -575.0001220703125
v -1006.2498779296875 261.2074279785156 -549.4034423828125
v -862.4998779296875 274.6409606933594 -587.9182739257812
v -898.4373779296875 149.26136779785156 -619.2898559570312
v -1149.999755859375 -0.000025134057068498805 -575.0001831054688
v -1149.999755859375 -0.000018850543710868806 -431.25018310546875
v -1149.999755859375 149.26136779785156 -431.25018310546875
v -1149.999755859375 -0.000018850543710868806 -431.25018310546875
v -1150 -0.000012567031262733508 -287.5001525878906
v -1153.71240234375 149.26138305664062 -287.5001525878906
v -1129.523193359375 299.2032470703125 -298.60040283203125
v -1114.062255859375 261.2074279785156 -441.5910339355469
v -1149.999755859375 149.26136779785156 -431.25018310546875
v -1114.062255859375 261.2074279785156 -441.5910339355469
v -1086.1109619140625 232.18435668945312 -515.7072143554688
v -1114.062255859375 149.26136779785156 -539.0626831054688
v -1150 -0.000012567031262733508 -287.5001525878906
v -1150 -0.000006283519269345561 -143.7501678466797
v -1164.849365234375 149.26138305664062 -143.75018310546875
v -1150 -0.000006283519269345561 -143.7501678466797
v -1150 -7.590271293433926e-12 -0.0001736451667966321
v -1175.986328125 149.2613983154297 -0.00018027871556114405
v -1177.5975341796875 299.58612060546875 -0.0001861392374848947
v -1165.77001953125 299.58612060546875 -143.75018310546875
v -1164.849365234375 149.26138305664062 -143.75018310546875
v -1165.77001953125 299.58612060546875 -143.75018310546875
v -1129.523193359375 299.2032470703125 -298.60040283203125
v -1153.71240234375 149.26138305664062 -287.5001525878906
v -1150 -7.590271293433926e-12 -0.0001736451667966321
v -1150 0.000006283504717430333 143.7498321533203
v -1179.6986083984375 149.2613983154297 143.7498016357422
v -1150 0.000006283504717430333 143.7498321533203
v -1150 0.000012567015801323578 287.49981689453125
v -1175.986328125 149.2613983154297 287.49981689453125
v -1177.5975341796875 299.58612060546875 287.4997863769531
v -1181.5400390625 299.58612060546875 143.7498016357422
v -1179.6986083984375 149.2613983154297 143.7498016357422
v -1181.5400390625 299.58612060546875 143.7498016357422
v -1177.5975341796875 299.58612060546875 -0.0001861392374848947
v -1175.986328125 149.2613983154297 -0.00018027871556114405
v -1150 0.000012567015801323578 287.49981689453125
v -1150.0001220703125 0.000018850529158953577 431.24981689453125
v -1164.8494873046875 149.26141357421875 431.24981689453125
v -1150.0001220703125 0.000018850529158953577 431.24981689453125
v -1150.0001220703125 0.00002513403887860477 574.9998168945312
v -1153.71240234375 149.26141357421875 574.9998168945312
v -1129.5233154296875 299.20330810546875 574.9998168945312
v -1165.7701416015625 299.58612060546875 431.24981689453125
v -1164.8494873046875 149.26141357421875 431.24981689453125
v -1165.7701416015625 299.58612060546875 431.24981689453125
v -1177.5975341796875 299.58612060546875 287.4997863769531
v -1175.986328125 149.2613983154297 287.49981689453125
v -1150.0001220703125 0.00002513403887860477 574.9998168945312
v -1150.0001220703125 0.00003141755223623477 718.7498168945312
v -1150.0001220703125 149.2614288330078 718.7498168945312
v -1150.0001220703125 0.00003141755223623477 718.7498168945312
v -1150.0001220703125 0.00003770106195588596 862.4998168945312
v -1114.0626220703125 149.2614288330078 826.5623168945312
v -1086.1112060546875 232.18441772460938 798.6109008789062
v -1114.0626220703125 261.2074890136719 718.7498168945312
v -1150.0001220703125 149.2614288330078 718.7498168945312
v -1114.0626220703125 261.2074890136719 718.7498168945312
v -1129.5233154296875 299.20330810546875 574.9998168945312
v -1153.71240234375 149.26141357421875 574.9998168945312
v -1150.0001220703125 0.00003770106195588596 862.4998168945312
v -1006.2501220703125 37.31538772583008 898.4373779296875
v -1006.2501220703125 149.2614288330078 862.4998779296875
v -1006.2501220703125 37.31538772583008 898.4373779296875
v -862.5001220703125 37.31538772583008 911.180419921875
v -862.5001220703125 149.2614288330078 870.9952392578125
v -862.5001220703125 299.2033386230469 840.859130859375
v -1006.2501220703125 261.20751953125 826.5623779296875
v -1006.2501220703125 149.2614288330078 862.4998779296875
v -1006.2501220703125 261.20751953125 826.5623779296875
v -1086.1112060546875 232.18441772460938 798.6109008789062
v -1114.0626220703125 149.2614288330078 826.5623168945312
v -862.5001220703125 37.31538772583008 911.180419921875
v -718.7501220703125 37.31538772583008 949.4094848632812
v -718.7501220703125 149.2614288330078 896.4813232421875
v -718.7501220703125 37.31538772583008 949.4094848632812
v -575.0001220703125 37.31538772583008 987.638671875
v -575.0001220703125 149.2614288330078 921.9674072265625
v -575.0001220703125 299.2033386230469 849.0146484375
v -718.7501220703125 299.5861511230469 870.9952392578125
v -718.7501220703125 149.2614288330078 896.4813232421875
v -718.7501220703125 299.5861511230469 870.9952392578125
v -862.5001220703125 299.2033386230469 840.859130859375
v -862.5001220703125 149.2614288330078 870.9952392578125
v -575.0001220703125 37.31538772583008 987.638671875
v -431.2501525878906 37.315391540527344 1000.3817749023438
v -431.2501525878906 149.2614288330078 930.4628295898438
v -431.2501525878906 37.315391540527344 1000.3817749023438
v -287.5001525878906 23.88186264038086 967.6832275390625
v -323.4376220703125 149.2614288330078 893.7764282226562
v -351.3890075683594 232.18443298339844 828.4839477539062
v -431.2500915527344 261.20751953125 843.5531616210938
v -431.2501525878906 149.2614288330078 930.4628295898438
v -431.2500915527344 261.20751953125 843.5531616210938
v -575.0001220703125 299.2033386230469 849.0146484375
v -575.0001220703125 149.2614288330078 921.9674072265625
v -287.5001525878906 23.88186264038086 967.6832275390625
v -251.5626220703125 37.31538391113281 823.9473266601562
v -287.5001220703125 149.2614288330078 783.7172241210938
v -251.5626220703125 37.31538391113281 823.9473266601562
v -223.61123657226562 66.33843231201172 733.8434448242188
v -251.56259155273438 149.26141357421875 673.657958984375
v -287.5001220703125 294.2118225097656 581.968994140625
v -323.4376220703125 261.2074890136719 734.9917602539062
v -287.5001220703125 149.2614288330078 783.7172241210938
v -323.4376220703125 261.2074890136719 734.9917602539062
v -351.3890075683594 232.18443298339844 828.4839477539062
v -323.4376220703125 149.2614288330078 893.7764282226562
v -223.61123657226562 66.33843231201172 733.8434448242188
v -143.75010681152344 37.31537628173828 712.390380859375
v -143.7500762939453 149.26141357421875 636.9716796875
v -143.75010681152344 37.31537628173828 712.390380859375
v -0.00009397795656695962 23.88184928894043 655.2305297851562
v -35.93758773803711 149.26141357421875 583.77880859375
v -63.88898468017578 232.18441772460938 530.9850463867188
v -143.7500762939453 261.2074890136719 554.555419921875
v -143.7500762939453 149.26141357421875 636.9716796875
v -143.7500762939453 261.2074890136719 554.555419921875
v -287.5001220703125 294.2118225097656 581.968994140625
v -251.56259155273438 149.26141357421875 673.657958984375
v -0.00009397795656695962 23.88184928894043 655.2305297851562
v 35.93742370605469 37.315364837646484 420.67529296875
v -0.00008312593126902357 149.26141357421875 424.2001953125
v 35.93742370605469 37.315364837646484 420.67529296875
v -1.4454337358474731 23.88182830810547 186.91539001464844
v -35.93756866455078 149.2613983154297 264.62158203125
v -63.888973236083984 232.18441772460938 325.2484436035156
v -35.93758773803711 261.2074890136719 429.487548828125
v -0.00008312593126902357 149.26141357421875 424.2001953125
v -35.93758773803711 261.2074890136719 429.487548828125
v -63.88898468017578 232.18441772460938 530.9850463867188
v -35.93758773803711 149.26141357421875 583.77880859375
v -1.4454337358474731 23.88182830810547 186.91539001464844
v -143.75001525878906 37.31535339355469 137.45555114746094
v -143.7500457763672 149.2613983154297 211.42869567871094
v -143.75001525878906 37.31535339355469 137.45555114746094
v -287.5000305175781 37.31535339355469 151.7188720703125
v -287.5000305175781 149.2613983154297 220.93756103515625
v -285.4569396972656 292.3149719238281 299.8499450683594
v -143.7500762939453 261.2074890136719 304.4196472167969
v -143.7500457763672 149.2613983154297 211.42869567871094
v -143.7500762939453 261.2074890136719 304.4196472167969
v -63.888973236083984 232.18441772460938 325.2484436035156
v -35.93756866455078 149.2613983154297 264.62158203125
v -287.5000305175781 37.31535339355469 151.7188720703125
v -431.25 37.31535720825195 194.50897216796875
v -431.25 149.2613983154297 249.46429443359375
v -431.25 37.31535720825195 194.50897216796875
v -511.1111145019531 66.33840942382812 198.25393676757812
v -539.0625610351562 149.2613983154297 242.0535125732422
v -516.7161254882812 298.04852294921875 249.18515014648438
v -418.4806213378906 293.4358215332031 277.9909973144531
v -431.25 149.2613983154297 249.46429443359375
v -418.4806213378906 293.4358215332031 277.9909973144531
v -285.4569396972656 292.3149719238281 299.8499450683594
v -287.5000305175781 149.2613983154297 220.93756103515625
v -511.1111145019531 66.33840942382812 198.25393676757812
v -539.0625 37.31535339355469 134.2410125732422
v -575 149.2613983154297 143.74989318847656
v -539.0625 37.31535339355469 134.2410125732422
v -511.111083984375 66.3384017944336 59.662628173828125
v -539.0625 149.2613983154297 35.93741226196289
v -516.716064453125 297.4725341796875 35.93741226196289
v -549.461181640625 299.58612060546875 143.74990844726562
v -575 149.2613983154297 143.74989318847656
v -549.461181640625 299.58612060546875 143.74990844726562
v -516.7161254882812 298.04852294921875 249.18515014648438
v -539.0625610351562 149.2613983154297 242.0535125732422
v -511.111083984375 66.3384017944336 59.662628173828125
v -431.25 37.31534957885742 26.42852020263672
v -431.25 149.2613983154297 -0.00006973401468712837
v -431.25 37.31534957885742 26.42852020263672
v -287.5 22.54962921142578 -10.6500244140625
v -323.4375 140.9351806640625 -35.93755340576172
v -320.2451477050781 272.3017578125 -35.93756103515625
v -418.4805908203125 291.1318054199219 -0.00007400723552564159
v -431.25 149.2613983154297 -0.00006973401468712837
v -418.4805908203125 291.1318054199219 -0.00007400723552564159
v -516.716064453125 297.4725341796875 35.93741226196289
v -539.0625 149.2613983154297 35.93741226196289
v -287.5 22.54962921142578 -10.6500244140625
v -251.56246948242188 28.989124298095703 -143.75003051757812
v -287.49993896484375 115.95651245117188 -143.7500457763672
v -251.56246948242188 28.989124298095703 -143.75003051757812
v -251.5624542236328 22.744455337524414 -287.5000305175781
v -287.49993896484375 90.97785949707031 -287.5000305175781
v -310.49993896484375 195.1486358642578 -298.6002502441406
v -287.49993896484375 232.72018432617188 -143.75006103515625
v -287.49993896484375 115.95651245117188 -143.7500457763672
v -287.49993896484375 232.72018432617188 -143.75006103515625
v -320.2451477050781 272.3017578125 -35.93756103515625
v -323.4375 140.9351806640625 -35.93755340576172
v -251.5624542236328 22.744455337524414 -287.5000305175781
v -251.5624237060547 20.66289520263672 -431.25
v -287.49993896484375 82.65164184570312 -431.25
v -251.5624237060547 20.66289520263672 -431.25
v -287.4999084472656 16.194660186767578 -576.33642578125
v -323.4374084472656 90.97784423828125 -539.0625610351562
v -351.3887939453125 154.47300720214844 -515.7070922851562
v -323.43743896484375 161.2928009033203 -441.59088134765625
v -287.49993896484375 82.65164184570312 -431.25
v -323.43743896484375 161.2928009033203 -441.59088134765625
v -310.49993896484375 195.1486358642578 -298.6002502441406
v -287.49993896484375 90.97785949707031 -287.5000305175781
v -287.4999084472656 16.194660186767578 -576.33642578125
v -431.2499084472656 28.989103317260742 -619.289794921875
v -431.2499084472656 115.95649719238281 -575.0000610351562
v -431.2499084472656 28.989103317260742 -619.289794921875
v -511.1109619140625 62.6378288269043 -661.1616821289062
v -539.0623779296875 140.93516540527344 -619.289794921875
v -574.9998779296875 265.3155822753906 -587.9181518554688
v -431.2499084472656 202.92388916015625 -549.4033813476562
v -431.2499084472656 115.95649719238281 -575.0000610351562
v -431.2499084472656 202.92388916015625 -549.4033813476562
v -351.3887939453125 154.47300720214844 -515.7070922851562
v -323.4374084472656 90.97784423828125 -539.0625610351562
v -511.1109619140625 62.6378288269043 -661.1616821289062
v -539.0623779296875 37.31531524658203 -768.8635864257812
v -574.9998779296875 149.2613525390625 -752.1589965820312
v -539.0623779296875 37.31531524658203 -768.8635864257812
v -574.9998779296875 23.881778717041016 -957.3816528320312
v -610.9373779296875 149.2613525390625 -885.0282592773438
v -638.8887939453125 232.18434143066406 -824.5960083007812
v -610.9373779296875 261.2074279785156 -727.102294921875
v -574.9998779296875 149.2613525390625 -752.1589965820312
v -610.9373779296875 261.2074279785156 -727.102294921875
v -574.9998779296875 265.3155822753906 -587.9181518554688
v -539.0623779296875 140.93516540527344 -619.289794921875
v 1128.3917236328125 312.5373840332031 -574.9998168945312
v 1006.2501220703125 356.3505554199219 -610.9373779296875
v 1006.25 427.61138916015625 -574.9998779296875
v 1006.2501220703125 356.3505554199219 -610.9373779296875
v 860.07421875 306.6751403808594 -597.9998779296875
v 862.5 409.29193115234375 -574.9998779296875
v 864.6743774414062 503.0551452636719 -555.5015869140625
v 1014.9476318359375 530.5343627929688 -548.4561157226562
v 1006.25 427.61138916015625 -574.9998779296875
v 1014.9476318359375 530.5343627929688 -548.4561157226562
v 1109.3048095703125 521.039306640625 -515.2859497070312
v 1122.7601318359375 445.930908203125 -539.0623168945312
v 860.07421875 306.6751403808594 -597.9998779296875
v 710.2613525390625 287.3730773925781 -574.9998779296875
v 718.7500610351562 403.1854248046875 -574.9998779296875
v 710.2613525390625 287.3730773925781 -574.9998779296875
v 596.082275390625 288.89971923828125 -541.410888671875
v 610.9375610351562 409.29193115234375 -548.4562377929688
v 638.8889770507812 480.32940673828125 -540.3363037109375
v 718.7500610351562 493.8953857421875 -557.85009765625
v 718.7500610351562 403.1854248046875 -574.9998779296875
v 718.7500610351562 493.8953857421875 -557.85009765625
v 864.6743774414062 503.0551452636719 -555.5015869140625
v 862.5 409.29193115234375 -574.9998779296875
v 596.082275390625 288.89971923828125 -541.410888671875
v 558.0226440429688 293.4795837402344 -440.64373779296875
v 575.0000610351562 427.6114501953125 -468.8253479003906
v 558.0226440429688 293.4795837402344 -440.64373779296875
v 521.9489135742188 298.0594482421875 -337.5281677246094
v 539.0625610351562 445.930908203125 -379.8005676269531
v 575.0001831054688 618.5642700195312 -400.2261657714844
v 610.9375610351562 524.4279174804688 -497.00689697265625
v 575.0000610351562 427.6114501953125 -468.8253479003906
v 610.9375610351562 524.4279174804688 -497.00689697265625
v 638.8889770507812 480.32940673828125 -540.3363037109375
v 610.9375610351562 409.29193115234375 -548.4562377929688
v 521.9489135742188 298.0594482421875 -337.5281677246094
v 413.7276611328125 299.5860900878906 -296.893798828125
v 431.25006103515625 452.0373840332031 -325.07537841796875
v 413.7276611328125 299.5860900878906 -296.893798828125
v 305.5064697265625 299.58612060546875 -253.91094970703125
v 323.4375305175781 452.0373840332031 -260.956298828125
v 351.388916015625 537.3233032226562 -248.661376953125
v 431.25006103515625 567.17333984375 -307.9255676269531
v 431.25006103515625 452.0373840332031 -325.07537841796875
v 431.25006103515625 567.17333984375 -307.9255676269531
v 575.0001831054688 618.5642700195312 -400.2261657714844
v 539.0625610351562 445.930908203125 -379.8005676269531
v 305.5064697265625 299.58612060546875 -253.91094970703125
v 321.5444641113281 299.58612060546875 -143.74996948242188
v 287.5000305175781 452.0373840332031 -143.74996948242188
v 321.5444641113281 299.58612060546875 -143.74996948242188
v 323.8028259277344 299.58612060546875 0.000028168145945528522
v 339.6116943359375 452.0373840332031 0.00002007666444114875
v 323.4375 567.1732177734375 -2.3484387397766113
v 323.4375305175781 567.17333984375 -153.14382934570312
v 287.5000305175781 452.0373840332031 -143.74996948242188
v 323.4375305175781 567.17333984375 -153.14382934570312
v 351.388916015625 537.3233032226562 -248.661376953125
v 323.4375305175781 452.0373840332031 -260.956298828125
v 323.8028259277344 299.58612060546875 0.000028168145945528522
v 278.4663391113281 299.58612060546875 143.75003051757812
v 287.5 452.0373840332031 143.75003051757812
v 278.4663391113281 299.58612060546875 143.75003051757812
v 319.5601806640625 299.58612060546875 251.56253051757812
v 323.4375 452.0373840332031 251.56253051757812
v 351.3888854980469 537.3233032226562 223.61114501953125
v 323.43743896484375 567.17333984375 143.75003051757812
v 287.5 452.0373840332031 143.75003051757812
v 323.43743896484375 567.17333984375 143.75003051757812
v 323.4375 567.1732177734375 -2.3484387397766113
v 339.6116943359375 452.0373840332031 0.00002007666444114875
v 319.5601806640625 299.58612060546875 251.56253051757812
v 424.7744140625 299.58612060546875 287.5000305175781
v 431.24993896484375 452.0373840332031 287.5000305175781
v 424.7744140625 299.58612060546875 287.5000305175781
v 567.7472534179688 299.20330810546875 312.2584533691406
v 574.9998779296875 452.0373840332031 287.50006103515625
v 574.9998779296875 614.1746826171875 264.50006103515625
v 431.24993896484375 567.17333984375 251.56253051757812
v 431.24993896484375 452.0373840332031 287.5000305175781
v 431.24993896484375 567.17333984375 251.56253051757812
v 351.3888854980469 537.3233032226562 223.61114501953125
v 323.4375 452.0373840332031 251.56253051757812
v 567.7472534179688 299.20330810546875 312.2584533691406
v 718.7498779296875 336.9014587402344 323.4375915527344
v 718.7498779296875 452.0373840332031 287.5000915527344
v 718.7498779296875 336.9014587402344 323.4375915527344
v 862.4998779296875 336.9014892578125 323.4375915527344
v 862.4998779296875 452.0373840332031 287.5000915527344
v 862.4998779296875 615.240478515625 287.5000915527344
v 718.7498779296875 615.240478515625 287.5000915527344
v 718.7498779296875 452.0373840332031 287.5000915527344
v 718.7498779296875 615.240478515625 287.5000915527344
v 574.9998779296875 614.1746826171875 264.50006103515625
v 574.9998779296875 452.0373840332031 287.50006103515625
v 862.4998779296875 336.9014892578125 323.4375915527344
v 1006.2498779296875 336.9014587402344 323.4376220703125
v 1006.2498779296875 452.0373840332031 287.5001220703125
v 1006.2498779296875 336.9014587402344 323.4376220703125
v 1128.3916015625 299.20330810546875 287.5001525878906
v 1122.760009765625 452.0373840332031 251.56263732910156
v 1127.10888671875 619.02490234375 251.56263732910156
v 1006.2498779296875 615.240478515625 287.5001220703125
v 1006.2498779296875 452.0373840332031 287.5001220703125
v 1006.2498779296875 615.240478515625 287.5001220703125
v 862.4998779296875 615.240478515625 287.5000915527344
v 862.4998779296875 452.0373840332031 287.5000915527344
v 1128.3916015625 299.20330810546875 287.5001525878906
v 1158.697509765625 299.58612060546875 143.75015258789062
v 1184.790283203125 452.0373840332031 143.75015258789062
v 1158.697509765625 299.58612060546875 143.75015258789062
v 1165.220703125 299.58612060546875 0.00016189443704206496
v 1210.8828125 452.0373840332031 0.00015926433843560517
v 1241.324462890625 641.7314453125 0.00015366176376119256
v 1202.185302734375 630.378173828125 143.75015258789062
v 1184.790283203125 452.0373840332031 143.75015258789062
v 1202.185302734375 630.378173828125 143.75015258789062
v 1127.10888671875 619.02490234375 251.56263732910156
v 1122.760009765625 452.0373840332031 251.56263732910156
v 1165.220703125 299.58612060546875 0.00016189443704206496
v 1167.3951416015625 299.58612060546875 -143.74981689453125
v 1219.5804443359375 452.0373840332031 -143.7498321533203
v 1167.3951416015625 299.58612060546875 -143.74981689453125
v 1165.2208251953125 299.5860900878906 -287.4998474121094
v 1210.8828125 452.0373840332031 -287.4998474121094
v 1225.80419921875 630.15185546875 -296.5179138183594
v 1254.37060546875 645.5159301757812 -143.7498321533203
v 1219.5804443359375 452.0373840332031 -143.7498321533203
v 1254.37060546875 645.5159301757812 -143.7498321533203
v 1241.324462890625 641.7314453125 0.00015366176376119256
v 1210.8828125 452.0373840332031 0.00015926433843560517
v 1165.2208251953125 299.5860900878906 -287.4998474121094
v 1158.6976318359375 299.5860900878906 -431.24981689453125
v 1184.7904052734375 452.0373840332031 -431.24981689453125
v 1158.6976318359375 299.5860900878906 -431.24981689453125
v 1128.3917236328125 312.5373840332031 -574.9998168945312
v 1122.7601318359375 445.930908203125 -539.0623168945312
v 1109.3048095703125 521.039306640625 -515.2859497070312
v 1166.2479248046875 561.06689453125 -440.6436767578125
v 1184.7904052734375 452.0373840332031 -431.24981689453125
v 1166.2479248046875 561.06689453125 -440.6436767578125
v 1225.80419921875 630.15185546875 -296.5179138183594
v 1210.8828125 452.0373840332031 -287.4998474121094
v -310.49993896484375 195.1486358642578 -298.6002502441406
v -431.24993896484375 270.1636047363281 -392.8135986328125
v -431.24993896484375 384.9153137207031 -358.1872253417969
v -431.24993896484375 270.1636047363281 -392.8135986328125
v -574.9998779296875 320.2170104980469 -444.8456726074219
v -574.9998779296875 435.25689697265625 -411.20257568359375
v -562.7413330078125 618.3535766601562 -359.3612365722656
v -469.3467712402344 456.99359130859375 -305.8890380859375
v -431.24993896484375 384.9153137207031 -358.1872253417969
v -469.3467712402344 456.99359130859375 -305.8890380859375
v -345.713623046875 436.21319580078125 -247.7562713623047
v -323.4375 342.9000244140625 -269.234375
v -574.9998779296875 320.2170104980469 -444.8456726074219
v -718.7498779296875 336.9013977050781 -462.1896667480469
v -718.7498779296875 452.0373840332031 -353.1544494628906
v -718.7498779296875 336.9013977050781 -462.1896667480469
v -862.4998779296875 336.9014587402344 -444.8456726074219
v -862.4998779296875 452.0373840332031 -335.4826354980469
v -862.4998779296875 645.515869140625 -382.5714416503906
v -718.7498779296875 645.5159301757812 -396.15301513671875
v -718.7498779296875 452.0373840332031 -353.1544494628906
v -718.7498779296875 645.5159301757812 -396.15301513671875
v -562.7413330078125 618.3535766601562 -359.3612365722656
v -574.9998779296875 435.25689697265625 -411.20257568359375
v -862.4998779296875 336.9014587402344 -444.8456726074219
v -1006.2498779296875 336.9013977050781 -392.813720703125
v -1006.2498779296875 452.0373840332031 -358.1872863769531
v -1006.2498779296875 336.9013977050781 -392.813720703125
v -1129.523193359375 299.2032470703125 -298.60040283203125
v -1111.270751953125 452.0373840332031 -269.23443603515625
v -1106.4361572265625 645.515869140625 -265.144287109375
v -1006.2498779296875 645.5159301757812 -341.82659912109375
v -1006.2498779296875 452.0373840332031 -358.1872863769531
v -1006.2498779296875 645.5159301757812 -341.82659912109375
v -862.4998779296875 645.515869140625 -382.5714416503906
v -862.4998779296875 452.0373840332031 -335.4826354980469
v -1129.523193359375 299.2032470703125 -298.60040283203125
v -1165.77001953125 299.58612060546875 -143.75018310546875
v -1138.833251953125 452.0373840332031 -143.75018310546875
v -1165.77001953125 299.58612060546875 -143.75018310546875
v -1177.5975341796875 299.58612060546875 -0.0001861392374848947
v -1130.458251953125 452.0373840332031 -0.00019045361841563135
v -1096.6153564453125 645.515869140625 -0.00020238380238879472
v -1119.49462890625 645.5159301757812 -143.75018310546875
v -1138.833251953125 452.0373840332031 -143.75018310546875
v -1119.49462890625 645.5159301757812 -143.75018310546875
v -1106.4361572265625 645.515869140625 -265.144287109375
v -1111.270751953125 452.0373840332031 -269.23443603515625
v -1177.5975341796875 299.58612060546875 -0.0001861392374848947
v -1181.5400390625 299.58612060546875 143.7498016357422
v -1127.66650390625 452.0373840332031 143.74981689453125
v -1181.5400390625 299.58612060546875 143.7498016357422
v -1177.5975341796875 299.58612060546875 287.4997863769531
v -1130.458251953125 452.0373840332031 287.4997863769531
v -1096.6153564453125 642.4793701171875 287.4997863769531
v -1088.989013671875 645.5159301757812 143.74978637695312
v -1127.66650390625 452.0373840332031 143.74981689453125
v -1088.989013671875 645.5159301757812 143.74978637695312
v -1096.6153564453125 645.515869140625 -0.00020238380238879472
v -1130.458251953125 452.0373840332031 -0.00019045361841563135
v -1177.5975341796875 299.58612060546875 287.4997863769531
v -1165.7701416015625 299.58612060546875 431.24981689453125
v -1138.8333740234375 452.0373840332031 431.24981689453125
v -1165.7701416015625 299.58612060546875 431.24981689453125
v -1129.5233154296875 299.20330810546875 574.9998168945312
v -1111.270751953125 452.0373840332031 539.0623168945312
v -1106.436279296875 624.2601928710938 539.062255859375
v -1119.4947509765625 633.3697509765625 431.249755859375
v -1138.8333740234375 452.0373840332031 431.24981689453125
v -1119.4947509765625 633.3697509765625 431.249755859375
v -1096.6153564453125 642.4793701171875 287.4997863769531
v -1130.458251953125 452.0373840332031 287.4997863769531
v -1129.5233154296875 299.20330810546875 574.9998168945312
v -1006.2501220703125 336.9014587402344 610.9373779296875
v -1006.25 452.03741455078125 574.9998779296875
v -1006.2501220703125 336.9014587402344 610.9373779296875
v -926.388916015625 366.7515563964844 638.8887939453125
v -898.4376220703125 452.03741455078125 610.9373779296875
v -861.081298828125 613.8666381835938 515.0887451171875
v -1006.25 621.2236328125 515.0886840820312
v -1006.25 452.03741455078125 574.9998779296875
v -1006.25 621.2236328125 515.0886840820312
v -1106.436279296875 624.2601928710938 539.062255859375
v -1111.270751953125 452.0373840332031 539.0623168945312
v -926.388916015625 366.7515563964844 638.8887939453125
v -898.4376220703125 336.9014587402344 718.7498779296875
v -862.5001220703125 452.03741455078125 718.7498779296875
v -898.4376220703125 336.9014587402344 718.7498779296875
v -862.5001220703125 299.2033386230469 840.859130859375
v -826.5626220703125 452.03741455078125 826.5623779296875
v -798.611328125 537.3233032226562 798.6110229492188
v -826.5626220703125 567.1734008789062 718.7498168945312
v -862.5001220703125 452.03741455078125 718.7498779296875
v -826.5626220703125 567.1734008789062 718.7498168945312
v -861.081298828125 613.8666381835938 515.0887451171875
v -898.4376220703125 452.03741455078125 610.9373779296875
v -862.5001220703125 299.2033386230469 840.859130859375
v -718.7501220703125 299.5861511230469 870.9952392578125
v -718.7501220703125 452.03741455078125 862.4998779296875
v -718.7501220703125 299.5861511230469 870.9952392578125
v -575.0001220703125 299.2033386230469 849.0146484375
v -610.9376220703125 452.03741455078125 826.5623779296875
v -638.8890380859375 537.3233032226562 798.611083984375
v -718.7501220703125 567.1734008789062 826.5623779296875
v -718.7501220703125 452.03741455078125 862.4998779296875
v -718.7501220703125 567.1734008789062 826.5623779296875
v -798.611328125 537.3233032226562 798.6110229492188
v -826.5626220703125 452.03741455078125 826.5623779296875
v -575.0001220703125 299.2033386230469 849.0146484375
v -539.0626220703125 336.9014587402344 718.7498779296875
v -575.0001220703125 452.03741455078125 718.7498779296875
v -539.0626220703125 336.9014587402344 718.7498779296875
v -511.1111755371094 364.0180969238281 638.8888549804688
v -539.0626220703125 445.88714599609375 610.9373779296875
v -562.7413940429688 574.1013793945312 574.9998779296875
v -610.9376220703125 567.1734008789062 718.7498168945312
v -575.0001220703125 452.03741455078125 718.7498779296875
v -610.9376220703125 567.1734008789062 718.7498168945312
v -638.8890380859375 537.3233032226562 798.611083984375
v -610.9376220703125 452.03741455078125 826.5623779296875
v -511.1111755371094 364.0180969238281 638.8888549804688
v -431.2500915527344 330.7511901855469 610.9373779296875
v -431.2500915527344 427.4362487792969 574.9998779296875
v -431.2500915527344 330.7511901855469 610.9373779296875
v -287.5001220703125 294.2118225097656 581.968994140625
v -323.4375915527344 408.9853210449219 539.0623779296875
v -345.7137145996094 479.9205322265625 511.11102294921875
v -418.4806823730469 524.1212768554688 539.0623779296875
v -431.2500915527344 427.4362487792969 574.9998779296875
v -418.4806823730469 524.1212768554688 539.0623779296875
v -562.7413940429688 574.1013793945312 574.9998779296875
v -539.0626220703125 445.88714599609375 610.9373779296875
v -287.5001220703125 294.2118225097656 581.968994140625
v -251.5625457763672 324.600830078125 431.24993896484375
v -287.50006103515625 402.83502197265625 431.24993896484375
v -251.5625457763672 324.600830078125 431.24993896484375
v -285.4569396972656 292.3149719238281 299.8499450683594
v -310.6681213378906 408.9853210449219 323.4374084472656
v -317.3372497558594 479.9205322265625 351.3887939453125
v -310.6681213378906 493.3697204589844 431.24993896484375
v -287.50006103515625 402.83502197265625 431.24993896484375
v -310.6681213378906 493.3697204589844 431.24993896484375
v -345.7137145996094 479.9205322265625 511.11102294921875
v -323.4375915527344 408.9853210449219 539.0623779296875
v -285.4569396972656 292.3149719238281 299.8499450683594
v -418.4806213378906 293.4358215332031 277.9909973144531
v -380.1724548339844 427.43621826171875 287.4999084472656
v -418.4806213378906 293.4358215332031 277.9909973144531
v -516.7161254882812 298.04852294921875 249.18515014648438
v -449.6767883300781 445.8870849609375 251.56240844726562
v -421.76727294921875 608.9331665039062 287.4999084472656
v -354.63372802734375 524.1212768554688 323.4374084472656
v -380.1724548339844 427.43621826171875 287.4999084472656
v -354.63372802734375 524.1212768554688 323.4374084472656
v -317.3372497558594 479.9205322265625 351.3887939453125
v -310.6681213378906 408.9853210449219 323.4374084472656
v -516.7161254882812 298.04852294921875 249.18515014648438
v -549.461181640625 299.58612060546875 143.74990844726562
v -472.8448791503906 452.0373840332031 143.74989318847656
v -549.461181640625 299.58612060546875 143.74990844726562
v -516.716064453125 297.4725341796875 35.93741226196289
v -449.6767578125 443.5830993652344 35.93741226196289
v -406.939697265625 607.8404541015625 -7.0377936363220215
v -421.76727294921875 620.837890625 143.74989318847656
v -472.8448791503906 452.0373840332031 143.74989318847656
v -421.76727294921875 620.837890625 143.74989318847656
v -421.76727294921875 608.9331665039062 287.4999084472656
v -449.6767883300781 445.8870849609375 251.56240844726562
v -516.716064453125 297.4725341796875 35.93741226196289
v -418.4805908203125 291.1318054199219 -0.00007400723552564159
v -380.17242431640625 418.2201843261719 -0.00007759277650620788
v -418.4805908203125 291.1318054199219 -0.00007400723552564159
v -320.2451477050781 272.3017578125 -35.93756103515625
v -310.6681213378906 384.5310974121094 -35.93756103515625
v -317.3371887207031 454.7159118652344 -67.14714813232422
v -354.63360595703125 507.99322509765625 -43.26850891113281
v -380.17242431640625 418.2201843261719 -0.00007759277650620788
v -354.63360595703125 507.99322509765625 -43.26850891113281
v -406.939697265625 607.8404541015625 -7.0377936363220215
v -449.6767578125 443.5830993652344 35.93741226196289
v -320.2451477050781 272.3017578125 -35.93756103515625
v -287.49993896484375 232.72018432617188 -143.75006103515625
v -287.5 351.09814453125 -143.75006103515625
v -287.49993896484375 232.72018432617188 -143.75006103515625
v -310.49993896484375 195.1486358642578 -298.6002502441406
v -323.4375 342.9000244140625 -269.234375
v -345.713623046875 436.21319580078125 -247.7562713623047
v -310.6681213378906 457.3955078125 -151.0810089111328
v -287.5 351.09814453125 -143.75006103515625
v -310.6681213378906 457.3955078125 -151.0810089111328
v -317.3371887207031 454.7159118652344 -67.14714813232422
v -310.6681213378906 384.5310974121094 -35.93756103515625
v 1225.80419921875 630.15185546875 -296.5179138183594
v 1058.435302734375 677.7880859375 -379.80047607421875
v 1041.040283203125 918.9222412109375 -325.0752868652344
v 1058.435302734375 677.7880859375 -379.80047607421875
v 875.54638671875 673.2080688476562 -422.0728454589844
v 871.1976928710938 918.9222412109375 -353.2568664550781
v 864.6743774414062 1153.9498291015625 -268.00164794921875
v 1014.9476318359375 1153.9498291015625 -260.95623779296875
v 1041.040283203125 918.9222412109375 -325.0752868652344
v 1014.9476318359375 1153.9498291015625 -260.95623779296875
v 1113.170166015625 1093.0167236328125 -227.78607177734375
v 1174.9453125 918.9222412109375 -260.9562072753906
v 875.54638671875 673.2080688476562 -422.0728454589844
v 718.7500610351562 671.6815185546875 -436.1636657714844
v 718.7501220703125 918.9222412109375 -362.6507263183594
v 718.7500610351562 671.6815185546875 -436.1636657714844
v 575.0001831054688 618.5642700195312 -400.2261657714844
v 610.9375610351562 918.9222412109375 -317.3194274902344
v 638.8890380859375 1093.0167236328125 -252.83639526367188
v 718.7500610351562 1153.9498291015625 -270.35015869140625
v 718.7501220703125 918.9222412109375 -362.6507263183594
v 718.7500610351562 1153.9498291015625 -270.35015869140625
v 864.6743774414062 1153.9498291015625 -268.00164794921875
v 871.1976928710938 918.9222412109375 -353.2568664550781
v 575.0001831054688 618.5642700195312 -400.2261657714844
v 539.0625 683.89453125 -200.11305236816406
v 575 918.9222412109375 -181.32534790039062
v 539.0625 683.89453125 -200.11305236816406
v 539.0625 680.1100463867188 -14.090726852416992
v 575 903.7844848632812 -9.393804550170898
v 610.9375 1026.8125 -2.3484156131744385
v 610.9375 1153.9498291015625 -153.14381408691406
v 575 918.9222412109375 -181.32534790039062
v 610.9375 1153.9498291015625 -153.14381408691406
v 638.8890380859375 1093.0167236328125 -252.83639526367188
v 610.9375610351562 918.9222412109375 -317.3194274902344
v 539.0625 680.1100463867188 -14.090726852416992
v 539.0625 668.7568359375 143.7500457763672
v 575 858.371337890625 143.7500457763672
v 539.0625 668.7568359375 143.7500457763672
v 574.9998779296875 614.1746826171875 264.50006103515625
v 610.9373779296875 812.9581298828125 251.5625762939453
v 638.8888549804688 951.7313842773438 223.6111602783203
v 610.9375 1047.98583984375 143.75003051757812
v 575 858.371337890625 143.7500457763672
v 610.9375 1047.98583984375 143.75003051757812
v 610.9375 1026.8125 -2.3484156131744385
v 575 903.7844848632812 -9.393804550170898
v 574.9998779296875 614.1746826171875 264.50006103515625
v 718.7498779296875 615.240478515625 287.5000915527344
v 718.7498779296875 797.8204345703125 287.5000915527344
v 718.7498779296875 615.240478515625 287.5000915527344
v 862.4998779296875 615.240478515625 287.5000915527344
v 862.5 797.8204345703125 185.87628173828125
v 862.4998779296875 972.2971801757812 251.56259155273438
v 718.7498779296875 972.2971801757812 251.5625457763672
v 718.7498779296875 797.8204345703125 287.5000915527344
v 718.7498779296875 972.2971801757812 251.5625457763672
v 638.8888549804688 951.7313842773438 223.6111602783203
v 610.9373779296875 812.9581298828125 251.5625762939453
v 862.4998779296875 615.240478515625 287.5000915527344
v 1006.2498779296875 615.240478515625 287.5001220703125
v 1006.25 797.8204345703125 185.87632751464844
v 1006.2498779296875 615.240478515625 287.5001220703125
v 1127.10888671875 619.02490234375 251.56263732910156
v 1122.760009765625 812.9581298828125 251.56263732910156
v 1089.9766845703125 951.7313842773438 223.61123657226562
v 1006.2498779296875 972.2971801757812 251.56259155273438
v 1006.25 797.8204345703125 185.87632751464844
v 1006.2498779296875 972.2971801757812 251.56259155273438
v 862.4998779296875 972.2971801757812 251.56259155273438
v 862.5 797.8204345703125 185.87628173828125
v 1127.10888671875 619.02490234375 251.56263732910156
v 1202.185302734375 630.378173828125 143.75015258789062
v 1184.790283203125 858.371337890625 143.75013732910156
v 1202.185302734375 630.378173828125 143.75015258789062
v 1241.324462890625 641.7314453125 0.00015366176376119256
v 1210.8828125 903.7844848632812 0.00013951784058008343
v 1129.283203125 1127.4586181640625 0.00012504892947617918
v 1122.760009765625 1047.98583984375 143.7501220703125
v 1184.790283203125 858.371337890625 143.75013732910156
v 1122.760009765625 1047.98583984375 143.7501220703125
v 1089.9766845703125 951.7313842773438 223.61123657226562
v 1122.760009765625 812.9581298828125 251.56263732910156
v 1241.324462890625 641.7314453125 0.00015366176376119256
v 1254.37060546875 645.5159301757812 -143.7498321533203
v 1219.5804443359375 918.9222412109375 -143.74984741210938
v 1254.37060546875 645.5159301757812 -143.7498321533203
v 1225.80419921875 630.15185546875 -296.5179138183594
v 1174.9453125 918.9222412109375 -260.9562072753906
v 1113.170166015625 1093.0167236328125 -227.78607177734375
v 1131.4576416015625 1153.9498291015625 -143.7498779296875
v 1219.5804443359375 918.9222412109375 -143.74984741210938
v 1131.4576416015625 1153.9498291015625 -143.7498779296875
v 1129.283203125 1127.4586181640625 0.00012504892947617918
v 1210.8828125 903.7844848632812 0.00013951784058008343
v -406.939697265625 607.8404541015625 -7.0377936363220215
v -462.44610595703125 654.64697265625 -187.73568725585938
v -523.9224243164062 869.566162109375 -173.07383728027344
v -462.44610595703125 654.64697265625 -187.73568725585938
v -562.7413330078125 618.3535766601562 -359.3612365722656
v -598.1680297851562 906.5831909179688 -302.8791809082031
v -607.7450561523438 1182.9163818359375 -264.3917541503906
v -640.7762451171875 1120.1510009765625 -151.08106994628906
v -523.9224243164062 869.566162109375 -173.07383728027344
v -640.7762451171875 1120.1510009765625 -151.08106994628906
v -662.2439575195312 1063.09912109375 -1.1730743646621704
v -485.6142578125 832.549072265625 -7.3310465812683105
v -562.7413330078125 618.3535766601562 -359.3612365722656
v -718.7498779296875 645.5159301757812 -396.15301513671875
v -718.7498779296875 918.9222412109375 -269.8045959472656
v -718.7498779296875 645.5159301757812 -396.15301513671875
v -862.4998779296875 645.515869140625 -382.5714416503906
v -862.4998779296875 918.9222412109375 -262.47369384765625
v -862.4998779296875 1203.8380126953125 -300.3293151855469
v -718.7498779296875 1203.8380126953125 -302.1620178222656
v -718.7498779296875 918.9222412109375 -269.8045959472656
v -718.7498779296875 1203.8380126953125 -302.1620178222656
v -607.7450561523438 1182.9163818359375 -264.3917541503906
v -598.1680297851562 906.5831909179688 -302.8791809082031
v -862.4998779296875 645.515869140625 -382.5714416503906
v -1006.2498779296875 645.5159301757812 -341.82659912109375
v -1006.2498779296875 918.9222412109375 -316.8239440917969
v -1006.2498779296875 645.5159301757812 -341.82659912109375
v -1106.4361572265625 645.515869140625 -265.144287109375
v -1112.3648681640625 918.9222412109375 -258.8936462402344
v -1119.64599609375 1203.8380126953125 -253.3954315185547
v -1006.2498779296875 1203.8380126953125 -294.8311462402344
v -1006.2498779296875 918.9222412109375 -316.8239440917969
v -1006.2498779296875 1203.8380126953125 -294.8311462402344
v -862.4998779296875 1203.8380126953125 -300.3293151855469
v -862.4998779296875 918.9222412109375 -262.47369384765625
v -1106.4361572265625 645.515869140625 -265.144287109375
v -1119.49462890625 645.5159301757812 -143.75018310546875
v -1143.20947265625 918.9222412109375 -143.7501983642578
v -1119.49462890625 645.5159301757812 -143.75018310546875
v -1096.6153564453125 645.515869140625 -0.00020238380238879472
v -1138.1165771484375 918.9222412109375 -0.00021583288616966456
v -1189.0850830078125 1203.8380126953125 -0.00022835358686279505
v -1172.334228515625 1203.8380126953125 -143.75022888183594
v -1143.20947265625 918.9222412109375 -143.7501983642578
v -1172.334228515625 1203.8380126953125 -143.75022888183594
v -1119.64599609375 1203.8380126953125 -253.3954315185547
v -1112.3648681640625 918.9222412109375 -258.8936462402344
v -1096.6153564453125 645.515869140625 -0.00020238380238879472
v -1088.989013671875 645.5159301757812 143.74978637695312
v -1136.4189453125 918.9222412109375 143.74977111816406
v -1088.989013671875 645.5159301757812 143.74978637695312
v -1096.6153564453125 642.4793701171875 287.4997863769531
v -1138.1165771484375 906.7760620117188 287.499755859375
v -1174.316162109375 1200.4779052734375 287.499755859375
v -1194.668701171875 1203.8380126953125 143.749755859375
v -1136.4189453125 918.9222412109375 143.74977111816406
v -1194.668701171875 1203.8380126953125 143.749755859375
v -1189.0850830078125 1203.8380126953125 -0.00022835358686279505
v -1138.1165771484375 918.9222412109375 -0.00021583288616966456
v -1096.6153564453125 642.4793701171875 287.4997863769531
v -1119.4947509765625 633.3697509765625 431.249755859375
v -1143.2095947265625 870.3375854492188 431.249755859375
v -1119.4947509765625 633.3697509765625 431.249755859375
v -1106.436279296875 624.2601928710938 539.062255859375
v -1112.364990234375 833.8992309570312 539.062255859375
v -1096.03759765625 979.6527709960938 511.1108703613281
v -1136.39697265625 1068.9267578125 431.249755859375
v -1143.2095947265625 870.3375854492188 431.249755859375
v -1136.39697265625 1068.9267578125 431.249755859375
v -1174.316162109375 1200.4779052734375 287.499755859375
v -1138.1165771484375 906.7760620117188 287.499755859375
v -1106.436279296875 624.2601928710938 539.062255859375
v -1006.25 621.2236328125 515.0886840820312
v -1006.25 821.7530517578125 574.9998168945312
v -1006.25 621.2236328125 515.0886840820312
v -861.081298828125 613.8666381835938 515.0887451171875
v -898.4375 833.8992309570312 539.0623168945312
v -928.5250854492188 979.6527709960938 511.1108703613281
v -1011.056396484375 1008.1961669921875 539.062255859375
v -1006.25 821.7530517578125 574.9998168945312
v -1011.056396484375 1008.1961669921875 539.062255859375
v -1096.03759765625 979.6527709960938 511.1108703613281
v -1112.364990234375 833.8992309570312 539.062255859375
v -861.081298828125 613.8666381835938 515.0887451171875
v -813.7930908203125 671.7484130859375 431.24981689453125
v -862.5 870.3375854492188 431.24981689453125
v -813.7930908203125 671.7484130859375 431.24981689453125
v -764.5595092773438 733.9452514648438 351.38873291015625
v -813.7930908203125 894.43701171875 323.4373474121094
v -864.2854614257812 1078.5870361328125 287.4998474121094
v -903.243896484375 1068.9267578125 431.24981689453125
v -862.5 870.3375854492188 431.24981689453125
v -903.243896484375 1068.9267578125 431.24981689453125
v -928.5250854492188 979.6527709960938 511.1108703613281
v -898.4375 833.8992309570312 539.0623168945312
v -764.5595092773438 733.9452514648438 351.38873291015625
v -642.1337280273438 671.5555419921875 323.4373779296875
v -667.6724853515625 869.566162109375 287.4998474121094
v -642.1337280273438 671.5555419921875 323.4373779296875
v -421.76727294921875 608.9331665039062 287.4999084472656
v -521.5518188476562 832.549072265625 251.5623779296875
v -599.1620483398438 923.587158203125 223.61097717285156
v -705.9806518554688 946.6343994140625 251.5623321533203
v -667.6724853515625 869.566162109375 287.4998474121094
v -705.9806518554688 946.6343994140625 251.5623321533203
v -864.2854614257812 1078.5870361328125 287.4998474121094
v -813.7930908203125 894.43701171875 323.4373474121094
v -421.76727294921875 608.9331665039062 287.4999084472656
v -421.76727294921875 620.837890625 143.74989318847656
v -472.8448791503906 820.2100830078125 143.74986267089844
v -421.76727294921875 620.837890625 143.74989318847656
v -406.939697265625 607.8404541015625 -7.0377936363220215
v -485.6142578125 832.549072265625 -7.3310465812683105
v -662.2439575195312 1063.09912109375 -1.1730743646621704
v -585.398681640625 951.6162109375 143.74986267089844
v -472.8448791503906 820.2100830078125 143.74986267089844
v -585.398681640625 951.6162109375 143.74986267089844
v -599.1620483398438 923.587158203125 223.61097717285156
v -521.5518188476562 832.549072265625 251.5623779296875
v -798.6111450195312 1252.5628662109375 118.14208984375
v -718.75 1176.50146484375 90.19072723388672
v -718.75 1305.264892578125 -0.0001589074672665447
v -718.75 1176.50146484375 90.19072723388672
v -662.2439575195312 1063.09912109375 -1.1730743646621704
v -610.9375 1290.239990234375 -35.93764114379883
v -638.8888549804688 1419.7088623046875 -63.8890380859375
v -718.75 1453.33447265625 -35.93766403198242
v -718.75 1305.264892578125 -0.0001589074672665447
v -718.75 1453.33447265625 -35.93766403198242
v -862.5 1487.8367919921875 -0.0001928851124830544
v -826.5625 1351.9349365234375 35.937313079833984
v -662.2439575195312 1063.09912109375 -1.1730743646621704
v -640.7762451171875 1120.1510009765625 -151.08106994628906
v -575 1343.8770751953125 -143.75013732910156
v -640.7762451171875 1120.1510009765625 -151.08106994628906
v -607.7450561523438 1182.9163818359375 -264.3917541503906
v -610.9373779296875 1409.85302734375 -251.5626678466797
v -638.8888549804688 1507.1923828125 -223.6112823486328
v -610.9375 1501.599609375 -143.75015258789062
v -575 1343.8770751953125 -143.75013732910156
v -610.9375 1501.599609375 -143.75015258789062
v -638.8888549804688 1419.7088623046875 -63.8890380859375
v -610.9375 1290.239990234375 -35.93764114379883
v -607.7450561523438 1182.9163818359375 -264.3917541503906
v -718.7498779296875 1203.8380126953125 -302.1620178222656
v -718.7498779296875 1431.84521484375 -287.50018310546875
v -718.7498779296875 1203.8380126953125 -302.1620178222656
v -862.4998779296875 1203.8380126953125 -300.3293151855469
v -862.4998779296875 1431.84521484375 -287.50018310546875
v -862.4998779296875 1564.6170654296875 -251.56271362304688
v -718.7498779296875 1562.2037353515625 -251.5626678466797
v -718.7498779296875 1431.84521484375 -287.50018310546875
v -718.7498779296875 1562.2037353515625 -251.5626678466797
v -638.8888549804688 1507.1923828125 -223.6112823486328
v -610.9373779296875 1409.85302734375 -251.5626678466797
v -862.4998779296875 1203.8380126953125 -300.3293151855469
v -1006.2498779296875 1203.8380126953125 -294.8311462402344
v -1006.2498779296875 1431.84521484375 -287.5002136230469
v -1006.2498779296875 1203.8380126953125 -294.8311462402344
v -1119.64599609375 1203.8380126953125 -253.3954315185547
v -1118.8687744140625 1431.84521484375 -251.562744140625
v -1088.247314453125 1538.41748046875 -223.61135864257812
v -1006.2498779296875 1571.85693359375 -251.56271362304688
v -1006.2498779296875 1431.84521484375 -287.5002136230469
v -1006.2498779296875 1571.85693359375 -251.56271362304688
v -862.4998779296875 1564.6170654296875 -251.56271362304688
v -862.4998779296875 1431.84521484375 -287.50018310546875
v -1119.64599609375 1203.8380126953125 -253.3954315185547
v -1172.334228515625 1203.8380126953125 -143.75022888183594
v -1169.2255859375 1431.84521484375 -143.750244140625
v -1172.334228515625 1203.8380126953125 -143.75022888183594
v -1189.0850830078125 1203.8380126953125 -0.00022835358686279505
v -1231.0902099609375 1431.84521484375 -0.00024084802134893835
v -1122.4737548828125 1567.0302734375 -0.000237032218137756
v -1118.8687744140625 1571.85693359375 -143.750244140625
v -1169.2255859375 1431.84521484375 -143.750244140625
v -1118.8687744140625 1571.85693359375 -143.750244140625
v -1088.247314453125 1538.41748046875 -223.61135864257812
v -1118.8687744140625 1431.84521484375 -251.562744140625
v -1189.0850830078125 1203.8380126953125 -0.00022835358686279505
v -1194.668701171875 1203.8380126953125 143.749755859375
v -1235.896728515625 1431.84521484375 143.749755859375
v -1194.668701171875 1203.8380126953125 143.749755859375
v -1174.316162109375 1200.4779052734375 287.499755859375
v -1147.707275390625 1431.84521484375 251.562255859375
v -1101.0643310546875 1538.41748046875 223.61087036132812
v -1123.67529296875 1571.85693359375 143.749755859375
v -1235.896728515625 1431.84521484375 143.749755859375
v -1123.67529296875 1571.85693359375 143.749755859375
v -1122.4737548828125 1567.0302734375 -0.000237032218137756
v -1231.0902099609375 1431.84521484375 -0.00024084802134893835
v -1174.316162109375 1200.4779052734375 287.499755859375
v -1035.08837890625 1257.8883056640625 323.4372863769531
v -1025.4755859375 1431.84521484375 287.499755859375
v -1035.08837890625 1257.8883056640625 323.4372863769531
v -864.2854614257812 1078.5870361328125 287.4998474121094
v -903.243896484375 1422.192138671875 251.56228637695312
v -928.5250854492188 1516.966552734375 223.61093139648438
v -1011.056396484375 1571.85693359375 251.562255859375
v -1025.4755859375 1431.84521484375 287.499755859375
v -1011.056396484375 1571.85693359375 251.562255859375
v -1101.0643310546875 1538.41748046875 223.61087036132812
v -1147.707275390625 1431.84521484375 251.562255859375
v -864.2854614257812 1078.5870361328125 287.4998474121094
v -826.5625 1247.849609375 143.74981689453125
v -862.5 1393.233154296875 143.7498016357422
v -826.5625 1247.849609375 143.74981689453125
v -798.6111450195312 1252.5628662109375 118.14208984375
v -826.5625 1351.9349365234375 35.937313079833984
v -862.5 1487.8367919921875 -0.0001928851124830544
v -898.4375 1523.591796875 143.74978637695312
v -862.5 1393.233154296875 143.7498016357422
v -898.4375 1523.591796875 143.74978637695312
v -928.5250854492188 1516.966552734375 223.61093139648438
v -903.243896484375 1422.192138671875 251.56228637695312
v 1006.2501220703125 400.74530029296875 -1006.2498168945312
v 1006.2501220703125 451.85650634765625 -862.4998779296875
v 1114.0626220703125 395.3744201660156 -862.4998168945312
v 999.5776977539062 286.76300048828125 -1114.062255859375
v 1006.2501220703125 400.74530029296875 -1006.2498168945312
v 1114.0626220703125 350.652099609375 -1006.2498168945312
v 1006.2501220703125 400.74530029296875 -1006.2498168945312
v 999.5776977539062 286.76300048828125 -1114.062255859375
v 905.63037109375 271.93756103515625 -1086.1109619140625
v 1006.2501220703125 451.85650634765625 -862.4998779296875
v 1006.2501220703125 400.74530029296875 -1006.2498168945312
v 885.0927124023438 350.652099609375 -1006.2498168945312
v 665.37060546875 -0.00004398457895149477 -1006.2498168945312
v 663.5542602539062 -0.00003770106559386477 -862.4998779296875
v 754.3798217773438 56.48203659057617 -862.4998779296875
v 665.3706665039062 -0.00005026809230912477 -1149.999755859375
v 665.37060546875 -0.00004398457895149477 -1006.2498168945312
v 746.4933471679688 50.09312438964844 -1006.2498168945312
v 665.37060546875 -0.00004398457895149477 -1006.2498168945312
v 665.3706665039062 -0.00005026809230912477 -1149.999755859375
v 561.6553344726562 -0.00005026809230912477 -1149.999755859375
v 663.5542602539062 -0.00003770106559386477 -862.4998779296875
v 665.37060546875 -0.00004398457895149477 -1006.2498168945312
v 561.6552734375 10.238877296447754 -1006.2498779296875
v 431.2501525878906 40.95564270019531 -1006.2498779296875
v 422.7613830566406 61.433494567871094 -862.4998779296875
v 550.5902709960938 15.358345031738281 -862.4998779296875
v 431.25018310546875 -0.00005026809230912477 -1149.999755859375
v 431.2501525878906 40.95564270019531 -1006.2498779296875
v 561.6552734375 10.238877296447754 -1006.2498779296875
v 431.2501525878906 40.95564270019531 -1006.2498779296875
v 431.25018310546875 -0.00005026809230912477 -1149.999755859375
v 287.5001525878906 -0.000050268095947103575 -1150
v 422.7613830566406 61.433494567871094 -862.4998779296875
v 431.2501525878906 40.95564270019531 -1006.2498779296875
v 287.5001525878906 71.67240905761719 -1006.2498779296875
v 143.75015258789062 81.91133117675781 -1006.25
v 143.75013732910156 79.93124389648438 -862.5
v 285.3779296875 107.5086441040039 -862.4998779296875
v 143.7501678466797 -0.000050268095947103575 -1150
v 143.75015258789062 81.91133117675781 -1006.25
v 287.5001525878906 71.67240905761719 -1006.2498779296875
v 143.75015258789062 81.91133117675781 -1006.25
v 143.7501678466797 -0.000050268095947103575 -1150
v 0.0001736451667966321 -0.000050268095947103575 -1150
v 143.75013732910156 79.93124389648438 -862.5
v 143.75015258789062 81.91133117675781 -1006.25
v 0.00015193953004200011 71.67240905761719 -1006.25
v -143.74984741210938 40.95564270019531 -1006.25
v -143.74986267089844 61.433494567871094 -862.5
v 0.0001302338787354529 64.57286071777344 -862.5
v -143.7498321533203 -0.000050268095947103575 -1150
v -143.74984741210938 40.95564270019531 -1006.25
v 0.00015193953004200011 71.67240905761719 -1006.25
v -143.74984741210938 40.95564270019531 -1006.25
v -143.7498321533203 -0.000050268095947103575 -1150
v -287.49981689453125 -0.000050268095947103575 -1150
v -143.74986267089844 61.433494567871094 -862.5
v -143.74984741210938 40.95564270019531 -1006.25
v -287.4998474121094 10.238877296447754 -1014.602294921875
v -431.2498474121094 -0.00004544494004221633 -1039.6590576171875
v -431.2498474121094 -0.0000398916017729789 -912.6134643554688
v -287.4998779296875 15.358344078063965 -875.0284423828125
v -431.24981689453125 -0.00005026810322306119 -1150.0001220703125
v -431.2498474121094 -0.00004544494004221633 -1039.6590576171875
v -287.4998474121094 10.238877296447754 -1014.602294921875
v -431.2498474121094 -0.00004544494004221633 -1039.6590576171875
v -431.24981689453125 -0.00005026810322306119 -1150.0001220703125
v -574.9998168945312 -0.00005026810322306119 -1150.0001220703125
v -431.2498474121094 -0.0000398916017729789 -912.6134643554688
v -431.2498474121094 -0.00004544494004221633 -1039.6590576171875
v -574.9998168945312 -0.000046540211769752204 -1064.7159423828125
v -718.7498168945312 -0.000046905297494959086 -1073.0679931640625
v -718.7498779296875 37.315303802490234 -998.66455078125
v -574.9998779296875 23.881778717041016 -957.3816528320312
v -718.7498168945312 -0.00005026810322306119 -1150.0001220703125
v -718.7498168945312 -0.000046905297494959086 -1073.0679931640625
v -574.9998168945312 -0.000046540211769752204 -1064.7159423828125
v -718.7498168945312 -0.000046905297494959086 -1073.0679931640625
v -718.7498168945312 -0.00005026810322306119 -1150.0001220703125
v -862.4998168945312 -0.00005026810322306119 -1150.0001220703125
v -718.7498779296875 37.315303802490234 -998.66455078125
v -718.7498168945312 -0.000046905297494959086 -1073.0679931640625
v -862.4998168945312 -0.000046540211769752204 -1064.7159423828125
v -1006.2498168945312 -0.00004544494004221633 -1039.6590576171875
v -1006.2498168945312 -0.00003989160541095771 -912.6135864257812
v -862.4998779296875 23.881778717041016 -957.3817138671875
v -1006.2498168945312 -0.00005026810322306119 -1150.0001220703125
v -1006.2498168945312 -0.00004544494004221633 -1039.6590576171875
v -862.4998168945312 -0.000046540211769752204 -1064.7159423828125
v -1006.2498168945312 -0.00004544494004221633 -1039.6590576171875
v -1006.2498168945312 -0.00005026810322306119 -1150.0001220703125
v -1149.999755859375 -0.00005026810322306119 -1150.0001220703125
v -1006.2498168945312 -0.00003989160541095771 -912.6135864257812
v -1006.2498168945312 -0.00004544494004221633 -1039.6590576171875
v -1149.999755859375 -0.00004398458986543119 -1006.2501831054688
v 1006.2501220703125 400.74530029296875 -718.7498779296875
v 1006.2501220703125 356.3505554199219 -610.9373779296875
v 1128.3917236328125 312.5373840332031 -574.9998168945312
v 1006.2501220703125 451.85650634765625 -862.4998779296875
v 1006.2501220703125 400.74530029296875 -718.7498779296875
v 1114.0626220703125 350.6521301269531 -718.7498168945312
v 1006.2501220703125 400.74530029296875 -718.7498779296875
v 1006.2501220703125 451.85650634765625 -862.4998779296875
v 886.7608032226562 395.3744201660156 -862.4998779296875
v 1006.2501220703125 356.3505554199219 -610.9373779296875
v 1006.2501220703125 400.74530029296875 -718.7498779296875
v 891.7651977539062 350.6521301269531 -718.7498779296875
v 658.10546875 -0.00003141755223623477 -718.7498779296875
v 661.1453247070312 37.31532287597656 -610.9373779296875
v 758.1815185546875 72.01740264892578 -638.8887939453125
v 663.5542602539062 -0.00003770106559386477 -862.4998779296875
v 658.10546875 -0.00003141755223623477 -718.7498779296875
v 778.0392456054688 50.0931396484375 -718.7498779296875
v 658.10546875 -0.00003141755223623477 -718.7498779296875
v 663.5542602539062 -0.00003770106559386477 -862.4998779296875
v 550.5902709960938 15.358345031738281 -862.4998779296875
v 661.1453247070312 37.31532287597656 -610.9373779296875
v 658.10546875 -0.00003141755223623477 -718.7498779296875
v 517.3953247070312 10.238890647888184 -718.7498779296875
v 397.29522705078125 40.95565414428711 -718.7498779296875
v 362.7953796386719 10.238896369934082 -574.9998779296875
v 476.0552978515625 25.52002716064453 -574.9998779296875
v 422.7613830566406 61.433494567871094 -862.4998779296875
v 397.29522705078125 40.95565414428711 -718.7498779296875
v 517.3953247070312 10.238890647888184 -718.7498779296875
v 397.29522705078125 40.95565414428711 -718.7498779296875
v 422.7613830566406 61.433494567871094 -862.4998779296875
v 285.3779296875 107.5086441040039 -862.4998779296875
v 362.7953796386719 10.238896369934082 -574.9998779296875
v 397.29522705078125 40.95565414428711 -718.7498779296875
v 279.01141357421875 71.67242431640625 -718.7498779296875
v 143.75010681152344 81.91134643554688 -718.75
v 134.71644592285156 20.47781753540039 -575
v 259.0943603515625 17.918087005615234 -574.9998779296875
v 143.75013732910156 79.93124389648438 -862.5
v 143.75010681152344 81.91134643554688 -718.75
v 279.01141357421875 71.67242431640625 -718.7498779296875
v 143.75010681152344 81.91134643554688 -718.75
v 143.75013732910156 79.93124389648438 -862.5
v 0.0001302338787354529 64.57286071777344 -862.5
v 134.71644592285156 20.47781753540039 -575
v 143.75010681152344 81.91134643554688 -718.75
v 0.00010852822742890567 71.67242431640625 -718.75
v -143.74989318847656 40.95565414428711 -718.75
v -143.74990844726562 10.238896369934082 -575
v -2.25832462310791 17.918087005615234 -575
v -143.74986267089844 61.433494567871094 -862.5
v -143.74989318847656 40.95565414428711 -718.75
v 0.00010852822742890567 71.67242431640625 -718.75
v -143.74989318847656 40.95565414428711 -718.75
v -143.74986267089844 61.433494567871094 -862.5
v -287.4998779296875 15.358344078063965 -875.0284423828125
v -143.74990844726562 10.238896369934082 -575
v -143.74989318847656 40.95565414428711 -718.75
v -287.4998779296875 10.238889694213867 -727.102294921875
v -431.2498474121094 -0.00003287791332695633 -752.1589965820312
v -431.2499084472656 28.989103317260742 -619.289794921875
v -287.4999084472656 16.194660186767578 -576.33642578125
v -431.2498474121094 -0.0000398916017729789 -912.6134643554688
v -431.2498474121094 -0.00003287791332695633 -752.1589965820312
v -287.4998779296875 10.238889694213867 -727.102294921875
v -431.2498474121094 -0.00003287791332695633 -752.1589965820312
v -431.2498474121094 -0.0000398916017729789 -912.6134643554688
v -574.9998779296875 23.881778717041016 -957.3816528320312
v -431.2499084472656 28.989103317260742 -619.289794921875
v -431.2498474121094 -0.00003287791332695633 -752.1589965820312
v -539.0623779296875 37.31531524658203 -768.8635864257812
v -718.7498779296875 298.52276611328125 -718.7501220703125
v -718.7498779296875 340.75311279296875 -595.6818237304688
v -574.9998779296875 265.3155822753906 -587.9181518554688
v -718.7498779296875 261.2074279785156 -843.26708984375
v -718.7498779296875 298.52276611328125 -718.7501220703125
v -610.9373779296875 261.2074279785156 -727.102294921875
v -718.7498779296875 298.52276611328125 -718.7501220703125
v -718.7498779296875 261.2074279785156 -843.26708984375
v -798.6110229492188 232.18434143066406 -824.5960083007812
v -718.7498779296875 340.75311279296875 -595.6818237304688
v -718.7498779296875 298.52276611328125 -718.7501220703125
v -826.5623779296875 261.2074279785156 -727.1023559570312
v -1006.2498168945312 -0.00003287791696493514 -752.1591186523438
v -1006.2498168945312 37.31532287597656 -619.2898559570312
v -926.3887329101562 66.33837127685547 -661.1616821289062
v -1006.2498168945312 -0.00003989160541095771 -912.6135864257812
v -1006.2498168945312 -0.00003287791696493514 -752.1591186523438
v -898.4373779296875 37.31531524658203 -768.8636474609375
v -1006.2498168945312 -0.00003287791696493514 -752.1591186523438
v -1006.2498168945312 -0.00003989160541095771 -912.6135864257812
v -1149.999755859375 -0.00003770108014578 -862.5001831054688
v -1006.2498168945312 37.31532287597656 -619.2898559570312
v -1006.2498168945312 -0.00003287791696493514 -752.1591186523438
v -1149.999755859375 -0.00003141756678815 -718.7501831054688
v 1041.0404052734375 581.1260375976562 -468.8252868652344
v 1058.435302734375 677.7880859375 -379.80047607421875
v 1225.80419921875 630.15185546875 -296.5179138183594
v 1014.9476318359375 530.5343627929688 -548.4561157226562
v 1041.0404052734375 581.1260375976562 -468.8252868652344
v 1166.2479248046875 561.06689453125 -440.6436767578125
v 1041.0404052734375 581.1260375976562 -468.8252868652344
v 1014.9476318359375 530.5343627929688 -548.4561157226562
v 864.6743774414062 503.0551452636719 -555.5015869140625
v 1058.435302734375 677.7880859375 -379.80047607421875
v 1041.0404052734375 581.1260375976562 -468.8252868652344
v 871.1976318359375 562.8065795898438 -497.00689697265625
v 718.7500610351562 556.7000122070312 -506.4007873535156
v 718.7500610351562 671.6815185546875 -436.1636657714844
v 875.54638671875 673.2080688476562 -422.0728454589844
v 718.7500610351562 493.8953857421875 -557.85009765625
v 718.7500610351562 556.7000122070312 -506.4007873535156
v 871.1976318359375 562.8065795898438 -497.00689697265625
v 718.7500610351562 556.7000122070312 -506.4007873535156
v 718.7500610351562 493.8953857421875 -557.85009765625
v 638.8889770507812 480.32940673828125 -540.3363037109375
v 718.7500610351562 671.6815185546875 -436.1636657714844
v 718.7500610351562 556.7000122070312 -506.4007873535156
v 610.9375610351562 524.4279174804688 -497.00689697265625
v 327.2057189941406 -0.000018850532796932384 -431.24993896484375
v 317.6271057128906 37.31533432006836 -323.43743896484375
v 407.7933654785156 66.33838653564453 -351.3888244628906
v 362.7953796386719 10.238896369934082 -574.9998779296875
v 327.2057189941406 -0.000018850532796932384 -431.24993896484375
v 428.16424560546875 37.315330505371094 -431.24993896484375
v 327.2057189941406 -0.000018850532796932384 -431.24993896484375
v 362.7953796386719 10.238896369934082 -574.9998779296875
v 259.0943603515625 17.918087005615234 -574.9998779296875
v 317.6271057128906 37.31533432006836 -323.43743896484375
v 327.2057189941406 -0.000018850532796932384 -431.24993896484375
v 216.3207244873047 -0.000018850534615921788 -431.24993896484375
v 107.61548614501953 -0.000018850534615921788 -431.24993896484375
v 80.5145263671875 -0.000012567023986775894 -287.5
v 175.37046813964844 23.88180923461914 -287.49993896484375
v 134.71644592285156 20.47781753540039 -575
v 107.61548614501953 -0.000018850534615921788 -431.24993896484375
v 216.3207244873047 -0.000018850534615921788 -431.24993896484375
v 107.61548614501953 -0.000018850534615921788 -431.24993896484375
v 134.71644592285156 20.47781753540039 -575
v -2.25832462310791 17.918087005615234 -575
v 80.5145263671875 -0.000012567023986775894 -287.5
v 107.61548614501953 -0.000018850534615921788 -431.24993896484375
v -9.033580780029297 -0.000018850534615921788 -431.25
v -143.74993896484375 -0.00001885053643491119 -431.25
v -143.7499542236328 -0.000012567025805765297 -287.5000305175781
v -15.808836936950684 -0.000012567023986775894 -287.5
v -143.74990844726562 10.238896369934082 -575
v -143.74993896484375 -0.00001885053643491119 -431.25
v -9.033580780029297 -0.000018850534615921788 -431.25
v -143.74993896484375 -0.00001885053643491119 -431.25
v -143.74990844726562 10.238896369934082 -575
v -287.4999084472656 16.194660186767578 -576.33642578125
v -143.7499542236328 -0.000012567025805765297 -287.5000305175781
v -143.74993896484375 -0.00001885053643491119 -431.25
v -251.5624237060547 20.66289520263672 -431.25
v -431.24993896484375 231.91302490234375 -472.6134338378906
v -431.24993896484375 270.1636047363281 -392.8135986328125
v -310.49993896484375 195.1486358642578 -298.6002502441406
v -431.2499084472656 202.92388916015625 -549.4033813476562
v -431.24993896484375 231.91302490234375 -472.6134338378906
v -323.43743896484375 161.2928009033203 -441.59088134765625
v -431.24993896484375 231.91302490234375 -472.6134338378906
v -431.2499084472656 202.92388916015625 -549.4033813476562
v -574.9998779296875 265.3155822753906 -587.9181518554688
v -431.24993896484375 270.1636047363281 -392.8135986328125
v -431.24993896484375 231.91302490234375 -472.6134338378906
v -574.9998779296875 281.8703308105469 -503.6360168457031
v -718.7498779296875 340.75311279296875 -513.9769287109375
v -718.7498779296875 336.9013977050781 -462.1896667480469
v -574.9998779296875 320.2170104980469 -444.8456726074219
v -718.7498779296875 340.75311279296875 -595.6818237304688
v -718.7498779296875 340.75311279296875 -513.9769287109375
v -574.9998779296875 281.8703308105469 -503.6360168457031
v -718.7498779296875 340.75311279296875 -513.9769287109375
v -718.7498779296875 340.75311279296875 -595.6818237304688
v -862.4998779296875 274.6409606933594 -587.9182739257812
v -718.7498779296875 336.9013977050781 -462.1896667480469
v -718.7498779296875 340.75311279296875 -513.9769287109375
v -862.4998779296875 298.52276611328125 -503.6360778808594
v -1006.2498779296875 298.52276611328125 -472.613525390625
v -1006.2498779296875 336.9013977050781 -392.813720703125
v -862.4998779296875 336.9014587402344 -444.8456726074219
v -1006.2498779296875 261.2074279785156 -549.4034423828125
v -1006.2498779296875 298.52276611328125 -472.613525390625
v -862.4998779296875 298.52276611328125 -503.6360778808594
v -1006.2498779296875 298.52276611328125 -472.613525390625
v -1006.2498779296875 261.2074279785156 -549.4034423828125
v -1086.1109619140625 232.18435668945312 -515.7072143554688
v -1006.2498779296875 336.9013977050781 -392.813720703125
v -1006.2498779296875 298.52276611328125 -472.613525390625
v -1114.062255859375 261.2074279785156 -441.5910339355469
v 1006.25 1232.2923583984375 -143.74990844726562
v 1006.25 1086.549560546875 0.00011207434727111831
v 1129.283203125 1127.4586181640625 0.00012504892947617918
v 1014.9476318359375 1153.9498291015625 -260.95623779296875
v 1006.25 1232.2923583984375 -143.74990844726562
v 1131.4576416015625 1153.9498291015625 -143.7498779296875
v 1006.25 1232.2923583984375 -143.74990844726562
v 1014.9476318359375 1153.9498291015625 -260.95623779296875
v 864.6743774414062 1153.9498291015625 -268.00164794921875
v 1006.25 1086.549560546875 0.00011207434727111831
v 1006.25 1232.2923583984375 -143.74990844726562
v 862.5 1232.2923583984375 -143.7499237060547
v 718.75 1232.2923583984375 -143.7499542236328
v 718.75 1101.3704833984375 0.00006420050340238959
v 862.5 1086.5496826171875 0.00008750764391152188
v 718.7500610351562 1153.9498291015625 -270.35015869140625
v 718.75 1232.2923583984375 -143.7499542236328
v 862.5 1232.2923583984375 -143.7499237060547
v 718.75 1232.2923583984375 -143.7499542236328
v 718.7500610351562 1153.9498291015625 -270.35015869140625
v 638.8890380859375 1093.0167236328125 -252.83639526367188
v 718.75 1101.3704833984375 0.00006420050340238959
v 718.75 1232.2923583984375 -143.7499542236328
v 610.9375 1153.9498291015625 -153.14381408691406
v 431.25 605.552001953125 -181.3253631591797
v 431.25 605.552001953125 -9.393814086914062
v 539.0625 680.1100463867188 -14.090726852416992
v 431.25006103515625 567.17333984375 -307.9255676269531
v 431.25 605.552001953125 -181.3253631591797
v 539.0625 683.89453125 -200.11305236816406
v 431.25 605.552001953125 -181.3253631591797
v 431.25006103515625 567.17333984375 -307.9255676269531
v 351.388916015625 537.3233032226562 -248.661376953125
v 431.25 605.552001953125 -9.393814086914062
v 431.25 605.552001953125 -181.3253631591797
v 323.4375305175781 567.17333984375 -153.14382934570312
v 71.48085021972656 -0.000006283511538640596 -143.74996948242188
v 80.51447296142578 -4.1564697994544986e-7 -9.508893966674805
v 156.70921325683594 37.31534957885742 -2.3772010803222656
v 80.5145263671875 -0.000012567023986775894 -287.5
v 71.48085021972656 -0.000006283511538640596 -143.74996948242188
v 143.1587677001953 37.31534194946289 -143.74996948242188
v 71.48085021972656 -0.000006283511538640596 -143.74996948242188
v 80.5145263671875 -0.000012567023986775894 -287.5
v -15.808836936950684 -0.000012567023986775894 -287.5
v 80.51447296142578 -4.1564697994544986e-7 -9.508893966674805
v 71.48085021972656 -0.000006283511538640596 -143.74996948242188
v -18.067272186279297 -0.000006283511993387947 -143.75
v -143.74996948242188 -0.000006283512902882649 -143.75001525878906
v -143.75 -8.312961767842353e-7 -19.017841339111328
v -15.808879852294922 -7.273835649357352e-7 -16.640596389770508
v -143.7499542236328 -0.000012567025805765297 -287.5000305175781
v -143.74996948242188 -0.000006283512902882649 -143.75001525878906
v -18.067272186279297 -0.000006283511993387947 -143.75
v -143.74996948242188 -0.000006283512902882649 -143.75001525878906
v -143.7499542236328 -0.000012567025805765297 -287.5000305175781
v -251.5624542236328 22.744455337524414 -287.5000305175781
v -143.75 -8.312961767842353e-7 -19.017841339111328
v -143.74996948242188 -0.000006283512902882649 -143.75001525878906
v -251.56246948242188 28.989124298095703 -143.75003051757812
v -431.0386047363281 495.2441101074219 -173.07382202148438
v -354.63360595703125 507.99322509765625 -43.26850891113281
v -317.3371887207031 454.7159118652344 -67.14714813232422
v -469.3467712402344 456.99359130859375 -305.8890380859375
v -431.0386047363281 495.2441101074219 -173.07382202148438
v -310.6681213378906 457.3955078125 -151.0810089111328
v -431.0386047363281 495.2441101074219 -173.07382202148438
v -469.3467712402344 456.99359130859375 -305.8890380859375
v -562.7413330078125 618.3535766601562 -359.3612365722656
v -354.63360595703125 507.99322509765625 -43.26850891113281
v -431.0386047363281 495.2441101074219 -173.07382202148438
v -462.44610595703125 654.64697265625 -187.73568725585938
v -718.75 1554.1737060546875 -143.75018310546875
v -718.75 1453.33447265625 -35.93766403198242
v -638.8888549804688 1419.7088623046875 -63.8890380859375
v -718.7498779296875 1562.2037353515625 -251.5626678466797
v -718.75 1554.1737060546875 -143.75018310546875
v -610.9375 1501.599609375 -143.75015258789062
v -718.75 1554.1737060546875 -143.75018310546875
v -718.7498779296875 1562.2037353515625 -251.5626678466797
v -862.4998779296875 1564.6170654296875 -251.56271362304688
v -718.75 1453.33447265625 -35.93766403198242
v -718.75 1554.1737060546875 -143.75018310546875
v -862.5 1563.826904296875 -143.7501983642578
v -1006.25 1592.7861328125 -143.75022888183594
v -1006.25 1573.47998046875 -0.00021976484276819974
v -862.5 1487.8367919921875 -0.0001928851124830544
v -1006.2498779296875 1571.85693359375 -251.56271362304688
v -1006.25 1592.7861328125 -143.75022888183594
v -862.5 1563.826904296875 -143.7501983642578
v -1006.25 1592.7861328125 -143.75022888183594
v -1006.2498779296875 1571.85693359375 -251.56271362304688
v -1088.247314453125 1538.41748046875 -223.61135864257812
v -1006.25 1573.47998046875 -0.00021976484276819974
v -1006.25 1592.7861328125 -143.75022888183594
v -1118.8687744140625 1571.85693359375 -143.750244140625
v 1006.25 1111.1905517578125 143.7501220703125
v 1006.2498779296875 972.2971801757812 251.56259155273438
v 1089.9766845703125 951.7313842773438 223.61123657226562
v 1006.25 1086.549560546875 0.00011207434727111831
v 1006.25 1111.1905517578125 143.7501220703125
v 1122.760009765625 1047.98583984375 143.7501220703125
v 1006.25 1111.1905517578125 143.7501220703125
v 1006.25 1086.549560546875 0.00011207434727111831
v 862.5 1086.5496826171875 0.00008750764391152188
v 1006.2498779296875 972.2971801757812 251.56259155273438
v 1006.25 1111.1905517578125 143.7501220703125
v 862.5 1111.1905517578125 143.7500762939453
v 718.75 1111.1905517578125 143.75006103515625
v 718.7498779296875 972.2971801757812 251.5625457763672
v 862.4998779296875 972.2971801757812 251.56259155273438
v 718.75 1101.3704833984375 0.00006420050340238959
v 718.75 1111.1905517578125 143.75006103515625
v 862.5 1111.1905517578125 143.7500762939453
v 718.75 1111.1905517578125 143.75006103515625
v 718.75 1101.3704833984375 0.00006420050340238959
v 610.9375 1026.8125 -2.3484156131744385
v 718.7498779296875 972.2971801757812 251.5625457763672
v 718.75 1111.1905517578125 143.75006103515625
v 610.9375 1047.98583984375 143.75003051757812
v 431.24993896484375 605.552001953125 143.75003051757812
v 431.24993896484375 567.17333984375 251.56253051757812
v 574.9998779296875 614.1746826171875 264.50006103515625
v 431.25 605.552001953125 -9.393814086914062
v 431.24993896484375 605.552001953125 143.75003051757812
v 539.0625 668.7568359375 143.7500457763672
v 431.24993896484375 605.552001953125 143.75003051757812
v 431.25 605.552001953125 -9.393814086914062
v 323.4375 567.1732177734375 -2.3484387397766113
v 431.24993896484375 567.17333984375 251.56253051757812
v 431.24993896484375 605.552001953125 143.75003051757812
v 323.43743896484375 567.17333984375 143.75003051757812
v 107.61538696289062 0.0000046209220272430684 105.71437072753906
v 134.71630859375 0.000010411747098260093 238.19300842285156
v 271.5749816894531 23.881834030151367 281.3692932128906
v 80.51447296142578 -4.1564697994544986e-7 -9.508893966674805
v 107.61538696289062 0.0000046209220272430684 105.71437072753906
v 197.36061096191406 37.31535339355469 134.24111938476562
v 107.61538696289062 0.0000046209220272430684 105.71437072753906
v 80.51447296142578 -4.1564697994544986e-7 -9.508893966674805
v -15.808879852294922 -7.273835649357352e-7 -16.640596389770508
v 134.71630859375 0.000010411747098260093 238.19300842285156
v 107.61538696289062 0.0000046209220272430684 105.71437072753906
v -9.033666610717773 0.0000033739779610186815 77.1876220703125
v -143.75001525878906 0.0000029583297873614356 67.67869567871094
v -143.75001525878906 37.31535339355469 137.45555114746094
v -1.4454337358474731 23.88182830810547 186.91539001464844
v -143.75 -8.312961767842353e-7 -19.017841339111328
v -143.75001525878906 0.0000029583297873614356 67.67869567871094
v -9.033666610717773 0.0000033739779610186815 77.1876220703125
v -143.75001525878906 0.0000029583297873614356 67.67869567871094
v -143.75 -8.312961767842353e-7 -19.017841339111328
v -287.5 22.54962921142578 -10.6500244140625
v -143.75001525878906 37.31535339355469 137.45555114746094
v -143.75001525878906 0.0000029583297873614356 67.67869567871094
v -287.5 0.0000033739759146556025 77.18757629394531
v -431.25 0.0000046209179345169105 105.71428680419922
v -431.25 37.31535720825195 194.50897216796875
v -287.5000305175781 37.31535339355469 151.7188720703125
v -431.25 37.31534957885742 26.42852020263672
v -431.25 0.0000046209179345169105 105.71428680419922
v -287.5 0.0000033739759146556025 77.18757629394531
v -431.25 0.0000046209179345169105 105.71428680419922
v -431.25 37.31534957885742 26.42852020263672
v -511.111083984375 66.3384017944336 59.662628173828125
v -431.25 37.31535720825195 194.50897216796875
v -431.25 0.0000046209179345169105 105.71428680419922
v -539.0625 37.31535339355469 134.2410125732422
v -718.75 1133.580322265625 143.74984741210938
v -705.9806518554688 946.6343994140625 251.5623321533203
v -599.1620483398438 923.587158203125 223.61097717285156
v -718.75 1176.50146484375 90.19072723388672
v -718.75 1133.580322265625 143.74984741210938
v -585.398681640625 951.6162109375 143.74986267089844
v -718.75 1133.580322265625 143.74984741210938
v -718.75 1176.50146484375 90.19072723388672
v -798.6111450195312 1252.5628662109375 118.14208984375
v -705.9806518554688 946.6343994140625 251.5623321533203
v -718.75 1133.580322265625 143.74984741210938
v -826.5625 1247.849609375 143.74981689453125
v -1006.25 1592.7861328125 143.74977111816406
v -1011.056396484375 1571.85693359375 251.562255859375
v -928.5250854492188 1516.966552734375 223.61093139648438
v -1006.25 1573.47998046875 -0.00021976484276819974
v -1006.25 1592.7861328125 143.74977111816406
v -898.4375 1523.591796875 143.74978637695312
v -1006.25 1592.7861328125 143.74977111816406
v -1006.25 1573.47998046875 -0.00021976484276819974
v -1122.4737548828125 1567.0302734375 -0.000237032218137756
v -1011.056396484375 1571.85693359375 251.562255859375
v -1006.25 1592.7861328125 143.74977111816406
v -1123.67529296875 1571.85693359375 143.749755859375
v 1006.2498779296875 298.5227966308594 431.2501525878906
v 1006.2498779296875 261.2074890136719 550.0526123046875
v 1086.1109619140625 232.18441772460938 515.9956665039062
v 1006.2498779296875 336.9014587402344 323.4376220703125
v 1006.2498779296875 298.5227966308594 431.2501525878906
v 1114.062255859375 261.2074890136719 431.25018310546875
v 1006.2498779296875 298.5227966308594 431.2501525878906
v 1006.2498779296875 336.9014587402344 323.4376220703125
v 862.4998779296875 336.9014892578125 323.4375915527344
v 1006.2498779296875 261.2074890136719 550.0526123046875
v 1006.2498779296875 298.5227966308594 431.2501525878906
v 862.4998779296875 298.5227966308594 431.2500915527344
v 718.7498779296875 298.5227966308594 431.2500915527344
v 712.2743530273438 261.2074890136719 561.0425415039062
v 860.8810424804688 261.2074279785156 455.5135192871094
v 718.7498779296875 336.9014587402344 323.4375915527344
v 718.7498779296875 298.5227966308594 431.2500915527344
v 862.4998779296875 298.5227966308594 431.2500915527344
v 718.7498779296875 298.5227966308594 431.2500915527344
v 718.7498779296875 336.9014587402344 323.4375915527344
v 567.7472534179688 299.20330810546875 312.2584533691406
v 712.2743530273438 261.2074890136719 561.0425415039062
v 718.7498779296875 298.5227966308594 431.2500915527344
v 597.9862670898438 261.2074890136719 442.24005126953125
v 379.4453125 0.00002077208409900777 475.20989990234375
v 385.9208679199219 0.000028016367650707252 640.9398193359375
v 501.4372863769531 23.881853103637695 699.845947265625
v 385.9208679199219 37.31536102294922 334.42755126953125
v 379.4453125 0.00002077208409900777 475.20989990234375
v 461.3554382324219 37.31536865234375 497.1898193359375
v 379.4453125 0.00002077208409900777 475.20989990234375
v 385.9208679199219 37.31536102294922 334.42755126953125
v 271.5749816894531 23.881834030151367 281.3692932128906
v 385.9208679199219 0.000028016367650707252 640.9398193359375
v 379.4453125 0.00002077208409900777 475.20989990234375
v 274.54876708984375 0.00001925388460222166 440.4775085449219
v 143.74993896484375 0.000018542379621067084 424.2001953125
v 143.74990844726562 0.000026750049073598348 611.9698486328125
v 276.1676330566406 0.000026258632715325803 600.7274780273438
v 134.71630859375 0.000010411747098260093 238.19300842285156
v 143.74993896484375 0.000018542379621067084 424.2001953125
v 274.54876708984375 0.00001925388460222166 440.4775085449219
v 143.74993896484375 0.000018542379621067084 424.2001953125
v 134.71630859375 0.000010411747098260093 238.19300842285156
v -1.4454337358474731 23.88182830810547 186.91539001464844
v 143.74990844726562 0.000026750049073598348 611.9698486328125
v 143.74993896484375 0.000018542379621067084 424.2001953125
v 35.93742370605469 37.315364837646484 420.67529296875
v -143.7500762939453 298.5227966308594 431.24993896484375
v -143.7500762939453 261.2074890136719 554.555419921875
v -63.88898468017578 232.18441772460938 530.9850463867188
v -143.7500762939453 261.2074890136719 304.4196472167969
v -143.7500762939453 298.5227966308594 431.24993896484375
v -35.93758773803711 261.2074890136719 429.487548828125
v -143.7500762939453 298.5227966308594 431.24993896484375
v -143.7500762939453 261.2074890136719 304.4196472167969
v -285.4569396972656 292.3149719238281 299.8499450683594
v -143.7500762939453 261.2074890136719 554.555419921875
v -143.7500762939453 298.5227966308594 431.24993896484375
v -251.5625457763672 324.600830078125 431.24993896484375
v -380.1724548339844 556.349609375 431.2499084472656
v -418.4806823730469 524.1212768554688 539.0623779296875
v -345.7137145996094 479.9205322265625 511.11102294921875
v -354.63372802734375 524.1212768554688 323.4374084472656
v -380.1724548339844 556.349609375 431.2499084472656
v -310.6681213378906 493.3697204589844 431.24993896484375
v -380.1724548339844 556.349609375 431.2499084472656
v -354.63372802734375 524.1212768554688 323.4374084472656
v -421.76727294921875 608.9331665039062 287.4999084472656
v -418.4806823730469 524.1212768554688 539.0623779296875
v -380.1724548339844 556.349609375 431.2499084472656
v -498.38372802734375 593.2513427734375 431.2499084472656
v -667.6724853515625 605.552001953125 431.2498474121094
v -705.9806518554688 605.5520629882812 574.9998168945312
v -562.7413940429688 574.1013793945312 574.9998779296875
v -642.1337280273438 671.5555419921875 323.4373779296875
v -667.6724853515625 605.552001953125 431.2498474121094
v -498.38372802734375 593.2513427734375 431.2499084472656
v -667.6724853515625 605.552001953125 431.2498474121094
v -642.1337280273438 671.5555419921875 323.4373779296875
v -764.5595092773438 733.9452514648438 351.38873291015625
v -705.9806518554688 605.5520629882812 574.9998168945312
v -667.6724853515625 605.552001953125 431.2498474121094
v -813.7930908203125 671.7484130859375 431.24981689453125
v -1025.4757080078125 1135.123291015625 431.24981689453125
v -1011.056396484375 1008.1961669921875 539.062255859375
v -928.5250854492188 979.6527709960938 511.1108703613281
v -1035.08837890625 1257.8883056640625 323.4372863769531
v -1025.4757080078125 1135.123291015625 431.24981689453125
v -903.243896484375 1068.9267578125 431.24981689453125
v -1025.4757080078125 1135.123291015625 431.24981689453125
v -1035.08837890625 1257.8883056640625 323.4372863769531
v -1174.316162109375 1200.4779052734375 287.499755859375
v -1011.056396484375 1008.1961669921875 539.062255859375
v -1025.4757080078125 1135.123291015625 431.24981689453125
v -1136.39697265625 1068.9267578125 431.249755859375
v 1006.2498168945312 0.00003333911081426777 762.7099609375
v 1006.2498168945312 0.000038181464333320037 873.4900512695312
v 1149.999755859375 0.00003770108014578 862.5001831054688
v 1006.2498168945312 37.31537628173828 676.8773803710938
v 1006.2498168945312 0.00003333911081426777 762.7099609375
v 1149.999755859375 0.00003141756678815 718.7501831054688
v 1006.2498168945312 0.00003333911081426777 762.7099609375
v 1006.2498168945312 37.31537628173828 676.8773803710938
v 852.7864379882812 37.31538009643555 726.3322143554688
v 1006.2498168945312 0.000038181464333320037 873.4900512695312
v 1006.2498168945312 0.00003333911081426777 762.7099609375
v 856.0242919921875 0.000034780267014866695 795.6798095703125
v 692.8475341796875 0.00003526065484038554 806.6697998046875
v 712.2742919921875 0.000038661848520860076 884.47998046875
v 860.8809204101562 0.00003854175520245917 881.7325439453125
v 679.8963623046875 37.31538009643555 742.817138671875
v 692.8475341796875 0.00003526065484038554 806.6697998046875
v 856.0242919921875 0.000034780267014866695 795.6798095703125
v 692.8475341796875 0.00003526065484038554 806.6697998046875
v 679.8963623046875 37.31538009643555 742.817138671875
v 501.4372863769531 23.881853103637695 699.845947265625
v 712.2742919921875 0.000038661848520860076 884.47998046875
v 692.8475341796875 0.00003526065484038554 806.6697998046875
v 536.1463623046875 0.000034780267014866695 795.6796875
v 405.3475341796875 0.00003333910717628896 762.7098999023438
v 424.7742614746094 0.000038181464333320037 873.4900512695312
v 565.2864990234375 0.00003854175520245917 881.7325439453125
v 385.9208679199219 0.000028016367650707252 640.9398193359375
v 405.3475341796875 0.00003333910717628896 762.7098999023438
v 536.1463623046875 0.000034780267014866695 795.6796875
v 405.3475341796875 0.00003333910717628896 762.7098999023438
v 385.9208679199219 0.000028016367650707252 640.9398193359375
v 276.1676330566406 0.000026258632715325803 600.7274780273438
v 424.7742614746094 0.000038181464333320037 873.4900512695312
v 405.3475341796875 0.00003333910717628896 762.7098999023438
v 281.0242919921875 0.000032236559491138905 737.4865112304688
v 143.74989318847656 0.000032771993573987857 749.73583984375
v 143.74986267089844 0.00003803968138527125 870.2463989257812
v 285.8809814453125 0.00003790582195506431 867.1841430664062
v 143.74990844726562 0.000026750049073598348 611.9698486328125
v 143.74989318847656 0.000032771993573987857 749.73583984375
v 281.0242919921875 0.000032236559491138905 737.4865112304688
v 143.74989318847656 0.000032771993573987857 749.73583984375
v 143.74990844726562 0.000026750049073598348 611.9698486328125
v -0.00009397795656695962 23.88184928894043 655.2305297851562
v 143.74986267089844 0.00003803968138527125 870.2463989257812
v 143.74989318847656 0.000032771993573987857 749.73583984375
v -0.00011418406938901171 0.00003415916216908954 781.4705810546875
v -143.7501220703125 0.000035611803468782455 814.7030639648438
v -143.75013732910156 0.000040606351831229404 928.965087890625
v -0.00013420497998595238 0.00003885065598296933 888.7993774414062
v -143.75010681152344 37.31537628173828 712.390380859375
v -143.7501220703125 0.000035611803468782455 814.7030639648438
v -0.00011418406938901171 0.00003415916216908954 781.4705810546875
v -143.7501220703125 0.000035611803468782455 814.7030639648438
v -143.75010681152344 37.31537628173828 712.390380859375
v -223.61123657226562 66.33843231201172 733.8434448242188
v -143.75013732910156 0.000040606351831229404 928.965087890625
v -143.7501220703125 0.000035611803468782455 814.7030639648438
v -251.5626220703125 37.31538391113281 823.9473266601562
v -431.2500915527344 298.5227966308594 718.7498779296875
v -431.2500915527344 261.20751953125 843.5531616210938
v -351.3890075683594 232.18443298339844 828.4839477539062
v -431.2500915527344 330.7511901855469 610.9373779296875
v -431.2500915527344 298.5227966308594 718.7498779296875
v -323.4376220703125 261.2074890136719 734.9917602539062
v -431.2500915527344 298.5227966308594 718.7498779296875
v -431.2500915527344 330.7511901855469 610.9373779296875
v -511.1111755371094 364.0180969238281 638.8888549804688
v -431.2500915527344 261.20751953125 843.5531616210938
v -431.2500915527344 298.5227966308594 718.7498779296875
v -539.0626220703125 336.9014587402344 718.7498779296875
v -718.7501220703125 605.5520629882812 718.7498168945312
v -718.7501220703125 567.1734008789062 826.5623779296875
v -638.8890380859375 537.3233032226562 798.611083984375
v -705.9806518554688 605.5520629882812 574.9998168945312
v -718.7501220703125 605.5520629882812 718.7498168945312
v -610.9376220703125 567.1734008789062 718.7498168945312
v -718.7501220703125 605.5520629882812 718.7498168945312
v -705.9806518554688 605.5520629882812 574.9998168945312
v -861.081298828125 613.8666381835938 515.0887451171875
v -718.7501220703125 567.1734008789062 826.5623779296875
v -718.7501220703125 605.5520629882812 718.7498168945312
v -826.5626220703125 567.1734008789062 718.7498168945312
v -1006.2501220703125 298.5227966308594 718.7498779296875
v -1006.2501220703125 261.20751953125 826.5623779296875
v -862.5001220703125 299.2033386230469 840.859130859375
v -1006.2501220703125 336.9014587402344 610.9373779296875
v -1006.2501220703125 298.5227966308594 718.7498779296875
v -898.4376220703125 336.9014587402344 718.7498779296875
v -1006.2501220703125 298.5227966308594 718.7498779296875
v -1006.2501220703125 336.9014587402344 610.9373779296875
v -1129.5233154296875 299.20330810546875 574.9998168945312
v -1006.2501220703125 261.20751953125 826.5623779296875
v -1006.2501220703125 298.5227966308594 718.7498779296875
v -1114.0626220703125 261.2074890136719 718.7498168945312
v 1006.2498168945312 0.00004398458622745238 1006.2501220703125
v 1006.2498168945312 0.00005026810322306119 1150.0001220703125
v 1149.999755859375 0.00005026810322306119 1150.0001220703125
v 1006.2498168945312 0.000038181464333320037 873.4900512695312
v 1006.2498168945312 0.00004398458622745238 1006.2501220703125
v 1149.999755859375 0.00004398458986543119 1006.2501831054688
v 1006.2498168945312 0.00004398458622745238 1006.2501220703125
v 1006.2498168945312 0.000038181464333320037 873.4900512695312
v 860.8809204101562 0.00003854175520245917 881.7325439453125
v 1006.2498168945312 0.00005026810322306119 1150.0001220703125
v 1006.2498168945312 0.00004398458622745238 1006.2501220703125
v 862.4998779296875 0.00004398458622745238 1006.2501220703125
v 718.7498779296875 0.00004398458622745238 1006.2501220703125
v 718.7498168945312 0.00005026810322306119 1150.0001220703125
v 862.4998168945312 0.00005026810322306119 1150.0001220703125
v 712.2742919921875 0.000038661848520860076 884.47998046875
v 718.7498779296875 0.00004398458622745238 1006.2501220703125
v 862.4998779296875 0.00004398458622745238 1006.2501220703125
v 718.7498779296875 0.00004398458622745238 1006.2501220703125
v 712.2742919921875 0.000038661848520860076 884.47998046875
v 565.2864990234375 0.00003854175520245917 881.7325439453125
v 718.7498168945312 0.00005026810322306119 1150.0001220703125
v 718.7498779296875 0.00004398458622745238 1006.2501220703125
v 574.9998779296875 0.00004398458622745238 1006.25
v 431.2498474121094 0.00004398458622745238 1006.25
v 431.24981689453125 0.00005026810322306119 1150.0001220703125
v 574.9998168945312 0.00005026810322306119 1150.0001220703125
v 424.7742614746094 0.000038181464333320037 873.4900512695312
v 431.2498474121094 0.00004398458622745238 1006.25
v 574.9998779296875 0.00004398458622745238 1006.25
v 431.2498474121094 0.00004398458622745238 1006.25
v 424.7742614746094 0.000038181464333320037 873.4900512695312
v 285.8809814453125 0.00003790582195506431 867.1841430664062
v 431.24981689453125 0.00005026810322306119 1150.0001220703125
v 431.2498474121094 0.00004398458622745238 1006.25
v 287.4998474121094 0.00004398458622745238 1006.25
v 143.74984741210938 0.00004398458622745238 1006.25
v 143.7498321533203 0.000050268095947103575 1150
v 287.49981689453125 0.000050268095947103575 1150
v 143.74986267089844 0.00003803968138527125 870.2463989257812
v 143.74984741210938 0.00004398458622745238 1006.25
v 287.4998474121094 0.00004398458622745238 1006.25
v 143.74984741210938 0.00004398458622745238 1006.25
v 143.74986267089844 0.00003803968138527125 870.2463989257812
v -0.00013420497998595238 0.00003885065598296933 888.7993774414062
v 143.7498321533203 0.000050268095947103575 1150
v 143.74984741210938 0.00004398458622745238 1006.25
v -0.00015322228136938065 0.00004435592927620746 1014.745361328125
v -143.75015258789062 0.00004546996206045151 1040.2314453125
v -143.7501678466797 0.000050268095947103575 1150
v -0.0001736451667966321 0.000050268095947103575 1150
v -143.75013732910156 0.000040606351831229404 928.965087890625
v -143.75015258789062 0.00004546996206045151 1040.2314453125
v -0.00015322228136938065 0.00004435592927620746 1014.745361328125
v -143.75015258789062 0.00004546996206045151 1040.2314453125
v -143.75013732910156 0.000040606351831229404 928.965087890625
v -287.5001525878906 23.88186264038086 967.6832275390625
v -143.7501678466797 0.000050268095947103575 1150
v -143.75015258789062 0.00004546996206045151 1040.2314453125
v -287.5001525878906 0.000046583991206716746 1065.717529296875
v -431.2501525878906 0.00004695533061749302 1074.2127685546875
v -431.25018310546875 0.00005026809230912477 1149.999755859375
v -287.5001525878906 0.000050268095947103575 1150
v -431.2501525878906 37.315391540527344 1000.3817749023438
v -431.2501525878906 0.00004695533061749302 1074.2127685546875
v -287.5001525878906 0.000046583991206716746 1065.717529296875
v -431.2501525878906 0.00004695533061749302 1074.2127685546875
v -431.2501525878906 37.315391540527344 1000.3817749023438
v -575.0001220703125 37.31538772583008 987.638671875
v -431.25018310546875 0.00005026809230912477 1149.999755859375
v -431.2501525878906 0.00004695533061749302 1074.2127685546875
v -575.0001831054688 0.00004658398756873794 1065.7174072265625
v -718.7501831054688 0.00004546995478449389 1040.2313232421875
v -718.7501831054688 0.00005026809230912477 1149.999755859375
v -575.0001831054688 0.00005026809230912477 1149.999755859375
v -718.7501220703125 37.31538772583008 949.4094848632812
v -718.7501831054688 0.00004546995478449389 1040.2313232421875
v -575.0001831054688 0.00004658398756873794 1065.7174072265625
v -718.7501831054688 0.00004546995478449389 1040.2313232421875
v -718.7501220703125 37.31538772583008 949.4094848632812
v -862.5001220703125 37.31538772583008 911.180419921875
v -718.7501831054688 0.00005026809230912477 1149.999755859375
v -718.7501831054688 0.00004546995478449389 1040.2313232421875
v -862.5001831054688 0.00004435592200024985 1014.7452392578125
v -1006.2501220703125 0.00004398457895149477 1006.2498168945312
v -1006.2501831054688 0.00005026809230912477 1149.999755859375
v -862.5001831054688 0.00005026809230912477 1149.999755859375
v -1006.2501220703125 37.31538772583008 898.4373779296875
v -1006.2501220703125 0.00004398457895149477 1006.2498168945312
v -862.5001831054688 0.00004435592200024985 1014.7452392578125
v -1006.2501220703125 0.00004398457895149477 1006.2498168945312
v -1006.2501220703125 37.31538772583008 898.4373779296875
v -1150.0001220703125 0.00003770106195588596 862.4998168945312
v -1006.2501831054688 0.00005026809230912477 1149.999755859375
v -1006.2501220703125 0.00004398457895149477 1006.2498168945312
v -1150.0001220703125 0.00004398457531351596 1006.2498168945312
v 1150.0001220703125 200.37261962890625 -1006.2498168945312
v 1150.0001220703125 225.92823791503906 -862.4998168945312
v 1150.0001220703125 -0.00003770106195588596 -862.4998168945312
v 1107.3902587890625 162.03915405273438 -1114.062255859375
v 1150.0001220703125 200.37261962890625 -1006.2498168945312
v 1150.0001220703125 -0.00004398457531351596 -1006.2498168945312
v 1150.0001220703125 200.37261962890625 -1006.2498168945312
v 1107.3902587890625 162.03915405273438 -1114.062255859375
v 1083.1456298828125 271.93756103515625 -1086.1109619140625
v 1150.0001220703125 225.92823791503906 -862.4998168945312
v 1150.0001220703125 200.37261962890625 -1006.2498168945312
v 1114.0626220703125 350.652099609375 -1006.2498168945312
v 979.5603637695312 149.26133728027344 -1149.999755859375
v 1107.3902587890625 162.03915405273438 -1114.062255859375
v 1100.7177734375 -0.000048697213060222566 -1114.062255859375
v 851.7305297851562 162.03915405273438 -1114.062255859375
v 979.5603637695312 149.26133728027344 -1149.999755859375
v 952.8706665039062 -0.00005026809230912477 -1149.999755859375
v 979.5603637695312 149.26133728027344 -1149.999755859375
v 851.7305297851562 162.03915405273438 -1114.062255859375
v 905.63037109375 271.93756103515625 -1086.1109619140625
v 1107.3902587890625 162.03915405273438 -1114.062255859375
v 979.5603637695312 149.26133728027344 -1149.999755859375
v 999.5776977539062 286.76300048828125 -1114.062255859375
v 809.1205444335938 200.37261962890625 -1006.2498168945312
v 851.7305297851562 162.03915405273438 -1114.062255859375
v 782.430908203125 -0.00005026809230912477 -1149.999755859375
v 815.7930297851562 225.92823791503906 -862.4998779296875
v 809.1205444335938 200.37261962890625 -1006.2498168945312
v 746.4933471679688 50.09312438964844 -1006.2498168945312
v 809.1205444335938 200.37261962890625 -1006.2498168945312
v 815.7930297851562 225.92823791503906 -862.4998779296875
v 886.7608032226562 395.3744201660156 -862.4998779296875
v 851.7305297851562 162.03915405273438 -1114.062255859375
v 809.1205444335938 200.37261962890625 -1006.2498168945312
v 885.0927124023438 350.652099609375 -1006.2498168945312
v 835.8103637695312 200.37265014648438 -718.7498779296875
v 815.7930297851562 225.92823791503906 -862.4998779296875
v 754.3798217773438 56.48203659057617 -862.4998779296875
v 811.4014892578125 162.0391845703125 -610.9373779296875
v 835.8103637695312 200.37265014648438 -718.7498779296875
v 778.0392456054688 50.0931396484375 -718.7498779296875
v 835.8103637695312 200.37265014648438 -718.7498779296875
v 811.4014892578125 162.0391845703125 -610.9373779296875
v 860.07421875 306.6751403808594 -597.9998779296875
v 815.7930297851562 225.92823791503906 -862.4998779296875
v 835.8103637695312 200.37265014648438 -718.7498779296875
v 891.7651977539062 350.6521301269531 -718.7498779296875
v 684.795166015625 149.26136779785156 -574.9998779296875
v 811.4014892578125 162.0391845703125 -610.9373779296875
v 758.1815185546875 72.01740264892578 -638.8887939453125
v 551.5165405273438 149.26136779785156 -539.0623779296875
v 684.795166015625 149.26136779785156 -574.9998779296875
v 661.1453247070312 37.31532287597656 -610.9373779296875
v 684.795166015625 149.26136779785156 -574.9998779296875
v 551.5165405273438 149.26136779785156 -539.0623779296875
v 596.082275390625 288.89971923828125 -541.410888671875
v 811.4014892578125 162.0391845703125 -610.9373779296875
v 684.795166015625 149.26136779785156 -574.9998779296875
v 710.2613525390625 287.3730773925781 -574.9998779296875
v 507.09033203125 149.26136779785156 -431.2499084472656
v 551.5165405273438 149.26136779785156 -539.0623779296875
v 476.0552978515625 25.52002716064453 -574.9998779296875
v 470.60791015625 149.26138305664062 -323.43743896484375
v 507.09033203125 149.26136779785156 -431.2499084472656
v 428.16424560546875 37.315330505371094 -431.24993896484375
v 507.09033203125 149.26136779785156 -431.2499084472656
v 470.60791015625 149.26138305664062 -323.43743896484375
v 521.9489135742188 298.0594482421875 -337.5281677246094
v 551.5165405273438 149.26136779785156 -539.0623779296875
v 507.09033203125 149.26136779785156 -431.2499084472656
v 558.0226440429688 293.4795837402344 -440.64373779296875
v 361.1605529785156 149.26138305664062 -287.49993896484375
v 470.60791015625 149.26138305664062 -323.43743896484375
v 407.7933654785156 66.33838653564453 -351.3888244628906
v 251.71327209472656 149.26138305664062 -251.5624542236328
v 361.1605529785156 149.26138305664062 -287.49993896484375
v 317.6271057128906 37.31533432006836 -323.43743896484375
v 361.1605529785156 149.26138305664062 -287.49993896484375
v 251.71327209472656 149.26138305664062 -251.5624542236328
v 305.5064697265625 299.58612060546875 -253.91094970703125
v 470.60791015625 149.26138305664062 -323.43743896484375
v 361.1605529785156 149.26138305664062 -287.49993896484375
v 413.7276611328125 299.5860900878906 -296.893798828125
v 215.23085021972656 149.26138305664062 -143.74996948242188
v 251.71327209472656 149.26138305664062 -251.5624542236328
v 175.37046813964844 23.88180923461914 -287.49993896484375
v 224.2644805908203 149.2613983154297 0.000031153267627814785
v 215.23085021972656 149.26138305664062 -143.74996948242188
v 143.1587677001953 37.31534194946289 -143.74996948242188
v 215.23085021972656 149.26138305664062 -143.74996948242188
v 224.2644805908203 149.2613983154297 0.000031153267627814785
v 323.8028259277344 299.58612060546875 0.000028168145945528522
v 251.71327209472656 149.26138305664062 -251.5624542236328
v 215.23085021972656 149.26138305664062 -143.74996948242188
v 321.5444641113281 299.58612060546875 -143.74996948242188
v 251.36541748046875 149.2613983154297 143.75001525878906
v 224.2644805908203 149.2613983154297 0.000031153267627814785
v 156.70921325683594 37.31534957885742 -2.3772010803222656
v 307.9282531738281 149.2613983154297 251.5625457763672
v 251.36541748046875 149.2613983154297 143.75001525878906
v 197.36061096191406 37.31535339355469 134.24111938476562
v 251.36541748046875 149.2613983154297 143.75001525878906
v 307.9282531738281 149.2613983154297 251.5625457763672
v 319.5601806640625 299.58612060546875 251.56253051757812
v 224.2644805908203 149.2613983154297 0.000031153267627814785
v 251.36541748046875 149.2613983154297 143.75001525878906
v 278.4663391113281 299.58612060546875 143.75003051757812
v 405.3476867675781 149.2613983154297 287.50006103515625
v 307.9282531738281 149.2613983154297 251.5625457763672
v 271.5749816894531 23.881834030151367 281.3692932128906
v 493.7333984375 149.2613983154297 334.42755126953125
v 405.3476867675781 149.2613983154297 287.50006103515625
v 385.9208679199219 37.31536102294922 334.42755126953125
v 405.3476867675781 149.2613983154297 287.50006103515625
v 493.7333984375 149.2613983154297 334.42755126953125
v 567.7472534179688 299.20330810546875 312.2584533691406
v 307.9282531738281 149.2613983154297 251.5625457763672
v 405.3476867675781 149.2613983154297 287.50006103515625
v 424.7744140625 299.58612060546875 287.5000305175781
v 523.1953125 149.26141357421875 475.20989990234375
v 493.7333984375 149.2613983154297 334.42755126953125
v 450.67230224609375 66.33841705322266 380.69549560546875
v 565.6083374023438 149.26141357421875 615.9921875
v 523.1953125 149.26141357421875 475.20989990234375
v 461.3554382324219 37.31536865234375 497.1898193359375
v 523.1953125 149.26141357421875 475.20989990234375
v 565.6083374023438 149.26141357421875 615.9921875
v 618.74267578125 232.18441772460938 545.30224609375
v 493.7333984375 149.2613983154297 334.42755126953125
v 523.1953125 149.26141357421875 475.20989990234375
v 597.9862670898438 261.2074890136719 442.24005126953125
v 692.8475952148438 149.26141357421875 662.9197998046875
v 565.6083374023438 149.26141357421875 615.9921875
v 501.4372863769531 23.881853103637695 699.845947265625
v 856.0242919921875 149.26141357421875 549.1483154296875
v 692.8475952148438 149.26141357421875 662.9197998046875
v 679.8963623046875 37.31538009643555 742.817138671875
v 692.8475952148438 149.26141357421875 662.9197998046875
v 856.0242919921875 149.26141357421875 549.1483154296875
v 860.8810424804688 261.2074279785156 455.5135192871094
v 565.6083374023438 149.26141357421875 615.9921875
v 692.8475952148438 149.26141357421875 662.9197998046875
v 712.2743530273438 261.2074890136719 561.0425415039062
v 1006.2498168945312 149.26141357421875 618.9599609375
v 856.0242919921875 149.26141357421875 549.1483154296875
v 852.7864379882812 37.31538009643555 726.3322143554688
v 1114.062255859375 149.26141357421875 550.0526123046875
v 1006.2498168945312 149.26141357421875 618.9599609375
v 1006.2498168945312 37.31537628173828 676.8773803710938
v 1006.2498168945312 149.26141357421875 618.9599609375
v 1114.062255859375 149.26141357421875 550.0526123046875
v 1086.1109619140625 232.18441772460938 515.9956665039062
v 856.0242919921875 149.26141357421875 549.1483154296875
v 1006.2498168945312 149.26141357421875 618.9599609375
v 1006.2498779296875 261.2074890136719 550.0526123046875
v 1149.999755859375 149.26141357421875 431.25018310546875
v 1114.062255859375 149.26141357421875 550.0526123046875
v 1149.999755859375 0.000025134057068498805 575.0001831054688
v 1150 149.2613983154297 287.5001525878906
v 1149.999755859375 149.26141357421875 431.25018310546875
v 1149.999755859375 0.000018850543710868806 431.25018310546875
v 1149.999755859375 149.26141357421875 431.25018310546875
v 1150 149.2613983154297 287.5001525878906
v 1128.3916015625 299.20330810546875 287.5001525878906
v 1114.062255859375 149.26141357421875 550.0526123046875
v 1149.999755859375 149.26141357421875 431.25018310546875
v 1114.062255859375 261.2074890136719 431.25018310546875
v 1150 149.2613983154297 143.75015258789062
v 1150 149.2613983154297 287.5001525878906
v 1150 0.000012567031262733508 287.5001525878906
v 1150 149.2613983154297 0.0001671207428444177
v 1150 149.2613983154297 143.75015258789062
v 1150 0.000006283519269345561 143.7501678466797
v 1150 149.2613983154297 143.75015258789062
v 1150 149.2613983154297 0.0001671207428444177
v 1165.220703125 299.58612060546875 0.00016189443704206496
v 1150 149.2613983154297 287.5001525878906
v 1150 149.2613983154297 143.75015258789062
v 1158.697509765625 299.58612060546875 143.75015258789062
v 1150 149.26138305664062 -143.74984741210938
v 1150 149.2613983154297 0.0001671207428444177
v 1150 7.590271293433926e-12 0.0001736451667966321
v 1150 149.26138305664062 -287.49981689453125
v 1150 149.26138305664062 -143.74984741210938
v 1150 -0.000006283504717430333 -143.7498321533203
v 1150 149.26138305664062 -143.74984741210938
v 1150 149.26138305664062 -287.49981689453125
v 1165.2208251953125 299.5860900878906 -287.4998474121094
v 1150 149.2613983154297 0.0001671207428444177
v 1150 149.26138305664062 -143.74984741210938
v 1167.3951416015625 299.58612060546875 -143.74981689453125
v 1150.0001220703125 149.26136779785156 -431.24981689453125
v 1150 149.26138305664062 -287.49981689453125
v 1150 -0.000012567015801323578 -287.49981689453125
v 1150.0001220703125 162.0391845703125 -574.9998168945312
v 1150.0001220703125 149.26136779785156 -431.24981689453125
v 1150.0001220703125 -0.000018850529158953577 -431.24981689453125
v 1150.0001220703125 149.26136779785156 -431.24981689453125
v 1150.0001220703125 162.0391845703125 -574.9998168945312
v 1128.3917236328125 312.5373840332031 -574.9998168945312
v 1150 149.26138305664062 -287.49981689453125
v 1150.0001220703125 149.26136779785156 -431.24981689453125
v 1158.6976318359375 299.5860900878906 -431.24981689453125
v 1150.0001220703125 200.37265014648438 -718.7498168945312
v 1150.0001220703125 162.0391845703125 -574.9998168945312
v 1150.0001220703125 -0.00002513403887860477 -574.9998168945312
v 1150.0001220703125 225.92823791503906 -862.4998168945312
v 1150.0001220703125 200.37265014648438 -718.7498168945312
v 1150.0001220703125 -0.00003141755223623477 -718.7498168945312
v 1150.0001220703125 200.37265014648438 -718.7498168945312
v 1150.0001220703125 225.92823791503906 -862.4998168945312
v 1114.0626220703125 395.3744201660156 -862.4998168945312
v 1150.0001220703125 162.0391845703125 -574.9998168945312
v 1150.0001220703125 200.37265014648438 -718.7498168945312
v 1114.0626220703125 350.6521301269531 -718.7498168945312
v -718.7498779296875 149.2613525390625 -929.318115234375
v -610.9373779296875 149.2613525390625 -885.0282592773438
v -574.9998779296875 23.881778717041016 -957.3816528320312
v -826.5623779296875 149.2613525390625 -885.0283813476562
v -718.7498779296875 149.2613525390625 -929.318115234375
v -718.7498779296875 37.315303802490234 -998.66455078125
v -718.7498779296875 149.2613525390625 -929.318115234375
v -826.5623779296875 149.2613525390625 -885.0283813476562
v -798.6110229492188 232.18434143066406 -824.5960083007812
v -610.9373779296875 149.2613525390625 -885.0282592773438
v -718.7498779296875 149.2613525390625 -929.318115234375
v -718.7498779296875 261.2074279785156 -843.26708984375
v -862.4998779296875 149.2613525390625 -752.1591186523438
v -826.5623779296875 149.2613525390625 -885.0283813476562
v -862.4998779296875 23.881778717041016 -957.3817138671875
v -898.4373779296875 149.26136779785156 -619.2898559570312
v -862.4998779296875 149.2613525390625 -752.1591186523438
v -898.4373779296875 37.31531524658203 -768.8636474609375
v -862.4998779296875 149.2613525390625 -752.1591186523438
v -898.4373779296875 149.26136779785156 -619.2898559570312
v -862.4998779296875 274.6409606933594 -587.9182739257812
v -826.5623779296875 149.2613525390625 -885.0283813476562
v -862.4998779296875 149.2613525390625 -752.1591186523438
v -826.5623779296875 261.2074279785156 -727.1023559570312
v -1006.2498779296875 149.26136779785156 -575.0001220703125
v -898.4373779296875 149.26136779785156 -619.2898559570312
v -926.3887329101562 66.33837127685547 -661.1616821289062
v -1114.062255859375 149.26136779785156 -539.0626831054688
v -1006.2498779296875 149.26136779785156 -575.0001220703125
v -1006.2498168945312 37.31532287597656 -619.2898559570312
v -1006.2498779296875 149.26136779785156 -575.0001220703125
v -1114.062255859375 149.26136779785156 -539.0626831054688
v -1086.1109619140625 232.18435668945312 -515.7072143554688
v -898.4373779296875 149.26136779785156 -619.2898559570312
v -1006.2498779296875 149.26136779785156 -575.0001220703125
v -1006.2498779296875 261.2074279785156 -549.4034423828125
v -1149.999755859375 149.26136779785156 -431.25018310546875
v -1114.062255859375 149.26136779785156 -539.0626831054688
v -1149.999755859375 -0.000025134057068498805 -575.0001831054688
v -1153.71240234375 149.26138305664062 -287.5001525878906
v -1149.999755859375 149.26136779785156 -431.25018310546875
v -1149.999755859375 -0.000018850543710868806 -431.25018310546875
v -1149.999755859375 149.26136779785156 -431.25018310546875
v -1153.71240234375 149.26138305664062 -287.5001525878906
v -1129.523193359375 299.2032470703125 -298.60040283203125
v -1114.062255859375 149.26136779785156 -539.0626831054688
v -1149.999755859375 149.26136779785156 -431.25018310546875
v -1114.062255859375 261.2074279785156 -441.5910339355469
v -1164.849365234375 149.26138305664062 -143.75018310546875
v -1153.71240234375 149.26138305664062 -287.5001525878906
v -1150 -0.000012567031262733508 -287.5001525878906
v -1175.986328125 149.2613983154297 -0.00018027871556114405
v -1164.849365234375 149.26138305664062 -143.75018310546875
v -1150 -0.000006283519269345561 -143.7501678466797
v -1164.849365234375 149.26138305664062 -143.75018310546875
v -1175.986328125 149.2613983154297 -0.00018027871556114405
v -1177.5975341796875 299.58612060546875 -0.0001861392374848947
v -1153.71240234375 149.26138305664062 -287.5001525878906
v -1164.849365234375 149.26138305664062 -143.75018310546875
v -1165.77001953125 299.58612060546875 -143.75018310546875
v -1179.6986083984375 149.2613983154297 143.7498016357422
v -1175.986328125 149.2613983154297 -0.00018027871556114405
v -1150 -7.590271293433926e-12 -0.0001736451667966321
v -1175.986328125 149.2613983154297 287.49981689453125
v -1179.6986083984375 149.2613983154297 143.7498016357422
v -1150 0.000006283504717430333 143.7498321533203
v -1179.6986083984375 149.2613983154297 143.7498016357422
v -1175.986328125 149.2613983154297 287.49981689453125
v -1177.5975341796875 299.58612060546875 287.4997863769531
v -1175.986328125 149.2613983154297 -0.00018027871556114405
v -1179.6986083984375 149.2613983154297 143.7498016357422
v -1181.5400390625 299.58612060546875 143.7498016357422
v -1164.8494873046875 149.26141357421875 431.24981689453125
v -1175.986328125 149.2613983154297 287.49981689453125
v -1150 0.000012567015801323578 287.49981689453125
v -1153.71240234375 149.26141357421875 574.9998168945312
v -1164.8494873046875 149.26141357421875 431.24981689453125
v -1150.0001220703125 0.000018850529158953577 431.24981689453125
v -1164.8494873046875 149.26141357421875 431.24981689453125
v -1153.71240234375 149.26141357421875 574.9998168945312
v -1129.5233154296875 299.20330810546875 574.9998168945312
v -1175.986328125 149.2613983154297 287.49981689453125
v -1164.8494873046875 149.26141357421875 431.24981689453125
v -1165.7701416015625 299.58612060546875 431.24981689453125
v -1150.0001220703125 149.2614288330078 718.7498168945312
v -1153.71240234375 149.26141357421875 574.9998168945312
v -1150.0001220703125 0.00002513403887860477 574.9998168945312
v -1114.0626220703125 149.2614288330078 826.5623168945312
v -1150.0001220703125 149.2614288330078 718.7498168945312
v -1150.0001220703125 0.00003141755223623477 718.7498168945312
v -1150.0001220703125 149.2614288330078 718.7498168945312
v -1114.0626220703125 149.2614288330078 826.5623168945312
v -1086.1112060546875 232.18441772460938 798.6109008789062
v -1153.71240234375 149.26141357421875 574.9998168945312
v -1150.0001220703125 149.2614288330078 718.7498168945312
v -1114.0626220703125 261.2074890136719 718.7498168945312
v -1006.2501220703125 149.2614288330078 862.4998779296875
v -1114.0626220703125 149.2614288330078 826.5623168945312
v -1150.0001220703125 0.00003770106195588596 862.4998168945312
v -862.5001220703125 149.2614288330078 870.9952392578125
v -1006.2501220703125 149.2614288330078 862.4998779296875
v -1006.2501220703125 37.31538772583008 898.4373779296875
v -1006.2501220703125 149.2614288330078 862.4998779296875
v -862.5001220703125 149.2614288330078 870.9952392578125
v -862.5001220703125 299.2033386230469 840.859130859375
v -1114.0626220703125 149.2614288330078 826.5623168945312
v -1006.2501220703125 149.2614288330078 862.4998779296875
v -1006.2501220703125 261.20751953125 826.5623779296875
v -718.7501220703125 149.2614288330078 896.4813232421875
v -862.5001220703125 149.2614288330078 870.9952392578125
v -862.5001220703125 37.31538772583008 911.180419921875
v -575.0001220703125 149.2614288330078 921.9674072265625
v -718.7501220703125 149.2614288330078 896.4813232421875
v -718.7501220703125 37.31538772583008 949.4094848632812
v -718.7501220703125 149.2614288330078 896.4813232421875
v -575.0001220703125 149.2614288330078 921.9674072265625
v -575.0001220703125 299.2033386230469 849.0146484375
v -862.5001220703125 149.2614288330078 870.9952392578125
v -718.7501220703125 149.2614288330078 896.4813232421875
v -718.7501220703125 299.5861511230469 870.9952392578125
v -431.2501525878906 149.2614288330078 930.4628295898438
v -575.0001220703125 149.2614288330078 921.9674072265625
v -575.0001220703125 37.31538772583008 987.638671875
v -323.4376220703125 149.2614288330078 893.7764282226562
v -431.2501525878906 149.2614288330078 930.4628295898438
v -431.2501525878906 37.315391540527344 1000.3817749023438
v -431.2501525878906 149.2614288330078 930.4628295898438
v -323.4376220703125 149.2614288330078 893.7764282226562
v -351.3890075683594 232.18443298339844 828.4839477539062
v -575.0001220703125 149.2614288330078 921.9674072265625
v -431.2501525878906 149.2614288330078 930.4628295898438
v -431.2500915527344 261.20751953125 843.5531616210938
v -287.5001220703125 149.2614288330078 783.7172241210938
v -323.4376220703125 149.2614288330078 893.7764282226562
v -287.5001525878906 23.88186264038086 967.6832275390625
v -251.56259155273438 149.26141357421875 673.657958984375
v -287.5001220703125 149.2614288330078 783.7172241210938
v -251.5626220703125 37.31538391113281 823.9473266601562
v -287.5001220703125 149.2614288330078 783.7172241210938
v -251.56259155273438 149.26141357421875 673.657958984375
v -287.5001220703125 294.2118225097656 581.968994140625
v -323.4376220703125 149.2614288330078 893.7764282226562
v -287.5001220703125 149.2614288330078 783.7172241210938
v -323.4376220703125 261.2074890136719 734.9917602539062
v -143.7500762939453 149.26141357421875 636.9716796875
v -251.56259155273438 149.26141357421875 673.657958984375
v -223.61123657226562 66.33843231201172 733.8434448242188
v -35.93758773803711 149.26141357421875 583.77880859375
v -143.7500762939453 149.26141357421875 636.9716796875
v -143.75010681152344 37.31537628173828 712.390380859375
v -143.7500762939453 149.26141357421875 636.9716796875
v -35.93758773803711 149.26141357421875 583.77880859375
v -63.88898468017578 232.18441772460938 530.9850463867188
v -251.56259155273438 149.26141357421875 673.657958984375
v -143.7500762939453 149.26141357421875 636.9716796875
v -143.7500762939453 261.2074890136719 554.555419921875
v -0.00008312593126902357 149.26141357421875 424.2001953125
v -35.93758773803711 149.26141357421875 583.77880859375
v -0.00009397795656695962 23.88184928894043 655.2305297851562
v -35.93756866455078 149.2613983154297 264.62158203125
v -0.00008312593126902357 149.26141357421875 424.2001953125
v 35.93742370605469 37.315364837646484 420.67529296875
v -0.00008312593126902357 149.26141357421875 424.2001953125
v -35.93756866455078 149.2613983154297 264.62158203125
v -63.888973236083984 232.18441772460938 325.2484436035156
v -35.93758773803711 149.26141357421875 583.77880859375
v -0.00008312593126902357 149.26141357421875 424.2001953125
v -35.93758773803711 261.2074890136719 429.487548828125
v -143.7500457763672 149.2613983154297 211.42869567871094
v -35.93756866455078 149.2613983154297 264.62158203125
v -1.4454337358474731 23.88182830810547 186.91539001464844
v -287.5000305175781 149.2613983154297 220.93756103515625
v -143.7500457763672 149.2613983154297 211.42869567871094
v -143.75001525878906 37.31535339355469 137.45555114746094
v -143.7500457763672 149.2613983154297 211.42869567871094
v -287.5000305175781 149.2613983154297 220.93756103515625
v -285.4569396972656 292.3149719238281 299.8499450683594
v -35.93756866455078 149.2613983154297 264.62158203125
v -143.7500457763672 149.2613983154297 211.42869567871094
v -143.7500762939453 261.2074890136719 304.4196472167969
v -431.25 149.2613983154297 249.46429443359375
v -287.5000305175781 149.2613983154297 220.93756103515625
v -287.5000305175781 37.31535339355469 151.7188720703125
v -539.0625610351562 149.2613983154297 242.0535125732422
v -431.25 149.2613983154297 249.46429443359375
v -431.25 37.31535720825195 194.50897216796875
v -431.25 149.2613983154297 249.46429443359375
v -539.0625610351562 149.2613983154297 242.0535125732422
v -516.7161254882812 298.04852294921875 249.18515014648438
v -287.5000305175781 149.2613983154297 220.93756103515625
v -431.25 149.2613983154297 249.46429443359375
v -418.4806213378906 293.4358215332031 277.9909973144531
v -575 149.2613983154297 143.74989318847656
v -539.0625610351562 149.2613983154297 242.0535125732422
v -511.1111145019531 66.33840942382812 198.25393676757812
v -539.0625 149.2613983154297 35.93741226196289
v -575 149.2613983154297 143.74989318847656
v -539.0625 37.31535339355469 134.2410125732422
v -575 149.2613983154297 143.74989318847656
v -539.0625 149.2613983154297 35.93741226196289
v -516.716064453125 297.4725341796875 35.93741226196289
v -539.0625610351562 149.2613983154297 242.0535125732422
v -575 149.2613983154297 143.74989318847656
v -549.461181640625 299.58612060546875 143.74990844726562
v -431.25 149.2613983154297 -0.00006973401468712837
v -539.0625 149.2613983154297 35.93741226196289
v -511.111083984375 66.3384017944336 59.662628173828125
v -323.4375 140.9351806640625 -35.93755340576172
v -431.25 149.2613983154297 -0.00006973401468712837
v -431.25 37.31534957885742 26.42852020263672
v -431.25 149.2613983154297 -0.00006973401468712837
v -323.4375 140.9351806640625 -35.93755340576172
v -320.2451477050781 272.3017578125 -35.93756103515625
v -539.0625 149.2613983154297 35.93741226196289
v -431.25 149.2613983154297 -0.00006973401468712837
v -418.4805908203125 291.1318054199219 -0.00007400723552564159
v -287.49993896484375 115.95651245117188 -143.7500457763672
v -323.4375 140.9351806640625 -35.93755340576172
v -287.5 22.54962921142578 -10.6500244140625
v -287.49993896484375 90.97785949707031 -287.5000305175781
v -287.49993896484375 115.95651245117188 -143.7500457763672
v -251.56246948242188 28.989124298095703 -143.75003051757812
v -287.49993896484375 115.95651245117188 -143.7500457763672
v -287.49993896484375 90.97785949707031 -287.5000305175781
v -310.49993896484375 195.1486358642578 -298.6002502441406
v -323.4375 140.9351806640625 -35.93755340576172
v -287.49993896484375 115.95651245117188 -143.7500457763672
v -287.49993896484375 232.72018432617188 -143.75006103515625
v -287.49993896484375 82.65164184570312 -431.25
v -287.49993896484375 90.97785949707031 -287.5000305175781
v -251.5624542236328 22.744455337524414 -287.5000305175781
v -323.4374084472656 90.97784423828125 -539.0625610351562
v -287.49993896484375 82.65164184570312 -431.25
v -251.5624237060547 20.66289520263672 -431.25
v -287.49993896484375 82.65164184570312 -431.25
v -323.4374084472656 90.97784423828125 -539.0625610351562
v -351.3887939453125 154.47300720214844 -515.7070922851562
v -287.49993896484375 90.97785949707031 -287.5000305175781
v -287.49993896484375 82.65164184570312 -431.25
v -323.43743896484375 161.2928009033203 -441.59088134765625
v -431.2499084472656 115.95649719238281 -575.0000610351562
v -323.4374084472656 90.97784423828125 -539.0625610351562
v -287.4999084472656 16.194660186767578 -576.33642578125
v -539.0623779296875 140.93516540527344 -619.289794921875
v -431.2499084472656 115.95649719238281 -575.0000610351562
v -431.2499084472656 28.989103317260742 -619.289794921875
v -431.2499084472656 115.95649719238281 -575.0000610351562
v -539.0623779296875 140.93516540527344 -619.289794921875
v -574.9998779296875 265.3155822753906 -587.9181518554688
v -323.4374084472656 90.97784423828125 -539.0625610351562
v -431.2499084472656 115.95649719238281 -575.0000610351562
v -431.2499084472656 202.92388916015625 -549.4033813476562
v -574.9998779296875 149.2613525390625 -752.1589965820312
v -539.0623779296875 140.93516540527344 -619.289794921875
v -511.1109619140625 62.6378288269043 -661.1616821289062
v -610.9373779296875 149.2613525390625 -885.0282592773438
v -574.9998779296875 149.2613525390625 -752.1589965820312
v -539.0623779296875 37.31531524658203 -768.8635864257812
v -574.9998779296875 149.2613525390625 -752.1589965820312
v -610.9373779296875 149.2613525390625 -885.0282592773438
v -638.8887939453125 232.18434143066406 -824.5960083007812
v -539.0623779296875 140.93516540527344 -619.289794921875
v -574.9998779296875 149.2613525390625 -752.1589965820312
v -610.9373779296875 261.2074279785156 -727.102294921875
v 1006.25 427.61138916015625 -574.9998779296875
v 1122.7601318359375 445.930908203125 -539.0623168945312
v 1128.3917236328125 312.5373840332031 -574.9998168945312
v 862.5 409.29193115234375 -574.9998779296875
v 1006.25 427.61138916015625 -574.9998779296875
v 1006.2501220703125 356.3505554199219 -610.9373779296875
v 1006.25 427.61138916015625 -574.9998779296875
v 862.5 409.29193115234375 -574.9998779296875
v 864.6743774414062 503.0551452636719 -555.5015869140625
v 1122.7601318359375 445.930908203125 -539.0623168945312
v 1006.25 427.61138916015625 -574.9998779296875
v 1014.9476318359375 530.5343627929688 -548.4561157226562
v 718.7500610351562 403.1854248046875 -574.9998779296875
v 862.5 409.29193115234375 -574.9998779296875
v 860.07421875 306.6751403808594 -597.9998779296875
v 610.9375610351562 409.29193115234375 -548.4562377929688
v 718.7500610351562 403.1854248046875 -574.9998779296875
v 710.2613525390625 287.3730773925781 -574.9998779296875
v 718.7500610351562 403.1854248046875 -574.9998779296875
v 610.9375610351562 409.29193115234375 -548.4562377929688
v 638.8889770507812 480.32940673828125 -540.3363037109375
v 862.5 409.29193115234375 -574.9998779296875
v 718.7500610351562 403.1854248046875 -574.9998779296875
v 718.7500610351562 493.8953857421875 -557.85009765625
v 575.0000610351562 427.6114501953125 -468.8253479003906
v 610.9375610351562 409.29193115234375 -548.4562377929688
v 596.082275390625 288.89971923828125 -541.410888671875
v 539.0625610351562 445.930908203125 -379.8005676269531
v 575.0000610351562 427.6114501953125 -468.8253479003906
v 558.0226440429688 293.4795837402344 -440.64373779296875
v 575.0000610351562 427.6114501953125 -468.8253479003906
v 539.0625610351562 445.930908203125 -379.8005676269531
v 575.0001831054688 618.5642700195312 -400.2261657714844
v 610.9375610351562 409.29193115234375 -548.4562377929688
v 575.0000610351562 427.6114501953125 -468.8253479003906
v 610.9375610351562 524.4279174804688 -497.00689697265625
v 431.25006103515625 452.0373840332031 -325.07537841796875
v 539.0625610351562 445.930908203125 -379.8005676269531
v 521.9489135742188 298.0594482421875 -337.5281677246094
v 323.4375305175781 452.0373840332031 -260.956298828125
v 431.25006103515625 452.0373840332031 -325.07537841796875
v 413.7276611328125 299.5860900878906 -296.893798828125
v 431.25006103515625 452.0373840332031 -325.07537841796875
v 323.4375305175781 452.0373840332031 -260.956298828125
v 351.388916015625 537.3233032226562 -248.661376953125
v 539.0625610351562 445.930908203125 -379.8005676269531
v 431.25006103515625 452.0373840332031 -325.07537841796875
v 431.25006103515625 567.17333984375 -307.9255676269531
v 287.5000305175781 452.0373840332031 -143.74996948242188
v 323.4375305175781 452.0373840332031 -260.956298828125
v 305.5064697265625 299.58612060546875 -253.91094970703125
v 339.6116943359375 452.0373840332031 0.00002007666444114875
v 287.5000305175781 452.0373840332031 -143.74996948242188
v 321.5444641113281 299.58612060546875 -143.74996948242188
v 287.5000305175781 452.0373840332031 -143.74996948242188
v 339.6116943359375 452.0373840332031 0.00002007666444114875
v 323.4375 567.1732177734375 -2.3484387397766113
v 323.4375305175781 452.0373840332031 -260.956298828125
v 287.5000305175781 452.0373840332031 -143.74996948242188
v 323.4375305175781 567.17333984375 -153.14382934570312
v 287.5 452.0373840332031 143.75003051757812
v 339.6116943359375 452.0373840332031 0.00002007666444114875
v 323.8028259277344 299.58612060546875 0.000028168145945528522
v 323.4375 452.0373840332031 251.56253051757812
v 287.5 452.0373840332031 143.75003051757812
v 278.4663391113281 299.58612060546875 143.75003051757812
v 287.5 452.0373840332031 143.75003051757812
v 323.4375 452.0373840332031 251.56253051757812
v 351.3888854980469 537.3233032226562 223.61114501953125
v 339.6116943359375 452.0373840332031 0.00002007666444114875
v 287.5 452.0373840332031 143.75003051757812
v 323.43743896484375 567.17333984375 143.75003051757812
v 431.24993896484375 452.0373840332031 287.5000305175781
v 323.4375 452.0373840332031 251.56253051757812
v 319.5601806640625 299.58612060546875 251.56253051757812
v 574.9998779296875 452.0373840332031 287.50006103515625
v 431.24993896484375 452.0373840332031 287.5000305175781
v 424.7744140625 299.58612060546875 287.5000305175781
v 431.24993896484375 452.0373840332031 287.5000305175781
v 574.9998779296875 452.0373840332031 287.50006103515625
v 574.9998779296875 614.1746826171875 264.50006103515625
v 323.4375 452.0373840332031 251.56253051757812
v 431.24993896484375 452.0373840332031 287.5000305175781
v 431.24993896484375 567.17333984375 251.56253051757812
v 718.7498779296875 452.0373840332031 287.5000915527344
v 574.9998779296875 452.0373840332031 287.50006103515625
v 567.7472534179688 299.20330810546875 312.2584533691406
v 862.4998779296875 452.0373840332031 287.5000915527344
v 718.7498779296875 452.0373840332031 287.5000915527344
v 718.7498779296875 336.9014587402344 323.4375915527344
v 718.7498779296875 452.0373840332031 287.5000915527344
v 862.4998779296875 452.0373840332031 287.5000915527344
v 862.4998779296875 615.240478515625 287.5000915527344
v 574.9998779296875 452.0373840332031 287.50006103515625
v 718.7498779296875 452.0373840332031 287.5000915527344
v 718.7498779296875 615.240478515625 287.5000915527344
v 1006.2498779296875 452.0373840332031 287.5001220703125
v 862.4998779296875 452.0373840332031 287.5000915527344
v 862.4998779296875 336.9014892578125 323.4375915527344
v 1122.760009765625 452.0373840332031 251.56263732910156
v 1006.2498779296875 452.0373840332031 287.5001220703125
v 1006.2498779296875 336.9014587402344 323.4376220703125
v 1006.2498779296875 452.0373840332031 287.5001220703125
v 1122.760009765625 452.0373840332031 251.56263732910156
v 1127.10888671875 619.02490234375 251.56263732910156
v 862.4998779296875 452.0373840332031 287.5000915527344
v 1006.2498779296875 452.0373840332031 287.5001220703125
v 1006.2498779296875 615.240478515625 287.5001220703125
v 1184.790283203125 452.0373840332031 143.75015258789062
v 1122.760009765625 452.0373840332031 251.56263732910156
v 1128.3916015625 299.20330810546875 287.5001525878906
v 1210.8828125 452.0373840332031 0.00015926433843560517
v 1184.790283203125 452.0373840332031 143.75015258789062
v 1158.697509765625 299.58612060546875 143.75015258789062
v 1184.790283203125 452.0373840332031 143.75015258789062
v 1210.8828125 452.0373840332031 0.00015926433843560517
v 1241.324462890625 641.7314453125 0.00015366176376119256
v 1122.760009765625 452.0373840332031 251.56263732910156
v 1184.790283203125 452.0373840332031 143.75015258789062
v 1202.185302734375 630.378173828125 143.75015258789062
v 1219.5804443359375 452.0373840332031 -143.7498321533203
v 1210.8828125 452.0373840332031 0.00015926433843560517
v 1165.220703125 299.58612060546875 0.00016189443704206496
v 1210.8828125 452.0373840332031 -287.4998474121094
v 1219.5804443359375 452.0373840332031 -143.7498321533203
v 1167.3951416015625 299.58612060546875 -143.74981689453125
v 1219.5804443359375 452.0373840332031 -143.7498321533203
v 1210.8828125 452.0373840332031 -287.4998474121094
v 1225.80419921875 630.15185546875 -296.5179138183594
v 1210.8828125 452.0373840332031 0.00015926433843560517
v 1219.5804443359375 452.0373840332031 -143.7498321533203
v 1254.37060546875 645.5159301757812 -143.7498321533203
v 1184.7904052734375 452.0373840332031 -431.24981689453125
v 1210.8828125 452.0373840332031 -287.4998474121094
v 1165.2208251953125 299.5860900878906 -287.4998474121094
v 1122.7601318359375 445.930908203125 -539.0623168945312
v 1184.7904052734375 452.0373840332031 -431.24981689453125
v 1158.6976318359375 299.5860900878906 -431.24981689453125
v 1184.7904052734375 452.0373840332031 -431.24981689453125
v 1122.7601318359375 445.930908203125 -539.0623168945312
v 1109.3048095703125 521.039306640625 -515.2859497070312
v 1210.8828125 452.0373840332031 -287.4998474121094
v 1184.7904052734375 452.0373840332031 -431.24981689453125
v 1166.2479248046875 561.06689453125 -440.6436767578125
v -431.24993896484375 384.9153137207031 -358.1872253417969
v -323.4375 342.9000244140625 -269.234375
v -310.49993896484375 195.1486358642578 -298.6002502441406
v -574.9998779296875 435.25689697265625 -411.20257568359375
v -431.24993896484375 384.9153137207031 -358.1872253417969
v -431.24993896484375 270.1636047363281 -392.8135986328125
v -431.24993896484375 384.9153137207031 -358.1872253417969
v -574.9998779296875 435.25689697265625 -411.20257568359375
v -562.7413330078125 618.3535766601562 -359.3612365722656
v -323.4375 342.9000244140625 -269.234375
v -431.24993896484375 384.9153137207031 -358.1872253417969
v -469.3467712402344 456.99359130859375 -305.8890380859375
v -718.7498779296875 452.0373840332031 -353.1544494628906
v -574.9998779296875 435.25689697265625 -411.20257568359375
v -574.9998779296875 320.2170104980469 -444.8456726074219
v -862.4998779296875 452.0373840332031 -335.4826354980469
v -718.7498779296875 452.0373840332031 -353.1544494628906
v -718.7498779296875 336.9013977050781 -462.1896667480469
v -718.7498779296875 452.0373840332031 -353.1544494628906
v -862.4998779296875 452.0373840332031 -335.4826354980469
v -862.4998779296875 645.515869140625 -382.5714416503906
v -574.9998779296875 435.25689697265625 -411.20257568359375
v -718.7498779296875 452.0373840332031 -353.1544494628906
v -718.7498779296875 645.5159301757812 -396.15301513671875
v -1006.2498779296875 452.0373840332031 -358.1872863769531
v -862.4998779296875 452.0373840332031 -335.4826354980469
v -862.4998779296875 336.9014587402344 -444.8456726074219
v -1111.270751953125 452.0373840332031 -269.23443603515625
v -1006.2498779296875 452.0373840332031 -358.1872863769531
v -1006.2498779296875 336.9013977050781 -392.813720703125
v -1006.2498779296875 452.0373840332031 -358.1872863769531
v -1111.270751953125 452.0373840332031 -269.23443603515625
v -1106.4361572265625 645.515869140625 -265.144287109375
v -862.4998779296875 452.0373840332031 -335.4826354980469
v -1006.2498779296875 452.0373840332031 -358.1872863769531
v -1006.2498779296875 645.5159301757812 -341.82659912109375
v -1138.833251953125 452.0373840332031 -143.75018310546875
v -1111.270751953125 452.0373840332031 -269.23443603515625
v -1129.523193359375 299.2032470703125 -298.60040283203125
v -1130.458251953125 452.0373840332031 -0.00019045361841563135
v -1138.833251953125 452.0373840332031 -143.75018310546875
v -1165.77001953125 299.58612060546875 -143.75018310546875
v -1138.833251953125 452.0373840332031 -143.75018310546875
v -1130.458251953125 452.0373840332031 -0.00019045361841563135
v -1096.6153564453125 645.515869140625 -0.00020238380238879472
v -1111.270751953125 452.0373840332031 -269.23443603515625
v -1138.833251953125 452.0373840332031 -143.75018310546875
v -1119.49462890625 645.5159301757812 -143.75018310546875
v -1127.66650390625 452.0373840332031 143.74981689453125
v -1130.458251953125 452.0373840332031 -0.00019045361841563135
v -1177.5975341796875 299.58612060546875 -0.0001861392374848947
v -1130.458251953125 452.0373840332031 287.4997863769531
v -1127.66650390625 452.0373840332031 143.74981689453125
v -1181.5400390625 299.58612060546875 143.7498016357422
v -1127.66650390625 452.0373840332031 143.74981689453125
v -1130.458251953125 452.0373840332031 287.4997863769531
v -1096.6153564453125 642.4793701171875 287.4997863769531
v -1130.458251953125 452.0373840332031 -0.00019045361841563135
v -1127.66650390625 452.0373840332031 143.74981689453125
v -1088.989013671875 645.5159301757812 143.74978637695312
v -1138.8333740234375 452.0373840332031 431.24981689453125
v -1130.458251953125 452.0373840332031 287.4997863769531
v -1177.5975341796875 299.58612060546875 287.4997863769531
v -1111.270751953125 452.0373840332031 539.0623168945312
v -1138.8333740234375 452.0373840332031 431.24981689453125
v -1165.7701416015625 299.58612060546875 431.24981689453125
v -1138.8333740234375 452.0373840332031 431.24981689453125
v -1111.270751953125 452.0373840332031 539.0623168945312
v -1106.436279296875 624.2601928710938 539.062255859375
v -1130.458251953125 452.0373840332031 287.4997863769531
v -1138.8333740234375 452.0373840332031 431.24981689453125
v -1119.4947509765625 633.3697509765625 431.249755859375
v -1006.25 452.03741455078125 574.9998779296875
v -1111.270751953125 452.0373840332031 539.0623168945312
v -1129.5233154296875 299.20330810546875 574.9998168945312
v -898.4376220703125 452.03741455078125 610.9373779296875
v -1006.25 452.03741455078125 574.9998779296875
v -1006.2501220703125 336.9014587402344 610.9373779296875
v -1006.25 452.03741455078125 574.9998779296875
v -898.4376220703125 452.03741455078125 610.9373779296875
v -861.081298828125 613.8666381835938 515.0887451171875
v -1111.270751953125 452.0373840332031 539.0623168945312
v -1006.25 452.03741455078125 574.9998779296875
v -1006.25 621.2236328125 515.0886840820312
v -862.5001220703125 452.03741455078125 718.7498779296875
v -898.4376220703125 452.03741455078125 610.9373779296875
v -926.388916015625 366.7515563964844 638.8887939453125
v -826.5626220703125 452.03741455078125 826.5623779296875
v -862.5001220703125 452.03741455078125 718.7498779296875
v -898.4376220703125 336.9014587402344 718.7498779296875
v -862.5001220703125 452.03741455078125 718.7498779296875
v -826.5626220703125 452.03741455078125 826.5623779296875
v -798.611328125 537.3233032226562 798.6110229492188
v -898.4376220703125 452.03741455078125 610.9373779296875
v -862.5001220703125 452.03741455078125 718.7498779296875
v -826.5626220703125 567.1734008789062 718.7498168945312
v -718.7501220703125 452.03741455078125 862.4998779296875
v -826.5626220703125 452.03741455078125 826.5623779296875
v -862.5001220703125 299.2033386230469 840.859130859375
v -610.9376220703125 452.03741455078125 826.5623779296875
v -718.7501220703125 452.03741455078125 862.4998779296875
v -718.7501220703125 299.5861511230469 870.9952392578125
v -718.7501220703125 452.03741455078125 862.4998779296875
v -610.9376220703125 452.03741455078125 826.5623779296875
v -638.8890380859375 537.3233032226562 798.611083984375
v -826.5626220703125 452.03741455078125 826.5623779296875
v -718.7501220703125 452.03741455078125 862.4998779296875
v -718.7501220703125 567.1734008789062 826.5623779296875
v -575.0001220703125 452.03741455078125 718.7498779296875
v -610.9376220703125 452.03741455078125 826.5623779296875
v -575.0001220703125 299.2033386230469 849.0146484375
v -539.0626220703125 445.88714599609375 610.9373779296875
v -575.0001220703125 452.03741455078125 718.7498779296875
v -539.0626220703125 336.9014587402344 718.7498779296875
v -575.0001220703125 452.03741455078125 718.7498779296875
v -539.0626220703125 445.88714599609375 610.9373779296875
v -562.7413940429688 574.1013793945312 574.9998779296875
v -610.9376220703125 452.03741455078125 826.5623779296875
v -575.0001220703125 452.03741455078125 718.7498779296875
v -610.9376220703125 567.1734008789062 718.7498168945312
v -431.2500915527344 427.4362487792969 574.9998779296875
v -539.0626220703125 445.88714599609375 610.9373779296875
v -511.1111755371094 364.0180969238281 638.8888549804688
v -323.4375915527344 408.9853210449219 539.0623779296875
v -431.2500915527344 427.4362487792969 574.9998779296875
v -431.2500915527344 330.7511901855469 610.9373779296875
v -431.2500915527344 427.4362487792969 574.9998779296875
v -323.4375915527344 408.9853210449219 539.0623779296875
v -345.7137145996094 479.9205322265625 511.11102294921875
v -539.0626220703125 445.88714599609375 610.9373779296875
v -431.2500915527344 427.4362487792969 574.9998779296875
v -418.4806823730469 524.1212768554688 539.0623779296875
v -287.50006103515625 402.83502197265625 431.24993896484375
v -323.4375915527344 408.9853210449219 539.0623779296875
v -287.5001220703125 294.2118225097656 581.968994140625
v -310.6681213378906 408.9853210449219 323.4374084472656
v -287.50006103515625 402.83502197265625 431.24993896484375
v -251.5625457763672 324.600830078125 431.24993896484375
v -287.50006103515625 402.83502197265625 431.24993896484375
v -310.6681213378906 408.9853210449219 323.4374084472656
v -317.3372497558594 479.9205322265625 351.3887939453125
v -323.4375915527344 408.9853210449219 539.0623779296875
v -287.50006103515625 402.83502197265625 431.24993896484375
v -310.6681213378906 493.3697204589844 431.24993896484375
v -380.1724548339844 427.43621826171875 287.4999084472656
v -310.6681213378906 408.9853210449219 323.4374084472656
v -285.4569396972656 292.3149719238281 299.8499450683594
v -449.6767883300781 445.8870849609375 251.56240844726562
v -380.1724548339844 427.43621826171875 287.4999084472656
v -418.4806213378906 293.4358215332031 277.9909973144531
v -380.1724548339844 427.43621826171875 287.4999084472656
v -449.6767883300781 445.8870849609375 251.56240844726562
v -421.76727294921875 608.9331665039062 287.4999084472656
v -310.6681213378906 408.9853210449219 323.4374084472656
v -380.1724548339844 427.43621826171875 287.4999084472656
v -354.63372802734375 524.1212768554688 323.4374084472656
v -472.8448791503906 452.0373840332031 143.74989318847656
v -449.6767883300781 445.8870849609375 251.56240844726562
v -516.7161254882812 298.04852294921875 249.18515014648438
v -449.6767578125 443.5830993652344 35.93741226196289
v -472.8448791503906 452.0373840332031 143.74989318847656
v -549.461181640625 299.58612060546875 143.74990844726562
v -472.8448791503906 452.0373840332031 143.74989318847656
v -449.6767578125 443.5830993652344 35.93741226196289
v -406.939697265625 607.8404541015625 -7.0377936363220215
v -449.6767883300781 445.8870849609375 251.56240844726562
v -472.8448791503906 452.0373840332031 143.74989318847656
v -421.76727294921875 620.837890625 143.74989318847656
v -380.17242431640625 418.2201843261719 -0.00007759277650620788
v -449.6767578125 443.5830993652344 35.93741226196289
v -516.716064453125 297.4725341796875 35.93741226196289
v -310.6681213378906 384.5310974121094 -35.93756103515625
v -380.17242431640625 418.2201843261719 -0.00007759277650620788
v -418.4805908203125 291.1318054199219 -0.00007400723552564159
v -380.17242431640625 418.2201843261719 -0.00007759277650620788
v -310.6681213378906 384.5310974121094 -35.93756103515625
v -317.3371887207031 454.7159118652344 -67.14714813232422
v -449.6767578125 443.5830993652344 35.93741226196289
v -380.17242431640625 418.2201843261719 -0.00007759277650620788
v -354.63360595703125 507.99322509765625 -43.26850891113281
v -287.5 351.09814453125 -143.75006103515625
v -310.6681213378906 384.5310974121094 -35.93756103515625
v -320.2451477050781 272.3017578125 -35.93756103515625
v -323.4375 342.9000244140625 -269.234375
v -287.5 351.09814453125 -143.75006103515625
v -287.49993896484375 232.72018432617188 -143.75006103515625
v -287.5 351.09814453125 -143.75006103515625
v -323.4375 342.9000244140625 -269.234375
v -345.713623046875 436.21319580078125 -247.7562713623047
v -310.6681213378906 384.5310974121094 -35.93756103515625
v -287.5 351.09814453125 -143.75006103515625
v -310.6681213378906 457.3955078125 -151.0810089111328
v 1041.040283203125 918.9222412109375 -325.0752868652344
v 1174.9453125 918.9222412109375 -260.9562072753906
v 1225.80419921875 630.15185546875 -296.5179138183594
v 871.1976928710938 918.9222412109375 -353.2568664550781
v 1041.040283203125 918.9222412109375 -325.0752868652344
v 1058.435302734375 677.7880859375 -379.80047607421875
v 1041.040283203125 918.9222412109375 -325.0752868652344
v 871.1976928710938 918.9222412109375 -353.2568664550781
v 864.6743774414062 1153.9498291015625 -268.00164794921875
v 1174.9453125 918.9222412109375 -260.9562072753906
v 1041.040283203125 918.9222412109375 -325.0752868652344
v 1014.9476318359375 1153.9498291015625 -260.95623779296875
v 718.7501220703125 918.9222412109375 -362.6507263183594
v 871.1976928710938 918.9222412109375 -353.2568664550781
v 875.54638671875 673.2080688476562 -422.0728454589844
v 610.9375610351562 918.9222412109375 -317.3194274902344
v 718.7501220703125 918.9222412109375 -362.6507263183594
v 718.7500610351562 671.6815185546875 -436.1636657714844
v 718.7501220703125 918.9222412109375 -362.6507263183594
v 610.9375610351562 918.9222412109375 -317.3194274902344
v 638.8890380859375 1093.0167236328125 -252.83639526367188
v 871.1976928710938 918.9222412109375 -353.2568664550781
v 718.7501220703125 918.9222412109375 -362.6507263183594
v 718.7500610351562 1153.9498291015625 -270.35015869140625
v 575 918.9222412109375 -181.32534790039062
v 610.9375610351562 918.9222412109375 -317.3194274902344
v 575.0001831054688 618.5642700195312 -400.2261657714844
v 575 903.7844848632812 -9.393804550170898
v 575 918.9222412109375 -181.32534790039062
v 539.0625 683.89453125 -200.11305236816406
v 575 918.9222412109375 -181.32534790039062
v 575 903.7844848632812 -9.393804550170898
v 610.9375 1026.8125 -2.3484156131744385
v 610.9375610351562 918.9222412109375 -317.3194274902344
v 575 918.9222412109375 -181.32534790039062
v 610.9375 1153.9498291015625 -153.14381408691406
v 575 858.371337890625 143.7500457763672
v 575 903.7844848632812 -9.393804550170898
v 539.0625 680.1100463867188 -14.090726852416992
v 610.9373779296875 812.9581298828125 251.5625762939453
v 575 858.371337890625 143.7500457763672
v 539.0625 668.7568359375 143.7500457763672
v 575 858.371337890625 143.7500457763672
v 610.9373779296875 812.9581298828125 251.5625762939453
v 638.8888549804688 951.7313842773438 223.6111602783203
v 575 903.7844848632812 -9.393804550170898
v 575 858.371337890625 143.7500457763672
v 610.9375 1047.98583984375 143.75003051757812
v 718.7498779296875 797.8204345703125 287.5000915527344
v 610.9373779296875 812.9581298828125 251.5625762939453
v 574.9998779296875 614.1746826171875 264.50006103515625
v 862.5 797.8204345703125 185.87628173828125
v 718.7498779296875 797.8204345703125 287.5000915527344
v 718.7498779296875 615.240478515625 287.5000915527344
v 718.7498779296875 797.8204345703125 287.5000915527344
v 862.5 797.8204345703125 185.87628173828125
v 862.4998779296875 972.2971801757812 251.56259155273438
v 610.9373779296875 812.9581298828125 251.5625762939453
v 718.7498779296875 797.8204345703125 287.5000915527344
v 718.7498779296875 972.2971801757812 251.5625457763672
v 1006.25 797.8204345703125 185.87632751464844
v 862.5 797.8204345703125 185.87628173828125
v 862.4998779296875 615.240478515625 287.5000915527344
v 1122.760009765625 812.9581298828125 251.56263732910156
v 1006.25 797.8204345703125 185.87632751464844
v 1006.2498779296875 615.240478515625 287.5001220703125
v 1006.25 797.8204345703125 185.87632751464844
v 1122.760009765625 812.9581298828125 251.56263732910156
v 1089.9766845703125 951.7313842773438 223.61123657226562
v 862.5 797.8204345703125 185.87628173828125
v 1006.25 797.8204345703125 185.87632751464844
v 1006.2498779296875 972.2971801757812 251.56259155273438
v 1184.790283203125 858.371337890625 143.75013732910156
v 1122.760009765625 812.9581298828125 251.56263732910156
v 1127.10888671875 619.02490234375 251.56263732910156
v 1210.8828125 903.7844848632812 0.00013951784058008343
v 1184.790283203125 858.371337890625 143.75013732910156
v 1202.185302734375 630.378173828125 143.75015258789062
v 1184.790283203125 858.371337890625 143.75013732910156
v 1210.8828125 903.7844848632812 0.00013951784058008343
v 1129.283203125 1127.4586181640625 0.00012504892947617918
v 1122.760009765625 812.9581298828125 251.56263732910156
v 1184.790283203125 858.371337890625 143.75013732910156
v 1122.760009765625 1047.98583984375 143.7501220703125
v 1219.5804443359375 918.9222412109375 -143.74984741210938
v 1210.8828125 903.7844848632812 0.00013951784058008343
v 1241.324462890625 641.7314453125 0.00015366176376119256
v 1174.9453125 918.9222412109375 -260.9562072753906
v 1219.5804443359375 918.9222412109375 -143.74984741210938
v 1254.37060546875 645.5159301757812 -143.7498321533203
v 1219.5804443359375 918.9222412109375 -143.74984741210938
v 1174.9453125 918.9222412109375 -260.9562072753906
v 1113.170166015625 1093.0167236328125 -227.78607177734375
v 1210.8828125 903.7844848632812 0.00013951784058008343
v 1219.5804443359375 918.9222412109375 -143.74984741210938
v 1131.4576416015625 1153.9498291015625 -143.7498779296875
v -523.9224243164062 869.566162109375 -173.07383728027344
v -485.6142578125 832.549072265625 -7.3310465812683105
v -406.939697265625 607.8404541015625 -7.0377936363220215
v -598.1680297851562 906.5831909179688 -302.8791809082031
v -523.9224243164062 869.566162109375 -173.07383728027344
v -462.44610595703125 654.64697265625 -187.73568725585938
v -523.9224243164062 869.566162109375 -173.07383728027344
v -598.1680297851562 906.5831909179688 -302.8791809082031
v -607.7450561523438 1182.9163818359375 -264.3917541503906
v -485.6142578125 832.549072265625 -7.3310465812683105
v -523.9224243164062 869.566162109375 -173.07383728027344
v -640.7762451171875 1120.1510009765625 -151.08106994628906
v -718.7498779296875 918.9222412109375 -269.8045959472656
v -598.1680297851562 906.5831909179688 -302.8791809082031
v -562.7413330078125 618.3535766601562 -359.3612365722656
v -862.4998779296875 918.9222412109375 -262.47369384765625
v -718.7498779296875 918.9222412109375 -269.8045959472656
v -718.7498779296875 645.5159301757812 -396.15301513671875
v -718.7498779296875 918.9222412109375 -269.8045959472656
v -862.4998779296875 918.9222412109375 -262.47369384765625
v -862.4998779296875 1203.8380126953125 -300.3293151855469
v -598.1680297851562 906.5831909179688 -302.8791809082031
v -718.7498779296875 918.9222412109375 -269.8045959472656
v -718.7498779296875 1203.8380126953125 -302.1620178222656
v -1006.2498779296875 918.9222412109375 -316.8239440917969
v -862.4998779296875 918.9222412109375 -262.47369384765625
v -862.4998779296875 645.515869140625 -382.5714416503906
v -1112.3648681640625 918.9222412109375 -258.8936462402344
v -1006.2498779296875 918.9222412109375 -316.8239440917969
v -1006.2498779296875 645.5159301757812 -341.82659912109375
v -1006.2498779296875 918.9222412109375 -316.8239440917969
v -1112.3648681640625 918.9222412109375 -258.8936462402344
v -1119.64599609375 1203.8380126953125 -253.3954315185547
v -862.4998779296875 918.9222412109375 -262.47369384765625
v -1006.2498779296875 918.9222412109375 -316.8239440917969
v -1006.2498779296875 1203.8380126953125 -294.8311462402344
v -1143.20947265625 918.9222412109375 -143.7501983642578
v -1112.3648681640625 918.9222412109375 -258.8936462402344
v -1106.4361572265625 645.515869140625 -265.144287109375
v -1138.1165771484375 918.9222412109375 -0.00021583288616966456
v -1143.20947265625 918.9222412109375 -143.7501983642578
v -1119.49462890625 645.5159301757812 -143.75018310546875
v -1143.20947265625 918.9222412109375 -143.7501983642578
v -1138.1165771484375 918.9222412109375 -0.00021583288616966456
v -1189.0850830078125 1203.8380126953125 -0.00022835358686279505
v -1112.3648681640625 918.9222412109375 -258.8936462402344
v -1143.20947265625 918.9222412109375 -143.7501983642578
v -1172.334228515625 1203.8380126953125 -143.75022888183594
v -1136.4189453125 918.9222412109375 143.74977111816406
v -1138.1165771484375 918.9222412109375 -0.00021583288616966456
v -1096.6153564453125 645.515869140625 -0.00020238380238879472
v -1138.1165771484375 906.7760620117188 287.499755859375
v -1136.4189453125 918.9222412109375 143.74977111816406
v -1088.989013671875 645.5159301757812 143.74978637695312
v -1136.4189453125 918.9222412109375 143.74977111816406
v -1138.1165771484375 906.7760620117188 287.499755859375
v -1174.316162109375 1200.4779052734375 287.499755859375
v -1138.1165771484375 918.9222412109375 -0.00021583288616966456
v -1136.4189453125 918.9222412109375 143.74977111816406
v -1194.668701171875 1203.8380126953125 143.749755859375
v -1143.2095947265625 870.3375854492188 431.249755859375
v -1138.1165771484375 906.7760620117188 287.499755859375
v -1096.6153564453125 642.4793701171875 287.4997863769531
v -1112.364990234375 833.8992309570312 539.062255859375
v -1143.2095947265625 870.3375854492188 431.249755859375
v -1119.4947509765625 633.3697509765625 431.249755859375
v -1143.2095947265625 870.3375854492188 431.249755859375
v -1112.364990234375 833.8992309570312 539.062255859375
v -1096.03759765625 979.6527709960938 511.1108703613281
v -1138.1165771484375 906.7760620117188 287.499755859375
v -1143.2095947265625 870.3375854492188 431.249755859375
v -1136.39697265625 1068.9267578125 431.249755859375
v -1006.25 821.7530517578125 574.9998168945312
v -1112.364990234375 833.8992309570312 539.062255859375
v -1106.436279296875 624.2601928710938 539.062255859375
v -898.4375 833.8992309570312 539.0623168945312
v -1006.25 821.7530517578125 574.9998168945312
v -1006.25 621.2236328125 515.0886840820312
v -1006.25 821.7530517578125 574.9998168945312
v -898.4375 833.8992309570312 539.0623168945312
v -928.5250854492188 979.6527709960938 511.1108703613281
v -1112.364990234375 833.8992309570312 539.062255859375
v -1006.25 821.7530517578125 574.9998168945312
v -1011.056396484375 1008.1961669921875 539.062255859375
v -862.5 870.3375854492188 431.24981689453125
v -898.4375 833.8992309570312 539.0623168945312
v -861.081298828125 613.8666381835938 515.0887451171875
v -813.7930908203125 894.43701171875 323.4373474121094
v -862.5 870.3375854492188 431.24981689453125
v -813.7930908203125 671.7484130859375 431.24981689453125
v -862.5 870.3375854492188 431.24981689453125
v -813.7930908203125 894.43701171875 323.4373474121094
v -864.2854614257812 1078.5870361328125 287.4998474121094
v -898.4375 833.8992309570312 539.0623168945312
v -862.5 870.3375854492188 431.24981689453125
v -903.243896484375 1068.9267578125 431.24981689453125
v -667.6724853515625 869.566162109375 287.4998474121094
v -813.7930908203125 894.43701171875 323.4373474121094
v -764.5595092773438 733.9452514648438 351.38873291015625
v -521.5518188476562 832.549072265625 251.5623779296875
v -667.6724853515625 869.566162109375 287.4998474121094
v -642.1337280273438 671.5555419921875 323.4373779296875
v -667.6724853515625 869.566162109375 287.4998474121094
v -521.5518188476562 832.549072265625 251.5623779296875
v -599.1620483398438 923.587158203125 223.61097717285156
v -813.7930908203125 894.43701171875 323.4373474121094
v -667.6724853515625 869.566162109375 287.4998474121094
v -705.9806518554688 946.6343994140625 251.5623321533203
v -472.8448791503906 820.2100830078125 143.74986267089844
v -521.5518188476562 832.549072265625 251.5623779296875
v -421.76727294921875 608.9331665039062 287.4999084472656
v -485.6142578125 832.549072265625 -7.3310465812683105
v -472.8448791503906 820.2100830078125 143.74986267089844
v -421.76727294921875 620.837890625 143.74989318847656
v -472.8448791503906 820.2100830078125 143.74986267089844
v -485.6142578125 832.549072265625 -7.3310465812683105
v -662.2439575195312 1063.09912109375 -1.1730743646621704
v -521.5518188476562 832.549072265625 251.5623779296875
v -472.8448791503906 820.2100830078125 143.74986267089844
v -585.398681640625 951.6162109375 143.74986267089844
v -718.75 1305.264892578125 -0.0001589074672665447
v -826.5625 1351.9349365234375 35.937313079833984
v -798.6111450195312 1252.5628662109375 118.14208984375
v -610.9375 1290.239990234375 -35.93764114379883
v -718.75 1305.264892578125 -0.0001589074672665447
v -718.75 1176.50146484375 90.19072723388672
v -718.75 1305.264892578125 -0.0001589074672665447
v -610.9375 1290.239990234375 -35.93764114379883
v -638.8888549804688 1419.7088623046875 -63.8890380859375
v -826.5625 1351.9349365234375 35.937313079833984
v -718.75 1305.264892578125 -0.0001589074672665447
v -718.75 1453.33447265625 -35.93766403198242
v -575 1343.8770751953125 -143.75013732910156
v -610.9375 1290.239990234375 -35.93764114379883
v -662.2439575195312 1063.09912109375 -1.1730743646621704
v -610.9373779296875 1409.85302734375 -251.5626678466797
v -575 1343.8770751953125 -143.75013732910156
v -640.7762451171875 1120.1510009765625 -151.08106994628906
v -575 1343.8770751953125 -143.75013732910156
v -610.9373779296875 1409.85302734375 -251.5626678466797
v -638.8888549804688 1507.1923828125 -223.6112823486328
v -610.9375 1290.239990234375 -35.93764114379883
v -575 1343.8770751953125 -143.75013732910156
v -610.9375 1501.599609375 -143.75015258789062
v -718.7498779296875 1431.84521484375 -287.50018310546875
v -610.9373779296875 1409.85302734375 -251.5626678466797
v -607.7450561523438 1182.9163818359375 -264.3917541503906
v -862.4998779296875 1431.84521484375 -287.50018310546875
v -718.7498779296875 1431.84521484375 -287.50018310546875
v -718.7498779296875 1203.8380126953125 -302.1620178222656
v -718.7498779296875 1431.84521484375 -287.50018310546875
v -862.4998779296875 1431.84521484375 -287.50018310546875
v -862.4998779296875 1564.6170654296875 -251.56271362304688
v -610.9373779296875 1409.85302734375 -251.5626678466797
v -718.7498779296875 1431.84521484375 -287.50018310546875
v -718.7498779296875 1562.2037353515625 -251.5626678466797
v -1006.2498779296875 1431.84521484375 -287.5002136230469
v -862.4998779296875 1431.84521484375 -287.50018310546875
v -862.4998779296875 1203.8380126953125 -300.3293151855469
v -1118.8687744140625 1431.84521484375 -251.562744140625
v -1006.2498779296875 1431.84521484375 -287.5002136230469
v -1006.2498779296875 1203.8380126953125 -294.8311462402344
v -1006.2498779296875 1431.84521484375 -287.5002136230469
v -1118.8687744140625 1431.84521484375 -251.562744140625
v -1088.247314453125 1538.41748046875 -223.61135864257812
v -862.4998779296875 1431.84521484375 -287.50018310546875
v -1006.2498779296875 1431.84521484375 -287.5002136230469
v -1006.2498779296875 1571.85693359375 -251.56271362304688
v -1169.2255859375 1431.84521484375 -143.750244140625
v -1118.8687744140625 1431.84521484375 -251.562744140625
v -1119.64599609375 1203.8380126953125 -253.3954315185547
v -1231.0902099609375 1431.84521484375 -0.00024084802134893835
v -1169.2255859375 1431.84521484375 -143.750244140625
v -1172.334228515625 1203.8380126953125 -143.75022888183594
v -1169.2255859375 1431.84521484375 -143.750244140625
v -1231.0902099609375 1431.84521484375 -0.00024084802134893835
v -1122.4737548828125 1567.0302734375 -0.000237032218137756
v -1118.8687744140625 1431.84521484375 -251.562744140625
v -1169.2255859375 1431.84521484375 -143.750244140625
v -1118.8687744140625 1571.85693359375 -143.750244140625
v -1235.896728515625 1431.84521484375 143.749755859375
v -1231.0902099609375 1431.84521484375 -0.00024084802134893835
v -1189.0850830078125 1203.8380126953125 -0.00022835358686279505
v -1147.707275390625 1431.84521484375 251.562255859375
v -1235.896728515625 1431.84521484375 143.749755859375
v -1194.668701171875 1203.8380126953125 143.749755859375
v -1235.896728515625 1431.84521484375 143.749755859375
v -1147.707275390625 1431.84521484375 251.562255859375
v -1101.0643310546875 1538.41748046875 223.61087036132812
v -1231.0902099609375 1431.84521484375 -0.00024084802134893835
v -1235.896728515625 1431.84521484375 143.749755859375
v -1123.67529296875 1571.85693359375 143.749755859375
v -1025.4755859375 1431.84521484375 287.499755859375
v -1147.707275390625 1431.84521484375 251.562255859375
v -1174.316162109375 1200.4779052734375 287.499755859375
v -903.243896484375 1422.192138671875 251.56228637695312
v -1025.4755859375 1431.84521484375 287.499755859375
v -1035.08837890625 1257.8883056640625 323.4372863769531
v -1025.4755859375 1431.84521484375 287.499755859375
v -903.243896484375 1422.192138671875 251.56228637695312
v -928.5250854492188 1516.966552734375 223.61093139648438
v -1147.707275390625 1431.84521484375 251.562255859375
v -1025.4755859375 1431.84521484375 287.499755859375
v -1011.056396484375 1571.85693359375 251.562255859375
v -862.5 1393.233154296875 143.7498016357422
v -903.243896484375 1422.192138671875 251.56228637695312
v -864.2854614257812 1078.5870361328125 287.4998474121094
v -826.5625 1351.9349365234375 35.937313079833984
v -862.5 1393.233154296875 143.7498016357422
v -826.5625 1247.849609375 143.74981689453125
v -862.5 1393.233154296875 143.7498016357422
v -826.5625 1351.9349365234375 35.937313079833984
v -862.5 1487.8367919921875 -0.0001928851124830544
v -903.243896484375 1422.192138671875 251.56228637695312
v -862.5 1393.233154296875 143.7498016357422
v -898.4375 1523.591796875 143.74978637695312
vt 0.03116942010819912 0.03286278247833252
vt 0.031206252053380013 0.032162368297576904
vt 0.03170863538980484 0.03228682279586792
vt 0.031206252053380013 0.032162368297576904
vt 0.031341955065727234 0.03164702653884888
vt 0.031749218702316284 0.031605660915374756
vt 0.03220086544752121 0.03166729211807251
vt 0.032270193099975586 0.03218686580657959
vt 0.03170863538980484 0.03228682279586792
vt 0.032270193099975586 0.03218686580657959
vt 0.03226490318775177 0.032890141010284424
vt 0.03169526159763336 0.032883644104003906
vt 0.024414625018835068 0.01863187551498413
vt 0.024447301402688026 0.017977237701416016
vt 0.024880466982722282 0.017969250679016113
vt 0.024447301402688026 0.017977237701416016
vt 0.024338819086551666 0.017275452613830566
vt 0.024868661537766457 0.017317116260528564
vt 0.025338949635624886 0.017308831214904785
vt 0.025354186072945595 0.017962098121643066
vt 0.024880466982722282 0.017969250679016113
vt 0.025354186072945595 0.017962098121643066
vt 0.02541213668882847 0.018612384796142578
vt 0.024898769333958626 0.018618404865264893
vt 0.02541213668882847 0.018612384796142578
vt 0.025354186072945595 0.017962098121643066
vt 0.02595817856490612 0.017964661121368408
vt 0.025354186072945595 0.017962098121643066
vt 0.025338949635624886 0.017308831214904785
vt 0.025927046313881874 0.017294704914093018
vt 0.026573428884148598 0.017267465591430664
vt 0.026603205129504204 0.017977893352508545
vt 0.02595817856490612 0.017964661121368408
vt 0.026603205129504204 0.017977893352508545
vt 0.026634162291884422 0.018603622913360596
vt 0.02601766772568226 0.018606126308441162
vt 0.026634162291884422 0.018603622913360596
vt 0.026603205129504204 0.017977893352508545
vt 0.027230260893702507 0.017985403537750244
vt 0.026603205129504204 0.017977893352508545
vt 0.026573428884148598 0.017267465591430664
vt 0.027226032689213753 0.01724940538406372
vt 0.027877936139702797 0.017260491847991943
vt 0.027856798842549324 0.01797264814376831
vt 0.027230260893702507 0.017985403537750244
vt 0.027856798842549324 0.01797264814376831
vt 0.02786830998957157 0.018600523471832275
vt 0.027241850271821022 0.018608510494232178
vt 0.02786830998957157 0.018600523471832275
vt 0.027856798842549324 0.01797264814376831
vt 0.028506221249699593 0.01794719696044922
vt 0.027856798842549324 0.01797264814376831
vt 0.027877936139702797 0.017260491847991943
vt 0.02852410264313221 0.01727694272994995
vt 0.029170753434300423 0.017282485961914062
vt 0.02916777692735195 0.017896175384521484
vt 0.028506221249699593 0.01794719696044922
vt 0.02916777692735195 0.017896175384521484
vt 0.029171070083975792 0.018527567386627197
vt 0.028499441221356392 0.018593251705169678
vt 0.029171070083975792 0.018527567386627197
vt 0.02916777692735195 0.017896175384521484
vt 0.029822038486599922 0.017780661582946777
vt 0.02916777692735195 0.017896175384521484
vt 0.029170753434300423 0.017282485961914062
vt 0.029818998649716377 0.01728123426437378
vt 0.03046744503080845 0.017275452613830566
vt 0.030470890924334526 0.017660140991210938
vt 0.029822038486599922 0.017780661582946777
vt 0.030470890924334526 0.017660140991210938
vt 0.030479328706860542 0.01815485954284668
vt 0.029822899028658867 0.01835530996322632
vt 0.03275454044342041 0.030793309211730957
vt 0.03276946395635605 0.030302762985229492
vt 0.03341251611709595 0.030274569988250732
vt 0.03276946395635605 0.030302762985229492
vt 0.03277438133955002 0.0299224853515625
vt 0.03341580927371979 0.029930293560028076
vt 0.03405802696943283 0.02993452548980713
vt 0.03405703604221344 0.030316293239593506
vt 0.03341251611709595 0.030274569988250732
vt 0.03405703604221344 0.030316293239593506
vt 0.03405845910310745 0.03080826997756958
vt 0.03340841084718704 0.03064626455307007
vt 0.03405845910310745 0.03080826997756958
vt 0.03405703604221344 0.030316293239593506
vt 0.03470269590616226 0.030426442623138428
vt 0.03405703604221344 0.030316293239593506
vt 0.03405802696943283 0.02993452548980713
vt 0.034699708223342896 0.029933154582977295
vt 0.03534058481454849 0.02992701530456543
vt 0.03534787893295288 0.030567467212677002
vt 0.03470269590616226 0.030426442623138428
vt 0.03534787893295288 0.030567467212677002
vt 0.0353580117225647 0.03120952844619751
vt 0.03471189737319946 0.030995190143585205
vt 0.031071411445736885 0.034265875816345215
vt 0.031134413555264473 0.033570289611816406
vt 0.031676284968853 0.0335158109664917
vt 0.031134413555264473 0.033570289611816406
vt 0.03116942010819912 0.03286278247833252
vt 0.03169526159763336 0.032883644104003906
vt 0.03226490318775177 0.032890141010284424
vt 0.03224228322505951 0.03359776735305786
vt 0.031676284968853 0.0335158109664917
vt 0.03224228322505951 0.03359776735305786
vt 0.03236985206604004 0.0342026948928833
vt 0.031662531197071075 0.0340496301651001
vt 0.024434322491288185 0.01967412233352661
vt 0.024358628317713737 0.019292235374450684
vt 0.02493465133011341 0.019252002239227295
vt 0.024358628317713737 0.019292235374450684
vt 0.024414625018835068 0.01863187551498413
vt 0.024898769333958626 0.018618404865264893
vt 0.02541213668882847 0.018612384796142578
vt 0.02555755339562893 0.01926136016845703
vt 0.02493465133011341 0.019252002239227295
vt 0.02555755339562893 0.01926136016845703
vt 0.025754811242222786 0.01990896463394165
vt 0.02491389401257038 0.019759535789489746
vt 0.025754811242222786 0.01990896463394165
vt 0.02555755339562893 0.01926136016845703
vt 0.026114044710993767 0.019257664680480957
vt 0.02555755339562893 0.01926136016845703
vt 0.02541213668882847 0.018612384796142578
vt 0.02601766772568226 0.018606126308441162
vt 0.026634162291884422 0.018603622913360596
vt 0.026658935472369194 0.019231557846069336
vt 0.026114044710993767 0.019257664680480957
vt 0.026658935472369194 0.019231557846069336
vt 0.02673581801354885 0.01991325616836548
vt 0.0262692142277956 0.01991814374923706
vt 0.02673581801354885 0.01991325616836548
vt 0.026658935472369194 0.019231557846069336
vt 0.02724556066095829 0.01922661066055298
vt 0.026658935472369194 0.019231557846069336
vt 0.026634162291884422 0.018603622913360596
vt 0.027241850271821022 0.018608510494232178
vt 0.02786830998957157 0.018600523471832275
vt 0.027870552614331245 0.019227266311645508
vt 0.02724556066095829 0.01922661066055298
vt 0.027870552614331245 0.019227266311645508
vt 0.027902113273739815 0.019904017448425293
vt 0.027290688827633858 0.01991105079650879
vt 0.027902113273739815 0.019904017448425293
vt 0.027870552614331245 0.019227266311645508
vt 0.028520697727799416 0.019237995147705078
vt 0.027870552614331245 0.019227266311645508
vt 0.02786830998957157 0.018600523471832275
vt 0.028499441221356392 0.018593251705169678
vt 0.029171070083975792 0.018527567386627197
vt 0.029180796816945076 0.019194483757019043
vt 0.028520697727799416 0.019237995147705078
vt 0.029180796816945076 0.019194483757019043
vt 0.02918296493589878 0.019872188568115234
vt 0.028536414727568626 0.019897282123565674
vt 0.02918296493589878 0.019872188568115234
vt 0.029180796816945076 0.019194483757019043
vt 0.02981947921216488 0.01907104253768921
vt 0.029180796816945076 0.019194483757019043
vt 0.029171070083975792 0.018527567386627197
vt 0.029822899028658867 0.01835530996322632
vt 0.030479328706860542 0.01815485954284668
vt 0.030329639092087746 0.019006967544555664
vt 0.02981947921216488 0.01907104253768921
vt 0.030329639092087746 0.019006967544555664
vt 0.03023614175617695 0.01951420307159424
vt 0.029832223430275917 0.019677698612213135
vt 0.03519979119300842 0.01642554998397827
vt 0.03539828956127167 0.015791118144989014
vt 0.03591982275247574 0.01586812734603882
vt 0.03539828956127167 0.015791118144989014
vt 0.035514310002326965 0.015318214893341064
vt 0.03591247648000717 0.015269219875335693
vt 0.03631161153316498 0.015308558940887451
vt 0.036438949406147 0.015778422355651855
vt 0.03591982275247574 0.01586812734603882
vt 0.036438949406147 0.015778422355651855
vt 0.036634087562561035 0.01641547679901123
vt 0.035927221179008484 0.016445398330688477
vt 0.03431836515665054 0.03215479850769043
vt 0.034222252666950226 0.03164929151535034
vt 0.034728385508060455 0.03170347213745117
vt 0.034222252666950226 0.03164929151535034
vt 0.03405845910310745 0.03080826997756958
vt 0.03471189737319946 0.030995190143585205
vt 0.0353580117225647 0.03120952844619751
vt 0.03536231815814972 0.031852662563323975
vt 0.034728385508060455 0.03170347213745117
vt 0.03536231815814972 0.031852662563323975
vt 0.03537896275520325 0.03249269723892212
vt 0.03471255302429199 0.03231269121170044
vt 0.024239808320999146 0.024510979652404785
vt 0.024670707061886787 0.023897945880889893
vt 0.025247665122151375 0.023936748504638672
vt 0.024670707061886787 0.023897945880889893
vt 0.02497635968029499 0.023569464683532715
vt 0.025403989478945732 0.023542582988739014
vt 0.026056045666337013 0.0234563946723938
vt 0.026015466079115868 0.023831963539123535
vt 0.025247665122151375 0.023936748504638672
vt 0.026015466079115868 0.023831963539123535
vt 0.025981267914175987 0.024437129497528076
vt 0.02511622942984104 0.02452993392944336
vt 0.025981267914175987 0.024437129497528076
vt 0.026015466079115868 0.023831963539123535
vt 0.026703065261244774 0.02379286289215088
vt 0.026015466079115868 0.023831963539123535
vt 0.026056045666337013 0.0234563946723938
vt 0.02669527567923069 0.023433029651641846
vt 0.027057485654950142 0.02341628074645996
vt 0.027196088805794716 0.023682057857513428
vt 0.026703065261244774 0.02379286289215088
vt 0.027196088805794716 0.023682057857513428
vt 0.027403073385357857 0.02426367998123169
vt 0.026708638295531273 0.02440851926803589
vt 0.026016706600785255 0.020962774753570557
vt 0.02595682255923748 0.020567595958709717
vt 0.02643595077097416 0.02055227756500244
vt 0.02595682255923748 0.020567595958709717
vt 0.025754811242222786 0.01990896463394165
vt 0.0262692142277956 0.01991814374923706
vt 0.02673581801354885 0.01991325616836548
vt 0.026926646009087563 0.020561277866363525
vt 0.02643595077097416 0.02055227756500244
vt 0.026926646009087563 0.020561277866363525
vt 0.02710566483438015 0.021218180656433105
vt 0.026457635685801506 0.021061956882476807
vt 0.02710566483438015 0.021218180656433105
vt 0.026926646009087563 0.020561277866363525
vt 0.0274155642837286 0.020561695098876953
vt 0.026926646009087563 0.020561277866363525
vt 0.02673581801354885 0.01991325616836548
vt 0.027290688827633858 0.01991105079650879
vt 0.027902113273739815 0.019904017448425293
vt 0.027941251173615456 0.020554006099700928
vt 0.0274155642837286 0.020561695098876953
vt 0.027941251173615456 0.020554006099700928
vt 0.027982668951153755 0.021202027797698975
vt 0.027547353878617287 0.021209120750427246
vt 0.027982668951153755 0.021202027797698975
vt 0.027941251173615456 0.020554006099700928
vt 0.028546394780278206 0.020544052124023438
vt 0.027941251173615456 0.020554006099700928
vt 0.027902113273739815 0.019904017448425293
vt 0.028536414727568626 0.019897282123565674
vt 0.02918296493589878 0.019872188568115234
vt 0.029040230438113213 0.020531177520751953
vt 0.028546394780278206 0.020544052124023438
vt 0.029040230438113213 0.020531177520751953
vt 0.02905719168484211 0.02117919921875
vt 0.02856053225696087 0.02119070291519165
vt 0.033645644783973694 0.017261624336242676
vt 0.033881865441799164 0.01669865846633911
vt 0.03444768488407135 0.016793489456176758
vt 0.033881865441799164 0.01669865846633911
vt 0.03407912701368332 0.016428709030151367
vt 0.03449799120426178 0.016436874866485596
vt 0.03519979119300842 0.01642554998397827
vt 0.03517027944326401 0.016822218894958496
vt 0.03444768488407135 0.016793489456176758
vt 0.03517027944326401 0.016822218894958496
vt 0.03517734259366989 0.017162203788757324
vt 0.03439456224441528 0.017192304134368896
vt 0.03517734259366989 0.017162203788757324
vt 0.03517027944326401 0.016822218894958496
vt 0.03593096882104874 0.016828417778015137
vt 0.03517027944326401 0.016822218894958496
vt 0.03519979119300842 0.01642554998397827
vt 0.035927221179008484 0.016445398330688477
vt 0.036634087562561035 0.01641547679901123
vt 0.03665211796760559 0.016817092895507812
vt 0.03593096882104874 0.016828417778015137
vt 0.03665211796760559 0.016817092895507812
vt 0.03666374832391739 0.017146050930023193
vt 0.0359325185418129 0.017090678215026855
vt 0.03666374832391739 0.017146050930023193
vt 0.03665211796760559 0.016817092895507812
vt 0.037335097789764404 0.016888856887817383
vt 0.03665211796760559 0.016817092895507812
vt 0.036634087562561035 0.01641547679901123
vt 0.03728727251291275 0.016506433486938477
vt 0.03768381476402283 0.01652371883392334
vt 0.03786323964595795 0.016842246055603027
vt 0.037335097789764404 0.016888856887817383
vt 0.03786323964595795 0.016842246055603027
vt 0.03814539313316345 0.01741546392440796
vt 0.03739974647760391 0.017314612865447998
vt 0.02724136970937252 0.031665682792663574
vt 0.02790932171046734 0.031715989112854004
vt 0.02799304388463497 0.03231918811798096
vt 0.02790932171046734 0.031715989112854004
vt 0.028379203751683235 0.031605660915374756
vt 0.028541607782244682 0.032131850719451904
vt 0.028678426519036293 0.03282463550567627
vt 0.02802976407110691 0.03287220001220703
vt 0.02799304388463497 0.03231918811798096
vt 0.02802976407110691 0.03287220001220703
vt 0.027163716033101082 0.03289318084716797
vt 0.027164386585354805 0.03224974870681763
vt 0.027163716033101082 0.03289318084716797
vt 0.02802976407110691 0.03287220001220703
vt 0.028042176738381386 0.03343933820724487
vt 0.02802976407110691 0.03287220001220703
vt 0.028678426519036293 0.03282463550567627
vt 0.028684647753834724 0.033516526222229004
vt 0.028665607795119286 0.034024953842163086
vt 0.028066294267773628 0.0340154767036438
vt 0.028042176738381386 0.03343933820724487
vt 0.028066294267773628 0.0340154767036438
vt 0.02710609696805477 0.03422367572784424
vt 0.027194442227482796 0.03357750177383423
vt 0.021009031683206558 0.029281914234161377
vt 0.020141854882240295 0.029298603534698486
vt 0.020239509642124176 0.028685688972473145
vt 0.020141854882240295 0.029298603534698486
vt 0.01919037289917469 0.029157280921936035
vt 0.01967269368469715 0.02857261896133423
vt 0.019943201914429665 0.028227031230926514
vt 0.020381495356559753 0.028188884258270264
vt 0.020239509642124176 0.028685688972473145
vt 0.020381495356559753 0.028188884258270264
vt 0.021027816459536552 0.02818375825881958
vt 0.021014833822846413 0.028686165809631348
vt 0.02944036014378071 0.021110475063323975
vt 0.029496928676962852 0.020479977130889893
vt 0.029857909306883812 0.020479202270507812
vt 0.029496928676962852 0.020479977130889893
vt 0.029380401596426964 0.01983058452606201
vt 0.02981664426624775 0.019836068153381348
vt 0.030245641246438026 0.019834458827972412
vt 0.030259722843766212 0.020476818084716797
vt 0.029857909306883812 0.020479202270507812
vt 0.030259722843766212 0.020476818084716797
vt 0.030254429206252098 0.02104806900024414
vt 0.029820924624800682 0.02108299732208252
vt 0.030254429206252098 0.02104806900024414
vt 0.030259722843766212 0.020476818084716797
vt 0.030822651460766792 0.020470917224884033
vt 0.030259722843766212 0.020476818084716797
vt 0.030245641246438026 0.019834458827972412
vt 0.03081558458507061 0.01982957124710083
vt 0.031306035816669464 0.019823670387268066
vt 0.031320780515670776 0.020464003086090088
vt 0.030822651460766792 0.020470917224884033
vt 0.031320780515670776 0.020464003086090088
vt 0.03148242086172104 0.021056771278381348
vt 0.03083045221865177 0.021030724048614502
vt 0.033635713160037994 0.018216192722320557
vt 0.03400356322526932 0.018251419067382812
vt 0.03412586450576782 0.018794000148773193
vt 0.03400356322526932 0.018251419067382812
vt 0.03444104641675949 0.018335044384002686
vt 0.03475143760442734 0.018834710121154785
vt 0.03488301485776901 0.019658148288726807
vt 0.03399679809808731 0.0195157527923584
vt 0.03412586450576782 0.018794000148773193
vt 0.03399679809808731 0.0195157527923584
vt 0.033157698810100555 0.019038379192352295
vt 0.033465661108493805 0.018505513668060303
vt 0.028596198186278343 0.02976471185684204
vt 0.028600947931408882 0.029237747192382812
vt 0.029121672734618187 0.02920377254486084
vt 0.028600947931408882 0.029237747192382812
vt 0.028708430007100105 0.02886795997619629
vt 0.029145168140530586 0.028734445571899414
vt 0.029783407226204872 0.028777122497558594
vt 0.029758987948298454 0.029265284538269043
vt 0.029121672734618187 0.02920377254486084
vt 0.029758987948298454 0.029265284538269043
vt 0.02965114824473858 0.02999138832092285
vt 0.028997862711548805 0.02983337640762329
vt 0.02965114824473858 0.02999138832092285
vt 0.029758987948298454 0.029265284538269043
vt 0.030421113595366478 0.02928262948989868
vt 0.029758987948298454 0.029265284538269043
vt 0.029783407226204872 0.028777122497558594
vt 0.030423292890191078 0.028798162937164307
vt 0.030824830755591393 0.028895676136016846
vt 0.030926285311579704 0.029291629791259766
vt 0.030421113595366478 0.02928262948989868
vt 0.030926285311579704 0.029291629791259766
vt 0.030943384394049644 0.029931187629699707
vt 0.03041171468794346 0.029943108558654785
vt 0.02586464025080204 0.031762897968292236
vt 0.026474783197045326 0.03172290325164795
vt 0.026535367593169212 0.03229719400405884
vt 0.026474783197045326 0.03172290325164795
vt 0.02724136970937252 0.031665682792663574
vt 0.027164386585354805 0.03224974870681763
vt 0.027163716033101082 0.03289318084716797
vt 0.026532845571637154 0.032896578311920166
vt 0.026535367593169212 0.03229719400405884
vt 0.026532845571637154 0.032896578311920166
vt 0.025724945589900017 0.03287672996520996
vt 0.025782333686947823 0.03218352794647217
vt 0.025724945589900017 0.03287672996520996
vt 0.026532845571637154 0.032896578311920166
vt 0.02652755193412304 0.03351014852523804
vt 0.026532845571637154 0.032896578311920166
vt 0.027163716033101082 0.03289318084716797
vt 0.027194442227482796 0.03357750177383423
vt 0.02710609696805477 0.03422367572784424
vt 0.02640937827527523 0.034065186977386475
vt 0.02652755193412304 0.03351014852523804
vt 0.02640937827527523 0.034065186977386475
vt 0.025778913870453835 0.033994197845458984
vt 0.02573052980005741 0.03356587886810303
vt 0.022387685254216194 0.029136180877685547
vt 0.021760085597634315 0.029237687587738037
vt 0.021706851199269295 0.028645634651184082
vt 0.021760085597634315 0.029237687587738037
vt 0.021009031683206558 0.029281914234161377
vt 0.021014833822846413 0.028686165809631348
vt 0.021027816459536552 0.02818375825881958
vt 0.021654324606060982 0.028140366077423096
vt 0.021706851199269295 0.028645634651184082
vt 0.021654324606060982 0.028140366077423096
vt 0.022036002948880196 0.02816528081893921
vt 0.02219407446682453 0.02851337194442749
vt 0.0289506446570158 0.02238917350769043
vt 0.029263848438858986 0.021721303462982178
vt 0.029702039435505867 0.021602928638458252
vt 0.029263848438858986 0.021721303462982178
vt 0.02944036014378071 0.021110475063323975
vt 0.029820924624800682 0.02108299732208252
vt 0.030254429206252098 0.02104806900024414
vt 0.030227983370423317 0.021471381187438965
vt 0.029702039435505867 0.021602928638458252
vt 0.030227983370423317 0.021471381187438965
vt 0.03019575960934162 0.021975994110107422
vt 0.029573732987046242 0.022198379039764404
vt 0.03019575960934162 0.021975994110107422
vt 0.030227983370423317 0.021471381187438965
vt 0.030836710706353188 0.02142190933227539
vt 0.030227983370423317 0.021471381187438965
vt 0.030254429206252098 0.02104806900024414
vt 0.03083045221865177 0.021030724048614502
vt 0.03148242086172104 0.021056771278381348
vt 0.03148346394300461 0.021458446979522705
vt 0.030836710706353188 0.02142190933227539
vt 0.03148346394300461 0.021458446979522705
vt 0.031484752893447876 0.021833062171936035
vt 0.03084043599665165 0.021776795387268066
vt 0.031484752893447876 0.021833062171936035
vt 0.03148346394300461 0.021458446979522705
vt 0.032101914286613464 0.021575212478637695
vt 0.03148346394300461 0.021458446979522705
vt 0.03148242086172104 0.021056771278381348
vt 0.03212519735097885 0.021199285984039307
vt 0.0325176864862442 0.021316587924957275
vt 0.032595306634902954 0.02169179916381836
vt 0.032101914286613464 0.021575212478637695
vt 0.032595306634902954 0.02169179916381836
vt 0.032509759068489075 0.02201777696609497
vt 0.03213193267583847 0.021988630294799805
vt 0.03761863708496094 0.029684901237487793
vt 0.03785911202430725 0.029972076416015625
vt 0.03733441233634949 0.030852019786834717
vt 0.03785911202430725 0.029972076416015625
vt 0.03811123967170715 0.030802905559539795
vt 0.03747434914112091 0.03114330768585205
vt 0.03703663498163223 0.03147268295288086
vt 0.03686513751745224 0.03142571449279785
vt 0.03733441233634949 0.030852019786834717
vt 0.03686513751745224 0.03142571449279785
vt 0.03644515573978424 0.03049224615097046
vt 0.03714326024055481 0.029863834381103516
vt 0.030019627884030342 0.03098684549331665
vt 0.029899174347519875 0.03061920404434204
vt 0.030457058921456337 0.030593574047088623
vt 0.029899174347519875 0.03061920404434204
vt 0.02965114824473858 0.02999138832092285
vt 0.03041171468794346 0.029943108558654785
vt 0.030943384394049644 0.029931187629699707
vt 0.03097616322338581 0.03056955337524414
vt 0.030457058921456337 0.030593574047088623
vt 0.03097616322338581 0.03056955337524414
vt 0.03091379441320896 0.03096872568130493
vt 0.030475275591015816 0.031071722507476807
vt 0.03769703954458237 0.024153292179107666
vt 0.037867724895477295 0.024533569812774658
vt 0.03736574947834015 0.024659693241119385
vt 0.037867724895477295 0.024533569812774658
vt 0.03806592524051666 0.025179505348205566
vt 0.037423402070999146 0.025219440460205078
vt 0.036706507205963135 0.025237619876861572
vt 0.03669004142284393 0.024693548679351807
vt 0.03736574947834015 0.024659693241119385
vt 0.03669004142284393 0.024693548679351807
vt 0.03667565435171127 0.024487614631652832
vt 0.03731827437877655 0.024141907691955566
vt 0.03667565435171127 0.024487614631652832
vt 0.03669004142284393 0.024693548679351807
vt 0.03601390868425369 0.024704158306121826
vt 0.03669004142284393 0.024693548679351807
vt 0.036706507205963135 0.025237619876861572
vt 0.036011017858982086 0.025251269340515137
vt 0.035278141498565674 0.025181949138641357
vt 0.03544500470161438 0.024586081504821777
vt 0.03601390868425369 0.024704158306121826
vt 0.03544500470161438 0.024586081504821777
vt 0.0355578288435936 0.02411186695098877
vt 0.03597377985715866 0.024126172065734863
vt 0.027903126552700996 0.02424246072769165
vt 0.028079846873879433 0.02333742380142212
vt 0.02848079986870289 0.02325981855392456
vt 0.028079846873879433 0.02333742380142212
vt 0.02809874154627323 0.02279907464981079
vt 0.02843332476913929 0.02261805534362793
vt 0.0289506446570158 0.02238917350769043
vt 0.02894202060997486 0.023105502128601074
vt 0.02848079986870289 0.02325981855392456
vt 0.02894202060997486 0.023105502128601074
vt 0.028929339721798897 0.0238192081451416
vt 0.028433287516236305 0.02398979663848877
vt 0.028929339721798897 0.0238192081451416
vt 0.02894202060997486 0.023105502128601074
vt 0.029525907710194588 0.023033618927001953
vt 0.02894202060997486 0.023105502128601074
vt 0.0289506446570158 0.02238917350769043
vt 0.029573732987046242 0.022198379039764404
vt 0.03019575960934162 0.021975994110107422
vt 0.03003573976457119 0.023023009300231934
vt 0.029525907710194588 0.023033618927001953
vt 0.03003573976457119 0.023023009300231934
vt 0.0301677193492651 0.02407592535018921
vt 0.029520006850361824 0.02387326955795288
vt 0.023034853860735893 0.028900742530822754
vt 0.023498734459280968 0.028833389282226562
vt 0.023490702733397484 0.029331088066101074
vt 0.023498734459280968 0.028833389282226562
vt 0.023973632603883743 0.028901875019073486
vt 0.024063410237431526 0.029267728328704834
vt 0.024141253903508186 0.02988201379776001
vt 0.02348942495882511 0.029860854148864746
vt 0.023490702733397484 0.029331088066101074
vt 0.02348942495882511 0.029860854148864746
vt 0.02275468222796917 0.029878318309783936
vt 0.022933045402169228 0.029266297817230225
vt 0.03243037313222885 0.027027249336242676
vt 0.03280852735042572 0.0269089937210083
vt 0.03285050392150879 0.02732187509536743
vt 0.03280852735042572 0.0269089937210083
vt 0.03316740691661835 0.02685326337814331
vt 0.033310987055301666 0.027101874351501465
vt 0.0335063710808754 0.027574479579925537
vt 0.032835885882377625 0.02787238359451294
vt 0.03285050392150879 0.02732187509536743
vt 0.032835885882377625 0.02787238359451294
vt 0.03215883672237396 0.028099894523620605
vt 0.03233238309621811 0.027418196201324463
vt 0.03215883672237396 0.028099894523620605
vt 0.032835885882377625 0.02787238359451294
vt 0.03276403993368149 0.02861887216567993
vt 0.032835885882377625 0.02787238359451294
vt 0.0335063710808754 0.027574479579925537
vt 0.03333011269569397 0.02859574556350708
vt 0.03327483683824539 0.02922147512435913
vt 0.03277876228094101 0.029322683811187744
vt 0.03276403993368149 0.02861887216567993
vt 0.03277876228094101 0.029322683811187744
vt 0.032312750816345215 0.029493510723114014
vt 0.03211665898561478 0.028766155242919922
vt 0.024210676550865173 0.025764167308807373
vt 0.024385593831539154 0.026262342929840088
vt 0.023855142295360565 0.02657914161682129
vt 0.024385593831539154 0.026262342929840088
vt 0.024824989959597588 0.026724576950073242
vt 0.023856041952967644 0.02736067771911621
vt 0.023150723427534103 0.027249813079833984
vt 0.023305324837565422 0.026398003101348877
vt 0.023855142295360565 0.02657914161682129
vt 0.023305324837565422 0.026398003101348877
vt 0.023415012285113335 0.025860726833343506
vt 0.02382154017686844 0.02583467960357666
vt 0.02561601810157299 0.032996952533721924
vt 0.025624999776482582 0.03363698720932007
vt 0.024980323389172554 0.0334506630897522
vt 0.025624999776482582 0.03363698720932007
vt 0.025668950751423836 0.03427612781524658
vt 0.024977488443255424 0.03386855125427246
vt 0.024288535118103027 0.03366345167160034
vt 0.024305304512381554 0.03331196308135986
vt 0.024980323389172554 0.0334506630897522
vt 0.024305304512381554 0.03331196308135986
vt 0.02432361990213394 0.03292572498321533
vt 0.024974284693598747 0.03295576572418213
vt 0.02432361990213394 0.03292572498321533
vt 0.024305304512381554 0.03331196308135986
vt 0.023572171106934547 0.03326725959777832
vt 0.024305304512381554 0.03331196308135986
vt 0.024288535118103027 0.03366345167160034
vt 0.02351621352136135 0.03359860181808472
vt 0.022710872814059258 0.03376054763793945
vt 0.022867145016789436 0.03331857919692993
vt 0.023572171106934547 0.03326725959777832
vt 0.022867145016789436 0.03331857919692993
vt 0.022998185828328133 0.03293192386627197
vt 0.0236575398594141 0.03291785717010498
vt 0.022998185828328133 0.03293192386627197
vt 0.022867145016789436 0.03331857919692993
vt 0.02227715030312538 0.03346443176269531
vt 0.022867145016789436 0.03331857919692993
vt 0.022710872814059258 0.03376054763793945
vt 0.022178901359438896 0.03400766849517822
vt 0.02168814279139042 0.034179627895355225
vt 0.02171761728823185 0.0335698127746582
vt 0.02227715030312538 0.03346443176269531
vt 0.02171761728823185 0.0335698127746582
vt 0.021745583042502403 0.03299057483673096
vt 0.022367609664797783 0.03296726942062378
vt 0.021745583042502403 0.03299057483673096
vt 0.02171761728823185 0.0335698127746582
vt 0.021104445680975914 0.033508896827697754
vt 0.02171761728823185 0.0335698127746582
vt 0.02168814279139042 0.034179627895355225
vt 0.021099556237459183 0.034123122692108154
vt 0.020453108474612236 0.03392750024795532
vt 0.02046583779156208 0.03335767984390259
vt 0.021104445680975914 0.033508896827697754
vt 0.02046583779156208 0.03335767984390259
vt 0.020472779870033264 0.03288000822067261
vt 0.021111296489834785 0.0329706072807312
vt 0.020472779870033264 0.03288000822067261
vt 0.02046583779156208 0.03335767984390259
vt 0.019839948043227196 0.03319758176803589
vt 0.02046583779156208 0.03335767984390259
vt 0.020453108474612236 0.03392750024795532
vt 0.01981245167553425 0.03367424011230469
vt 0.01942720264196396 0.033602237701416016
vt 0.01933852769434452 0.03316974639892578
vt 0.019839948043227196 0.03319758176803589
vt 0.01933852769434452 0.03316974639892578
vt 0.01919037289917469 0.03252679109573364
vt 0.01983642764389515 0.032697200775146484
vt 0.02697543241083622 0.02717679738998413
vt 0.02709401212632656 0.0276181697845459
vt 0.02659021131694317 0.027733266353607178
vt 0.02709401212632656 0.0276181697845459
vt 0.027252262458205223 0.028325319290161133
vt 0.02659480832517147 0.028225421905517578
vt 0.02620002068579197 0.02816462516784668
vt 0.026082532480359077 0.02778559923171997
vt 0.02659021131694317 0.027733266353607178
vt 0.026082532480359077 0.02778559923171997
vt 0.02592339552938938 0.027177929878234863
vt 0.02658899314701557 0.027150273323059082
vt 0.031094083562493324 0.02831447124481201
vt 0.031498126685619354 0.02825409173965454
vt 0.031470999121665955 0.02875441312789917
vt 0.031498126685619354 0.02825409173965454
vt 0.03215883672237396 0.028099894523620605
vt 0.03211665898561478 0.028766155242919922
vt 0.032312750816345215 0.029493510723114014
vt 0.031398266553878784 0.02925020456314087
vt 0.031470999121665955 0.02875441312789917
vt 0.031398266553878784 0.02925020456314087
vt 0.03101423569023609 0.029110848903656006
vt 0.03097238950431347 0.028704404830932617
vt 0.03508453071117401 0.02600729465484619
vt 0.03475941717624664 0.026505768299102783
vt 0.03429044783115387 0.02629876136779785
vt 0.03475941717624664 0.026505768299102783
vt 0.03453318029642105 0.02683734893798828
vt 0.03413777053356171 0.026784300804138184
vt 0.033546626567840576 0.026709377765655518
vt 0.03382012993097305 0.026095688343048096
vt 0.03429044783115387 0.02629876136779785
vt 0.03382012993097305 0.026095688343048096
vt 0.03404601663351059 0.025764167308807373
vt 0.0344444140791893 0.025810658931732178
vt 0.025603188201785088 0.03171616792678833
vt 0.025609051808714867 0.03235673904418945
vt 0.024968279525637627 0.03236311674118042
vt 0.025609051808714867 0.03235673904418945
vt 0.02561601810157299 0.032996952533721924
vt 0.024974284693598747 0.03295576572418213
vt 0.02432361990213394 0.03292572498321533
vt 0.024326546117663383 0.032368600368499756
vt 0.024968279525637627 0.03236311674118042
vt 0.024326546117663383 0.032368600368499756
vt 0.02432199753820896 0.03172719478607178
vt 0.024962643161416054 0.031722068786621094
vt 0.02432199753820896 0.03172719478607178
vt 0.024326546117663383 0.032368600368499756
vt 0.023684101179242134 0.03237253427505493
vt 0.024326546117663383 0.032368600368499756
vt 0.02432361990213394 0.03292572498321533
vt 0.0236575398594141 0.03291785717010498
vt 0.022998185828328133 0.03293192386627197
vt 0.023041492328047752 0.03237420320510864
vt 0.023684101179242134 0.03237253427505493
vt 0.023041492328047752 0.03237420320510864
vt 0.023040972650051117 0.03173285722732544
vt 0.02368135191500187 0.0317310094833374
vt 0.023040972650051117 0.03173285722732544
vt 0.023041492328047752 0.03237420320510864
vt 0.022399136796593666 0.032373249530792236
vt 0.023041492328047752 0.03237420320510864
vt 0.022998185828328133 0.03293192386627197
vt 0.022367609664797783 0.03296726942062378
vt 0.021745583042502403 0.03299057483673096
vt 0.021757667884230614 0.032369792461395264
vt 0.022399136796593666 0.032373249530792236
vt 0.021757667884230614 0.032369792461395264
vt 0.02176153101027012 0.03172957897186279
vt 0.022401023656129837 0.031732380390167236
vt 0.02176153101027012 0.03172957897186279
vt 0.021757667884230614 0.032369792461395264
vt 0.02111704833805561 0.032364487648010254
vt 0.021757667884230614 0.032369792461395264
vt 0.021745583042502403 0.03299057483673096
vt 0.021111296489834785 0.0329706072807312
vt 0.020472779870033264 0.03288000822067261
vt 0.02047768048942089 0.03232073783874512
vt 0.02111704833805561 0.032364487648010254
vt 0.02047768048942089 0.03232073783874512
vt 0.020482975989580154 0.0317196249961853
vt 0.021122228354215622 0.03172498941421509
vt 0.020482975989580154 0.0317196249961853
vt 0.02047768048942089 0.03232073783874512
vt 0.01983804814517498 0.03220248222351074
vt 0.02047768048942089 0.03232073783874512
vt 0.020472779870033264 0.03288000822067261
vt 0.01983642764389515 0.032697200775146484
vt 0.01919037289917469 0.03252679109573364
vt 0.019199898466467857 0.032079339027404785
vt 0.01983804814517498 0.03220248222351074
vt 0.019199898466467857 0.032079339027404785
vt 0.01920507848262787 0.031704723834991455
vt 0.019844064489006996 0.03171354532241821
vt 0.030687833204865456 0.01517021656036377
vt 0.030690999701619148 0.015545785427093506
vt 0.03004843182861805 0.015513956546783447
vt 0.030690999701619148 0.015545785427093506
vt 0.03070138581097126 0.01599586009979248
vt 0.03005063347518444 0.015883266925811768
vt 0.029409153386950493 0.015939712524414062
vt 0.029405100271105766 0.015552997589111328
vt 0.03004843182861805 0.015513956546783447
vt 0.029405100271105766 0.015552997589111328
vt 0.029405126348137856 0.015176653861999512
vt 0.030046707019209862 0.015175163745880127
vt 0.029405126348137856 0.015176653861999512
vt 0.029405100271105766 0.015552997589111328
vt 0.028762416914105415 0.01566416025161743
vt 0.029405100271105766 0.015552997589111328
vt 0.029409153386950493 0.015939712524414062
vt 0.02876582182943821 0.016102194786071777
vt 0.028122911229729652 0.01626497507095337
vt 0.028121603652834892 0.015774667263031006
vt 0.028762416914105415 0.01566416025161743
vt 0.028121603652834892 0.015774667263031006
vt 0.02812364138662815 0.015172481536865234
vt 0.02876420132815838 0.0151749849319458
vt 0.02812364138662815 0.015172481536865234
vt 0.028121603652834892 0.015774667263031006
vt 0.02748180739581585 0.015811383724212646
vt 0.028121603652834892 0.015774667263031006
vt 0.028122911229729652 0.01626497507095337
vt 0.02748207189142704 0.016319453716278076
vt 0.026814045384526253 0.016451120376586914
vt 0.026841478422284126 0.015811145305633545
vt 0.02748180739581585 0.015811383724212646
vt 0.026841478422284126 0.015811145305633545
vt 0.026841970160603523 0.01517021656036377
vt 0.027482884004712105 0.015170931816101074
vt 0.025627342984080315 0.015218913555145264
vt 0.026272041723132133 0.015189170837402344
vt 0.026305655017495155 0.016073286533355713
vt 0.026272041723132133 0.015189170837402344
vt 0.026800503954291344 0.01517021656036377
vt 0.026814045384526253 0.01589357852935791
vt 0.02675139717757702 0.01640951633453369
vt 0.026359664276242256 0.016754984855651855
vt 0.026305655017495155 0.016073286533355713
vt 0.026359664276242256 0.016754984855651855
vt 0.025730354711413383 0.01699376106262207
vt 0.025680413469672203 0.016224265098571777
vt 0.030798306688666344 0.015173912048339844
vt 0.03148616850376129 0.015175879001617432
vt 0.03135966509580612 0.01583397388458252
vt 0.03148616850376129 0.015175879001617432
vt 0.03224828094244003 0.01517021656036377
vt 0.031943872570991516 0.0159146785736084
vt 0.0317113995552063 0.016432464122772217
vt 0.03126329928636551 0.01646113395690918
vt 0.03135966509580612 0.01583397388458252
vt 0.03126329928636551 0.01646113395690918
vt 0.030864348635077477 0.016418099403381348
vt 0.030774394050240517 0.01590520143508911
vt 0.02820015884935856 0.02685326337814331
vt 0.028882944956421852 0.02699756622314453
vt 0.028885552659630775 0.027721822261810303
vt 0.028882944956421852 0.02699756622314453
vt 0.029526008293032646 0.027037084102630615
vt 0.029523806646466255 0.02784097194671631
vt 0.029523702338337898 0.028659820556640625
vt 0.028877900913357735 0.028471648693084717
vt 0.028885552659630775 0.027721822261810303
vt 0.028877900913357735 0.028471648693084717
vt 0.028450200334191322 0.028193891048431396
vt 0.028348123654723167 0.027642011642456055
vt 0.029526008293032646 0.027037084102630615
vt 0.030177319422364235 0.027048945426940918
vt 0.030176231637597084 0.027767539024353027
vt 0.030177319422364235 0.027048945426940918
vt 0.03055453859269619 0.02709805965423584
vt 0.030659666284918785 0.027570009231567383
vt 0.030717497691512108 0.028251826763153076
vt 0.030173292383551598 0.028483450412750244
vt 0.030176231637597084 0.027767539024353027
vt 0.030173292383551598 0.028483450412750244
vt 0.029523702338337898 0.028659820556640625
vt 0.029523806646466255 0.02784097194671631
vt 0.026599379256367683 0.021510720252990723
vt 0.027061792090535164 0.021407783031463623
vt 0.026957551017403603 0.021928906440734863
vt 0.027061792090535164 0.021407783031463623
vt 0.027899378910660744 0.02140885591506958
vt 0.027566885575652122 0.021981358528137207
vt 0.02732035331428051 0.022582948207855225
vt 0.02679605968296528 0.022529542446136475
vt 0.026957551017403603 0.021928906440734863
vt 0.02679605968296528 0.022529542446136475
vt 0.026118682697415352 0.022564709186553955
vt 0.0263714287430048 0.02193349599838257
vt 0.01909136399626732 0.02219986915588379
vt 0.01976691745221615 0.02220100164413452
vt 0.019695328548550606 0.022808194160461426
vt 0.01976691745221615 0.02220100164413452
vt 0.020142918452620506 0.02229827642440796
vt 0.020202500745654106 0.022773563861846924
vt 0.02011972852051258 0.023472368717193604
vt 0.019632695242762566 0.023490726947784424
vt 0.019695328548550606 0.022808194160461426
vt 0.019632695242762566 0.023490726947784424
vt 0.019152401015162468 0.02351057529449463
vt 0.019177353009581566 0.022858262062072754
vt 0.02500753290951252 0.026957452297210693
vt 0.02542928420007229 0.02683323621749878
vt 0.02529926784336567 0.027376890182495117
vt 0.02542928420007229 0.02683323621749878
vt 0.02608083374798298 0.026754260063171387
vt 0.02581300027668476 0.027371883392333984
vt 0.025589609518647194 0.028047263622283936
vt 0.025069912895560265 0.028052031993865967
vt 0.02529926784336567 0.027376890182495117
vt 0.025069912895560265 0.028052031993865967
vt 0.02455391176044941 0.028047382831573486
vt 0.024785788729786873 0.027382612228393555
vt 0.02849719114601612 0.031683266162872314
vt 0.029158325865864754 0.031613171100616455
vt 0.02919687144458294 0.03221011161804199
vt 0.029158325865864754 0.031613171100616455
vt 0.02979741431772709 0.031605660915374756
vt 0.029848890379071236 0.032195329666137695
vt 0.02986530400812626 0.032998502254486084
vt 0.029241377487778664 0.03302621841430664
vt 0.02919687144458294 0.03221011161804199
vt 0.029241377487778664 0.03302621841430664
vt 0.02874506451189518 0.033047378063201904
vt 0.028700122609734535 0.03233152627944946
vt 0.02979741431772709 0.031605660915374756
vt 0.030431753024458885 0.031649649143218994
vt 0.030519502237439156 0.03220587968826294
vt 0.030431753024458885 0.031649649143218994
vt 0.03116334043443203 0.03166085481643677
vt 0.031068826094269753 0.03224611282348633
vt 0.03106399066746235 0.032923221588134766
vt 0.030533233657479286 0.03291529417037964
vt 0.030519502237439156 0.03220587968826294
vt 0.030533233657479286 0.03291529417037964
vt 0.02986530400812626 0.032998502254486084
vt 0.029848890379071236 0.032195329666137695
vt 0.0322595089673996 0.031605660915374756
vt 0.03282605856657028 0.03160828351974487
vt 0.032869525253772736 0.03215503692626953
vt 0.03282605856657028 0.03160828351974487
vt 0.033201172947883606 0.031664371490478516
vt 0.03331422805786133 0.03211700916290283
vt 0.03365083783864975 0.032792627811431885
vt 0.0329994261264801 0.0328211784362793
vt 0.032869525253772736 0.03215503692626953
vt 0.0329994261264801 0.0328211784362793
vt 0.03250208497047424 0.03285396099090576
vt 0.032407037913799286 0.03218567371368408
vt 0.02463723160326481 0.02942603826522827
vt 0.025165794417262077 0.029328465461730957
vt 0.025077523663640022 0.029900074005126953
vt 0.025165794417262077 0.029328465461730957
vt 0.026088522747159004 0.029349029064178467
vt 0.02572743035852909 0.02998441457748413
vt 0.02543305791914463 0.030437827110290527
vt 0.02495131827890873 0.030504882335662842
vt 0.025077523663640022 0.029900074005126953
vt 0.02495131827890873 0.030504882335662842
vt 0.024338819086551666 0.030591905117034912
vt 0.024438677355647087 0.029846549034118652
vt 0.035031758248806 0.022967398166656494
vt 0.03584015369415283 0.022892892360687256
vt 0.03589697182178497 0.02349478006362915
vt 0.03584015369415283 0.022892892360687256
vt 0.036614932119846344 0.022947192192077637
vt 0.03665131330490112 0.023839175701141357
vt 0.03667565435171127 0.024487614631652832
vt 0.03597377985715866 0.024126172065734863
vt 0.03589697182178497 0.02349478006362915
vt 0.03597377985715866 0.024126172065734863
vt 0.0355578288435936 0.02411186695098877
vt 0.035322219133377075 0.02362954616546631
vt 0.036614932119846344 0.022947192192077637
vt 0.03732214868068695 0.02305769920349121
vt 0.037309713661670685 0.023607909679412842
vt 0.03732214868068695 0.02305769920349121
vt 0.03810810297727585 0.023141562938690186
vt 0.03784026950597763 0.023769497871398926
vt 0.03769703954458237 0.024153292179107666
vt 0.03731827437877655 0.024141907691955566
vt 0.037309713661670685 0.023607909679412842
vt 0.03731827437877655 0.024141907691955566
vt 0.03667565435171127 0.024487614631652832
vt 0.03665131330490112 0.023839175701141357
vt 0.01919037289917469 0.015392303466796875
vt 0.019832918420433998 0.015398204326629639
vt 0.019846534356474876 0.016060709953308105
vt 0.019832918420433998 0.015398204326629639
vt 0.02048099972307682 0.015391290187835693
vt 0.02048683911561966 0.016064584255218506
vt 0.020481429994106293 0.016745150089263916
vt 0.019834300503134727 0.0165824294090271
vt 0.019846534356474876 0.016060709953308105
vt 0.019834300503134727 0.0165824294090271
vt 0.019422920420765877 0.016483545303344727
vt 0.019295576959848404 0.01607954502105713
vt 0.02048099972307682 0.015391290187835693
vt 0.02112538181245327 0.015384078025817871
vt 0.021136097609996796 0.016056180000305176
vt 0.02112538181245327 0.015384078025817871
vt 0.021769357845187187 0.015371382236480713
vt 0.021784583106637 0.016042113304138184
vt 0.021802188828587532 0.016723215579986572
vt 0.02114776335656643 0.0167425274848938
vt 0.021136097609996796 0.016056180000305176
vt 0.02114776335656643 0.0167425274848938
vt 0.020481429994106293 0.016745150089263916
vt 0.02048683911561966 0.016064584255218506
vt 0.021769357845187187 0.015371382236480713
vt 0.02241361327469349 0.01535499095916748
vt 0.022432005032896996 0.016025066375732422
vt 0.02241361327469349 0.01535499095916748
vt 0.023057905957102776 0.015336155891418457
vt 0.02307923696935177 0.016006827354431152
vt 0.023098817095160484 0.01668846607208252
vt 0.02245052345097065 0.016705036163330078
vt 0.022432005032896996 0.016025066375732422
vt 0.02245052345097065 0.016705036163330078
vt 0.021802188828587532 0.016723215579986572
vt 0.021784583106637 0.016042113304138184
vt 0.023057905957102776 0.015336155891418457
vt 0.023701656609773636 0.015313982963562012
vt 0.02372760884463787 0.01598501205444336
vt 0.023701656609773636 0.015313982963562012
vt 0.024344556033611298 0.015286684036254883
vt 0.024378793314099312 0.01601409912109375
vt 0.024421731010079384 0.016696572303771973
vt 0.023754194378852844 0.016670584678649902
vt 0.02372760884463787 0.01598501205444336
vt 0.023754194378852844 0.016670584678649902
vt 0.023098817095160484 0.01668846607208252
vt 0.02307923696935177 0.016006827354431152
vt 0.024344556033611298 0.015286684036254883
vt 0.024985847994685173 0.015253841876983643
vt 0.025034232065081596 0.01614844799041748
vt 0.024985847994685173 0.015253841876983643
vt 0.025627342984080315 0.015218913555145264
vt 0.025680413469672203 0.016224265098571777
vt 0.025730354711413383 0.01699376106262207
vt 0.025074852630496025 0.016838908195495605
vt 0.025034232065081596 0.01614844799041748
vt 0.025074852630496025 0.016838908195495605
vt 0.024421731010079384 0.016696572303771973
vt 0.024378793314099312 0.01601409912109375
vt 0.028101148083806038 0.030070066452026367
vt 0.02876892499625683 0.0300215482711792
vt 0.02876892499625683 0.03060591220855713
vt 0.02876892499625683 0.0300215482711792
vt 0.029436713084578514 0.030070066452026367
vt 0.029274815693497658 0.03071504831314087
vt 0.029157252982258797 0.03117913007736206
vt 0.02876892499625683 0.031233549118041992
vt 0.02876892499625683 0.03060591220855713
vt 0.02876892499625683 0.031233549118041992
vt 0.028380611911416054 0.03117913007736206
vt 0.028263034299016 0.03071504831314087
vt 0.03572481870651245 0.03239774703979492
vt 0.03654266148805618 0.032673776149749756
vt 0.036449134349823 0.03319692611694336
vt 0.03654266148805618 0.032673776149749756
vt 0.036999523639678955 0.03291136026382446
vt 0.03703787922859192 0.0333365797996521
vt 0.03701657056808472 0.03392678499221802
vt 0.036396220326423645 0.03373456001281738
vt 0.036449134349823 0.03319692611694336
vt 0.036396220326423645 0.03373456001281738
vt 0.035975076258182526 0.0335160493850708
vt 0.035848237574100494 0.03305548429489136
vt 0.036999523639678955 0.03291136026382446
vt 0.03738401085138321 0.03273802995681763
vt 0.03754231333732605 0.03325057029724121
vt 0.03738401085138321 0.03273802995681763
vt 0.038016073405742645 0.0324552059173584
vt 0.03804223984479904 0.03315925598144531
vt 0.03802967071533203 0.033564627170562744
vt 0.03766476362943649 0.03375053405761719
vt 0.03754231333732605 0.03325057029724121
vt 0.03766476362943649 0.03375053405761719
vt 0.03701657056808472 0.03392678499221802
vt 0.03703787922859192 0.0333365797996521
vt 0.01909136399626732 0.020668387413024902
vt 0.019737519323825836 0.020673513412475586
vt 0.01975470595061779 0.021339476108551025
vt 0.019737519323825836 0.020673513412475586
vt 0.020388904958963394 0.020663082599639893
vt 0.02039792388677597 0.02133888006210327
vt 0.02034527063369751 0.02202361822128296
vt 0.019696608185768127 0.021863579750061035
vt 0.01975470595061779 0.021339476108551025
vt 0.019696608185768127 0.021863579750061035
vt 0.019327228888869286 0.021762847900390625
vt 0.019247421994805336 0.021359741687774658
vt 0.020388904958963394 0.020663082599639893
vt 0.021036555990576744 0.020653843879699707
vt 0.021049106493592262 0.021329224109649658
vt 0.021036555990576744 0.020653843879699707
vt 0.02168355882167816 0.020642399787902832
vt 0.021695388481020927 0.021322190761566162
vt 0.021704433485865593 0.021992504596710205
vt 0.021059924736618996 0.022004246711730957
vt 0.021049106493592262 0.021329224109649658
vt 0.021059924736618996 0.022004246711730957
vt 0.02034527063369751 0.02202361822128296
vt 0.02039792388677597 0.02133888006210327
vt 0.02168355882167816 0.020642399787902832
vt 0.022331954911351204 0.020633339881896973
vt 0.022337503731250763 0.0213165283203125
vt 0.022331954911351204 0.020633339881896973
vt 0.022980405017733574 0.020631849765777588
vt 0.022979630157351494 0.02131175994873047
vt 0.02298142947256565 0.021982192993164062
vt 0.02234291099011898 0.02198469638824463
vt 0.022337503731250763 0.0213165283203125
vt 0.02234291099011898 0.02198469638824463
vt 0.021704433485865593 0.021992504596710205
vt 0.021695388481020927 0.021322190761566162
vt 0.022980405017733574 0.020631849765777588
vt 0.023627521470189095 0.02063274383544922
vt 0.02362602762877941 0.021308302879333496
vt 0.023627521470189095 0.02063274383544922
vt 0.024275286123156548 0.02063131332397461
vt 0.024277539923787117 0.02130734920501709
vt 0.02429252490401268 0.021992504596710205
vt 0.023626090958714485 0.02198350429534912
vt 0.02362602762877941 0.021308302879333496
vt 0.023626090958714485 0.02198350429534912
vt 0.02298142947256565 0.021982192993164062
vt 0.022979630157351494 0.02131175994873047
vt 0.024275286123156548 0.02063131332397461
vt 0.024926798418164253 0.020631074905395508
vt 0.024920286610722542 0.02129673957824707
vt 0.024926798418164253 0.020631074905395508
vt 0.025572458282113075 0.020615696907043457
vt 0.025427421554923058 0.02130913734436035
vt 0.025333920493721962 0.021715164184570312
vt 0.02494216151535511 0.021821141242980957
vt 0.024920286610722542 0.02129673957824707
vt 0.02494216151535511 0.021821141242980957
vt 0.02429252490401268 0.021992504596710205
vt 0.024277539923787117 0.02130734920501709
vt 0.02938825450837612 0.025740861892700195
vt 0.030057424679398537 0.025851786136627197
vt 0.030056333169341087 0.02637392282485962
vt 0.030057424679398537 0.025851786136627197
vt 0.030697384849190712 0.02583479881286621
vt 0.030696598812937737 0.02636253833770752
vt 0.030703285709023476 0.027043044567108154
vt 0.030056411400437355 0.02689647674560547
vt 0.030056333169341087 0.02637392282485962
vt 0.030056411400437355 0.02689647674560547
vt 0.029668601229786873 0.02681201696395874
vt 0.029553620144724846 0.026420950889587402
vt 0.030697384849190712 0.02583479881286621
vt 0.03135351091623306 0.025772392749786377
vt 0.03135064244270325 0.026327848434448242
vt 0.03135351091623306 0.025772392749786377
vt 0.0320117324590683 0.025693058967590332
vt 0.03200925141572952 0.026275634765625
vt 0.032012395560741425 0.02702176570892334
vt 0.031361788511276245 0.027017414569854736
vt 0.03135064244270325 0.026327848434448242
vt 0.031361788511276245 0.027017414569854736
vt 0.030703285709023476 0.027043044567108154
vt 0.030696598812937737 0.02636253833770752
vt 0.0320117324590683 0.025693058967590332
vt 0.032655976712703705 0.02566516399383545
vt 0.03265240788459778 0.02625209093093872
vt 0.032655976712703705 0.02566516399383545
vt 0.033313870429992676 0.025696218013763428
vt 0.033149927854537964 0.02634274959564209
vt 0.033037371933460236 0.026816248893737793
vt 0.0326579287648201 0.026881039142608643
vt 0.03265240788459778 0.02625209093093872
vt 0.0326579287648201 0.026881039142608643
vt 0.032012395560741425 0.02702176570892334
vt 0.03200925141572952 0.026275634765625
vt 0.034909382462501526 0.025866150856018066
vt 0.034312814474105835 0.02557283639907837
vt 0.034382909536361694 0.025022387504577637
vt 0.034312814474105835 0.02557283639907837
vt 0.03395548462867737 0.025314629077911377
vt 0.033902160823345184 0.024848103523254395
vt 0.03380483388900757 0.024079620838165283
vt 0.03441672772169113 0.024454951286315918
vt 0.034382909536361694 0.025022387504577637
vt 0.03441672772169113 0.024454951286315918
vt 0.03478895127773285 0.024716317653656006
vt 0.03486943244934082 0.02519744634628296
vt 0.03395548462867737 0.025314629077911377
vt 0.03361058980226517 0.025496602058410645
vt 0.03340793401002884 0.024932801723480225
vt 0.03361058980226517 0.025496602058410645
vt 0.03293290734291077 0.02563995122909546
vt 0.03287849575281143 0.024981915950775146
vt 0.032840318977832794 0.024530112743377686
vt 0.03319167345762253 0.024353384971618652
vt 0.03340793401002884 0.024932801723480225
vt 0.03319167345762253 0.024353384971618652
vt 0.03380483388900757 0.024079620838165283
vt 0.033902160823345184 0.024848103523254395
vt 0.03293290734291077 0.02563995122909546
vt 0.031967706978321075 0.0251961350440979
vt 0.032200127840042114 0.0247228741645813
vt 0.031967706978321075 0.0251961350440979
vt 0.031002940610051155 0.024757802486419678
vt 0.03156127780675888 0.024383068084716797
vt 0.03195527195930481 0.024127483367919922
vt 0.03243822604417801 0.0242537260055542
vt 0.032200127840042114 0.0247228741645813
vt 0.03243822604417801 0.0242537260055542
vt 0.032840318977832794 0.024530112743377686
vt 0.03287849575281143 0.024981915950775146
vt 0.031002940610051155 0.024757802486419678
vt 0.030699944123625755 0.024153053760528564
vt 0.03125973045825958 0.0239485502243042
vt 0.030699944123625755 0.024153053760528564
vt 0.030514182522892952 0.02353191375732422
vt 0.03107275255024433 0.023331105709075928
vt 0.03177361190319061 0.02310711145401001
vt 0.031873345375061035 0.023745357990264893
vt 0.03125973045825958 0.0239485502243042
vt 0.031873345375061035 0.023745357990264893
vt 0.03195527195930481 0.024127483367919922
vt 0.03156127780675888 0.024383068084716797
vt 0.030514182522892952 0.02353191375732422
vt 0.030379442498087883 0.022876381874084473
vt 0.030904019251465797 0.022693395614624023
vt 0.030379442498087883 0.022876381874084473
vt 0.030378354713320732 0.022495567798614502
vt 0.030735308304429054 0.022241950035095215
vt 0.03139576315879822 0.022105634212493896
vt 0.031550414860248566 0.022541463375091553
vt 0.030904019251465797 0.022693395614624023
vt 0.031550414860248566 0.022541463375091553
vt 0.03177361190319061 0.02310711145401001
vt 0.03107275255024433 0.023331105709075928
vt 0.03180500119924545 0.016564786434173584
vt 0.03213639557361603 0.016467690467834473
vt 0.03210437297821045 0.016956806182861328
vt 0.03213639557361603 0.016467690467834473
vt 0.032507047057151794 0.01657050848007202
vt 0.03252926468849182 0.01694875955581665
vt 0.03262758255004883 0.017507851123809814
vt 0.032170794904232025 0.01755422353744507
vt 0.03210437297821045 0.016956806182861328
vt 0.032170794904232025 0.01755422353744507
vt 0.0317169725894928 0.017654001712799072
vt 0.03166547417640686 0.016990959644317627
vt 0.032507047057151794 0.01657050848007202
vt 0.032880090177059174 0.016397953033447266
vt 0.03297807276248932 0.01688992977142334
vt 0.032880090177059174 0.016397953033447266
vt 0.0335250124335289 0.016259312629699707
vt 0.03346310555934906 0.016814231872558594
vt 0.03350736200809479 0.017392218112945557
vt 0.033053308725357056 0.01748824119567871
vt 0.03297807276248932 0.01688992977142334
vt 0.033053308725357056 0.01748824119567871
vt 0.03262758255004883 0.017507851123809814
vt 0.03252926468849182 0.01694875955581665
vt 0.028002137318253517 0.024304866790771484
vt 0.02861262671649456 0.024306297302246094
vt 0.028597401455044746 0.024731159210205078
vt 0.02861262671649456 0.024306297302246094
vt 0.029253868386149406 0.024288296699523926
vt 0.029252702370285988 0.02463221549987793
vt 0.0292962733656168 0.02510654926300049
vt 0.0285967830568552 0.025261640548706055
vt 0.028597401455044746 0.024731159210205078
vt 0.0285967830568552 0.025261640548706055
vt 0.02809334732592106 0.0254400372505188
vt 0.028086090460419655 0.02485501766204834
vt 0.029253868386149406 0.024288296699523926
vt 0.029892561957240105 0.02427905797958374
vt 0.02989550121128559 0.024598538875579834
vt 0.029892561957240105 0.02427905797958374
vt 0.030555399134755135 0.024333536624908447
vt 0.030392134562134743 0.024703681468963623
vt 0.03029014728963375 0.025011658668518066
vt 0.029938893392682076 0.024983525276184082
vt 0.02989550121128559 0.024598538875579834
vt 0.029938893392682076 0.024983525276184082
vt 0.0292962733656168 0.02510654926300049
vt 0.029252702370285988 0.02463221549987793
vt 0.03146745264530182 0.029724538326263428
vt 0.03213829547166824 0.029763460159301758
vt 0.03209251910448074 0.030197322368621826
vt 0.03213829547166824 0.029763460159301758
vt 0.03255707770586014 0.02985590696334839
vt 0.03262091428041458 0.030265629291534424
vt 0.032759152352809906 0.030843794345855713
vt 0.03208073973655701 0.03060239553451538
vt 0.03209251910448074 0.030197322368621826
vt 0.03208073973655701 0.03060239553451538
vt 0.03167446702718735 0.030426621437072754
vt 0.03157901018857956 0.03011476993560791
vt 0.03489264100790024 0.03369331359863281
vt 0.03461647033691406 0.03326684236526489
vt 0.03512181341648102 0.03310781717300415
vt 0.03461647033691406 0.03326684236526489
vt 0.03423967957496643 0.032496750354766846
vt 0.034903354942798615 0.03253394365310669
vt 0.035372428596019745 0.032598137855529785
vt 0.03564317524433136 0.032981932163238525
vt 0.03512181341648102 0.03310781717300415
vt 0.03564317524433136 0.032981932163238525
vt 0.03588831424713135 0.03357410430908203
vt 0.03530699014663696 0.03369450569152832
vt 0.02486591227352619 0.022604525089263916
vt 0.0254515390843153 0.0227317214012146
vt 0.02544264681637287 0.02308589220046997
vt 0.0254515390843153 0.0227317214012146
vt 0.026118682697415352 0.022564709186553955
vt 0.026083139702677727 0.02303105592727661
vt 0.026056045666337013 0.0234563946723938
vt 0.025403989478945732 0.023542582988739014
vt 0.02544264681637287 0.02308589220046997
vt 0.025403989478945732 0.023542582988739014
vt 0.02497635968029499 0.023569464683532715
vt 0.02490987814962864 0.02321833372116089
vt 0.026118682697415352 0.022564709186553955
vt 0.02679605968296528 0.022529542446136475
vt 0.026717716827988625 0.023034393787384033
vt 0.02679605968296528 0.022529542446136475
vt 0.02732035331428051 0.022582948207855225
vt 0.02720109187066555 0.02310734987258911
vt 0.027057485654950142 0.02341628074645996
vt 0.02669527567923069 0.023433029651641846
vt 0.026717716827988625 0.023034393787384033
vt 0.02669527567923069 0.023433029651641846
vt 0.026056045666337013 0.0234563946723938
vt 0.026083139702677727 0.02303105592727661
vt 0.019152401015162468 0.02351057529449463
vt 0.019632695242762566 0.023490726947784424
vt 0.0195380300283432 0.024100840091705322
vt 0.019632695242762566 0.023490726947784424
vt 0.02011972852051258 0.023472368717193604
vt 0.01997165009379387 0.02414524555206299
vt 0.01989675499498844 0.02493274211883545
vt 0.01939951442182064 0.024558067321777344
vt 0.0195380300283432 0.024100840091705322
vt 0.01939951442182064 0.024558067321777344
vt 0.019146738573908806 0.024393141269683838
vt 0.019142458215355873 0.024051547050476074
vt 0.02455391176044941 0.028047382831573486
vt 0.025069912895560265 0.028052031993865967
vt 0.024953247979283333 0.028738796710968018
vt 0.025069912895560265 0.028052031993865967
vt 0.025589609518647194 0.028047263622283936
vt 0.02551170252263546 0.02872711420059204
vt 0.0254411268979311 0.029124200344085693
vt 0.024997854605317116 0.029255390167236328
vt 0.024953247979283333 0.028738796710968018
vt 0.024997854605317116 0.029255390167236328
vt 0.024239808320999146 0.029493868350982666
vt 0.02441399171948433 0.028722524642944336
vt 0.02874506451189518 0.033047378063201904
vt 0.029241377487778664 0.03302621841430664
vt 0.029247255995869637 0.033700406551361084
vt 0.029241377487778664 0.03302621841430664
vt 0.02986530400812626 0.032998502254486084
vt 0.02989788167178631 0.033657610416412354
vt 0.02990434132516384 0.03417229652404785
vt 0.029230209067463875 0.03422427177429199
vt 0.029247255995869637 0.033700406551361084
vt 0.029230209067463875 0.03422427177429199
vt 0.028769267722964287 0.03414195775985718
vt 0.02871721051633358 0.033737003803253174
vt 0.02986530400812626 0.032998502254486084
vt 0.030533233657479286 0.03291529417037964
vt 0.030560186132788658 0.03359740972518921
vt 0.030533233657479286 0.03291529417037964
vt 0.03106399066746235 0.032923221588134766
vt 0.031063737347722054 0.03361499309539795
vt 0.030962536111474037 0.03403306007385254
vt 0.030564064159989357 0.034134745597839355
vt 0.030560186132788658 0.03359740972518921
vt 0.030564064159989357 0.034134745597839355
vt 0.02990434132516384 0.03417229652404785
vt 0.02989788167178631 0.033657610416412354
vt 0.03250208497047424 0.03285396099090576
vt 0.0329994261264801 0.0328211784362793
vt 0.03306351602077484 0.033496201038360596
vt 0.0329994261264801 0.0328211784362793
vt 0.03365083783864975 0.032792627811431885
vt 0.0337003618478775 0.03348672389984131
vt 0.033715687692165375 0.03421652317047119
vt 0.033065035939216614 0.034030795097351074
vt 0.03306351602077484 0.033496201038360596
vt 0.033065035939216614 0.034030795097351074
vt 0.0326724648475647 0.033938825130462646
vt 0.0325612872838974 0.03353148698806763
vt 0.035278141498565674 0.025181949138641357
vt 0.036011017858982086 0.025251269340515137
vt 0.036034733057022095 0.02582871913909912
vt 0.036011017858982086 0.025251269340515137
vt 0.036706507205963135 0.025237619876861572
vt 0.03671441227197647 0.025814950466156006
vt 0.03670898824930191 0.026575565338134766
vt 0.03605342656373978 0.02658325433731079
vt 0.036034733057022095 0.02582871913909912
vt 0.03605342656373978 0.02658325433731079
vt 0.03539317101240158 0.02659893035888672
vt 0.03537992388010025 0.025863468647003174
vt 0.036706507205963135 0.025237619876861572
vt 0.037423402070999146 0.025219440460205078
vt 0.03740338981151581 0.025821268558502197
vt 0.037423402070999146 0.025219440460205078
vt 0.03806592524051666 0.025179505348205566
vt 0.03797098249197006 0.025890052318572998
vt 0.037918947637081146 0.02665609121322632
vt 0.037359364330768585 0.026573121547698975
vt 0.03740338981151581 0.025821268558502197
vt 0.037359364330768585 0.026573121547698975
vt 0.03670898824930191 0.026575565338134766
vt 0.03671441227197647 0.025814950466156006
vt 0.020481429994106293 0.016745150089263916
vt 0.02114776335656643 0.0167425274848938
vt 0.021184975281357765 0.017438888549804688
vt 0.02114776335656643 0.0167425274848938
vt 0.021802188828587532 0.016723215579986572
vt 0.02183297835290432 0.017434239387512207
vt 0.021861376240849495 0.018269777297973633
vt 0.02121543698012829 0.01822453737258911
vt 0.021184975281357765 0.017438888549804688
vt 0.02121543698012829 0.01822453737258911
vt 0.020634574815630913 0.018178880214691162
vt 0.0206316988915205 0.017430901527404785
vt 0.021802188828587532 0.016723215579986572
vt 0.02245052345097065 0.016705036163330078
vt 0.022469356656074524 0.017425477504730225
vt 0.02245052345097065 0.016705036163330078
vt 0.023098817095160484 0.01668846607208252
vt 0.023107772693037987 0.01740497350692749
vt 0.023166479542851448 0.018202483654022217
vt 0.022484226152300835 0.018283426761627197
vt 0.022469356656074524 0.017425477504730225
vt 0.022484226152300835 0.018283426761627197
vt 0.021861376240849495 0.018269777297973633
vt 0.02183297835290432 0.017434239387512207
vt 0.023098817095160484 0.01668846607208252
vt 0.023754194378852844 0.016670584678649902
vt 0.023754624649882317 0.017364680767059326
vt 0.023754194378852844 0.016670584678649902
vt 0.024421731010079384 0.016696572303771973
vt 0.02430410124361515 0.01730245351791382
vt 0.024263747036457062 0.017660200595855713
vt 0.023845452815294266 0.017850220203399658
vt 0.023754624649882317 0.017364680767059326
vt 0.023845452815294266 0.017850220203399658
vt 0.023166479542851448 0.018202483654022217
vt 0.023107772693037987 0.01740497350692749
vt 0.033645644783973694 0.017261624336242676
vt 0.03439456224441528 0.017192304134368896
vt 0.03452909737825394 0.017713487148284912
vt 0.03439456224441528 0.017192304134368896
vt 0.03517734259366989 0.017162203788757324
vt 0.03527340292930603 0.0177498459815979
vt 0.03531058877706528 0.018623173236846924
vt 0.034678660333156586 0.018097996711730957
vt 0.03452909737825394 0.017713487148284912
vt 0.034678660333156586 0.018097996711730957
vt 0.034109652042388916 0.018185734748840332
vt 0.03391940891742706 0.01782160997390747
vt 0.03517734259366989 0.017162203788757324
vt 0.0359325185418129 0.017090678215026855
vt 0.036005899310112 0.01787179708480835
vt 0.0359325185418129 0.017090678215026855
vt 0.03666374832391739 0.017146050930023193
vt 0.03667798638343811 0.017894387245178223
vt 0.036613158881664276 0.018777847290039062
vt 0.035990551114082336 0.01875060796737671
vt 0.036005899310112 0.01787179708480835
vt 0.035990551114082336 0.01875060796737671
vt 0.03531058877706528 0.018623173236846924
vt 0.03527340292930603 0.0177498459815979
vt 0.03666374832391739 0.017146050930023193
vt 0.03739974647760391 0.017314612865447998
vt 0.03735753893852234 0.017910242080688477
vt 0.03739974647760391 0.017314612865447998
vt 0.03814539313316345 0.01741546392440796
vt 0.03796061873435974 0.01805812120437622
vt 0.037823013961315155 0.01888054609298706
vt 0.03727227449417114 0.01880747079849243
vt 0.03735753893852234 0.017910242080688477
vt 0.03727227449417114 0.01880747079849243
vt 0.036613158881664276 0.018777847290039062
vt 0.03667798638343811 0.017894387245178223
vt 0.02034527063369751 0.02202361822128296
vt 0.021059924736618996 0.022004246711730957
vt 0.021057669073343277 0.022701740264892578
vt 0.021059924736618996 0.022004246711730957
vt 0.021704433485865593 0.021992504596710205
vt 0.021705256775021553 0.022705376148223877
vt 0.021717503666877747 0.023582756519317627
vt 0.021060748025774956 0.02358531951904297
vt 0.021057669073343277 0.022701740264892578
vt 0.021060748025774956 0.02358531951904297
vt 0.02050895430147648 0.023589909076690674
vt 0.020476706326007843 0.022717654705047607
vt 0.021704433485865593 0.021992504596710205
vt 0.02234291099011898 0.02198469638824463
vt 0.02234875224530697 0.022703588008880615
vt 0.02234291099011898 0.02198469638824463
vt 0.02298142947256565 0.021982192993164062
vt 0.022992081940174103 0.022695064544677734
vt 0.022993778809905052 0.02355867624282837
vt 0.022356225177645683 0.02357935905456543
vt 0.02234875224530697 0.022703588008880615
vt 0.022356225177645683 0.02357935905456543
vt 0.021717503666877747 0.023582756519317627
vt 0.021705256775021553 0.022705376148223877
vt 0.02298142947256565 0.021982192993164062
vt 0.023626090958714485 0.02198350429534912
vt 0.023639796301722527 0.022681236267089844
vt 0.023626090958714485 0.02198350429534912
vt 0.02429252490401268 0.021992504596710205
vt 0.024143459275364876 0.022689402103424072
vt 0.024141166359186172 0.023466646671295166
vt 0.023649713024497032 0.023510992527008057
vt 0.023639796301722527 0.022681236267089844
vt 0.023649713024497032 0.023510992527008057
vt 0.022993778809905052 0.02355867624282837
vt 0.022992081940174103 0.022695064544677734
vt 0.033546626567840576 0.026709377765655518
vt 0.03413777053356171 0.026784300804138184
vt 0.0341821014881134 0.02731841802597046
vt 0.03413777053356171 0.026784300804138184
vt 0.03453318029642105 0.02683734893798828
vt 0.034682661294937134 0.027230441570281982
vt 0.0348832905292511 0.028066158294677734
vt 0.03423808515071869 0.028121232986450195
vt 0.0341821014881134 0.02731841802597046
vt 0.03423808515071869 0.028121232986450195
vt 0.03377572447061539 0.02817481756210327
vt 0.033690840005874634 0.02740466594696045
vt 0.026231752708554268 0.029385924339294434
vt 0.0266298558562994 0.029355108737945557
vt 0.026550287380814552 0.02988731861114502
vt 0.0266298558562994 0.029355108737945557
vt 0.027220966294407845 0.029328465461730957
vt 0.02704268880188465 0.030008137226104736
vt 0.026868822053074837 0.030388712882995605
vt 0.026470718905329704 0.030419528484344482
vt 0.026550287380814552 0.02988731861114502
vt 0.026470718905329704 0.030419528484344482
vt 0.025526927784085274 0.030436277389526367
vt 0.026057885959744453 0.029766440391540527
vt 0.030703285709023476 0.027043044567108154
vt 0.031361788511276245 0.027017414569854736
vt 0.0313696414232254 0.02769380807876587
vt 0.031361788511276245 0.027017414569854736
vt 0.032012395560741425 0.02702176570892334
vt 0.031868480145931244 0.027710914611816406
vt 0.03176867216825485 0.028123140335083008
vt 0.031376130878925323 0.02822399139404297
vt 0.0313696414232254 0.02769380807876587
vt 0.031376130878925323 0.02822399139404297
vt 0.03098112903535366 0.028132915496826172
vt 0.030871061608195305 0.02772313356399536
vt 0.03160203993320465 0.018338501453399658
vt 0.031456053256988525 0.018946707248687744
vt 0.030918506905436516 0.018918216228485107
vt 0.031456053256988525 0.018946707248687744
vt 0.03135796636343002 0.01932978630065918
vt 0.030964409932494164 0.019424080848693848
vt 0.030378354713320732 0.019566118717193604
vt 0.030380988493561745 0.018889427185058594
vt 0.030918506905436516 0.018918216228485107
vt 0.030380988493561745 0.018889427185058594
vt 0.030491003766655922 0.018505513668060303
vt 0.030898699536919594 0.01841139793395996
vt 0.02620002068579197 0.02816462516784668
vt 0.02659480832517147 0.028225421905517578
vt 0.02643473632633686 0.02864748239517212
vt 0.02659480832517147 0.028225421905517578
vt 0.027252262458205223 0.028325319290161133
vt 0.02692745439708233 0.02880251407623291
vt 0.026723863556981087 0.02909564971923828
vt 0.026321271434426308 0.029098868370056152
vt 0.02643473632633686 0.02864748239517212
vt 0.026321271434426308 0.029098868370056152
vt 0.025625938549637794 0.028997063636779785
vt 0.025947460904717445 0.028483450412750244
vt 0.02275468222796917 0.029878318309783936
vt 0.02348942495882511 0.029860854148864746
vt 0.023479582741856575 0.03027886152267456
vt 0.02348942495882511 0.029860854148864746
vt 0.024141253903508186 0.02988201379776001
vt 0.023964235559105873 0.03036874532699585
vt 0.023820653557777405 0.030661344528198242
vt 0.023475835099816322 0.03069758415222168
vt 0.023479582741856575 0.03027886152267456
vt 0.023475835099816322 0.03069758415222168
vt 0.02309936285018921 0.030686914920806885
vt 0.02298015169799328 0.030370473861694336
vt 0.03177361190319061 0.02310711145401001
vt 0.031550414860248566 0.022541463375091553
vt 0.03217920660972595 0.022470474243164062
vt 0.031550414860248566 0.022541463375091553
vt 0.03139576315879822 0.022105634212493896
vt 0.03212136775255203 0.02211672067642212
vt 0.032865166664123535 0.02200186252593994
vt 0.03265286237001419 0.022462010383605957
vt 0.03217920660972595 0.022470474243164062
vt 0.03265286237001419 0.022462010383605957
vt 0.032561540603637695 0.022731482982635498
vt 0.032235413789749146 0.022824585437774658
vt 0.0317169725894928 0.017654001712799072
vt 0.032170794904232025 0.01755422353744507
vt 0.03230798989534378 0.018293678760528564
vt 0.032170794904232025 0.01755422353744507
vt 0.03262758255004883 0.017507851123809814
vt 0.03283543139696121 0.01819521188735962
vt 0.033157698810100555 0.019038379192352295
vt 0.03240339457988739 0.019129574298858643
vt 0.03230798989534378 0.018293678760528564
vt 0.03240339457988739 0.019129574298858643
vt 0.03172887861728668 0.01911485195159912
vt 0.03181057423353195 0.018366575241088867
vt 0.03262758255004883 0.017507851123809814
vt 0.033053308725357056 0.01748824119567871
vt 0.03321082144975662 0.018064260482788086
vt 0.033053308725357056 0.01748824119567871
vt 0.03350736200809479 0.017392218112945557
vt 0.03355701267719269 0.01788783073425293
vt 0.033635713160037994 0.018216192722320557
vt 0.033465661108493805 0.018505513668060303
vt 0.03321082144975662 0.018064260482788086
vt 0.033465661108493805 0.018505513668060303
vt 0.033157698810100555 0.019038379192352295
vt 0.03283543139696121 0.01819521188735962
vt 0.02809334732592106 0.0254400372505188
vt 0.0285967830568552 0.025261640548706055
vt 0.028591247275471687 0.025784850120544434
vt 0.0285967830568552 0.025261640548706055
vt 0.0292962733656168 0.02510654926300049
vt 0.02916678972542286 0.02576380968093872
vt 0.029088789597153664 0.02619612216949463
vt 0.028625281527638435 0.02626335620880127
vt 0.028591247275471687 0.025784850120544434
vt 0.028625281527638435 0.02626335620880127
vt 0.0282492283731699 0.0262567400932312
vt 0.028109105303883553 0.02594202756881714
vt 0.024239808320999146 0.024510979652404785
vt 0.02511622942984104 0.02452993392944336
vt 0.025262320414185524 0.025656521320343018
vt 0.02511622942984104 0.02452993392944336
vt 0.025981267914175987 0.024437129497528076
vt 0.026024283841252327 0.02559572458267212
vt 0.02607717551290989 0.026699960231781006
vt 0.025416189804673195 0.026726186275482178
vt 0.025262320414185524 0.025656521320343018
vt 0.025416189804673195 0.026726186275482178
vt 0.024925177916884422 0.02652919292449951
vt 0.024616459384560585 0.02576512098312378
vt 0.025981267914175987 0.024437129497528076
vt 0.026708638295531273 0.02440851926803589
vt 0.02670108713209629 0.025573015213012695
vt 0.026708638295531273 0.02440851926803589
vt 0.027403073385357857 0.02426367998123169
vt 0.027210930362343788 0.025636494159698486
vt 0.027106350287795067 0.026455163955688477
vt 0.026718923822045326 0.026683688163757324
vt 0.02670108713209629 0.025573015213012695
vt 0.026718923822045326 0.026683688163757324
vt 0.02607717551290989 0.026699960231781006
vt 0.026024283841252327 0.02559572458267212
vt 0.01919037289917469 0.029157280921936035
vt 0.020141854882240295 0.029298603534698486
vt 0.020270541310310364 0.030387818813323975
vt 0.020141854882240295 0.029298603534698486
vt 0.021009031683206558 0.029281914234161377
vt 0.021026043221354485 0.030312955379486084
vt 0.021055009216070175 0.03086996078491211
vt 0.020411856472492218 0.031415581703186035
vt 0.020270541310310364 0.030387818813323975
vt 0.020411856472492218 0.031415581703186035
vt 0.019949497655034065 0.031187593936920166
vt 0.019663309678435326 0.03043651580810547
vt 0.021009031683206558 0.029281914234161377
vt 0.021760085597634315 0.029237687587738037
vt 0.021709231659770012 0.030132293701171875
vt 0.021760085597634315 0.029237687587738037
vt 0.022387685254216194 0.029136180877685547
vt 0.022220153361558914 0.030000627040863037
vt 0.02208528481423855 0.030598878860473633
vt 0.021680163219571114 0.030966341495513916
vt 0.021709231659770012 0.030132293701171875
vt 0.021680163219571114 0.030966341495513916
vt 0.021055009216070175 0.03086996078491211
vt 0.021026043221354485 0.030312955379486084
vt 0.03539317101240158 0.02659893035888672
vt 0.03605342656373978 0.02658325433731079
vt 0.036067381501197815 0.027404844760894775
vt 0.03605342656373978 0.02658325433731079
vt 0.03670898824930191 0.026575565338134766
vt 0.03679271042346954 0.027440965175628662
vt 0.036694347858428955 0.02821528911590576
vt 0.03605053573846817 0.028202056884765625
vt 0.036067381501197815 0.027404844760894775
vt 0.03605053573846817 0.028202056884765625
vt 0.03566911071538925 0.028129518032073975
vt 0.03556213527917862 0.02749025821685791
vt 0.03670898824930191 0.026575565338134766
vt 0.037359364330768585 0.026573121547698975
vt 0.03736787289381027 0.02746748924255371
vt 0.037359364330768585 0.026573121547698975
vt 0.037918947637081146 0.02665609121322632
vt 0.03794040530920029 0.027533888816833496
vt 0.037721432745456696 0.028146743774414062
vt 0.0373341366648674 0.028262019157409668
vt 0.03736787289381027 0.02746748924255371
vt 0.0373341366648674 0.028262019157409668
vt 0.036694347858428955 0.02821528911590576
vt 0.03679271042346954 0.027440965175628662
vt 0.020634574815630913 0.018178880214691162
vt 0.02121543698012829 0.01822453737258911
vt 0.02121374011039734 0.019220352172851562
vt 0.02121543698012829 0.01822453737258911
vt 0.021861376240849495 0.018269777297973633
vt 0.021853243932127953 0.01940751075744629
vt 0.02182045392692089 0.020468831062316895
vt 0.021159986034035683 0.020110607147216797
vt 0.02121374011039734 0.019220352172851562
vt 0.021159986034035683 0.020110607147216797
vt 0.020725972950458527 0.019710183143615723
vt 0.020649051293730736 0.019053101539611816
vt 0.021861376240849495 0.018269777297973633
vt 0.022484226152300835 0.018283426761627197
vt 0.022479919716715813 0.019472122192382812
vt 0.022484226152300835 0.018283426761627197
vt 0.023166479542851448 0.018202483654022217
vt 0.023033956065773964 0.0195162296295166
vt 0.022899240255355835 0.020357131958007812
vt 0.02247818373143673 0.02058786153793335
vt 0.022479919716715813 0.019472122192382812
vt 0.02247818373143673 0.02058786153793335
vt 0.02182045392692089 0.020468831062316895
vt 0.021853243932127953 0.01940751075744629
vt 0.033157698810100555 0.019038379192352295
vt 0.03399679809808731 0.0195157527923584
vt 0.033783428370952606 0.020502924919128418
vt 0.03399679809808731 0.0195157527923584
vt 0.03488301485776901 0.019658148288726807
vt 0.03437323123216629 0.020840883255004883
vt 0.034104689955711365 0.022046804428100586
vt 0.033597640693187714 0.0217321515083313
vt 0.033783428370952606 0.020502924919128418
vt 0.033597640693187714 0.0217321515083313
vt 0.03292436897754669 0.02148669958114624
vt 0.0330662801861763 0.020194947719573975
vt 0.03531058877706528 0.018623173236846924
vt 0.035990551114082336 0.01875060796737671
vt 0.03594452142715454 0.02002108097076416
vt 0.035990551114082336 0.01875060796737671
vt 0.036613158881664276 0.018777847290039062
vt 0.03654871881008148 0.02004629373550415
vt 0.03653182089328766 0.021273910999298096
vt 0.03590472787618637 0.021249711513519287
vt 0.03594452142715454 0.02002108097076416
vt 0.03590472787618637 0.021249711513519287
vt 0.0353991761803627 0.021133780479431152
vt 0.035411156713962555 0.019907116889953613
vt 0.036613158881664276 0.018777847290039062
vt 0.03727227449417114 0.01880747079849243
vt 0.0372135266661644 0.020037293434143066
vt 0.03727227449417114 0.01880747079849243
vt 0.037823013961315155 0.01888054609298706
vt 0.03774643689393997 0.020082831382751465
vt 0.0376909077167511 0.02134263515472412
vt 0.037158332765102386 0.021303892135620117
vt 0.0372135266661644 0.020037293434143066
vt 0.037158332765102386 0.021303892135620117
vt 0.03653182089328766 0.021273910999298096
vt 0.03654871881008148 0.02004629373550415
vt 0.02050895430147648 0.023589909076690674
vt 0.021060748025774956 0.02358531951904297
vt 0.021072564646601677 0.024827241897583008
vt 0.021060748025774956 0.02358531951904297
vt 0.021717503666877747 0.023582756519317627
vt 0.021717654541134834 0.024818778038024902
vt 0.021725306287407875 0.026104450225830078
vt 0.021092843264341354 0.02610105276107788
vt 0.021072564646601677 0.024827241897583008
vt 0.021092843264341354 0.02610105276107788
vt 0.02055170200765133 0.026096224784851074
vt 0.02053866721689701 0.024820446968078613
vt 0.021717503666877747 0.023582756519317627
vt 0.022356225177645683 0.02357935905456543
vt 0.022363202646374702 0.024814367294311523
vt 0.022356225177645683 0.02357935905456543
vt 0.022993778809905052 0.02355867624282837
vt 0.02301015518605709 0.02475762367248535
vt 0.02301357500255108 0.026090621948242188
vt 0.022364912554621696 0.02611309289932251
vt 0.022363202646374702 0.024814367294311523
vt 0.022364912554621696 0.02611309289932251
vt 0.021725306287407875 0.026104450225830078
vt 0.021717654541134834 0.024818778038024902
vt 0.022993778809905052 0.02355867624282837
vt 0.023649713024497032 0.023510992527008057
vt 0.023655779659748077 0.02458733320236206
vt 0.023649713024497032 0.023510992527008057
vt 0.024141166359186172 0.023466646671295166
vt 0.024153629317879677 0.024411678314208984
vt 0.024071350693702698 0.025078117847442627
vt 0.023666849359869957 0.025480151176452637
vt 0.023655779659748077 0.02458733320236206
vt 0.023666849359869957 0.025480151176452637
vt 0.02301357500255108 0.026090621948242188
vt 0.02301015518605709 0.02475762367248535
vt 0.03377572447061539 0.02817481756210327
vt 0.03423808515071869 0.028121232986450195
vt 0.03424758464097977 0.02903193235397339
vt 0.03423808515071869 0.028121232986450195
vt 0.0348832905292511 0.028066158294677734
vt 0.034747131168842316 0.029053151607513428
vt 0.034675516188144684 0.02973538637161255
vt 0.03427577763795853 0.02986675500869751
vt 0.03424758464097977 0.02903193235397339
vt 0.03427577763795853 0.02986675500869751
vt 0.03385341912508011 0.029781341552734375
vt 0.03376323729753494 0.029111206531524658
vt 0.035885728895664215 0.028261840343475342
vt 0.0362696573138237 0.02857130765914917
vt 0.036045417189598083 0.029445409774780273
vt 0.0362696573138237 0.02857130765914917
vt 0.03664827346801758 0.02888810634613037
vt 0.036548763513565063 0.029637396335601807
vt 0.03644515573978424 0.03049224615097046
vt 0.035819582641124725 0.030308961868286133
vt 0.036045417189598083 0.029445409774780273
vt 0.035819582641124725 0.030308961868286133
vt 0.03552679717540741 0.029860198497772217
vt 0.03558029979467392 0.029198884963989258
vt 0.03664827346801758 0.02888810634613037
vt 0.03716251254081726 0.02855151891708374
vt 0.0372057780623436 0.0294458270072937
vt 0.03716251254081726 0.02855151891708374
vt 0.038091279566287994 0.028140366077423096
vt 0.03784145414829254 0.029195189476013184
vt 0.03761863708496094 0.029684901237487793
vt 0.03714326024055481 0.029863834381103516
vt 0.0372057780623436 0.0294458270072937
vt 0.03714326024055481 0.029863834381103516
vt 0.03644515573978424 0.03049224615097046
vt 0.036548763513565063 0.029637396335601807
vt 0.03172887861728668 0.01911485195159912
vt 0.03240339457988739 0.019129574298858643
vt 0.032397665083408356 0.020082592964172363
vt 0.03240339457988739 0.019129574298858643
vt 0.033157698810100555 0.019038379192352295
vt 0.0330662801861763 0.020194947719573975
vt 0.03292436897754669 0.02148669958114624
vt 0.032333649694919586 0.02083951234817505
vt 0.032397665083408356 0.020082592964172363
vt 0.032333649694919586 0.02083951234817505
vt 0.03195936977863312 0.020752131938934326
vt 0.03188740462064743 0.020206212997436523
vt 0.03703663498163223 0.03147268295288086
vt 0.03747434914112091 0.03114330768585205
vt 0.037598930299282074 0.031873226165771484
vt 0.03747434914112091 0.03114330768585205
vt 0.03811123967170715 0.030802905559539795
vt 0.038097865879535675 0.031836509704589844
vt 0.037996865808963776 0.032414138317108154
vt 0.037622034549713135 0.03254050016403198
vt 0.037598930299282074 0.031873226165771484
vt 0.037622034549713135 0.03254050016403198
vt 0.03697401285171509 0.03267693519592285
vt 0.03709639608860016 0.03206205368041992
vt 0.03292436897754669 0.02148669958114624
vt 0.033597640693187714 0.0217321515083313
vt 0.03358110040426254 0.02273482084274292
vt 0.033597640693187714 0.0217321515083313
vt 0.034104689955711365 0.022046804428100586
vt 0.034054987132549286 0.02302950620651245
vt 0.03394126892089844 0.023477017879486084
vt 0.03357263654470444 0.023422420024871826
vt 0.03358110040426254 0.02273482084274292
vt 0.03357263654470444 0.023422420024871826
vt 0.0331755131483078 0.023089110851287842
vt 0.03310336172580719 0.022503316402435303
vt 0.0353991761803627 0.021133780479431152
vt 0.03590472787618637 0.021249711513519287
vt 0.03586021810770035 0.022232770919799805
vt 0.03590472787618637 0.021249711513519287
vt 0.03653182089328766 0.021273910999298096
vt 0.036481283605098724 0.022267162799835205
vt 0.03645078092813492 0.022868096828460693
vt 0.03582042455673218 0.02282238006591797
vt 0.03586021810770035 0.022232770919799805
vt 0.03582042455673218 0.02282238006591797
vt 0.03543664515018463 0.02259194850921631
vt 0.035364165902137756 0.022131621837615967
vt 0.03653182089328766 0.021273910999298096
vt 0.037158332765102386 0.021303892135620117
vt 0.037102825939655304 0.022297918796539307
vt 0.037158332765102386 0.021303892135620117
vt 0.0376909077167511 0.02134263515472412
vt 0.037615321576595306 0.022342383861541748
vt 0.03747781366109848 0.022826433181762695
vt 0.03708111494779587 0.022926270961761475
vt 0.037102825939655304 0.022297918796539307
vt 0.03708111494779587 0.022926270961761475
vt 0.03645078092813492 0.022868096828460693
vt 0.036481283605098724 0.022267162799835205
vt 0.02055170200765133 0.026096224784851074
vt 0.021092843264341354 0.02610105276107788
vt 0.021098239347338676 0.027102112770080566
vt 0.021092843264341354 0.02610105276107788
vt 0.021725306287407875 0.026104450225830078
vt 0.021751701831817627 0.027053236961364746
vt 0.02170673757791519 0.027800679206848145
vt 0.021040672436356544 0.027773380279541016
vt 0.021098239347338676 0.027102112770080566
vt 0.021040672436356544 0.027773380279541016
vt 0.020643744617700577 0.027638256549835205
vt 0.020566901192069054 0.02712082862854004
vt 0.021725306287407875 0.026104450225830078
vt 0.022364912554621696 0.02611309289932251
vt 0.022295819595456123 0.02706766128540039
vt 0.022364912554621696 0.02611309289932251
vt 0.02301357500255108 0.026090621948242188
vt 0.022869640961289406 0.027141332626342773
vt 0.022773277014493942 0.027682185173034668
vt 0.022378692403435707 0.027796685695648193
vt 0.022295819595456123 0.02706766128540039
vt 0.022378692403435707 0.027796685695648193
vt 0.02170673757791519 0.027800679206848145
vt 0.021751701831817627 0.027053236961364746
vt 0.023150723427534103 0.027249813079833984
vt 0.023856041952967644 0.02736067771911621
vt 0.023893559351563454 0.02819925546646118
vt 0.023856041952967644 0.02736067771911621
vt 0.024824989959597588 0.026724576950073242
vt 0.024432877078652382 0.028209567070007324
vt 0.0243300162255764 0.02862149477005005
vt 0.023945046588778496 0.028809785842895508
vt 0.023893559351563454 0.02819925546646118
vt 0.023945046588778496 0.028809785842895508
vt 0.0235428623855114 0.02870243787765503
vt 0.023357558995485306 0.028240859508514404
vt 0.03644515573978424 0.03049224615097046
vt 0.03686513751745224 0.03142571449279785
vt 0.036571815609931946 0.032044053077697754
vt 0.03686513751745224 0.03142571449279785
vt 0.03703663498163223 0.03147268295288086
vt 0.03709639608860016 0.03206205368041992
vt 0.03697401285171509 0.03267693519592285
vt 0.036320194602012634 0.03257793188095093
vt 0.036571815609931946 0.032044053077697754
vt 0.036320194602012634 0.03257793188095093
vt 0.03597945719957352 0.03242826461791992
vt 0.03605494648218155 0.03199130296707153
vt 0.03170863538980484 0.03228682279586792
vt 0.03169526159763336 0.032883644104003906
vt 0.03116942010819912 0.03286278247833252
vt 0.031749218702316284 0.031605660915374756
vt 0.03170863538980484 0.03228682279586792
vt 0.031206252053380013 0.032162368297576904
vt 0.03170863538980484 0.03228682279586792
vt 0.031749218702316284 0.031605660915374756
vt 0.03220086544752121 0.03166729211807251
vt 0.03169526159763336 0.032883644104003906
vt 0.03170863538980484 0.03228682279586792
vt 0.032270193099975586 0.03218686580657959
vt 0.024880466982722282 0.017969250679016113
vt 0.024898769333958626 0.018618404865264893
vt 0.024414625018835068 0.01863187551498413
vt 0.024868661537766457 0.017317116260528564
vt 0.024880466982722282 0.017969250679016113
vt 0.024447301402688026 0.017977237701416016
vt 0.024880466982722282 0.017969250679016113
vt 0.024868661537766457 0.017317116260528564
vt 0.025338949635624886 0.017308831214904785
vt 0.024898769333958626 0.018618404865264893
vt 0.024880466982722282 0.017969250679016113
vt 0.025354186072945595 0.017962098121643066
vt 0.02595817856490612 0.017964661121368408
vt 0.02601766772568226 0.018606126308441162
vt 0.02541213668882847 0.018612384796142578
vt 0.025927046313881874 0.017294704914093018
vt 0.02595817856490612 0.017964661121368408
vt 0.025354186072945595 0.017962098121643066
vt 0.02595817856490612 0.017964661121368408
vt 0.025927046313881874 0.017294704914093018
vt 0.026573428884148598 0.017267465591430664
vt 0.02601766772568226 0.018606126308441162
vt 0.02595817856490612 0.017964661121368408
vt 0.026603205129504204 0.017977893352508545
vt 0.027230260893702507 0.017985403537750244
vt 0.027241850271821022 0.018608510494232178
vt 0.026634162291884422 0.018603622913360596
vt 0.027226032689213753 0.01724940538406372
vt 0.027230260893702507 0.017985403537750244
vt 0.026603205129504204 0.017977893352508545
vt 0.027230260893702507 0.017985403537750244
vt 0.027226032689213753 0.01724940538406372
vt 0.027877936139702797 0.017260491847991943
vt 0.027241850271821022 0.018608510494232178
vt 0.027230260893702507 0.017985403537750244
vt 0.027856798842549324 0.01797264814376831
vt 0.028506221249699593 0.01794719696044922
vt 0.028499441221356392 0.018593251705169678
vt 0.02786830998957157 0.018600523471832275
vt 0.02852410264313221 0.01727694272994995
vt 0.028506221249699593 0.01794719696044922
vt 0.027856798842549324 0.01797264814376831
vt 0.028506221249699593 0.01794719696044922
vt 0.02852410264313221 0.01727694272994995
vt 0.029170753434300423 0.017282485961914062
vt 0.028499441221356392 0.018593251705169678
vt 0.028506221249699593 0.01794719696044922
vt 0.02916777692735195 0.017896175384521484
vt 0.029822038486599922 0.017780661582946777
vt 0.029822899028658867 0.01835530996322632
vt 0.029171070083975792 0.018527567386627197
vt 0.029818998649716377 0.01728123426437378
vt 0.029822038486599922 0.017780661582946777
vt 0.02916777692735195 0.017896175384521484
vt 0.029822038486599922 0.017780661582946777
vt 0.029818998649716377 0.01728123426437378
vt 0.03046744503080845 0.017275452613830566
vt 0.029822899028658867 0.01835530996322632
vt 0.029822038486599922 0.017780661582946777
vt 0.030470890924334526 0.017660140991210938
vt 0.03341251611709595 0.030274569988250732
vt 0.03340841084718704 0.03064626455307007
vt 0.03275454044342041 0.030793309211730957
vt 0.03341580927371979 0.029930293560028076
vt 0.03341251611709595 0.030274569988250732
vt 0.03276946395635605 0.030302762985229492
vt 0.03341251611709595 0.030274569988250732
vt 0.03341580927371979 0.029930293560028076
vt 0.03405802696943283 0.02993452548980713
vt 0.03340841084718704 0.03064626455307007
vt 0.03341251611709595 0.030274569988250732
vt 0.03405703604221344 0.030316293239593506
vt 0.03470269590616226 0.030426442623138428
vt 0.03471189737319946 0.030995190143585205
vt 0.03405845910310745 0.03080826997756958
vt 0.034699708223342896 0.029933154582977295
vt 0.03470269590616226 0.030426442623138428
vt 0.03405703604221344 0.030316293239593506
vt 0.03470269590616226 0.030426442623138428
vt 0.034699708223342896 0.029933154582977295
vt 0.03534058481454849 0.02992701530456543
vt 0.03471189737319946 0.030995190143585205
vt 0.03470269590616226 0.030426442623138428
vt 0.03534787893295288 0.030567467212677002
vt 0.031676284968853 0.0335158109664917
vt 0.031662531197071075 0.0340496301651001
vt 0.031071411445736885 0.034265875816345215
vt 0.03169526159763336 0.032883644104003906
vt 0.031676284968853 0.0335158109664917
vt 0.031134413555264473 0.033570289611816406
vt 0.031676284968853 0.0335158109664917
vt 0.03169526159763336 0.032883644104003906
vt 0.03226490318775177 0.032890141010284424
vt 0.031662531197071075 0.0340496301651001
vt 0.031676284968853 0.0335158109664917
vt 0.03224228322505951 0.03359776735305786
vt 0.02493465133011341 0.019252002239227295
vt 0.02491389401257038 0.019759535789489746
vt 0.024434322491288185 0.01967412233352661
vt 0.024898769333958626 0.018618404865264893
vt 0.02493465133011341 0.019252002239227295
vt 0.024358628317713737 0.019292235374450684
vt 0.02493465133011341 0.019252002239227295
vt 0.024898769333958626 0.018618404865264893
vt 0.02541213668882847 0.018612384796142578
vt 0.02491389401257038 0.019759535789489746
vt 0.02493465133011341 0.019252002239227295
vt 0.02555755339562893 0.01926136016845703
vt 0.026114044710993767 0.019257664680480957
vt 0.0262692142277956 0.01991814374923706
vt 0.025754811242222786 0.01990896463394165
vt 0.02601766772568226 0.018606126308441162
vt 0.026114044710993767 0.019257664680480957
vt 0.02555755339562893 0.01926136016845703
vt 0.026114044710993767 0.019257664680480957
vt 0.02601766772568226 0.018606126308441162
vt 0.026634162291884422 0.018603622913360596
vt 0.0262692142277956 0.01991814374923706
vt 0.026114044710993767 0.019257664680480957
vt 0.026658935472369194 0.019231557846069336
vt 0.02724556066095829 0.01922661066055298
vt 0.027290688827633858 0.01991105079650879
vt 0.02673581801354885 0.01991325616836548
vt 0.027241850271821022 0.018608510494232178
vt 0.02724556066095829 0.01922661066055298
vt 0.026658935472369194 0.019231557846069336
vt 0.02724556066095829 0.01922661066055298
vt 0.027241850271821022 0.018608510494232178
vt 0.02786830998957157 0.018600523471832275
vt 0.027290688827633858 0.01991105079650879
vt 0.02724556066095829 0.01922661066055298
vt 0.027870552614331245 0.019227266311645508
vt 0.028520697727799416 0.019237995147705078
vt 0.028536414727568626 0.019897282123565674
vt 0.027902113273739815 0.019904017448425293
vt 0.028499441221356392 0.018593251705169678
vt 0.028520697727799416 0.019237995147705078
vt 0.027870552614331245 0.019227266311645508
vt 0.028520697727799416 0.019237995147705078
vt 0.028499441221356392 0.018593251705169678
vt 0.029171070083975792 0.018527567386627197
vt 0.028536414727568626 0.019897282123565674
vt 0.028520697727799416 0.019237995147705078
vt 0.029180796816945076 0.019194483757019043
vt 0.02981947921216488 0.01907104253768921
vt 0.029832223430275917 0.019677698612213135
vt 0.02918296493589878 0.019872188568115234
vt 0.029822899028658867 0.01835530996322632
vt 0.02981947921216488 0.01907104253768921
vt 0.029180796816945076 0.019194483757019043
vt 0.02981947921216488 0.01907104253768921
vt 0.029822899028658867 0.01835530996322632
vt 0.030479328706860542 0.01815485954284668
vt 0.029832223430275917 0.019677698612213135
vt 0.02981947921216488 0.01907104253768921
vt 0.030329639092087746 0.019006967544555664
vt 0.03591982275247574 0.01586812734603882
vt 0.035927221179008484 0.016445398330688477
vt 0.03519979119300842 0.01642554998397827
vt 0.03591247648000717 0.015269219875335693
vt 0.03591982275247574 0.01586812734603882
vt 0.03539828956127167 0.015791118144989014
vt 0.03591982275247574 0.01586812734603882
vt 0.03591247648000717 0.015269219875335693
vt 0.03631161153316498 0.015308558940887451
vt 0.035927221179008484 0.016445398330688477
vt 0.03591982275247574 0.01586812734603882
vt 0.036438949406147 0.015778422355651855
vt 0.034728385508060455 0.03170347213745117
vt 0.03471255302429199 0.03231269121170044
vt 0.03431836515665054 0.03215479850769043
vt 0.03471189737319946 0.030995190143585205
vt 0.034728385508060455 0.03170347213745117
vt 0.034222252666950226 0.03164929151535034
vt 0.034728385508060455 0.03170347213745117
vt 0.03471189737319946 0.030995190143585205
vt 0.0353580117225647 0.03120952844619751
vt 0.03471255302429199 0.03231269121170044
vt 0.034728385508060455 0.03170347213745117
vt 0.03536231815814972 0.031852662563323975
vt 0.025247665122151375 0.023936748504638672
vt 0.02511622942984104 0.02452993392944336
vt 0.024239808320999146 0.024510979652404785
vt 0.025403989478945732 0.023542582988739014
vt 0.025247665122151375 0.023936748504638672
vt 0.024670707061886787 0.023897945880889893
vt 0.025247665122151375 0.023936748504638672
vt 0.025403989478945732 0.023542582988739014
vt 0.026056045666337013 0.0234563946723938
vt 0.02511622942984104 0.02452993392944336
vt 0.025247665122151375 0.023936748504638672
vt 0.026015466079115868 0.023831963539123535
vt 0.026703065261244774 0.02379286289215088
vt 0.026708638295531273 0.02440851926803589
vt 0.025981267914175987 0.024437129497528076
vt 0.02669527567923069 0.023433029651641846
vt 0.026703065261244774 0.02379286289215088
vt 0.026015466079115868 0.023831963539123535
vt 0.026703065261244774 0.02379286289215088
vt 0.02669527567923069 0.023433029651641846
vt 0.027057485654950142 0.02341628074645996
vt 0.026708638295531273 0.02440851926803589
vt 0.026703065261244774 0.02379286289215088
vt 0.027196088805794716 0.023682057857513428
vt 0.02643595077097416 0.02055227756500244
vt 0.026457635685801506 0.021061956882476807
vt 0.026016706600785255 0.020962774753570557
vt 0.0262692142277956 0.01991814374923706
vt 0.02643595077097416 0.02055227756500244
vt 0.02595682255923748 0.020567595958709717
vt 0.02643595077097416 0.02055227756500244
vt 0.0262692142277956 0.01991814374923706
vt 0.02673581801354885 0.01991325616836548
vt 0.026457635685801506 0.021061956882476807
vt 0.02643595077097416 0.02055227756500244
vt 0.026926646009087563 0.020561277866363525
vt 0.0274155642837286 0.020561695098876953
vt 0.027547353878617287 0.021209120750427246
vt 0.02710566483438015 0.021218180656433105
vt 0.027290688827633858 0.01991105079650879
vt 0.0274155642837286 0.020561695098876953
vt 0.026926646009087563 0.020561277866363525
vt 0.0274155642837286 0.020561695098876953
vt 0.027290688827633858 0.01991105079650879
vt 0.027902113273739815 0.019904017448425293
vt 0.027547353878617287 0.021209120750427246
vt 0.0274155642837286 0.020561695098876953
vt 0.027941251173615456 0.020554006099700928
vt 0.028546394780278206 0.020544052124023438
vt 0.02856053225696087 0.02119070291519165
vt 0.027982668951153755 0.021202027797698975
vt 0.028536414727568626 0.019897282123565674
vt 0.028546394780278206 0.020544052124023438
vt 0.027941251173615456 0.020554006099700928
vt 0.028546394780278206 0.020544052124023438
vt 0.028536414727568626 0.019897282123565674
vt 0.02918296493589878 0.019872188568115234
vt 0.02856053225696087 0.02119070291519165
vt 0.028546394780278206 0.020544052124023438
vt 0.029040230438113213 0.020531177520751953
vt 0.03444768488407135 0.016793489456176758
vt 0.03439456224441528 0.017192304134368896
vt 0.033645644783973694 0.017261624336242676
vt 0.03449799120426178 0.016436874866485596
vt 0.03444768488407135 0.016793489456176758
vt 0.033881865441799164 0.01669865846633911
vt 0.03444768488407135 0.016793489456176758
vt 0.03449799120426178 0.016436874866485596
vt 0.03519979119300842 0.01642554998397827
vt 0.03439456224441528 0.017192304134368896
vt 0.03444768488407135 0.016793489456176758
vt 0.03517027944326401 0.016822218894958496
vt 0.03593096882104874 0.016828417778015137
vt 0.0359325185418129 0.017090678215026855
vt 0.03517734259366989 0.017162203788757324
vt 0.035927221179008484 0.016445398330688477
vt 0.03593096882104874 0.016828417778015137
vt 0.03517027944326401 0.016822218894958496
vt 0.03593096882104874 0.016828417778015137
vt 0.035927221179008484 0.016445398330688477
vt 0.036634087562561035 0.01641547679901123
vt 0.0359325185418129 0.017090678215026855
vt 0.03593096882104874 0.016828417778015137
vt 0.03665211796760559 0.016817092895507812
vt 0.037335097789764404 0.016888856887817383
vt 0.03739974647760391 0.017314612865447998
vt 0.03666374832391739 0.017146050930023193
vt 0.03728727251291275 0.016506433486938477
vt 0.037335097789764404 0.016888856887817383
vt 0.03665211796760559 0.016817092895507812
vt 0.037335097789764404 0.016888856887817383
vt 0.03728727251291275 0.016506433486938477
vt 0.03768381476402283 0.01652371883392334
vt 0.03739974647760391 0.017314612865447998
vt 0.037335097789764404 0.016888856887817383
vt 0.03786323964595795 0.016842246055603027
vt 0.02799304388463497 0.03231918811798096
vt 0.027164386585354805 0.03224974870681763
vt 0.02724136970937252 0.031665682792663574
vt 0.028541607782244682 0.032131850719451904
vt 0.02799304388463497 0.03231918811798096
vt 0.02790932171046734 0.031715989112854004
vt 0.02799304388463497 0.03231918811798096
vt 0.028541607782244682 0.032131850719451904
vt 0.028678426519036293 0.03282463550567627
vt 0.027164386585354805 0.03224974870681763
vt 0.02799304388463497 0.03231918811798096
vt 0.02802976407110691 0.03287220001220703
vt 0.028042176738381386 0.03343933820724487
vt 0.027194442227482796 0.03357750177383423
vt 0.027163716033101082 0.03289318084716797
vt 0.028684647753834724 0.033516526222229004
vt 0.028042176738381386 0.03343933820724487
vt 0.02802976407110691 0.03287220001220703
vt 0.028042176738381386 0.03343933820724487
vt 0.028684647753834724 0.033516526222229004
vt 0.028665607795119286 0.034024953842163086
vt 0.027194442227482796 0.03357750177383423
vt 0.028042176738381386 0.03343933820724487
vt 0.028066294267773628 0.0340154767036438
vt 0.020239509642124176 0.028685688972473145
vt 0.021014833822846413 0.028686165809631348
vt 0.021009031683206558 0.029281914234161377
vt 0.01967269368469715 0.02857261896133423
vt 0.020239509642124176 0.028685688972473145
vt 0.020141854882240295 0.029298603534698486
vt 0.020239509642124176 0.028685688972473145
vt 0.01967269368469715 0.02857261896133423
vt 0.019943201914429665 0.028227031230926514
vt 0.021014833822846413 0.028686165809631348
vt 0.020239509642124176 0.028685688972473145
vt 0.020381495356559753 0.028188884258270264
vt 0.029857909306883812 0.020479202270507812
vt 0.029820924624800682 0.02108299732208252
vt 0.02944036014378071 0.021110475063323975
vt 0.02981664426624775 0.019836068153381348
vt 0.029857909306883812 0.020479202270507812
vt 0.029496928676962852 0.020479977130889893
vt 0.029857909306883812 0.020479202270507812
vt 0.02981664426624775 0.019836068153381348
vt 0.030245641246438026 0.019834458827972412
vt 0.029820924624800682 0.02108299732208252
vt 0.029857909306883812 0.020479202270507812
vt 0.030259722843766212 0.020476818084716797
vt 0.030822651460766792 0.020470917224884033
vt 0.03083045221865177 0.021030724048614502
vt 0.030254429206252098 0.02104806900024414
vt 0.03081558458507061 0.01982957124710083
vt 0.030822651460766792 0.020470917224884033
vt 0.030259722843766212 0.020476818084716797
vt 0.030822651460766792 0.020470917224884033
vt 0.03081558458507061 0.01982957124710083
vt 0.031306035816669464 0.019823670387268066
vt 0.03083045221865177 0.021030724048614502
vt 0.030822651460766792 0.020470917224884033
vt 0.031320780515670776 0.020464003086090088
vt 0.03412586450576782 0.018794000148773193
vt 0.033465661108493805 0.018505513668060303
vt 0.033635713160037994 0.018216192722320557
vt 0.03475143760442734 0.018834710121154785
vt 0.03412586450576782 0.018794000148773193
vt 0.03400356322526932 0.018251419067382812
vt 0.03412586450576782 0.018794000148773193
vt 0.03475143760442734 0.018834710121154785
vt 0.03488301485776901 0.019658148288726807
vt 0.033465661108493805 0.018505513668060303
vt 0.03412586450576782 0.018794000148773193
vt 0.03399679809808731 0.0195157527923584
vt 0.029121672734618187 0.02920377254486084
vt 0.028997862711548805 0.02983337640762329
vt 0.028596198186278343 0.02976471185684204
vt 0.029145168140530586 0.028734445571899414
vt 0.029121672734618187 0.02920377254486084
vt 0.028600947931408882 0.029237747192382812
vt 0.029121672734618187 0.02920377254486084
vt 0.029145168140530586 0.028734445571899414
vt 0.029783407226204872 0.028777122497558594
vt 0.028997862711548805 0.02983337640762329
vt 0.029121672734618187 0.02920377254486084
vt 0.029758987948298454 0.029265284538269043
vt 0.030421113595366478 0.02928262948989868
vt 0.03041171468794346 0.029943108558654785
vt 0.02965114824473858 0.02999138832092285
vt 0.030423292890191078 0.028798162937164307
vt 0.030421113595366478 0.02928262948989868
vt 0.029758987948298454 0.029265284538269043
vt 0.030421113595366478 0.02928262948989868
vt 0.030423292890191078 0.028798162937164307
vt 0.030824830755591393 0.028895676136016846
vt 0.03041171468794346 0.029943108558654785
vt 0.030421113595366478 0.02928262948989868
vt 0.030926285311579704 0.029291629791259766
vt 0.026535367593169212 0.03229719400405884
vt 0.025782333686947823 0.03218352794647217
vt 0.02586464025080204 0.031762897968292236
vt 0.027164386585354805 0.03224974870681763
vt 0.026535367593169212 0.03229719400405884
vt 0.026474783197045326 0.03172290325164795
vt 0.026535367593169212 0.03229719400405884
vt 0.027164386585354805 0.03224974870681763
vt 0.027163716033101082 0.03289318084716797
vt 0.025782333686947823 0.03218352794647217
vt 0.026535367593169212 0.03229719400405884
vt 0.026532845571637154 0.032896578311920166
vt 0.02652755193412304 0.03351014852523804
vt 0.02573052980005741 0.03356587886810303
vt 0.025724945589900017 0.03287672996520996
vt 0.027194442227482796 0.03357750177383423
vt 0.02652755193412304 0.03351014852523804
vt 0.026532845571637154 0.032896578311920166
vt 0.02652755193412304 0.03351014852523804
vt 0.027194442227482796 0.03357750177383423
vt 0.02710609696805477 0.03422367572784424
vt 0.02573052980005741 0.03356587886810303
vt 0.02652755193412304 0.03351014852523804
vt 0.02640937827527523 0.034065186977386475
vt 0.021706851199269295 0.028645634651184082
vt 0.02219407446682453 0.02851337194442749
vt 0.022387685254216194 0.029136180877685547
vt 0.021014833822846413 0.028686165809631348
vt 0.021706851199269295 0.028645634651184082
vt 0.021760085597634315 0.029237687587738037
vt 0.021706851199269295 0.028645634651184082
vt 0.021014833822846413 0.028686165809631348
vt 0.021027816459536552 0.02818375825881958
vt 0.02219407446682453 0.02851337194442749
vt 0.021706851199269295 0.028645634651184082
vt 0.021654324606060982 0.028140366077423096
vt 0.029702039435505867 0.021602928638458252
vt 0.029573732987046242 0.022198379039764404
vt 0.0289506446570158 0.02238917350769043
vt 0.029820924624800682 0.02108299732208252
vt 0.029702039435505867 0.021602928638458252
vt 0.029263848438858986 0.021721303462982178
vt 0.029702039435505867 0.021602928638458252
vt 0.029820924624800682 0.02108299732208252
vt 0.030254429206252098 0.02104806900024414
vt 0.029573732987046242 0.022198379039764404
vt 0.029702039435505867 0.021602928638458252
vt 0.030227983370423317 0.021471381187438965
vt 0.030836710706353188 0.02142190933227539
vt 0.03084043599665165 0.021776795387268066
vt 0.03019575960934162 0.021975994110107422
vt 0.03083045221865177 0.021030724048614502
vt 0.030836710706353188 0.02142190933227539
vt 0.030227983370423317 0.021471381187438965
vt 0.030836710706353188 0.02142190933227539
vt 0.03083045221865177 0.021030724048614502
vt 0.03148242086172104 0.021056771278381348
vt 0.03084043599665165 0.021776795387268066
vt 0.030836710706353188 0.02142190933227539
vt 0.03148346394300461 0.021458446979522705
vt 0.032101914286613464 0.021575212478637695
vt 0.03213193267583847 0.021988630294799805
vt 0.031484752893447876 0.021833062171936035
vt 0.03212519735097885 0.021199285984039307
vt 0.032101914286613464 0.021575212478637695
vt 0.03148346394300461 0.021458446979522705
vt 0.032101914286613464 0.021575212478637695
vt 0.03212519735097885 0.021199285984039307
vt 0.0325176864862442 0.021316587924957275
vt 0.03213193267583847 0.021988630294799805
vt 0.032101914286613464 0.021575212478637695
vt 0.032595306634902954 0.02169179916381836
vt 0.03733441233634949 0.030852019786834717
vt 0.03714326024055481 0.029863834381103516
vt 0.03761863708496094 0.029684901237487793
vt 0.03747434914112091 0.03114330768585205
vt 0.03733441233634949 0.030852019786834717
vt 0.03785911202430725 0.029972076416015625
vt 0.03733441233634949 0.030852019786834717
vt 0.03747434914112091 0.03114330768585205
vt 0.03703663498163223 0.03147268295288086
vt 0.03714326024055481 0.029863834381103516
vt 0.03733441233634949 0.030852019786834717
vt 0.03686513751745224 0.03142571449279785
vt 0.030457058921456337 0.030593574047088623
vt 0.030475275591015816 0.031071722507476807
vt 0.030019627884030342 0.03098684549331665
vt 0.03041171468794346 0.029943108558654785
vt 0.030457058921456337 0.030593574047088623
vt 0.029899174347519875 0.03061920404434204
vt 0.030457058921456337 0.030593574047088623
vt 0.03041171468794346 0.029943108558654785
vt 0.030943384394049644 0.029931187629699707
vt 0.030475275591015816 0.031071722507476807
vt 0.030457058921456337 0.030593574047088623
vt 0.03097616322338581 0.03056955337524414
vt 0.03736574947834015 0.024659693241119385
vt 0.03731827437877655 0.024141907691955566
vt 0.03769703954458237 0.024153292179107666
vt 0.037423402070999146 0.025219440460205078
vt 0.03736574947834015 0.024659693241119385
vt 0.037867724895477295 0.024533569812774658
vt 0.03736574947834015 0.024659693241119385
vt 0.037423402070999146 0.025219440460205078
vt 0.036706507205963135 0.025237619876861572
vt 0.03731827437877655 0.024141907691955566
vt 0.03736574947834015 0.024659693241119385
vt 0.03669004142284393 0.024693548679351807
vt 0.03601390868425369 0.024704158306121826
vt 0.03597377985715866 0.024126172065734863
vt 0.03667565435171127 0.024487614631652832
vt 0.036011017858982086 0.025251269340515137
vt 0.03601390868425369 0.024704158306121826
vt 0.03669004142284393 0.024693548679351807
vt 0.03601390868425369 0.024704158306121826
vt 0.036011017858982086 0.025251269340515137
vt 0.035278141498565674 0.025181949138641357
vt 0.03597377985715866 0.024126172065734863
vt 0.03601390868425369 0.024704158306121826
vt 0.03544500470161438 0.024586081504821777
vt 0.02848079986870289 0.02325981855392456
vt 0.028433287516236305 0.02398979663848877
vt 0.027903126552700996 0.02424246072769165
vt 0.02843332476913929 0.02261805534362793
vt 0.02848079986870289 0.02325981855392456
vt 0.028079846873879433 0.02333742380142212
vt 0.02848079986870289 0.02325981855392456
vt 0.02843332476913929 0.02261805534362793
vt 0.0289506446570158 0.02238917350769043
vt 0.028433287516236305 0.02398979663848877
vt 0.02848079986870289 0.02325981855392456
vt 0.02894202060997486 0.023105502128601074
vt 0.029525907710194588 0.023033618927001953
vt 0.029520006850361824 0.02387326955795288
vt 0.028929339721798897 0.0238192081451416
vt 0.029573732987046242 0.022198379039764404
vt 0.029525907710194588 0.023033618927001953
vt 0.02894202060997486 0.023105502128601074
vt 0.029525907710194588 0.023033618927001953
vt 0.029573732987046242 0.022198379039764404
vt 0.03019575960934162 0.021975994110107422
vt 0.029520006850361824 0.02387326955795288
vt 0.029525907710194588 0.023033618927001953
vt 0.03003573976457119 0.023023009300231934
vt 0.023490702733397484 0.029331088066101074
vt 0.022933045402169228 0.029266297817230225
vt 0.023034853860735893 0.028900742530822754
vt 0.024063410237431526 0.029267728328704834
vt 0.023490702733397484 0.029331088066101074
vt 0.023498734459280968 0.028833389282226562
vt 0.023490702733397484 0.029331088066101074
vt 0.024063410237431526 0.029267728328704834
vt 0.024141253903508186 0.02988201379776001
vt 0.022933045402169228 0.029266297817230225
vt 0.023490702733397484 0.029331088066101074
vt 0.02348942495882511 0.029860854148864746
vt 0.03285050392150879 0.02732187509536743
vt 0.03233238309621811 0.027418196201324463
vt 0.03243037313222885 0.027027249336242676
vt 0.033310987055301666 0.027101874351501465
vt 0.03285050392150879 0.02732187509536743
vt 0.03280852735042572 0.0269089937210083
vt 0.03285050392150879 0.02732187509536743
vt 0.033310987055301666 0.027101874351501465
vt 0.0335063710808754 0.027574479579925537
vt 0.03233238309621811 0.027418196201324463
vt 0.03285050392150879 0.02732187509536743
vt 0.032835885882377625 0.02787238359451294
vt 0.03276403993368149 0.02861887216567993
vt 0.03211665898561478 0.028766155242919922
vt 0.03215883672237396 0.028099894523620605
vt 0.03333011269569397 0.02859574556350708
vt 0.03276403993368149 0.02861887216567993
vt 0.032835885882377625 0.02787238359451294
vt 0.03276403993368149 0.02861887216567993
vt 0.03333011269569397 0.02859574556350708
vt 0.03327483683824539 0.02922147512435913
vt 0.03211665898561478 0.028766155242919922
vt 0.03276403993368149 0.02861887216567993
vt 0.03277876228094101 0.029322683811187744
vt 0.023855142295360565 0.02657914161682129
vt 0.02382154017686844 0.02583467960357666
vt 0.024210676550865173 0.025764167308807373
vt 0.023856041952967644 0.02736067771911621
vt 0.023855142295360565 0.02657914161682129
vt 0.024385593831539154 0.026262342929840088
vt 0.023855142295360565 0.02657914161682129
vt 0.023856041952967644 0.02736067771911621
vt 0.023150723427534103 0.027249813079833984
vt 0.02382154017686844 0.02583467960357666
vt 0.023855142295360565 0.02657914161682129
vt 0.023305324837565422 0.026398003101348877
vt 0.024980323389172554 0.0334506630897522
vt 0.024974284693598747 0.03295576572418213
vt 0.02561601810157299 0.032996952533721924
vt 0.024977488443255424 0.03386855125427246
vt 0.024980323389172554 0.0334506630897522
vt 0.025624999776482582 0.03363698720932007
vt 0.024980323389172554 0.0334506630897522
vt 0.024977488443255424 0.03386855125427246
vt 0.024288535118103027 0.03366345167160034
vt 0.024974284693598747 0.03295576572418213
vt 0.024980323389172554 0.0334506630897522
vt 0.024305304512381554 0.03331196308135986
vt 0.023572171106934547 0.03326725959777832
vt 0.0236575398594141 0.03291785717010498
vt 0.02432361990213394 0.03292572498321533
vt 0.02351621352136135 0.03359860181808472
vt 0.023572171106934547 0.03326725959777832
vt 0.024305304512381554 0.03331196308135986
vt 0.023572171106934547 0.03326725959777832
vt 0.02351621352136135 0.03359860181808472
vt 0.022710872814059258 0.03376054763793945
vt 0.0236575398594141 0.03291785717010498
vt 0.023572171106934547 0.03326725959777832
vt 0.022867145016789436 0.03331857919692993
vt 0.02227715030312538 0.03346443176269531
vt 0.022367609664797783 0.03296726942062378
vt 0.022998185828328133 0.03293192386627197
vt 0.022178901359438896 0.03400766849517822
vt 0.02227715030312538 0.03346443176269531
vt 0.022867145016789436 0.03331857919692993
vt 0.02227715030312538 0.03346443176269531
vt 0.022178901359438896 0.03400766849517822
vt 0.02168814279139042 0.034179627895355225
vt 0.022367609664797783 0.03296726942062378
vt 0.02227715030312538 0.03346443176269531
vt 0.02171761728823185 0.0335698127746582
vt 0.021104445680975914 0.033508896827697754
vt 0.021111296489834785 0.0329706072807312
vt 0.021745583042502403 0.03299057483673096
vt 0.021099556237459183 0.034123122692108154
vt 0.021104445680975914 0.033508896827697754
vt 0.02171761728823185 0.0335698127746582
vt 0.021104445680975914 0.033508896827697754
vt 0.021099556237459183 0.034123122692108154
vt 0.020453108474612236 0.03392750024795532
vt 0.021111296489834785 0.0329706072807312
vt 0.021104445680975914 0.033508896827697754
vt 0.02046583779156208 0.03335767984390259
vt 0.019839948043227196 0.03319758176803589
vt 0.01983642764389515 0.032697200775146484
vt 0.020472779870033264 0.03288000822067261
vt 0.01981245167553425 0.03367424011230469
vt 0.019839948043227196 0.03319758176803589
vt 0.02046583779156208 0.03335767984390259
vt 0.019839948043227196 0.03319758176803589
vt 0.01981245167553425 0.03367424011230469
vt 0.01942720264196396 0.033602237701416016
vt 0.01983642764389515 0.032697200775146484
vt 0.019839948043227196 0.03319758176803589
vt 0.01933852769434452 0.03316974639892578
vt 0.02659021131694317 0.027733266353607178
vt 0.02658899314701557 0.027150273323059082
vt 0.02697543241083622 0.02717679738998413
vt 0.02659480832517147 0.028225421905517578
vt 0.02659021131694317 0.027733266353607178
vt 0.02709401212632656 0.0276181697845459
vt 0.02659021131694317 0.027733266353607178
vt 0.02659480832517147 0.028225421905517578
vt 0.02620002068579197 0.02816462516784668
vt 0.02658899314701557 0.027150273323059082
vt 0.02659021131694317 0.027733266353607178
vt 0.026082532480359077 0.02778559923171997
vt 0.031470999121665955 0.02875441312789917
vt 0.03097238950431347 0.028704404830932617
vt 0.031094083562493324 0.02831447124481201
vt 0.03211665898561478 0.028766155242919922
vt 0.031470999121665955 0.02875441312789917
vt 0.031498126685619354 0.02825409173965454
vt 0.031470999121665955 0.02875441312789917
vt 0.03211665898561478 0.028766155242919922
vt 0.032312750816345215 0.029493510723114014
vt 0.03097238950431347 0.028704404830932617
vt 0.031470999121665955 0.02875441312789917
vt 0.031398266553878784 0.02925020456314087
vt 0.03429044783115387 0.02629876136779785
vt 0.0344444140791893 0.025810658931732178
vt 0.03508453071117401 0.02600729465484619
vt 0.03413777053356171 0.026784300804138184
vt 0.03429044783115387 0.02629876136779785
vt 0.03475941717624664 0.026505768299102783
vt 0.03429044783115387 0.02629876136779785
vt 0.03413777053356171 0.026784300804138184
vt 0.033546626567840576 0.026709377765655518
vt 0.0344444140791893 0.025810658931732178
vt 0.03429044783115387 0.02629876136779785
vt 0.03382012993097305 0.026095688343048096
vt 0.024968279525637627 0.03236311674118042
vt 0.024962643161416054 0.031722068786621094
vt 0.025603188201785088 0.03171616792678833
vt 0.024974284693598747 0.03295576572418213
vt 0.024968279525637627 0.03236311674118042
vt 0.025609051808714867 0.03235673904418945
vt 0.024968279525637627 0.03236311674118042
vt 0.024974284693598747 0.03295576572418213
vt 0.02432361990213394 0.03292572498321533
vt 0.024962643161416054 0.031722068786621094
vt 0.024968279525637627 0.03236311674118042
vt 0.024326546117663383 0.032368600368499756
vt 0.023684101179242134 0.03237253427505493
vt 0.02368135191500187 0.0317310094833374
vt 0.02432199753820896 0.03172719478607178
vt 0.0236575398594141 0.03291785717010498
vt 0.023684101179242134 0.03237253427505493
vt 0.024326546117663383 0.032368600368499756
vt 0.023684101179242134 0.03237253427505493
vt 0.0236575398594141 0.03291785717010498
vt 0.022998185828328133 0.03293192386627197
vt 0.02368135191500187 0.0317310094833374
vt 0.023684101179242134 0.03237253427505493
vt 0.023041492328047752 0.03237420320510864
vt 0.022399136796593666 0.032373249530792236
vt 0.022401023656129837 0.031732380390167236
vt 0.023040972650051117 0.03173285722732544
vt 0.022367609664797783 0.03296726942062378
vt 0.022399136796593666 0.032373249530792236
vt 0.023041492328047752 0.03237420320510864
vt 0.022399136796593666 0.032373249530792236
vt 0.022367609664797783 0.03296726942062378
vt 0.021745583042502403 0.03299057483673096
vt 0.022401023656129837 0.031732380390167236
vt 0.022399136796593666 0.032373249530792236
vt 0.021757667884230614 0.032369792461395264
vt 0.02111704833805561 0.032364487648010254
vt 0.021122228354215622 0.03172498941421509
vt 0.02176153101027012 0.03172957897186279
vt 0.021111296489834785 0.0329706072807312
vt 0.02111704833805561 0.032364487648010254
vt 0.021757667884230614 0.032369792461395264
vt 0.02111704833805561 0.032364487648010254
vt 0.021111296489834785 0.0329706072807312
vt 0.020472779870033264 0.03288000822067261
vt 0.021122228354215622 0.03172498941421509
vt 0.02111704833805561 0.032364487648010254
vt 0.02047768048942089 0.03232073783874512
vt 0.01983804814517498 0.03220248222351074
vt 0.019844064489006996 0.03171354532241821
vt 0.020482975989580154 0.0317196249961853
vt 0.01983642764389515 0.032697200775146484
vt 0.01983804814517498 0.03220248222351074
vt 0.02047768048942089 0.03232073783874512
vt 0.01983804814517498 0.03220248222351074
vt 0.01983642764389515 0.032697200775146484
vt 0.01919037289917469 0.03252679109573364
vt 0.019844064489006996 0.03171354532241821
vt 0.01983804814517498 0.03220248222351074
vt 0.019199898466467857 0.032079339027404785
vt 0.03004843182861805 0.015513956546783447
vt 0.030046707019209862 0.015175163745880127
vt 0.030687833204865456 0.01517021656036377
vt 0.03005063347518444 0.015883266925811768
vt 0.03004843182861805 0.015513956546783447
vt 0.030690999701619148 0.015545785427093506
vt 0.03004843182861805 0.015513956546783447
vt 0.03005063347518444 0.015883266925811768
vt 0.029409153386950493 0.015939712524414062
vt 0.030046707019209862 0.015175163745880127
vt 0.03004843182861805 0.015513956546783447
vt 0.029405100271105766 0.015552997589111328
vt 0.028762416914105415 0.01566416025161743
vt 0.02876420132815838 0.0151749849319458
vt 0.029405126348137856 0.015176653861999512
vt 0.02876582182943821 0.016102194786071777
vt 0.028762416914105415 0.01566416025161743
vt 0.029405100271105766 0.015552997589111328
vt 0.028762416914105415 0.01566416025161743
vt 0.02876582182943821 0.016102194786071777
vt 0.028122911229729652 0.01626497507095337
vt 0.02876420132815838 0.0151749849319458
vt 0.028762416914105415 0.01566416025161743
vt 0.028121603652834892 0.015774667263031006
vt 0.02748180739581585 0.015811383724212646
vt 0.027482884004712105 0.015170931816101074
vt 0.02812364138662815 0.015172481536865234
vt 0.02748207189142704 0.016319453716278076
vt 0.02748180739581585 0.015811383724212646
vt 0.028121603652834892 0.015774667263031006
vt 0.02748180739581585 0.015811383724212646
vt 0.02748207189142704 0.016319453716278076
vt 0.026814045384526253 0.016451120376586914
vt 0.027482884004712105 0.015170931816101074
vt 0.02748180739581585 0.015811383724212646
vt 0.026841478422284126 0.015811145305633545
vt 0.026305655017495155 0.016073286533355713
vt 0.025680413469672203 0.016224265098571777
vt 0.025627342984080315 0.015218913555145264
vt 0.026814045384526253 0.01589357852935791
vt 0.026305655017495155 0.016073286533355713
vt 0.026272041723132133 0.015189170837402344
vt 0.026305655017495155 0.016073286533355713
vt 0.026814045384526253 0.01589357852935791
vt 0.02675139717757702 0.01640951633453369
vt 0.025680413469672203 0.016224265098571777
vt 0.026305655017495155 0.016073286533355713
vt 0.026359664276242256 0.016754984855651855
vt 0.03135966509580612 0.01583397388458252
vt 0.030774394050240517 0.01590520143508911
vt 0.030798306688666344 0.015173912048339844
vt 0.031943872570991516 0.0159146785736084
vt 0.03135966509580612 0.01583397388458252
vt 0.03148616850376129 0.015175879001617432
vt 0.03135966509580612 0.01583397388458252
vt 0.031943872570991516 0.0159146785736084
vt 0.0317113995552063 0.016432464122772217
vt 0.030774394050240517 0.01590520143508911
vt 0.03135966509580612 0.01583397388458252
vt 0.03126329928636551 0.01646113395690918
vt 0.028885552659630775 0.027721822261810303
vt 0.028348123654723167 0.027642011642456055
vt 0.02820015884935856 0.02685326337814331
vt 0.029523806646466255 0.02784097194671631
vt 0.028885552659630775 0.027721822261810303
vt 0.028882944956421852 0.02699756622314453
vt 0.028885552659630775 0.027721822261810303
vt 0.029523806646466255 0.02784097194671631
vt 0.029523702338337898 0.028659820556640625
vt 0.028348123654723167 0.027642011642456055
vt 0.028885552659630775 0.027721822261810303
vt 0.028877900913357735 0.028471648693084717
vt 0.030176231637597084 0.027767539024353027
vt 0.029523806646466255 0.02784097194671631
vt 0.029526008293032646 0.027037084102630615
vt 0.030659666284918785 0.027570009231567383
vt 0.030176231637597084 0.027767539024353027
vt 0.030177319422364235 0.027048945426940918
vt 0.030176231637597084 0.027767539024353027
vt 0.030659666284918785 0.027570009231567383
vt 0.030717497691512108 0.028251826763153076
vt 0.029523806646466255 0.02784097194671631
vt 0.030176231637597084 0.027767539024353027
vt 0.030173292383551598 0.028483450412750244
vt 0.026957551017403603 0.021928906440734863
vt 0.0263714287430048 0.02193349599838257
vt 0.026599379256367683 0.021510720252990723
vt 0.027566885575652122 0.021981358528137207
vt 0.026957551017403603 0.021928906440734863
vt 0.027061792090535164 0.021407783031463623
vt 0.026957551017403603 0.021928906440734863
vt 0.027566885575652122 0.021981358528137207
vt 0.02732035331428051 0.022582948207855225
vt 0.0263714287430048 0.02193349599838257
vt 0.026957551017403603 0.021928906440734863
vt 0.02679605968296528 0.022529542446136475
vt 0.019695328548550606 0.022808194160461426
vt 0.019177353009581566 0.022858262062072754
vt 0.01909136399626732 0.02219986915588379
vt 0.020202500745654106 0.022773563861846924
vt 0.019695328548550606 0.022808194160461426
vt 0.01976691745221615 0.02220100164413452
vt 0.019695328548550606 0.022808194160461426
vt 0.020202500745654106 0.022773563861846924
vt 0.02011972852051258 0.023472368717193604
vt 0.019177353009581566 0.022858262062072754
vt 0.019695328548550606 0.022808194160461426
vt 0.019632695242762566 0.023490726947784424
vt 0.02529926784336567 0.027376890182495117
vt 0.024785788729786873 0.027382612228393555
vt 0.02500753290951252 0.026957452297210693
vt 0.02581300027668476 0.027371883392333984
vt 0.02529926784336567 0.027376890182495117
vt 0.02542928420007229 0.02683323621749878
vt 0.02529926784336567 0.027376890182495117
vt 0.02581300027668476 0.027371883392333984
vt 0.025589609518647194 0.028047263622283936
vt 0.024785788729786873 0.027382612228393555
vt 0.02529926784336567 0.027376890182495117
vt 0.025069912895560265 0.028052031993865967
vt 0.02919687144458294 0.03221011161804199
vt 0.028700122609734535 0.03233152627944946
vt 0.02849719114601612 0.031683266162872314
vt 0.029848890379071236 0.032195329666137695
vt 0.02919687144458294 0.03221011161804199
vt 0.029158325865864754 0.031613171100616455
vt 0.02919687144458294 0.03221011161804199
vt 0.029848890379071236 0.032195329666137695
vt 0.02986530400812626 0.032998502254486084
vt 0.028700122609734535 0.03233152627944946
vt 0.02919687144458294 0.03221011161804199
vt 0.029241377487778664 0.03302621841430664
vt 0.030519502237439156 0.03220587968826294
vt 0.029848890379071236 0.032195329666137695
vt 0.02979741431772709 0.031605660915374756
vt 0.031068826094269753 0.03224611282348633
vt 0.030519502237439156 0.03220587968826294
vt 0.030431753024458885 0.031649649143218994
vt 0.030519502237439156 0.03220587968826294
vt 0.031068826094269753 0.03224611282348633
vt 0.03106399066746235 0.032923221588134766
vt 0.029848890379071236 0.032195329666137695
vt 0.030519502237439156 0.03220587968826294
vt 0.030533233657479286 0.03291529417037964
vt 0.032869525253772736 0.03215503692626953
vt 0.032407037913799286 0.03218567371368408
vt 0.0322595089673996 0.031605660915374756
vt 0.03331422805786133 0.03211700916290283
vt 0.032869525253772736 0.03215503692626953
vt 0.03282605856657028 0.03160828351974487
vt 0.032869525253772736 0.03215503692626953
vt 0.03331422805786133 0.03211700916290283
vt 0.03365083783864975 0.032792627811431885
vt 0.032407037913799286 0.03218567371368408
vt 0.032869525253772736 0.03215503692626953
vt 0.0329994261264801 0.0328211784362793
vt 0.025077523663640022 0.029900074005126953
vt 0.024438677355647087 0.029846549034118652
vt 0.02463723160326481 0.02942603826522827
vt 0.02572743035852909 0.02998441457748413
vt 0.025077523663640022 0.029900074005126953
vt 0.025165794417262077 0.029328465461730957
vt 0.025077523663640022 0.029900074005126953
vt 0.02572743035852909 0.02998441457748413
vt 0.02543305791914463 0.030437827110290527
vt 0.024438677355647087 0.029846549034118652
vt 0.025077523663640022 0.029900074005126953
vt 0.02495131827890873 0.030504882335662842
vt 0.03589697182178497 0.02349478006362915
vt 0.035322219133377075 0.02362954616546631
vt 0.035031758248806 0.022967398166656494
vt 0.03665131330490112 0.023839175701141357
vt 0.03589697182178497 0.02349478006362915
vt 0.03584015369415283 0.022892892360687256
vt 0.03589697182178497 0.02349478006362915
vt 0.03665131330490112 0.023839175701141357
vt 0.03667565435171127 0.024487614631652832
vt 0.035322219133377075 0.02362954616546631
vt 0.03589697182178497 0.02349478006362915
vt 0.03597377985715866 0.024126172065734863
vt 0.037309713661670685 0.023607909679412842
vt 0.03665131330490112 0.023839175701141357
vt 0.036614932119846344 0.022947192192077637
vt 0.03784026950597763 0.023769497871398926
vt 0.037309713661670685 0.023607909679412842
vt 0.03732214868068695 0.02305769920349121
vt 0.037309713661670685 0.023607909679412842
vt 0.03784026950597763 0.023769497871398926
vt 0.03769703954458237 0.024153292179107666
vt 0.03665131330490112 0.023839175701141357
vt 0.037309713661670685 0.023607909679412842
vt 0.03731827437877655 0.024141907691955566
vt 0.019846534356474876 0.016060709953308105
vt 0.019295576959848404 0.01607954502105713
vt 0.01919037289917469 0.015392303466796875
vt 0.02048683911561966 0.016064584255218506
vt 0.019846534356474876 0.016060709953308105
vt 0.019832918420433998 0.015398204326629639
vt 0.019846534356474876 0.016060709953308105
vt 0.02048683911561966 0.016064584255218506
vt 0.020481429994106293 0.016745150089263916
vt 0.019295576959848404 0.01607954502105713
vt 0.019846534356474876 0.016060709953308105
vt 0.019834300503134727 0.0165824294090271
vt 0.021136097609996796 0.016056180000305176
vt 0.02048683911561966 0.016064584255218506
vt 0.02048099972307682 0.015391290187835693
vt 0.021784583106637 0.016042113304138184
vt 0.021136097609996796 0.016056180000305176
vt 0.02112538181245327 0.015384078025817871
vt 0.021136097609996796 0.016056180000305176
vt 0.021784583106637 0.016042113304138184
vt 0.021802188828587532 0.016723215579986572
vt 0.02048683911561966 0.016064584255218506
vt 0.021136097609996796 0.016056180000305176
vt 0.02114776335656643 0.0167425274848938
vt 0.022432005032896996 0.016025066375732422
vt 0.021784583106637 0.016042113304138184
vt 0.021769357845187187 0.015371382236480713
vt 0.02307923696935177 0.016006827354431152
vt 0.022432005032896996 0.016025066375732422
vt 0.02241361327469349 0.01535499095916748
vt 0.022432005032896996 0.016025066375732422
vt 0.02307923696935177 0.016006827354431152
vt 0.023098817095160484 0.01668846607208252
vt 0.021784583106637 0.016042113304138184
vt 0.022432005032896996 0.016025066375732422
vt 0.02245052345097065 0.016705036163330078
vt 0.02372760884463787 0.01598501205444336
vt 0.02307923696935177 0.016006827354431152
vt 0.023057905957102776 0.015336155891418457
vt 0.024378793314099312 0.01601409912109375
vt 0.02372760884463787 0.01598501205444336
vt 0.023701656609773636 0.015313982963562012
vt 0.02372760884463787 0.01598501205444336
vt 0.024378793314099312 0.01601409912109375
vt 0.024421731010079384 0.016696572303771973
vt 0.02307923696935177 0.016006827354431152
vt 0.02372760884463787 0.01598501205444336
vt 0.023754194378852844 0.016670584678649902
vt 0.025034232065081596 0.01614844799041748
vt 0.024378793314099312 0.01601409912109375
vt 0.024344556033611298 0.015286684036254883
vt 0.025680413469672203 0.016224265098571777
vt 0.025034232065081596 0.01614844799041748
vt 0.024985847994685173 0.015253841876983643
vt 0.025034232065081596 0.01614844799041748
vt 0.025680413469672203 0.016224265098571777
vt 0.025730354711413383 0.01699376106262207
vt 0.024378793314099312 0.01601409912109375
vt 0.025034232065081596 0.01614844799041748
vt 0.025074852630496025 0.016838908195495605
vt 0.02876892499625683 0.03060591220855713
vt 0.028263034299016 0.03071504831314087
vt 0.028101148083806038 0.030070066452026367
vt 0.029274815693497658 0.03071504831314087
vt 0.02876892499625683 0.03060591220855713
vt 0.02876892499625683 0.0300215482711792
vt 0.02876892499625683 0.03060591220855713
vt 0.029274815693497658 0.03071504831314087
vt 0.029157252982258797 0.03117913007736206
vt 0.028263034299016 0.03071504831314087
vt 0.02876892499625683 0.03060591220855713
vt 0.02876892499625683 0.031233549118041992
vt 0.036449134349823 0.03319692611694336
vt 0.035848237574100494 0.03305548429489136
vt 0.03572481870651245 0.03239774703979492
vt 0.03703787922859192 0.0333365797996521
vt 0.036449134349823 0.03319692611694336
vt 0.03654266148805618 0.032673776149749756
vt 0.036449134349823 0.03319692611694336
vt 0.03703787922859192 0.0333365797996521
vt 0.03701657056808472 0.03392678499221802
vt 0.035848237574100494 0.03305548429489136
vt 0.036449134349823 0.03319692611694336
vt 0.036396220326423645 0.03373456001281738
vt 0.03754231333732605 0.03325057029724121
vt 0.03703787922859192 0.0333365797996521
vt 0.036999523639678955 0.03291136026382446
vt 0.03804223984479904 0.03315925598144531
vt 0.03754231333732605 0.03325057029724121
vt 0.03738401085138321 0.03273802995681763
vt 0.03754231333732605 0.03325057029724121
vt 0.03804223984479904 0.03315925598144531
vt 0.03802967071533203 0.033564627170562744
vt 0.03703787922859192 0.0333365797996521
vt 0.03754231333732605 0.03325057029724121
vt 0.03766476362943649 0.03375053405761719
vt 0.01975470595061779 0.021339476108551025
vt 0.019247421994805336 0.021359741687774658
vt 0.01909136399626732 0.020668387413024902
vt 0.02039792388677597 0.02133888006210327
vt 0.01975470595061779 0.021339476108551025
vt 0.019737519323825836 0.020673513412475586
vt 0.01975470595061779 0.021339476108551025
vt 0.02039792388677597 0.02133888006210327
vt 0.02034527063369751 0.02202361822128296
vt 0.019247421994805336 0.021359741687774658
vt 0.01975470595061779 0.021339476108551025
vt 0.019696608185768127 0.021863579750061035
vt 0.021049106493592262 0.021329224109649658
vt 0.02039792388677597 0.02133888006210327
vt 0.020388904958963394 0.020663082599639893
vt 0.021695388481020927 0.021322190761566162
vt 0.021049106493592262 0.021329224109649658
vt 0.021036555990576744 0.020653843879699707
vt 0.021049106493592262 0.021329224109649658
vt 0.021695388481020927 0.021322190761566162
vt 0.021704433485865593 0.021992504596710205
vt 0.02039792388677597 0.02133888006210327
vt 0.021049106493592262 0.021329224109649658
vt 0.021059924736618996 0.022004246711730957
vt 0.022337503731250763 0.0213165283203125
vt 0.021695388481020927 0.021322190761566162
vt 0.02168355882167816 0.020642399787902832
vt 0.022979630157351494 0.02131175994873047
vt 0.022337503731250763 0.0213165283203125
vt 0.022331954911351204 0.020633339881896973
vt 0.022337503731250763 0.0213165283203125
vt 0.022979630157351494 0.02131175994873047
vt 0.02298142947256565 0.021982192993164062
vt 0.021695388481020927 0.021322190761566162
vt 0.022337503731250763 0.0213165283203125
vt 0.02234291099011898 0.02198469638824463
vt 0.02362602762877941 0.021308302879333496
vt 0.022979630157351494 0.02131175994873047
vt 0.022980405017733574 0.020631849765777588
vt 0.024277539923787117 0.02130734920501709
vt 0.02362602762877941 0.021308302879333496
vt 0.023627521470189095 0.02063274383544922
vt 0.02362602762877941 0.021308302879333496
vt 0.024277539923787117 0.02130734920501709
vt 0.02429252490401268 0.021992504596710205
vt 0.022979630157351494 0.02131175994873047
vt 0.02362602762877941 0.021308302879333496
vt 0.023626090958714485 0.02198350429534912
vt 0.024920286610722542 0.02129673957824707
vt 0.024277539923787117 0.02130734920501709
vt 0.024275286123156548 0.02063131332397461
vt 0.025427421554923058 0.02130913734436035
vt 0.024920286610722542 0.02129673957824707
vt 0.024926798418164253 0.020631074905395508
vt 0.024920286610722542 0.02129673957824707
vt 0.025427421554923058 0.02130913734436035
vt 0.025333920493721962 0.021715164184570312
vt 0.024277539923787117 0.02130734920501709
vt 0.024920286610722542 0.02129673957824707
vt 0.02494216151535511 0.021821141242980957
vt 0.030056333169341087 0.02637392282485962
vt 0.029553620144724846 0.026420950889587402
vt 0.02938825450837612 0.025740861892700195
vt 0.030696598812937737 0.02636253833770752
vt 0.030056333169341087 0.02637392282485962
vt 0.030057424679398537 0.025851786136627197
vt 0.030056333169341087 0.02637392282485962
vt 0.030696598812937737 0.02636253833770752
vt 0.030703285709023476 0.027043044567108154
vt 0.029553620144724846 0.026420950889587402
vt 0.030056333169341087 0.02637392282485962
vt 0.030056411400437355 0.02689647674560547
vt 0.03135064244270325 0.026327848434448242
vt 0.030696598812937737 0.02636253833770752
vt 0.030697384849190712 0.02583479881286621
vt 0.03200925141572952 0.026275634765625
vt 0.03135064244270325 0.026327848434448242
vt 0.03135351091623306 0.025772392749786377
vt 0.03135064244270325 0.026327848434448242
vt 0.03200925141572952 0.026275634765625
vt 0.032012395560741425 0.02702176570892334
vt 0.030696598812937737 0.02636253833770752
vt 0.03135064244270325 0.026327848434448242
vt 0.031361788511276245 0.027017414569854736
vt 0.03265240788459778 0.02625209093093872
vt 0.03200925141572952 0.026275634765625
vt 0.0320117324590683 0.025693058967590332
vt 0.033149927854537964 0.02634274959564209
vt 0.03265240788459778 0.02625209093093872
vt 0.032655976712703705 0.02566516399383545
vt 0.03265240788459778 0.02625209093093872
vt 0.033149927854537964 0.02634274959564209
vt 0.033037371933460236 0.026816248893737793
vt 0.03200925141572952 0.026275634765625
vt 0.03265240788459778 0.02625209093093872
vt 0.0326579287648201 0.026881039142608643
vt 0.034382909536361694 0.025022387504577637
vt 0.03486943244934082 0.02519744634628296
vt 0.034909382462501526 0.025866150856018066
vt 0.033902160823345184 0.024848103523254395
vt 0.034382909536361694 0.025022387504577637
vt 0.034312814474105835 0.02557283639907837
vt 0.034382909536361694 0.025022387504577637
vt 0.033902160823345184 0.024848103523254395
vt 0.03380483388900757 0.024079620838165283
vt 0.03486943244934082 0.02519744634628296
vt 0.034382909536361694 0.025022387504577637
vt 0.03441672772169113 0.024454951286315918
vt 0.03340793401002884 0.024932801723480225
vt 0.033902160823345184 0.024848103523254395
vt 0.03395548462867737 0.025314629077911377
vt 0.03287849575281143 0.024981915950775146
vt 0.03340793401002884 0.024932801723480225
vt 0.03361058980226517 0.025496602058410645
vt 0.03340793401002884 0.024932801723480225
vt 0.03287849575281143 0.024981915950775146
vt 0.032840318977832794 0.024530112743377686
vt 0.033902160823345184 0.024848103523254395
vt 0.03340793401002884 0.024932801723480225
vt 0.03319167345762253 0.024353384971618652
vt 0.032200127840042114 0.0247228741645813
vt 0.03287849575281143 0.024981915950775146
vt 0.03293290734291077 0.02563995122909546
vt 0.03156127780675888 0.024383068084716797
vt 0.032200127840042114 0.0247228741645813
vt 0.031967706978321075 0.0251961350440979
vt 0.032200127840042114 0.0247228741645813
vt 0.03156127780675888 0.024383068084716797
vt 0.03195527195930481 0.024127483367919922
vt 0.03287849575281143 0.024981915950775146
vt 0.032200127840042114 0.0247228741645813
vt 0.03243822604417801 0.0242537260055542
vt 0.03125973045825958 0.0239485502243042
vt 0.03156127780675888 0.024383068084716797
vt 0.031002940610051155 0.024757802486419678
vt 0.03107275255024433 0.023331105709075928
vt 0.03125973045825958 0.0239485502243042
vt 0.030699944123625755 0.024153053760528564
vt 0.03125973045825958 0.0239485502243042
vt 0.03107275255024433 0.023331105709075928
vt 0.03177361190319061 0.02310711145401001
vt 0.03156127780675888 0.024383068084716797
vt 0.03125973045825958 0.0239485502243042
vt 0.031873345375061035 0.023745357990264893
vt 0.030904019251465797 0.022693395614624023
vt 0.03107275255024433 0.023331105709075928
vt 0.030514182522892952 0.02353191375732422
vt 0.030735308304429054 0.022241950035095215
vt 0.030904019251465797 0.022693395614624023
vt 0.030379442498087883 0.022876381874084473
vt 0.030904019251465797 0.022693395614624023
vt 0.030735308304429054 0.022241950035095215
vt 0.03139576315879822 0.022105634212493896
vt 0.03107275255024433 0.023331105709075928
vt 0.030904019251465797 0.022693395614624023
vt 0.031550414860248566 0.022541463375091553
vt 0.03210437297821045 0.016956806182861328
vt 0.03166547417640686 0.016990959644317627
vt 0.03180500119924545 0.016564786434173584
vt 0.03252926468849182 0.01694875955581665
vt 0.03210437297821045 0.016956806182861328
vt 0.03213639557361603 0.016467690467834473
vt 0.03210437297821045 0.016956806182861328
vt 0.03252926468849182 0.01694875955581665
vt 0.03262758255004883 0.017507851123809814
vt 0.03166547417640686 0.016990959644317627
vt 0.03210437297821045 0.016956806182861328
vt 0.032170794904232025 0.01755422353744507
vt 0.03297807276248932 0.01688992977142334
vt 0.03252926468849182 0.01694875955581665
vt 0.032507047057151794 0.01657050848007202
vt 0.03346310555934906 0.016814231872558594
vt 0.03297807276248932 0.01688992977142334
vt 0.032880090177059174 0.016397953033447266
vt 0.03297807276248932 0.01688992977142334
vt 0.03346310555934906 0.016814231872558594
vt 0.03350736200809479 0.017392218112945557
vt 0.03252926468849182 0.01694875955581665
vt 0.03297807276248932 0.01688992977142334
vt 0.033053308725357056 0.01748824119567871
vt 0.028597401455044746 0.024731159210205078
vt 0.028086090460419655 0.02485501766204834
vt 0.028002137318253517 0.024304866790771484
vt 0.029252702370285988 0.02463221549987793
vt 0.028597401455044746 0.024731159210205078
vt 0.02861262671649456 0.024306297302246094
vt 0.028597401455044746 0.024731159210205078
vt 0.029252702370285988 0.02463221549987793
vt 0.0292962733656168 0.02510654926300049
vt 0.028086090460419655 0.02485501766204834
vt 0.028597401455044746 0.024731159210205078
vt 0.0285967830568552 0.025261640548706055
vt 0.02989550121128559 0.024598538875579834
vt 0.029252702370285988 0.02463221549987793
vt 0.029253868386149406 0.024288296699523926
vt 0.030392134562134743 0.024703681468963623
vt 0.02989550121128559 0.024598538875579834
vt 0.029892561957240105 0.02427905797958374
vt 0.02989550121128559 0.024598538875579834
vt 0.030392134562134743 0.024703681468963623
vt 0.03029014728963375 0.025011658668518066
vt 0.029252702370285988 0.02463221549987793
vt 0.02989550121128559 0.024598538875579834
vt 0.029938893392682076 0.024983525276184082
vt 0.03209251910448074 0.030197322368621826
vt 0.03157901018857956 0.03011476993560791
vt 0.03146745264530182 0.029724538326263428
vt 0.03262091428041458 0.030265629291534424
vt 0.03209251910448074 0.030197322368621826
vt 0.03213829547166824 0.029763460159301758
vt 0.03209251910448074 0.030197322368621826
vt 0.03262091428041458 0.030265629291534424
vt 0.032759152352809906 0.030843794345855713
vt 0.03157901018857956 0.03011476993560791
vt 0.03209251910448074 0.030197322368621826
vt 0.03208073973655701 0.03060239553451538
vt 0.03512181341648102 0.03310781717300415
vt 0.03530699014663696 0.03369450569152832
vt 0.03489264100790024 0.03369331359863281
vt 0.034903354942798615 0.03253394365310669
vt 0.03512181341648102 0.03310781717300415
vt 0.03461647033691406 0.03326684236526489
vt 0.03512181341648102 0.03310781717300415
vt 0.034903354942798615 0.03253394365310669
vt 0.035372428596019745 0.032598137855529785
vt 0.03530699014663696 0.03369450569152832
vt 0.03512181341648102 0.03310781717300415
vt 0.03564317524433136 0.032981932163238525
vt 0.02544264681637287 0.02308589220046997
vt 0.02490987814962864 0.02321833372116089
vt 0.02486591227352619 0.022604525089263916
vt 0.026083139702677727 0.02303105592727661
vt 0.02544264681637287 0.02308589220046997
vt 0.0254515390843153 0.0227317214012146
vt 0.02544264681637287 0.02308589220046997
vt 0.026083139702677727 0.02303105592727661
vt 0.026056045666337013 0.0234563946723938
vt 0.02490987814962864 0.02321833372116089
vt 0.02544264681637287 0.02308589220046997
vt 0.025403989478945732 0.023542582988739014
vt 0.026717716827988625 0.023034393787384033
vt 0.026083139702677727 0.02303105592727661
vt 0.026118682697415352 0.022564709186553955
vt 0.02720109187066555 0.02310734987258911
vt 0.026717716827988625 0.023034393787384033
vt 0.02679605968296528 0.022529542446136475
vt 0.026717716827988625 0.023034393787384033
vt 0.02720109187066555 0.02310734987258911
vt 0.027057485654950142 0.02341628074645996
vt 0.026083139702677727 0.02303105592727661
vt 0.026717716827988625 0.023034393787384033
vt 0.02669527567923069 0.023433029651641846
vt 0.0195380300283432 0.024100840091705322
vt 0.019142458215355873 0.024051547050476074
vt 0.019152401015162468 0.02351057529449463
vt 0.01997165009379387 0.02414524555206299
vt 0.0195380300283432 0.024100840091705322
vt 0.019632695242762566 0.023490726947784424
vt 0.0195380300283432 0.024100840091705322
vt 0.01997165009379387 0.02414524555206299
vt 0.01989675499498844 0.02493274211883545
vt 0.019142458215355873 0.024051547050476074
vt 0.0195380300283432 0.024100840091705322
vt 0.01939951442182064 0.024558067321777344
vt 0.024953247979283333 0.028738796710968018
vt 0.02441399171948433 0.028722524642944336
vt 0.02455391176044941 0.028047382831573486
vt 0.02551170252263546 0.02872711420059204
vt 0.024953247979283333 0.028738796710968018
vt 0.025069912895560265 0.028052031993865967
vt 0.024953247979283333 0.028738796710968018
vt 0.02551170252263546 0.02872711420059204
vt 0.0254411268979311 0.029124200344085693
vt 0.02441399171948433 0.028722524642944336
vt 0.024953247979283333 0.028738796710968018
vt 0.024997854605317116 0.029255390167236328
vt 0.029247255995869637 0.033700406551361084
vt 0.02871721051633358 0.033737003803253174
vt 0.02874506451189518 0.033047378063201904
vt 0.02989788167178631 0.033657610416412354
vt 0.029247255995869637 0.033700406551361084
vt 0.029241377487778664 0.03302621841430664
vt 0.029247255995869637 0.033700406551361084
vt 0.02989788167178631 0.033657610416412354
vt 0.02990434132516384 0.03417229652404785
vt 0.02871721051633358 0.033737003803253174
vt 0.029247255995869637 0.033700406551361084
vt 0.029230209067463875 0.03422427177429199
vt 0.030560186132788658 0.03359740972518921
vt 0.02989788167178631 0.033657610416412354
vt 0.02986530400812626 0.032998502254486084
vt 0.031063737347722054 0.03361499309539795
vt 0.030560186132788658 0.03359740972518921
vt 0.030533233657479286 0.03291529417037964
vt 0.030560186132788658 0.03359740972518921
vt 0.031063737347722054 0.03361499309539795
vt 0.030962536111474037 0.03403306007385254
vt 0.02989788167178631 0.033657610416412354
vt 0.030560186132788658 0.03359740972518921
vt 0.030564064159989357 0.034134745597839355
vt 0.03306351602077484 0.033496201038360596
vt 0.0325612872838974 0.03353148698806763
vt 0.03250208497047424 0.03285396099090576
vt 0.0337003618478775 0.03348672389984131
vt 0.03306351602077484 0.033496201038360596
vt 0.0329994261264801 0.0328211784362793
vt 0.03306351602077484 0.033496201038360596
vt 0.0337003618478775 0.03348672389984131
vt 0.033715687692165375 0.03421652317047119
vt 0.0325612872838974 0.03353148698806763
vt 0.03306351602077484 0.033496201038360596
vt 0.033065035939216614 0.034030795097351074
vt 0.036034733057022095 0.02582871913909912
vt 0.03537992388010025 0.025863468647003174
vt 0.035278141498565674 0.025181949138641357
vt 0.03671441227197647 0.025814950466156006
vt 0.036034733057022095 0.02582871913909912
vt 0.036011017858982086 0.025251269340515137
vt 0.036034733057022095 0.02582871913909912
vt 0.03671441227197647 0.025814950466156006
vt 0.03670898824930191 0.026575565338134766
vt 0.03537992388010025 0.025863468647003174
vt 0.036034733057022095 0.02582871913909912
vt 0.03605342656373978 0.02658325433731079
vt 0.03740338981151581 0.025821268558502197
vt 0.03671441227197647 0.025814950466156006
vt 0.036706507205963135 0.025237619876861572
vt 0.03797098249197006 0.025890052318572998
vt 0.03740338981151581 0.025821268558502197
vt 0.037423402070999146 0.025219440460205078
vt 0.03740338981151581 0.025821268558502197
vt 0.03797098249197006 0.025890052318572998
vt 0.037918947637081146 0.02665609121322632
vt 0.03671441227197647 0.025814950466156006
vt 0.03740338981151581 0.025821268558502197
vt 0.037359364330768585 0.026573121547698975
vt 0.021184975281357765 0.017438888549804688
vt 0.0206316988915205 0.017430901527404785
vt 0.020481429994106293 0.016745150089263916
vt 0.02183297835290432 0.017434239387512207
vt 0.021184975281357765 0.017438888549804688
vt 0.02114776335656643 0.0167425274848938
vt 0.021184975281357765 0.017438888549804688
vt 0.02183297835290432 0.017434239387512207
vt 0.021861376240849495 0.018269777297973633
vt 0.0206316988915205 0.017430901527404785
vt 0.021184975281357765 0.017438888549804688
vt 0.02121543698012829 0.01822453737258911
vt 0.022469356656074524 0.017425477504730225
vt 0.02183297835290432 0.017434239387512207
vt 0.021802188828587532 0.016723215579986572
vt 0.023107772693037987 0.01740497350692749
vt 0.022469356656074524 0.017425477504730225
vt 0.02245052345097065 0.016705036163330078
vt 0.022469356656074524 0.017425477504730225
vt 0.023107772693037987 0.01740497350692749
vt 0.023166479542851448 0.018202483654022217
vt 0.02183297835290432 0.017434239387512207
vt 0.022469356656074524 0.017425477504730225
vt 0.022484226152300835 0.018283426761627197
vt 0.023754624649882317 0.017364680767059326
vt 0.023107772693037987 0.01740497350692749
vt 0.023098817095160484 0.01668846607208252
vt 0.02430410124361515 0.01730245351791382
vt 0.023754624649882317 0.017364680767059326
vt 0.023754194378852844 0.016670584678649902
vt 0.023754624649882317 0.017364680767059326
vt 0.02430410124361515 0.01730245351791382
vt 0.024263747036457062 0.017660200595855713
vt 0.023107772693037987 0.01740497350692749
vt 0.023754624649882317 0.017364680767059326
vt 0.023845452815294266 0.017850220203399658
vt 0.03452909737825394 0.017713487148284912
vt 0.03391940891742706 0.01782160997390747
vt 0.033645644783973694 0.017261624336242676
vt 0.03527340292930603 0.0177498459815979
vt 0.03452909737825394 0.017713487148284912
vt 0.03439456224441528 0.017192304134368896
vt 0.03452909737825394 0.017713487148284912
vt 0.03527340292930603 0.0177498459815979
vt 0.03531058877706528 0.018623173236846924
vt 0.03391940891742706 0.01782160997390747
vt 0.03452909737825394 0.017713487148284912
vt 0.034678660333156586 0.018097996711730957
vt 0.036005899310112 0.01787179708480835
vt 0.03527340292930603 0.0177498459815979
vt 0.03517734259366989 0.017162203788757324
vt 0.03667798638343811 0.017894387245178223
vt 0.036005899310112 0.01787179708480835
vt 0.0359325185418129 0.017090678215026855
vt 0.036005899310112 0.01787179708480835
vt 0.03667798638343811 0.017894387245178223
vt 0.036613158881664276 0.018777847290039062
vt 0.03527340292930603 0.0177498459815979
vt 0.036005899310112 0.01787179708480835
vt 0.035990551114082336 0.01875060796737671
vt 0.03735753893852234 0.017910242080688477
vt 0.03667798638343811 0.017894387245178223
vt 0.03666374832391739 0.017146050930023193
vt 0.03796061873435974 0.01805812120437622
vt 0.03735753893852234 0.017910242080688477
vt 0.03739974647760391 0.017314612865447998
vt 0.03735753893852234 0.017910242080688477
vt 0.03796061873435974 0.01805812120437622
vt 0.037823013961315155 0.01888054609298706
vt 0.03667798638343811 0.017894387245178223
vt 0.03735753893852234 0.017910242080688477
vt 0.03727227449417114 0.01880747079849243
vt 0.021057669073343277 0.022701740264892578
vt 0.020476706326007843 0.022717654705047607
vt 0.02034527063369751 0.02202361822128296
vt 0.021705256775021553 0.022705376148223877
vt 0.021057669073343277 0.022701740264892578
vt 0.021059924736618996 0.022004246711730957
vt 0.021057669073343277 0.022701740264892578
vt 0.021705256775021553 0.022705376148223877
vt 0.021717503666877747 0.023582756519317627
vt 0.020476706326007843 0.022717654705047607
vt 0.021057669073343277 0.022701740264892578
vt 0.021060748025774956 0.02358531951904297
vt 0.02234875224530697 0.022703588008880615
vt 0.021705256775021553 0.022705376148223877
vt 0.021704433485865593 0.021992504596710205
vt 0.022992081940174103 0.022695064544677734
vt 0.02234875224530697 0.022703588008880615
vt 0.02234291099011898 0.02198469638824463
vt 0.02234875224530697 0.022703588008880615
vt 0.022992081940174103 0.022695064544677734
vt 0.022993778809905052 0.02355867624282837
vt 0.021705256775021553 0.022705376148223877
vt 0.02234875224530697 0.022703588008880615
vt 0.022356225177645683 0.02357935905456543
vt 0.023639796301722527 0.022681236267089844
vt 0.022992081940174103 0.022695064544677734
vt 0.02298142947256565 0.021982192993164062
vt 0.024143459275364876 0.022689402103424072
vt 0.023639796301722527 0.022681236267089844
vt 0.023626090958714485 0.02198350429534912
vt 0.023639796301722527 0.022681236267089844
vt 0.024143459275364876 0.022689402103424072
vt 0.024141166359186172 0.023466646671295166
vt 0.022992081940174103 0.022695064544677734
vt 0.023639796301722527 0.022681236267089844
vt 0.023649713024497032 0.023510992527008057
vt 0.0341821014881134 0.02731841802597046
vt 0.033690840005874634 0.02740466594696045
vt 0.033546626567840576 0.026709377765655518
vt 0.034682661294937134 0.027230441570281982
vt 0.0341821014881134 0.02731841802597046
vt 0.03413777053356171 0.026784300804138184
vt 0.0341821014881134 0.02731841802597046
vt 0.034682661294937134 0.027230441570281982
vt 0.0348832905292511 0.028066158294677734
vt 0.033690840005874634 0.02740466594696045
vt 0.0341821014881134 0.02731841802597046
vt 0.03423808515071869 0.028121232986450195
vt 0.026550287380814552 0.02988731861114502
vt 0.026057885959744453 0.029766440391540527
vt 0.026231752708554268 0.029385924339294434
vt 0.02704268880188465 0.030008137226104736
vt 0.026550287380814552 0.02988731861114502
vt 0.0266298558562994 0.029355108737945557
vt 0.026550287380814552 0.02988731861114502
vt 0.02704268880188465 0.030008137226104736
vt 0.026868822053074837 0.030388712882995605
vt 0.026057885959744453 0.029766440391540527
vt 0.026550287380814552 0.02988731861114502
vt 0.026470718905329704 0.030419528484344482
vt 0.0313696414232254 0.02769380807876587
vt 0.030871061608195305 0.02772313356399536
vt 0.030703285709023476 0.027043044567108154
vt 0.031868480145931244 0.027710914611816406
vt 0.0313696414232254 0.02769380807876587
vt 0.031361788511276245 0.027017414569854736
vt 0.0313696414232254 0.02769380807876587
vt 0.031868480145931244 0.027710914611816406
vt 0.03176867216825485 0.028123140335083008
vt 0.030871061608195305 0.02772313356399536
vt 0.0313696414232254 0.02769380807876587
vt 0.031376130878925323 0.02822399139404297
vt 0.030918506905436516 0.018918216228485107
vt 0.030898699536919594 0.01841139793395996
vt 0.03160203993320465 0.018338501453399658
vt 0.030964409932494164 0.019424080848693848
vt 0.030918506905436516 0.018918216228485107
vt 0.031456053256988525 0.018946707248687744
vt 0.030918506905436516 0.018918216228485107
vt 0.030964409932494164 0.019424080848693848
vt 0.030378354713320732 0.019566118717193604
vt 0.030898699536919594 0.01841139793395996
vt 0.030918506905436516 0.018918216228485107
vt 0.030380988493561745 0.018889427185058594
vt 0.02643473632633686 0.02864748239517212
vt 0.025947460904717445 0.028483450412750244
vt 0.02620002068579197 0.02816462516784668
vt 0.02692745439708233 0.02880251407623291
vt 0.02643473632633686 0.02864748239517212
vt 0.02659480832517147 0.028225421905517578
vt 0.02643473632633686 0.02864748239517212
vt 0.02692745439708233 0.02880251407623291
vt 0.026723863556981087 0.02909564971923828
vt 0.025947460904717445 0.028483450412750244
vt 0.02643473632633686 0.02864748239517212
vt 0.026321271434426308 0.029098868370056152
vt 0.023479582741856575 0.03027886152267456
vt 0.02298015169799328 0.030370473861694336
vt 0.02275468222796917 0.029878318309783936
vt 0.023964235559105873 0.03036874532699585
vt 0.023479582741856575 0.03027886152267456
vt 0.02348942495882511 0.029860854148864746
vt 0.023479582741856575 0.03027886152267456
vt 0.023964235559105873 0.03036874532699585
vt 0.023820653557777405 0.030661344528198242
vt 0.02298015169799328 0.030370473861694336
vt 0.023479582741856575 0.03027886152267456
vt 0.023475835099816322 0.03069758415222168
vt 0.03217920660972595 0.022470474243164062
vt 0.032235413789749146 0.022824585437774658
vt 0.03177361190319061 0.02310711145401001
vt 0.03212136775255203 0.02211672067642212
vt 0.03217920660972595 0.022470474243164062
vt 0.031550414860248566 0.022541463375091553
vt 0.03217920660972595 0.022470474243164062
vt 0.03212136775255203 0.02211672067642212
vt 0.032865166664123535 0.02200186252593994
vt 0.032235413789749146 0.022824585437774658
vt 0.03217920660972595 0.022470474243164062
vt 0.03265286237001419 0.022462010383605957
vt 0.03230798989534378 0.018293678760528564
vt 0.03181057423353195 0.018366575241088867
vt 0.0317169725894928 0.017654001712799072
vt 0.03283543139696121 0.01819521188735962
vt 0.03230798989534378 0.018293678760528564
vt 0.032170794904232025 0.01755422353744507
vt 0.03230798989534378 0.018293678760528564
vt 0.03283543139696121 0.01819521188735962
vt 0.033157698810100555 0.019038379192352295
vt 0.03181057423353195 0.018366575241088867
vt 0.03230798989534378 0.018293678760528564
vt 0.03240339457988739 0.019129574298858643
vt 0.03321082144975662 0.018064260482788086
vt 0.03283543139696121 0.01819521188735962
vt 0.03262758255004883 0.017507851123809814
vt 0.03355701267719269 0.01788783073425293
vt 0.03321082144975662 0.018064260482788086
vt 0.033053308725357056 0.01748824119567871
vt 0.03321082144975662 0.018064260482788086
vt 0.03355701267719269 0.01788783073425293
vt 0.033635713160037994 0.018216192722320557
vt 0.03283543139696121 0.01819521188735962
vt 0.03321082144975662 0.018064260482788086
vt 0.033465661108493805 0.018505513668060303
vt 0.028591247275471687 0.025784850120544434
vt 0.028109105303883553 0.02594202756881714
vt 0.02809334732592106 0.0254400372505188
vt 0.02916678972542286 0.02576380968093872
vt 0.028591247275471687 0.025784850120544434
vt 0.0285967830568552 0.025261640548706055
vt 0.028591247275471687 0.025784850120544434
vt 0.02916678972542286 0.02576380968093872
vt 0.029088789597153664 0.02619612216949463
vt 0.028109105303883553 0.02594202756881714
vt 0.028591247275471687 0.025784850120544434
vt 0.028625281527638435 0.02626335620880127
vt 0.025262320414185524 0.025656521320343018
vt 0.024616459384560585 0.02576512098312378
vt 0.024239808320999146 0.024510979652404785
vt 0.026024283841252327 0.02559572458267212
vt 0.025262320414185524 0.025656521320343018
vt 0.02511622942984104 0.02452993392944336
vt 0.025262320414185524 0.025656521320343018
vt 0.026024283841252327 0.02559572458267212
vt 0.02607717551290989 0.026699960231781006
vt 0.024616459384560585 0.02576512098312378
vt 0.025262320414185524 0.025656521320343018
vt 0.025416189804673195 0.026726186275482178
vt 0.02670108713209629 0.025573015213012695
vt 0.026024283841252327 0.02559572458267212
vt 0.025981267914175987 0.024437129497528076
vt 0.027210930362343788 0.025636494159698486
vt 0.02670108713209629 0.025573015213012695
vt 0.026708638295531273 0.02440851926803589
vt 0.02670108713209629 0.025573015213012695
vt 0.027210930362343788 0.025636494159698486
vt 0.027106350287795067 0.026455163955688477
vt 0.026024283841252327 0.02559572458267212
vt 0.02670108713209629 0.025573015213012695
vt 0.026718923822045326 0.026683688163757324
vt 0.020270541310310364 0.030387818813323975
vt 0.019663309678435326 0.03043651580810547
vt 0.01919037289917469 0.029157280921936035
vt 0.021026043221354485 0.030312955379486084
vt 0.020270541310310364 0.030387818813323975
vt 0.020141854882240295 0.029298603534698486
vt 0.020270541310310364 0.030387818813323975
vt 0.021026043221354485 0.030312955379486084
vt 0.021055009216070175 0.03086996078491211
vt 0.019663309678435326 0.03043651580810547
vt 0.020270541310310364 0.030387818813323975
vt 0.020411856472492218 0.031415581703186035
vt 0.021709231659770012 0.030132293701171875
vt 0.021026043221354485 0.030312955379486084
vt 0.021009031683206558 0.029281914234161377
vt 0.022220153361558914 0.030000627040863037
vt 0.021709231659770012 0.030132293701171875
vt 0.021760085597634315 0.029237687587738037
vt 0.021709231659770012 0.030132293701171875
vt 0.022220153361558914 0.030000627040863037
vt 0.02208528481423855 0.030598878860473633
vt 0.021026043221354485 0.030312955379486084
vt 0.021709231659770012 0.030132293701171875
vt 0.021680163219571114 0.030966341495513916
vt 0.036067381501197815 0.027404844760894775
vt 0.03556213527917862 0.02749025821685791
vt 0.03539317101240158 0.02659893035888672
vt 0.03679271042346954 0.027440965175628662
vt 0.036067381501197815 0.027404844760894775
vt 0.03605342656373978 0.02658325433731079
vt 0.036067381501197815 0.027404844760894775
vt 0.03679271042346954 0.027440965175628662
vt 0.036694347858428955 0.02821528911590576
vt 0.03556213527917862 0.02749025821685791
vt 0.036067381501197815 0.027404844760894775
vt 0.03605053573846817 0.028202056884765625
vt 0.03736787289381027 0.02746748924255371
vt 0.03679271042346954 0.027440965175628662
vt 0.03670898824930191 0.026575565338134766
vt 0.03794040530920029 0.027533888816833496
vt 0.03736787289381027 0.02746748924255371
vt 0.037359364330768585 0.026573121547698975
vt 0.03736787289381027 0.02746748924255371
vt 0.03794040530920029 0.027533888816833496
vt 0.037721432745456696 0.028146743774414062
vt 0.03679271042346954 0.027440965175628662
vt 0.03736787289381027 0.02746748924255371
vt 0.0373341366648674 0.028262019157409668
vt 0.02121374011039734 0.019220352172851562
vt 0.020649051293730736 0.019053101539611816
vt 0.020634574815630913 0.018178880214691162
vt 0.021853243932127953 0.01940751075744629
vt 0.02121374011039734 0.019220352172851562
vt 0.02121543698012829 0.01822453737258911
vt 0.02121374011039734 0.019220352172851562
vt 0.021853243932127953 0.01940751075744629
vt 0.02182045392692089 0.020468831062316895
vt 0.020649051293730736 0.019053101539611816
vt 0.02121374011039734 0.019220352172851562
vt 0.021159986034035683 0.020110607147216797
vt 0.022479919716715813 0.019472122192382812
vt 0.021853243932127953 0.01940751075744629
vt 0.021861376240849495 0.018269777297973633
vt 0.023033956065773964 0.0195162296295166
vt 0.022479919716715813 0.019472122192382812
vt 0.022484226152300835 0.018283426761627197
vt 0.022479919716715813 0.019472122192382812
vt 0.023033956065773964 0.0195162296295166
vt 0.022899240255355835 0.020357131958007812
vt 0.021853243932127953 0.01940751075744629
vt 0.022479919716715813 0.019472122192382812
vt 0.02247818373143673 0.02058786153793335
vt 0.033783428370952606 0.020502924919128418
vt 0.0330662801861763 0.020194947719573975
vt 0.033157698810100555 0.019038379192352295
vt 0.03437323123216629 0.020840883255004883
vt 0.033783428370952606 0.020502924919128418
vt 0.03399679809808731 0.0195157527923584
vt 0.033783428370952606 0.020502924919128418
vt 0.03437323123216629 0.020840883255004883
vt 0.034104689955711365 0.022046804428100586
vt 0.0330662801861763 0.020194947719573975
vt 0.033783428370952606 0.020502924919128418
vt 0.033597640693187714 0.0217321515083313
vt 0.03594452142715454 0.02002108097076416
vt 0.035411156713962555 0.019907116889953613
vt 0.03531058877706528 0.018623173236846924
vt 0.03654871881008148 0.02004629373550415
vt 0.03594452142715454 0.02002108097076416
vt 0.035990551114082336 0.01875060796737671
vt 0.03594452142715454 0.02002108097076416
vt 0.03654871881008148 0.02004629373550415
vt 0.03653182089328766 0.021273910999298096
vt 0.035411156713962555 0.019907116889953613
vt 0.03594452142715454 0.02002108097076416
vt 0.03590472787618637 0.021249711513519287
vt 0.0372135266661644 0.020037293434143066
vt 0.03654871881008148 0.02004629373550415
vt 0.036613158881664276 0.018777847290039062
vt 0.03774643689393997 0.020082831382751465
vt 0.0372135266661644 0.020037293434143066
vt 0.03727227449417114 0.01880747079849243
vt 0.0372135266661644 0.020037293434143066
vt 0.03774643689393997 0.020082831382751465
vt 0.0376909077167511 0.02134263515472412
vt 0.03654871881008148 0.02004629373550415
vt 0.0372135266661644 0.020037293434143066
vt 0.037158332765102386 0.021303892135620117
vt 0.021072564646601677 0.024827241897583008
vt 0.02053866721689701 0.024820446968078613
vt 0.02050895430147648 0.023589909076690674
vt 0.021717654541134834 0.024818778038024902
vt 0.021072564646601677 0.024827241897583008
vt 0.021060748025774956 0.02358531951904297
vt 0.021072564646601677 0.024827241897583008
vt 0.021717654541134834 0.024818778038024902
vt 0.021725306287407875 0.026104450225830078
vt 0.02053866721689701 0.024820446968078613
vt 0.021072564646601677 0.024827241897583008
vt 0.021092843264341354 0.02610105276107788
vt 0.022363202646374702 0.024814367294311523
vt 0.021717654541134834 0.024818778038024902
vt 0.021717503666877747 0.023582756519317627
vt 0.02301015518605709 0.02475762367248535
vt 0.022363202646374702 0.024814367294311523
vt 0.022356225177645683 0.02357935905456543
vt 0.022363202646374702 0.024814367294311523
vt 0.02301015518605709 0.02475762367248535
vt 0.02301357500255108 0.026090621948242188
vt 0.021717654541134834 0.024818778038024902
vt 0.022363202646374702 0.024814367294311523
vt 0.022364912554621696 0.02611309289932251
vt 0.023655779659748077 0.02458733320236206
vt 0.02301015518605709 0.02475762367248535
vt 0.022993778809905052 0.02355867624282837
vt 0.024153629317879677 0.024411678314208984
vt 0.023655779659748077 0.02458733320236206
vt 0.023649713024497032 0.023510992527008057
vt 0.023655779659748077 0.02458733320236206
vt 0.024153629317879677 0.024411678314208984
vt 0.024071350693702698 0.025078117847442627
vt 0.02301015518605709 0.02475762367248535
vt 0.023655779659748077 0.02458733320236206
vt 0.023666849359869957 0.025480151176452637
vt 0.03424758464097977 0.02903193235397339
vt 0.03376323729753494 0.029111206531524658
vt 0.03377572447061539 0.02817481756210327
vt 0.034747131168842316 0.029053151607513428
vt 0.03424758464097977 0.02903193235397339
vt 0.03423808515071869 0.028121232986450195
vt 0.03424758464097977 0.02903193235397339
vt 0.034747131168842316 0.029053151607513428
vt 0.034675516188144684 0.02973538637161255
vt 0.03376323729753494 0.029111206531524658
vt 0.03424758464097977 0.02903193235397339
vt 0.03427577763795853 0.02986675500869751
vt 0.036045417189598083 0.029445409774780273
vt 0.03558029979467392 0.029198884963989258
vt 0.035885728895664215 0.028261840343475342
vt 0.036548763513565063 0.029637396335601807
vt 0.036045417189598083 0.029445409774780273
vt 0.0362696573138237 0.02857130765914917
vt 0.036045417189598083 0.029445409774780273
vt 0.036548763513565063 0.029637396335601807
vt 0.03644515573978424 0.03049224615097046
vt 0.03558029979467392 0.029198884963989258
vt 0.036045417189598083 0.029445409774780273
vt 0.035819582641124725 0.030308961868286133
vt 0.0372057780623436 0.0294458270072937
vt 0.036548763513565063 0.029637396335601807
vt 0.03664827346801758 0.02888810634613037
vt 0.03784145414829254 0.029195189476013184
vt 0.0372057780623436 0.0294458270072937
vt 0.03716251254081726 0.02855151891708374
vt 0.0372057780623436 0.0294458270072937
vt 0.03784145414829254 0.029195189476013184
vt 0.03761863708496094 0.029684901237487793
vt 0.036548763513565063 0.029637396335601807
vt 0.0372057780623436 0.0294458270072937
vt 0.03714326024055481 0.029863834381103516
vt 0.032397665083408356 0.020082592964172363
vt 0.03188740462064743 0.020206212997436523
vt 0.03172887861728668 0.01911485195159912
vt 0.0330662801861763 0.020194947719573975
vt 0.032397665083408356 0.020082592964172363
vt 0.03240339457988739 0.019129574298858643
vt 0.032397665083408356 0.020082592964172363
vt 0.0330662801861763 0.020194947719573975
vt 0.03292436897754669 0.02148669958114624
vt 0.03188740462064743 0.020206212997436523
vt 0.032397665083408356 0.020082592964172363
vt 0.032333649694919586 0.02083951234817505
vt 0.037598930299282074 0.031873226165771484
vt 0.03709639608860016 0.03206205368041992
vt 0.03703663498163223 0.03147268295288086
vt 0.038097865879535675 0.031836509704589844
vt 0.037598930299282074 0.031873226165771484
vt 0.03747434914112091 0.03114330768585205
vt 0.037598930299282074 0.031873226165771484
vt 0.038097865879535675 0.031836509704589844
vt 0.037996865808963776 0.032414138317108154
vt 0.03709639608860016 0.03206205368041992
vt 0.037598930299282074 0.031873226165771484
vt 0.037622034549713135 0.03254050016403198
vt 0.03358110040426254 0.02273482084274292
vt 0.03310336172580719 0.022503316402435303
vt 0.03292436897754669 0.02148669958114624
vt 0.034054987132549286 0.02302950620651245
vt 0.03358110040426254 0.02273482084274292
vt 0.033597640693187714 0.0217321515083313
vt 0.03358110040426254 0.02273482084274292
vt 0.034054987132549286 0.02302950620651245
vt 0.03394126892089844 0.023477017879486084
vt 0.03310336172580719 0.022503316402435303
vt 0.03358110040426254 0.02273482084274292
vt 0.03357263654470444 0.023422420024871826
vt 0.03586021810770035 0.022232770919799805
vt 0.035364165902137756 0.022131621837615967
vt 0.0353991761803627 0.021133780479431152
vt 0.036481283605098724 0.022267162799835205
vt 0.03586021810770035 0.022232770919799805
vt 0.03590472787618637 0.021249711513519287
vt 0.03586021810770035 0.022232770919799805
vt 0.036481283605098724 0.022267162799835205
vt 0.03645078092813492 0.022868096828460693
vt 0.035364165902137756 0.022131621837615967
vt 0.03586021810770035 0.022232770919799805
vt 0.03582042455673218 0.02282238006591797
vt 0.037102825939655304 0.022297918796539307
vt 0.036481283605098724 0.022267162799835205
vt 0.03653182089328766 0.021273910999298096
vt 0.037615321576595306 0.022342383861541748
vt 0.037102825939655304 0.022297918796539307
vt 0.037158332765102386 0.021303892135620117
vt 0.037102825939655304 0.022297918796539307
vt 0.037615321576595306 0.022342383861541748
vt 0.03747781366109848 0.022826433181762695
vt 0.036481283605098724 0.022267162799835205
vt 0.037102825939655304 0.022297918796539307
vt 0.03708111494779587 0.022926270961761475
vt 0.021098239347338676 0.027102112770080566
vt 0.020566901192069054 0.02712082862854004
vt 0.02055170200765133 0.026096224784851074
vt 0.021751701831817627 0.027053236961364746
vt 0.021098239347338676 0.027102112770080566
vt 0.021092843264341354 0.02610105276107788
vt 0.021098239347338676 0.027102112770080566
vt 0.021751701831817627 0.027053236961364746
vt 0.02170673757791519 0.027800679206848145
vt 0.020566901192069054 0.02712082862854004
vt 0.021098239347338676 0.027102112770080566
vt 0.021040672436356544 0.027773380279541016
vt 0.022295819595456123 0.02706766128540039
vt 0.021751701831817627 0.027053236961364746
vt 0.021725306287407875 0.026104450225830078
vt 0.022869640961289406 0.027141332626342773
vt 0.022295819595456123 0.02706766128540039
vt 0.022364912554621696 0.02611309289932251
vt 0.022295819595456123 0.02706766128540039
vt 0.022869640961289406 0.027141332626342773
vt 0.022773277014493942 0.027682185173034668
vt 0.021751701831817627 0.027053236961364746
vt 0.022295819595456123 0.02706766128540039
vt 0.022378692403435707 0.027796685695648193
vt 0.023893559351563454 0.02819925546646118
vt 0.023357558995485306 0.028240859508514404
vt 0.023150723427534103 0.027249813079833984
vt 0.024432877078652382 0.028209567070007324
vt 0.023893559351563454 0.02819925546646118
vt 0.023856041952967644 0.02736067771911621
vt 0.023893559351563454 0.02819925546646118
vt 0.024432877078652382 0.028209567070007324
vt 0.0243300162255764 0.02862149477005005
vt 0.023357558995485306 0.028240859508514404
vt 0.023893559351563454 0.02819925546646118
vt 0.023945046588778496 0.028809785842895508
vt 0.036571815609931946 0.032044053077697754
vt 0.03605494648218155 0.03199130296707153
vt 0.03644515573978424 0.03049224615097046
vt 0.03709639608860016 0.03206205368041992
vt 0.036571815609931946 0.032044053077697754
vt 0.03686513751745224 0.03142571449279785
vt 0.036571815609931946 0.032044053077697754
vt 0.03709639608860016 0.03206205368041992
vt 0.03697401285171509 0.03267693519592285
vt 0.03605494648218155 0.03199130296707153
vt 0.036571815609931946 0.032044053077697754
vt 0.036320194602012634 0.03257793188095093
vn 0.4055373964468502 0.8728139946367888 -0.2715421714012056
vn 0.4055373964468502 0.8728139946367888 -0.2715421714012056
vn 0.4055373964468502 0.8728139946367888 -0.2715421714012056
vn 0.34772866288925025 0.5969531420152343 -0.7230018832917336
vn 0.34772866288925025 0.5969531420152343 -0.7230018832917336
vn 0.34772866288925025 0.5969531420152343 -0.7230018832917336
vn -0.2689463096006086 0.6504840603696241 -0.7103086440113626
vn -0.2689463096006086 0.6504840603696241 -0.7103086440113626
vn -0.2689463096006086 0.6504840603696241 -0.7103086440113626
vn -0.411921384512659 0.8714287335241985 -0.2663320021506721
vn -0.411921384512659 0.8714287335241985 -0.2663320021506721
vn -0.411921384512659 0.8714287335241985 -0.2663320021506721
vn -0.5256802554848591 0.8506374177021971 -0.008732273375869858
vn -0.5254006151228854 0.8508544184368174 -0.0009758355591626135
vn -0.5271284197125385 0.8497469403670499 -0.008109652779200557
vn 0 0.9443068462527597 -0.3290662245204855
vn 0 0.9443068462527597 -0.3290662245204855
vn 0 0.9443068462527597 -0.3290662245204855
vn 0.09799808289856034 0.992671714909639 -0.07070531922396821
vn 0.09799808289856034 0.992671714909639 -0.07070531922396821
vn 0.09799808289856034 0.992671714909639 -0.07070531922396821
vn 0.1346771587130171 0.9905763408736111 -0.024911359305266462
vn 0.1346771587130171 0.9905763408736111 -0.024911359305266462
vn 0.1346771587130171 0.9905763408736111 -0.024911359305266462
vn 0.2292408657341012 0.9732210091835359 -0.017014486805657873
vn 0.2292408657341012 0.9732210091835359 -0.017014486805657873
vn 0.2292408657341012 0.9732210091835359 -0.017014486805657873
vn 0 0.9974729402619849 -0.0710474028034153
vn 0 0.9974729402619849 -0.0710474028034153
vn 0 0.9974729402619849 -0.0710474028034153
vn 0.18782699079188844 0.8790032254029364 -0.4382628791733319
vn 0.18782699079188844 0.8790032254029364 -0.4382628791733319
vn 0.18782699079188844 0.8790032254029364 -0.4382628791733319
vn 0.3097670188550333 0.9236395991312188 -0.22568625333942421
vn 0.3097670188550333 0.9236395991312188 -0.22568625333942421
vn 0.3097670188550333 0.9236395991312188 -0.22568625333942421
vn 0.06896457992856515 0.9682314783064848 -0.2403574237083507
vn 0.06896457992856515 0.9682314783064848 -0.2403574237083507
vn 0.06896457992856515 0.9682314783064848 -0.2403574237083507
vn 0 0.8949310441859933 -0.4462044667550604
vn 0 0.8949310441859933 -0.4462044667550604
vn 0 0.8949310441859933 -0.4462044667550604
vn -0.06361443537149387 0.8931182009671357 -0.44530111465568234
vn -0.06361443537149387 0.8931182009671357 -0.44530111465568234
vn -0.06361443537149387 0.8931182009671357 -0.44530111465568234
vn -0.10610839377310981 0.9931440725749439 0.04904956554491864
vn -0.10610839377310981 0.9931440725749439 0.04904956554491864
vn -0.10610839377310981 0.9931440725749439 0.04904956554491864
vn -0.20872118746048404 0.9767846313927626 0.04824157729584168
vn -0.20872118746048404 0.9767846313927626 0.04824157729584168
vn -0.20872118746048404 0.9767846313927626 0.04824157729584168
vn 0 0.8949311393582664 -0.44620427587251454
vn 0 0.8949311393582664 -0.44620427587251454
vn 0 0.8949311393582664 -0.44620427587251454
vn -0.20429089659783164 0.9761232019043536 -0.07381547447010232
vn -0.20429089659783164 0.9761232019043536 -0.07381547447010232
vn -0.20429089659783164 0.9761232019043536 -0.07381547447010232
vn -0.30227788160827623 0.9525792841199966 -0.034939801886210826
vn -0.30227788160827623 0.9525792841199966 -0.034939801886210826
vn -0.30227788160827623 0.9525792841199966 -0.034939801886210826
vn -0.06465460838400218 0.9972371047634953 -0.03657784162075486
vn -0.06465460838400218 0.9972371047634953 -0.03657784162075486
vn -0.06465460838400218 0.9972371047634953 -0.03657784162075486
vn 4.580559600327509e-8 0.9971529298152985 -0.07540579925154461
vn 4.580559600327509e-8 0.9971529298152985 -0.07540579925154461
vn 4.580559600327509e-8 0.9971529298152985 -0.07540579925154461
vn 1.3521127644714076e-14 0.9999999999999991 -4.3711374075883174e-8
vn 2.6648593339059927e-14 0.9999999999999991 -4.3711402497592604e-8
vn 2.4387513425263933e-14 0.9999999999999991 -4.3711366970455816e-8
vn 0.2239698409588631 0.9513322455922254 -0.21167066125780265
vn 0.2239698409588631 0.9513322455922254 -0.21167066125780265
vn 0.2239698409588631 0.9513322455922254 -0.21167066125780265
vn 0.012617950771295862 0.9760520080948456 -0.2171710496644351
vn 0.012617950771295862 0.9760520080948456 -0.2171710496644351
vn 0.012617950771295862 0.9760520080948456 -0.2171710496644351
vn 2.6648593339059927e-14 0.9999999999999991 -4.3711402497592604e-8
vn 1.3521127644714076e-14 0.9999999999999991 -4.3711374075883174e-8
vn 2.117409785172746e-15 0.9999999999999991 -4.371137762859685e-8
vn -1.9913471421823096e-15 0.9999999999999991 -4.371135986502846e-8
vn -1.0485417465929185e-14 0.9999999999999991 -4.371137762859685e-8
vn 2.2350099337454015e-15 0.9999999999999991 -4.371138118131053e-8
vn -0.1518131668854861 0.964815478394248 -0.21467150488846448
vn -0.1518131668854861 0.964815478394248 -0.21467150488846448
vn -0.1518131668854861 0.964815478394248 -0.21467150488846448
vn -0.03783079983379671 0.9754309889861253 -0.2170327540015212
vn -0.03783079983379671 0.9754309889861253 -0.2170327540015212
vn -0.03783079983379671 0.9754309889861253 -0.2170327540015212
vn -1.0485417465929185e-14 0.9999999999999991 -4.371137762859685e-8
vn -1.9913471421823096e-15 0.9999999999999991 -4.371135986502846e-8
vn -1.1810420940923719e-14 0.9999999999999991 -4.371137762859685e-8
vn 2.4065454558058903e-14 0.9999999999999991 -4.371133499603271e-8
vn 1.7273825802361314e-14 0.9999999999999991 -4.3711366970455816e-8
vn 1.5901620569348088e-15 0.9999999999999991 -4.371139539216525e-8
vn 1.7273825802361314e-14 0.9999999999999991 -4.3711366970455816e-8
vn -3.5304665701991004e-15 0.9999999999999991 -4.371138473402421e-8
vn 5.770456422399647e-15 0.9999999999999991 -4.371140605030628e-8
vn 0.41330920130845367 0.8895410523031956 0.19465924170481058
vn 0.41330920130845367 0.8895410523031956 0.19465924170481058
vn 0.41330920130845367 0.8895410523031956 0.19465924170481058
vn 0.4473860720799769 0.8539673447751365 0.2656792738746338
vn 0.4473860720799769 0.8539673447751365 0.2656792738746338
vn 0.4473860720799769 0.8539673447751365 0.2656792738746338
vn -0.38406165971767736 0.877749432483581 0.28644820702817175
vn -0.38406165971767736 0.877749432483581 0.28644820702817175
vn -0.38406165971767736 0.877749432483581 0.28644820702817175
vn -0.29009406738229887 0.9211833152969581 0.25935830753631045
vn -0.29009406738229887 0.9211833152969581 0.25935830753631045
vn -0.29009406738229887 0.9211833152969581 0.25935830753631045
vn -0.3638655162176029 0.8711719909959472 -0.32963805637676996
vn -0.3638655162176029 0.8711719909959472 -0.32963805637676996
vn -0.3638655162176029 0.8711719909959472 -0.32963805637676996
vn -0.5240335391881069 0.8426665184561546 0.12370120645721457
vn -0.5240335391881069 0.8426665184561546 0.12370120645721457
vn -0.5240335391881069 0.8426665184561546 0.12370120645721457
vn 0.07247516592421122 0.9960028806674219 0.052207394365693355
vn 0.07247516592421122 0.9960028806674219 0.052207394365693355
vn 0.07247516592421122 0.9960028806674219 0.052207394365693355
vn -0.08824286637731793 0.9875326187776325 -0.13035537343625736
vn -0.08824286637731793 0.9875326187776325 -0.13035537343625736
vn -0.08824286637731793 0.9875326187776325 -0.13035537343625736
vn 0.24765927813614005 0.968327989665723 -0.03171413538196066
vn 0.24765927813614005 0.968327989665723 -0.03171413538196066
vn 0.24765927813614005 0.968327989665723 -0.03171413538196066
vn 0.3369895001026586 0.9349287141373616 0.11111424887033966
vn 0.3369895001026586 0.9349287141373616 0.11111424887033966
vn 0.3369895001026586 0.9349287141373616 0.11111424887033966
vn 0.24370588808674704 0.9384594157778909 0.24474755371539414
vn 0.24292656155688 0.9354561327171554 0.2567265265842522
vn 0.24362050600152166 0.9381286778673057 0.24609679562827222
vn 0.06917430956518025 0.9312284253617922 0.35781075262543177
vn 0.07014427792543211 0.9311198211762891 0.35790453879066
vn 0.06896036314998166 0.9312522080966369 0.3577901525047342
vn 0.07014427792543211 0.9311198211762891 0.35790453879066
vn 0.06917430956518025 0.9312284253617922 0.35781075262543177
vn 0.0704802256106213 0.9310819857005073 0.3579369688951902
vn -0.18600793090888457 0.955271716163413 0.22990649824918707
vn -0.18600793090888457 0.955271716163413 0.22990649824918707
vn -0.18600793090888457 0.955271716163413 0.22990649824918707
vn -0.07096133740485844 0.9962647611799134 -0.04920380295103409
vn -0.07096133740485844 0.9962647611799134 -0.04920380295103409
vn -0.07096133740485844 0.9962647611799134 -0.04920380295103409
vn -0.017502876797128922 0.9366008665951476 0.34996066349954685
vn -0.017502876797128922 0.9366008665951476 0.34996066349954685
vn -0.017502876797128922 0.9366008665951476 0.34996066349954685
vn -0.19646097509300364 0.9194089671867437 0.3407201730483706
vn -0.19646097509300364 0.9194089671867437 0.3407201730483706
vn -0.19646097509300364 0.9194089671867437 0.3407201730483706
vn -0.021807160261737804 0.9985451117480492 -0.04931640259989699
vn -0.021807160261737804 0.9985451117480492 -0.04931640259989699
vn -0.021807160261737804 0.9985451117480492 -0.04931640259989699
vn -0.21072333047883773 0.9769608509328206 0.03381085234840379
vn -0.21072333047883773 0.9769608509328206 0.03381085234840379
vn -0.21072333047883773 0.9769608509328206 0.03381085234840379
vn 0.0417297495017523 0.9983502630918032 -0.03943830867378078
vn 0.0417297495017523 0.9983502630918032 -0.03943830867378078
vn 0.0417297495017523 0.9983502630918032 -0.03943830867378078
vn -0.06415891786271431 0.9971619498439024 -0.03939135745556663
vn -0.06415891786271431 0.9971619498439024 -0.03939135745556663
vn -0.06415891786271431 0.9971619498439024 -0.03939135745556663
vn -0.11505119151740409 0.9927652128656133 0.03435775682898207
vn -0.11505119151740409 0.9927652128656133 0.03435775682898207
vn -0.11505119151740409 0.9927652128656133 0.03435775682898207
vn 0.3423757738893556 0.930306821368546 -0.1315600530891387
vn 0.3423757738893556 0.930306821368546 -0.1315600530891387
vn 0.3423757738893556 0.930306821368546 -0.1315600530891387
vn 0.5053062484181898 0.801573045274029 -0.31960326719177
vn 0.5053062484181898 0.801573045274029 -0.31960326719177
vn 0.5053062484181898 0.801573045274029 -0.31960326719177
vn 0.3174942495309711 0.9418843878903822 -0.10977796392320995
vn 0.3174942495309711 0.9418843878903822 -0.10977796392320995
vn 0.3174942495309711 0.9418843878903822 -0.10977796392320995
vn 0.3921241214492499 0.8448629441547076 -0.363930321589028
vn 0.3921241214492499 0.8448629441547076 -0.363930321589028
vn 0.3921241214492499 0.8448629441547076 -0.363930321589028
vn -0.28259329209081613 0.8941941890513233 -0.3472143193074287
vn -0.28259329209081613 0.8941941890513233 -0.3472143193074287
vn -0.28259329209081613 0.8941941890513233 -0.3472143193074287
vn -0.41854010379543843 0.8873003935343119 -0.19370646129842584
vn -0.41854010379543843 0.8873003935343119 -0.19370646129842584
vn -0.41854010379543843 0.8873003935343119 -0.19370646129842584
vn -0.35396380913362563 0.8758961236831407 -0.3278957186979762
vn -0.35396380913362563 0.8758961236831407 -0.3278957186979762
vn -0.35396380913362563 0.8758961236831407 -0.3278957186979762
vn -0.19519653277026539 0.9749445595895976 -0.10668373503544133
vn -0.19519653277026539 0.9749445595895976 -0.10668373503544133
vn -0.19519653277026539 0.9749445595895976 -0.10668373503544133
vn -3.5304665701991004e-15 0.9999999999999991 -4.371138473402421e-8
vn -6.877086756779023e-15 0.9999999999999991 -4.3711342101460065e-8
vn 2.8992677823005632e-15 0.9999999999999991 -4.371139183945157e-8
vn -0.2512575865431776 0.9679202576682119 0
vn -0.2512575865431776 0.9679202576682119 0
vn -0.2512575865431776 0.9679202576682119 0
vn 0.24554425356309073 0.8306977203588641 -0.4996491938677885
vn 0.24554425356309073 0.8306977203588641 -0.4996491938677885
vn 0.24554425356309073 0.8306977203588641 -0.4996491938677885
vn 0.2898747899005652 0.7336661163955032 -0.6145784212232344
vn 0.2898747899005652 0.7336661163955032 -0.6145784212232344
vn 0.2898747899005652 0.7336661163955032 -0.6145784212232344
vn 0.04373106960290478 0.6964412696383714 -0.7162800789466918
vn 0.04373106960290478 0.6964412696383714 -0.7162800789466918
vn 0.04373106960290478 0.6964412696383714 -0.7162800789466918
vn 0.17529489094331818 0.5481653211734919 -0.8177936670529632
vn 0.17529489094331818 0.5481653211734919 -0.8177936670529632
vn 0.17529489094331818 0.5481653211734919 -0.8177936670529632
vn 0.02854131374761915 0.5605990572551721 -0.8275953663561513
vn 0.02854131374761915 0.5605990572551721 -0.8275953663561513
vn 0.02854131374761915 0.5605990572551721 -0.8275953663561513
vn -0.03253597267008961 0.7009932125984674 -0.712425383021472
vn -0.03253597267008961 0.7009932125984674 -0.712425383021472
vn -0.03253597267008961 0.7009932125984674 -0.712425383021472
vn -0.24503657208751572 0.596018254439685 -0.7646694179279505
vn -0.24503657208751572 0.596018254439685 -0.7646694179279505
vn -0.24503657208751572 0.596018254439685 -0.7646694179279505
vn -0.3930203030558121 0.5819265857222741 -0.711966635605584
vn -0.3930203030558121 0.5819265857222741 -0.711966635605584
vn -0.3930203030558121 0.5819265857222741 -0.711966635605584
vn -0.3185705011291383 0.8619088109741876 -0.39449466076918194
vn -0.3185705011291383 0.8619088109741876 -0.39449466076918194
vn -0.3185705011291383 0.8619088109741876 -0.39449466076918194
vn -0.1326626438598804 0.9832629920005469 -0.12487798639567639
vn -0.1326626438598804 0.9832629920005469 -0.12487798639567639
vn -0.1326626438598804 0.9832629920005469 -0.12487798639567639
vn 0 0.992320829595808 0.12369062676810785
vn 0 0.992320829595808 0.12369062676810785
vn 0 0.992320829595808 0.12369062676810785
vn -0.14243149752224948 0.9690629836386232 -0.20156934850065594
vn -0.14243149752224948 0.9690629836386232 -0.20156934850065594
vn -0.14243149752224948 0.9690629836386232 -0.20156934850065594
vn 0 0.9864789327531182 -0.1638881180387063
vn 0 0.9864789327531182 -0.1638881180387063
vn 0 0.9864789327531182 -0.1638881180387063
vn 0.02040217596968498 0.9913511400022382 0.12964053545078022
vn 0.02040217596968498 0.9913511400022382 0.12964053545078022
vn 0.02040217596968498 0.9913511400022382 0.12964053545078022
vn -5.290969201159931e-8 0.9923208433079975 0.12369051676058927
vn -5.290969201159931e-8 0.9923208433079975 0.12369051676058927
vn -5.290969201159931e-8 0.9923208433079975 0.12369051676058927
vn -1.0808788387169512e-14 0.9999999999999991 -4.3711402497592604e-8
vn 2.0987528257182858e-15 0.9999999999999991 -4.371138473402421e-8
vn -2.6043205339130124e-15 0.9999999999999991 -4.371139183945157e-8
vn 2.0987528257182858e-15 0.9999999999999991 -4.371138473402421e-8
vn -1.0808788387169512e-14 0.9999999999999991 -4.3711402497592604e-8
vn -8.65688085587923e-15 0.9999999999999991 -4.3711402497592604e-8
vn -0.05379507607998891 0.9911920275955306 0.12101427279709406
vn -0.05379507607998891 0.9911920275955306 0.12101427279709406
vn -0.05379507607998891 0.9911920275955306 0.12101427279709406
vn 0.18767650317679585 0.9792360011144686 -0.07664453194243341
vn 0.18767650317679585 0.9792360011144686 -0.07664453194243341
vn 0.18767650317679585 0.9792360011144686 -0.07664453194243341
vn 0.2063991067667965 0.9783653214000352 -0.014167095950629734
vn 0.2063991067667965 0.9783653214000352 -0.014167095950629734
vn 0.2063991067667965 0.9783653214000352 -0.014167095950629734
vn 0.5791373737626846 0.7799959628900044 -0.23707846841616656
vn 0.5791373737626846 0.7799959628900044 -0.23707846841616656
vn 0.5791373737626846 0.7799959628900044 -0.23707846841616656
vn 0.5820776975422032 0.7602242847744355 -0.2885213871850154
vn 0.5828277769463508 0.7592156740849512 -0.2896607371452126
vn 0.5826057366873361 0.7595150512941147 -0.2893223849561331
vn 0.35734470424130466 0.9164608395204014 -0.18001192176146463
vn 0.35734470424130466 0.9164608395204014 -0.18001192176146463
vn 0.35734470424130466 0.9164608395204014 -0.18001192176146463
vn 0.4395726344792983 0.752317849529333 -0.4907073998794893
vn 0.4395726344792983 0.752317849529333 -0.4907073998794893
vn 0.4395726344792983 0.752317849529333 -0.4907073998794893
vn 0.35716611583982955 0.782330993736964 -0.5102848047261684
vn 0.35716611583982955 0.782330993736964 -0.5102848047261684
vn 0.35716611583982955 0.782330993736964 -0.5102848047261684
vn 0.465078595354457 0.8686707672895553 -0.170625315236927
vn 0.465078595354457 0.8686707672895553 -0.170625315236927
vn 0.465078595354457 0.8686707672895553 -0.170625315236927
vn -0.28933230384443565 0.920969998305337 -0.26096183662278843
vn -0.28933230384443565 0.920969998305337 -0.26096183662278843
vn -0.28933230384443565 0.920969998305337 -0.26096183662278843
vn -0.0658104903783815 0.8355530620788659 -0.5454539942165496
vn -0.0658104903783815 0.8355530620788659 -0.5454539942165496
vn -0.0658104903783815 0.8355530620788659 -0.5454539942165496
vn -0.11715724845972449 0.8316022665950179 -0.5428736955566876
vn -0.11715724845972449 0.8316022665950179 -0.5428736955566876
vn -0.11715724845972449 0.8316022665950179 -0.5428736955566876
vn -0.16083268223730476 0.9495959525183738 -0.26907317830857186
vn -0.16083268223730476 0.9495959525183738 -0.26907317830857186
vn -0.16083268223730476 0.9495959525183738 -0.26907317830857186
vn -0.4058610143509296 0.7886332758048235 -0.4618813628231688
vn -0.4058610143509296 0.7886332758048235 -0.4618813628231688
vn -0.4058610143509296 0.7886332758048235 -0.4618813628231688
vn -0.4665387452319525 0.8410160327848507 -0.27392267484862604
vn -0.4665387452319525 0.8410160327848507 -0.27392267484862604
vn -0.4665387452319525 0.8410160327848507 -0.27392267484862604
vn 0.5234139319881262 0.8365217656926773 0.1620777323481989
vn 0.5234139319881262 0.8365217656926773 0.1620777323481989
vn 0.5234139319881262 0.8365217656926773 0.1620777323481989
vn 0.5647964085399989 0.6048053083119181 -0.5614406076674935
vn 0.5647964085399989 0.6048053083119181 -0.5614406076674935
vn 0.5647964085399989 0.6048053083119181 -0.5614406076674935
vn 0.0011815871084386467 0.8459067324861989 -0.5333295452029897
vn 0.006334861658079958 0.8490866312222648 -0.5282156398739049
vn 4.881168754858566e-7 0.8458951598336828 -0.5333492088394901
vn 3.8607999440199374e-7 0.7022227737502796 0.7119572852540486
vn -3.0950686458973015e-7 0.7022228039628884 0.7119572554545693
vn -3.589537022672622e-7 0.7022226839386955 0.711957373837652
vn -3.0950686458973015e-7 0.7022228039628884 0.7119572554545693
vn 3.8607999440199374e-7 0.7022227737502796 0.7119572852540486
vn 8.937647389433322e-7 0.7022229239868032 0.7119571370712043
vn 0.006334861658079958 0.8490866312222648 -0.5282156398739049
vn 0.0011815871084386467 0.8459067324861989 -0.5333295452029897
vn 0.004349701177943718 0.8481267517945451 -0.529775511882247
vn -0.4574420845653497 0.6958993961294454 -0.5535980217948585
vn -0.4574420845653497 0.6958993961294454 -0.5535980217948585
vn -0.4574420845653497 0.6958993961294454 -0.5535980217948585
vn -0.4770223379802666 0.6719403519726851 0.5665208314428201
vn -0.4770223379802666 0.6719403519726851 0.5665208314428201
vn -0.4770223379802666 0.6719403519726851 0.5665208314428201
vn -0.5858831604071207 0.8102278755589616 0.01648368947098592
vn -0.5858831604071207 0.8102278755589616 0.01648368947098592
vn -0.5858831604071207 0.8102278755589616 0.01648368947098592
vn -0.5058505427275206 0.7891070936784021 -0.34846122184354794
vn -0.5058505427275206 0.7891070936784021 -0.34846122184354794
vn -0.5058505427275206 0.7891070936784021 -0.34846122184354794
vn -0.39656123223816103 0.836778276891754 -0.3775464268243289
vn -0.39656123223816103 0.836778276891754 -0.3775464268243289
vn -0.39656123223816103 0.836778276891754 -0.3775464268243289
vn -0.335361452260715 0.9420895373251644 2.0503085488519144e-7
vn -0.3353619584142999 0.9420893571464015 7.278504281835765e-8
vn -0.3353619243447952 0.9420893692743513 1.0350102891858188e-7
vn -0.4613182527978882 0.8861322394401838 0.044216782563055224
vn -0.4613182527978882 0.8861322394401838 0.044216782563055224
vn -0.4613182527978882 0.8861322394401838 0.044216782563055224
vn -0.24161186618865052 0.9596557539559646 -0.1438212085057239
vn -0.24161186618865052 0.9596557539559646 -0.1438212085057239
vn -0.24161186618865052 0.9596557539559646 -0.1438212085057239
vn 2.0987528257182858e-15 0.9999999999999991 -4.371138473402421e-8
vn 1.361555593646517e-15 0.9999999999999991 -4.371138828673789e-8
vn 3.226049069944773e-15 0.9999999999999991 -4.371139183945157e-8
vn 1.361555593646517e-15 0.9999999999999991 -4.371138828673789e-8
vn -1.4634502690694201e-15 0.9999999999999991 -4.371138828673789e-8
vn -2.7305337370098235e-15 0.9999999999999991 -4.371139183945157e-8
vn -1.4634502690694201e-15 0.9999999999999991 -4.371138828673789e-8
vn 1.361555593646517e-15 0.9999999999999991 -4.371138828673789e-8
vn -4.4232911773731515e-15 0.9999999999999991 -4.371138828673789e-8
vn 1.361555593646517e-15 0.9999999999999991 -4.371138828673789e-8
vn 2.0987528257182858e-15 0.9999999999999991 -4.371138473402421e-8
vn 1.9134298519138074e-15 0.9999999999999991 -4.371138473402421e-8
vn 0.25943362688697785 0.9648509696358689 -0.04191419369369062
vn 0.25943362688697785 0.9648509696358689 -0.04191419369369062
vn 0.25943362688697785 0.9648509696358689 -0.04191419369369062
vn 0.1594805196389011 0.9830330153867775 0.09062038686347401
vn 0.1594805196389011 0.9830330153867775 0.09062038686347401
vn 0.1594805196389011 0.9830330153867775 0.09062038686347401
vn 0.2906013302396713 0.9553423703203114 0.053589386390427554
vn 0.2906013302396713 0.9553423703203114 0.053589386390427554
vn 0.2906013302396713 0.9553423703203114 0.053589386390427554
vn 0.2957882793278577 0.9050734966294632 -0.305534383517113
vn 0.2957882793278577 0.9050734966294632 -0.305534383517113
vn 0.2957882793278577 0.9050734966294632 -0.305534383517113
vn 0.8460978919247564 0.11891634092596017 -0.5195933613329408
vn 0.8496574336169959 0.12018226331420659 -0.5134573683219035
vn 0.8466355799835469 0.11910688130931768 -0.5186730622759306
vn 0.8569172406343163 0.4976453954623168 -0.13432015142495798
vn 0.8569172406343163 0.4976453954623168 -0.13432015142495798
vn 0.8569172406343163 0.4976453954623168 -0.13432015142495798
vn 0.2985213786455186 0.6121702958690453 0.7322107042014508
vn 0.2985213786455186 0.6121702958690453 0.7322107042014508
vn 0.2985213786455186 0.6121702958690453 0.7322107042014508
vn 0.5964421990370773 0.7878259109221221 -0.15358071912692756
vn 0.5964421990370773 0.7878259109221221 -0.15358071912692756
vn 0.5964421990370773 0.7878259109221221 -0.15358071912692756
vn 0.06699924277835212 0.9977262261831065 0.007312937408729328
vn 0.06699924277835212 0.9977262261831065 0.007312937408729328
vn 0.06699924277835212 0.9977262261831065 0.007312937408729328
vn 0.31254702436906334 0.8397850090235419 0.44393185983591416
vn 0.31254702436906334 0.8397850090235419 0.44393185983591416
vn 0.31254702436906334 0.8397850090235419 0.44393185983591416
vn 0.1753430622685571 0.870378130221819 0.4601051194519089
vn 0.1753430622685571 0.870378130221819 0.4601051194519089
vn 0.1753430622685571 0.870378130221819 0.4601051194519089
vn 0.050300167936635914 0.998707318339555 0.007320204953481087
vn 0.050300167936635914 0.998707318339555 0.007320204953481087
vn 0.050300167936635914 0.998707318339555 0.007320204953481087
vn -0.16460846567775758 0.8857486953445325 -0.4339968913744352
vn -0.16460846567775758 0.8857486953445325 -0.4339968913744352
vn -0.16460846567775758 0.8857486953445325 -0.4339968913744352
vn -0.055382371945234314 0.9979484781643516 0.03211896335771655
vn -0.055382371945234314 0.9979484781643516 0.03211896335771655
vn -0.055382371945234314 0.9979484781643516 0.03211896335771655
vn 0.29712749174505704 0.5477196693474081 0.7821242979598939
vn 0.29712749174505704 0.5477196693474081 0.7821242979598939
vn 0.29712749174505704 0.5477196693474081 0.7821242979598939
vn -0.2810422365686439 0.8452295316856735 0.4545352571923454
vn -0.2810422365686439 0.8452295316856735 0.4545352571923454
vn -0.2810422365686439 0.8452295316856735 0.4545352571923454
vn -2.8314436384206725e-7 0.9856243981613034 -0.16895131177084263
vn -7.57860599244994e-7 0.9856244668596007 -0.16895091099829412
vn -2.918162526775704e-7 0.9856243956799217 -0.16895132624665596
vn -3.29056373612849e-7 0.6131758630243069 0.7899464291990236
vn -1.5753844842516827e-7 0.6131757969590534 0.789946480480548
vn -5.4974662043641783e-8 0.6131759374127581 0.7899463714569376
vn -1.5753844842516827e-7 0.6131757969590534 0.789946480480548
vn -3.29056373612849e-7 0.6131758630243069 0.7899464291990236
vn -3.765408886112417e-7 0.6131757969590176 0.789946480480502
vn 0.10109958574833335 0.9805743947605562 -0.16808548450560673
vn 0.10109958574833335 0.9805743947605562 -0.16808548450560673
vn 0.10109958574833335 0.9805743947605562 -0.16808548450560673
vn -0.5018396146130262 0.8560177885107259 -0.12405864322269258
vn -0.5018396146130262 0.8560177885107259 -0.12405864322269258
vn -0.5018396146130262 0.8560177885107259 -0.12405864322269258
vn -0.3982776529031251 0.5144336212003938 0.7594293651002886
vn -0.3982776529031251 0.5144336212003938 0.7594293651002886
vn -0.3982776529031251 0.5144336212003938 0.7594293651002886
vn -0.4449201219614179 0.7589287746580938 0.47547155547919084
vn -0.4449201219614179 0.7589287746580938 0.47547155547919084
vn -0.4449201219614179 0.7589287746580938 0.47547155547919084
vn -0.566050348009312 0.8222464014679647 0.05914269854782878
vn -0.566050348009312 0.8222464014679647 0.05914269854782878
vn -0.566050348009312 0.8222464014679647 0.05914269854782878
vn -0.3353619584142999 0.9420893571464015 7.278504281835765e-8
vn -0.33536202252783526 0.9420893343232006 -7.12996677575893e-7
vn -0.3353621547804966 0.9420892872444535 -4.6893201328667e-7
vn -0.4461373994500464 0.775837430879882 0.44613641597347115
vn -0.4461373994500464 0.775837430879882 0.44613641597347115
vn -0.4461373994500464 0.775837430879882 0.44613641597347115
vn -0.44626298627008054 0.8423976913335686 0.30201900059629305
vn -0.44626298627008054 0.8423976913335686 0.30201900059629305
vn -0.44626298627008054 0.8423976913335686 0.30201900059629305
vn -0.44592477346712556 0.8851809199001384 0.13268698298264817
vn -0.44592477346712556 0.8851809199001384 0.13268698298264817
vn -0.44592477346712556 0.8851809199001384 0.13268698298264817
vn -1.4634502690694201e-15 0.9999999999999991 -4.371138828673789e-8
vn 1.759379228642839e-15 0.9999999999999991 -4.371138473402421e-8
vn 3.294535283620309e-15 0.9999999999999991 -4.371139183945157e-8
vn 0.24907352890124065 0.9426079153910494 -0.22237961921638166
vn 0.24907352890124065 0.9426079153910494 -0.22237961921638166
vn 0.24907352890124065 0.9426079153910494 -0.22237961921638166
vn 0.015079641668650199 0.9767963260390504 -0.21363881165125037
vn 0.015079641668650199 0.9767963260390504 -0.21363881165125037
vn 0.015079641668650199 0.9767963260390504 -0.21363881165125037
vn 1.759379228642839e-15 0.9999999999999991 -4.371138473402421e-8
vn -1.4634502690694201e-15 0.9999999999999991 -4.371138828673789e-8
vn -9.111354477904393e-16 0.9999999999999991 -4.371138828673789e-8
vn 0.016446069882647407 0.9684607474475513 0.24862282163700358
vn 0.016446069882647407 0.9684607474475513 0.24862282163700358
vn 0.016446069882647407 0.9684607474475513 0.24862282163700358
vn -0.04437750606274288 0.8933076761738777 -0.44724940765134363
vn -0.04437750606274288 0.8933076761738777 -0.44724940765134363
vn -0.04437750606274288 0.8933076761738777 -0.44724940765134363
vn -0.0884941294659978 0.890680432189466 -0.445934027368221
vn -0.0884941294659978 0.890680432189466 -0.445934027368221
vn -0.0884941294659978 0.890680432189466 -0.445934027368221
vn 0.1614821587076239 0.9558795890884675 0.24539299823586672
vn 0.1614821587076239 0.9558795890884675 0.24539299823586672
vn 0.1614821587076239 0.9558795890884675 0.24539299823586672
vn 0.39656427333395405 0.7954804863360633 0.458200363349543
vn 0.39656427333395405 0.7954804863360633 0.458200363349543
vn 0.39656427333395405 0.7954804863360633 0.458200363349543
vn 0.2763395455102999 0.8241749547472662 -0.4943400646867524
vn 0.2763395455102999 0.8241749547472662 -0.4943400646867524
vn 0.2763395455102999 0.8241749547472662 -0.4943400646867524
vn 0.7621442254277161 0.5585329819912688 0.32737911918008433
vn 0.7621442254277161 0.5585329819912688 0.32737911918008433
vn 0.7621442254277161 0.5585329819912688 0.32737911918008433
vn 0.865584264527473 0.49456805151751354 -0.07852594106792853
vn 0.865584264527473 0.49456805151751354 -0.07852594106792853
vn 0.865584264527473 0.49456805151751354 -0.07852594106792853
vn 0.5352205367248946 0.5049793468455845 0.6771520038568318
vn 0.5352205367248946 0.5049793468455845 0.6771520038568318
vn 0.5352205367248946 0.5049793468455845 0.6771520038568318
vn 0.5473050217386615 0.4675518352153486 0.694155958388605
vn 0.5473050217386615 0.4675518352153486 0.694155958388605
vn 0.5473050217386615 0.4675518352153486 0.694155958388605
vn 0.5210196404054114 0.8118073388180729 0.26364252113977066
vn 0.5210196404054114 0.8118073388180729 0.26364252113977066
vn 0.5210196404054114 0.8118073388180729 0.26364252113977066
vn 0.5099563620996045 0.8559494056090832 -0.08541149683499476
vn 0.5099563620996045 0.8559494056090832 -0.08541149683499476
vn 0.5099563620996045 0.8559494056090832 -0.08541149683499476
vn -0.17536465615214106 0.9838988067983904 -0.03450181666731399
vn -0.17536465615214106 0.9838988067983904 -0.03450181666731399
vn -0.17536465615214106 0.9838988067983904 -0.03450181666731399
vn -0.4304049134852242 0.7827007988410133 0.44958989083543266
vn -0.4304049134852242 0.7827007988410133 0.44958989083543266
vn -0.4304049134852242 0.7827007988410133 0.44958989083543266
vn 0.3003100885905828 0.8676625278626307 0.3962014493079826
vn 0.3003100885905828 0.8676625278626307 0.3962014493079826
vn 0.3003100885905828 0.8676625278626307 0.3962014493079826
vn 0.3559346978996757 0.8941083859858797 0.2718100162628147
vn 0.3559346978996757 0.8941083859858797 0.2718100162628147
vn 0.3559346978996757 0.8941083859858797 0.2718100162628147
vn -2.1198768410396845e-7 0.9420895050864888 0.33536154282482905
vn -3.1499873134879917e-7 0.9420895212058021 0.33536149754276096
vn 3.084494156891735e-7 0.9420895911075016 0.33536130117651564
vn -0.4739026919707077 0.49438076130525704 0.728700145048806
vn -0.4739026919707077 0.49438076130525704 0.728700145048806
vn -0.4739026919707077 0.49438076130525704 0.728700145048806
vn 0 0.5451207980864566 0.8383575105488018
vn 0 0.5451207980864566 0.8383575105488018
vn 0 0.5451207980864566 0.8383575105488018
vn -3.1499873134879917e-7 0.9420895212058021 0.33536149754276096
vn -2.1198768410396845e-7 0.9420895050864888 0.33536154282482905
vn -2.481402256879931e-7 0.9420895722760031 0.33536135407759193
vn -0.25186829811936534 0.9116149201917136 0.3248393413463184
vn -0.25205794934123144 0.9114769561729307 0.32507929577200534
vn -0.2518397628006848 0.9116356697333898 0.3248032320378731
vn -0.3293232852436514 0.889481982791789 0.31680905303528817
vn -0.3293232852436514 0.889481982791789 0.31680905303528817
vn -0.3293232852436514 0.889481982791789 0.31680905303528817
vn -0.4423291302397449 0.8848660422672885 0.1461404385636498
vn -0.4423291302397449 0.8848660422672885 0.1461404385636498
vn -0.4423291302397449 0.8848660422672885 0.1461404385636498
vn -0.539052556262099 0.8043671109743876 0.2498317281091689
vn -0.539052556262099 0.8043671109743876 0.2498317281091689
vn -0.539052556262099 0.8043671109743876 0.2498317281091689
vn -0.04938741036536432 0.9875794516692142 0.14915666374030132
vn -0.04938741036536432 0.9875794516692142 0.14915666374030132
vn -0.04938741036536432 0.9875794516692142 0.14915666374030132
vn -1.8917839249467237e-15 0.9999999999999991 -4.371138828673789e-8
vn -5.403477280419353e-16 0.9999999999999991 -4.371137762859685e-8
vn 4.5217136106353754e-14 0.9999999999999991 -4.371138828673789e-8
vn -5.403477280419353e-16 0.9999999999999991 -4.371137762859685e-8
vn -1.8917839249467237e-15 0.9999999999999991 -4.371138828673789e-8
vn -5.7392690927982175e-15 0.9999999999999991 -4.371139539216525e-8
vn -0.21538307615262034 0.9651128359544269 0.14888701885335145
vn -0.21538307615262034 0.9651128359544269 0.14888701885335145
vn -0.21538307615262034 0.9651128359544269 0.14888701885335145
vn 0.32832416907620476 0.9385485993722065 -0.1064413764327056
vn 0.32832416907620476 0.9385485993722065 -0.1064413764327056
vn 0.32832416907620476 0.9385485993722065 -0.1064413764327056
vn 0.1880965959031576 0.9784777066268411 0.08485899035412729
vn 0.1880965959031576 0.9784777066268411 0.08485899035412729
vn 0.1880965959031576 0.9784777066268411 0.08485899035412729
vn 0.31257684671995395 0.8870604252035096 0.3397344800463728
vn 0.31257684671995395 0.8870604252035096 0.3397344800463728
vn 0.31257684671995395 0.8870604252035096 0.3397344800463728
vn 0.39863895523366605 0.8502934950920648 -0.34363928118643844
vn 0.39863895523366605 0.8502934950920648 -0.34363928118643844
vn 0.39863895523366605 0.8502934950920648 -0.34363928118643844
vn 0.22522149518525614 0.9311160254401288 -0.28687667258788185
vn 0.22522149518525614 0.9311160254401288 -0.28687667258788185
vn 0.22522149518525614 0.9311160254401288 -0.28687667258788185
vn 0.26174831997874237 0.9321016885605463 0.25034827574977203
vn 0.26174831997874237 0.9321016885605463 0.25034827574977203
vn 0.26174831997874237 0.9321016885605463 0.25034827574977203
vn 0.6192029895722584 0.6833507022489712 0.3868067675734431
vn 0.6192029895722584 0.6833507022489712 0.3868067675734431
vn 0.6192029895722584 0.6833507022489712 0.3868067675734431
vn 0.802547325987253 0.57370806750989 -0.16363631267166084
vn 0.802547325987253 0.57370806750989 -0.16363631267166084
vn 0.802547325987253 0.57370806750989 -0.16363631267166084
vn 0.28818890222519716 0.9231863544261842 0.2543110529165562
vn 0.28818890222519716 0.9231863544261842 0.2543110529165562
vn 0.28818890222519716 0.9231863544261842 0.2543110529165562
vn 0.37652307439904154 0.8811685966682011 0.2859585261727423
vn 0.37652307439904154 0.8811685966682011 0.2859585261727423
vn 0.37652307439904154 0.8811685966682011 0.2859585261727423
vn 0.0714989119758753 0.9840156539692416 0.16309843141413718
vn 0.0714989119758753 0.9840156539692416 0.16309843141413718
vn 0.0714989119758753 0.9840156539692416 0.16309843141413718
vn 0.30305968710506176 0.916392295977502 0.26149567094861087
vn 0.30305968710506176 0.916392295977502 0.26149567094861087
vn 0.30305968710506176 0.916392295977502 0.26149567094861087
vn 0.2971181356843528 0.6558532837097497 0.6939576958969425
vn 0.2971181356843528 0.6558532837097497 0.6939576958969425
vn 0.2971181356843528 0.6558532837097497 0.6939576958969425
vn -0.1488913940936955 0.8510305895827073 0.5035655750340222
vn -0.1488913940936955 0.8510305895827073 0.5035655750340222
vn -0.1488913940936955 0.8510305895827073 0.5035655750340222
vn 0.3150122981847472 0.5816702102819669 0.7499513440636641
vn 0.3150122981847472 0.5816702102819669 0.7499513440636641
vn 0.3150122981847472 0.5816702102819669 0.7499513440636641
vn 0.7264533754804652 0.6438887221976779 0.2401516326816868
vn 0.7264533754804652 0.6438887221976779 0.2401516326816868
vn 0.7264533754804652 0.6438887221976779 0.2401516326816868
vn -0.3769484533358188 0.6316293100961793 0.6774616433091682
vn -0.3769484533358188 0.6316293100961793 0.6774616433091682
vn -0.3769484533358188 0.6316293100961793 0.6774616433091682
vn -0.4168902182470291 0.4940508420265537 0.7629654719728787
vn -0.4168902182470291 0.4940508420265537 0.7629654719728787
vn -0.4168902182470291 0.4940508420265537 0.7629654719728787
vn 3.2602758925741295e-14 0.9999999999999991 -4.371138828673789e-8
vn 0 0.9999999999999991 -4.371135631231478e-8
vn 9.757990653024877e-15 0.9999999999999991 -4.3711427366588356e-8
vn 0.2512576144640666 0.9679202504203673 0
vn 0.2512576144640666 0.9679202504203673 0
vn 0.2512576144640666 0.9679202504203673 0
vn 0.10262930625662384 0.8779486020569041 0.4676253603512237
vn 0.10262930625662384 0.8779486020569041 0.4676253603512237
vn 0.10262930625662384 0.8779486020569041 0.4676253603512237
vn 2.3725257327321372e-15 0.9999999999999991 -4.371143802472939e-8
vn -1.967912069872388e-15 0.9999999999999991 -4.3711370523169495e-8
vn 1.0164770602647228e-14 0.9999999999999991 -4.371141670844732e-8
vn -1.967912069872388e-15 0.9999999999999991 -4.3711370523169495e-8
vn 2.3725257327321372e-15 0.9999999999999991 -4.371143802472939e-8
vn 2.2603340165826423e-14 0.9999999999999991 -4.371141670844732e-8
vn 0.04497972405621691 0.8805905985328584 0.471738298423362
vn 0.04497972405621691 0.8805905985328584 0.471738298423362
vn 0.04497972405621691 0.8805905985328584 0.471738298423362
vn -0.01737140258774314 0.9686840512962254 0.24768819741050657
vn -0.01737140258774314 0.9686840512962254 0.24768819741050657
vn -0.01737140258774314 0.9686840512962254 0.24768819741050657
vn 7.780388102719427e-15 0.9999999999999991 -4.3711427366588356e-8
vn -1.7167596012314363e-14 0.9999999999999991 -4.371140605030628e-8
vn -7.643335630754839e-15 0.9999999999999991 -4.371140960301996e-8
vn -1.7167596012314363e-14 0.9999999999999991 -4.371140605030628e-8
vn 7.780388102719427e-15 0.9999999999999991 -4.3711427366588356e-8
vn 2.027972719766643e-14 0.9999999999999991 -4.371137762859685e-8
vn -0.3556087645602783 0.8685364802576044 0.34523439722838195
vn -0.3556087645602783 0.8685364802576044 0.34523439722838195
vn -0.3556087645602783 0.8685364802576044 0.34523439722838195
vn -5.403477280419353e-16 0.9999999999999991 -4.371137762859685e-8
vn -2.248102352604522e-14 0.9999999999999991 -4.371135986502846e-8
vn 2.027972719766643e-14 0.9999999999999991 -4.371137762859685e-8
vn -2.248102352604522e-14 0.9999999999999991 -4.371135986502846e-8
vn 1.2944682760591952e-14 0.9999999999999991 -4.371139183945157e-8
vn -1.0286645091229966e-14 0.9999999999999991 -4.3711402497592604e-8
vn 1.2944682760591952e-14 0.9999999999999991 -4.371139183945157e-8
vn -2.248102352604522e-14 0.9999999999999991 -4.371135986502846e-8
vn -9.576775577256345e-15 0.9999999999999991 -4.371140605030628e-8
vn -2.248102352604522e-14 0.9999999999999991 -4.371135986502846e-8
vn -5.403477280419353e-16 0.9999999999999991 -4.371137762859685e-8
vn -1.7804969670398385e-14 0.9999999999999991 -4.3711402497592604e-8
vn 0.041001248737621024 0.9817460091425289 0.18572471869590554
vn 0.041001248737621024 0.9817460091425289 0.18572471869590554
vn 0.041001248737621024 0.9817460091425289 0.18572471869590554
vn -1.8026197735562263e-14 0.9999999999999991 -4.3711374075883174e-8
vn -1.3481217993338295e-14 0.9999999999999991 -4.371139183945157e-8
vn 1.2983443835291256e-14 0.9999999999999991 -4.371140960301996e-8
vn -1.3481217993338295e-14 0.9999999999999991 -4.371139183945157e-8
vn -1.8026197735562263e-14 0.9999999999999991 -4.3711374075883174e-8
vn 2.1073857855167017e-14 0.9999999999999991 -4.371135986502846e-8
vn 0.1635039690914717 0.9693495300125807 0.18337922661993125
vn 0.1635039690914717 0.9693495300125807 0.18337922661993125
vn 0.1635039690914717 0.9693495300125807 0.18337922661993125
vn 0.33142039489186864 0.8631984076018231 0.38085303066064025
vn 0.33142039489186864 0.8631984076018231 0.38085303066064025
vn 0.33142039489186864 0.8631984076018231 0.38085303066064025
vn 0.198947001356215 0.9699026402655696 0.14038860016841562
vn 0.198947001356215 0.9699026402655696 0.14038860016841562
vn 0.198947001356215 0.9699026402655696 0.14038860016841562
vn 0.2573476924262808 0.8984162439026477 0.355837628553708
vn 0.2573476924262808 0.8984162439026477 0.355837628553708
vn 0.2573476924262808 0.8984162439026477 0.355837628553708
vn 0.27793767648740914 0.9205438958397224 0.27449878655652826
vn 0.28747940818813894 0.9201177242565289 0.26596797434424946
vn 0.2780577526363991 0.9205396724971073 0.27439132194315746
vn 0.3072703155737073 0.8631781263909223 0.4006350899353316
vn 0.3072703155737073 0.8631781263909223 0.4006350899353316
vn 0.3072703155737073 0.8631781263909223 0.4006350899353316
vn 0.2527816440606578 0.9085350678663792 0.33266420138485686
vn 0.2527816440606578 0.9085350678663792 0.33266420138485686
vn 0.2527816440606578 0.9085350678663792 0.33266420138485686
vn 0.30356755566273663 0.8527756607781303 0.4249946017696866
vn 0.30356755566273663 0.8527756607781303 0.4249946017696866
vn 0.30356755566273663 0.8527756607781303 0.4249946017696866
vn 0.21295662203353063 0.9698925522206117 0.11814361717441968
vn 0.21295662203353063 0.9698925522206117 0.11814361717441968
vn 0.21295662203353063 0.9698925522206117 0.11814361717441968
vn -0.323535729673441 0.9088695344691896 0.2632124634937193
vn -0.323535729673441 0.9088695344691896 0.2632124634937193
vn -0.323535729673441 0.9088695344691896 0.2632124634937193
vn -0.44613459693402463 0.775839522910681 0.4461355804105317
vn -0.44613459693402463 0.775839522910681 0.4461355804105317
vn -0.44613459693402463 0.775839522910681 0.4461355804105317
vn -0.3124884820426917 0.8778373794485014 0.36297724974665047
vn -0.3124884820426917 0.8778373794485014 0.36297724974665047
vn -0.3124884820426917 0.8778373794485014 0.36297724974665047
vn -0.446136833323428 0.775837602120059 0.44613668431181575
vn -0.446136833323428 0.775837602120059 0.44613668431181575
vn -0.446136833323428 0.775837602120059 0.44613668431181575
vn -0.3145542376147636 0.9088193581653359 0.27404927626713743
vn -0.3145542376147636 0.9088193581653359 0.27404927626713743
vn -0.3145542376147636 0.9088193581653359 0.27404927626713743
vn -0.4385721301128141 0.7844162432483903 0.43857227912442315
vn -0.4385721301128141 0.7844162432483903 0.43857227912442315
vn -0.4385721301128141 0.7844162432483903 0.43857227912442315
vn -1.0436404751469263e-14 0.9999999999999991 -4.3711398944878926e-8
vn -6.567904907954627e-15 0.9999999999999991 -4.3711374075883174e-8
vn -1.2357084146620383e-14 0.9999999999999991 -4.3711374075883174e-8
vn -6.567904907954627e-15 0.9999999999999991 -4.3711374075883174e-8
vn 3.2602758925741295e-14 0.9999999999999991 -4.371138828673789e-8
vn 1.0164770602647228e-14 0.9999999999999991 -4.371141670844732e-8
vn -1.967912069872388e-15 0.9999999999999991 -4.3711370523169495e-8
vn -4.0171397791372214e-16 0.9999999999999991 -4.371134920688742e-8
vn -1.2357084146620383e-14 0.9999999999999991 -4.3711374075883174e-8
vn -4.0171397791372214e-16 0.9999999999999991 -4.371134920688742e-8
vn 0 0.9999999999999991 -4.3711370523169495e-8
vn 0 0.9999999999999991 -4.371138828673789e-8
vn 0 0.9999999999999991 -4.3711370523169495e-8
vn -4.0171397791372214e-16 0.9999999999999991 -4.371134920688742e-8
vn 4.6562430255599764e-15 0.9999999999999991 -4.371138828673789e-8
vn -4.0171397791372214e-16 0.9999999999999991 -4.371134920688742e-8
vn -1.967912069872388e-15 0.9999999999999991 -4.3711370523169495e-8
vn -7.643335630754839e-15 0.9999999999999991 -4.371140960301996e-8
vn -1.7167596012314363e-14 0.9999999999999991 -4.371140605030628e-8
vn -5.0759444627926924e-15 0.9999999999999991 -4.371138828673789e-8
vn 4.6562430255599764e-15 0.9999999999999991 -4.371138828673789e-8
vn -5.0759444627926924e-15 0.9999999999999991 -4.371138828673789e-8
vn 0 0.9999999999999991 -4.371135631231478e-8
vn 8.535992313647096e-15 0.9999999999999991 -4.3711366970455816e-8
vn 0 0.9999999999999991 -4.371135631231478e-8
vn -5.0759444627926924e-15 0.9999999999999991 -4.371138828673789e-8
vn -3.731229684082604e-15 0.9999999999999991 -4.371142381387468e-8
vn -5.0759444627926924e-15 0.9999999999999991 -4.371138828673789e-8
vn -1.7167596012314363e-14 0.9999999999999991 -4.371140605030628e-8
vn -1.0286645091229966e-14 0.9999999999999991 -4.3711402497592604e-8
vn 1.2944682760591952e-14 0.9999999999999991 -4.371139183945157e-8
vn 1.3525470382634649e-14 0.9999999999999991 -4.371138473402421e-8
vn -3.731229684082604e-15 0.9999999999999991 -4.371142381387468e-8
vn 1.3525470382634649e-14 0.9999999999999991 -4.371138473402421e-8
vn 1.1927292005887025e-14 0.9999999999999991 -4.371137762859685e-8
vn 5.9636451559105654e-15 0.9999999999999991 -4.371138828673789e-8
vn 1.1927292005887025e-14 0.9999999999999991 -4.371137762859685e-8
vn 1.3525470382634649e-14 0.9999999999999991 -4.371138473402421e-8
vn -4.823879739667549e-15 0.9999999999999991 -4.3711374075883174e-8
vn 1.3525470382634649e-14 0.9999999999999991 -4.371138473402421e-8
vn 1.2944682760591952e-14 0.9999999999999991 -4.371139183945157e-8
vn 1.2983443835291256e-14 0.9999999999999991 -4.371140960301996e-8
vn -1.3481217993338295e-14 0.9999999999999991 -4.371139183945157e-8
vn -4.777393724489285e-15 0.9999999999999991 -4.371138118131053e-8
vn -4.823879739667549e-15 0.9999999999999991 -4.3711374075883174e-8
vn -4.777393724489285e-15 0.9999999999999991 -4.371138118131053e-8
vn -2.137260214049887e-15 0.9999999999999991 -4.371134920688742e-8
vn -1.785904806539936e-15 0.9999999999999991 -4.371134920688742e-8
vn -2.137260214049887e-15 0.9999999999999991 -4.371134920688742e-8
vn -4.777393724489285e-15 0.9999999999999991 -4.371138118131053e-8
vn 1.3992038788113657e-15 0.9999999999999991 -4.3711402497592604e-8
vn -4.777393724489285e-15 0.9999999999999991 -4.371138118131053e-8
vn -1.3481217993338295e-14 0.9999999999999991 -4.371139183945157e-8
vn 9.123260584769237e-15 0.9999999999999991 -4.3711402497592604e-8
vn 0.04192606778301736 0.9707321035200867 0.23647703490132366
vn 0.04192606778301736 0.9707321035200867 0.23647703490132366
vn 0.04192606778301736 0.9707321035200867 0.23647703490132366
vn 0 0.9999999999999991 -4.371144513015675e-8
vn -2.1406686746296385e-15 0.9999999999999991 -4.371140960301996e-8
vn 0 0.9999999999999991 -4.3711374075883174e-8
vn -2.1406686746296385e-15 0.9999999999999991 -4.371140960301996e-8
vn 0 0.9999999999999991 -4.371144513015675e-8
vn 8.427803336393146e-15 0.9999999999999991 -4.3711370523169495e-8
vn 0.14314407081526692 0.9615809898178881 0.23424725187562961
vn 0.14314407081526692 0.9615809898178881 0.23424725187562961
vn 0.14314407081526692 0.9615809898178881 0.23424725187562961
vn -0.02547502517080782 0.9019613796408271 0.4310646038924586
vn -0.02547502517080782 0.9019613796408271 0.4310646038924586
vn -0.02547502517080782 0.9019613796408271 0.4310646038924586
vn 6.664163849662973e-14 0.9999999999999991 -4.371138828673789e-8
vn 3.429825799999665e-14 0.9999999999999991 -4.371141670844732e-8
vn 1.7100019723782415e-15 0.9999999999999991 -4.371136341774214e-8
vn 3.429825799999665e-14 0.9999999999999991 -4.371141670844732e-8
vn 6.664163849662973e-14 0.9999999999999991 -4.371138828673789e-8
vn -4.728155529858803e-14 0.9999999999999991 -4.371145223558411e-8
vn -0.11392905285543795 0.8963790913582979 0.4283978238636782
vn -0.11392905285543795 0.8963790913582979 0.4283978238636782
vn -0.11392905285543795 0.8963790913582979 0.4283978238636782
vn -0.059990539994295704 0.9391001439058834 0.33836674604213424
vn -0.059990539994295704 0.9391001439058834 0.33836674604213424
vn -0.059990539994295704 0.9391001439058834 0.33836674604213424
vn 3.1685253684308388e-15 0.9999999999999991 -4.3711402497592604e-8
vn 1.1877189160023986e-14 0.9999999999999991 -4.371135631231478e-8
vn -3.0404145997739415e-14 0.9999999999999991 -4.371141670844732e-8
vn 1.1877189160023986e-14 0.9999999999999991 -4.371135631231478e-8
vn 3.1685253684308388e-15 0.9999999999999991 -4.3711402497592604e-8
vn -1.342079489804591e-14 0.9999999999999991 -4.371138828673789e-8
vn -0.030035694511907504 0.9403703053679972 0.33882376811151765
vn -0.030035694511907504 0.9403703053679972 0.33882376811151765
vn -0.030035694511907504 0.9403703053679972 0.33882376811151765
vn 0 0.9999999999999991 -4.371138828673789e-8
vn -1.3754179442788677e-14 0.9999999999999991 -4.3711370523169495e-8
vn -1.342079489804591e-14 0.9999999999999991 -4.371138828673789e-8
vn -1.3754179442788677e-14 0.9999999999999991 -4.3711370523169495e-8
vn 0 0.9999999999999991 -4.3711313679750634e-8
vn -1.3754179442788677e-14 0.9999999999999991 -4.3711342101460065e-8
vn 0.9999999999996638 0 8.199604053513185e-7
vn 1 0 0
vn 0.9999999999997142 0 7.561056918346025e-7
vn 0.9088485401533064 -0.03742448433738525 -0.4154440263540739
vn 0.9088485401533064 -0.03742448433738525 -0.4154440263540739
vn 0.9088485401533064 -0.03742448433738525 -0.4154440263540739
vn 0.831857906372331 0.19892833873148585 -0.5181118987780277
vn 0.831857906372331 0.19892833873148585 -0.5181118987780277
vn 0.831857906372331 0.19892833873148585 -0.5181118987780277
vn 0.976209221087185 0.2070422339524957 -0.0644132752180143
vn 0.976209221087185 0.2070422339524957 -0.0644132752180143
vn 0.976209221087185 0.2070422339524957 -0.0644132752180143
vn 0.23598427504986355 -0.04219747606117455 -0.9708402520205148
vn 0.23598427504986355 -0.04219747606117455 -0.9708402520205148
vn 0.23598427504986355 -0.04219747606117455 -0.9708402520205148
vn 0 0.2165218452929684 -0.9762777732340976
vn 0 0.2165218452929684 -0.9762777732340976
vn 0 0.2165218452929684 -0.9762777732340976
vn -0.31424219428632355 0.28261773008587554 -0.9062996535204146
vn -0.31424219428632355 0.28261773008587554 -0.9062996535204146
vn -0.31424219428632355 0.28261773008587554 -0.9062996535204146
vn 0.35018692880261915 0.3027057218245837 -0.8864188405434797
vn 0.35018692880261915 0.3027057218245837 -0.8864188405434797
vn 0.35018692880261915 0.3027057218245837 -0.8864188405434797
vn -0.8671515505934861 0.36137538823036564 -0.34271856833948344
vn -0.8671515505934861 0.36137538823036564 -0.34271856833948344
vn -0.8671515505934861 0.36137538823036564 -0.34271856833948344
vn -0.9395322518427264 0.34051924744508566 0.03641139748442308
vn -0.9395322518427264 0.34051924744508566 0.03641139748442308
vn -0.9395322518427264 0.34051924744508566 0.03641139748442308
vn -0.8849931265550584 0.44739913499553324 -0.12892315523423695
vn -0.8849931265550584 0.44739913499553324 -0.12892315523423695
vn -0.8849931265550584 0.44739913499553324 -0.12892315523423695
vn -0.6290548004826679 0.46664774141744086 -0.6217153234557695
vn -0.6290548004826679 0.46664774141744086 -0.6217153234557695
vn -0.6290548004826679 0.46664774141744086 -0.6217153234557695
vn -0.9202675541342692 0.353773530497679 0.16718827090121305
vn -0.9202675541342692 0.353773530497679 0.16718827090121305
vn -0.9202675541342692 0.353773530497679 0.16718827090121305
vn -0.7590326557668042 0.5546095291482503 -0.3409951578212629
vn -0.7590326557668042 0.5546095291482503 -0.3409951578212629
vn -0.7590326557668042 0.5546095291482503 -0.3409951578212629
vn -0.9305945656201463 0.3464962924125359 -0.11804267780179241
vn -0.9305945656201463 0.3464962924125359 -0.11804267780179241
vn -0.9305945656201463 0.3464962924125359 -0.11804267780179241
vn -0.9118555717652719 0.3819049915313584 0.15055893757616115
vn -0.9118555717652719 0.3819049915313584 0.15055893757616115
vn -0.9118555717652719 0.3819049915313584 0.15055893757616115
vn -0.37360303543954154 0.3541486775299798 -0.8573211102697326
vn -0.37360303543954154 0.3541486775299798 -0.8573211102697326
vn -0.37360303543954154 0.3541486775299798 -0.8573211102697326
vn -0.1995204079128724 0.38355228075267295 -0.9017090743447709
vn -0.1995204079128724 0.38355228075267295 -0.9017090743447709
vn -0.1995204079128724 0.38355228075267295 -0.9017090743447709
vn -0.2812017682597171 0.051850082079705324 -0.9582469068647893
vn -0.27787032607520923 0.05123648026075329 -0.9592512209934092
vn -0.2807663301201106 0.05177048446434572 -0.9583788837454694
vn -0.16824995787804378 0.14384912860059115 -0.9751919707805675
vn -0.16824995787804378 0.14384912860059115 -0.9751919707805675
vn -0.16824995787804378 0.14384912860059115 -0.9751919707805675
vn -0.7785074539933653 0.5488766311308965 -0.30440201687105456
vn -0.7785074539933653 0.5488766311308965 -0.30440201687105456
vn -0.7785074539933653 0.5488766311308965 -0.30440201687105456
vn -0.6609217051900834 0.6353021382710882 -0.39946676046551854
vn -0.6609217051900834 0.6353021382710882 -0.39946676046551854
vn -0.6609217051900834 0.6353021382710882 -0.39946676046551854
vn -0.8975357496882597 0.2956677208409932 -0.3271241001274989
vn -0.8975357496882597 0.2956677208409932 -0.3271241001274989
vn -0.8975357496882597 0.2956677208409932 -0.3271241001274989
vn -0.8939685025894234 0.27941909925791564 -0.3503502295531133
vn -0.8939685025894234 0.27941909925791564 -0.3503502295531133
vn -0.8939685025894234 0.27941909925791564 -0.3503502295531133
vn -0.38863098875979457 0.4151890603086826 -0.8225472623354706
vn -0.38863098875979457 0.4151890603086826 -0.8225472623354706
vn -0.38863098875979457 0.4151890603086826 -0.8225472623354706
vn -0.25962706872883123 0.40885447625212523 -0.8748895944242766
vn -0.25962706872883123 0.40885447625212523 -0.8748895944242766
vn -0.25962706872883123 0.40885447625212523 -0.8748895944242766
vn -0.368200088101798 0.07082436129773541 -0.9270450932768027
vn -0.368200088101798 0.07082436129773541 -0.9270450932768027
vn -0.368200088101798 0.07082436129773541 -0.9270450932768027
vn -0.3509264153477731 0.03246147804028108 -0.9358402125654799
vn -0.3509264153477731 0.03246147804028108 -0.9358402125654799
vn -0.3509264153477731 0.03246147804028108 -0.9358402125654799
vn -0.8177819999596608 0.5264968969630829 -0.23245132400187038
vn -0.8177819999596608 0.5264968969630829 -0.23245132400187038
vn -0.8177819999596608 0.5264968969630829 -0.23245132400187038
vn -0.8540766122722196 0.5136649897058027 0.0818621934726051
vn -0.8540766122722196 0.5136649897058027 0.0818621934726051
vn -0.8540766122722196 0.5136649897058027 0.0818621934726051
vn -0.8163834070837677 0.5773678495083837 0.012825716056562407
vn -0.8163834070837677 0.5773678495083837 0.012825716056562407
vn -0.8163834070837677 0.5773678495083837 0.012825716056562407
vn -0.9321470849096699 0.335685916859223 0.13570842758203164
vn -0.9321470849096699 0.335685916859223 0.13570842758203164
vn -0.9321470849096699 0.335685916859223 0.13570842758203164
vn -0.8778962052387757 0.4013244929891054 0.261221944243578
vn -0.8778962052387757 0.4013244929891054 0.261221944243578
vn -0.8778962052387757 0.4013244929891054 0.261221944243578
vn -0.8247809909070888 0.3455473739963585 0.44758611390719144
vn -0.8247809909070888 0.3455473739963585 0.44758611390719144
vn -0.8247809909070888 0.3455473739963585 0.44758611390719144
vn -0.9214399403053303 0.16611953398032372 0.3512160828325911
vn -0.9214399403053303 0.16611953398032372 0.3512160828325911
vn -0.9214399403053303 0.16611953398032372 0.3512160828325911
vn -0.8063685134799871 0.5339413974631494 -0.2543155609536606
vn -0.8063685134799871 0.5339413974631494 -0.2543155609536606
vn -0.8063685134799871 0.5339413974631494 -0.2543155609536606
vn -0.42292970184411044 0.41177156339241844 0.8072017386498962
vn -0.4266443113325618 0.41162611690882517 0.8053189253246978
vn -0.4235975809262282 0.41174609119507727 0.8068644531884044
vn -0.6249848921716421 0.6019078224870572 0.4970924036696699
vn -0.6249848921716421 0.6019078224870572 0.4970924036696699
vn -0.6249848921716421 0.6019078224870572 0.4970924036696699
vn -0.17053060071590007 0.02203833098286429 0.9851058959253893
vn -0.17053060071590007 0.02203833098286429 0.9851058959253893
vn -0.17053060071590007 0.02203833098286429 0.9851058959253893
vn -0.3231287899313644 0.025003712201593975 0.9460246294328876
vn -0.3231287899313644 0.025003712201593975 0.9460246294328876
vn -0.3231287899313644 0.025003712201593975 0.9460246294328876
vn -0.8398192939771739 0.5036825429015868 0.20250296155827527
vn -0.8398192939771739 0.5036825429015868 0.20250296155827527
vn -0.8398192939771739 0.5036825429015868 0.20250296155827527
vn -0.8129756446221384 0.5479210210453958 0.1971120390736936
vn -0.8129756446221384 0.5479210210453958 0.1971120390736936
vn -0.8129756446221384 0.5479210210453958 0.1971120390736936
vn -0.7433777644911873 0.5896469631294317 0.3157625027331835
vn -0.7433777644911873 0.5896469631294317 0.3157625027331835
vn -0.7433777644911873 0.5896469631294317 0.3157625027331835
vn -0.8276744431297723 0.45676409593255707 0.3260698956615514
vn -0.8276744431297723 0.45676409593255707 0.3260698956615514
vn -0.8276744431297723 0.45676409593255707 0.3260698956615514
vn -0.23144103057723703 0.5827541218132031 0.7789946616473499
vn -0.23144103057723703 0.5827541218132031 0.7789946616473499
vn -0.23144103057723703 0.5827541218132031 0.7789946616473499
vn 0.050926033881406166 0.8438844142014554 0.5341026441995735
vn 0.050926033881406166 0.8438844142014554 0.5341026441995735
vn 0.050926033881406166 0.8438844142014554 0.5341026441995735
vn 0.48732782673853053 0.539964272672022 0.686258095416058
vn 0.48732782673853053 0.539964272672022 0.686258095416058
vn 0.48732782673853053 0.539964272672022 0.686258095416058
vn -0.32704607481596054 0.7256370901666193 0.6053855617059223
vn -0.32704607481596054 0.7256370901666193 0.6053855617059223
vn -0.32704607481596054 0.7256370901666193 0.6053855617059223
vn 0.27517137967594485 0.44177344300562776 0.853883444541578
vn 0.27517137967594485 0.44177344300562776 0.853883444541578
vn 0.27517137967594485 0.44177344300562776 0.853883444541578
vn 0.6024209837679207 0.270554273453467 0.7509256577266202
vn 0.6024209837679207 0.270554273453467 0.7509256577266202
vn 0.6024209837679207 0.270554273453467 0.7509256577266202
vn 0.48043471910000995 0.46253890232860434 0.745144445403671
vn 0.4843803703766239 0.4585940894273955 0.7450282665349434
vn 0.4802917878188171 0.4626812686401215 0.7451482015031452
vn -0.4414235949748952 0.5868835053298879 0.6787583966118894
vn -0.4414235949748952 0.5868835053298879 0.6787583966118894
vn -0.4414235949748952 0.5868835053298879 0.6787583966118894
vn 1 0 0
vn 0.9999999999991251 0 0.0000013227735280440607
vn 0.999999999997145 0 0.000002389592964384518
vn 0.9999999999991251 0 0.0000013227735280440607
vn 0.999999999999605 0 8.8894455529918e-7
vn 0.9999999999990967 0 0.0000013440602515389993
vn 0.9377752388530497 0.30104939568643907 0.1730516187469385
vn 0.9377752388530497 0.30104939568643907 0.1730516187469385
vn 0.9377752388530497 0.30104939568643907 0.1730516187469385
vn 0.7978718415705767 0.4387352213014643 0.4134149610480153
vn 0.7978718415705767 0.4387352213014643 0.4134149610480153
vn 0.7978718415705767 0.4387352213014643 0.4134149610480153
vn 0.999999999999605 0 8.8894455529918e-7
vn 0.9999999999998965 0 4.551157530840539e-7
vn 1 0 0
vn 0.9999999999998965 0 4.551157530840539e-7
vn 0.9999999999990967 0 0.0000013440604789126748
vn 0.9999999999999059 0 4.3382891590222704e-7
vn 0.9973074976828813 -0.05770236014765035 0.045256962988037025
vn 0.9973074976828813 -0.05770236014765035 0.045256962988037025
vn 0.9973074976828813 -0.05770236014765035 0.045256962988037025
vn 0.9688318752853957 0.13962042021904558 0.20462388836311535
vn 0.9688318752853957 0.13962042021904558 0.20462388836311535
vn 0.9688318752853957 0.13962042021904558 0.20462388836311535
vn 0.9999999999990967 0 0.0000013440604789126748
vn 0.999999999999605 0 8.889446689860177e-7
vn 0.9999999999999059 0 4.3382894432393647e-7
vn 0.999999999999605 0 8.889446689860177e-7
vn 0.9999999999995859 0 9.10231563011244e-7
vn 1 0 0
vn 0.9932591858671558 -0.11493690301907447 -0.015023249145871173
vn 0.9932591858671558 -0.11493690301907447 -0.015023249145871173
vn 0.9932591858671558 -0.11493690301907447 -0.015023249145871173
vn 0.9948004916356425 -0.10072528404972578 0.015046560888990103
vn 0.9948004916356425 -0.10072528404972578 0.015046560888990103
vn 0.9948004916356425 -0.10072528404972578 0.015046560888990103
vn 0.9999999999995859 0 9.10231563011244e-7
vn 0.9999999999990654 0 0.0000013672241720983903
vn 0.9999999999999976 0 -6.949785102960942e-8
vn 0.9999999999990654 0 0.0000013672241720983903
vn 0.9999999999999474 0 3.2440993891212316e-7
vn 0.9999999999998754 0 4.992631943422854e-7
vn 0.9758912930803192 -0.05646320093263289 -0.21082715913862587
vn 0.9758912930803192 -0.05646320093263289 -0.21082715913862587
vn 0.9758912930803192 -0.05646320093263289 -0.21082715913862587
vn 0.993900454428066 -0.10063549638692208 -0.04510414121388057
vn 0.993900454428066 -0.10063549638692208 -0.04510414121388057
vn 0.993900454428066 -0.10063549638692208 -0.04510414121388057
vn 0.9999999999999474 0 3.2440993891212316e-7
vn 0.9999999999999296 0 3.7542679365285126e-7
vn 0.999999999999932 0 3.6851628237852535e-7
vn 0.9999999999999296 0 3.7542679365285126e-7
vn 0.9999999999996638 0 8.199604053513185e-7
vn 0.9999999999996589 0 8.258738262154023e-7
vn 0.9700411391292388 0.2319735397729341 0.07216969753340817
vn 0.9705926763288221 0.23210559755129231 0.0638502015831763
vn 0.9701764606385403 0.2320062089485118 0.07021932947710406
vn 0.9880136291224253 0.14185781834013053 -0.06087222719856105
vn 0.9880136291224253 0.14185781834013053 -0.06087222719856105
vn 0.9880136291224253 0.14185781834013053 -0.06087222719856105
vn 0.2814884275273028 0.505317346423884 -0.81573196858486
vn 0.2814884275273028 0.505317346423884 -0.81573196858486
vn 0.2814884275273028 0.505317346423884 -0.81573196858486
vn -0.27867559804634834 0.5386960759538799 -0.795076379227431
vn -0.27867559804634834 0.5386960759538799 -0.795076379227431
vn -0.27867559804634834 0.5386960759538799 -0.795076379227431
vn -0.3768470199652389 0.5645087826053503 -0.7343814798214509
vn -0.3768470199652389 0.5645087826053503 -0.7343814798214509
vn -0.3768470199652389 0.5645087826053503 -0.7343814798214509
vn 0.38576598326662465 0.6247688864113485 -0.6788581919124625
vn 0.38576598326662465 0.6247688864113485 -0.6788581919124625
vn 0.38576598326662465 0.6247688864113485 -0.6788581919124625
vn -0.9239715143488006 0.32637151389570423 -0.1993947732249018
vn -0.9239715143488006 0.32637151389570423 -0.1993947732249018
vn -0.9239715143488006 0.32637151389570423 -0.1993947732249018
vn -0.8281542467346009 0.4487382342871659 -0.33584898496836646
vn -0.8281542467346009 0.4487382342871659 -0.33584898496836646
vn -0.8281542467346009 0.4487382342871659 -0.33584898496836646
vn -0.8990157003843396 0.34808300985788493 -0.26572351930292326
vn -0.8990157003843396 0.34808300985788493 -0.26572351930292326
vn -0.8990157003843396 0.34808300985788493 -0.26572351930292326
vn -0.7601690660160825 0.5300620039096428 -0.37573562924419446
vn -0.7601690660160825 0.5300620039096428 -0.37573562924419446
vn -0.7601690660160825 0.5300620039096428 -0.37573562924419446
vn -0.5276986211641914 0.3124964745078134 -0.7898608223235273
vn -0.5276986211641914 0.3124964745078134 -0.7898608223235273
vn -0.5276986211641914 0.3124964745078134 -0.7898608223235273
vn -0.35090003283190846 0.29820737978338946 -0.8876607040988639
vn -0.35090003283190846 0.29820737978338946 -0.8876607040988639
vn -0.35090003283190846 0.29820737978338946 -0.8876607040988639
vn -0.44169762326510786 0.19997776861823172 -0.8745925346470939
vn -0.44169762326510786 0.19997776861823172 -0.8745925346470939
vn -0.44169762326510786 0.19997776861823172 -0.8745925346470939
vn -0.27296526226116 0.30641479041911285 -0.9119210173096721
vn -0.27296526226116 0.30641479041911285 -0.9119210173096721
vn -0.27296526226116 0.30641479041911285 -0.9119210173096721
vn -1 0 0
vn -1 0 0
vn -1 0 0
vn -0.9996908451463137 -0.02486391215175109 -0.0000017773395740960384
vn -0.9996908451463137 -0.02486391215175109 -0.0000017773395740960384
vn -0.9996908451463137 -0.02486391215175109 -0.0000017773395740960384
vn -0.9416346207724967 0.28586672697511556 -0.17777641961511945
vn -0.9416346207724967 0.28586672697511556 -0.17777641961511945
vn -0.9416346207724967 0.28586672697511556 -0.17777641961511945
vn -0.7966404343406738 0.3969244851478446 -0.45586727395550225
vn -0.7966404343406738 0.3969244851478446 -0.45586727395550225
vn -0.7966404343406738 0.3969244851478446 -0.45586727395550225
vn -0.9950877263495923 -0.0989970548470959 0
vn -0.9950877263495923 -0.0989970548470959 0
vn -0.9950877263495923 -0.0989970548470959 0
vn -0.9851807795367539 -0.17151918734732235 0.000001751542612869853
vn -0.9851807795367539 -0.17151918734732235 0.000001751542612869853
vn -0.9851807795367539 -0.17151918734732235 0.000001751542612869853
vn -0.9967853950564982 -0.008333652219728495 -0.07968328835296115
vn -0.9969378370818587 -0.006105196555306398 -0.07795944823795539
vn -0.9966839797462462 -0.00928332009664202 -0.08083850867728457
vn -0.9641778274956222 0.1388114003586033 -0.22603652823449932
vn -0.9641778274956222 0.1388114003586033 -0.22603652823449932
vn -0.9641778274956222 0.1388114003586033 -0.22603652823449932
vn -0.9807743150323541 -0.19514544055595057 0.000001743708097625054
vn -0.9807743150323541 -0.19514544055595057 0.000001743708097625054
vn -0.9807743150323541 -0.19514544055595057 0.000001743708097625054
vn -0.9851807770203055 -0.1715192018103716 0
vn -0.9851807770203055 -0.1715192018103716 0
vn -0.9851807770203055 -0.1715192018103716 0
vn -0.9995790215939174 -0.011500558235970432 0.02663675561339474
vn -0.9995491933520925 -0.0122436601632742 0.02741355239635377
vn -0.9995807223428747 -0.011457302394563754 0.026591535163212672
vn -0.9995795178715823 -0.011457306226097617 -0.026636771306907957
vn -0.9995667501884609 -0.010713705329419017 -0.027414018964638832
vn -0.9995802254087471 -0.01150058072257745 -0.02659153276593368
vn -0.9950877329536936 -0.09899698844888519 0.0000017691558975835754
vn -0.9950877329536936 -0.09899698844888519 0.0000017691558975835754
vn -0.9950877329536936 -0.09899698844888519 0.0000017691558975835754
vn -0.9996908454625311 -0.024863899501282632 0
vn -0.9996908454625311 -0.024863899501282632 0
vn -0.9996908454625311 -0.024863899501282632 0
vn -0.9696364428231531 -0.005938590985483799 0.24447883729756478
vn -0.9696364428231531 -0.005938590985483799 0.24447883729756478
vn -0.9696364428231531 -0.005938590985483799 0.24447883729756478
vn -0.9967845198388554 -0.008454798313687685 0.07968147460418515
vn -0.9965754213816406 -0.010681638561093705 0.08199592731139607
vn -0.9967955944338777 -0.008333695118949533 0.07955559341037648
vn -1 0 0
vn -1 0 0
vn -1 0 0
vn -0.9722174118089505 0.23407969620517188 0
vn -0.9722174118089505 0.23407969620517188 0
vn -0.9722174118089505 0.23407969620517188 0
vn -0.8701129042403035 0.27932737609997477 0.40605387676465743
vn -0.8701129042403035 0.27932737609997477 0.40605387676465743
vn -0.8701129042403035 0.27932737609997477 0.40605387676465743
vn -0.9765588013076434 0.15754152782721365 0.14667506467851305
vn -0.9765588013076434 0.15754152782721365 0.14667506467851305
vn -0.9765588013076434 0.15754152782721365 0.14667506467851305
vn -0.3025102017901211 0.2913393983952548 0.9075290258474332
vn -0.3025102676549416 0.29133964284282576 0.9075289254186615
vn -0.3025103482758227 0.29133945556727253 0.9075289586651248
vn -0.08314530803387565 0.33669034666851355 0.9379373477008943
vn -0.08314530803387565 0.33669034666851355 0.9379373477008943
vn -0.08314530803387565 0.33669034666851355 0.9379373477008943
vn -0.17284598738207582 0.3010601961083042 0.9378096944290694
vn -0.17284598738207582 0.3010601961083042 0.9378096944290694
vn -0.17284598738207582 0.3010601961083042 0.9378096944290694
vn -0.43127247952152437 0.4153459693295438 0.8009318161797906
vn -0.43127247952152437 0.4153459693295438 0.8009318161797906
vn -0.43127247952152437 0.4153459693295438 0.8009318161797906
vn -0.23376222614292605 0.41559170199880435 0.8789987251745252
vn -0.23376222614292605 0.41559170199880435 0.8789987251745252
vn -0.23376222614292605 0.41559170199880435 0.8789987251745252
vn -0.22357824201531476 0.4931853955972767 0.8407026437848871
vn -0.22357824201531476 0.4931853955972767 0.8407026437848871
vn -0.22357824201531476 0.4931853955972767 0.8407026437848871
vn 0.1494688785159791 0.1667594104853506 0.9746026643559692
vn 0.14923565987772763 0.1765748043343234 0.9729080410270822
vn 0.1495027715501186 0.1652758132716249 0.9748501560989956
vn -0.20181696343157157 0.1929901412901594 0.9602211821429811
vn -0.20181696343157157 0.1929901412901594 0.9602211821429811
vn -0.20181696343157157 0.1929901412901594 0.9602211821429811
vn -0.07497571460131454 0.5282495654068847 0.8457724509981747
vn -0.07497571460131454 0.5282495654068847 0.8457724509981747
vn -0.07497571460131454 0.5282495654068847 0.8457724509981747
vn 0.2341993508057497 0.5426266826904307 0.8066640857968973
vn 0.2341993508057497 0.5426266826904307 0.8066640857968973
vn 0.2341993508057497 0.5426266826904307 0.8066640857968973
vn 0.34858390750723606 0.5747752795877319 0.7403530491608928
vn 0.34858390750723606 0.5747752795877319 0.7403530491608928
vn 0.34858390750723606 0.5747752795877319 0.7403530491608928
vn 0.14815153200145267 0.43267649466454194 0.8892930757238737
vn 0.14815153200145267 0.43267649466454194 0.8892930757238737
vn 0.14815153200145267 0.43267649466454194 0.8892930757238737
vn 0.8892072724398291 0.37805219163169324 0.2576566844516033
vn 0.8892072724398291 0.37805219163169324 0.2576566844516033
vn 0.8892072724398291 0.37805219163169324 0.2576566844516033
vn 0.7377794826566659 0.5413638240026459 0.40324514260198424
vn 0.7377794826566659 0.5413638240026459 0.40324514260198424
vn 0.7377794826566659 0.5413638240026459 0.40324514260198424
vn 0.8668485433860871 0.404901183697922 0.29091001060369287
vn 0.8693681880490022 0.4033517802798191 0.28549307338969776
vn 0.8649994479520902 0.41119383423599304 0.28756840182621246
vn 0.7333481476943723 0.5556442411093815 0.39173967324642106
vn 0.7333481476943723 0.5556442411093815 0.39173967324642106
vn 0.7333481476943723 0.5556442411093815 0.39173967324642106
vn 0.3917967027474575 0.5140657354605738 0.7630411282110551
vn 0.3917967027474575 0.5140657354605738 0.7630411282110551
vn 0.3917967027474575 0.5140657354605738 0.7630411282110551
vn 0.3544595176542138 0.5376025339717542 0.7650764444233603
vn 0.3544595176542138 0.5376025339717542 0.7650764444233603
vn 0.3544595176542138 0.5376025339717542 0.7650764444233603
vn 0.41274047063761404 0.5400162360912824 0.7335037618551422
vn 0.41274047063761404 0.5400162360912824 0.7335037618551422
vn 0.41274047063761404 0.5400162360912824 0.7335037618551422
vn 0.2776012907430035 0.5617859738469551 0.7793163946476723
vn 0.2776012907430035 0.5617859738469551 0.7793163946476723
vn 0.2776012907430035 0.5617859738469551 0.7793163946476723
vn 0.9411522133783894 0.2970573896999289 0.16121233971884222
vn 0.9411522133783894 0.2970573896999289 0.16121233971884222
vn 0.9411522133783894 0.2970573896999289 0.16121233971884222
vn 0.9191055725124576 0.35664524973189693 -0.16747869243644173
vn 0.9191055725124576 0.35664524973189693 -0.16747869243644173
vn 0.9191055725124576 0.35664524973189693 -0.16747869243644173
vn 0.8960080597578152 0.3029731760975922 -0.324617946845785
vn 0.8960080597578152 0.3029731760975922 -0.324617946845785
vn 0.8960080597578152 0.3029731760975922 -0.324617946845785
vn 0.7908075326842069 0.49540453366123466 0.3594409468574939
vn 0.7908075326842069 0.49540453366123466 0.3594409468574939
vn 0.7908075326842069 0.49540453366123466 0.3594409468574939
vn 0.32361261637226413 0.5216372979596644 -0.7894107954050528
vn 0.32361261637226413 0.5216372979596644 -0.7894107954050528
vn 0.32361261637226413 0.5216372979596644 -0.7894107954050528
vn -0.0840944280632572 0.5240453515154252 -0.847528522660912
vn -0.0840944280632572 0.5240453515154252 -0.847528522660912
vn -0.0840944280632572 0.5240453515154252 -0.847528522660912
vn 0.16286973332252533 0.6304457658681395 -0.7589542715252247
vn 0.16286973332252533 0.6304457658681395 -0.7589542715252247
vn 0.16286973332252533 0.6304457658681395 -0.7589542715252247
vn 0.40169357346409895 0.6248647429508585 -0.6694671956523338
vn 0.40169357346409895 0.6248647429508585 -0.6694671956523338
vn 0.40169357346409895 0.6248647429508585 -0.6694671956523338
vn -0.25815173021559745 0.42573626243026147 -0.8672406350250229
vn -0.25815173021559745 0.42573626243026147 -0.8672406350250229
vn -0.25815173021559745 0.42573626243026147 -0.8672406350250229
vn 0.14132541312314156 0.49918657864815297 -0.8548917401069709
vn 0.14132541312314156 0.49918657864815297 -0.8548917401069709
vn 0.14132541312314156 0.49918657864815297 -0.8548917401069709
vn 0.2846657840809646 0.16174473841532547 -0.9448830779353218
vn 0.2846657840809646 0.16174473841532547 -0.9448830779353218
vn 0.2846657840809646 0.16174473841532547 -0.9448830779353218
vn 0.14648922041203924 0.4761974409551652 -0.8670506937491169
vn 0.14648922041203924 0.4761974409551652 -0.8670506937491169
vn 0.14648922041203924 0.4761974409551652 -0.8670506937491169
vn 0.8150354367533362 0.30356751157796513 -0.49352203876894957
vn 0.8150354367533362 0.30356751157796513 -0.49352203876894957
vn 0.8150354367533362 0.30356751157796513 -0.49352203876894957
vn 0.797033161248243 0.3984997423125952 0.4538018237594769
vn 0.797033161248243 0.3984997423125952 0.4538018237594769
vn 0.797033161248243 0.3984997423125952 0.4538018237594769
vn 0.9435872622541238 -0.1603070875049452 0.28973214562324506
vn 0.9435872622541238 -0.1603070875049452 0.28973214562324506
vn 0.9435872622541238 -0.1603070875049452 0.28973214562324506
vn 0.9466186070980513 -0.12799233069947413 -0.2958566814825406
vn 0.9466186070980513 -0.12799233069947413 -0.2958566814825406
vn 0.9466186070980513 -0.12799233069947413 -0.2958566814825406
vn 0.438940796467604 0.20644954085458253 0.8744767374134761
vn 0.438940796467604 0.20644954085458253 0.8744767374134761
vn 0.438940796467604 0.20644954085458253 0.8744767374134761
vn 0.2665934250382153 0.2780475899587132 0.922831232373799
vn 0.2665934250382153 0.2780475899587132 0.922831232373799
vn 0.2665934250382153 0.2780475899587132 0.922831232373799
vn 0.3382827559166855 -0.030269158284566527 0.9405575767097706
vn 0.33850683371090406 -0.029020451679480277 0.9405163140080756
vn 0.33825034585100094 -0.030445067006029756 0.9405635552298827
vn 0.3401884961703363 -0.05129169193223498 0.9389573735863058
vn 0.3401884961703363 -0.05129169193223498 0.9389573735863058
vn 0.3401884961703363 -0.05129169193223498 0.9389573735863058
vn 0.8926946226478649 0.3688876507251287 0.2588787589550008
vn 0.8926946226478649 0.3688876507251287 0.2588787589550008
vn 0.8926946226478649 0.3688876507251287 0.2588787589550008
vn 0.8846023813302568 0.46590662711075487 -0.020239608670104204
vn 0.8844730745908461 0.4658385160241489 -0.02649258976080267
vn 0.8845942145448193 0.4659026911137641 -0.020682311446902066
vn 0.9891485340515125 0 -0.14691894902885635
vn 0.9891485340515125 0 -0.14691894902885635
vn 0.9891485340515125 0 -0.14691894902885635
vn 0.9541838195532002 -0.023187745426758073 0.29832124792728026
vn 0.9541838195532002 -0.023187745426758073 0.29832124792728026
vn 0.9541838195532002 -0.023187745426758073 0.29832124792728026
vn 0.865105044889226 0.5015381548956113 -0.007262264875101547
vn 0.865105044889226 0.5015381548956113 -0.007262264875101547
vn 0.865105044889226 0.5015381548956113 -0.007262264875101547
vn 0.8312096223880141 0.5098900797270419 -0.2215912233043668
vn 0.8312096223880141 0.5098900797270419 -0.2215912233043668
vn 0.8312096223880141 0.5098900797270419 -0.2215912233043668
vn 0.8659528522500493 0.3485629868106272 -0.35864955305375584
vn 0.8659528522500493 0.3485629868106272 -0.35864955305375584
vn 0.8659528522500493 0.3485629868106272 -0.35864955305375584
vn 0.970459836090104 0.19987004123036997 -0.13512835806942505
vn 0.970459836090104 0.19987004123036997 -0.13512835806942505
vn 0.970459836090104 0.19987004123036997 -0.13512835806942505
vn 0.2931812288050325 0.433866870891025 -0.8519414917819192
vn 0.2931812288050325 0.433866870891025 -0.8519414917819192
vn 0.2931812288050325 0.433866870891025 -0.8519414917819192
vn 0.5579756619501929 0.5373718855246908 -0.6323722142210887
vn 0.5579756619501929 0.5373718855246908 -0.6323722142210887
vn 0.5579756619501929 0.5373718855246908 -0.6323722142210887
vn 0.3548704259706013 0.2639741207771868 -0.8968749323798471
vn 0.35874336089838493 0.2635554388565356 -0.8954561584245597
vn 0.355513445685804 0.26390441673315207 -0.8966407579211094
vn 0.5747481866981986 0.49320614626956333 -0.6530024649027436
vn 0.5747481866981986 0.49320614626956333 -0.6530024649027436
vn 0.5747481866981986 0.49320614626956333 -0.6530024649027436
vn 0.8910336704890087 0.3322054898025346 -0.30935175868247883
vn 0.8910336704890087 0.3322054898025346 -0.30935175868247883
vn 0.8910336704890087 0.3322054898025346 -0.30935175868247883
vn 0.9055236258863935 0.37456817580345914 -0.1993129314340336
vn 0.9055236258863935 0.37456817580345914 -0.1993129314340336
vn 0.9055236258863935 0.37456817580345914 -0.1993129314340336
vn 0.8644965328051485 0.3567733481906577 -0.35406005534189317
vn 0.8644965328051485 0.3567733481906577 -0.35406005534189317
vn 0.8644965328051485 0.3567733481906577 -0.35406005534189317
vn 0.9130768122318625 0.32570589237398045 -0.24536993833265106
vn 0.9130768122318625 0.32570589237398045 -0.24536993833265106
vn 0.9130768122318625 0.32570589237398045 -0.24536993833265106
vn 0.39054327167155345 0.41452945976233596 -0.8219740141520443
vn 0.39054327167155345 0.41452945976233596 -0.8219740141520443
vn 0.39054327167155345 0.41452945976233596 -0.8219740141520443
vn -0.15977360874697885 0.2194944642262919 -0.9624419848084249
vn -0.15977360874697885 0.2194944642262919 -0.9624419848084249
vn -0.15977360874697885 0.2194944642262919 -0.9624419848084249
vn -0.000271076803445224 0.24974912523026943 -0.9683105395295881
vn -0.000271076803445224 0.24974912523026943 -0.9683105395295881
vn -0.000271076803445224 0.24974912523026943 -0.9683105395295881
vn 0.3421912951710607 0.3387505873854814 -0.8764434705416793
vn 0.3421912951710607 0.3387505873854814 -0.8764434705416793
vn 0.3421912951710607 0.3387505873854814 -0.8764434705416793
vn -0.15315040696776544 0.01122496631355901 -0.988139136446314
vn -0.15315040696776544 0.01122496631355901 -0.988139136446314
vn -0.15315040696776544 0.01122496631355901 -0.988139136446314
vn -0.28241770349239026 -0.021275908781069382 -0.9590555648447194
vn -0.28241770349239026 -0.021275908781069382 -0.9590555648447194
vn -0.28241770349239026 -0.021275908781069382 -0.9590555648447194
vn -0.23983304140268238 0.1803488875711948 -0.9539152955076105
vn -0.23983304140268238 0.1803488875711948 -0.9539152955076105
vn -0.23983304140268238 0.1803488875711948 -0.9539152955076105
vn 0.0029815623397000273 0.20352896634757747 -0.9790643850858335
vn 0.0029815623397000273 0.20352896634757747 -0.9790643850858335
vn 0.0029815623397000273 0.20352896634757747 -0.9790643850858335
vn -0.9339460580821771 0.04368061968571601 -0.3547347798801724
vn -0.9339460580821771 0.04368061968571601 -0.3547347798801724
vn -0.9339460580821771 0.04368061968571601 -0.3547347798801724
vn -0.943602091431052 0.014651323772591427 -0.33075736085332336
vn -0.943602091431052 0.014651323772591427 -0.33075736085332336
vn -0.943602091431052 0.014651323772591427 -0.33075736085332336
vn -0.8550356611166705 0.17532485959957114 -0.48803197828130984
vn -0.8550356611166705 0.17532485959957114 -0.48803197828130984
vn -0.8550356611166705 0.17532485959957114 -0.48803197828130984
vn -0.6109038482670536 0.32299664041791043 -0.7228206267472228
vn -0.6109038482670536 0.32299664041791043 -0.7228206267472228
vn -0.6109038482670536 0.32299664041791043 -0.7228206267472228
vn -0.35009583186158805 -0.1312107270636448 -0.9274786539951053
vn -0.35009583186158805 -0.1312107270636448 -0.9274786539951053
vn -0.35009583186158805 -0.1312107270636448 -0.9274786539951053
vn -0.3691271725144415 0.00046590135011583504 -0.9293787782424481
vn -0.3691271725144415 0.00046590135011583504 -0.9293787782424481
vn -0.3691271725144415 0.00046590135011583504 -0.9293787782424481
vn -0.6194440179204922 0.1156580644740207 -0.7764742885534845
vn -0.6194440179204922 0.1156580644740207 -0.7764742885534845
vn -0.6194440179204922 0.1156580644740207 -0.7764742885534845
vn -0.543766348758369 0.013914420417780586 -0.8391212944875307
vn -0.543766348758369 0.013914420417780586 -0.8391212944875307
vn -0.543766348758369 0.013914420417780586 -0.8391212944875307
vn -0.9662560005677424 -0.21577800162538874 0.14067407501520965
vn -0.9662560005677424 -0.21577800162538874 0.14067407501520965
vn -0.9662560005677424 -0.21577800162538874 0.14067407501520965
vn -0.9945449380265663 0.10313216131408681 0.015624453539843191
vn -0.9945449380265663 0.10313216131408681 0.015624453539843191
vn -0.9945449380265663 0.10313216131408681 0.015624453539843191
vn -0.9545802020172266 0.2979540869274169 0
vn -0.9545802020172266 0.2979540869274169 0
vn -0.9545802020172266 0.2979540869274169 0
vn -0.8699934268508314 0.33701434573536043 -0.3599066101156164
vn -0.8699934268508314 0.33701434573536043 -0.3599066101156164
vn -0.8699934268508314 0.33701434573536043 -0.3599066101156164
vn -0.9521742806053323 0.05642201974019747 -0.30030100739450527
vn -0.9521742806053323 0.05642201974019747 -0.30030100739450527
vn -0.9521742806053323 0.05642201974019747 -0.30030100739450527
vn -0.9341593279374588 0.023758541524647576 0.3560644348036699
vn -0.9341593279374588 0.023758541524647576 0.3560644348036699
vn -0.9341593279374588 0.023758541524647576 0.3560644348036699
vn -0.8719739636539394 0.2721698011519438 0.4069213757601705
vn -0.8719739636539394 0.2721698011519438 0.4069213757601705
vn -0.8719739636539394 0.2721698011519438 0.4069213757601705
vn -0.9902764598488505 -0.13911338206266477 -5.614364249363851e-7
vn -0.9902764598488505 -0.13911338206266477 -5.614364249363851e-7
vn -0.9902764598488505 -0.13911338206266477 -5.614364249363851e-7
vn -0.31680031035472955 0.008515112609905163 0.9484540348463851
vn -0.32319960590341457 0.013728195718366096 0.9462312356851234
vn -0.32257627315759013 0.013219714634972535 0.9464511541229846
vn -0.16784938247947476 0.16539851412673404 0.9718384208940946
vn -0.16784938247947476 0.16539851412673404 0.9718384208940946
vn -0.16784938247947476 0.16539851412673404 0.9718384208940946
vn -0.18032800811170605 0.2930695657292414 0.9389313282310577
vn -0.18032800811170605 0.2930695657292414 0.9389313282310577
vn -0.18032800811170605 0.2930695657292414 0.9389313282310577
vn -0.4333182919114924 0.40575627129408687 0.8047341835664906
vn -0.4333182919114924 0.40575627129408687 0.8047341835664906
vn -0.4333182919114924 0.40575627129408687 0.8047341835664906
vn -0.14355258323306044 0.29486774740290844 0.9446934250796127
vn -0.14355258323306044 0.29486774740290844 0.9446934250796127
vn -0.14355258323306044 0.29486774740290844 0.9446934250796127
vn -6.111325857553592e-8 0.2979543041799757 0.954580134205936
vn -1.0695332982903503e-7 0.2979543211328027 0.9545801289144247
vn -1.0695328301053848e-7 0.297954249866839 0.9545801511587582
vn -8.29281816550062e-8 0 0.9999999999999967
vn -5.223342824933745e-8 0 0.9999999999999987
vn -8.292823139299771e-8 0 0.9999999999999967
vn -0.15746625268421086 0.1386972876656343 0.9777358752034154
vn -0.15746625268421086 0.1386972876656343 0.9777358752034154
vn -0.15746625268421086 0.1386972876656343 0.9777358752034154
vn -1.0695332982903503e-7 0.2979543211328027 0.9545801289144247
vn 0 0.29795415144431203 0.9545801818795004
vn -6.111320807370722e-8 0.2979541514443114 0.9545801818794984
vn 0.3387568572406277 0.22717465322027278 0.9130364004828624
vn 0.3387568572406277 0.22717465322027278 0.9130364004828624
vn 0.3387568572406277 0.22717465322027278 0.9130364004828624
vn 0.29395429416356145 -0.007055086567713942 0.955793439345722
vn 0.2850172214349702 0 0.95852239592275
vn 0.28582625576222637 -0.0006380888874738287 0.9582812449169179
vn -1.6585639173172012e-7 0 0.9999999999999862
vn -8.29281816550062e-8 0 0.9999999999999967
vn -8.292821007671564e-8 0 0.9999999999999967
vn 0.965137168573125 -0.16518760959268813 0.20303521732868152
vn 0.965137168573125 -0.16518760959268813 0.20303521732868152
vn 0.965137168573125 -0.16518760959268813 0.20303521732868152
vn 0.9570490955704926 -0.286654759644633 0.043428993089639684
vn 0.9570490955704926 -0.286654759644633 0.043428993089639684
vn 0.9570490955704926 -0.286654759644633 0.043428993089639684
vn 0.9624683386947 -0.09387737635515178 0.2546404037440587
vn 0.9624683386947 -0.09387737635515178 0.2546404037440587
vn 0.9624683386947 -0.09387737635515178 0.2546404037440587
vn 0.8214995680323726 -0.021394334262811246 0.5698076361229958
vn 0.8214995680323726 -0.021394334262811246 0.5698076361229958
vn 0.8214995680323726 -0.021394334262811246 0.5698076361229958
vn 0.9460082314397085 -0.32382657914456087 0.014309880776805919
vn 0.9460082314397085 -0.32382657914456087 0.014309880776805919
vn 0.9460082314397085 -0.32382657914456087 0.014309880776805919
vn 0.9578526672601995 -0.2868942933317704 -0.014489039864182934
vn 0.9578526672601995 -0.2868942933317704 -0.014489039864182934
vn 0.9578526672601995 -0.2868942933317704 -0.014489039864182934
vn 0.9708906995631126 -0.17457956889804185 -0.1639915352243027
vn 0.9708906995631126 -0.17457956889804185 -0.1639915352243027
vn 0.9708906995631126 -0.17457956889804185 -0.1639915352243027
vn 0.9837828342275161 -0.1578751418996927 0.08512798981197288
vn 0.9837828342275161 -0.1578751418996927 0.08512798981197288
vn 0.9837828342275161 -0.1578751418996927 0.08512798981197288
vn 0.984682573647093 -0.16853341144157719 -0.04468465490077379
vn 0.984682573647093 -0.16853341144157719 -0.04468465490077379
vn 0.984682573647093 -0.16853341144157719 -0.04468465490077379
vn 0.9758092581094491 0.09433115268623568 -0.1972255698959255
vn 0.9758092581094491 0.09433115268623568 -0.1972255698959255
vn 0.9758092581094491 0.09433115268623568 -0.1972255698959255
vn 0.7723464731404124 0.07702694005049383 -0.6305138982877572
vn 0.7723464731404124 0.07702694005049383 -0.6305138982877572
vn 0.7723464731404124 0.07702694005049383 -0.6305138982877572
vn 0.9353111504636411 -0.09560319902262322 -0.34066564275697186
vn 0.9353111504636411 -0.09560319902262322 -0.34066564275697186
vn 0.9353111504636411 -0.09560319902262322 -0.34066564275697186
vn 0.6796094543220085 0.21191818288797576 -0.7022974251395203
vn 0.6796094543220085 0.21191818288797576 -0.7022974251395203
vn 0.6796094543220085 0.21191818288797576 -0.7022974251395203
vn 0.4072250290278133 0.25695585349297956 -0.8764368003963496
vn 0.4066741326764588 0.25643139196338843 -0.8768461045289357
vn 0.413008878665304 0.26247770227874956 -0.8720832081573962
vn 0.8706269284442085 0.4901995670259725 -0.04139004657344897
vn 0.8706269284442085 0.4901995670259725 -0.04139004657344897
vn 0.8706269284442085 0.4901995670259725 -0.04139004657344897
vn 0.44674280321865456 0.3006028036850166 -0.8426498811422487
vn 0.44674280321865456 0.3006028036850166 -0.8426498811422487
vn 0.44674280321865456 0.3006028036850166 -0.8426498811422487
vn 0.16511450142919004 0.6781707173985644 -0.716115688615259
vn 0.16511450142919004 0.6781707173985644 -0.716115688615259
vn 0.16511450142919004 0.6781707173985644 -0.716115688615259
vn -0.08797710779750238 0.6855150781246534 -0.7227233953369279
vn -0.08714771521214494 0.6860760657036062 -0.7222914285812644
vn -0.08807650116489098 0.685447804921799 -0.7227750941132643
vn -0.09184058867560621 -0.21602981055793916 -0.9720578312127418
vn -0.09184058867560621 -0.21602981055793916 -0.9720578312127418
vn -0.09184058867560621 -0.21602981055793916 -0.9720578312127418
vn 0.26290281704725776 0.24650829184358905 -0.9327999629293369
vn 0.26290281704725776 0.24650829184358905 -0.9327999629293369
vn 0.26290281704725776 0.24650829184358905 -0.9327999629293369
vn -0.3275085049673588 0.2721171940307956 -0.904815125805737
vn -0.3275085049673588 0.2721171940307956 -0.904815125805737
vn -0.3275085049673588 0.2721171940307956 -0.904815125805737
vn -0.6300951616554507 0.22346653747222225 -0.7436684704144498
vn -0.633848098431823 0.21827163181047735 -0.7420202711928788
vn -0.6302480154408998 0.22325386294085928 -0.7436028185226246
vn -0.6064311901273499 0.06699807326803901 -0.7923083173986604
vn -0.6064311901273499 0.06699807326803901 -0.7923083173986604
vn -0.6064311901273499 0.06699807326803901 -0.7923083173986604
vn -0.2655175260900174 -0.22798841613351983 -0.9367612958742295
vn -0.2655175260900174 -0.22798841613351983 -0.9367612958742295
vn -0.2655175260900174 -0.22798841613351983 -0.9367612958742295
vn -0.9594933546308557 0.16953364289717543 -0.22501299150324636
vn -0.9594933546308557 0.16953364289717543 -0.22501299150324636
vn -0.9594933546308557 0.16953364289717543 -0.22501299150324636
vn -0.9524328679643064 0.2945004990668815 -0.07836509472108094
vn -0.9524328679643064 0.2945004990668815 -0.07836509472108094
vn -0.9524328679643064 0.2945004990668815 -0.07836509472108094
vn -0.9827933009187039 0.09823235716573259 0.15642164707923892
vn -0.9827933009187039 0.09823235716573259 0.15642164707923892
vn -0.9827933009187039 0.09823235716573259 0.15642164707923892
vn -0.9938988750517375 0.027095299391078433 -0.1069152511188116
vn -0.9938988750517375 0.027095299391078433 -0.1069152511188116
vn -0.9938988750517375 0.027095299391078433 -0.1069152511188116
vn -0.9425446855397956 0.33307846915042494 -0.025850515451282526
vn -0.9426810824867186 0.3331267565173635 -0.01946640218143888
vn -0.9425722594960559 0.3330881853208661 -0.024694056534971073
vn -0.9550430287377165 0.2953076992278096 0.0261949620398052
vn -0.9550430287377165 0.2953076992278096 0.0261949620398052
vn -0.9550430287377165 0.2953076992278096 0.0261949620398052
vn -0.9794763362222727 0.19580260288875684 -0.04782726714522764
vn -0.9794763362222727 0.19580260288875684 -0.04782726714522764
vn -0.9794763362222727 0.19580260288875684 -0.04782726714522764
vn -0.9837018674114149 0.17206703270732385 0.0521878559302057
vn -0.983475363171672 0.17202730505895206 0.05641645458996937
vn -0.9834689312145521 0.17293662996204506 0.05368224429992779
vn -0.9815300929807843 0.17342774354444435 0.08075576971471102
vn -0.9815300929807843 0.17342774354444435 0.08075576971471102
vn -0.9815300929807843 0.17342774354444435 0.08075576971471102
vn -0.9549781573585938 0.168910982699163 0.24389710718167157
vn -0.9552877101727137 0.17083438437574733 0.24133173000650454
vn -0.9551122610050151 0.1697384088010983 0.24279506060782843
vn -0.9861393799536752 0.10516921784051335 0.12832988320494843
vn -0.9861393799536752 0.10516921784051335 0.12832988320494843
vn -0.9861393799536752 0.10516921784051335 0.12832988320494843
vn -0.9742990288302347 0.17313950895968752 -0.14409758102639994
vn -0.9742990288302347 0.17313950895968752 -0.14409758102639994
vn -0.9742990288302347 0.17313950895968752 -0.14409758102639994
vn -0.34651670380225646 0.27949369949834946 0.8954381307085071
vn -0.34651670380225646 0.27949369949834946 0.8954381307085071
vn -0.34651670380225646 0.27949369949834946 0.8954381307085071
vn -0.4333179049188995 0.4057559736806232 0.8047345420069806
vn -0.4333179049188995 0.4057559736806232 0.8047345420069806
vn -0.4333179049188995 0.4057559736806232 0.8047345420069806
vn 0.016914283029516145 0.3337549403991774 0.9425081149723533
vn 0.016914283029516145 0.3337549403991774 0.9425081149723533
vn 0.016914283029516145 0.3337549403991774 0.9425081149723533
vn 0.23252743849763588 -0.0065275878744899835 0.972567931273836
vn 0.23252743849763588 -0.0065275878744899835 0.972567931273836
vn 0.23252743849763588 -0.0065275878744899835 0.972567931273836
vn -0.8719740943293923 0.27216995374248704 0.4069209936808968
vn -0.8719740943293923 0.27216995374248704 0.4069209936808968
vn -0.8719740943293923 0.27216995374248704 0.4069209936808968
vn -0.9068821339983268 0.24529548590567463 0.3426294202618038
vn -0.9068821339983268 0.24529548590567463 0.3426294202618038
vn -0.9068821339983268 0.24529548590567463 0.3426294202618038
vn -0.8719741822202354 0.27217049901325485 0.4069204406370216
vn -0.8719741822202354 0.27217049901325485 0.4069204406370216
vn -0.8719740943293923 0.27216995374248704 0.4069209936808968
vn -0.90791716290087 0.34797637174595736 0.2336640109570886
vn -0.90791716290087 0.34797637174595736 0.2336640109570886
vn -0.90791716290087 0.34797637174595736 0.2336640109570886
vn -0.20501657894745182 0.05445653087079891 0.977242389892191
vn -0.20501657894745182 0.05445653087079891 0.977242389892191
vn -0.20501657894745182 0.05445653087079891 0.977242389892191
vn 0.14923565987772763 0.1765748043343234 0.9729080410270822
vn 0.1494688785159791 0.1667594104853506 0.9746026643559692
vn 0.14920150695681286 0.17797268285362208 0.9726585395089584
vn 0.4069203363285017 0.2721707572671584 0.871974150288253
vn 0.4069203363285017 0.2721707572671584 0.871974150288253
vn 0.4069203363285017 0.2721707572671584 0.871974150288253
vn -0.4333172682781479 0.4057561106910589 0.8047348157305165
vn -0.4333172682781479 0.4057561106910589 0.8047348157305165
vn -0.4333172682781479 0.4057561106910589 0.8047348157305165
vn 0.9011073715727825 0.2812633218626412 0.329994619156106
vn 0.9011073715727825 0.2812633218626412 0.329994619156106
vn 0.9011073715727825 0.2812633218626412 0.329994619156106
vn 0.8033329226271965 0.41881870980673114 0.42337584217698543
vn 0.8033329226271965 0.41881870980673114 0.42337584217698543
vn 0.8033329226271965 0.41881870980673114 0.42337584217698543
vn 0.9053014300931588 0.28257318657280567 0.31714620429917134
vn 0.9053014300931588 0.28257318657280567 0.31714620429917134
vn 0.9053014300931588 0.28257318657280567 0.31714620429917134
vn 0.8047349488097423 0.4057564753123026 0.433316679700099
vn 0.8047349488097423 0.4057564753123026 0.433316679700099
vn 0.8047349488097423 0.4057564753123026 0.433316679700099
vn 0.42773084974249836 0.3149272438270847 0.8472704121318272
vn 0.42773084974249836 0.3149272438270847 0.8472704121318272
vn 0.42773084974249836 0.3149272438270847 0.8472704121318272
vn 0.279459616980146 0.4117626422536777 0.8673833344730459
vn 0.279459616980146 0.4117626422536777 0.8673833344730459
vn 0.279459616980146 0.4117626422536777 0.8673833344730459
vn 0.4759792870433224 0.2504879474725417 0.8430299558596501
vn 0.4759792870433224 0.2504879474725417 0.8430299558596501
vn 0.4759792870433224 0.2504879474725417 0.8430299558596501
vn 0.32974199342152344 0.3107664089301522 0.8914563684528016
vn 0.32974199342152344 0.3107664089301522 0.8914563684528016
vn 0.32974199342152344 0.3107664089301522 0.8914563684528016
vn 0.8701871419110145 0.3997271880742695 0.2880842119363324
vn 0.8701871419110145 0.3997271880742695 0.2880842119363324
vn 0.8701871419110145 0.3997271880742695 0.2880842119363324
vn 0.917934689305362 0.25909624055151387 -0.30044141575678396
vn 0.917934689305362 0.25909624055151387 -0.30044141575678396
vn 0.917934689305362 0.25909624055151387 -0.30044141575678396
vn 0.961576198435875 0.24607015472840008 -0.12174027087842297
vn 0.961576198435875 0.24607015472840008 -0.12174027087842297
vn 0.961576198435875 0.24607015472840008 -0.12174027087842297
vn 0.8033737211450237 0.4190094299490808 0.4231096332953719
vn 0.8033737211450237 0.4190094299490808 0.4231096332953719
vn 0.8033737211450237 0.4190094299490808 0.4231096332953719
vn 0.16229750486839833 0.023602930918369715 -0.9864595387371725
vn 0.16229750486839833 0.023602930918369715 -0.9864595387371725
vn 0.16229750486839833 0.023602930918369715 -0.9864595387371725
vn 0.27496734214662044 -0.10932748306238069 -0.95521749471001
vn 0.27496734214662044 -0.10932748306238069 -0.95521749471001
vn 0.27496734214662044 -0.10932748306238069 -0.95521749471001
vn 0.596124026102004 0.13661787787515683 -0.7911837340016703
vn 0.596124026102004 0.13661787787515683 -0.7911837340016703
vn 0.596124026102004 0.13661787787515683 -0.7911837340016703
vn 0.7716488214712889 0.29466018680124945 -0.5636785170966017
vn 0.7716488214712889 0.29466018680124945 -0.5636785170966017
vn 0.7716488214712889 0.29466018680124945 -0.5636785170966017
vn 0.8595086559488799 -0.43195657064450643 -0.27323687786605183
vn 0.8595086559488799 -0.43195657064450643 -0.27323687786605183
vn 0.8595086559488799 -0.43195657064450643 -0.27323687786605183
vn 0.8742670138861409 -0.40113623654981206 0.2733988078929081
vn 0.8742670138861409 -0.40113623654981206 0.2733988078929081
vn 0.8742670138861409 -0.40113623654981206 0.2733988078929081
vn 0.950425650252232 -0.2875907019603081 0.11824834666328078
vn 0.950425650252232 -0.2875907019603081 0.11824834666328078
vn 0.950425650252232 -0.2875907019603081 0.11824834666328078
vn 0.986069671589717 -0.16576531888599083 -0.013728139916734997
vn 0.986069671589717 -0.16576531888599083 -0.013728139916734997
vn 0.986069671589717 -0.16576531888599083 -0.013728139916734997
vn 0.3360223861823431 -0.10128706071675452 0.936391951757214
vn 0.3360223861823431 -0.10128706071675452 0.936391951757214
vn 0.3360223861823431 -0.10128706071675452 0.936391951757214
vn 0.33850683371090406 -0.029020451679480277 0.9405163140080756
vn 0.3382827559166855 -0.030269158284566527 0.9405575767097706
vn 0.3385304516119981 -0.028888227465225586 0.9405118838405467
vn 0.6786559379097468 0.15314397710633265 0.7183126340361117
vn 0.6786559379097468 0.15314397710633265 0.7183126340361117
vn 0.6786559379097468 0.15314397710633265 0.7183126340361117
vn 0.622463218060452 0.042510218354361765 0.7814937130248014
vn 0.622463218060452 0.042510218354361765 0.7814937130248014
vn 0.622463218060452 0.042510218354361765 0.7814937130248014
vn 0.9568401767634775 4.021820644559124e-7 0.2906146522993557
vn 0.9568401767634775 4.021820644559124e-7 0.2906146522993557
vn 0.9568401767634775 4.021820644559124e-7 0.2906146522993557
vn 0.9773197510516684 0.12022597035203063 -0.1743324991423504
vn 0.9773197510516684 0.12022597035203063 -0.1743324991423504
vn 0.9773197510516684 0.12022597035203063 -0.1743324991423504
vn 0.9130710254260169 0.17355897815218463 -0.36902382528808514
vn 0.9130710254260169 0.17355897815218463 -0.36902382528808514
vn 0.9130710254260169 0.17355897815218463 -0.36902382528808514
vn 0.9879769032151512 0.13064121339541584 0.08267110786709753
vn 0.9879769032151512 0.13064121339541584 0.08267110786709753
vn 0.9879769032151512 0.13064121339541584 0.08267110786709753
vn 0.484845700169692 0.22668267893563873 -0.8447127382119459
vn 0.484845700169692 0.22668267893563873 -0.8447127382119459
vn 0.484845700169692 0.22668267893563873 -0.8447127382119459
vn 0.21066399733657895 0.2670916938446455 -0.9403630720659824
vn 0.21066399733657895 0.2670916938446455 -0.9403630720659824
vn 0.21066399733657895 0.2670916938446455 -0.9403630720659824
vn 0.04512442815369945 0.2675875601459165 -0.9624763288720182
vn 0.04512442815369945 0.2675875601459165 -0.9624763288720182
vn 0.04512442815369945 0.2675875601459165 -0.9624763288720182
vn 0.4772926965347789 0.3249224193284743 -0.816466229094805
vn 0.4772926965347789 0.3249224193284743 -0.816466229094805
vn 0.4772926965347789 0.3249224193284743 -0.816466229094805
vn 0.08307720441151022 0.2840168082488606 -0.9552133953935623
vn 0.08307720441151022 0.2840168082488606 -0.9552133953935623
vn 0.08307720441151022 0.2840168082488606 -0.9552133953935623
vn -0.3309786879661158 0.28767177538605354 -0.8987202333087113
vn -0.3309786879661158 0.28767177538605354 -0.8987202333087113
vn -0.3309786879661158 0.28767177538605354 -0.8987202333087113
vn -0.4349489694088229 0.32915535431407067 -0.8381385009272521
vn -0.4349489694088229 0.32915535431407067 -0.8381385009272521
vn -0.4349489694088229 0.32915535431407067 -0.8381385009272521
vn 0.015125052576081498 0.34133528698664506 -0.9398199054299261
vn 0.015125052576081498 0.34133528698664506 -0.9398199054299261
vn 0.015125052576081498 0.34133528698664506 -0.9398199054299261
vn -0.9600173220770373 0.16487855161260842 -0.22623395971905383
vn -0.9600173220770373 0.16487855161260842 -0.22623395971905383
vn -0.9600173220770373 0.16487855161260842 -0.22623395971905383
vn -0.9884908863874917 0.15076842099484514 0.012435865856143476
vn -0.9873428902980418 0.15856737370592183 0.0032256741799907397
vn -0.9874408847757137 0.15793902229247786 0.003970429529920625
vn -0.9839009676528152 0.13663300918963223 0.11519681702043569
vn -0.9839009676528152 0.13663300918963223 0.11519681702043569
vn -0.9839009676528152 0.13663300918963223 0.11519681702043569
vn -0.858692241125286 0.2934811549741595 -0.4201386041608974
vn -0.858692241125286 0.2934811549741595 -0.4201386041608974
vn -0.858692241125286 0.2934811549741595 -0.4201386041608974
vn -0.9824210380508449 0.18619758204053177 0.013392700898617792
vn -0.9824210380508449 0.18619758204053177 0.013392700898617792
vn -0.9824210380508449 0.18619758204053177 0.013392700898617792
vn -0.9146707350648255 0.1886271499884417 0.3574874049574466
vn -0.9146707350648255 0.1886271499884417 0.3574874049574466
vn -0.9146707350648255 0.1886271499884417 0.3574874049574466
vn -0.8541991721009611 0.1618958302593631 0.4940986890558042
vn -0.8541991721009611 0.1618958302593631 0.4940986890558042
vn -0.8541991721009611 0.1618958302593631 0.4940986890558042
vn -0.9584490350584296 0.2823143809228372 -0.04091500360161652
vn -0.9584490350584296 0.2823143809228372 -0.04091500360161652
vn -0.9584490350584296 0.2823143809228372 -0.04091500360161652
vn -0.15799076495715045 0 0.9874405897005928
vn -0.15799076495715045 0 0.9874405897005928
vn -0.15799076495715045 0 0.9874405897005928
vn 0 0.4863392935515164 0.8737700450048698
vn -1.5874727447094187e-7 0.48633936181140774 0.8737700070114832
vn -2.2946668293994236e-7 0.4863392201403751 0.8737700858653832
vn -1.862096085966123e-7 0.20173837673472814 0.9794394454750136
vn -1.862096085966123e-7 0.20173837673472814 0.9794394454750136
vn -1.862096085966123e-7 0.20173837673472814 0.9794394454750136
vn -0.37731466445913103 0.25529975205556943 0.8901997981264983
vn -0.37731466445913103 0.25529975205556943 0.8901997981264983
vn -0.37731466445913103 0.25529975205556943 0.8901997981264983
vn -1.5874727447094187e-7 0.48633936181140774 0.8737700070114832
vn -3.17494791837363e-7 0.48633971341331256 0.8737698113101392
vn -3.174945443400925e-7 0.48633938456468656 0.8737699943469912
vn 0.28482795026994207 0.006387109927728683 0.9585573762544392
vn 0.28482795026994207 0.006387109927728683 0.9585573762544392
vn 0.28482795026994207 0.006387109927728683 0.9585573762544392
vn 0.22033712301334862 -0.3436747264155069 0.912874161451307
vn 0.22033712301334862 -0.3436747264155069 0.912874161451307
vn 0.22033712301334862 -0.3436747264155069 0.912874161451307
vn -1.4880388074483914e-7 -0.3523340596184366 0.9358743026885447
vn 0 -0.35233419658046394 0.9358742511256516
vn -2.0705054011055256e-7 -0.35233403996437457 0.9358743100878127
vn 0.8159548732467545 0.06225426855730018 0.5747539046159394
vn 0.8159548732467545 0.06225426855730018 0.5747539046159394
vn 0.8159548732467545 0.06225426855730018 0.5747539046159394
vn 0.9566390746359653 0.11112902688268113 0.2692434219507554
vn 0.9566390746359653 0.11112902688268113 0.2692434219507554
vn 0.9566390746359653 0.11112902688268113 0.2692434219507554
vn 0.9291963472226777 0.3039761850361924 0.21022042536079882
vn 0.9291963472226777 0.3039761850361924 0.21022042536079882
vn 0.9291963472226777 0.3039761850361924 0.21022042536079882
vn 0.7035421754467214 0.29630506145554036 0.6459347629006532
vn 0.7035421754467214 0.29630506145554036 0.6459347629006532
vn 0.7035421754467214 0.29630506145554036 0.6459347629006532
vn 0.9877065759390975 0.12568269343231403 0.09294934329118673
vn 0.9877065759390975 0.12568269343231403 0.09294934329118673
vn 0.9877065759390975 0.12568269343231403 0.09294934329118673
vn 0.9606400181239914 0.1937106588453131 -0.19911538420838404
vn 0.9606400181239914 0.1937106588453131 -0.19911538420838404
vn 0.9606400181239914 0.1937106588453131 -0.19911538420838404
vn 0.851202400519189 0.3191557124248525 -0.4166462583258787
vn 0.851202400519189 0.3191557124248525 -0.4166462583258787
vn 0.851202400519189 0.3191557124248525 -0.4166462583258787
vn 0.9366380491472214 0.34169951592100695 0.07714016923132196
vn 0.9366380491472214 0.34169951592100695 0.07714016923132196
vn 0.9366380491472214 0.34169951592100695 0.07714016923132196
vn 0.9351668829721486 0.2821104787083578 -0.21418818547038704
vn 0.9351668829721486 0.2821104787083578 -0.21418818547038704
vn 0.9351668829721486 0.2821104787083578 -0.21418818547038704
vn 0.8256801280775463 0.20451503765237275 -0.5257622328314341
vn 0.8256801280775463 0.20451503765237275 -0.5257622328314341
vn 0.8256801280775463 0.20451503765237275 -0.5257622328314341
vn 0.8300037623742951 0.3488560765222612 0.4351932815635014
vn 0.8300037623742951 0.3488560765222612 0.4351932815635014
vn 0.8300037623742951 0.3488560765222612 0.4351932815635014
vn 0.7549141962910799 0.5696787174160337 0.32491647413053043
vn 0.7549141962910799 0.5696787174160337 0.32491647413053043
vn 0.7549141962910799 0.5696787174160337 0.32491647413053043
vn 0.27596640663766103 0.4032083623596854 -0.8725053346144755
vn 0.27596640663766103 0.4032083623596854 -0.8725053346144755
vn 0.27596640663766103 0.4032083623596854 -0.8725053346144755
vn -0.08618176642958278 0.4006780595859377 -0.9121566727824363
vn -0.08618176642958278 0.4006780595859377 -0.9121566727824363
vn -0.08618176642958278 0.4006780595859377 -0.9121566727824363
vn -0.012666887218925622 -0.11283404037333795 -0.993533104280482
vn -0.012666887218925622 -0.11283404037333795 -0.993533104280482
vn -0.012666887218925622 -0.11283404037333795 -0.993533104280482
vn 0.34264612293413843 0.14123588839810214 -0.9287874128489264
vn 0.34264612293413843 0.14123588839810214 -0.9287874128489264
vn 0.34264612293413843 0.14123588839810214 -0.9287874128489264
vn -0.2716502933714967 0.08764419773502678 -0.9583968972792866
vn -0.2716502933714967 0.08764419773502678 -0.9583968972792866
vn -0.2716502933714967 0.08764419773502678 -0.9583968972792866
vn -0.6077892917181131 0.004974582322379196 -0.7940827604245744
vn -0.6077892917181131 0.004974582322379196 -0.7940827604245744
vn -0.6077892917181131 0.004974582322379196 -0.7940827604245744
vn -0.34231321938553394 0.07231204731748206 -0.9367991394352717
vn -0.34231321938553394 0.07231204731748206 -0.9367991394352717
vn -0.34231321938553394 0.07231204731748206 -0.9367991394352717
vn -0.03788770070180508 -0.1316140937505719 -0.9905767271957008
vn -0.047949243203701725 -0.1315569920771418 -0.990148285819759
vn -0.04042883918959708 -0.13160130240203596 -0.9904779685423949
vn -0.9905869875306882 -0.08592200950151556 -0.10655903724273051
vn -0.9905869875306882 -0.08592200950151556 -0.10655903724273051
vn -0.9905869875306882 -0.08592200950151556 -0.10655903724273051
vn -0.9766571659063812 -0.14824958354037288 0.15544401327751842
vn -0.9766571659063812 -0.14824958354037288 0.15544401327751842
vn -0.9766571659063812 -0.14824958354037288 0.15544401327751842
vn -0.9881982148470054 -0.10101623163749286 -0.11515211295912936
vn -0.9881982148470054 -0.10101623163749286 -0.11515211295912936
vn -0.9881982148470054 -0.10101623163749286 -0.11515211295912936
vn -0.901237669241158 -0.014674105724370366 -0.433076591565459
vn -0.901237669241158 -0.014674105724370366 -0.433076591565459
vn -0.901237669241158 -0.014674105724370366 -0.433076591565459
vn -0.9839407799402016 -0.17069168384981756 0.05220048500906593
vn -0.9839407799402016 -0.17069168384981756 0.05220048500906593
vn -0.9839407799402016 -0.17069168384981756 0.05220048500906593
vn -0.9863667620186118 -0.1548840833156168 -0.05560154242824861
vn -0.9863667620186118 -0.1548840833156168 -0.05560154242824861
vn -0.9863667620186118 -0.1548840833156168 -0.05560154242824861
vn -0.9710508121978897 -0.19852692432348393 0.13284344337782053
vn -0.9710508121978897 -0.19852692432348393 0.13284344337782053
vn -0.9710508121978897 -0.19852692432348393 0.13284344337782053
vn -0.9836463797027865 -0.17600954834310648 -0.03821568512609971
vn -0.9830750427070534 -0.17986449965364 -0.034816981070606684
vn -0.9836544779402874 -0.17596591631365205 -0.03820817090515322
vn -0.9818056908755822 -0.0982553148028845 -0.16249147201409217
vn -0.9818056908755822 -0.0982553148028845 -0.16249147201409217
vn -0.9818056908755822 -0.0982553148028845 -0.16249147201409217
vn -0.9926335748293825 -0.02807222847614331 0.11785811855711888
vn -0.9926335748293825 -0.02807222847614331 0.11785811855711888
vn -0.9926335748293825 -0.02807222847614331 0.11785811855711888
vn -0.8781374798090966 0.030124450281159138 0.4774589867724627
vn -0.8781374798090966 0.030124450281159138 0.4774589867724627
vn -0.8781374798090966 0.030124450281159138 0.4774589867724627
vn -0.9815294566027009 -0.12097652049289107 0.14820461298704582
vn -0.9815294566027009 -0.12097652049289107 0.14820461298704582
vn -0.9815294566027009 -0.12097652049289107 0.14820461298704582
vn 0.2154202607810046 -0.27954141320375236 0.9356552300655905
vn 0.2154202607810046 -0.27954141320375236 0.9356552300655905
vn 0.2154202607810046 -0.27954141320375236 0.9356552300655905
vn -0.00553648409257122 -0.10924041894173592 0.9939999387390961
vn -0.00553648409257122 -0.10924041894173592 0.9939999387390961
vn -0.00553648409257122 -0.10924041894173592 0.9939999387390961
vn 0.37202084495196525 0.1849215052079739 0.9096177921703397
vn 0.37202084495196525 0.1849215052079739 0.9096177921703397
vn 0.37202084495196525 0.1849215052079739 0.9096177921703397
vn -0.36949631568851926 0.2147659187969942 0.9040730461726493
vn -0.36949631568851926 0.2147659187969942 0.9040730461726493
vn -0.36949631568851926 0.2147659187969942 0.9040730461726493
vn 0.7910694141700109 0.19402141039479362 0.5801421155830103
vn 0.7910694141700109 0.19402141039479362 0.5801421155830103
vn 0.7910694141700109 0.19402141039479362 0.5801421155830103
vn 0.6728342235078304 0.3223706214370886 0.6658613144723757
vn 0.6728342235078304 0.3223706214370886 0.6658613144723757
vn 0.6728342235078304 0.3223706214370886 0.6658613144723757
vn 0.9435614651746638 0.19358756806888258 0.26872963164976316
vn 0.9435614651746638 0.19358756806888258 0.26872963164976316
vn 0.9435614651746638 0.19358756806888258 0.26872963164976316
vn 0.7903305228160118 0.26873585364264524 0.5505984977025712
vn 0.7903305228160118 0.26873585364264524 0.5505984977025712
vn 0.7903305228160118 0.26873585364264524 0.5505984977025712
vn 0.31760022130736026 0.20883373503566358 0.9249424687712042
vn 0.31760022130736026 0.20883373503566358 0.9249424687712042
vn 0.31760022130736026 0.20883373503566358 0.9249424687712042
vn 0.2250285613380968 0.25168943603407434 0.9412834718462638
vn 0.2250285613380968 0.25168943603407434 0.9412834718462638
vn 0.2250285613380968 0.25168943603407434 0.9412834718462638
vn 0.32041485055042535 0.5256476067173677 0.7880538795660181
vn 0.31972533570014683 0.5263221281266237 0.787883701542106
vn 0.3255657803880635 0.5205898804500267 0.7892991188474353
vn 0.4321159542040852 0.285428045514362 0.8554569731764093
vn 0.4321159542040852 0.285428045514362 0.8554569731764093
vn 0.4321159542040852 0.285428045514362 0.8554569731764093
vn 0.9685101585127601 0.24812463083794736 0.020548489704123252
vn 0.9685101585127601 0.24812463083794736 0.020548489704123252
vn 0.9685101585127601 0.24812463083794736 0.020548489704123252
vn 0.9418512955535953 0.32984295598264185 0.06418536790147077
vn 0.9418512955535953 0.32984295598264185 0.06418536790147077
vn 0.9418512955535953 0.32984295598264185 0.06418536790147077
vn 0.755885557053017 0.6474420051480706 0.09724132150735107
vn 0.755885557053017 0.6474420051480706 0.09724132150735107
vn 0.755885557053017 0.6474420051480706 0.09724132150735107
vn 0.6580860588178067 0.6678029271791067 0.3477959022769861
vn 0.6580860588178067 0.6678029271791067 0.3477959022769861
vn 0.6580860588178067 0.6678029271791067 0.3477959022769861
vn 0.6400691619783511 0.44078655329454536 0.6293001528039271
vn 0.6400691619783511 0.44078655329454536 0.6293001528039271
vn 0.6400691619783511 0.44078655329454536 0.6293001528039271
vn 0.7948773634174785 -0.08765244716049404 0.6004057175221227
vn 0.7948773634174785 -0.08765244716049404 0.6004057175221227
vn 0.7948773634174785 -0.08765244716049404 0.6004057175221227
vn 0.40230485388252546 0.21593053419585023 0.8896768002732536
vn 0.39301038730542 0.2168808914009182 0.8935913576211372
vn 0.40080239605428164 0.21608630784634775 0.8903168800368105
vn 0.3009932746128491 0.31739107760443597 0.8992585570874091
vn 0.3009932746128491 0.31739107760443597 0.8992585570874091
vn 0.3009932746128491 0.31739107760443597 0.8992585570874091
vn 0.9587099233272912 -0.28283583177134036 0.0296508883508288
vn 0.9587099233272912 -0.28283583177134036 0.0296508883508288
vn 0.9587099233272912 -0.28283583177134036 0.0296508883508288
vn 0.9603716243644191 -0.0022463875611130712 0.2787136467031571
vn 0.9603716243644191 -0.0022463875611130712 0.2787136467031571
vn 0.9603716243644191 -0.0022463875611130712 0.2787136467031571
vn 0.9270784667119174 0.21123732198599734 -0.30968421070384616
vn 0.9270784667119174 0.21123732198599734 -0.30968421070384616
vn 0.9270784667119174 0.21123732198599734 -0.30968421070384616
vn 0.7718305588949136 0.2889132500136742 0.5663980246456564
vn 0.7718305588949136 0.2889132500136742 0.5663980246456564
vn 0.7718305588949136 0.2889132500136742 0.5663980246456564
vn 0.3271758230202145 0.05834266120678447 -0.943160704606779
vn 0.3317381109647546 0.06053790015663122 -0.941427101998961
vn 0.33089485796995943 0.06013222417179638 -0.9417498120972435
vn -0.012728135650580251 0.05617291684138576 -0.9983399210571473
vn -0.0023419927836992186 0.05617778420692113 -0.9984180345082924
vn -0.010386547220430104 0.056174022007695286 -0.9983669660442079
vn 0.0017646967465208688 0.26372758146134745 -0.9645955881207114
vn 0.004462154633800458 0.2657648674433285 -0.964027553760189
vn 0.002293708912184818 0.2635817464728431 -0.9646343358111156
vn 0.5237667652564212 0.37064889724326006 -0.7669991985557613
vn 0.5237667652564212 0.37064889724326006 -0.7669991985557613
vn 0.5237667652564212 0.37064889724326006 -0.7669991985557613
vn -0.038200462898555235 0.03211208331946735 -0.9987539931030163
vn -0.038200462898555235 0.03211208331946735 -0.9987539931030163
vn -0.038200462898555235 0.03211208331946735 -0.9987539931030163
vn -0.34319839287283316 0.008719073711610176 -0.939222466129892
vn -0.34319839287283316 0.008719073711610176 -0.939222466129892
vn -0.34319839287283316 0.008719073711610176 -0.939222466129892
vn -0.3962413990850332 0.22826562961244656 -0.8893185908260149
vn -0.3962413990850332 0.22826562961244656 -0.8893185908260149
vn -0.3962413990850332 0.22826562961244656 -0.8893185908260149
vn 0.013157448628352005 0.2612466308739356 -0.9651824073213364
vn 0.0017646967465208688 0.26372758146134745 -0.9645955881207114
vn 0.01131111976320256 0.2612532836916173 -0.9652040096943494
vn -0.905279015567781 0.007405723708154937 -0.4247529390469097
vn -0.9012668732985011 0.01228801080351624 -0.4330900921116027
vn -0.9020210124324548 0.011378690120776533 -0.43154213993706886
vn -0.9770552209607665 -0.1800003254134668 -0.11385507474132929
vn -0.9770552209607665 -0.1800003254134668 -0.11385507474132929
vn -0.9770552209607665 -0.1800003254134668 -0.11385507474132929
vn -0.9409186086019697 0.33841180233158646 -0.012232090141124093
vn -0.9409186086019697 0.33841180233158646 -0.012232090141124093
vn -0.9409186086019697 0.33841180233158646 -0.012232090141124093
vn -0.8137581278781058 0.35459560235376136 -0.4604993681903305
vn -0.8137581278781058 0.35459560235376136 -0.4604993681903305
vn -0.8137581278781058 0.35459560235376136 -0.4604993681903305
vn -0.9830750427070534 -0.17986449965364 -0.034816981070606684
vn -0.9836463797027865 -0.17600954834310648 -0.03821568512609971
vn -0.9832754056703324 -0.17821854210799473 -0.03751836687203164
vn -0.980641108474915 0.13483629051535728 0.141993630593588
vn -0.980641108474915 0.13483629051535728 0.141993630593588
vn -0.980641108474915 0.13483629051535728 0.141993630593588
vn -0.7026827964174985 0.5632106092016458 0.4347766062032262
vn -0.7026827964174985 0.5632106092016458 0.4347766062032262
vn -0.7026827964174985 0.5632106092016458 0.4347766062032262
vn -0.7795949696617658 0.6257063245380017 -0.026893841510933065
vn -0.7792534602405172 0.6261036810665807 -0.027535890362544155
vn -0.779301117561588 0.626048096614747 -0.027450845020005152
vn -0.3241659720136158 0.2085388613220024 0.9227285439970903
vn -0.3241659720136158 0.2085388613220024 0.9227285439970903
vn -0.3241659720136158 0.2085388613220024 0.9227285439970903
vn 0.33843054780127557 0.13575994732804517 0.931146605544162
vn 0.33843054780127557 0.13575994732804517 0.931146605544162
vn 0.33843054780127557 0.13575994732804517 0.931146605544162
vn 0.42297153717556646 0.18416974833596067 0.8872297236551575
vn 0.42297153717556646 0.18416974833596067 0.8872297236551575
vn 0.42297153717556646 0.18416974833596067 0.8872297236551575
vn -0.4027321769144833 0.3930653179236124 0.8266235234514747
vn -0.4027321769144833 0.3930653179236124 0.8266235234514747
vn -0.4027321769144833 0.3930653179236124 0.8266235234514747
vn 0.8551550334537961 0.2113868996764393 0.4733132656114976
vn 0.8551550334537961 0.2113868996764393 0.4733132656114976
vn 0.8551550334537961 0.2113868996764393 0.4733132656114976
vn 0.457859031742555 0.6395931317963539 0.6174833866677726
vn 0.457859031742555 0.6395931317963539 0.6174833866677726
vn 0.457859031742555 0.6395931317963539 0.6174833866677726
vn 0.9496213680454213 0.2617933122871293 0.17228905651049387
vn 0.9496213680454213 0.2617933122871293 0.17228905651049387
vn 0.9496213680454213 0.2617933122871293 0.17228905651049387
vn 0.8713070532810766 0.337492457551122 0.3562623471527002
vn 0.8713070532810766 0.337492457551122 0.3562623471527002
vn 0.8713070532810766 0.337492457551122 0.3562623471527002
vn 0.4426299446270061 0.8448878768986402 -0.300405072509107
vn 0.4426299446270061 0.8448878768986402 -0.300405072509107
vn 0.4426299446270061 0.8448878768986402 -0.300405072509107
vn 0.3002166271351204 0.6461378547453445 -0.7016949832061622
vn 0.3002166271351204 0.6461378547453445 -0.7016949832061622
vn 0.3002166271351204 0.6461378547453445 -0.7016949832061622
vn -0.3076419621182706 0.6632878972001587 -0.6822064119984599
vn -0.3076419621182706 0.6632878972001587 -0.6822064119984599
vn -0.3076419621182706 0.6632878972001587 -0.6822064119984599
vn -0.3629923254002256 0.8779479356088951 -0.3121602057607857
vn -0.3629923254002256 0.8779479356088951 -0.3121602057607857
vn -0.3629923254002256 0.8779479356088951 -0.3121602057607857
vn -0.5271284197125385 0.8497469403670499 -0.008109652779200557
vn -0.5280776593138216 0.8491698694068762 -0.006672227899583103
vn -0.5256802554848591 0.8506374177021971 -0.008732273375869858
vn -0.5254019909818729 0.8508541284334011 -3.479167835635418e-7
vn -0.5271284197125385 0.8497469403670499 -0.008109652779200557
vn -0.5254006151228854 0.8508544184368174 -0.0009758355591626135
vn 0 0.9999999999999991 -4.37113527596011e-8
vn 0 0.9999999999999991 -4.37113527596011e-8
vn 0 0.9999999999999991 -4.37113527596011e-8
vn 0.098243678256123 0.9951616145374549 0.0012412227493680545
vn 0.098243678256123 0.9951616145374549 0.0012412227493680545
vn 0.098243678256123 0.9951616145374549 0.0012412227493680545
vn 0.33690745945257067 0.9347010982687113 -0.11325732056021615
vn 0.33690745945257067 0.9347010982687113 -0.11325732056021615
vn 0.33690745945257067 0.9347010982687113 -0.11325732056021615
vn 0.22093601220629616 0.9379622174489326 -0.26723427390336857
vn 0.22093601220629616 0.9379622174489326 -0.26723427390336857
vn 0.22093601220629616 0.9379622174489326 -0.26723427390336857
vn 3.606294400743246e-7 0.961728170177252 -0.27400534061836196
vn 3.606294400743246e-7 0.961728170177252 -0.27400534061836196
vn 3.606294400743246e-7 0.961728170177252 -0.27400534061836196
vn 0.20729995000978893 0.9701346265267552 -0.12595847387028936
vn 0.20729995000978893 0.9701346265267552 -0.12595847387028936
vn 0.20729995000978893 0.9701346265267552 -0.12595847387028936
vn -0.19111051130844117 0.9814754198278577 0.013519346920494382
vn -0.19111051130844117 0.9814754198278577 0.013519346920494382
vn -0.19111051130844117 0.9814754198278577 0.013519346920494382
vn 0.061767721106592406 0.8671860444348941 -0.4941387588184719
vn 0.061767721106592406 0.8671860444348941 -0.4941387588184719
vn 0.061767721106592406 0.8671860444348941 -0.4941387588184719
vn 0 0.8688451705466611 -0.4950839015942078
vn 0 0.8688451705466611 -0.4950839015942078
vn 0 0.8688451705466611 -0.4950839015942078
vn -0.07104063221523324 0.9973788074625215 0.013738376872771137
vn -0.07104063221523324 0.9973788074625215 0.013738376872771137
vn -0.07104063221523324 0.9973788074625215 0.013738376872771137
vn -0.021615719208042835 0.9897738936051229 -0.14099787310762538
vn -0.021615719208042835 0.9897738936051229 -0.14099787310762538
vn -0.021615719208042835 0.9897738936051229 -0.14099787310762538
vn -0.20129727731553454 0.9420418363910281 -0.2683963200835139
vn -0.20129727731553454 0.9420418363910281 -0.2683963200835139
vn -0.20129727731553454 0.9420418363910281 -0.2683963200835139
vn 0 0.9617282812224178 -0.2740049508621591
vn 0 0.9617282812224178 -0.2740049508621591
vn 0 0.9617282812224178 -0.2740049508621591
vn -0.19927342741774626 0.9701495754038733 -0.13820239675515367
vn -0.19927342741774626 0.9701495754038733 -0.13820239675515367
vn -0.19927342741774626 0.9701495754038733 -0.13820239675515367
vn -0.10623635664101218 0.9943409055890436 -6.490503059379224e-8
vn -0.10623635664101218 0.9943409055890436 -6.490503059379224e-8
vn -0.10623635664101218 0.9943409055890436 -6.490503059379224e-8
vn -0.07104745047016198 0.9974729368667942 -1.4993297720258235e-7
vn -0.07104745047016198 0.9974729368667942 -1.4993297720258235e-7
vn -0.07104745047016198 0.9974729368667942 -1.4993297720258235e-7
vn 2.4387513425263933e-14 0.9999999999999991 -4.3711366970455816e-8
vn 0 0.9999999999999991 -4.371132789060535e-8
vn 1.3521127644714076e-14 0.9999999999999991 -4.3711374075883174e-8
vn 3.112523869826416e-14 0.9999999999999991 -4.371135631231478e-8
vn 2.4387513425263933e-14 0.9999999999999991 -4.3711366970455816e-8
vn 2.6648593339059927e-14 0.9999999999999991 -4.3711402497592604e-8
vn 0.20765363841383885 0.8743956515242792 -0.4385341617809563
vn 0.20765363841383885 0.8743956515242792 -0.4385341617809563
vn 0.20765363841383885 0.8743956515242792 -0.4385341617809563
vn 2.117409785172746e-15 0.9999999999999991 -4.371137762859685e-8
vn 2.2350099337454015e-15 0.9999999999999991 -4.371138118131053e-8
vn 2.6648593339059927e-14 0.9999999999999991 -4.3711402497592604e-8
vn 2.2350099337454015e-15 0.9999999999999991 -4.371138118131053e-8
vn 2.117409785172746e-15 0.9999999999999991 -4.371137762859685e-8
vn -1.9913471421823096e-15 0.9999999999999991 -4.371135986502846e-8
vn -0.02603833871498961 0.8935777875965265 -0.448152588334666
vn -0.02603833871498961 0.8935777875965265 -0.448152588334666
vn -0.02603833871498961 0.8935777875965265 -0.448152588334666
vn -0.16388822918160015 0.9864789142884501 0
vn -0.16388822918160015 0.9864789142884501 0
vn -0.16388822918160015 0.9864789142884501 0
vn -1.1810420940923719e-14 0.9999999999999991 -4.371137762859685e-8
vn 1.5901620569348088e-15 0.9999999999999991 -4.371139539216525e-8
vn -1.0485417465929185e-14 0.9999999999999991 -4.371137762859685e-8
vn 1.5901620569348088e-15 0.9999999999999991 -4.371139539216525e-8
vn -1.1810420940923719e-14 0.9999999999999991 -4.371137762859685e-8
vn 2.4065454558058903e-14 0.9999999999999991 -4.371133499603271e-8
vn 5.770456422399647e-15 0.9999999999999991 -4.371140605030628e-8
vn 1.5901620569348088e-15 0.9999999999999991 -4.371139539216525e-8
vn 1.7273825802361314e-14 0.9999999999999991 -4.3711366970455816e-8
vn 0.21454272628810658 0.903142727722329 0.37189330722552383
vn 0.21454272628810658 0.903142727722329 0.37189330722552383
vn 0.21454272628810658 0.903142727722329 0.37189330722552383
vn 0.40103682232131094 0.863126855583273 0.3068900427080635
vn 0.40103682232131094 0.863126855583273 0.3068900427080635
vn 0.40103682232131094 0.863126855583273 0.3068900427080635
vn -0.4068528235630977 0.860707006915152 0.3060297832007452
vn -0.4068528235630977 0.860707006915152 0.3060297832007452
vn -0.4068528235630977 0.860707006915152 0.3060297832007452
vn -0.3750583034132258 0.8571739256799283 0.35296477186151753
vn -0.3750583034132258 0.8571739256799283 0.35296477186151753
vn -0.3750583034132258 0.8571739256799283 0.35296477186151753
vn -0.39530405340522184 0.8714160309550257 -0.29046308948985444
vn -0.39530405340522184 0.8714160309550257 -0.29046308948985444
vn -0.39530405340522184 0.8714160309550257 -0.29046308948985444
vn -0.3853654736357581 0.9226483999207246 -0.014607595736961528
vn -0.3853654736357581 0.9226483999207246 -0.014607595736961528
vn -0.3853654736357581 0.9226483999207246 -0.014607595736961528
vn 0.13471709100200926 0.990870945868969 0.005106273072511563
vn 0.13471709100200926 0.990870945868969 0.005106273072511563
vn 0.13471709100200926 0.990870945868969 0.005106273072511563
vn 0.06855850199607387 0.9421752049275712 -0.328032948076475
vn 0.06855850199607387 0.9421752049275712 -0.328032948076475
vn 0.06855850199607387 0.9421752049275712 -0.328032948076475
vn -0.1316021591603698 0.9754014545954032 0.176841381123029
vn -0.1316021591603698 0.9754014545954032 0.176841381123029
vn -0.1316021591603698 0.9754014545954032 0.176841381123029
vn 0.2437829992616324 0.9531731702244581 0.17897138552086803
vn 0.2437829992616324 0.9531731702244581 0.17897138552086803
vn 0.2437829992616324 0.9531731702244581 0.17897138552086803
vn 0.31230217633459895 0.931198699281965 0.18797960823517496
vn 0.31230217633459895 0.931198699281965 0.18797960823517496
vn 0.31230217633459895 0.931198699281965 0.18797960823517496
vn 0.2428341604821503 0.9351036347981387 0.2580944840368322
vn 0.24362050600152166 0.9381286778673057 0.24609679562827222
vn 0.24292656155688 0.9354561327171554 0.2567265265842522
vn 0.018911890046301668 0.9189521955765203 0.3939152226811876
vn 0.018911890046301668 0.9189521955765203 0.3939152226811876
vn 0.018911890046301668 0.9189521955765203 0.3939152226811876
vn 0.07547409322860146 0.9970531774652732 -0.013733992781512157
vn 0.07547409322860146 0.9970531774652732 -0.013733992781512157
vn 0.07547409322860146 0.9970531774652732 -0.013733992781512157
vn -0.10622625061275405 0.994247665592541 -0.013695369456096586
vn -0.10622625061275405 0.994247665592541 -0.013695369456096586
vn -0.10622625061275405 0.994247665592541 -0.013695369456096586
vn -0.06546168225055052 0.9190543118789536 0.3886565835974365
vn -0.06546168225055052 0.9190543118789536 0.3886565835974365
vn -0.06546168225055052 0.9190543118789536 0.3886565835974365
vn -0.053000407230209025 0.9765487554468636 0.20867075757904796
vn -0.053000407230209025 0.9765487554468636 0.20867075757904796
vn -0.053000407230209025 0.9765487554468636 0.20867075757904796
vn -0.20696587592341598 0.9685697924748896 0.13797711153811798
vn -0.20696587592341598 0.9685697924748896 0.13797711153811798
vn -0.20696587592341598 0.9685697924748896 0.13797711153811798
vn -0.3130439513994117 0.9402462226348598 0.133942246185139
vn -0.3130439513994117 0.9402462226348598 0.133942246185139
vn -0.3130439513994117 0.9402462226348598 0.133942246185139
vn -0.21589157536623038 0.9548612417814282 0.20403636104752546
vn -0.21589157536623038 0.9548612417814282 0.20403636104752546
vn -0.21589157536623038 0.9548612417814282 0.20403636104752546
vn 0.1489728034768144 0.9661142447481603 -0.21078512736659183
vn 0.1489728034768144 0.9661142447481603 -0.21078512736659183
vn 0.1489728034768144 0.9661142447481603 -0.21078512736659183
vn -0.0710473096237017 0.9974729468989287 -2.577636984919818e-8
vn -0.0710473096237017 0.9974729468989287 -2.577636984919818e-8
vn -0.0710473096237017 0.9974729468989287 -2.577636984919818e-8
vn 0.16388803589767023 0.9864789463995692 0
vn 0.16388803589767023 0.9864789463995692 0
vn 0.16388803589767023 0.9864789463995692 0
vn 0.3479868187117288 0.9159525072393312 -0.19984038251783226
vn 0.3479868187117288 0.9159525072393312 -0.19984038251783226
vn 0.3479868187117288 0.9159525072393312 -0.19984038251783226
vn 0.4570777630100664 0.8412752044122842 -0.28867966503164555
vn 0.4570777630100664 0.8412752044122842 -0.28867966503164555
vn 0.4570777630100664 0.8412752044122842 -0.28867966503164555
vn 0.29549389546971044 0.9151345327078125 -0.27424832686051076
vn 0.29549389546971044 0.9151345327078125 -0.27424832686051076
vn 0.29549389546971044 0.9151345327078125 -0.27424832686051076
vn -0.38349047611761955 0.8846731853141664 -0.26511961435014164
vn -0.38349047611761955 0.8846731853141664 -0.26511961435014164
vn -0.38349047611761955 0.8846731853141664 -0.26511961435014164
vn -0.28930580946178813 0.9054140811300867 -0.31068873539769737
vn -0.28930580946178813 0.9054140811300867 -0.31068873539769737
vn -0.28930580946178813 0.9054140811300867 -0.31068873539769737
vn -0.44120677241912726 0.8639799160613546 -0.24264230590338315
vn -0.44120677241912726 0.8639799160613546 -0.24264230590338315
vn -0.44120677241912726 0.8639799160613546 -0.24264230590338315
vn -0.32707663359153083 0.9449978178590845 0
vn -0.32707663359153083 0.9449978178590845 0
vn -0.32707663359153083 0.9449978178590845 0
vn 2.8992677823005632e-15 0.9999999999999991 -4.371139183945157e-8
vn 5.770456422399647e-15 0.9999999999999991 -4.371140605030628e-8
vn -3.5304665701991004e-15 0.9999999999999991 -4.371138473402421e-8
vn -0.06271577865481147 0.96085785026913 -0.2698498150525712
vn -0.06271577865481147 0.96085785026913 -0.2698498150525712
vn -0.06271577865481147 0.96085785026913 -0.2698498150525712
vn 0.4931280955469241 0.5396775055949059 -0.6823290051999283
vn 0.4931280955469241 0.5396775055949059 -0.6823290051999283
vn 0.4931280955469241 0.5396775055949059 -0.6823290051999283
vn 0.25417974764278206 0.7764782958434365 -0.576605681529695
vn 0.25417974764278206 0.7764782958434365 -0.576605681529695
vn 0.25417974764278206 0.7764782958434365 -0.576605681529695
vn -0.13303121339509788 0.8557091575145608 -0.5000645298442475
vn -0.13303121339509788 0.8557091575145608 -0.5000645298442475
vn -0.13303121339509788 0.8557091575145608 -0.5000645298442475
vn 0.05019171607014043 0.6716950132310953 -0.7391255650012472
vn 0.05019171607014043 0.6716950132310953 -0.7391255650012472
vn 0.05019171607014043 0.6716950132310953 -0.7391255650012472
vn 0.07143197850811261 0.5199596210925653 -0.8511988398016603
vn 0.07143197850811261 0.5199596210925653 -0.8511988398016603
vn 0.07143197850811261 0.5199596210925653 -0.8511988398016603
vn 0.022278462372062338 0.6335505531514558 -0.7733804799164643
vn 0.022278462372062338 0.6335505531514558 -0.7733804799164643
vn 0.022278462372062338 0.6335505531514558 -0.7733804799164643
vn -0.2672119100333395 0.6106640008400024 -0.7454443461549737
vn -0.2672119100333395 0.6106640008400024 -0.7454443461549737
vn -0.2672119100333395 0.6106640008400024 -0.7454443461549737
vn -0.2245152764415635 0.5079834512674567 -0.8315922702158622
vn -0.2245152764415635 0.5079834512674567 -0.8315922702158622
vn -0.2245152764415635 0.5079834512674567 -0.8315922702158622
vn -0.38079251435503947 0.8628228584784055 -0.33246620264069016
vn -0.38079251435503947 0.8628228584784055 -0.33246620264069016
vn -0.38079251435503947 0.8628228584784055 -0.33246620264069016
vn -0.3466250647370124 0.9378109110679647 -0.01901997838946336
vn -0.3466250647370124 0.9378109110679647 -0.01901997838946336
vn -0.3466250647370124 0.9378109110679647 -0.01901997838946336
vn 0.0735561872330712 0.9933152717541334 0.08896211676745121
vn 0.0735561872330712 0.9933152717541334 0.08896211676745121
vn 0.0735561872330712 0.9933152717541334 0.08896211676745121
vn 0 0.9449979071390168 -0.3270763756416509
vn 0 0.9449979071390168 -0.3270763756416509
vn 0 0.9449979071390168 -0.3270763756416509
vn -0.24389190702010546 0.9687117831237939 -0.045980636437701075
vn -0.24389190702010546 0.9687117831237939 -0.045980636437701075
vn -0.24389190702010546 0.9687117831237939 -0.045980636437701075
vn 0 0.9900052249991604 0.14103068628621743
vn 0 0.9900052249991604 0.14103068628621743
vn 0 0.9900052249991604 0.14103068628621743
vn -0.018506650204425632 0.9903169046396774 0.13758609044194534
vn -0.018506650204425632 0.9903169046396774 0.13758609044194534
vn -0.018506650204425632 0.9903169046396774 0.13758609044194534
vn -2.6043205339130124e-15 0.9999999999999991 -4.371139183945157e-8
vn -1.1437810300393606e-14 0.9999999999999991 -4.371137762859685e-8
vn -1.0808788387169512e-14 0.9999999999999991 -4.3711402497592604e-8
vn -8.65688085587923e-15 0.9999999999999991 -4.3711402497592604e-8
vn 1.9134298519138074e-15 0.9999999999999991 -4.371138473402421e-8
vn 2.0987528257182858e-15 0.9999999999999991 -4.371138473402421e-8
vn 0 0.997472953535864 0.07104721644399745
vn 0 0.997472953535864 0.07104721644399745
vn 0 0.997472953535864 0.07104721644399745
vn 0.040632576568584385 0.9966491939840603 0.07098857550564987
vn 0.040632576568584385 0.9966491939840603 0.07098857550564987
vn 0.040632576568584385 0.9966491939840603 0.07098857550564987
vn 0.1882301175807655 0.9821249527608643 -3.7771991060983046e-8
vn 0.1882301175807655 0.9821249527608643 -3.7771991060983046e-8
vn 0.1882301175807655 0.9821249527608643 -3.7771991060983046e-8
vn 0.6679194059853323 0.6711186257303486 -0.32168844757934506
vn 0.6679194059853323 0.6711186257303486 -0.32168844757934506
vn 0.6679194059853323 0.6711186257303486 -0.32168844757934506
vn 0.5826057366873361 0.7595150512941147 -0.2893223849561331
vn 0.5813217761092925 0.7612363102619192 -0.28737479458010357
vn 0.5820776975422032 0.7602242847744355 -0.2885213871850154
vn 0.44770475354757244 0.8365549918321289 -0.31581038502819136
vn 0.44770475354757244 0.8365549918321289 -0.31581038502819136
vn 0.44770475354757244 0.8365549918321289 -0.31581038502819136
vn 0.3767102624124864 0.835326597838381 -0.4003983680497104
vn 0.3767102624124864 0.835326597838381 -0.4003983680497104
vn 0.3767102624124864 0.835326597838381 -0.4003983680497104
vn 0.1061924267865388 0.9916067200517065 0.07375148297819094
vn 0.1061924267865388 0.9916067200517065 0.07375148297819094
vn 0.1061924267865388 0.9916067200517065 0.07375148297819094
vn 0.37905161129708664 0.9253755324045922 0
vn 0.37905161129708664 0.9253755324045922 0
vn 0.37905161129708664 0.9253755324045922 0
vn -0.4178387156943724 0.9085212202622884 0
vn -0.4178387156943724 0.9085212202622884 0
vn -0.4178387156943724 0.9085212202622884 0
vn -0.27642406522641827 0.9583886344960533 0.0712808630173031
vn -0.27642406522641827 0.9583886344960533 0.0712808630173031
vn -0.27642406522641827 0.9583886344960533 0.0712808630173031
vn -0.15498507076335544 0.89030418487948 -0.42817996943640685
vn -0.15498507076335544 0.89030418487948 -0.42817996943640685
vn -0.15498507076335544 0.89030418487948 -0.42817996943640685
vn -0.09390642866810921 0.895453775199355 -0.4351368970060163
vn -0.09390642866810921 0.895453775199355 -0.4351368970060163
vn -0.09390642866810921 0.895453775199355 -0.4351368970060163
vn -0.45523375309715786 0.8008255965059824 -0.38915368946203427
vn -0.45523375309715786 0.8008255965059824 -0.38915368946203427
vn -0.45523375309715786 0.8008255965059824 -0.38915368946203427
vn -0.4001484062958236 0.8258995676410845 -0.3972041755938403
vn -0.4001484062958236 0.8258995676410845 -0.3972041755938403
vn -0.4001484062958236 0.8258995676410845 -0.3972041755938403
vn -0.22737743117493603 0.68382931227909 0.6933087158403491
vn -0.22737743117493603 0.68382931227909 0.6933087158403491
vn -0.22737743117493603 0.68382931227909 0.6933087158403491
vn 0.4691990751464787 0.7498755078767401 -0.4664107101775111
vn 0.4691990751464787 0.7498755078767401 -0.4664107101775111
vn 0.4691990751464787 0.7498755078767401 -0.4664107101775111
vn 0.025982332570441052 0.8319877137364501 -0.5541853143000036
vn 0.025982332570441052 0.8319877137364501 -0.5541853143000036
vn 0.025982332570441052 0.8319877137364501 -0.5541853143000036
vn -3.589537022672622e-7 0.7022226839386955 0.711957373837652
vn 2.979215059881756e-7 0.7022225937140064 0.7119574628287035
vn 3.8607999440199374e-7 0.7022227737502796 0.7119572852540486
vn 0.07600458487523933 0.7371866485904539 0.6714008848802013
vn 0.07600458487523933 0.7371866485904539 0.6714008848802013
vn 0.07600458487523933 0.7371866485904539 0.6714008848802013
vn 0.004349701177943718 0.8481267517945451 -0.529775511882247
vn -3.3768767771401266e-7 0.8503523995238919 -0.5262136416170198
vn 0.006334861658079958 0.8490866312222648 -0.5282156398739049
vn -0.6072020818763065 0.6756453171399387 -0.41810170675560615
vn -0.6072020818763065 0.6756453171399387 -0.41810170675560615
vn -0.6072020818763065 0.6756453171399387 -0.41810170675560615
vn -0.5119061160137081 0.6351106974452986 0.578434551508039
vn -0.5119061160137081 0.6351106974452986 0.578434551508039
vn -0.5119061160137081 0.6351106974452986 0.578434551508039
vn -0.5687903891594285 0.8224825184767551 0
vn -0.5687903891594285 0.8224825184767551 0
vn -0.5687903891594285 0.8224825184767551 0
vn -0.5979256163399218 0.7670792934794683 -0.23253884587217735
vn -0.5979256163399218 0.7670792934794683 -0.23253884587217735
vn -0.5979256163399218 0.7670792934794683 -0.23253884587217735
vn -0.4971589826556874 0.8303439951478847 -0.25171769045224357
vn -0.4971589826556874 0.8303439951478847 -0.25171769045224357
vn -0.4971589826556874 0.8303439951478847 -0.25171769045224357
vn -0.3353619243447952 0.9420893692743513 1.0350102891858188e-7
vn -0.3353612671069694 0.9420896032354925 0
vn -0.335361452260715 0.9420895373251644 2.0503085488519144e-7
vn -0.4418734313091381 0.8965844505425228 0.029735395548925757
vn -0.4418734313091381 0.8965844505425228 0.029735395548925757
vn -0.4418734313091381 0.8965844505425228 0.029735395548925757
vn -0.4615755149902607 0.8866265571741326 -0.02900675912645473
vn -0.4615755149902607 0.8866265571741326 -0.02900675912645473
vn -0.4615755149902607 0.8866265571741326 -0.02900675912645473
vn 3.226049069944773e-15 0.9999999999999991 -4.371139183945157e-8
vn -2.6043205339130124e-15 0.9999999999999991 -4.371139183945157e-8
vn 2.0987528257182858e-15 0.9999999999999991 -4.371138473402421e-8
vn -2.7305337370098235e-15 0.9999999999999991 -4.371139183945157e-8
vn 3.226049069944773e-15 0.9999999999999991 -4.371139183945157e-8
vn 1.361555593646517e-15 0.9999999999999991 -4.371138828673789e-8
vn -4.4232911773731515e-15 0.9999999999999991 -4.371138828673789e-8
vn -9.111354477904393e-16 0.9999999999999991 -4.371138828673789e-8
vn -1.4634502690694201e-15 0.9999999999999991 -4.371138828673789e-8
vn 1.9134298519138074e-15 0.9999999999999991 -4.371138473402421e-8
vn -4.4232911773731515e-15 0.9999999999999991 -4.371138828673789e-8
vn 1.361555593646517e-15 0.9999999999999991 -4.371138828673789e-8
vn 0.20641980870953558 0.9784635213293947 0
vn 0.20641980870953558 0.9784635213293947 0
vn 0.20641980870953558 0.9784635213293947 0
vn 0.2596618228204673 0.9656996105257329 0
vn 0.2596618228204673 0.9656996105257329 0
vn 0.2596618228204673 0.9656996105257329 0
vn 0.6338008026381587 0.6390240768528241 -0.4358265386339175
vn 0.6338008026381587 0.6390240768528241 -0.4358265386339175
vn 0.6338008026381587 0.6390240768528241 -0.4358265386339175
vn 0.33854558056799544 0.8737230463937009 -0.34927772342133345
vn 0.33854558056799544 0.8737230463937009 -0.34927772342133345
vn 0.33854558056799544 0.8737230463937009 -0.34927772342133345
vn 0.855232065188496 0.3772560977177061 -0.35532513478253774
vn 0.855232065188496 0.3772560977177061 -0.35532513478253774
vn 0.855232065188496 0.3772560977177061 -0.35532513478253774
vn 0.8503066873702874 0.12041389908622081 -0.5123270735772432
vn 0.8466355799835469 0.11910688130931768 -0.5186730622759306
vn 0.8496574336169959 0.12018226331420659 -0.5134573683219035
vn 0.4796192848836671 0.6408487032937645 0.5993982658086194
vn 0.4796192848836671 0.6408487032937645 0.5993982658086194
vn 0.4796192848836671 0.6408487032937645 0.5993982658086194
vn 0.4373274334796476 0.8968182575113691 0.06679617444416969
vn 0.4373274334796476 0.8968182575113691 0.06679617444416969
vn 0.4373274334796476 0.8968182575113691 0.06679617444416969
vn 0.016738292746567227 0.9970980319171778 0.07426536408596407
vn 0.016738292746567227 0.9970980319171778 0.07426536408596407
vn 0.016738292746567227 0.9970980319171778 0.07426536408596407
vn 0.048982601240846094 0.7294537965694957 0.6822740383790291
vn 0.048982601240846094 0.7294537965694957 0.6822740383790291
vn 0.048982601240846094 0.7294537965694957 0.6822740383790291
vn 0.5084538628495461 0.8534268019578805 0.11461833646201479
vn 0.5084538628495461 0.8534268019578805 0.11461833646201479
vn 0.5084538628495461 0.8534268019578805 0.11461833646201479
vn 0.19400670088390556 0.963022180626707 -0.18694833412770798
vn 0.19400670088390556 0.963022180626707 -0.18694833412770798
vn 0.19400670088390556 0.963022180626707 -0.18694833412770798
vn -0.42186756208613196 0.8900420271507015 -0.17278006240586208
vn -0.42186756208613196 0.8900420271507015 -0.17278006240586208
vn -0.42186756208613196 0.8900420271507015 -0.17278006240586208
vn -0.18114047288292548 0.9747058831755014 0.13090672399390252
vn -0.18114047288292548 0.9747058831755014 0.13090672399390252
vn -0.18114047288292548 0.9747058831755014 0.13090672399390252
vn 0.38277563890386784 0.566477066795099 0.7297852718827346
vn 0.38277563890386784 0.566477066795099 0.7297852718827346
vn 0.38277563890386784 0.566477066795099 0.7297852718827346
vn 0.4715162919812214 0.8691801121777386 -0.1489910030537851
vn 0.4715162919812214 0.8691801121777386 -0.1489910030537851
vn 0.4715162919812214 0.8691801121777386 -0.1489910030537851
vn -2.918162526775704e-7 0.9856243956799217 -0.16895132624665596
vn 1.828999022566185e-7 0.9856243294626237 -0.16895171254331803
vn -2.8314436384206725e-7 0.9856243981613034 -0.16895131177084263
vn -5.4974662043641783e-8 0.6131759374127581 0.7899463714569376
vn -1.2599768643032923e-7 0.6131761644796165 0.7899461952019582
vn -3.29056373612849e-7 0.6131758630243069 0.7899464291990236
vn -3.765408886112417e-7 0.6131757969590176 0.789946480480502
vn -1.045278260528594e-7 0.6131757969590577 0.7899464804805535
vn -1.5753844842516827e-7 0.6131757969590534 0.789946480480548
vn -2.0445715617417287e-7 0.9976747159181218 -0.06815541957653062
vn -2.0445715617417287e-7 0.9976747159181218 -0.06815541957653062
vn -2.0445715617417287e-7 0.9976747159181218 -0.06815541957653062
vn -0.5670656255413843 0.8217573317869015 -0.05613790149115656
vn -0.5670656255413843 0.8217573317869015 -0.05613790149115656
vn -0.5670656255413843 0.8217573317869015 -0.05613790149115656
vn -0.3382792898059115 0.5770266956762631 0.7433756214494404
vn -0.3382792898059115 0.5770266956762631 0.7433756214494404
vn -0.3382792898059115 0.5770266956762631 0.7433756214494404
vn -0.3200444531494401 0.8925380934924182 0.31772204782355773
vn -0.31830418835335433 0.8930902444481819 0.3179186357359363
vn -0.32038590347675233 0.892429352800254 0.31768336927498236
vn -0.5057449349572293 0.8626830592779181 0
vn -0.5057449349572293 0.8626830592779181 0
vn -0.5057449349572293 0.8626830592779181 0
vn -0.3353621547804966 0.9420892872444535 -4.6893201328667e-7
vn -0.3353619243447952 0.9420893692743513 1.0350102891858188e-7
vn -0.3353619584142999 0.9420893571464015 7.278504281835765e-8
vn -0.31830418835335433 0.8930902444481819 0.3179186357359363
vn -0.3200444531494401 0.8925380934924182 0.31772204782355773
vn -0.31795717397218576 0.8931999277631963 0.3179577402162778
vn -0.18324657992544624 0.98235200323313 0.0374864334057499
vn -0.18324657992544624 0.98235200323313 0.0374864334057499
vn -0.18324657992544624 0.98235200323313 0.0374864334057499
vn -0.40800976559773694 0.9079199919196399 0.0959651991584492
vn -0.40800976559773694 0.9079199919196399 0.0959651991584492
vn -0.40800976559773694 0.9079199919196399 0.0959651991584492
vn 3.294535283620309e-15 0.9999999999999991 -4.371139183945157e-8
vn -2.7305337370098235e-15 0.9999999999999991 -4.371139183945157e-8
vn -1.4634502690694201e-15 0.9999999999999991 -4.371138828673789e-8
vn 6.05009460905676e-15 0.9999999999999991 -4.371139183945157e-8
vn 3.294535283620309e-15 0.9999999999999991 -4.371139183945157e-8
vn 1.759379228642839e-15 0.9999999999999991 -4.371138473402421e-8
vn 0.23992933875259553 0.8560645177751266 -0.45780722341634394
vn 0.23992933875259553 0.8560645177751266 -0.45780722341634394
vn 0.23992933875259553 0.8560645177751266 -0.45780722341634394
vn -9.111354477904393e-16 0.9999999999999991 -4.371138828673789e-8
vn -7.604631624900356e-16 0.9999999999999991 -4.371138118131053e-8
vn 1.759379228642839e-15 0.9999999999999991 -4.371138473402421e-8
vn 0.15497188688191604 0.9879188804128891 -4.724890828386536e-8
vn 0.15497188688191604 0.9879188804128891 -4.724890828386536e-8
vn 0.15497188688191604 0.9879188804128891 -4.724890828386536e-8
vn -0.03117938296663675 0.8813934273991015 -0.47135281076438346
vn -0.03117938296663675 0.8813934273991015 -0.47135281076438346
vn -0.03117938296663675 0.8813934273991015 -0.47135281076438346
vn -0.11456496602959515 0.9158320098699911 -0.38487218431075293
vn -0.11456496602959515 0.9158320098699911 -0.38487218431075293
vn -0.11456496602959515 0.9158320098699911 -0.38487218431075293
vn 0.08420604709394762 0.9015859422893333 0.424325500411025
vn 0.08420604709394762 0.9015859422893333 0.424325500411025
vn 0.08420604709394762 0.9015859422893333 0.424325500411025
vn 0.4515153885636031 0.8073193771736256 0.3799595730209303
vn 0.4515153885636031 0.8073193771736256 0.3799595730209303
vn 0.4515153885636031 0.8073193771736256 0.3799595730209303
vn 0.21166511138189262 0.9010139217612702 -0.37864467963523124
vn 0.21166511138189262 0.9010139217612702 -0.37864467963523124
vn 0.21166511138189262 0.9010139217612702 -0.37864467963523124
vn 0.31809019798053023 0.4898433486753537 0.811709381310345
vn 0.31809019798053023 0.4898433486753537 0.811709381310345
vn 0.31809019798053023 0.4898433486753537 0.811709381310345
vn 0.7289441704906308 0.5342023285402844 0.428098433178474
vn 0.7289441704906308 0.5342023285402844 0.428098433178474
vn 0.7289441704906308 0.5342023285402844 0.428098433178474
vn 0.693314166692037 0.5623435747118157 0.45064972012025367
vn 0.693314166692037 0.5623435747118157 0.45064972012025367
vn 0.693314166692037 0.5623435747118157 0.45064972012025367
vn 0.488344409711877 0.46075133468130625 0.7410991466008804
vn 0.488344409711877 0.46075133468130625 0.7410991466008804
vn 0.488344409711877 0.46075133468130625 0.7410991466008804
vn 0.5862210687925589 0.7900164913704183 0.17949596615657856
vn 0.5862210687925589 0.7900164913704183 0.17949596615657856
vn 0.5862210687925589 0.7900164913704183 0.17949596615657856
vn 0.5367113184565068 0.8362576104865616 -0.11231282003397638
vn 0.5367113184565068 0.8362576104865616 -0.11231282003397638
vn 0.5367113184565068 0.8362576104865616 -0.11231282003397638
vn -0.05491677123799845 0.9896058124240295 -0.13290780358342422
vn -0.05491677123799845 0.9896058124240295 -0.13290780358342422
vn -0.05491677123799845 0.9896058124240295 -0.13290780358342422
vn -0.17259375539508984 0.9683530211988599 0.18028816359833544
vn -0.17259375539508984 0.9683530211988599 0.18028816359833544
vn -0.17259375539508984 0.9683530211988599 0.18028816359833544
vn 0.42869535470599496 0.8619316889989902 0.27072875051026435
vn 0.42869535470599496 0.8619316889989902 0.27072875051026435
vn 0.42869535470599496 0.8619316889989902 0.27072875051026435
vn 0.3100051777368204 0.8956778349326638 0.3188385261957814
vn 0.3100051777368204 0.8956778349326638 0.3188385261957814
vn 0.3100051777368204 0.8956778349326638 0.3188385261957814
vn 3.084494156891735e-7 0.9420895911075016 0.33536130117651564
vn 7.626117537460848e-7 0.9420896664333069 0.33536108957211935
vn -2.1198768410396845e-7 0.9420895050864888 0.33536154282482905
vn 7.869975371511464e-9 0.954045663165235 0.2996612630881862
vn 7.869975371511464e-9 0.954045663165235 0.2996612630881862
vn 7.869975371511464e-9 0.954045663165235 0.2996612630881862
vn 0.19879260868694687 0.9392095903183282 0.2799407869273725
vn 0.19879260868694687 0.9392095903183282 0.2799407869273725
vn 0.19879260868694687 0.9392095903183282 0.2799407869273725
vn -2.481402256879931e-7 0.9420895722760031 0.33536135407759193
vn 0 0.942089654305636 0.3353611236417948
vn -3.1499873134879917e-7 0.9420895212058021 0.33536149754276096
vn -0.2518397628006848 0.9116356697333898 0.3248032320378731
vn -0.2516541845733814 0.9117705579901056 0.32456836101061654
vn -0.25186829811936534 0.9116149201917136 0.3248393413463184
vn -0.2643210438577453 0.9303105537016719 0.2542767379160754
vn -0.2643210438577453 0.9303105537016719 0.2542767379160754
vn -0.2643210438577453 0.9303105537016719 0.2542767379160754
vn -0.20639367174207837 0.9784358036008327 0.008064148858750642
vn -0.20639367174207837 0.9784358036008327 0.008064148858750642
vn -0.20639367174207837 0.9784358036008327 0.008064148858750642
vn -0.4513300914914507 0.8674944584810845 0.20917579453399637
vn -0.4513300914914507 0.8674944584810845 0.20917579453399637
vn -0.4513300914914507 0.8674944584810845 0.20917579453399637
vn -0.22246977434926773 0.9448830937536865 0.2402147760639379
vn -0.22246977434926773 0.9448830937536865 0.2402147760639379
vn -0.22246977434926773 0.9448830937536865 0.2402147760639379
vn 4.5217136106353754e-14 0.9999999999999991 -4.371138828673789e-8
vn 4.9689531054228656e-14 0.9999999999999991 -4.371141315573364e-8
vn -1.8917839249467237e-15 0.9999999999999991 -4.371138828673789e-8
vn -5.7392690927982175e-15 0.9999999999999991 -4.371139539216525e-8
vn -1.7804969670398385e-14 0.9999999999999991 -4.3711402497592604e-8
vn -5.403477280419353e-16 0.9999999999999991 -4.371137762859685e-8
vn 6.05009460905676e-15 0.9999999999999991 -4.371139183945157e-8
vn -5.7392690927982175e-15 0.9999999999999991 -4.371139539216525e-8
vn -1.8917839249467237e-15 0.9999999999999991 -4.371138828673789e-8
vn 0.17586939854329026 0.9843764524674811 -0.008541339681704419
vn 0.17586939854329026 0.9843764524674811 -0.008541339681704419
vn 0.17586939854329026 0.9843764524674811 -0.008541339681704419
vn 0.3270764554839505 0.944997879504528 2.782380468155263e-8
vn 0.3270764554839505 0.944997879504528 2.782380468155263e-8
vn 0.3270764554839505 0.944997879504528 2.782380468155263e-8
vn 0.3976039420699425 0.8782232567048929 0.26577249036176387
vn 0.3976039420699425 0.8782232567048929 0.26577249036176387
vn 0.3976039420699425 0.8782232567048929 0.26577249036176387
vn 0.3111707033007928 0.9117129942369125 -0.2682390902662274
vn 0.3111707033007928 0.9117129942369125 -0.2682390902662274
vn 0.3111707033007928 0.9117129942369125 -0.2682390902662274
vn 0.21457888751608287 0.9369940354059536 -0.2756774902780909
vn 0.21457888751608287 0.9369940354059536 -0.2756774902780909
vn 0.21457888751608287 0.9369940354059536 -0.2756774902780909
vn 0.22554879969968492 0.932468456933613 0.2821884401917949
vn 0.22554879969968492 0.932468456933613 0.2821884401917949
vn 0.22554879969968492 0.932468456933613 0.2821884401917949
vn 0.583471766501529 0.6975878970880127 0.4158507226540664
vn 0.583471766501529 0.6975878970880127 0.4158507226540664
vn 0.583471766501529 0.6975878970880127 0.4158507226540664
vn 0.6701644721426 0.7395902940931859 -0.06233600212545834
vn 0.6701644721426 0.7395902940931859 -0.06233600212545834
vn 0.6701644721426 0.7395902940931859 -0.06233600212545834
vn 0.7840498749070094 0.6206978013506594 0.00018181518099686316
vn 0.7840498749070094 0.6206978013506594 0.00018181518099686316
vn 0.7840498749070094 0.6206978013506594 0.00018181518099686316
vn 0.27750518850452177 0.8889586307809926 0.3643397083945871
vn 0.27750518850452177 0.8889586307809926 0.3643397083945871
vn 0.27750518850452177 0.8889586307809926 0.3643397083945871
vn 0.2141091215119251 0.9751418689819675 0.057058035750862435
vn 0.2141091215119251 0.9751418689819675 0.057058035750862435
vn 0.2141091215119251 0.9751418689819675 0.057058035750862435
vn 0.061377189593414344 0.8447177430155245 0.5316810841400814
vn 0.061377189593414344 0.8447177430155245 0.5316810841400814
vn 0.061377189593414344 0.8447177430155245 0.5316810841400814
vn 0.4769704413816175 0.6947685150780788 0.5383269531654775
vn 0.4769704413816175 0.6947685150780788 0.5383269531654775
vn 0.4769704413816175 0.6947685150780788 0.5383269531654775
vn 0.4101828620478617 0.9054288174807804 0.10931000026338115
vn 0.4101828620478617 0.9054288174807804 0.10931000026338115
vn 0.4101828620478617 0.9054288174807804 0.10931000026338115
vn 0.4352574621670563 0.6110570573587877 0.6611809240139288
vn 0.4352574621670563 0.6110570573587877 0.6611809240139288
vn 0.4352574621670563 0.6110570573587877 0.6611809240139288
vn 0.34373685637864915 0.6347102508130144 0.6920894964379999
vn 0.34373685637864915 0.6347102508130144 0.6920894964379999
vn 0.34373685637864915 0.6347102508130144 0.6920894964379999
vn -0.41946122203628794 0.5802444836847819 0.6981179143677698
vn -0.41946122203628794 0.5802444836847819 0.6981179143677698
vn -0.41946122203628794 0.5802444836847819 0.6981179143677698
vn -0.3482617137364916 0.5835611816113337 0.7336007947526406
vn -0.3482617137364916 0.5835611816113337 0.7336007947526406
vn -0.3482617137364916 0.5835611816113337 0.7336007947526406
vn 9.757990653024877e-15 0.9999999999999991 -4.3711427366588356e-8
vn 1.0164770602647228e-14 0.9999999999999991 -4.371141670844732e-8
vn 3.2602758925741295e-14 0.9999999999999991 -4.371138828673789e-8
vn 0.1243190998644336 0.9099680852701848 0.39560440492821924
vn 0.12419455521497397 0.9099823849393798 0.3956106312461702
vn 0.12102834229355798 0.9103410982054675 0.3957666298208288
vn 0.12419455521497397 0.9099823849393798 0.3956106312461702
vn 0.1243190998644336 0.9099680852701848 0.39560440492821924
vn 0.12743608845005958 0.90960539753894 0.3954466640756697
vn 1.0164770602647228e-14 0.9999999999999991 -4.371141670844732e-8
vn 9.757990653024877e-15 0.9999999999999991 -4.3711427366588356e-8
vn 2.3725257327321372e-15 0.9999999999999991 -4.371143802472939e-8
vn 2.2603340165826423e-14 0.9999999999999991 -4.371141670844732e-8
vn -7.643335630754839e-15 0.9999999999999991 -4.371140960301996e-8
vn -1.967912069872388e-15 0.9999999999999991 -4.3711370523169495e-8
vn 0.03361983182747939 0.8658465634893717 0.4991787609679895
vn 0.03361983182747939 0.8658465634893717 0.4991787609679895
vn 0.03361983182747939 0.8658465634893717 0.4991787609679895
vn -0.1886442847952631 0.8307292829545273 0.5237386679021712
vn -0.1886442847952631 0.8307292829545273 0.5237386679021712
vn -0.1886442847952631 0.8307292829545273 0.5237386679021712
vn -7.643335630754839e-15 0.9999999999999991 -4.371140960301996e-8
vn 2.2603340165826423e-14 0.9999999999999991 -4.371141670844732e-8
vn 7.780388102719427e-15 0.9999999999999991 -4.3711427366588356e-8
vn 2.027972719766643e-14 0.9999999999999991 -4.371137762859685e-8
vn -1.0286645091229966e-14 0.9999999999999991 -4.3711402497592604e-8
vn -1.7167596012314363e-14 0.9999999999999991 -4.371140605030628e-8
vn 4.5217136106353754e-14 0.9999999999999991 -4.371138828673789e-8
vn 2.027972719766643e-14 0.9999999999999991 -4.371137762859685e-8
vn 7.780388102719427e-15 0.9999999999999991 -4.3711427366588356e-8
vn 2.027972719766643e-14 0.9999999999999991 -4.371137762859685e-8
vn 4.5217136106353754e-14 0.9999999999999991 -4.371138828673789e-8
vn -5.403477280419353e-16 0.9999999999999991 -4.371137762859685e-8
vn -1.0286645091229966e-14 0.9999999999999991 -4.3711402497592604e-8
vn 2.027972719766643e-14 0.9999999999999991 -4.371137762859685e-8
vn -2.248102352604522e-14 0.9999999999999991 -4.371135986502846e-8
vn -9.576775577256345e-15 0.9999999999999991 -4.371140605030628e-8
vn 1.2983443835291256e-14 0.9999999999999991 -4.371140960301996e-8
vn 1.2944682760591952e-14 0.9999999999999991 -4.371139183945157e-8
vn -1.7804969670398385e-14 0.9999999999999991 -4.3711402497592604e-8
vn -9.576775577256345e-15 0.9999999999999991 -4.371140605030628e-8
vn -2.248102352604522e-14 0.9999999999999991 -4.371135986502846e-8
vn 0.1638880213967449 0.9864789488086704 -2.969052805888913e-8
vn 0.1638880213967449 0.9864789488086704 -2.969052805888913e-8
vn 0.1638880213967449 0.9864789488086704 -2.969052805888913e-8
vn 1.2983443835291256e-14 0.9999999999999991 -4.371140960301996e-8
vn -9.576775577256345e-15 0.9999999999999991 -4.371140605030628e-8
vn -1.8026197735562263e-14 0.9999999999999991 -4.3711374075883174e-8
vn 2.1073857855167017e-14 0.9999999999999991 -4.371135986502846e-8
vn 9.123260584769237e-15 0.9999999999999991 -4.3711402497592604e-8
vn -1.3481217993338295e-14 0.9999999999999991 -4.371139183945157e-8
vn 0.0789653675917509 0.9365326964420577 0.34157133839956194
vn 0.0789653675917509 0.9365326964420577 0.34157133839956194
vn 0.0789653675917509 0.9365326964420577 0.34157133839956194
vn 0.39770788024278575 0.8619719758888842 0.31437677200296277
vn 0.39770788024278575 0.8619719758888842 0.31437677200296277
vn 0.39770788024278575 0.8619719758888842 0.31437677200296277
vn 0.3270762773763567 0.9449979411499351 -9.144707503325268e-8
vn 0.3270762773763567 0.9449979411499351 -9.144707503325268e-8
vn 0.3270762773763567 0.9449979411499351 -9.144707503325268e-8
vn 0.3731836847267538 0.8888765866208541 0.26576747583371074
vn 0.3731836847267538 0.8888765866208541 0.26576747583371074
vn 0.3731836847267538 0.8888765866208541 0.26576747583371074
vn 0.2780577526363991 0.9205396724971073 0.27439132194315746
vn 0.27716519016475855 0.9205715783287433 0.2751861670474367
vn 0.27793767648740914 0.9205438958397224 0.27449878655652826
vn 0.44675009284413253 0.8571798007357635 0.2562364996528706
vn 0.44675009284413253 0.8571798007357635 0.2562364996528706
vn 0.44675009284413253 0.8571798007357635 0.2562364996528706
vn 0.32279945849121805 0.906802277184379 0.2711275339964587
vn 0.32279945849121805 0.906802277184379 0.2711275339964587
vn 0.32279945849121805 0.906802277184379 0.2711275339964587
vn 0.424994677640562 0.8527758128219274 0.3035670223247182
vn 0.424994677640562 0.8527758128219274 0.3035670223247182
vn 0.424994677640562 0.8527758128219274 0.3035670223247182
vn 0.33521220897931203 0.941671966143214 0.0297772250416958
vn 0.33521220897931203 0.941671966143214 0.0297772250416958
vn 0.33521220897931203 0.941671966143214 0.0297772250416958
vn 0.05175877522949054 0.9986490320810205 0.004597815827512836
vn 0.05175877522949054 0.9986490320810205 0.004597815827512836
vn 0.05175877522949054 0.9986490320810205 0.004597815827512836
vn -0.3179581965664116 0.8931996559083495 0.3179574813106954
vn -0.3179581965664116 0.8931996559083495 0.3179574813106954
vn -0.3179581965664116 0.8931996559083495 0.3179574813106954
vn -0.2716910074731622 0.9094514879475941 0.31477291422250014
vn -0.2716910074731622 0.9094514879475941 0.31477291422250014
vn -0.2716910074731622 0.9094514879475941 0.31477291422250014
vn -0.3179578680277153 0.893199773114244 0.31795748059753653
vn -0.3179578680277153 0.893199773114244 0.31795748059753653
vn -0.3179578680277153 0.893199773114244 0.31795748059753653
vn -0.35999587558004803 0.8789262864328009 0.3128762576208055
vn -0.35999587558004803 0.8789262864328009 0.3128762576208055
vn -0.35999587558004803 0.8789262864328009 0.3128762576208055
vn -0.31087108561862414 0.8981753332124023 0.3108701319443349
vn -0.31087108561862414 0.8981753332124023 0.3108701319443349
vn -0.31087108561862414 0.8981753332124023 0.3108701319443349
vn -1.2357084146620383e-14 0.9999999999999991 -4.3711374075883174e-8
vn 0 0.9999999999999991 -4.371138828673789e-8
vn -1.0436404751469263e-14 0.9999999999999991 -4.3711398944878926e-8
vn 1.0164770602647228e-14 0.9999999999999991 -4.371141670844732e-8
vn -1.2357084146620383e-14 0.9999999999999991 -4.3711374075883174e-8
vn -6.567904907954627e-15 0.9999999999999991 -4.3711374075883174e-8
vn -1.2357084146620383e-14 0.9999999999999991 -4.3711374075883174e-8
vn 1.0164770602647228e-14 0.9999999999999991 -4.371141670844732e-8
vn -1.967912069872388e-15 0.9999999999999991 -4.3711370523169495e-8
vn 0 0.9999999999999991 -4.371138828673789e-8
vn -1.2357084146620383e-14 0.9999999999999991 -4.3711374075883174e-8
vn -4.0171397791372214e-16 0.9999999999999991 -4.371134920688742e-8
vn 4.6562430255599764e-15 0.9999999999999991 -4.371138828673789e-8
vn 8.535992313647096e-15 0.9999999999999991 -4.3711366970455816e-8
vn 0 0.9999999999999991 -4.3711370523169495e-8
vn -7.643335630754839e-15 0.9999999999999991 -4.371140960301996e-8
vn 4.6562430255599764e-15 0.9999999999999991 -4.371138828673789e-8
vn -4.0171397791372214e-16 0.9999999999999991 -4.371134920688742e-8
vn 4.6562430255599764e-15 0.9999999999999991 -4.371138828673789e-8
vn -7.643335630754839e-15 0.9999999999999991 -4.371140960301996e-8
vn -1.7167596012314363e-14 0.9999999999999991 -4.371140605030628e-8
vn 8.535992313647096e-15 0.9999999999999991 -4.3711366970455816e-8
vn 4.6562430255599764e-15 0.9999999999999991 -4.371138828673789e-8
vn -5.0759444627926924e-15 0.9999999999999991 -4.371138828673789e-8
vn -3.731229684082604e-15 0.9999999999999991 -4.371142381387468e-8
vn 5.9636451559105654e-15 0.9999999999999991 -4.371138828673789e-8
vn 0 0.9999999999999991 -4.371135631231478e-8
vn -1.0286645091229966e-14 0.9999999999999991 -4.3711402497592604e-8
vn -3.731229684082604e-15 0.9999999999999991 -4.371142381387468e-8
vn -5.0759444627926924e-15 0.9999999999999991 -4.371138828673789e-8
vn -3.731229684082604e-15 0.9999999999999991 -4.371142381387468e-8
vn -1.0286645091229966e-14 0.9999999999999991 -4.3711402497592604e-8
vn 1.2944682760591952e-14 0.9999999999999991 -4.371139183945157e-8
vn 5.9636451559105654e-15 0.9999999999999991 -4.371138828673789e-8
vn -3.731229684082604e-15 0.9999999999999991 -4.371142381387468e-8
vn 1.3525470382634649e-14 0.9999999999999991 -4.371138473402421e-8
vn -4.823879739667549e-15 0.9999999999999991 -4.3711374075883174e-8
vn -1.785904806539936e-15 0.9999999999999991 -4.371134920688742e-8
vn 1.1927292005887025e-14 0.9999999999999991 -4.371137762859685e-8
vn 1.2983443835291256e-14 0.9999999999999991 -4.371140960301996e-8
vn -4.823879739667549e-15 0.9999999999999991 -4.3711374075883174e-8
vn 1.3525470382634649e-14 0.9999999999999991 -4.371138473402421e-8
vn -4.823879739667549e-15 0.9999999999999991 -4.3711374075883174e-8
vn 1.2983443835291256e-14 0.9999999999999991 -4.371140960301996e-8
vn -1.3481217993338295e-14 0.9999999999999991 -4.371139183945157e-8
vn -1.785904806539936e-15 0.9999999999999991 -4.371134920688742e-8
vn -4.823879739667549e-15 0.9999999999999991 -4.3711374075883174e-8
vn -4.777393724489285e-15 0.9999999999999991 -4.371138118131053e-8
vn 1.3992038788113657e-15 0.9999999999999991 -4.3711402497592604e-8
vn 0 0.9999999999999991 -4.3711374075883174e-8
vn -2.137260214049887e-15 0.9999999999999991 -4.371134920688742e-8
vn 9.123260584769237e-15 0.9999999999999991 -4.3711402497592604e-8
vn 1.3992038788113657e-15 0.9999999999999991 -4.3711402497592604e-8
vn -4.777393724489285e-15 0.9999999999999991 -4.371138118131053e-8
vn 0.16388814217604475 0.9864789287430722 -7.352354488340944e-8
vn 0.16388814217604475 0.9864789287430722 -7.352354488340944e-8
vn 0.16388814217604475 0.9864789287430722 -7.352354488340944e-8
vn 0 0.9999999999999991 -4.3711374075883174e-8
vn 1.3992038788113657e-15 0.9999999999999991 -4.3711402497592604e-8
vn 0 0.9999999999999991 -4.371144513015675e-8
vn 8.427803336393146e-15 0.9999999999999991 -4.3711370523169495e-8
vn 1.7100019723782415e-15 0.9999999999999991 -4.371136341774214e-8
vn -2.1406686746296385e-15 0.9999999999999991 -4.371140960301996e-8
vn 0.026647859860391677 0.8921689255121709 0.4509151804001717
vn 0.026647859860391677 0.8921689255121709 0.4509151804001717
vn 0.026647859860391677 0.8921689255121709 0.4509151804001717
vn -0.03995488099316132 0.8917730200213343 0.4507155291831547
vn -0.03995488099316132 0.8917730200213343 0.4507155291831547
vn -0.03995488099316132 0.8917730200213343 0.4507155291831547
vn 1.7100019723782415e-15 0.9999999999999991 -4.371136341774214e-8
vn 8.427803336393146e-15 0.9999999999999991 -4.3711370523169495e-8
vn 6.664163849662973e-14 0.9999999999999991 -4.371138828673789e-8
vn -4.728155529858803e-14 0.9999999999999991 -4.371145223558411e-8
vn -3.0404145997739415e-14 0.9999999999999991 -4.371141670844732e-8
vn 3.429825799999665e-14 0.9999999999999991 -4.371141670844732e-8
vn -0.06722597744827824 0.9228789761042043 0.3791768234227656
vn -0.06722597744827824 0.9228789761042043 0.3791768234227656
vn -0.06722597744827824 0.9228789761042043 0.3791768234227656
vn -0.10055518963391007 0.9202833237896003 0.37811011331681416
vn -0.10055518963391007 0.9202833237896003 0.37811011331681416
vn -0.10055518963391007 0.9202833237896003 0.37811011331681416
vn -3.0404145997739415e-14 0.9999999999999991 -4.371141670844732e-8
vn -4.728155529858803e-14 0.9999999999999991 -4.371145223558411e-8
vn 3.1685253684308388e-15 0.9999999999999991 -4.3711402497592604e-8
vn -1.342079489804591e-14 0.9999999999999991 -4.371138828673789e-8
vn -1.3754179442788677e-14 0.9999999999999991 -4.3711342101460065e-8
vn 1.1877189160023986e-14 0.9999999999999991 -4.371135631231478e-8
vn -0.01932618252812742 0.9448212884616788 0.3270156441800648
vn -0.01932618252812742 0.9448212884616788 0.3270156441800648
vn -0.01932618252812742 0.9448212884616788 0.3270156441800648
vn -0.31087055845532 0.898175419624685 0.31087040944370786
vn -0.31087055845532 0.898175419624685 0.31087040944370786
vn -0.31087055845532 0.898175419624685 0.31087040944370786
vn -1.3754179442788677e-14 0.9999999999999991 -4.3711342101460065e-8
vn -1.342079489804591e-14 0.9999999999999991 -4.371138828673789e-8
vn -1.3754179442788677e-14 0.9999999999999991 -4.3711370523169495e-8
vn 0.9999999999997142 0 7.561056918346025e-7
vn 0.9999999999996589 0 8.258738262154023e-7
vn 0.9999999999996638 0 8.199604053513185e-7
vn 0.9300003253119425 0 -0.3675586958836383
vn 0.9300003253119425 0 -0.3675586958836383
vn 0.9300003253119425 0 -0.3675586958836383
vn 0.8464143588376114 0.2988326536887175 -0.44077406711701395
vn 0.8464143588376114 0.2988326536887175 -0.44077406711701395
vn 0.8464143588376114 0.2988326536887175 -0.44077406711701395
vn 0.9717470071340841 0.23238138050653795 -0.041311597885168826
vn 0.9717470071340841 0.23238138050653795 -0.041311597885168826
vn 0.9717470071340841 0.23238138050653795 -0.041311597885168826
vn 0.2716624115552444 -0.011186711386437427 -0.9623275906032964
vn 0.2716624115552444 -0.011186711386437427 -0.9623275906032964
vn 0.2716624115552444 -0.011186711386437427 -0.9623275906032964
vn -0.2659295583654714 0.047551188522158915 -0.9628189624522752
vn -0.2659295583654714 0.047551188522158915 -0.9628189624522752
vn -0.2659295583654714 0.047551188522158915 -0.9628189624522752
vn -0.2225952502160395 0.3414265966340505 -0.9131698821644021
vn -0.2225952502160395 0.3414265966340505 -0.9131698821644021
vn -0.2225952502160395 0.3414265966340505 -0.9131698821644021
vn 0.24484804475528085 0.2116488107037359 -0.9461787441637073
vn 0.24484804475528085 0.2116488107037359 -0.9461787441637073
vn 0.24484804475528085 0.2116488107037359 -0.9461787441637073
vn -0.7747585137845265 0.4334314741405393 -0.46031120184365554
vn -0.7747585137845265 0.4334314741405393 -0.46031120184365554
vn -0.7747585137845265 0.4334314741405393 -0.46031120184365554
vn -0.9225980680722697 0.38491199579684154 -0.02560391143961946
vn -0.9221699515286187 0.38592328288058747 -0.025803105014227435
vn -0.9227525342737749 0.38454629436529053 -0.025532488739819094
vn -0.9221699515286187 0.38592328288058747 -0.025803105014227435
vn -0.9225980680722697 0.38491199579684154 -0.02560391143961946
vn -0.9220613321172999 0.3861793611167294 -0.02585344970299189
vn -0.7940101277001935 0.4014036480239722 -0.4565337101053647
vn -0.7940101277001935 0.4014036480239722 -0.4565337101053647
vn -0.7940101277001935 0.4014036480239722 -0.4565337101053647
vn -0.9230772517402045 0.3354399976407002 0.18817118616450806
vn -0.9205880252312642 0.34178129929653667 0.18895298688290818
vn -0.9233779835909591 0.3346643720051444 0.18807673309023862
vn -0.9301494275382457 0.3575725889813689 -0.0834499014944579
vn -0.9301494275382457 0.3575725889813689 -0.0834499014944579
vn -0.9301494275382457 0.3575725889813689 -0.0834499014944579
vn -0.9406112681575918 0.325238552865765 -0.09731559969886759
vn -0.9406112681575918 0.325238552865765 -0.09731559969886759
vn -0.9406112681575918 0.325238552865765 -0.09731559969886759
vn -0.9205880252312642 0.34178129929653667 0.18895298688290818
vn -0.9230772517402045 0.3354399976407002 0.18817118616450806
vn -0.9202458108278597 0.3426429051970091 0.1890594805132196
vn -0.286258191976836 0.43440283950638797 -0.8540201523119584
vn -0.286258191976836 0.43440283950638797 -0.8540201523119584
vn -0.286258191976836 0.43440283950638797 -0.8540201523119584
vn -0.24456528488475018 0.3428372237121954 -0.9070008045567297
vn -0.24456528488475018 0.3428372237121954 -0.9070008045567297
vn -0.24456528488475018 0.3428372237121954 -0.9070008045567297
vn -0.2597635112342517 0.0667018448992959 -0.9633658609885878
vn -0.2597635112342517 0.0667018448992959 -0.9633658609885878
vn -0.2597635112342517 0.0667018448992959 -0.9633658609885878
vn -0.2774826555604989 0.051164708466586745 -0.9593672646440583
vn -0.2807663301201106 0.05177048446434572 -0.9583788837454694
vn -0.27787032607520923 0.05123648026075329 -0.9592512209934092
vn -0.7665188757777308 0.5591797283845983 -0.3158588995741145
vn -0.7665188757777308 0.5591797283845983 -0.3158588995741145
vn -0.7665188757777308 0.5591797283845983 -0.3158588995741145
vn -0.7877231638777157 0.5553739107429762 -0.2665558784880465
vn -0.7877231638777157 0.5553739107429762 -0.2665558784880465
vn -0.7877231638777157 0.5553739107429762 -0.2665558784880465
vn -0.9081639920281224 0.2842494036704454 -0.30731163351969065
vn -0.9081639920281224 0.2842494036704454 -0.30731163351969065
vn -0.9081639920281224 0.2842494036704454 -0.30731163351969065
vn -0.8851684564845577 0.2888483688172484 -0.36475118022613773
vn -0.8851684564845577 0.2888483688172484 -0.36475118022613773
vn -0.8851684564845577 0.2888483688172484 -0.36475118022613773
vn -0.27259073652447574 0.48632001308225764 -0.8301729550140239
vn -0.27259073652447574 0.48632001308225764 -0.8301729550140239
vn -0.27259073652447574 0.48632001308225764 -0.8301729550140239
vn -0.28697619797155666 0.3921697161007613 -0.8739837387338727
vn -0.28697619797155666 0.3921697161007613 -0.8739837387338727
vn -0.28697619797155666 0.3921697161007613 -0.8739837387338727
vn -0.3105157293531263 0.09634300817908042 -0.9456733086004393
vn -0.3105157293531263 0.09634300817908042 -0.9456733086004393
vn -0.3105157293531263 0.09634300817908042 -0.9456733086004393
vn -0.3115824544552127 0.049658899596060214 -0.948920633017627
vn -0.3115824544552127 0.049658899596060214 -0.948920633017627
vn -0.3115824544552127 0.049658899596060214 -0.948920633017627
vn -0.7871488661607295 0.5562807132726123 -0.2663614659495471
vn -0.787239363662655 0.5561379726248868 -0.266392078907573
vn -0.787430650710539 0.5558360266121048 -0.26645690428593605
vn -0.8385557043967004 0.5422613304965337 0.05269705942349094
vn -0.8335122367086434 0.5500123638227319 0.05238082568159397
vn -0.8396421979518659 0.54057079826077 0.05276543836900661
vn -0.8335122367086434 0.5500123638227319 0.05238082568159397
vn -0.8385557043967004 0.5422613304965337 0.05269705942349094
vn -0.8326399773060792 0.5513372322398116 0.05232518072473418
vn -0.787239363662655 0.5561379726248868 -0.266392078907573
vn -0.7871488661607295 0.5562807132726123 -0.2663614659495471
vn -0.7869686333681097 0.5565648742923954 -0.2663004145671193
vn -0.8466995536565464 0.5075619566237206 0.15962683366560046
vn -0.8466995536565464 0.5075619566237206 0.15962683366560046
vn -0.8466995536565464 0.5075619566237206 0.15962683366560046
vn -0.8256390930854784 0.3615095161489762 0.4331638924272448
vn -0.8256390930854784 0.3615095161489762 0.4331638924272448
vn -0.8256390930854784 0.3615095161489762 0.4331638924272448
vn -0.8834573316957448 0.06836086272077524 0.46349750325228944
vn -0.8834573316957448 0.06836086272077524 0.46349750325228944
vn -0.8834573316957448 0.06836086272077524 0.46349750325228944
vn -0.9676210084360273 0.17444514867935737 0.1824238858688263
vn -0.9676210084360273 0.17444514867935737 0.1824238858688263
vn -0.9676210084360273 0.17444514867935737 0.1824238858688263
vn -0.3293052573163786 0.307699378514195 0.8926808724094919
vn -0.3293052573163786 0.307699378514195 0.8926808724094919
vn -0.3293052573163786 0.307699378514195 0.8926808724094919
vn -0.4273771379454754 0.41159692952633886 0.8049451841995355
vn -0.4235975809262282 0.41174609119507727 0.8068644531884044
vn -0.4266443113325618 0.41162611690882517 0.8053189253246978
vn -0.44093015845003164 0.3404364292101071 0.8304719339242608
vn -0.44093015845003164 0.3404364292101071 0.8304719339242608
vn -0.44093015845003164 0.3404364292101071 0.8304719339242608
vn -0.3457508831844445 0.044681766933894744 0.9372618985538895
vn -0.3457508831844445 0.044681766933894744 0.9372618985538895
vn -0.3457508831844445 0.044681766933894744 0.9372618985538895
vn -0.8309238438253723 0.5285149360563659 0.17388941350123535
vn -0.8309238438253723 0.5285149360563659 0.17388941350123535
vn -0.8309238438253723 0.5285149360563659 0.17388941350123535
vn -0.826258014197113 0.5053063099135875 0.24892413932071128
vn -0.826258014197113 0.5053063099135875 0.24892413932071128
vn -0.826258014197113 0.5053063099135875 0.24892413932071128
vn -0.7261590802500151 0.6517928699476498 0.21876710185916481
vn -0.7261590802500151 0.6517928699476498 0.21876710185916481
vn -0.7261590802500151 0.6517928699476498 0.21876710185916481
vn -0.7964893412530524 0.5812239363988847 0.1666837275419045
vn -0.7964893412530524 0.5812239363988847 0.1666837275419045
vn -0.7964893412530524 0.5812239363988847 0.1666837275419045
vn -0.2695997596823581 0.6268711549952244 0.730991466854551
vn -0.2695997596823581 0.6268711549952244 0.730991466854551
vn -0.2695997596823581 0.6268711549952244 0.730991466854551
vn 0.5075786562905317 0.4608559475099672 0.7279943017105208
vn 0.5075786562905317 0.4608559475099672 0.7279943017105208
vn 0.5075786562905317 0.4608559475099672 0.7279943017105208
vn 0.4770562854311766 0.5516016376370477 0.6842170225058236
vn 0.4770562854311766 0.5516016376370477 0.6842170225058236
vn 0.4770562854311766 0.5516016376370477 0.6842170225058236
vn -0.2554308966634039 0.6746080244481912 0.692574234562504
vn -0.2554308966634039 0.6746080244481912 0.692574234562504
vn -0.2554308966634039 0.6746080244481912 0.692574234562504
vn -0.23953534602692886 0.8227608267486853 0.5154487753129102
vn -0.23953534602692886 0.8227608267486853 0.5154487753129102
vn -0.23953534602692886 0.8227608267486853 0.5154487753129102
vn 0.4936701687173393 0.39961443744245645 0.7723976086874834
vn 0.4936701687173393 0.39961443744245645 0.7723976086874834
vn 0.4936701687173393 0.39961443744245645 0.7723976086874834
vn 0.4802917878188171 0.4626812686401215 0.7451482015031452
vn 0.47631311705273166 0.46662846490396975 0.7452406928401557
vn 0.48043471910000995 0.46253890232860434 0.745144445403671
vn -0.3679802466034563 0.4874135617786048 0.7918450340211484
vn -0.3679802466034563 0.4874135617786048 0.7918450340211484
vn -0.3679802466034563 0.4874135617786048 0.7918450340211484
vn 0.9219911174646701 0.2686021772563071 0.27890007115348747
vn 0.9219911174646701 0.2686021772563071 0.27890007115348747
vn 0.9219911174646701 0.2686021772563071 0.27890007115348747
vn 0.9999999999990967 0 0.0000013440602515389993
vn 0.999999999997145 0 0.000002389592964384518
vn 0.9999999999991251 0 0.0000013227735280440607
vn 0.9897748367013457 0.1426386084822616 0.0000017517232157122365
vn 0.9897748367013457 0.1426386084822616 0.0000017517232157122365
vn 0.9897748367013457 0.1426386084822616 0.0000017517232157122365
vn 0.9149464941128309 0.2937206618317819 0.2767690114946748
vn 0.9149464941128309 0.2937206618317819 0.2767690114946748
vn 0.9149464941128309 0.2937206618317819 0.2767690114946748
vn 1 0 0
vn 0.9999999999990967 0 0.0000013440602515389993
vn 0.999999999999605 0 8.8894455529918e-7
vn 0.9999999999999059 0 4.3382891590222704e-7
vn 1 0 0
vn 0.9999999999998965 0 4.551157530840539e-7
vn 0.9949131169988277 -0.10073673423174367 0
vn 0.9949131169988277 -0.10073673423174367 0
vn 0.9949131169988277 -0.10073673423174367 0
vn 0.9983304070509141 -0.057761564708341276 0
vn 0.9983304070509141 -0.057761564708341276 0
vn 0.9983304070509141 -0.057761564708341276 0
vn 0.9999999999999059 0 4.3382894432393647e-7
vn 0.9999999999999059 0 4.3382891590222704e-7
vn 0.9999999999990967 0 0.0000013440604789126748
vn 1 0 0
vn 0.9999999999999059 0 4.3382894432393647e-7
vn 0.999999999999605 0 8.889446689860177e-7
vn 0.994912995564992 -0.10073793354985187 0
vn 0.994912995564992 -0.10073793354985187 0
vn 0.994912995564992 -0.10073793354985187 0
vn 0.9933712951846224 -0.11494985821316031 0
vn 0.9933712951846224 -0.11494985821316031 0
vn 0.9933712951846224 -0.11494985821316031 0
vn 0.9999999999999976 0 -6.949785102960942e-8
vn 1 0 0
vn 0.9999999999995859 0 9.10231563011244e-7
vn 0.9999999999998754 0 4.992631943422854e-7
vn 0.9999999999999976 0 -6.949785102960942e-8
vn 0.9999999999990654 0 0.0000013672241720983903
vn 0.9897702606105168 0.14211003648231857 0.012632052168347455
vn 0.9897702606105168 0.14211003648231857 0.012632052168347455
vn 0.9897702606105168 0.14211003648231857 0.012632052168347455
vn 0.9983304085690533 -0.057761538442471116 0.0000017623657312339288
vn 0.9983304085690533 -0.057761538442471116 0.0000017623657312339288
vn 0.9983304085690533 -0.057761538442471116 0.0000017623657312339288
vn 0.999999999999932 0 3.6851628237852535e-7
vn 0.9999999999998754 0 4.992631943422854e-7
vn 0.9999999999999474 0 3.2440993891212316e-7
vn 0.9999999999996589 0 8.258738262154023e-7
vn 0.999999999999932 0 3.6851628237852535e-7
vn 0.9999999999999296 0 3.7542679365285126e-7
vn 0.9775760083168976 0.20733210478211309 0.036858462933492396
vn 0.9775760083168976 0.20733210478211309 0.036858462933492396
vn 0.9775760083168976 0.20733210478211309 0.036858462933492396
vn 0.9707120792361119 0.23213394439490842 0.06190227043304688
vn 0.9701764606385403 0.2320062089485118 0.07021932947710406
vn 0.9705926763288221 0.23210559755129231 0.0638502015831763
vn 0.3196617150049253 0.5406666630730491 -0.7781362010609479
vn 0.3196617150049253 0.5406666630730491 -0.7781362010609479
vn 0.3196617150049253 0.5406666630730491 -0.7781362010609479
vn -0.32970034433358864 0.4971643887390806 -0.8025741420678898
vn -0.32970034433358864 0.4971643887390806 -0.8025741420678898
vn -0.32970034433358864 0.4971643887390806 -0.8025741420678898
vn -0.29640421044438514 0.6257392120147194 -0.7215226833426922
vn -0.29640421044438514 0.6257392120147194 -0.7215226833426922
vn -0.29640421044438514 0.6257392120147194 -0.7215226833426922
vn 0.3096879280105721 0.5794762106219778 -0.7538572202796177
vn 0.3096879280105721 0.5794762106219778 -0.7538572202796177
vn 0.3096879280105721 0.5794762106219778 -0.7538572202796177
vn -0.8876537001066807 0.3929754160625402 -0.2400858826699158
vn -0.8876537001066807 0.3929754160625402 -0.2400858826699158
vn -0.8876537001066807 0.3929754160625402 -0.2400858826699158
vn -0.9117834350321363 0.32837933351436993 -0.24661301855671797
vn -0.9130509378316423 0.3245766419154842 -0.24695746283039532
vn -0.9114460005201812 0.3293828839959926 -0.24652201497279802
vn -0.9130509378316423 0.3245766419154842 -0.24695746283039532
vn -0.9117834350321363 0.32837933351436993 -0.24661301855671797
vn -0.91337061048401 0.32361189441867577 -0.2470414331540822
vn -0.9058226894487863 0.3456302266677739 -0.24500000345581815
vn -0.9058226894487863 0.3456302266677739 -0.24500000345581815
vn -0.9058226894487863 0.3456302266677739 -0.24500000345581815
vn -0.32653334822097174 0.5114330662731826 -0.7948661467329025
vn -0.32653334822097174 0.5114330662731826 -0.7948661467329025
vn -0.32653334822097174 0.5114330662731826 -0.7948661467329025
vn -0.29609400048608603 0.35112011450029507 -0.8882809285746516
vn -0.2961818030124715 0.35037660648618524 -0.8885452004211752
vn -0.29606034813854376 0.3513948797844147 -0.8881834882057766
vn -0.2961818030124715 0.35037660648618524 -0.8885452004211752
vn -0.29609400048608603 0.35112011450029507 -0.8882809285746516
vn -0.2962105250795423 0.35013061485201064 -0.8886325885175801
vn -0.37176529015762005 0.2069230998362495 -0.9049714911466428
vn -0.37176529015762005 0.2069230998362495 -0.9049714911466428
vn -0.37176529015762005 0.2069230998362495 -0.9049714911466428
vn -0.9075291998028319 0.291339724661062 -0.30250936570567283
vn -0.9075291998028319 0.291339724661062 -0.30250936570567283
vn -0.9075291998028319 0.291339724661062 -0.30250936570567283
vn -0.9996666855732524 0 -0.025817005151408084
vn -0.9996666855732524 0 -0.025817005151408084
vn -0.9996666855732524 0 -0.025817005151408084
vn -0.9872100861791157 0.15737297991509677 -0.025494919863879858
vn -0.9872100861791157 0.15737297991509677 -0.025494919863879858
vn -0.9872100861791157 0.15737297991509677 -0.025494919863879858
vn -0.914646140161846 0.26546123376574715 -0.30488156988346155
vn -0.914646140161846 0.26546123376574715 -0.30488156988346155
vn -0.914646140161846 0.26546123376574715 -0.30488156988346155
vn -0.9967058565505267 -0.02478963240484983 -0.07721987854894258
vn -0.9967058565505267 -0.02478963240484983 -0.07721987854894258
vn -0.9967058565505267 -0.02478963240484983 -0.07721987854894258
vn -0.9921437954535914 -0.09870416528357324 -0.07686466612569912
vn -0.9921437954535914 -0.09870416528357324 -0.07686466612569912
vn -0.9921437954535914 -0.09870416528357324 -0.07686466612569912
vn -0.9966839797462462 -0.00928332009664202 -0.08083850867728457
vn -0.9969552503813213 -0.01068571991890733 -0.07724017171738946
vn -0.9967853950564982 -0.008333652219728495 -0.07968328835296115
vn -0.9969937234577194 -0.00610555766830949 -0.07724142380530982
vn -0.9966839797462462 -0.00928332009664202 -0.08083850867728457
vn -0.9969378370818587 -0.006105196555306398 -0.07795944823795539
vn -0.984862104068997 -0.17146370526891616 -0.025432926379845476
vn -0.984862104068997 -0.17146370526891616 -0.025432926379845476
vn -0.984862104068997 -0.17146370526891616 -0.025432926379845476
vn -0.9804598954379882 -0.19508287838470972 0.02531924167240895
vn -0.9804598954379882 -0.19508287838470972 0.02531924167240895
vn -0.9804598954379882 -0.19508287838470972 0.02531924167240895
vn -0.9995807223428747 -0.011457302394563754 0.026591535163212672
vn -0.9996093283349426 -0.010714159102489988 0.025814676067915307
vn -0.9995790215939174 -0.011500558235970432 0.02663675561339474
vn -0.9995802254087471 -0.01150058072257745 -0.02659153276593368
vn -0.9995917692258806 -0.012244180063684456 -0.025814239296211877
vn -0.9995795178715823 -0.011457306226097617 -0.026636771306907957
vn -0.982323662004564 -0.1710217116449078 0.07610385806244566
vn -0.982323662004564 -0.1710217116449078 0.07610385806244566
vn -0.982323662004564 -0.1710217116449078 0.07610385806244566
vn -0.9921436646015356 -0.09870411197122084 0.07686642356067004
vn -0.9921436646015356 -0.09870411197122084 0.07686642356067004
vn -0.9921436646015356 -0.09870411197122084 0.07686642356067004
vn -0.9843610147234555 0.15880005942108355 0.07626226996667024
vn -0.9843610147234555 0.15880005942108355 0.07626226996667024
vn -0.9843610147234555 0.15880005942108355 0.07626226996667024
vn -0.9967955944338777 -0.008333695118949533 0.07955559341037648
vn -0.9969938570565385 -0.006106160787772026 0.07723965168202257
vn -0.9967845198388554 -0.008454798313687685 0.07968147460418515
vn -0.9993578397280976 -0.024855618315651803 0.025809037412051573
vn -0.9993578397280976 -0.024855618315651803 0.025809037412051573
vn -0.9993578397280976 -0.024855618315651803 0.025809037412051573
vn -0.9486834172597255 0 0.3162274083889781
vn -0.9486834172597255 0 0.3162274083889781
vn -0.9486834172597255 0 0.3162274083889781
vn -0.8726707979922135 0.39220998963092923 0.2908900176447099
vn -0.8726707979922135 0.39220998963092923 0.2908900176447099
vn -0.8726707979922135 0.39220998963092923 0.2908900176447099
vn -0.9518526915065209 0.30556860112834927 0.02458218208898067
vn -0.9518526915065209 0.30556860112834927 0.02458218208898067
vn -0.9518526915065209 0.30556860112834927 0.02458218208898067
vn -0.3025103482758227 0.29133945556727253 0.9075289586651248
vn -0.30251026907305306 0.29133925677840883 0.9075290488822677
vn -0.3025102017901211 0.2913393983952548 0.9075290258474332
vn -0.05618062500697431 0.3051782879808311 0.9506366024506496
vn -0.05618062500697431 0.3051782879808311 0.9506366024506496
vn -0.05618062500697431 0.3051782879808311 0.9506366024506496
vn -0.05784236267352601 0.19671493769180204 0.9787530303244302
vn -0.05784236267352601 0.19671493769180204 0.9787530303244302
vn -0.05784236267352601 0.19671493769180204 0.9787530303244302
vn -0.30251026907305306 0.29133925677840883 0.9075290488822677
vn -0.3025103482758227 0.29133945556727253 0.9075289586651248
vn -0.30251049476151287 0.29133951273928077 0.9075288914827908
vn -0.1645930581412813 0.3332523150354365 0.9283598546550916
vn -0.1645930581412813 0.3332523150354365 0.9283598546550916
vn -0.1645930581412813 0.3332523150354365 0.9283598546550916
vn -0.15814782801705946 0.4234575364045226 0.8920050332569313
vn -0.15753255879460787 0.43091842791884327 0.8885340744167194
vn -0.15826250527027613 0.42204650014437384 0.8926531975753297
vn -0.15753255879460787 0.43091842791884327 0.8885340744167194
vn -0.15814782801705946 0.4234575364045226 0.8920050332569313
vn -0.15743792938250978 0.43204818485120033 0.8880020632625415
vn -0.17218931484009858 0.16465874525834256 0.9712045806444931
vn -0.17218931484009858 0.16465874525834256 0.9712045806444931
vn -0.17218931484009858 0.16465874525834256 0.9712045806444931
vn -0.05090867880696757 0.5053365382137244 0.8614193459449921
vn -0.05090867880696757 0.5053365382137244 0.8614193459449921
vn -0.05090867880696757 0.5053365382137244 0.8614193459449921
vn 0.27729364605318213 0.508966851696678 0.8148993666290976
vn 0.27729364605318213 0.508966851696678 0.8148993666290976
vn 0.27729364605318213 0.508966851696678 0.8148993666290976
vn 0.24496691994091035 0.6494126803273584 0.7198988670394613
vn 0.24496691994091035 0.6494126803273584 0.7198988670394613
vn 0.24496691994091035 0.6494126803273584 0.7198988670394613
vn -0.0466309212858459 0.6125728301548051 0.7890374420369197
vn -0.0466309212858459 0.6125728301548051 0.7890374420369197
vn -0.0466309212858459 0.6125728301548051 0.7890374420369197
vn 0.8649994479520902 0.41119383423599304 0.28756840182621246
vn 0.8690906338094617 0.4051528950806209 0.28378266654688367
vn 0.865107495895128 0.4144789395324957 0.2824822635672524
vn 0.8765801687199835 0.3868844762934386 0.28622999460223764
vn 0.87349858499922 0.39452199610277955 0.2852238008922795
vn 0.877466729106118 0.3846548457706686 0.28651839196978884
vn 0.87349858499922 0.39452199610277955 0.2852238008922795
vn 0.8765801687199835 0.3868844762934386 0.28622999460223764
vn 0.8726485381747243 0.39659878657728526 0.28494548830774924
vn 0.8690906338094617 0.4051528950806209 0.28378266654688367
vn 0.8649994479520902 0.41119383423599304 0.28756840182621246
vn 0.8693681880490022 0.4033517802798191 0.28549307338969776
vn 0.25207724611803595 0.6226382714397692 0.7407959536390862
vn 0.25207724611803595 0.6226382714397692 0.7407959536390862
vn 0.25207724611803595 0.6226382714397692 0.7407959536390862
vn 0.3787076651654383 0.517118814185599 0.7675732123779608
vn 0.3787076651654383 0.517118814185599 0.7675732123779608
vn 0.3787076651654383 0.517118814185599 0.7675732123779608
vn 0.359055639106072 0.5843540442971242 0.7277426735733756
vn 0.359055639106072 0.5843540442971242 0.7277426735733756
vn 0.359055639106072 0.5843540442971242 0.7277426735733756
vn 0.26428305358939375 0.5717914539579868 0.7766653080742548
vn 0.26428305358939375 0.5717914539579868 0.7766653080742548
vn 0.26428305358939375 0.5717914539579868 0.7766653080742548
vn 0.9042777249126432 0.37524694005859854 0.2036455995190479
vn 0.9042777249126432 0.37524694005859854 0.2036455995190479
vn 0.9042777249126432 0.37524694005859854 0.2036455995190479
vn 0.9291270601730746 0.3048620298310539 -0.2092416039448881
vn 0.9291270601730746 0.3048620298310539 -0.2092416039448881
vn 0.9291270601730746 0.3048620298310539 -0.2092416039448881
vn 0.876233936232631 0.43963050886261096 -0.19732993860910045
vn 0.876233936232631 0.43963050886261096 -0.19732993860910045
vn 0.876233936232631 0.43963050886261096 -0.19732993860910045
vn 0.9337002423927298 0.2898097681817592 0.21027162343548025
vn 0.9337002423927298 0.2898097681817592 0.21027162343548025
vn 0.9337002423927298 0.2898097681817592 0.21027162343548025
vn 0.36630382124471045 0.5609060967372675 -0.742432395026299
vn 0.36630382124471045 0.5609060967372675 -0.742432395026299
vn 0.36630382124471045 0.5609060967372675 -0.742432395026299
vn -0.05510431856411704 0.5504653037526153 -0.8330374922175625
vn -0.05510431856411704 0.5504653037526153 -0.8330374922175625
vn -0.05510431856411704 0.5504653037526153 -0.8330374922175625
vn -0.057800741998171555 0.4828380797770385 -0.8738000131275366
vn -0.057800741998171555 0.4828380797770385 -0.8738000131275366
vn -0.057800741998171555 0.4828380797770385 -0.8738000131275366
vn 0.35482798649032915 0.5974001059804667 -0.7191732846663215
vn 0.35482798649032915 0.5974001059804667 -0.7191732846663215
vn 0.35482798649032915 0.5974001059804667 -0.7191732846663215
vn -0.166433181374859 0.5185732717977621 -0.8386785784282365
vn -0.166433181374859 0.5185732717977621 -0.8386785784282365
vn -0.166433181374859 0.5185732717977621 -0.8386785784282365
vn 0.06158652697375003 0.439837232544428 -0.8959633410820836
vn 0.06158652697375003 0.439837232544428 -0.8959633410820836
vn 0.06158652697375003 0.439837232544428 -0.8959633410820836
vn 0.0685276516886482 0.037492829143818705 -0.9969444561844114
vn 0.0685276516886482 0.037492829143818705 -0.9969444561844114
vn 0.0685276516886482 0.037492829143818705 -0.9969444561844114
vn -0.19044532724403 0.20675171208751694 -0.9596792729239257
vn -0.19044532724403 0.20675171208751694 -0.9596792729239257
vn -0.19044532724403 0.20675171208751694 -0.9596792729239257
vn 0.8407434687048846 0.44573923234571394 -0.3073547731497471
vn 0.8407434687048846 0.44573923234571394 -0.3073547731497471
vn 0.8407434687048846 0.44573923234571394 -0.3073547731497471
vn 0.9140938590885781 0.2675656224422412 0.30469830072326726
vn 0.9140938590885781 0.2675656224422412 0.30469830072326726
vn 0.9140938590885781 0.2675656224422412 0.30469830072326726
vn 0.9391248382957904 -0.14159601264520397 0.31304170217222643
vn 0.9391248382957904 -0.14159601264520397 0.31304170217222643
vn 0.9391248382957904 -0.14159601264520397 0.31304170217222643
vn 0.9274740020454713 -0.15756956895443933 -0.33906313050709236
vn 0.9274740020454713 -0.15756956895443933 -0.33906313050709236
vn 0.9274740020454713 -0.15756956895443933 -0.33906313050709236
vn 0.2957980519721423 0.3536006673126947 0.8873951095907069
vn 0.2957980519721423 0.3536006673126947 0.8873951095907069
vn 0.2957980519721423 0.3536006673126947 0.8873951095907069
vn 0.3237335805299813 0.2173935802726697 0.9208347300647757
vn 0.3237335805299813 0.2173935802726697 0.9208347300647757
vn 0.3237335805299813 0.2173935802726697 0.9208347300647757
vn 0.3156853575138412 -0.007671445973925402 0.9488329167814676
vn 0.3156853575138412 -0.007671445973925402 0.9488329167814676
vn 0.3156853575138412 -0.007671445973925402 0.9488329167814676
vn 0.3160997772936061 -0.028451318395536586 0.9482992424738554
vn 0.3160997772936061 -0.028451318395536586 0.9482992424738554
vn 0.3160997772936061 -0.028451318395536586 0.9482992424738554
vn 0.916577054291553 0.32730252871776583 0.2296944889220796
vn 0.916577054291553 0.32730252871776583 0.2296944889220796
vn 0.916577054291553 0.32730252871776583 0.2296944889220796
vn 0.9221724035826121 0.38106878616934525 -0.06621660122725975
vn 0.9221724035826121 0.38106878616934525 -0.06621660122725975
vn 0.9221724035826121 0.38106878616934525 -0.06621660122725975
vn 0.9766391681765979 0.21171334943818348 -0.03678848804977159
vn 0.9766391681765979 0.21171334943818348 -0.03678848804977159
vn 0.9766391681765979 0.21171334943818348 -0.03678848804977159
vn 0.9486831460585653 8.98368544063696e-8 0.31622822199230566
vn 0.9486831460585653 8.98368544063696e-8 0.31622822199230566
vn 0.9486831460585653 8.98368544063696e-8 0.31622822199230566
vn 0.8844615343990314 0.4658323575241834 -0.026981639163928022
vn 0.8845942145448193 0.4659026911137641 -0.020682311446902066
vn 0.8844730745908461 0.4658385160241489 -0.02649258976080267
vn 0.8393682550438794 0.4866170669235261 -0.24220809772453472
vn 0.8393682550438794 0.4866170669235261 -0.24220809772453472
vn 0.8393682550438794 0.4866170669235261 -0.24220809772453472
vn 0.8499543099582991 0.46516028204168086 -0.24739357912891632
vn 0.8499543099582991 0.46516028204168086 -0.24739357912891632
vn 0.8499543099582991 0.46516028204168086 -0.24739357912891632
vn 0.9104551817794331 0.41291568894198877 -0.023916433608343248
vn 0.9104551817794331 0.41291568894198877 -0.023916433608343248
vn 0.9104551817794331 0.41291568894198877 -0.023916433608343248
vn 0.3759833187588671 0.5517396200694664 -0.7444594922899894
vn 0.3759833187588671 0.5517396200694664 -0.7444594922899894
vn 0.3759833187588671 0.5517396200694664 -0.7444594922899894
vn 0.4262559363438706 0.4105169128447746 -0.8060904049794946
vn 0.4262559363438706 0.4105169128447746 -0.8060904049794946
vn 0.4262559363438706 0.4105169128447746 -0.8060904049794946
vn 0.42338128473086545 0.334666873124058 -0.8418707571670414
vn 0.42338128473086545 0.334666873124058 -0.8418707571670414
vn 0.42338128473086545 0.334666873124058 -0.8418707571670414
vn 0.35944351816570486 0.26347954069321783 -0.8951976814563092
vn 0.355513445685804 0.26390441673315207 -0.8966407579211094
vn 0.35874336089838493 0.2635554388565356 -0.8954561584245597
vn 0.8793574141520696 0.4268125691654773 -0.21109611312895019
vn 0.8793574141520696 0.4268125691654773 -0.21109611312895019
vn 0.8793574141520696 0.4268125691654773 -0.21109611312895019
vn 0.911446214868464 0.32938305411127766 -0.246520995183528
vn 0.911446214868464 0.32938305411127766 -0.246520995183528
vn 0.911446214868464 0.32938305411127766 -0.246520995183528
vn 0.8579612823437006 0.45831500495317046 -0.2320555843627303
vn 0.8579612823437006 0.45831500495317046 -0.2320555843627303
vn 0.8579612823437006 0.45831500495317046 -0.2320555843627303
vn 0.9119032884116565 0.3431373782927098 -0.2251424708987914
vn 0.9119032884116565 0.3431373782927098 -0.2251424708987914
vn 0.9119032884116565 0.3431373782927098 -0.2251424708987914
vn 0.24664406301542555 0.26179288048446087 -0.9330761994107938
vn 0.24664406301542555 0.26179288048446087 -0.9330761994107938
vn 0.24664406301542555 0.26179288048446087 -0.9330761994107938
vn -0.05729037068128346 0.4495494300867454 -0.891416358014527
vn -0.05729037068128346 0.4495494300867454 -0.891416358014527
vn -0.05729037068128346 0.4495494300867454 -0.891416358014527
vn -0.026011360852616957 0.20410651031146368 -0.9786030561750108
vn -0.026011360852616957 0.20410651031146368 -0.9786030561750108
vn -0.026011360852616957 0.20410651031146368 -0.9786030561750108
vn 0.2555340144243773 0.2211315110218398 -0.9411711971290664
vn 0.2555340144243773 0.2211315110218398 -0.9411711971290664
vn 0.2555340144243773 0.2211315110218398 -0.9411711971290664
vn -0.00929926520625864 0.21890896524621672 -0.975700972942763
vn -0.00929926520625864 0.21890896524621672 -0.975700972942763
vn -0.00929926520625864 0.21890896524621672 -0.975700972942763
vn -0.23809389121541497 0.017451513083304337 -0.9710853431377726
vn -0.23809389121541497 0.017451513083304337 -0.9710853431377726
vn -0.23809389121541497 0.017451513083304337 -0.9710853431377726
vn -0.22382604367961878 0.19717183085567147 -0.9544763859246345
vn -0.22382604367961878 0.19717183085567147 -0.9544763859246345
vn -0.22382604367961878 0.19717183085567147 -0.9544763859246345
vn -0.007891314642160727 0.18576542107131305 -0.9825624333788749
vn -0.007891314642160727 0.18576542107131305 -0.9825624333788749
vn -0.007891314642160727 0.18576542107131305 -0.9825624333788749
vn -0.9005044087302145 0.0861716492493723 -0.4262232475160052
vn -0.9005044087302145 0.0861716492493723 -0.4262232475160052
vn -0.9005044087302145 0.0861716492493723 -0.4262232475160052
vn -0.9239959196860841 0.036984966849324646 -0.3806095803190222
vn -0.9239959196860841 0.036984966849324646 -0.3806095803190222
vn -0.9239959196860841 0.036984966849324646 -0.3806095803190222
vn -0.9073917781738784 0.14209571905905627 -0.39553630367835624
vn -0.9073917781738784 0.14209571905905627 -0.39553630367835624
vn -0.9073917781738784 0.14209571905905627 -0.39553630367835624
vn -0.8758650556821136 0.19687165923463845 -0.44057003305396103
vn -0.8758650556821136 0.19687165923463845 -0.44057003305396103
vn -0.8758650556821136 0.19687165923463845 -0.44057003305396103
vn -0.4526368579435114 -0.1962741292572853 -0.869825465835141
vn -0.4526368579435114 -0.1962741292572853 -0.869825465835141
vn -0.4526368579435114 -0.1962741292572853 -0.869825465835141
vn -0.508616179578253 -0.09963146765279661 -0.8552094202735211
vn -0.508616179578253 -0.09963146765279661 -0.8552094202735211
vn -0.508616179578253 -0.09963146765279661 -0.8552094202735211
vn -0.4907444566636041 0.27979101882024904 -0.8251586902175065
vn -0.4907444566636041 0.27979101882024904 -0.8251586902175065
vn -0.4907444566636041 0.27979101882024904 -0.8251586902175065
vn -0.4426977616263421 0.13210451548725485 -0.886886175807755
vn -0.4426977616263421 0.13210451548725485 -0.886886175807755
vn -0.4426977616263421 0.13210451548725485 -0.886886175807755
vn -0.9514252072170558 0.09842336435353817 -0.29172404155522286
vn -0.9514252072170558 0.09842336435353817 -0.29172404155522286
vn -0.9514252072170558 0.09842336435353817 -0.29172404155522286
vn -0.9200730216099211 -0.20546473322226003 0.3335414191783311
vn -0.9200730216099211 -0.20546473322226003 0.3335414191783311
vn -0.9200730216099211 -0.20546473322226003 0.3335414191783311
vn -0.9328579063258001 -0.12414925221599399 0.33817612242684214
vn -0.9328579063258001 -0.12414925221599399 0.33817612242684214
vn -0.9328579063258001 -0.12414925221599399 0.33817612242684214
vn -0.9219629431602344 0.2647086584339477 -0.2826900380088022
vn -0.9219629431602344 0.2647086584339477 -0.2826900380088022
vn -0.9219629431602344 0.2647086584339477 -0.2826900380088022
vn -0.9356952432202257 0.09702959783842542 -0.33920446482668243
vn -0.9356952432202257 0.09702959783842542 -0.33920446482668243
vn -0.9356952432202257 0.09702959783842542 -0.33920446482668243
vn -0.947187851428378 0.05612664006187828 0.3157292738753524
vn -0.947187851428378 0.05612664006187828 0.3157292738753524
vn -0.947187851428378 0.05612664006187828 0.3157292738753524
vn -0.8763620831971085 0.382955617326819 0.29212068446493006
vn -0.8763620831971085 0.382955617326819 0.29212068446493006
vn -0.8763620831971085 0.382955617326819 0.29212068446493006
vn -0.9020939281438081 0.28157103594974164 -0.32702338833830114
vn -0.9020939281438081 0.28157103594974164 -0.32702338833830114
vn -0.9020939281438081 0.28157103594974164 -0.32702338833830114
vn -0.32257627315759013 0.013219714634972535 0.9464511541229846
vn -0.3162176462756997 0.00804241057534047 0.9486525811992471
vn -0.31680031035472955 0.008515112609905163 0.9484540348463851
vn -3.3171266977656964e-7 -3.3997827131311884e-7 0.9999999999998872
vn -3.3171266977656964e-7 -3.3997827131311884e-7 0.9999999999998872
vn -3.3171266977656964e-7 -3.3997827131311884e-7 0.9999999999998872
vn -3.0383965410246363e-7 0.1404492782193986 0.9900878750128989
vn -3.0383965410246363e-7 0.1404492782193986 0.9900878750128989
vn -3.0383965410246363e-7 0.1404492782193986 0.9900878750128989
vn -0.3032138358144788 0.28392723301205053 0.9096409710016315
vn -0.3032138358144788 0.28392723301205053 0.9096409710016315
vn -0.3032138358144788 0.28392723301205053 0.9096409710016315
vn -1.6068615921942585e-7 0.15991042956960055 0.9871315284777606
vn -1.6068615921942585e-7 0.15991042956960055 0.9871315284777606
vn -1.6068615921942585e-7 0.15991042956960055 0.9871315284777606
vn -1.0695328301053848e-7 0.297954249866839 0.9545801511587582
vn 0 0.29795415144431203 0.9545801818795004
vn -6.111325857553592e-8 0.2979543041799757 0.954580134205936
vn -8.292823139299771e-8 0 0.9999999999999967
vn -8.292821007671564e-8 0 0.9999999999999967
vn -8.29281816550062e-8 0 0.9999999999999967
vn -1.6585644857513898e-7 0 0.9999999999999862
vn -8.292823139299771e-8 0 0.9999999999999967
vn -5.223342824933745e-8 0 0.9999999999999987
vn -6.111320807370722e-8 0.2979541514443114 0.9545801818794984
vn -1.0695328301053848e-7 0.297954249866839 0.9545801511587582
vn -1.0695332982903503e-7 0.2979543211328027 0.9545801289144247
vn 0.28245038337454786 0.2858214429782655 0.915711681516291
vn 0.28245038337454786 0.2858214429782655 0.915711681516291
vn 0.28245038337454786 0.2858214429782655 0.915711681516291
vn 0.28582625576222637 -0.0006380888874738287 0.9582812449169179
vn 0.294738213040945 -0.0076758548984075465 0.9555472081613807
vn 0.29395429416356145 -0.007055086567713942 0.955793439345722
vn -8.292821007671564e-8 0 0.9999999999999967
vn -1.6585644857513898e-7 0 0.9999999999999862
vn -1.6585639173172012e-7 0 0.9999999999999862
vn 0.857285428362179 0.14756993749633118 0.4932390980703013
vn 0.857285428362179 0.14756993749633118 0.4932390980703013
vn 0.857285428362179 0.14756993749633118 0.4932390980703013
vn 0.970496233611598 -0.16463663100739362 0.17615856571917832
vn 0.9716878211926603 -0.1572097838496576 0.17637421015501287
vn 0.970260713659599 -0.1660644666133923 0.17611570190410353
vn 0.9716878211926603 -0.1572097838496576 0.17637421015501287
vn 0.970496233611598 -0.16463663100739362 0.17615856571917832
vn 0.971881893319478 -0.15596532296247514 0.1764097601351963
vn 0.863693132767049 -0.08424296700553842 0.4969278568576576
vn 0.863693132767049 -0.08424296700553842 0.4969278568576576
vn 0.863693132767049 -0.08424296700553842 0.4969278568576576
vn 0.9563477536848007 -0.2864447624066705 0.05786511999315111
vn 0.9563477536848007 -0.2864447624066705 0.05786511999315111
vn 0.9563477536848007 -0.2864447624066705 0.05786511999315111
vn 0.9445588289686593 -0.32333029333216473 -0.0571501533776703
vn 0.9445588289686593 -0.32333029333216473 -0.0571501533776703
vn 0.9445588289686593 -0.32333029333216473 -0.0571501533776703
vn 0.994445758634844 -0.08635529509765985 -0.06016972778537236
vn 0.994445758634844 -0.08635529509765985 -0.06016972778537236
vn 0.994445758634844 -0.08635529509765985 -0.06016972778537236
vn 0.9824747927763396 -0.17666267076458642 0.05944394264693376
vn 0.9824747927763396 -0.17666267076458642 0.05944394264693376
vn 0.9824747927763396 -0.17666267076458642 0.05944394264693376
vn 0.9437923389607165 -0.2826828169514247 -0.17130804394268062
vn 0.9437923389607165 -0.2826828169514247 -0.17130804394268062
vn 0.9437923389607165 -0.2826828169514247 -0.17130804394268062
vn 0.8608976967434518 -0.14734701416614523 -0.48697434548253277
vn 0.8608976967434518 -0.14734701416614523 -0.48697434548253277
vn 0.8608976967434518 -0.14734701416614523 -0.48697434548253277
vn 0.8190190290129785 0.301297526967358 -0.4882905183986188
vn 0.8190190290129785 0.301297526967358 -0.4882905183986188
vn 0.8190190290129785 0.301297526967358 -0.4882905183986188
vn 0.9727573555698551 0.15022266729258646 -0.17656805321530658
vn 0.9727573555698551 0.15022266729258646 -0.17656805321530658
vn 0.9727573555698551 0.15022266729258646 -0.17656805321530658
vn 0.6688293740216826 0.20082691088311136 -0.7157763759100401
vn 0.6688293740216826 0.20082691088311136 -0.7157763759100401
vn 0.6688293740216826 0.20082691088311136 -0.7157763759100401
vn 0.413008878665304 0.26247770227874956 -0.8720832081573962
vn 0.4135775179022647 0.2630204908250927 -0.871650077778881
vn 0.4072250290278133 0.25695585349297956 -0.8764368003963496
vn 0.40528017989626564 0.22382885296583885 -0.8863682194005195
vn 0.40528017989626564 0.22382885296583885 -0.8863682194005195
vn 0.40528017989626564 0.22382885296583885 -0.8863682194005195
vn 0.6185991244181195 0.648657863461421 -0.44337128846915713
vn 0.6185991244181195 0.648657863461421 -0.44337128846915713
vn 0.6185991244181195 0.648657863461421 -0.44337128846915713
vn -0.3343883078154664 0.2645328876763752 -0.904547848891316
vn -0.3343883078154664 0.2645328876763752 -0.904547848891316
vn -0.3343883078154664 0.2645328876763752 -0.904547848891316
vn -0.08807650116489098 0.685447804921799 -0.7227750941132643
vn -0.08890655869677844 0.6848854005928326 -0.7232064794202909
vn -0.08797710779750238 0.6855150781246534 -0.7227233953369279
vn -0.11860443163045722 -0.23480812237871898 -0.9647788007945639
vn -0.11860443163045722 -0.23480812237871898 -0.9647788007945639
vn -0.11860443163045722 -0.23480812237871898 -0.9647788007945639
vn -0.386856534177461 -0.20005520052905068 -0.9001777261771613
vn -0.386856534177461 -0.20005520052905068 -0.9001777261771613
vn -0.386856534177461 -0.20005520052905068 -0.9001777261771613
vn 0.11377492330509079 0.6842242349108976 -0.7203419071437658
vn 0.11377492330509079 0.6842242349108976 -0.7203419071437658
vn 0.11377492330509079 0.6842242349108976 -0.7203419071437658
vn -0.6302480154408998 0.22325386294085928 -0.7436028185226246
vn -0.6299445956355229 0.2236735427300663 -0.7437337915626657
vn -0.6300951616554507 0.22346653747222225 -0.7436684704144498
vn -0.6459831866570217 0.032264674322292644 -0.7626694653303722
vn -0.6459831866570217 0.032264674322292644 -0.7626694653303722
vn -0.6459831866570217 0.032264674322292644 -0.7626694653303722
vn 0.15546997327935705 0.08323539974431547 -0.9843276668050736
vn 0.15546997327935705 0.08323539974431547 -0.9843276668050736
vn 0.15546997327935705 0.08323539974431547 -0.9843276668050736
vn -0.9647682849028049 0.15593603162578146 -0.21191061909801434
vn -0.9647682849028049 0.15593603162578146 -0.21191061909801434
vn -0.9647682849028049 0.15593603162578146 -0.21191061909801434
vn -0.9834689312145521 0.17293662996204506 0.05368224429992779
vn -0.9833892145675793 0.17223326540619543 0.05728311234280439
vn -0.9831298542646637 0.17370986855326317 0.05727627100946044
vn -0.9833892145675793 0.17223326540619543 0.05728311234280439
vn -0.9834689312145521 0.17293662996204506 0.05368224429992779
vn -0.983475363171672 0.17202730505895206 0.05641645458996937
vn -0.9720949406739524 0.09716308887464202 -0.2135199299279648
vn -0.9720949406739524 0.09716308887464202 -0.2135199299279648
vn -0.9720949406739524 0.09716308887464202 -0.2135199299279648
vn -0.9552064478386185 0.2953581607261067 0.018552598201320724
vn -0.9552064478386185 0.2953581607261067 0.018552598201320724
vn -0.9552064478386185 0.2953581607261067 0.018552598201320724
vn -0.9427017850260799 0.3331337547104236 -0.018309723678363483
vn -0.9425722594960559 0.3330881853208661 -0.024694056534971073
vn -0.9426810824867186 0.3331267565173635 -0.01946640218143888
vn -0.9843945792314006 0.1749336621872672 -0.019118739853470037
vn -0.9843945792314006 0.1749336621872672 -0.019118739853470037
vn -0.9843945792314006 0.1749336621872672 -0.019118739853470037
vn -0.9804207213363587 0.19599142924112453 0.019041240461567053
vn -0.9804207213363587 0.19599142924112453 0.019041240461567053
vn -0.9804207213363587 0.19599142924112453 0.019041240461567053
vn -0.9538943407533896 0.29495260143447494 -0.055574720743262265
vn -0.9538943407533896 0.29495260143447494 -0.055574720743262265
vn -0.9538943407533896 0.29495260143447494 -0.055574720743262265
vn -0.9551122610050151 0.1697384088010983 0.24279506060782843
vn -0.9549482689849833 0.1687311806281535 0.24413846941113826
vn -0.9549781573585938 0.168910982699163 0.24389710718167157
vn -0.968482186055151 0.027186656271759795 0.24759471120077903
vn -0.968482186055151 0.027186656271759795 0.24759471120077903
vn -0.968482186055151 0.027186656271759795 0.24759471120077903
vn -0.9926967756275996 0.10586847728111819 -0.05783577765314987
vn -0.9926967756275996 0.10586847728111819 -0.05783577765314987
vn -0.9926967756275996 0.10586847728111819 -0.05783577765314987
vn -0.31325835342673075 0.25266871141109826 0.9154385431487079
vn -0.31325835342673075 0.25266871141109826 0.9154385431487079
vn -0.31325835342673075 0.25266871141109826 0.9154385431487079
vn -0.3032140324735929 0.2839275198386893 0.9096408159209621
vn -0.3032140324735929 0.2839275198386893 0.9096408159209621
vn -0.3032140324735929 0.2839275198386893 0.9096408159209621
vn -0.2669680113622098 0.5359865417101893 0.8009035572494722
vn -0.2669680113622098 0.5359865417101893 0.8009035572494722
vn -0.2669680113622098 0.5359865417101893 0.8009035572494722
vn -0.30699139792154534 0.3176842317232413 0.8971248578189044
vn -0.30699139792154534 0.3176842317232413 0.8971248578189044
vn -0.30699139792154534 0.3176842317232413 0.8971248578189044
vn -0.8763621032844289 0.3829558011624825 0.29212038320338596
vn -0.8763621032844289 0.3829558011624825 0.29212038320338596
vn -0.8763621032844289 0.3829558011624825 0.29212038320338596
vn -0.9096408533607858 0.28392732290857847 0.3032141045581968
vn -0.9096408533607858 0.28392732290857847 0.3032141045581968
vn -0.9096408533607858 0.28392732290857847 0.3032141045581968
vn -0.8763621032844289 0.3829558011624825 0.29212038320338596
vn -0.8763623236929332 0.38295486942045254 0.2921209434441264
vn -0.8763623236929332 0.38295486942045254 0.2921209434441264
vn -0.9096411396495458 0.2839275874667859 0.3032129979607835
vn -0.9096408533607858 0.28392732290857847 0.3032141045581968
vn -0.9096411396495458 0.2839275874667859 0.3032129979607835
vn -0.3121037061311654 0.16097460048218812 0.936311088591175
vn -0.3121037061311654 0.16097460048218812 0.936311088591175
vn -0.3121037061311654 0.16097460048218812 0.936311088591175
vn 0.3157871187376233 0.05279194265768658 0.9473602833293244
vn 0.3157871187376233 0.05279194265768658 0.9473602833293244
vn 0.3157871187376233 0.05279194265768658 0.9473602833293244
vn 0.2921207244211678 0.3829542895337302 0.8763626501006122
vn 0.2921207244211678 0.3829542895337302 0.8763626501006122
vn 0.2921207244211678 0.3829542895337302 0.8763626501006122
vn -0.3032138719792329 0.28392741967935264 0.9096409006820142
vn -0.3032138719792329 0.28392741967935264 0.9096409006820142
vn -0.3032138719792329 0.28392741967935264 0.9096409006820142
vn 0.9159950155030382 0.2602427640766035 0.30533069829180015
vn 0.9159950155030382 0.2602427640766035 0.30533069829180015
vn 0.9159950155030382 0.2602427640766035 0.30533069829180015
vn 0.9140206965821883 0.2852938111021675 0.28839834875777637
vn 0.9140206965821883 0.2852938111021675 0.28839834875777637
vn 0.9140206965821883 0.2852938111021675 0.28839834875777637
vn 0.9221875949622788 0.252435556399633 0.2929954429046567
vn 0.9221875949622788 0.252435556399633 0.2929954429046567
vn 0.9221875949622788 0.252435556399633 0.2929954429046567
vn 0.9096408400316175 0.283927359748299 0.3032141100492084
vn 0.9096408400316175 0.283927359748299 0.3032141100492084
vn 0.9096408400316175 0.283927359748299 0.3032141100492084
vn 0.3507883083231488 0.4076095922885634 0.8430907323759019
vn 0.3507883083231488 0.4076095922885634 0.8430907323759019
vn 0.3507883083231488 0.4076095922885634 0.8430907323759019
vn 0.34871797262617643 0.3265369692888255 0.8785040598967986
vn 0.34871797262617643 0.3265369692888255 0.8785040598967986
vn 0.34871797262617643 0.3265369692888255 0.8785040598967986
vn 0.3508588514173934 0.4366110665294528 0.828413449290921
vn 0.3508588514173934 0.4366110665294528 0.828413449290921
vn 0.3508588514173934 0.4366110665294528 0.828413449290921
vn 0.3467264621013073 0.28621800492039334 0.8932301014509645
vn 0.3467264621013073 0.28621800492039334 0.8932301014509645
vn 0.3467264621013073 0.28621800492039334 0.8932301014509645
vn 0.8841952958956767 0.3789560956291853 0.2731134495066849
vn 0.8841952958956767 0.3789560956291853 0.2731134495066849
vn 0.8841952958956767 0.3789560956291853 0.2731134495066849
vn 0.8956414134888272 0.41142027071529946 -0.1689965067339717
vn 0.8956414134888272 0.41142027071529946 -0.1689965067339717
vn 0.8956414134888272 0.41142027071529946 -0.1689965067339717
vn 0.9655928586880365 0.1687517057622441 -0.19787191072256421
vn 0.9655928586880365 0.1687517057622441 -0.19787191072256421
vn 0.9655928586880365 0.1687517057622441 -0.19787191072256421
vn 0.9256565252272304 0.23687847633550663 0.29503997145000344
vn 0.9256565252272304 0.23687847633550663 0.29503997145000344
vn 0.9256565252272304 0.23687847633550663 0.29503997145000344
vn 0.49810704520683935 0.27396208010353007 -0.8226993072688579
vn 0.49810704520683935 0.27396208010353007 -0.8226993072688579
vn 0.49810704520683935 0.27396208010353007 -0.8226993072688579
vn 0.4449374717320336 -0.06381011068832798 -0.893285461665334
vn 0.4449374717320336 -0.06381011068832798 -0.893285461665334
vn 0.4449374717320336 -0.06381011068832798 -0.893285461665334
vn 0.47936810687935666 0.10985985832758287 -0.8707106463315728
vn 0.47936810687935666 0.10985985832758287 -0.8707106463315728
vn 0.47936810687935666 0.10985985832758287 -0.8707106463315728
vn 0.4899140015639606 0.18707789539096367 -0.8514611747623466
vn 0.4899140015639606 0.18707789539096367 -0.8514611747623466
vn 0.4899140015639606 0.18707789539096367 -0.8514611747623466
vn 0.8908723642093482 -0.40053200943549916 -0.2142907839959708
vn 0.8908723642093482 -0.40053200943549916 -0.2142907839959708
vn 0.8908723642093482 -0.40053200943549916 -0.2142907839959708
vn 0.8713000818336246 -0.43788289031216143 0.22157333271083604
vn 0.8713000818336246 -0.43788289031216143 0.22157333271083604
vn 0.8713000818336246 -0.43788289031216143 0.22157333271083604
vn 0.9564650916640757 -0.1911590926611488 0.22052829687139433
vn 0.9564650916640757 -0.1911590926611488 0.22052829687139433
vn 0.9564650916640757 -0.1911590926611488 0.22052829687139433
vn 0.9343522797853301 -0.2827271226323876 -0.21691286588851083
vn 0.9343522797853301 -0.2827271226323876 -0.21691286588851083
vn 0.9343522797853301 -0.2827271226323876 -0.21691286588851083
vn 0.3981436331430837 -0.18267864624081867 0.8989494755520175
vn 0.3981436331430837 -0.18267864624081867 0.8989494755520175
vn 0.3981436331430837 -0.18267864624081867 0.8989494755520175
vn 0.40810545610862864 -0.1230150068529648 0.9046088905064626
vn 0.40810545610862864 -0.1230150068529648 0.9046088905064626
vn 0.40810545610862864 -0.1230150068529648 0.9046088905064626
vn 0.5634410922891605 0.37979149451248123 0.7336842346786345
vn 0.5634410922891605 0.37979149451248123 0.7336842346786345
vn 0.5634410922891605 0.37979149451248123 0.7336842346786345
vn 0.5149528789662084 0.24886869463109862 0.8202974492688773
vn 0.5149528789662084 0.24886869463109862 0.8202974492688773
vn 0.5149528789662084 0.24886869463109862 0.8202974492688773
vn 0.9687602222334205 -0.08266843092747711 0.2338152312109777
vn 0.9687602222334205 -0.08266843092747711 0.2338152312109777
vn 0.9687602222334205 -0.08266843092747711 0.2338152312109777
vn 0.9613520602298158 3.4717178113263044e-7 -0.2753220228964039
vn 0.9613520602298158 3.4717178113263044e-7 -0.2753220228964039
vn 0.9613520602298158 3.4717178113263044e-7 -0.2753220228964039
vn 0.9168277045853486 0.2835693851190219 -0.2810967163237248
vn 0.9168277045853486 0.2835693851190219 -0.2810967163237248
vn 0.9168277045853486 0.2835693851190219 -0.2810967163237248
vn 0.9655016148861962 0.22003978814478345 0.1392448321674662
vn 0.9655016148861962 0.22003978814478345 0.1392448321674662
vn 0.9655016148861962 0.22003978814478345 0.1392448321674662
vn 0.42451184643600964 0.18394224395218098 -0.886540999122616
vn 0.42451184643600964 0.18394224395218098 -0.886540999122616
vn 0.42451184643600964 0.18394224395218098 -0.886540999122616
vn 0.15932404058889066 0.2294101878325891 -0.9602014454316583
vn 0.15932404058889066 0.2294101878325891 -0.9602014454316583
vn 0.15932404058889066 0.2294101878325891 -0.9602014454316583
vn 0.1538957765636306 0.3407125983157505 -0.9274863962909684
vn 0.1538957765636306 0.3407125983157505 -0.9274863962909684
vn 0.1538957765636306 0.3407125983157505 -0.9274863962909684
vn 0.41434390582445935 0.2820690155065669 -0.8653069965031415
vn 0.41434390582445935 0.2820690155065669 -0.8653069965031415
vn 0.41434390582445935 0.2820690155065669 -0.8653069965031415
vn 0.05921615679766541 0.2701863953462437 -0.9609853061019809
vn 0.05921615679766541 0.2701863953462437 -0.9609853061019809
vn 0.05921615679766541 0.2701863953462437 -0.9609853061019809
vn -0.3738089651913993 0.2643410073535554 -0.8890391945093551
vn -0.3738089651913993 0.2643410073535554 -0.8890391945093551
vn -0.3738089651913993 0.2643410073535554 -0.8890391945093551
vn -0.35941796179944824 0.37432085098276685 -0.8548114583084785
vn -0.35941796179944824 0.37432085098276685 -0.8548114583084785
vn -0.35941796179944824 0.37432085098276685 -0.8548114583084785
vn 0.057261589747563325 0.3649438012924024 -0.9292669865210069
vn 0.057261589747563325 0.3649438012924024 -0.9292669865210069
vn 0.057261589747563325 0.3649438012924024 -0.9292669865210069
vn -0.9506325817024177 0.18217999621355013 -0.2512133427695013
vn -0.9516017451545802 0.17668312815051618 -0.25147005954130164
vn -0.9504761694836291 0.18305289743355743 -0.2511706351962884
vn -0.9874408847757137 0.15793902229247786 0.003970429529920625
vn -0.9885817006771417 0.15010515192408816 0.013216067952932278
vn -0.9884908863874917 0.15076842099484514 0.012435865856143476
vn -0.9599741460904089 0.27900927571795775 0.024565481907156437
vn -0.9599741460904089 0.27900927571795775 0.024565481907156437
vn -0.9599741460904089 0.27900927571795775 0.024565481907156437
vn -0.9516017451545802 0.17668312815051618 -0.25147005954130164
vn -0.9506325817024177 0.18217999621355013 -0.2512133427695013
vn -0.9517739171859511 0.1756916487249093 -0.2515131311340099
vn -0.9864130456284567 0.15750491902167651 0.046706572320899864
vn -0.9864130456284567 0.15750491902167651 0.046706572320899864
vn -0.9864130456284567 0.15750491902167651 0.046706572320899864
vn -0.9103605285642073 0.17253997407546443 0.37612985175114094
vn -0.9103605285642073 0.17253997407546443 0.37612985175114094
vn -0.9103605285642073 0.17253997407546443 0.37612985175114094
vn -0.8787793458289189 0.2578815800570925 0.40155192940858164
vn -0.8787793458289189 0.2578815800570925 0.40155192940858164
vn -0.8787793458289189 0.2578815800570925 0.40155192940858164
vn -0.9810145962913775 0.18593110257321124 0.055136076748126185
vn -0.9810145962913775 0.18593110257321124 0.055136076748126185
vn -0.9810145962913775 0.18593110257321124 0.055136076748126185
vn -0.29943391594108154 0.11577183312559747 0.9470671637423229
vn -0.29943391594108154 0.11577183312559747 0.9470671637423229
vn -0.29943391594108154 0.11577183312559747 0.9470671637423229
vn 0.5772632444219548 0 0.816558109775072
vn 0.5772632444219548 0 0.816558109775072
vn 0.5772632444219548 0 0.816558109775072
vn 0.5517796143080521 -0.2938428151283598 0.7805098700410505
vn 0.5517796143080521 -0.2938428151283598 0.7805098700410505
vn 0.5517796143080521 -0.2938428151283598 0.7805098700410505
vn -0.28572477614274205 0.1933285060604537 0.9386082468434918
vn -0.28572477614274205 0.1933285060604537 0.9386082468434918
vn -0.28572477614274205 0.1933285060604537 0.9386082468434918
vn -3.174945443400925e-7 0.48633938456468656 0.8737699943469912
vn -2.2946668293994236e-7 0.4863392201403751 0.8737700858653832
vn -1.5874727447094187e-7 0.48633936181140774 0.8737700070114832
vn -0.4858090593257539 0.42509245992793543 0.7637316010153323
vn -0.4858090593257539 0.42509245992793543 0.7637316010153323
vn -0.4858090593257539 0.42509245992793543 0.7637316010153323
vn -0.49594563654915635 0.05735941278570794 0.8664570522263241
vn -0.49594563654915635 0.05735941278570794 0.8664570522263241
vn -0.49594563654915635 0.05735941278570794 0.8664570522263241
vn -2.0705054011055256e-7 -0.35233403996437457 0.9358743100878127
vn -3.558544170268913e-7 -0.3523339094509358 0.9358743592229104
vn -1.4880388074483914e-7 -0.3523340596184366 0.9358743026885447
vn 0.8630651246270777 0.019353796346646607 0.5047217265181071
vn 0.8630651246270777 0.019353796346646607 0.5047217265181071
vn 0.8630651246270777 0.019353796346646607 0.5047217265181071
vn 0.9767847608265882 0.07452493123625399 0.2008421410988654
vn 0.9767847608265882 0.07452493123625399 0.2008421410988654
vn 0.9767847608265882 0.07452493123625399 0.2008421410988654
vn 0.9049276441172664 0.3301308951219092 0.26855083503571725
vn 0.9049276441172664 0.3301308951219092 0.26855083503571725
vn 0.9049276441172664 0.3301308951219092 0.26855083503571725
vn 0.7867427513358808 0.25737407950940744 0.5610654386229235
vn 0.7867427513358808 0.25737407950940744 0.5610654386229235
vn 0.7867427513358808 0.25737407950940744 0.5610654386229235
vn 0.990737511641499 0.11509012644275599 0.07206556613113584
vn 0.990737511641499 0.11509012644275599 0.07206556613113584
vn 0.990737511641499 0.11509012644275599 0.07206556613113584
vn 0.9279890476405421 0.11808381745568755 -0.3534013858409318
vn 0.9279890476405421 0.11808381745568755 -0.3534013858409318
vn 0.9279890476405421 0.11808381745568755 -0.3534013858409318
vn 0.8678619620660287 0.3709201753042174 -0.33050542862590276
vn 0.8678619620660287 0.3709201753042174 -0.33050542862590276
vn 0.8678619620660287 0.3709201753042174 -0.33050542862590276
vn 0.932268650841289 0.34955095183686563 0.09321638658789548
vn 0.932268650841289 0.34955095183686563 0.09321638658789548
vn 0.932268650841289 0.34955095183686563 0.09321638658789548
vn 0.9341937052493402 0.32689168170793637 -0.14291238400735753
vn 0.9341937052493402 0.32689168170793637 -0.14291238400735753
vn 0.9341937052493402 0.32689168170793637 -0.14291238400735753
vn 0.8661084069600202 0.2761680558142507 -0.4166382511735486
vn 0.8661084069600202 0.2761680558142507 -0.4166382511735486
vn 0.8661084069600202 0.2761680558142507 -0.4166382511735486
vn 0.8755908957031854 0.0962751331539119 -0.47336210462804257
vn 0.8755908957031854 0.0962751331539119 -0.47336210462804257
vn 0.8755908957031854 0.0962751331539119 -0.47336210462804257
vn 0.8968403685490417 0.4280213296336695 -0.11169196354010723
vn 0.8968403685490417 0.4280213296336695 -0.11169196354010723
vn 0.8968403685490417 0.4280213296336695 -0.11169196354010723
vn -0.2462464278344908 0.15714808381825338 -0.9563823380484419
vn -0.2462464278344908 0.15714808381825338 -0.9563823380484419
vn -0.2462464278344908 0.15714808381825338 -0.9563823380484419
vn -0.04624388867938164 0.4190496879194865 -0.9067849038302248
vn -0.04624388867938164 0.4190496879194865 -0.9067849038302248
vn -0.04624388867938164 0.4190496879194865 -0.9067849038302248
vn -0.050488948305802576 -0.1315406845471813 -0.9900241989001243
vn -0.04042883918959708 -0.13160130240203596 -0.9904779685423949
vn -0.047949243203701725 -0.1315569920771418 -0.990148285819759
vn -0.27327348039084914 -0.10854801588358355 -0.9557923064990687
vn -0.27327348039084914 -0.10854801588358355 -0.9557923064990687
vn -0.27327348039084914 -0.10854801588358355 -0.9557923064990687
vn 0.32711955896268097 0.3800480662766497 -0.8651914594258547
vn 0.32711955896268097 0.3800480662766497 -0.8651914594258547
vn 0.32711955896268097 0.3800480662766497 -0.8651914594258547
vn -0.4776304935350934 0.08000945258153142 -0.8749100520299368
vn -0.4776304935350934 0.08000945258153142 -0.8749100520299368
vn -0.4776304935350934 0.08000945258153142 -0.8749100520299368
vn -0.47916152096043413 0.0046927648570681615 -0.877714198807835
vn -0.47916152096043413 0.0046927648570681615 -0.877714198807835
vn -0.47916152096043413 0.0046927648570681615 -0.877714198807835
vn 0.3527369715103411 0.07201497834144259 -0.9329471966966804
vn 0.3527369715103411 0.07201497834144259 -0.9329471966966804
vn 0.3527369715103411 0.07201497834144259 -0.9329471966966804
vn -0.9658337860016483 -0.015028686307044117 -0.2587261803637326
vn -0.9658337860016483 -0.015028686307044117 -0.2587261803637326
vn -0.9658337860016483 -0.015028686307044117 -0.2587261803637326
vn -0.9956393045738223 -0.08636015483477985 0.035274620404312416
vn -0.9956393045738223 -0.08636015483477985 0.035274620404312416
vn -0.9956393045738223 -0.08636015483477985 0.035274620404312416
vn -0.9837752108888443 -0.175987365085094 0.034853719615211
vn -0.9837752108888443 -0.175987365085094 0.034853719615211
vn -0.9837752108888443 -0.175987365085094 0.034853719615211
vn -0.9612682420203641 -0.09826323347548964 -0.25750282295543875
vn -0.9612682420203641 -0.09826323347548964 -0.25750282295543875
vn -0.9612682420203641 -0.09826323347548964 -0.25750282295543875
vn -0.988607412988585 -0.15006351567675336 0.011675797478118689
vn -0.988607412988585 -0.15006351567675336 0.011675797478118689
vn -0.988607412988585 -0.15006351567675336 0.011675797478118689
vn -0.9849492590427378 -0.17086648847058633 -0.026069143232809965
vn -0.9849492590427378 -0.17086648847058633 -0.026069143232809965
vn -0.9849492590427378 -0.17086648847058633 -0.026069143232809965
vn -0.9922484185333554 -0.12229777169794355 -0.022052912636948457
vn -0.9922484185333554 -0.12229777169794355 -0.022052912636948457
vn -0.9922484185333554 -0.12229777169794355 -0.022052912636948457
vn -0.9796685833058858 -0.2002887954459096 0.011570017383966666
vn -0.9796685833058858 -0.2002887954459096 0.011570017383966666
vn -0.9796685833058858 -0.2002887954459096 0.011570017383966666
vn -0.9851778359286252 -0.15469733764019666 -0.074117240383233
vn -0.9851778359286252 -0.15469733764019666 -0.074117240383233
vn -0.9851778359286252 -0.15469733764019666 -0.074117240383233
vn -0.965088792460968 -0.09658242988368285 0.24346551481471482
vn -0.965088792460968 -0.09658242988368285 0.24346551481471482
vn -0.965088792460968 -0.09658242988368285 0.24346551481471482
vn -0.9317588244575494 0.1662735093753739 0.3227671190277647
vn -0.9317588244575494 0.1662735093753739 0.3227671190277647
vn -0.9317588244575494 0.1662735093753739 0.3227671190277647
vn -0.999055585820001 0.0342724665895722 -0.02670832221839452
vn -0.999055585820001 0.0342724665895722 -0.02670832221839452
vn -0.999055585820001 0.0342724665895722 -0.02670832221839452
vn -0.32169092360317236 -0.00909760892396279 0.946801026184068
vn -0.32169092360317236 -0.00909760892396279 0.946801026184068
vn -0.32169092360317236 -0.00909760892396279 0.946801026184068
vn 0.3317235369218033 -0.27005329394386174 0.9038975127093553
vn 0.3317235369218033 -0.27005329394386174 0.9038975127093553
vn 0.3317235369218033 -0.27005329394386174 0.9038975127093553
vn 0.28313938676004874 0.2366837982679876 0.929415336274683
vn 0.28313938676004874 0.2366837982679876 0.929415336274683
vn 0.28313938676004874 0.2366837982679876 0.929415336274683
vn -0.29807159633241864 0.17325192638783368 0.9386890291586176
vn -0.29807159633241864 0.17325192638783368 0.9386890291586176
vn -0.29807159633241864 0.17325192638783368 0.9386890291586176
vn 0.9290477512595898 0.1195849013434573 0.3500995961868206
vn 0.9290477512595898 0.1195849013434573 0.3500995961868206
vn 0.9290477512595898 0.1195849013434573 0.3500995961868206
vn 0.8714463004145612 0.21373480287150426 0.4414734188320441
vn 0.8714463004145612 0.21373480287150426 0.4414734188320441
vn 0.8714463004145612 0.21373480287150426 0.4414734188320441
vn 0.8358470965456387 0.31668975049075365 0.44840521086438095
vn 0.8358470965456387 0.31668975049075365 0.44840521086438095
vn 0.8358470965456387 0.31668975049075365 0.44840521086438095
vn 0.9112615895129315 0.18696052738851984 0.3669442419182678
vn 0.9112615895129315 0.18696052738851984 0.3669442419182678
vn 0.9112615895129315 0.18696052738851984 0.3669442419182678
vn 0.2706850193636431 0.24516821111810613 0.9309254366216726
vn 0.2706850193636431 0.24516821111810613 0.9309254366216726
vn 0.2706850193636431 0.24516821111810613 0.9309254366216726
vn 0.2826874576641858 0.20646944119702365 0.9367273728952027
vn 0.2826874576641858 0.20646944119702365 0.9367273728952027
vn 0.2826874576641858 0.20646944119702365 0.9367273728952027
vn 0.3255657803880635 0.5205898804500267 0.7892991188474353
vn 0.32593544043393285 0.5202258025871491 0.78938659919693
vn 0.32041485055042535 0.5256476067173677 0.7880538795660181
vn 0.2864022505360974 0.5181612882315484 0.8059048518690534
vn 0.2864022505360974 0.5181612882315484 0.8059048518690534
vn 0.2864022505360974 0.5181612882315484 0.8059048518690534
vn 0.8408491663164829 0.42838442532480925 0.3308465862662156
vn 0.8408491663164829 0.42838442532480925 0.3308465862662156
vn 0.8408491663164829 0.42838442532480925 0.3308465862662156
vn 0.9668815339862817 0.24770746157426404 -0.06149075309970844
vn 0.9668815339862817 0.24770746157426404 -0.06149075309970844
vn 0.9668815339862817 0.24770746157426404 -0.06149075309970844
vn 0.793470706928135 0.6083602649268416 -0.017378875254418485
vn 0.793470706928135 0.6083602649268416 -0.017378875254418485
vn 0.793470706928135 0.6083602649268416 -0.017378875254418485
vn 0.7334747693587571 0.6282465868170053 0.2594628853360365
vn 0.7334747693587571 0.6282465868170053 0.2594628853360365
vn 0.7334747693587571 0.6282465868170053 0.2594628853360365
vn 0.4774028861549642 0.6359115115962399 0.6063852189081588
vn 0.4774028861549642 0.6359115115962399 0.6063852189081588
vn 0.4774028861549642 0.6359115115962399 0.6063852189081588
vn 0.3328464949653772 0.5409918467068363 0.7723606881412272
vn 0.3328464949653772 0.5409918467068363 0.7723606881412272
vn 0.3328464949653772 0.5409918467068363 0.7723606881412272
vn 0.3380588389210677 0.2677691418953819 0.9022283015268089
vn 0.3380588389210677 0.2677691418953819 0.9022283015268089
vn 0.3380588389210677 0.2677691418953819 0.9022283015268089
vn 0.39194131267583926 0.21698845968007854 0.8940346837699346
vn 0.40080239605428164 0.21608630784634775 0.8903168800368105
vn 0.39301038730542 0.2168808914009182 0.8935913576211372
vn 0.9564993004406742 -0.18104023517694753 0.22876521043108033
vn 0.9564993004406742 -0.18104023517694753 0.22876521043108033
vn 0.9564993004406742 -0.18104023517694753 0.22876521043108033
vn 0.8670496419618496 -0.2406205853786432 -0.43626442929245024
vn 0.8670496419618496 -0.2406205853786432 -0.43626442929245024
vn 0.8670496419618496 -0.2406205853786432 -0.43626442929245024
vn 0.9432214966185153 0.3071581187374269 -0.1264400981113692
vn 0.9432214966185153 0.3071581187374269 -0.1264400981113692
vn 0.9432214966185153 0.3071581187374269 -0.1264400981113692
vn 0.8939087692827721 0.20367956849450408 0.3993015722198605
vn 0.8939087692827721 0.20367956849450408 0.3993015722198605
vn 0.8939087692827721 0.20367956849450408 0.3993015722198605
vn 0.33089485796995943 0.06013222417179638 -0.9417498120972435
vn 0.3263117219401479 0.057926856980142945 -0.9434856328343625
vn 0.3271758230202145 0.05834266120678447 -0.943160704606779
vn 0 0.06417174624319381 -0.9979388693622968
vn 0 0.06417174624319381 -0.9979388693622968
vn 0 0.06417174624319381 -0.9979388693622968
vn 0.002293708912184818 0.2635817464728431 -0.9646343358111156
vn 0.01131111976320256 0.2612532836916173 -0.9652040096943494
vn 0.0017646967465208688 0.26372758146134745 -0.9645955881207114
vn 0.3515815703711178 0.24880061823215507 -0.9024902502202871
vn 0.3515815703711178 0.24880061823215507 -0.9024902502202871
vn 0.3515815703711178 0.24880061823215507 -0.9024902502202871
vn 1.4525391521250103e-7 0.05617753196671394 -0.9984207955076396
vn -0.010386547220430104 0.056174022007695286 -0.9983669660442079
vn -0.0023419927836992186 0.05617778420692113 -0.9984180345082924
vn -0.30386140669818845 0.030616078250962946 -0.9522241864560725
vn -0.30386140669818845 0.030616078250962946 -0.9522241864560725
vn -0.30386140669818845 0.030616078250962946 -0.9522241864560725
vn -0.28806568160187623 0.3195347264733311 -0.9027268256016656
vn -0.28806568160187623 0.3195347264733311 -0.9027268256016656
vn -0.28806568160187623 0.3195347264733311 -0.9027268256016656
vn 4.589583294136927e-7 0.24861588512737925 -0.9686021586090542
vn 4.589583294136927e-7 0.24861588512737925 -0.9686021586090542
vn 4.589583294136927e-7 0.24861588512737925 -0.9686021586090542
vn -0.9020210124324548 0.011378690120776533 -0.43154213993706886
vn -0.9060208919250382 0.006489645311304288 -0.4231832084323429
vn -0.905279015567781 0.007405723708154937 -0.4247529390469097
vn -0.9184767609134621 0.012522672428855542 -0.39527664026243015
vn -0.9184767609134621 0.012522672428855542 -0.39527664026243015
vn -0.9184767609134621 0.012522672428855542 -0.39527664026243015
vn -0.739065133111611 0.5938144027509336 -0.31806789228758836
vn -0.739065133111611 0.5938144027509336 -0.31806789228758836
vn -0.739065133111611 0.5938144027509336 -0.31806789228758836
vn -0.861455795785792 0.30983230386611665 -0.4023653257775601
vn -0.861455795785792 0.30983230386611665 -0.4023653257775601
vn -0.861455795785792 0.30983230386611665 -0.4023653257775601
vn -0.9832754056703324 -0.17821854210799473 -0.03751836687203164
vn -0.9829190407332978 -0.18108053567896337 -0.03286333765997071
vn -0.9830750427070534 -0.17986449965364 -0.034816981070606684
vn -0.7665591268953829 -0.13860844540512787 0.6270365251209548
vn -0.7665591268953829 -0.13860844540512787 0.6270365251209548
vn -0.7665591268953829 -0.13860844540512787 0.6270365251209548
vn -0.6909759620563513 0.45065653192837757 0.5652087314351991
vn -0.6909759620563513 0.45065653192837757 0.5652087314351991
vn -0.6909759620563513 0.45065653192837757 0.5652087314351991
vn -0.779301117561588 0.626048096614747 -0.027450845020005152
vn -0.7800266564867153 0.6252025341595532 -0.02608076783050422
vn -0.7795949696617658 0.6257063245380017 -0.026893841510933065
vn -0.27754012365986064 0.17854401865357608 0.9439774961098917
vn -0.27754012365986064 0.17854401865357608 0.9439774961098917
vn -0.27754012365986064 0.17854401865357608 0.9439774961098917
vn 0.2904835931207444 0.17817145535718737 0.9401458475276927
vn 0.2904835931207444 0.17817145535718737 0.9401458475276927
vn 0.2904835931207444 0.17817145535718737 0.9401458475276927
vn 0.28985079311274514 0.3410524332385394 0.894242559663755
vn 0.28985079311274514 0.3410524332385394 0.894242559663755
vn 0.28985079311274514 0.3410524332385394 0.894242559663755
vn -0.27195497734386026 0.26542692778356813 0.9249805599607361
vn -0.27195497734386026 0.26542692778356813 0.9249805599607361
vn -0.27195497734386026 0.26542692778356813 0.9249805599607361
vn 0.9380927463235613 0.1395217832422847 0.3170420654992195
vn 0.9380927463235613 0.1395217832422847 0.3170420654992195
vn 0.9380927463235613 0.1395217832422847 0.3170420654992195
vn 0.9457324692835624 0.23377679180457223 0.2256956095194976
vn 0.9457324692835624 0.23377679180457223 0.2256956095194976
vn 0.9457324692835624 0.23377679180457223 0.2256956095194976
vn 0.9337680254770848 0.2989484342528235 0.19674122154345677
vn 0.9337680254770848 0.2989484342528235 0.19674122154345677
vn 0.9337680254770848 0.2989484342528235 0.19674122154345677
vn 0.9251589956375372 0.2550489058404883 0.2811243291152748
vn 0.9251589956375372 0.2550489058404883 0.2811243291152748
vn 0.9251589956375372 0.2550489058404883 0.2811243291152748
f 1/1/1 2/2/2 3/3/3
f 4/4/4 5/5/5 6/6/6
f 7/7/7 8/8/8 9/9/9
f 10/10/10 11/11/11 12/12/12
f 13/13/13 14/14/14 15/15/15
f 16/16/16 17/17/17 18/18/18
f 19/19/19 20/20/20 21/21/21
f 22/22/22 23/23/23 24/24/24
f 25/25/25 26/26/26 27/27/27
f 28/28/28 29/29/29 30/30/30
f 31/31/31 32/32/32 33/33/33
f 34/34/34 35/35/35 36/36/36
f 37/37/37 38/38/38 39/39/39
f 40/40/40 41/41/41 42/42/42
f 43/43/43 44/44/44 45/45/45
f 46/46/46 47/47/47 48/48/48
f 49/49/49 50/50/50 51/51/51
f 52/52/52 53/53/53 54/54/54
f 55/55/55 56/56/56 57/57/57
f 58/58/58 59/59/59 60/60/60
f 61/61/61 62/62/62 63/63/63
f 64/64/64 65/65/65 66/66/66
f 67/67/67 68/68/68 69/69/69
f 70/70/70 71/71/71 72/72/72
f 73/73/73 74/74/74 75/75/75
f 76/76/76 77/77/77 78/78/78
f 79/79/79 80/80/80 81/81/81
f 82/82/82 83/83/83 84/84/84
f 85/85/85 86/86/86 87/87/87
f 88/88/88 89/89/89 90/90/90
f 91/91/91 92/92/92 93/93/93
f 94/94/94 95/95/95 96/96/96
f 97/97/97 98/98/98 99/99/99
f 100/100/100 101/101/101 102/102/102
f 103/103/103 104/104/104 105/105/105
f 106/106/106 107/107/107 108/108/108
f 109/109/109 110/110/110 111/111/111
f 112/112/112 113/113/113 114/114/114
f 115/115/115 116/116/116 117/117/117
f 118/118/118 119/119/119 120/120/120
f 121/121/121 122/122/122 123/123/123
f 124/124/124 125/125/125 126/126/126
f 127/127/127 128/128/128 129/129/129
f 130/130/130 131/131/131 132/132/132
f 133/133/133 134/134/134 135/135/135
f 136/136/136 137/137/137 138/138/138
f 139/139/139 140/140/140 141/141/141
f 142/142/142 143/143/143 144/144/144
f 145/145/145 146/146/146 147/147/147
f 148/148/148 149/149/149 150/150/150
f 151/151/151 152/152/152 153/153/153
f 154/154/154 155/155/155 156/156/156
f 157/157/157 158/158/158 159/159/159
f 160/160/160 161/161/161 162/162/162
f 163/163/163 164/164/164 165/165/165
f 166/166/166 167/167/167 168/168/168
f 169/169/169 170/170/170 171/171/171
f 172/172/172 173/173/173 174/174/174
f 175/175/175 176/176/176 177/177/177
f 178/178/178 179/179/179 180/180/180
f 181/181/181 182/182/182 183/183/183
f 184/184/184 185/185/185 186/186/186
f 187/187/187 188/188/188 189/189/189
f 190/190/190 191/191/191 192/192/192
f 193/193/193 194/194/194 195/195/195
f 196/196/196 197/197/197 198/198/198
f 199/199/199 200/200/200 201/201/201
f 202/202/202 203/203/203 204/204/204
f 205/205/205 206/206/206 207/207/207
f 208/208/208 209/209/209 210/210/210
f 211/211/211 212/212/212 213/213/213
f 214/214/214 215/215/215 216/216/216
f 217/217/217 218/218/218 219/219/219
f 220/220/220 221/221/221 222/222/222
f 223/223/223 224/224/224 225/225/225
f 226/226/226 227/227/227 228/228/228
f 229/229/229 230/230/230 231/231/231
f 232/232/232 233/233/233 234/234/234
f 235/235/235 236/236/236 237/237/237
f 238/238/238 239/239/239 240/240/240
f 241/241/241 242/242/242 243/243/243
f 244/244/244 245/245/245 246/246/246
f 247/247/247 248/248/248 249/249/249
f 250/250/250 251/251/251 252/252/252
f 253/253/253 254/254/254 255/255/255
f 256/256/256 257/257/257 258/258/258
f 259/259/259 260/260/260 261/261/261
f 262/262/262 263/263/263 264/264/264
f 265/265/265 266/266/266 267/267/267
f 268/268/268 269/269/269 270/270/270
f 271/271/271 272/272/272 273/273/273
f 274/274/274 275/275/275 276/276/276
f 277/277/277 278/278/278 279/279/279
f 280/280/280 281/281/281 282/282/282
f 283/283/283 284/284/284 285/285/285
f 286/286/286 287/287/287 288/288/288
f 289/289/289 290/290/290 291/291/291
f 292/292/292 293/293/293 294/294/294
f 295/295/295 296/296/296 297/297/297
f 298/298/298 299/299/299 300/300/300
f 301/301/301 302/302/302 303/303/303
f 304/304/304 305/305/305 306/306/306
f 307/307/307 308/308/308 309/309/309
f 310/310/310 311/311/311 312/312/312
f 313/313/313 314/314/314 315/315/315
f 316/316/316 317/317/317 318/318/318
f 319/319/319 320/320/320 321/321/321
f 322/322/322 323/323/323 324/324/324
f 325/325/325 326/326/326 327/327/327
f 328/328/328 329/329/329 330/330/330
f 331/331/331 332/332/332 333/333/333
f 334/334/334 335/335/335 336/336/336
f 337/337/337 338/338/338 339/339/339
f 340/340/340 341/341/341 342/342/342
f 343/343/343 344/344/344 345/345/345
f 346/346/346 347/347/347 348/348/348
f 349/349/349 350/350/350 351/351/351
f 352/352/352 353/353/353 354/354/354
f 355/355/355 356/356/356 357/357/357
f 358/358/358 359/359/359 360/360/360
f 361/361/361 362/362/362 363/363/363
f 364/364/364 365/365/365 366/366/366
f 367/367/367 368/368/368 369/369/369
f 370/370/370 371/371/371 372/372/372
f 373/373/373 374/374/374 375/375/375
f 376/376/376 377/377/377 378/378/378
f 379/379/379 380/380/380 381/381/381
f 382/382/382 383/383/383 384/384/384
f 385/385/385 386/386/386 387/387/387
f 388/388/388 389/389/389 390/390/390
f 391/391/391 392/392/392 393/393/393
f 394/394/394 395/395/395 396/396/396
f 397/397/397 398/398/398 399/399/399
f 400/400/400 401/401/401 402/402/402
f 403/403/403 404/404/404 405/405/405
f 406/406/406 407/407/407 408/408/408
f 409/409/409 410/410/410 411/411/411
f 412/412/412 413/413/413 414/414/414
f 415/415/415 416/416/416 417/417/417
f 418/418/418 419/419/419 420/420/420
f 421/421/421 422/422/422 423/423/423
f 424/424/424 425/425/425 426/426/426
f 427/427/427 428/428/428 429/429/429
f 430/430/430 431/431/431 432/432/432
f 433/433/433 434/434/434 435/435/435
f 436/436/436 437/437/437 438/438/438
f 439/439/439 440/440/440 441/441/441
f 442/442/442 443/443/443 444/444/444
f 445/445/445 446/446/446 447/447/447
f 448/448/448 449/449/449 450/450/450
f 451/451/451 452/452/452 453/453/453
f 454/454/454 455/455/455 456/456/456
f 457/457/457 458/458/458 459/459/459
f 460/460/460 461/461/461 462/462/462
f 463/463/463 464/464/464 465/465/465
f 466/466/466 467/467/467 468/468/468
f 469/469/469 470/470/470 471/471/471
f 472/472/472 473/473/473 474/474/474
f 475/475/475 476/476/476 477/477/477
f 478/478/478 479/479/479 480/480/480
f 481/481/481 482/482/482 483/483/483
f 484/484/484 485/485/485 486/486/486
f 487/487/487 488/488/488 489/489/489
f 490/490/490 491/491/491 492/492/492
f 493/493/493 494/494/494 495/495/495
f 496/496/496 497/497/497 498/498/498
f 499/499/499 500/500/500 501/501/501
f 502/502/502 503/503/503 504/504/504
f 505/505/505 506/506/506 507/507/507
f 508/508/508 509/509/509 510/510/510
f 511/511/511 512/512/512 513/513/513
f 514/514/514 515/515/515 516/516/516
f 517/517/517 518/518/518 519/519/519
f 520/520/520 521/521/521 522/522/522
f 523/523/523 524/524/524 525/525/525
f 526/526/526 527/527/527 528/528/528
f 529/529/529 530/530/530 531/531/531
f 532/532/532 533/533/533 534/534/534
f 535/535/535 536/536/536 537/537/537
f 538/538/538 539/539/539 540/540/540
f 541/541/541 542/542/542 543/543/543
f 544/544/544 545/545/545 546/546/546
f 547/547/547 548/548/548 549/549/549
f 550/550/550 551/551/551 552/552/552
f 553/553/553 554/554/554 555/555/555
f 556/556/556 557/557/557 558/558/558
f 559/559/559 560/560/560 561/561/561
f 562/562/562 563/563/563 564/564/564
f 565/565/565 566/566/566 567/567/567
f 568/568/568 569/569/569 570/570/570
f 571/571/571 572/572/572 573/573/573
f 574/574/574 575/575/575 576/576/576
f 577/577/577 578/578/578 579/579/579
f 580/580/580 581/581/581 582/582/582
f 583/583/583 584/584/584 585/585/585
f 586/586/586 587/587/587 588/588/588
f 589/589/589 590/590/590 591/591/591
f 592/592/592 593/593/593 594/594/594
f 595/595/595 596/596/596 597/597/597
f 598/598/598 599/599/599 600/600/600
f 601/601/601 602/602/602 603/603/603
f 604/604/604 605/605/605 606/606/606
f 607/607/607 608/608/608 609/609/609
f 610/610/610 611/611/611 612/612/612
f 613/613/613 614/614/614 615/615/615
f 616/616/616 617/617/617 618/618/618
f 619/619/619 620/620/620 621/621/621
f 622/622/622 623/623/623 624/624/624
f 625/625/625 626/626/626 627/627/627
f 628/628/628 629/629/629 630/630/630
f 631/631/631 632/632/632 633/633/633
f 634/634/634 635/635/635 636/636/636
f 637/637/637 638/638/638 639/639/639
f 640/640/640 641/641/641 642/642/642
f 643/643/643 644/644/644 645/645/645
f 646/646/646 647/647/647 648/648/648
f 649/649/649 650/650/650 651/651/651
f 652/652/652 653/653/653 654/654/654
f 655/655/655 656/656/656 657/657/657
f 658/658/658 659/659/659 660/660/660
f 661/661/661 662/662/662 663/663/663
f 664/664/664 665/665/665 666/666/666
f 667/667/667 668/668/668 669/669/669
f 670/670/670 671/671/671 672/672/672
f 673/673/673 674/674/674 675/675/675
f 676/676/676 677/677/677 678/678/678
f 679/679/679 680/680/680 681/681/681
f 682/682/682 683/683/683 684/684/684
f 685/685/685 686/686/686 687/687/687
f 688/688/688 689/689/689 690/690/690
f 691/691/691 692/692/692 693/693/693
f 694/694/694 695/695/695 696/696/696
f 697/697/697 698/698/698 699/699/699
f 700/700/700 701/701/701 702/702/702
f 703/703/703 704/704/704 705/705/705
f 706/706/706 707/707/707 708/708/708
f 709/709/709 710/710/710 711/711/711
f 712/712/712 713/713/713 714/714/714
f 715/715/715 716/716/716 717/717/717
f 718/718/718 719/719/719 720/720/720
f 721/721/721 722/722/722 723/723/723
f 724/724/724 725/725/725 726/726/726
f 727/727/727 728/728/728 729/729/729
f 730/730/730 731/731/731 732/732/732
f 733/733/733 734/734/734 735/735/735
f 736/736/736 737/737/737 738/738/738
f 739/739/739 740/740/740 741/741/741
f 742/742/742 743/743/743 744/744/744
f 745/745/745 746/746/746 747/747/747
f 748/748/748 749/749/749 750/750/750
f 751/751/751 752/752/752 753/753/753
f 754/754/754 755/755/755 756/756/756
f 757/757/757 758/758/758 759/759/759
f 760/760/760 761/761/761 762/762/762
f 763/763/763 764/764/764 765/765/765
f 766/766/766 767/767/767 768/768/768
f 769/769/769 770/770/770 771/771/771
f 772/772/772 773/773/773 774/774/774
f 775/775/775 776/776/776 777/777/777
f 778/778/778 779/779/779 780/780/780
f 781/781/781 782/782/782 783/783/783
f 784/784/784 785/785/785 786/786/786
f 787/787/787 788/788/788 789/789/789
f 790/790/790 791/791/791 792/792/792
f 793/793/793 794/794/794 795/795/795
f 796/796/796 797/797/797 798/798/798
f 799/799/799 800/800/800 801/801/801
f 802/802/802 803/803/803 804/804/804
f 805/805/805 806/806/806 807/807/807
f 808/808/808 809/809/809 810/810/810
f 811/811/811 812/812/812 813/813/813
f 814/814/814 815/815/815 816/816/816
f 817/817/817 818/818/818 819/819/819
f 820/820/820 821/821/821 822/822/822
f 823/823/823 824/824/824 825/825/825
f 826/826/826 827/827/827 828/828/828
f 829/829/829 830/830/830 831/831/831
f 832/832/832 833/833/833 834/834/834
f 835/835/835 836/836/836 837/837/837
f 838/838/838 839/839/839 840/840/840
f 841/841/841 842/842/842 843/843/843
f 844/844/844 845/845/845 846/846/846
f 847/847/847 848/848/848 849/849/849
f 850/850/850 851/851/851 852/852/852
f 853/853/853 854/854/854 855/855/855
f 856/856/856 857/857/857 858/858/858
f 859/859/859 860/860/860 861/861/861
f 862/862/862 863/863/863 864/864/864
f 865/865/865 866/866/866 867/867/867
f 868/868/868 869/869/869 870/870/870
f 871/871/871 872/872/872 873/873/873
f 874/874/874 875/875/875 876/876/876
f 877/877/877 878/878/878 879/879/879
f 880/880/880 881/881/881 882/882/882
f 883/883/883 884/884/884 885/885/885
f 886/886/886 887/887/887 888/888/888
f 889/889/889 890/890/890 891/891/891
f 892/892/892 893/893/893 894/894/894
f 895/895/895 896/896/896 897/897/897
f 898/898/898 899/899/899 900/900/900
f 901/901/901 902/902/902 903/903/903
f 904/904/904 905/905/905 906/906/906
f 907/907/907 908/908/908 909/909/909
f 910/910/910 911/911/911 912/912/912
f 913/913/913 914/914/914 915/915/915
f 916/916/916 917/917/917 918/918/918
f 919/919/919 920/920/920 921/921/921
f 922/922/922 923/923/923 924/924/924
f 925/925/925 926/926/926 927/927/927
f 928/928/928 929/929/929 930/930/930
f 931/931/931 932/932/932 933/933/933
f 934/934/934 935/935/935 936/936/936
f 937/937/937 938/938/938 939/939/939
f 940/940/940 941/941/941 942/942/942
f 943/943/943 944/944/944 945/945/945
f 946/946/946 947/947/947 948/948/948
f 949/949/949 950/950/950 951/951/951
f 952/952/952 953/953/953 954/954/954
f 955/955/955 956/956/956 957/957/957
f 958/958/958 959/959/959 960/960/960
f 961/961/961 962/962/962 963/963/963
f 964/964/964 965/965/965 966/966/966
f 967/967/967 968/968/968 969/969/969
f 970/970/970 971/971/971 972/972/972
f 973/973/973 974/974/974 975/975/975
f 976/976/976 977/977/977 978/978/978
f 979/979/979 980/980/980 981/981/981
f 982/982/982 983/983/983 984/984/984
f 985/985/985 986/986/986 987/987/987
f 988/988/988 989/989/989 990/990/990
f 991/991/991 992/992/992 993/993/993
f 994/994/994 995/995/995 996/996/996
f 997/997/997 998/998/998 999/999/999
f 1000/1000/1000 1001/1001/1001 1002/1002/1002
f 1003/1003/1003 1004/1004/1004 1005/1005/1005
f 1006/1006/1006 1007/1007/1007 1008/1008/1008
f 1009/1009/1009 1010/1010/1010 1011/1011/1011
f 1012/1012/1012 1013/1013/1013 1014/1014/1014
f 1015/1015/1015 1016/1016/1016 1017/1017/1017
f 1018/1018/1018 1019/1019/1019 1020/1020/1020
f 1021/1021/1021 1022/1022/1022 1023/1023/1023
f 1024/1024/1024 1025/1025/1025 1026/1026/1026
f 1027/1027/1027 1028/1028/1028 1029/1029/1029
f 1030/1030/1030 1031/1031/1031 1032/1032/1032
f 1033/1033/1033 1034/1034/1034 1035/1035/1035
f 1036/1036/1036 1037/1037/1037 1038/1038/1038
f 1039/1039/1039 1040/1040/1040 1041/1041/1041
f 1042/1042/1042 1043/1043/1043 1044/1044/1044
f 1045/1045/1045 1046/1046/1046 1047/1047/1047
f 1048/1048/1048 1049/1049/1049 1050/1050/1050
f 1051/1051/1051 1052/1052/1052 1053/1053/1053
f 1054/1054/1054 1055/1055/1055 1056/1056/1056
f 1057/1057/1057 1058/1058/1058 1059/1059/1059
f 1060/1060/1060 1061/1061/1061 1062/1062/1062
f 1063/1063/1063 1064/1064/1064 1065/1065/1065
f 1066/1066/1066 1067/1067/1067 1068/1068/1068
f 1069/1069/1069 1070/1070/1070 1071/1071/1071
f 1072/1072/1072 1073/1073/1073 1074/1074/1074
f 1075/1075/1075 1076/1076/1076 1077/1077/1077
f 1078/1078/1078 1079/1079/1079 1080/1080/1080
f 1081/1081/1081 1082/1082/1082 1083/1083/1083
f 1084/1084/1084 1085/1085/1085 1086/1086/1086
f 1087/1087/1087 1088/1088/1088 1089/1089/1089
f 1090/1090/1090 1091/1091/1091 1092/1092/1092
f 1093/1093/1093 1094/1094/1094 1095/1095/1095
f 1096/1096/1096 1097/1097/1097 1098/1098/1098
f 1099/1099/1099 1100/1100/1100 1101/1101/1101
f 1102/1102/1102 1103/1103/1103 1104/1104/1104
f 1105/1105/1105 1106/1106/1106 1107/1107/1107
f 1108/1108/1108 1109/1109/1109 1110/1110/1110
f 1111/1111/1111 1112/1112/1112 1113/1113/1113
f 1114/1114/1114 1115/1115/1115 1116/1116/1116
f 1117/1117/1117 1118/1118/1118 1119/1119/1119
f 1120/1120/1120 1121/1121/1121 1122/1122/1122
f 1123/1123/1123 1124/1124/1124 1125/1125/1125
f 1126/1126/1126 1127/1127/1127 1128/1128/1128
f 1129/1129/1129 1130/1130/1130 1131/1131/1131
f 1132/1132/1132 1133/1133/1133 1134/1134/1134
f 1135/1135/1135 1136/1136/1136 1137/1137/1137
f 1138/1138/1138 1139/1139/1139 1140/1140/1140
f 1141/1141/1141 1142/1142/1142 1143/1143/1143
f 1144/1144/1144 1145/1145/1145 1146/1146/1146
f 1147/1147/1147 1148/1148/1148 1149/1149/1149
f 1150/1150/1150 1151/1151/1151 1152/1152/1152
f 1153/1153/1153 1154/1154/1154 1155/1155/1155
f 1156/1156/1156 1157/1157/1157 1158/1158/1158
f 1159/1159/1159 1160/1160/1160 1161/1161/1161
f 1162/1162/1162 1163/1163/1163 1164/1164/1164
f 1165/1165/1165 1166/1166/1166 1167/1167/1167
f 1168/1168/1168 1169/1169/1169 1170/1170/1170
f 1171/1171/1171 1172/1172/1172 1173/1173/1173
f 1174/1174/1174 1175/1175/1175 1176/1176/1176
f 1177/1177/1177 1178/1178/1178 1179/1179/1179
f 1180/1180/1180 1181/1181/1181 1182/1182/1182
f 1183/1183/1183 1184/1184/1184 1185/1185/1185
f 1186/1186/1186 1187/1187/1187 1188/1188/1188
f 1189/1189/1189 1190/1190/1190 1191/1191/1191
f 1192/1192/1192 1193/1193/1193 1194/1194/1194
f 1195/1195/1195 1196/1196/1196 1197/1197/1197
f 1198/1198/1198 1199/1199/1199 1200/1200/1200
f 1201/1201/1201 1202/1202/1202 1203/1203/1203
f 1204/1204/1204 1205/1205/1205 1206/1206/1206
f 1207/1207/1207 1208/1208/1208 1209/1209/1209
f 1210/1210/1210 1211/1211/1211 1212/1212/1212
f 1213/1213/1213 1214/1214/1214 1215/1215/1215
f 1216/1216/1216 1217/1217/1217 1218/1218/1218
f 1219/1219/1219 1220/1220/1220 1221/1221/1221
f 1222/1222/1222 1223/1223/1223 1224/1224/1224
f 1225/1225/1225 1226/1226/1226 1227/1227/1227
f 1228/1228/1228 1229/1229/1229 1230/1230/1230
f 1231/1231/1231 1232/1232/1232 1233/1233/1233
f 1234/1234/1234 1235/1235/1235 1236/1236/1236
f 1237/1237/1237 1238/1238/1238 1239/1239/1239
f 1240/1240/1240 1241/1241/1241 1242/1242/1242
f 1243/1243/1243 1244/1244/1244 1245/1245/1245
f 1246/1246/1246 1247/1247/1247 1248/1248/1248
f 1249/1249/1249 1250/1250/1250 1251/1251/1251
f 1252/1252/1252 1253/1253/1253 1254/1254/1254
f 1255/1255/1255 1256/1256/1256 1257/1257/1257
f 1258/1258/1258 1259/1259/1259 1260/1260/1260
f 1261/1261/1261 1262/1262/1262 1263/1263/1263
f 1264/1264/1264 1265/1265/1265 1266/1266/1266
f 1267/1267/1267 1268/1268/1268 1269/1269/1269
f 1270/1270/1270 1271/1271/1271 1272/1272/1272
f 1273/1273/1273 1274/1274/1274 1275/1275/1275
f 1276/1276/1276 1277/1277/1277 1278/1278/1278
f 1279/1279/1279 1280/1280/1280 1281/1281/1281
f 1282/1282/1282 1283/1283/1283 1284/1284/1284
f 1285/1285/1285 1286/1286/1286 1287/1287/1287
f 1288/1288/1288 1289/1289/1289 1290/1290/1290
f 1291/1291/1291 1292/1292/1292 1293/1293/1293
f 1294/1294/1294 1295/1295/1295 1296/1296/1296
f 1297/1297/1297 1298/1298/1298 1299/1299/1299
f 1300/1300/1300 1301/1301/1301 1302/1302/1302
f 1303/1303/1303 1304/1304/1304 1305/1305/1305
f 1306/1306/1306 1307/1307/1307 1308/1308/1308
f 1309/1309/1309 1310/1310/1310 1311/1311/1311
f 1312/1312/1312 1313/1313/1313 1314/1314/1314
f 1315/1315/1315 1316/1316/1316 1317/1317/1317
f 1318/1318/1318 1319/1319/1319 1320/1320/1320
f 1321/1321/1321 1322/1322/1322 1323/1323/1323
f 1324/1324/1324 1325/1325/1325 1326/1326/1326
f 1327/1327/1327 1328/1328/1328 1329/1329/1329
f 1330/1330/1330 1331/1331/1331 1332/1332/1332
f 1333/1333/1333 1334/1334/1334 1335/1335/1335
f 1336/1336/1336 1337/1337/1337 1338/1338/1338
f 1339/1339/1339 1340/1340/1340 1341/1341/1341
f 1342/1342/1342 1343/1343/1343 1344/1344/1344
f 1345/1345/1345 1346/1346/1346 1347/1347/1347
f 1348/1348/1348 1349/1349/1349 1350/1350/1350
f 1351/1351/1351 1352/1352/1352 1353/1353/1353
f 1354/1354/1354 1355/1355/1355 1356/1356/1356
f 1357/1357/1357 1358/1358/1358 1359/1359/1359
f 1360/1360/1360 1361/1361/1361 1362/1362/1362
f 1363/1363/1363 1364/1364/1364 1365/1365/1365
f 1366/1366/1366 1367/1367/1367 1368/1368/1368
f 1369/1369/1369 1370/1370/1370 1371/1371/1371
f 1372/1372/1372 1373/1373/1373 1374/1374/1374
f 1375/1375/1375 1376/1376/1376 1377/1377/1377
f 1378/1378/1378 1379/1379/1379 1380/1380/1380
f 1381/1381/1381 1382/1382/1382 1383/1383/1383
f 1384/1384/1384 1385/1385/1385 1386/1386/1386
f 1387/1387/1387 1388/1388/1388 1389/1389/1389
f 1390/1390/1390 1391/1391/1391 1392/1392/1392
f 1393/1393/1393 1394/1394/1394 1395/1395/1395
f 1396/1396/1396 1397/1397/1397 1398/1398/1398
f 1399/1399/1399 1400/1400/1400 1401/1401/1401
f 1402/1402/1402 1403/1403/1403 1404/1404/1404
f 1405/1405/1405 1406/1406/1406 1407/1407/1407
f 1408/1408/1408 1409/1409/1409 1410/1410/1410
f 1411/1411/1411 1412/1412/1412 1413/1413/1413
f 1414/1414/1414 1415/1415/1415 1416/1416/1416
f 1417/1417/1417 1418/1418/1418 1419/1419/1419
f 1420/1420/1420 1421/1421/1421 1422/1422/1422
f 1423/1423/1423 1424/1424/1424 1425/1425/1425
f 1426/1426/1426 1427/1427/1427 1428/1428/1428
f 1429/1429/1429 1430/1430/1430 1431/1431/1431
f 1432/1432/1432 1433/1433/1433 1434/1434/1434
f 1435/1435/1435 1436/1436/1436 1437/1437/1437
f 1438/1438/1438 1439/1439/1439 1440/1440/1440
f 1441/1441/1441 1442/1442/1442 1443/1443/1443
f 1444/1444/1444 1445/1445/1445 1446/1446/1446
f 1447/1447/1447 1448/1448/1448 1449/1449/1449
f 1450/1450/1450 1451/1451/1451 1452/1452/1452
f 1453/1453/1453 1454/1454/1454 1455/1455/1455
f 1456/1456/1456 1457/1457/1457 1458/1458/1458
f 1459/1459/1459 1460/1460/1460 1461/1461/1461
f 1462/1462/1462 1463/1463/1463 1464/1464/1464
f 1465/1465/1465 1466/1466/1466 1467/1467/1467
f 1468/1468/1468 1469/1469/1469 1470/1470/1470
f 1471/1471/1471 1472/1472/1472 1473/1473/1473
f 1474/1474/1474 1475/1475/1475 1476/1476/1476
f 1477/1477/1477 1478/1478/1478 1479/1479/1479
f 1480/1480/1480 1481/1481/1481 1482/1482/1482
f 1483/1483/1483 1484/1484/1484 1485/1485/1485
f 1486/1486/1486 1487/1487/1487 1488/1488/1488
f 1489/1489/1489 1490/1490/1490 1491/1491/1491
f 1492/1492/1492 1493/1493/1493 1494/1494/1494
f 1495/1495/1495 1496/1496/1496 1497/1497/1497
f 1498/1498/1498 1499/1499/1499 1500/1500/1500
f 1501/1501/1501 1502/1502/1502 1503/1503/1503
f 1504/1504/1504 1505/1505/1505 1506/1506/1506
f 1507/1507/1507 1508/1508/1508 1509/1509/1509
f 1510/1510/1510 1511/1511/1511 1512/1512/1512
f 1513/1513/1513 1514/1514/1514 1515/1515/1515
f 1516/1516/1516 1517/1517/1517 1518/1518/1518
f 1519/1519/1519 1520/1520/1520 1521/1521/1521
f 1522/1522/1522 1523/1523/1523 1524/1524/1524
f 1525/1525/1525 1526/1526/1526 1527/1527/1527
f 1528/1528/1528 1529/1529/1529 1530/1530/1530
f 1531/1531/1531 1532/1532/1532 1533/1533/1533
f 1534/1534/1534 1535/1535/1535 1536/1536/1536
f 1537/1537/1537 1538/1538/1538 1539/1539/1539
f 1540/1540/1540 1541/1541/1541 1542/1542/1542
f 1543/1543/1543 1544/1544/1544 1545/1545/1545
f 1546/1546/1546 1547/1547/1547 1548/1548/1548
f 1549/1549/1549 1550/1550/1550 1551/1551/1551
f 1552/1552/1552 1553/1553/1553 1554/1554/1554
f 1555/1555/1555 1556/1556/1556 1557/1557/1557
f 1558/1558/1558 1559/1559/1559 1560/1560/1560
f 1561/1561/1561 1562/1562/1562 1563/1563/1563
f 1564/1564/1564 1565/1565/1565 1566/1566/1566
f 1567/1567/1567 1568/1568/1568 1569/1569/1569
f 1570/1570/1570 1571/1571/1571 1572/1572/1572
f 1573/1573/1573 1574/1574/1574 1575/1575/1575
f 1576/1576/1576 1577/1577/1577 1578/1578/1578
f 1579/1579/1579 1580/1580/1580 1581/1581/1581
f 1582/1582/1582 1583/1583/1583 1584/1584/1584
f 1585/1585/1585 1586/1586/1586 1587/1587/1587
f 1588/1588/1588 1589/1589/1589 1590/1590/1590
f 1591/1591/1591 1592/1592/1592 1593/1593/1593
f 1594/1594/1594 1595/1595/1595 1596/1596/1596
f 1597/1597/1597 1598/1598/1598 1599/1599/1599
f 1600/1600/1600 1601/1601/1601 1602/1602/1602
f 1603/1603/1603 1604/1604/1604 1605/1605/1605
f 1606/1606/1606 1607/1607/1607 1608/1608/1608
f 1609/1609/1609 1610/1610/1610 1611/1611/1611
f 1612/1612/1612 1613/1613/1613 1614/1614/1614
f 1615/1615/1615 1616/1616/1616 1617/1617/1617
f 1618/1618/1618 1619/1619/1619 1620/1620/1620
f 1621/1621/1621 1622/1622/1622 1623/1623/1623
f 1624/1624/1624 1625/1625/1625 1626/1626/1626
f 1627/1627/1627 1628/1628/1628 1629/1629/1629
f 1630/1630/1630 1631/1631/1631 1632/1632/1632
f 1633/1633/1633 1634/1634/1634 1635/1635/1635
f 1636/1636/1636 1637/1637/1637 1638/1638/1638
f 1639/1639/1639 1640/1640/1640 1641/1641/1641
f 1642/1642/1642 1643/1643/1643 1644/1644/1644
f 1645/1645/1645 1646/1646/1646 1647/1647/1647
f 1648/1648/1648 1649/1649/1649 1650/1650/1650
f 1651/1651/1651 1652/1652/1652 1653/1653/1653
f 1654/1654/1654 1655/1655/1655 1656/1656/1656
f 1657/1657/1657 1658/1658/1658 1659/1659/1659
f 1660/1660/1660 1661/1661/1661 1662/1662/1662
f 1663/1663/1663 1664/1664/1664 1665/1665/1665
f 1666/1666/1666 1667/1667/1667 1668/1668/1668
f 1669/1669/1669 1670/1670/1670 1671/1671/1671
f 1672/1672/1672 1673/1673/1673 1674/1674/1674
f 1675/1675/1675 1676/1676/1676 1677/1677/1677
f 1678/1678/1678 1679/1679/1679 1680/1680/1680
f 1681/1681/1681 1682/1682/1682 1683/1683/1683
f 1684/1684/1684 1685/1685/1685 1686/1686/1686
f 1687/1687/1687 1688/1688/1688 1689/1689/1689
f 1690/1690/1690 1691/1691/1691 1692/1692/1692
f 1693/1693/1693 1694/1694/1694 1695/1695/1695
f 1696/1696/1696 1697/1697/1697 1698/1698/1698
f 1699/1699/1699 1700/1700/1700 1701/1701/1701
f 1702/1702/1702 1703/1703/1703 1704/1704/1704
f 1705/1705/1705 1706/1706/1706 1707/1707/1707
f 1708/1708/1708 1709/1709/1709 1710/1710/1710
f 1711/1711/1711 1712/1712/1712 1713/1713/1713
f 1714/1714/1714 1715/1715/1715 1716/1716/1716
f 1717/1717/1717 1718/1718/1718 1719/1719/1719
f 1720/1720/1720 1721/1721/1721 1722/1722/1722
f 1723/1723/1723 1724/1724/1724 1725/1725/1725
f 1726/1726/1726 1727/1727/1727 1728/1728/1728
f 1729/1729/1729 1730/1730/1730 1731/1731/1731
f 1732/1732/1732 1733/1733/1733 1734/1734/1734
f 1735/1735/1735 1736/1736/1736 1737/1737/1737
f 1738/1738/1738 1739/1739/1739 1740/1740/1740
f 1741/1741/1741 1742/1742/1742 1743/1743/1743
f 1744/1744/1744 1745/1745/1745 1746/1746/1746
f 1747/1747/1747 1748/1748/1748 1749/1749/1749
f 1750/1750/1750 1751/1751/1751 1752/1752/1752
f 1753/1753/1753 1754/1754/1754 1755/1755/1755
f 1756/1756/1756 1757/1757/1757 1758/1758/1758
f 1759/1759/1759 1760/1760/1760 1761/1761/1761
f 1762/1762/1762 1763/1763/1763 1764/1764/1764
f 1765/1765/1765 1766/1766/1766 1767/1767/1767
f 1768/1768/1768 1769/1769/1769 1770/1770/1770
f 1771/1771/1771 1772/1772/1772 1773/1773/1773
f 1774/1774/1774 1775/1775/1775 1776/1776/1776
f 1777/1777/1777 1778/1778/1778 1779/1779/1779
f 1780/1780/1780 1781/1781/1781 1782/1782/1782
f 1783/1783/1783 1784/1784/1784 1785/1785/1785
f 1786/1786/1786 1787/1787/1787 1788/1788/1788
f 1789/1789/1789 1790/1790/1790 1791/1791/1791
f 1792/1792/1792 1793/1793/1793 1794/1794/1794
f 1795/1795/1795 1796/1796/1796 1797/1797/1797
f 1798/1798/1798 1799/1799/1799 1800/1800/1800
f 1801/1801/1801 1802/1802/1802 1803/1803/1803
f 1804/1804/1804 1805/1805/1805 1806/1806/1806
f 1807/1807/1807 1808/1808/1808 1809/1809/1809
f 1810/1810/1810 1811/1811/1811 1812/1812/1812
f 1813/1813/1813 1814/1814/1814 1815/1815/1815
f 1816/1816/1816 1817/1817/1817 1818/1818/1818
f 1819/1819/1819 1820/1820/1820 1821/1821/1821
f 1822/1822/1822 1823/1823/1823 1824/1824/1824
f 1825/1825/1825 1826/1826/1826 1827/1827/1827
f 1828/1828/1828 1829/1829/1829 1830/1830/1830
f 1831/1831/1831 1832/1832/1832 1833/1833/1833
f 1834/1834/1834 1835/1835/1835 1836/1836/1836
f 1837/1837/1837 1838/1838/1838 1839/1839/1839
f 1840/1840/1840 1841/1841/1841 1842/1842/1842
f 1843/1843/1843 1844/1844/1844 1845/1845/1845
f 1846/1846/1846 1847/1847/1847 1848/1848/1848
f 1849/1849/1849 1850/1850/1850 1851/1851/1851
f 1852/1852/1852 1853/1853/1853 1854/1854/1854
f 1855/1855/1855 1856/1856/1856 1857/1857/1857
f 1858/1858/1858 1859/1859/1859 1860/1860/1860
f 1861/1861/1861 1862/1862/1862 1863/1863/1863
f 1864/1864/1864 1865/1865/1865 1866/1866/1866
f 1867/1867/1867 1868/1868/1868 1869/1869/1869
f 1870/1870/1870 1871/1871/1871 1872/1872/1872
f 1873/1873/1873 1874/1874/1874 1875/1875/1875
f 1876/1876/1876 1877/1877/1877 1878/1878/1878
f 1879/1879/1879 1880/1880/1880 1881/1881/1881
f 1882/1882/1882 1883/1883/1883 1884/1884/1884
f 1885/1885/1885 1886/1886/1886 1887/1887/1887
f 1888/1888/1888 1889/1889/1889 1890/1890/1890
f 1891/1891/1891 1892/1892/1892 1893/1893/1893
f 1894/1894/1894 1895/1895/1895 1896/1896/1896
f 1897/1897/1897 1898/1898/1898 1899/1899/1899
f 1900/1900/1900 1901/1901/1901 1902/1902/1902
f 1903/1903/1903 1904/1904/1904 1905/1905/1905
f 1906/1906/1906 1907/1907/1907 1908/1908/1908
f 1909/1909/1909 1910/1910/1910 1911/1911/1911
f 1912/1912/1912 1913/1913/1913 1914/1914/1914
f 1915/1915/1915 1916/1916/1916 1917/1917/1917
f 1918/1918/1918 1919/1919/1919 1920/1920/1920
f 1921/1921/1921 1922/1922/1922 1923/1923/1923
f 1924/1924/1924 1925/1925/1925 1926/1926/1926
f 1927/1927/1927 1928/1928/1928 1929/1929/1929
f 1930/1930/1930 1931/1931/1931 1932/1932/1932
f 1933/1933/1933 1934/1934/1934 1935/1935/1935
f 1936/1936/1936 1937/1937/1937 1938/1938/1938
f 1939/1939/1939 1940/1940/1940 1941/1941/1941
f 1942/1942/1942 1943/1943/1943 1944/1944/1944
f 1945/1945/1945 1946/1946/1946 1947/1947/1947
f 1948/1948/1948 1949/1949/1949 1950/1950/1950
f 1951/1951/1951 1952/1952/1952 1953/1953/1953
f 1954/1954/1954 1955/1955/1955 1956/1956/1956
f 1957/1957/1957 1958/1958/1958 1959/1959/1959
f 1960/1960/1960 1961/1961/1961 1962/1962/1962
f 1963/1963/1963 1964/1964/1964 1965/1965/1965
f 1966/1966/1966 1967/1967/1967 1968/1968/1968
f 1969/1969/1969 1970/1970/1970 1971/1971/1971
f 1972/1972/1972 1973/1973/1973 1974/1974/1974
f 1975/1975/1975 1976/1976/1976 1977/1977/1977
f 1978/1978/1978 1979/1979/1979 1980/1980/1980
f 1981/1981/1981 1982/1982/1982 1983/1983/1983
f 1984/1984/1984 1985/1985/1985 1986/1986/1986
f 1987/1987/1987 1988/1988/1988 1989/1989/1989
f 1990/1990/1990 1991/1991/1991 1992/1992/1992
f 1993/1993/1993 1994/1994/1994 1995/1995/1995
f 1996/1996/1996 1997/1997/1997 1998/1998/1998
f 1999/1999/1999 2000/2000/2000 2001/2001/2001
f 2002/2002/2002 2003/2003/2003 2004/2004/2004
f 2005/2005/2005 2006/2006/2006 2007/2007/2007
f 2008/2008/2008 2009/2009/2009 2010/2010/2010
f 2011/2011/2011 2012/2012/2012 2013/2013/2013
f 2014/2014/2014 2015/2015/2015 2016/2016/2016
f 2017/2017/2017 2018/2018/2018 2019/2019/2019
f 2020/2020/2020 2021/2021/2021 2022/2022/2022
f 2023/2023/2023 2024/2024/2024 2025/2025/2025
f 2026/2026/2026 2027/2027/2027 2028/2028/2028
f 2029/2029/2029 2030/2030/2030 2031/2031/2031
f 2032/2032/2032 2033/2033/2033 2034/2034/2034
f 2035/2035/2035 2036/2036/2036 2037/2037/2037
f 2038/2038/2038 2039/2039/2039 2040/2040/2040
f 2041/2041/2041 2042/2042/2042 2043/2043/2043
f 2044/2044/2044 2045/2045/2045 2046/2046/2046
f 2047/2047/2047 2048/2048/2048 2049/2049/2049
f 2050/2050/2050 2051/2051/2051 2052/2052/2052
f 2053/2053/2053 2054/2054/2054 2055/2055/2055
f 2056/2056/2056 2057/2057/2057 2058/2058/2058
f 2059/2059/2059 2060/2060/2060 2061/2061/2061
f 2062/2062/2062 2063/2063/2063 2064/2064/2064
f 2065/2065/2065 2066/2066/2066 2067/2067/2067
f 2068/2068/2068 2069/2069/2069 2070/2070/2070
f 2071/2071/2071 2072/2072/2072 2073/2073/2073
f 2074/2074/2074 2075/2075/2075 2076/2076/2076
f 2077/2077/2077 2078/2078/2078 2079/2079/2079
f 2080/2080/2080 2081/2081/2081 2082/2082/2082
f 2083/2083/2083 2084/2084/2084 2085/2085/2085
f 2086/2086/2086 2087/2087/2087 2088/2088/2088
f 2089/2089/2089 2090/2090/2090 2091/2091/2091
f 2092/2092/2092 2093/2093/2093 2094/2094/2094
f 2095/2095/2095 2096/2096/2096 2097/2097/2097
f 2098/2098/2098 2099/2099/2099 2100/2100/2100
f 2101/2101/2101 2102/2102/2102 2103/2103/2103
f 2104/2104/2104 2105/2105/2105 2106/2106/2106
f 2107/2107/2107 2108/2108/2108 2109/2109/2109
f 2110/2110/2110 2111/2111/2111 2112/2112/2112
f 2113/2113/2113 2114/2114/2114 2115/2115/2115
f 2116/2116/2116 2117/2117/2117 2118/2118/2118
f 2119/2119/2119 2120/2120/2120 2121/2121/2121
f 2122/2122/2122 2123/2123/2123 2124/2124/2124
f 2125/2125/2125 2126/2126/2126 2127/2127/2127
f 2128/2128/2128 2129/2129/2129 2130/2130/2130
f 2131/2131/2131 2132/2132/2132 2133/2133/2133
f 2134/2134/2134 2135/2135/2135 2136/2136/2136
f 2137/2137/2137 2138/2138/2138 2139/2139/2139
f 2140/2140/2140 2141/2141/2141 2142/2142/2142
f 2143/2143/2143 2144/2144/2144 2145/2145/2145
f 2146/2146/2146 2147/2147/2147 2148/2148/2148
f 2149/2149/2149 2150/2150/2150 2151/2151/2151
f 2152/2152/2152 2153/2153/2153 2154/2154/2154
f 2155/2155/2155 2156/2156/2156 2157/2157/2157
f 2158/2158/2158 2159/2159/2159 2160/2160/2160
f 2161/2161/2161 2162/2162/2162 2163/2163/2163
f 2164/2164/2164 2165/2165/2165 2166/2166/2166
f 2167/2167/2167 2168/2168/2168 2169/2169/2169
f 2170/2170/2170 2171/2171/2171 2172/2172/2172
f 2173/2173/2173 2174/2174/2174 2175/2175/2175
f 2176/2176/2176 2177/2177/2177 2178/2178/2178
f 2179/2179/2179 2180/2180/2180 2181/2181/2181
f 2182/2182/2182 2183/2183/2183 2184/2184/2184
f 2185/2185/2185 2186/2186/2186 2187/2187/2187
f 2188/2188/2188 2189/2189/2189 2190/2190/2190
f 2191/2191/2191 2192/2192/2192 2193/2193/2193
f 2194/2194/2194 2195/2195/2195 2196/2196/2196
f 2197/2197/2197 2198/2198/2198 2199/2199/2199
f 2200/2200/2200 2201/2201/2201 2202/2202/2202
f 2203/2203/2203 2204/2204/2204 2205/2205/2205
f 2206/2206/2206 2207/2207/2207 2208/2208/2208
f 2209/2209/2209 2210/2210/2210 2211/2211/2211
f 2212/2212/2212 2213/2213/2213 2214/2214/2214
f 2215/2215/2215 2216/2216/2216 2217/2217/2217
f 2218/2218/2218 2219/2219/2219 2220/2220/2220
f 2221/2221/2221 2222/2222/2222 2223/2223/2223
f 2224/2224/2224 2225/2225/2225 2226/2226/2226
f 2227/2227/2227 2228/2228/2228 2229/2229/2229
f 2230/2230/2230 2231/2231/2231 2232/2232/2232
f 2233/2233/2233 2234/2234/2234 2235/2235/2235
f 2236/2236/2236 2237/2237/2237 2238/2238/2238
f 2239/2239/2239 2240/2240/2240 2241/2241/2241
f 2242/2242/2242 2243/2243/2243 2244/2244/2244
f 2245/2245/2245 2246/2246/2246 2247/2247/2247
f 2248/2248/2248 2249/2249/2249 2250/2250/2250
f 2251/2251/2251 2252/2252/2252 2253/2253/2253
f 2254/2254/2254 2255/2255/2255 2256/2256/2256
f 2257/2257/2257 2258/2258/2258 2259/2259/2259
f 2260/2260/2260 2261/2261/2261 2262/2262/2262
f 2263/2263/2263 2264/2264/2264 2265/2265/2265
f 2266/2266/2266 2267/2267/2267 2268/2268/2268
f 2269/2269/2269 2270/2270/2270 2271/2271/2271
f 2272/2272/2272 2273/2273/2273 2274/2274/2274
f 2275/2275/2275 2276/2276/2276 2277/2277/2277
f 2278/2278/2278 2279/2279/2279 2280/2280/2280
f 2281/2281/2281 2282/2282/2282 2283/2283/2283
f 2284/2284/2284 2285/2285/2285 2286/2286/2286
f 2287/2287/2287 2288/2288/2288 2289/2289/2289
f 2290/2290/2290 2291/2291/2291 2292/2292/2292
f 2293/2293/2293 2294/2294/2294 2295/2295/2295
f 2296/2296/2296 2297/2297/2297 2298/2298/2298
f 2299/2299/2299 2300/2300/2300 2301/2301/2301
f 2302/2302/2302 2303/2303/2303 2304/2304/2304
f 2305/2305/2305 2306/2306/2306 2307/2307/2307
f 2308/2308/2308 2309/2309/2309 2310/2310/2310
f 2311/2311/2311 2312/2312/2312 2313/2313/2313
f 2314/2314/2314 2315/2315/2315 2316/2316/2316
f 2317/2317/2317 2318/2318/2318 2319/2319/2319
f 2320/2320/2320 2321/2321/2321 2322/2322/2322
f 2323/2323/2323 2324/2324/2324 2325/2325/2325
f 2326/2326/2326 2327/2327/2327 2328/2328/2328
f 2329/2329/2329 2330/2330/2330 2331/2331/2331
f 2332/2332/2332 2333/2333/2333 2334/2334/2334
f 2335/2335/2335 2336/2336/2336 2337/2337/2337
f 2338/2338/2338 2339/2339/2339 2340/2340/2340
f 2341/2341/2341 2342/2342/2342 2343/2343/2343
f 2344/2344/2344 2345/2345/2345 2346/2346/2346
f 2347/2347/2347 2348/2348/2348 2349/2349/2349
f 2350/2350/2350 2351/2351/2351 2352/2352/2352
f 2353/2353/2353 2354/2354/2354 2355/2355/2355
f 2356/2356/2356 2357/2357/2357 2358/2358/2358
f 2359/2359/2359 2360/2360/2360 2361/2361/2361
f 2362/2362/2362 2363/2363/2363 2364/2364/2364
f 2365/2365/2365 2366/2366/2366 2367/2367/2367
f 2368/2368/2368 2369/2369/2369 2370/2370/2370
f 2371/2371/2371 2372/2372/2372 2373/2373/2373
f 2374/2374/2374 2375/2375/2375 2376/2376/2376
f 2377/2377/2377 2378/2378/2378 2379/2379/2379
f 2380/2380/2380 2381/2381/2381 2382/2382/2382
f 2383/2383/2383 2384/2384/2384 2385/2385/2385
f 2386/2386/2386 2387/2387/2387 2388/2388/2388
f 2389/2389/2389 2390/2390/2390 2391/2391/2391
f 2392/2392/2392 2393/2393/2393 2394/2394/2394
f 2395/2395/2395 2396/2396/2396 2397/2397/2397
f 2398/2398/2398 2399/2399/2399 2400/2400/2400
f 2401/2401/2401 2402/2402/2402 2403/2403/2403
f 2404/2404/2404 2405/2405/2405 2406/2406/2406
f 2407/2407/2407 2408/2408/2408 2409/2409/2409
f 2410/2410/2410 2411/2411/2411 2412/2412/2412
f 2413/2413/2413 2414/2414/2414 2415/2415/2415
f 2416/2416/2416 2417/2417/2417 2418/2418/2418
f 2419/2419/2419 2420/2420/2420 2421/2421/2421
f 2422/2422/2422 2423/2423/2423 2424/2424/2424
f 2425/2425/2425 2426/2426/2426 2427/2427/2427
f 2428/2428/2428 2429/2429/2429 2430/2430/2430
f 2431/2431/2431 2432/2432/2432 2433/2433/2433
f 2434/2434/2434 2435/2435/2435 2436/2436/2436
f 2437/2437/2437 2438/2438/2438 2439/2439/2439
f 2440/2440/2440 2441/2441/2441 2442/2442/2442
f 2443/2443/2443 2444/2444/2444 2445/2445/2445
f 2446/2446/2446 2447/2447/2447 2448/2448/2448
f 2449/2449/2449 2450/2450/2450 2451/2451/2451
f 2452/2452/2452 2453/2453/2453 2454/2454/2454
f 2455/2455/2455 2456/2456/2456 2457/2457/2457
f 2458/2458/2458 2459/2459/2459 2460/2460/2460
f 2461/2461/2461 2462/2462/2462 2463/2463/2463
f 2464/2464/2464 2465/2465/2465 2466/2466/2466
f 2467/2467/2467 2468/2468/2468 2469/2469/2469
f 2470/2470/2470 2471/2471/2471 2472/2472/2472
f 2473/2473/2473 2474/2474/2474 2475/2475/2475
f 2476/2476/2476 2477/2477/2477 2478/2478/2478
f 2479/2479/2479 2480/2480/2480 2481/2481/2481
f 2482/2482/2482 2483/2483/2483 2484/2484/2484
f 2485/2485/2485 2486/2486/2486 2487/2487/2487
f 2488/2488/2488 2489/2489/2489 2490/2490/2490
f 2491/2491/2491 2492/2492/2492 2493/2493/2493
f 2494/2494/2494 2495/2495/2495 2496/2496/2496
f 2497/2497/2497 2498/2498/2498 2499/2499/2499
f 2500/2500/2500 2501/2501/2501 2502/2502/2502
f 2503/2503/2503 2504/2504/2504 2505/2505/2505
f 2506/2506/2506 2507/2507/2507 2508/2508/2508
f 2509/2509/2509 2510/2510/2510 2511/2511/2511
f 2512/2512/2512 2513/2513/2513 2514/2514/2514
f 2515/2515/2515 2516/2516/2516 2517/2517/2517
f 2518/2518/2518 2519/2519/2519 2520/2520/2520
f 2521/2521/2521 2522/2522/2522 2523/2523/2523
f 2524/2524/2524 2525/2525/2525 2526/2526/2526
f 2527/2527/2527 2528/2528/2528 2529/2529/2529
f 2530/2530/2530 2531/2531/2531 2532/2532/2532
f 2533/2533/2533 2534/2534/2534 2535/2535/2535
f 2536/2536/2536 2537/2537/2537 2538/2538/2538
f 2539/2539/2539 2540/2540/2540 2541/2541/2541
f 2542/2542/2542 2543/2543/2543 2544/2544/2544
f 2545/2545/2545 2546/2546/2546 2547/2547/2547
f 2548/2548/2548 2549/2549/2549 2550/2550/2550
f 2551/2551/2551 2552/2552/2552 2553/2553/2553
f 2554/2554/2554 2555/2555/2555 2556/2556/2556
f 2557/2557/2557 2558/2558/2558 2559/2559/2559
f 2560/2560/2560 2561/2561/2561 2562/2562/2562
f 2563/2563/2563 2564/2564/2564 2565/2565/2565
f 2566/2566/2566 2567/2567/2567 2568/2568/2568
f 2569/2569/2569 2570/2570/2570 2571/2571/2571
f 2572/2572/2572 2573/2573/2573 2574/2574/2574
f 2575/2575/2575 2576/2576/2576 2577/2577/2577
f 2578/2578/2578 2579/2579/2579 2580/2580/2580
f 2581/2581/2581 2582/2582/2582 2583/2583/2583
f 2584/2584/2584 2585/2585/2585 2586/2586/2586
f 2587/2587/2587 2588/2588/2588 2589/2589/2589
f 2590/2590/2590 2591/2591/2591 2592/2592/2592
f 2593/2593/2593 2594/2594/2594 2595/2595/2595
f 2596/2596/2596 2597/2597/2597 2598/2598/2598
f 2599/2599/2599 2600/2600/2600 2601/2601/2601
f 2602/2602/2602 2603/2603/2603 2604/2604/2604
f 2605/2605/2605 2606/2606/2606 2607/2607/2607
f 2608/2608/2608 2609/2609/2609 2610/2610/2610
f 2611/2611/2611 2612/2612/2612 2613/2613/2613
f 2614/2614/2614 2615/2615/2615 2616/2616/2616
f 2617/2617/2617 2618/2618/2618 2619/2619/2619
f 2620/2620/2620 2621/2621/2621 2622/2622/2622
f 2623/2623/2623 2624/2624/2624 2625/2625/2625
f 2626/2626/2626 2627/2627/2627 2628/2628/2628
f 2629/2629/2629 2630/2630/2630 2631/2631/2631
f 2632/2632/2632 2633/2633/2633 2634/2634/2634
f 2635/2635/2635 2636/2636/2636 2637/2637/2637
f 2638/2638/2638 2639/2639/2639 2640/2640/2640
f 2641/2641/2641 2642/2642/2642 2643/2643/2643
f 2644/2644/2644 2645/2645/2645 2646/2646/2646
f 2647/2647/2647 2648/2648/2648 2649/2649/2649
f 2650/2650/2650 2651/2651/2651 2652/2652/2652
f 2653/2653/2653 2654/2654/2654 2655/2655/2655
f 2656/2656/2656 2657/2657/2657 2658/2658/2658
f 2659/2659/2659 2660/2660/2660 2661/2661/2661
f 2662/2662/2662 2663/2663/2663 2664/2664/2664
f 2665/2665/2665 2666/2666/2666 2667/2667/2667
f 2668/2668/2668 2669/2669/2669 2670/2670/2670
f 2671/2671/2671 2672/2672/2672 2673/2673/2673
f 2674/2674/2674 2675/2675/2675 2676/2676/2676
f 2677/2677/2677 2678/2678/2678 2679/2679/2679
f 2680/2680/2680 2681/2681/2681 2682/2682/2682
f 2683/2683/2683 2684/2684/2684 2685/2685/2685
f 2686/2686/2686 2687/2687/2687 2688/2688/2688
f 2689/2689/2689 2690/2690/2690 2691/2691/2691
f 2692/2692/2692 2693/2693/2693 2694/2694/2694
f 2695/2695/2695 2696/2696/2696 2697/2697/2697
f 2698/2698/2698 2699/2699/2699 2700/2700/2700
f 2701/2701/2701 2702/2702/2702 2703/2703/2703
f 2704/2704/2704 2705/2705/2705 2706/2706/2706
f 2707/2707/2707 2708/2708/2708 2709/2709/2709
f 2710/2710/2710 2711/2711/2711 2712/2712/2712
f 2713/2713/2713 2714/2714/2714 2715/2715/2715
f 2716/2716/2716 2717/2717/2717 2718/2718/2718
f 2719/2719/2719 2720/2720/2720 2721/2721/2721
f 2722/2722/2722 2723/2723/2723 2724/2724/2724
f 2725/2725/2725 2726/2726/2726 2727/2727/2727
f 2728/2728/2728 2729/2729/2729 2730/2730/2730
f 2731/2731/2731 2732/2732/2732 2733/2733/2733
f 2734/2734/2734 2735/2735/2735 2736/2736/2736
f 2737/2737/2737 2738/2738/2738 2739/2739/2739
f 2740/2740/2740 2741/2741/2741 2742/2742/2742
f 2743/2743/2743 2744/2744/2744 2745/2745/2745
f 2746/2746/2746 2747/2747/2747 2748/2748/2748
f 2749/2749/2749 2750/2750/2750 2751/2751/2751
f 2752/2752/2752 2753/2753/2753 2754/2754/2754
f 2755/2755/2755 2756/2756/2756 2757/2757/2757
f 2758/2758/2758 2759/2759/2759 2760/2760/2760
f 2761/2761/2761 2762/2762/2762 2763/2763/2763
f 2764/2764/2764 2765/2765/2765 2766/2766/2766
f 2767/2767/2767 2768/2768/2768 2769/2769/2769
f 2770/2770/2770 2771/2771/2771 2772/2772/2772
f 2773/2773/2773 2774/2774/2774 2775/2775/2775
f 2776/2776/2776 2777/2777/2777 2778/2778/2778
f 2779/2779/2779 2780/2780/2780 2781/2781/2781
f 2782/2782/2782 2783/2783/2783 2784/2784/2784
f 2785/2785/2785 2786/2786/2786 2787/2787/2787
f 2788/2788/2788 2789/2789/2789 2790/2790/2790
f 2791/2791/2791 2792/2792/2792 2793/2793/2793
f 2794/2794/2794 2795/2795/2795 2796/2796/2796
f 2797/2797/2797 2798/2798/2798 2799/2799/2799
f 2800/2800/2800 2801/2801/2801 2802/2802/2802
f 2803/2803/2803 2804/2804/2804 2805/2805/2805
f 2806/2806/2806 2807/2807/2807 2808/2808/2808
f 2809/2809/2809 2810/2810/2810 2811/2811/2811
f 2812/2812/2812 2813/2813/2813 2814/2814/2814
f 2815/2815/2815 2816/2816/2816 2817/2817/2817
f 2818/2818/2818 2819/2819/2819 2820/2820/2820
f 2821/2821/2821 2822/2822/2822 2823/2823/2823
f 2824/2824/2824 2825/2825/2825 2826/2826/2826
f 2827/2827/2827 2828/2828/2828 2829/2829/2829
f 2830/2830/2830 2831/2831/2831 2832/2832/2832
f 2833/2833/2833 2834/2834/2834 2835/2835/2835
f 2836/2836/2836 2837/2837/2837 2838/2838/2838
f 2839/2839/2839 2840/2840/2840 2841/2841/2841
f 2842/2842/2842 2843/2843/2843 2844/2844/2844
f 2845/2845/2845 2846/2846/2846 2847/2847/2847
f 2848/2848/2848 2849/2849/2849 2850/2850/2850
f 2851/2851/2851 2852/2852/2852 2853/2853/2853
f 2854/2854/2854 2855/2855/2855 2856/2856/2856
f 2857/2857/2857 2858/2858/2858 2859/2859/2859
f 2860/2860/2860 2861/2861/2861 2862/2862/2862
f 2863/2863/2863 2864/2864/2864 2865/2865/2865
f 2866/2866/2866 2867/2867/2867 2868/2868/2868
f 2869/2869/2869 2870/2870/2870 2871/2871/2871
f 2872/2872/2872 2873/2873/2873 2874/2874/2874
f 2875/2875/2875 2876/2876/2876 2877/2877/2877
f 2878/2878/2878 2879/2879/2879 2880/2880/2880
f 2881/2881/2881 2882/2882/2882 2883/2883/2883
f 2884/2884/2884 2885/2885/2885 2886/2886/2886
f 2887/2887/2887 2888/2888/2888 2889/2889/2889
f 2890/2890/2890 2891/2891/2891 2892/2892/2892
f 2893/2893/2893 2894/2894/2894 2895/2895/2895
f 2896/2896/2896 2897/2897/2897 2898/2898/2898
f 2899/2899/2899 2900/2900/2900 2901/2901/2901
f 2902/2902/2902 2903/2903/2903 2904/2904/2904
f 2905/2905/2905 2906/2906/2906 2907/2907/2907
f 2908/2908/2908 2909/2909/2909 2910/2910/2910
f 2911/2911/2911 2912/2912/2912 2913/2913/2913
f 2914/2914/2914 2915/2915/2915 2916/2916/2916
f 2917/2917/2917 2918/2918/2918 2919/2919/2919
f 2920/2920/2920 2921/2921/2921 2922/2922/2922
f 2923/2923/2923 2924/2924/2924 2925/2925/2925
f 2926/2926/2926 2927/2927/2927 2928/2928/2928
f 2929/2929/2929 2930/2930/2930 2931/2931/2931
f 2932/2932/2932 2933/2933/2933 2934/2934/2934
f 2935/2935/2935 2936/2936/2936 2937/2937/2937
f 2938/2938/2938 2939/2939/2939 2940/2940/2940
f 2941/2941/2941 2942/2942/2942 2943/2943/2943
f 2944/2944/2944 2945/2945/2945 2946/2946/2946
f 2947/2947/2947 2948/2948/2948 2949/2949/2949
f 2950/2950/2950 2951/2951/2951 2952/2952/2952
f 2953/2953/2953 2954/2954/2954 2955/2955/2955
f 2956/2956/2956 2957/2957/2957 2958/2958/2958
f 2959/2959/2959 2960/2960/2960 2961/2961/2961
f 2962/2962/2962 2963/2963/2963 2964/2964/2964
f 2965/2965/2965 2966/2966/2966 2967/2967/2967
f 2968/2968/2968 2969/2969/2969 2970/2970/2970
f 2971/2971/2971 2972/2972/2972 2973/2973/2973
f 2974/2974/2974 2975/2975/2975 2976/2976/2976
f 2977/2977/2977 2978/2978/2978 2979/2979/2979
f 2980/2980/2980 2981/2981/2981 2982/2982/2982
f 2983/2983/2983 2984/2984/2984 2985/2985/2985
f 2986/2986/2986 2987/2987/2987 2988/2988/2988
f 2989/2989/2989 2990/2990/2990 2991/2991/2991
f 2992/2992/2992 2993/2993/2993 2994/2994/2994
f 2995/2995/2995 2996/2996/2996 2997/2997/2997
f 2998/2998/2998 2999/2999/2999 3000/3000/3000
f 3001/3001/3001 3002/3002/3002 3003/3003/3003
f 3004/3004/3004 3005/3005/3005 3006/3006/3006
f 3007/3007/3007 3008/3008/3008 3009/3009/3009
f 3010/3010/3010 3011/3011/3011 3012/3012/3012
f 3013/3013/3013 3014/3014/3014 3015/3015/3015
f 3016/3016/3016 3017/3017/3017 3018/3018/3018
f 3019/3019/3019 3020/3020/3020 3021/3021/3021
f 3022/3022/3022 3023/3023/3023 3024/3024/3024
f 3025/3025/3025 3026/3026/3026 3027/3027/3027
f 3028/3028/3028 3029/3029/3029 3030/3030/3030
f 3031/3031/3031 3032/3032/3032 3033/3033/3033
f 3034/3034/3034 3035/3035/3035 3036/3036/3036
f 3037/3037/3037 3038/3038/3038 3039/3039/3039
f 3040/3040/3040 3041/3041/3041 3042/3042/3042
f 3043/3043/3043 3044/3044/3044 3045/3045/3045
f 3046/3046/3046 3047/3047/3047 3048/3048/3048
f 3049/3049/3049 3050/3050/3050 3051/3051/3051
f 3052/3052/3052 3053/3053/3053 3054/3054/3054
f 3055/3055/3055 3056/3056/3056 3057/3057/3057
f 3058/3058/3058 3059/3059/3059 3060/3060/3060
f 3061/3061/3061 3062/3062/3062 3063/3063/3063
f 3064/3064/3064 3065/3065/3065 3066/3066/3066
f 3067/3067/3067 3068/3068/3068 3069/3069/3069
f 3070/3070/3070 3071/3071/3071 3072/3072/3072
f 3073/3073/3073 3074/3074/3074 3075/3075/3075
f 3076/3076/3076 3077/3077/3077 3078/3078/3078
f 3079/3079/3079 3080/3080/3080 3081/3081/3081
f 3082/3082/3082 3083/3083/3083 3084/3084/3084
f 3085/3085/3085 3086/3086/3086 3087/3087/3087
f 3088/3088/3088 3089/3089/3089 3090/3090/3090
f 3091/3091/3091 3092/3092/3092 3093/3093/3093
f 3094/3094/3094 3095/3095/3095 3096/3096/3096
f 3097/3097/3097 3098/3098/3098 3099/3099/3099
f 3100/3100/3100 3101/3101/3101 3102/3102/3102
f 3103/3103/3103 3104/3104/3104 3105/3105/3105
f 3106/3106/3106 3107/3107/3107 3108/3108/3108
f 3109/3109/3109 3110/3110/3110 3111/3111/3111
f 3112/3112/3112 3113/3113/3113 3114/3114/3114
f 3115/3115/3115 3116/3116/3116 3117/3117/3117
f 3118/3118/3118 3119/3119/3119 3120/3120/3120
f 3121/3121/3121 3122/3122/3122 3123/3123/3123
f 3124/3124/3124 3125/3125/3125 3126/3126/3126
f 3127/3127/3127 3128/3128/3128 3129/3129/3129
f 3130/3130/3130 3131/3131/3131 3132/3132/3132
f 3133/3133/3133 3134/3134/3134 3135/3135/3135
f 3136/3136/3136 3137/3137/3137 3138/3138/3138
f 3139/3139/3139 3140/3140/3140 3141/3141/3141
f 3142/3142/3142 3143/3143/3143 3144/3144/3144
f 3145/3145/3145 3146/3146/3146 3147/3147/3147
f 3148/3148/3148 3149/3149/3149 3150/3150/3150
f 3151/3151/3151 3152/3152/3152 3153/3153/3153
f 3154/3154/3154 3155/3155/3155 3156/3156/3156
f 3157/3157/3157 3158/3158/3158 3159/3159/3159
f 3160/3160/3160 3161/3161/3161 3162/3162/3162
f 3163/3163/3163 3164/3164/3164 3165/3165/3165
f 3166/3166/3166 3167/3167/3167 3168/3168/3168
f 3169/3169/3169 3170/3170/3170 3171/3171/3171
f 3172/3172/3172 3173/3173/3173 3174/3174/3174
f 3175/3175/3175 3176/3176/3176 3177/3177/3177
f 3178/3178/3178 3179/3179/3179 3180/3180/3180
f 3181/3181/3181 3182/3182/3182 3183/3183/3183
f 3184/3184/3184 3185/3185/3185 3186/3186/3186
f 3187/3187/3187 3188/3188/3188 3189/3189/3189
f 3190/3190/3190 3191/3191/3191 3192/3192/3192
f 3193/3193/3193 3194/3194/3194 3195/3195/3195
f 3196/3196/3196 3197/3197/3197 3198/3198/3198
f 3199/3199/3199 3200/3200/3200 3201/3201/3201
f 3202/3202/3202 3203/3203/3203 3204/3204/3204
f 3205/3205/3205 3206/3206/3206 3207/3207/3207
f 3208/3208/3208 3209/3209/3209 3210/3210/3210
f 3211/3211/3211 3212/3212/3212 3213/3213/3213
f 3214/3214/3214 3215/3215/3215 3216/3216/3216
f 3217/3217/3217 3218/3218/3218 3219/3219/3219
f 3220/3220/3220 3221/3221/3221 3222/3222/3222
f 3223/3223/3223 3224/3224/3224 3225/3225/3225
f 3226/3226/3226 3227/3227/3227 3228/3228/3228
f 3229/3229/3229 3230/3230/3230 3231/3231/3231
f 3232/3232/3232 3233/3233/3233 3234/3234/3234
f 3235/3235/3235 3236/3236/3236 3237/3237/3237
f 3238/3238/3238 3239/3239/3239 3240/3240/3240
f 3241/3241/3241 3242/3242/3242 3243/3243/3243
f 3244/3244/3244 3245/3245/3245 3246/3246/3246
f 3247/3247/3247 3248/3248/3248 3249/3249/3249
f 3250/3250/3250 3251/3251/3251 3252/3252/3252
f 3253/3253/3253 3254/3254/3254 3255/3255/3255
f 3256/3256/3256 3257/3257/3257 3258/3258/3258
f 3259/3259/3259 3260/3260/3260 3261/3261/3261
f 3262/3262/3262 3263/3263/3263 3264/3264/3264
f 3265/3265/3265 3266/3266/3266 3267/3267/3267
f 3268/3268/3268 3269/3269/3269 3270/3270/3270
f 3271/3271/3271 3272/3272/3272 3273/3273/3273
f 3274/3274/3274 3275/3275/3275 3276/3276/3276
f 3277/3277/3277 3278/3278/3278 3279/3279/3279
f 3280/3280/3280 3281/3281/3281 3282/3282/3282
f 3283/3283/3283 3284/3284/3284 3285/3285/3285
f 3286/3286/3286 3287/3287/3287 3288/3288/3288
f 3289/3289/3289 3290/3290/3290 3291/3291/3291
f 3292/3292/3292 3293/3293/3293 3294/3294/3294
f 3295/3295/3295 3296/3296/3296 3297/3297/3297
f 3298/3298/3298 3299/3299/3299 3300/3300/3300
f 3301/3301/3301 3302/3302/3302 3303/3303/3303
f 3304/3304/3304 3305/3305/3305 3306/3306/3306
f 3307/3307/3307 3308/3308/3308 3309/3309/3309
f 3310/3310/3310 3311/3311/3311 3312/3312/3312
f 3313/3313/3313 3314/3314/3314 3315/3315/3315
f 3316/3316/3316 3317/3317/3317 3318/3318/3318
f 3319/3319/3319 3320/3320/3320 3321/3321/3321
f 3322/3322/3322 3323/3323/3323 3324/3324/3324
f 3325/3325/3325 3326/3326/3326 3327/3327/3327
f 3328/3328/3328 3329/3329/3329 3330/3330/3330
f 3331/3331/3331 3332/3332/3332 3333/3333/3333
f 3334/3334/3334 3335/3335/3335 3336/3336/3336
f 3337/3337/3337 3338/3338/3338 3339/3339/3339
f 3340/3340/3340 3341/3341/3341 3342/3342/3342
f 3343/3343/3343 3344/3344/3344 3345/3345/3345
f 3346/3346/3346 3347/3347/3347 3348/3348/3348
f 3349/3349/3349 3350/3350/3350 3351/3351/3351
f 3352/3352/3352 3353/3353/3353 3354/3354/3354
f 3355/3355/3355 3356/3356/3356 3357/3357/3357
f 3358/3358/3358 3359/3359/3359 3360/3360/3360
f 3361/3361/3361 3362/3362/3362 3363/3363/3363
f 3364/3364/3364 3365/3365/3365 3366/3366/3366
f 3367/3367/3367 3368/3368/3368 3369/3369/3369
f 3370/3370/3370 3371/3371/3371 3372/3372/3372
f 3373/3373/3373 3374/3374/3374 3375/3375/3375
f 3376/3376/3376 3377/3377/3377 3378/3378/3378
f 3379/3379/3379 3380/3380/3380 3381/3381/3381
f 3382/3382/3382 3383/3383/3383 3384/3384/3384
f 3385/3385/3385 3386/3386/3386 3387/3387/3387
f 3388/3388/3388 3389/3389/3389 3390/3390/3390
f 3391/3391/3391 3392/3392/3392 3393/3393/3393
f 3394/3394/3394 3395/3395/3395 3396/3396/3396
f 3397/3397/3397 3398/3398/3398 3399/3399/3399
f 3400/3400/3400 3401/3401/3401 3402/3402/3402
f 3403/3403/3403 3404/3404/3404 3405/3405/3405
f 3406/3406/3406 3407/3407/3407 3408/3408/3408
f 3409/3409/3409 3410/3410/3410 3411/3411/3411
f 3412/3412/3412 3413/3413/3413 3414/3414/3414
f 3415/3415/3415 3416/3416/3416 3417/3417/3417
f 3418/3418/3418 3419/3419/3419 3420/3420/3420
f 3421/3421/3421 3422/3422/3422 3423/3423/3423
f 3424/3424/3424 3425/3425/3425 3426/3426/3426
f 3427/3427/3427 3428/3428/3428 3429/3429/3429
f 3430/3430/3430 3431/3431/3431 3432/3432/3432
f 3433/3433/3433 3434/3434/3434 3435/3435/3435
f 3436/3436/3436 3437/3437/3437 3438/3438/3438
f 3439/3439/3439 3440/3440/3440 3441/3441/3441
f 3442/3442/3442 3443/3443/3443 3444/3444/3444
f 3445/3445/3445 3446/3446/3446 3447/3447/3447
f 3448/3448/3448 3449/3449/3449 3450/3450/3450
f 3451/3451/3451 3452/3452/3452 3453/3453/3453
f 3454/3454/3454 3455/3455/3455 3456/3456/3456
f 3457/3457/3457 3458/3458/3458 3459/3459/3459
f 3460/3460/3460 3461/3461/3461 3462/3462/3462
f 3463/3463/3463 3464/3464/3464 3465/3465/3465
f 3466/3466/3466 3467/3467/3467 3468/3468/3468
f 3469/3469/3469 3470/3470/3470 3471/3471/3471
f 3472/3472/3472 3473/3473/3473 3474/3474/3474
f 3475/3475/3475 3476/3476/3476 3477/3477/3477
f 3478/3478/3478 3479/3479/3479 3480/3480/3480
f 3481/3481/3481 3482/3482/3482 3483/3483/3483
f 3484/3484/3484 3485/3485/3485 3486/3486/3486
f 3487/3487/3487 3488/3488/3488 3489/3489/3489
f 3490/3490/3490 3491/3491/3491 3492/3492/3492
f 3493/3493/3493 3494/3494/3494 3495/3495/3495
f 3496/3496/3496 3497/3497/3497 3498/3498/3498
f 3499/3499/3499 3500/3500/3500 3501/3501/3501
f 3502/3502/3502 3503/3503/3503 3504/3504/3504
f 3505/3505/3505 3506/3506/3506 3507/3507/3507
f 3508/3508/3508 3509/3509/3509 3510/3510/3510
f 3511/3511/3511 3512/3512/3512 3513/3513/3513
f 3514/3514/3514 3515/3515/3515 3516/3516/3516
f 3517/3517/3517 3518/3518/3518 3519/3519/3519
f 3520/3520/3520 3521/3521/3521 3522/3522/3522
f 3523/3523/3523 3524/3524/3524 3525/3525/3525
f 3526/3526/3526 3527/3527/3527 3528/3528/3528
f 3529/3529/3529 3530/3530/3530 3531/3531/3531
f 3532/3532/3532 3533/3533/3533 3534/3534/3534
f 3535/3535/3535 3536/3536/3536 3537/3537/3537
f 3538/3538/3538 3539/3539/3539 3540/3540/3540
f 3541/3541/3541 3542/3542/3542 3543/3543/3543
f 3544/3544/3544 3545/3545/3545 3546/3546/3546
f 3547/3547/3547 3548/3548/3548 3549/3549/3549
f 3550/3550/3550 3551/3551/3551 3552/3552/3552
f 3553/3553/3553 3554/3554/3554 3555/3555/3555
f 3556/3556/3556 3557/3557/3557 3558/3558/3558
f 3559/3559/3559 3560/3560/3560 3561/3561/3561
f 3562/3562/3562 3563/3563/3563 3564/3564/3564
f 3565/3565/3565 3566/3566/3566 3567/3567/3567
f 3568/3568/3568 3569/3569/3569 3570/3570/3570
f 3571/3571/3571 3572/3572/3572 3573/3573/3573
f 3574/3574/3574 3575/3575/3575 3576/3576/3576
f 3577/3577/3577 3578/3578/3578 3579/3579/3579
f 3580/3580/3580 3581/3581/3581 3582/3582/3582
f 3583/3583/3583 3584/3584/3584 3585/3585/3585
f 3586/3586/3586 3587/3587/3587 3588/3588/3588
f 3589/3589/3589 3590/3590/3590 3591/3591/3591
f 3592/3592/3592 3593/3593/3593 3594/3594/3594
f 3595/3595/3595 3596/3596/3596 3597/3597/3597
f 3598/3598/3598 3599/3599/3599 3600/3600/3600
f 3601/3601/3601 3602/3602/3602 3603/3603/3603
f 3604/3604/3604 3605/3605/3605 3606/3606/3606
f 3607/3607/3607 3608/3608/3608 3609/3609/3609
f 3610/3610/3610 3611/3611/3611 3612/3612/3612
f 3613/3613/3613 3614/3614/3614 3615/3615/3615
f 3616/3616/3616 3617/3617/3617 3618/3618/3618
f 3619/3619/3619 3620/3620/3620 3621/3621/3621
f 3622/3622/3622 3623/3623/3623 3624/3624/3624
f 3625/3625/3625 3626/3626/3626 3627/3627/3627
f 3628/3628/3628 3629/3629/3629 3630/3630/3630
f 3631/3631/3631 3632/3632/3632 3633/3633/3633
f 3634/3634/3634 3635/3635/3635 3636/3636/3636
f 3637/3637/3637 3638/3638/3638 3639/3639/3639
f 3640/3640/3640 3641/3641/3641 3642/3642/3642
f 3643/3643/3643 3644/3644/3644 3645/3645/3645
f 3646/3646/3646 3647/3647/3647 3648/3648/3648
f 3649/3649/3649 3650/3650/3650 3651/3651/3651
f 3652/3652/3652 3653/3653/3653 3654/3654/3654
f 3655/3655/3655 3656/3656/3656 3657/3657/3657
f 3658/3658/3658 3659/3659/3659 3660/3660/3660
f 3661/3661/3661 3662/3662/3662 3663/3663/3663
f 3664/3664/3664 3665/3665/3665 3666/3666/3666
f 3667/3667/3667 3668/3668/3668 3669/3669/3669
f 3670/3670/3670 3671/3671/3671 3672/3672/3672
f 3673/3673/3673 3674/3674/3674 3675/3675/3675
f 3676/3676/3676 3677/3677/3677 3678/3678/3678
f 3679/3679/3679 3680/3680/3680 3681/3681/3681
f 3682/3682/3682 3683/3683/3683 3684/3684/3684
f 3685/3685/3685 3686/3686/3686 3687/3687/3687
f 3688/3688/3688 3689/3689/3689 3690/3690/3690
f 3691/3691/3691 3692/3692/3692 3693/3693/3693
f 3694/3694/3694 3695/3695/3695 3696/3696/3696
f 3697/3697/3697 3698/3698/3698 3699/3699/3699
f 3700/3700/3700 3701/3701/3701 3702/3702/3702
f 3703/3703/3703 3704/3704/3704 3705/3705/3705
f 3706/3706/3706 3707/3707/3707 3708/3708/3708
f 3709/3709/3709 3710/3710/3710 3711/3711/3711
f 3712/3712/3712 3713/3713/3713 3714/3714/3714
f 3715/3715/3715 3716/3716/3716 3717/3717/3717
f 3718/3718/3718 3719/3719/3719 3720/3720/3720
f 3721/3721/3721 3722/3722/3722 3723/3723/3723
f 3724/3724/3724 3725/3725/3725 3726/3726/3726
f 3727/3727/3727 3728/3728/3728 3729/3729/3729
f 3730/3730/3730 3731/3731/3731 3732/3732/3732
f 3733/3733/3733 3734/3734/3734 3735/3735/3735
f 3736/3736/3736 3737/3737/3737 3738/3738/3738
f 3739/3739/3739 3740/3740/3740 3741/3741/3741
f 3742/3742/3742 3743/3743/3743 3744/3744/3744
f 3745/3745/3745 3746/3746/3746 3747/3747/3747
f 3748/3748/3748 3749/3749/3749 3750/3750/3750
f 3751/3751/3751 3752/3752/3752 3753/3753/3753
f 3754/3754/3754 3755/3755/3755 3756/3756/3756
f 3757/3757/3757 3758/3758/3758 3759/3759/3759
f 3760/3760/3760 3761/3761/3761 3762/3762/3762
f 3763/3763/3763 3764/3764/3764 3765/3765/3765
f 3766/3766/3766 3767/3767/3767 3768/3768/3768
f 3769/3769/3769 3770/3770/3770 3771/3771/3771
f 3772/3772/3772 3773/3773/3773 3774/3774/3774
f 3775/3775/3775 3776/3776/3776 3777/3777/3777
f 3778/3778/3778 3779/3779/3779 3780/3780/3780
f 3781/3781/3781 3782/3782/3782 3783/3783/3783
f 3784/3784/3784 3785/3785/3785 3786/3786/3786
f 3787/3787/3787 3788/3788/3788 3789/3789/3789
f 3790/3790/3790 3791/3791/3791 3792/3792/3792
