# File generated by ImageToStl.com - Free Image and 3D model conversion tools

mtllib Mountain_desert_003.mtl

# Mountain_desert_003_0
o obj1
v 1150.00012207 -3.77E-05 -862.49981689
v 1150.00012207 -4.398E-05 -1006.24981689
v 1006.25012207 82.27436829 -1006.24981689
v 1150.00012207 -5.027E-05 -1149.99975586
v 1006.25018311 -5.027E-05 -1149.99975586
v 862.50018311 -5.027E-05 -1149.99975586
v 862.50012207 82.27436829 -1006.24981689
v 862.50012207 38.36056137 -898.43737793
v 1006.25012207 38.36056137 -898.43737793
v 718.75012207 -4.398E-05 -1006.24981689
v 718.75018311 -5.027E-05 -1149.99975586
v 575.00018311 -5.027E-05 -1149.99975586
v 575.00012207 -4.398E-05 -1006.24987793
v 575.00012207 26.63917542 -862.49987793
v 718.75012207 38.36056137 -898.43737793
v 431.25015259 124.98872375 -1006.24987793
v 431.25018311 -5.027E-05 -1149.99975586
v 287.50015259 -5.027E-05 -1150
v 287.50015259 124.98872375 -1006.24987793
v 287.50012207 39.15500641 -862.49987793
v 431.25009155 -3.77E-05 -862.49987793
v 143.75015259 -4.398E-05 -1006.25
v 143.75016785 -5.027E-05 -1150
v 0.00017365 -5.027E-05 -1150
v 35.93765259 38.17641449 -1006.25
v 63.88902664 73.7113266 -926.38885498
v 143.75013733 51.32115936 -898.4375
v 0.00013371 366.02770996 -885.49993896
v -35.93734741 293.5246582 -1006.25
v -143.74984741 410.56958008 -1006.25
v -63.88872147 278.43713379 -1086.11108398
v -143.74983215 359.24841309 -1114.0625
v -287.49981689 485.21652222 -1127
v -251.56233215 539.55535889 -1006.25
v -223.61099243 582.27929688 -926.38891602
v -143.74986267 487.59344482 -898.4375
v -287.49987793 1016.20672607 -862.50012207
v -323.43734741 866.54833984 -1006.25
v -431.24984741 916.66564941 -1006.25
v -351.38870239 784.75341797 -1086.11108398
v -431.24981689 797.7387085 -1114.06262207
v -511.1109314 784.75341797 -1088.80981445
v -539.06231689 866.54833984 -1012.32183838
v -575.97515869 957.70739746 -869.30047607
v -431.24984741 999.23718262 -862.5
v -641.59790039 114.60609436 -945.27893066
v -610.93731689 64.46590424 -1012.32183838
v -718.74987793 -4.398E-05 -1006.25012207
v -574.99981689 -5.027E-05 -1150.00012207
v -718.74981689 -5.027E-05 -1150.00012207
v -862.49981689 -5.027E-05 -1150.00012207
v -862.49987793 -4.398E-05 -1006.25012207
v -869.32678223 41.25816345 -869.30047607
v -724.84545898 64.46590424 -910.58111572
v -1006.24981689 116.00434875 -1006.25012207
v -1006.24981689 -5.027E-05 -1150.00012207
v -1149.99975586 -5.027E-05 -1150.00012207
v -1149.99975586 -4.398E-05 -1006.25018311
v -1149.99975586 -3.77E-05 -862.50018311
v -1006.24981689 116.00435638 -862.50012207
v 1127.00012207 500.73300171 -574.99981689
v 1114.06262207 359.89291382 -718.74981689
v 1006.25012207 411.30615234 -718.74987793
v 1086.11120605 279.29650879 -798.61090088
v 1006.25012207 294.6295166 -826.56237793
v 862.50012207 294.6295166 -826.56237793
v 862.50012207 411.30615234 -718.74987793
v 862.50012207 550.1505127 -610.93737793
v 1006.25012207 553.50140381 -610.93737793
v 718.75012207 411.30615234 -718.74987793
v 718.75012207 294.6295166 -826.56237793
v 638.88903809 279.29650879 -798.61108398
v 610.93762207 359.89291382 -718.74987793
v 575.00006104 485.72109985 -597.99987793
v 718.75012207 540.09796143 -610.93737793
v 511.11117554 108.80491638 -638.88885498
v 539.06262207 51.41324234 -718.74987793
v 431.25009155 -3.142E-05 -718.74987793
v 323.43762207 64.46591949 -718.74987793
v 351.38897705 114.60610962 -638.88885498
v 431.25009155 64.46591949 -610.93737793
v 251.56259155 1819.91784668 -575
v 251.56259155 1762.61938477 -718.75
v 143.75010681 1790.59729004 -718.75012207
v 223.61123657 1706.9041748 -798.61114502
v 143.75012207 1708.04956055 -826.56262207
v 0.0001229 1691.22351074 -826.56262207
v 0.00010853 1690.34838867 -718.75012207
v 8.682E-05 1752.38928223 -575.00012207
v 143.75007629 1782.85754395 -575.00012207
v -143.74989319 1609.27258301 -718.75006104
v -143.74986267 1640.74633789 -826.56262207
v -223.61099243 1602.61437988 -798.61132812
v -251.56237793 1600.46801758 -718.75012207
v -251.56240845 1637.10791016 -575.00012207
v -143.74990845 1734.20825195 -575.00012207
v -323.43740845 1094.26245117 -575.00012207
v -323.43737793 1094.26245117 -718.75012207
v -431.24984741 1026.76098633 -718.75012207
v -574.99987793 1003.97961426 -718.75012207
v -574.99987793 1068.75708008 -575.00012207
v -431.24990845 1026.76098633 -575.00012207
v -718.74987793 935.63549805 -718.75012207
v -724.84545898 883.14697266 -838.70611572
v -817.57489014 806.88494873 -817.50115967
v -838.75341797 826.19360352 -724.82196045
v -869.3269043 912.88415527 -598.97167969
v -718.74987793 1035.1574707 -610.93762207
v -945.35272217 114.60610962 -641.58758545
v -910.62841797 64.46591949 -724.82189941
v -1006.24981689 -3.142E-05 -718.75012207
v -1149.99975586 -3.142E-05 -718.75018311
v -1149.99975586 -2.513E-05 -575.00018311
v -1012.34539795 64.46591949 -610.93768311
v 1114.0625 1454.63366699 -287.49987793
v 1114.06262207 1373.49902344 -431.24984741
v 1006.25 1423.03308105 -431.24990845
v 1086.11120605 1279.0736084 -511.11096191
v 1006.25 1283.66137695 -539.06237793
v 862.5 1280.31054688 -539.06237793
v 862.5 1423.03308105 -431.24990845
v 862.5 1517.64355469 -287.49993896
v 1006.25 1515.75854492 -287.49990845
v 718.75006104 1423.03308105 -431.24990845
v 718.75006104 1270.25805664 -539.06237793
v 638.88897705 1243.33105469 -511.11102295
v 610.93756104 1360.09570312 -431.24993896
v 610.93756104 1462.59265137 -287.49996948
v 718.75006104 1523.29821777 -287.49993896
v 539.06256104 1066.31445312 -287.49993896
v 539.06256104 982.47070312 -431.24993896
v 431.25006104 919.5333252 -431.25
v 575.00006104 856.69232178 -552
v 431.25009155 802.0402832 -539.06243896
v 310.50006104 876.815979 -574.99993896
v 323.43756104 1000.43829346 -431.25
v 288.24484253 1017.94604492 -287.5
v 431.25 999.95404053 -287.49996948
v 223.61116028 1808.76794434 -351.38891602
v 251.56254578 1839.01733398 -431.25006104
v 143.75006104 1877.90942383 -431.25006104
v 6.512E-05 1858.93969727 -431.25009155
v 4.502E-05 1834.27502441 -323.43756104
v 143.75004578 1839.01733398 -323.43753052
v -143.74993896 1802.03100586 -431.25009155
v -251.56242371 1725.19970703 -431.25009155
v -223.61106873 1758.18249512 -351.38897705
v -143.74995422 1820.04772949 -323.43759155
v -323.43743896 1094.26245117 -287.50009155
v -323.43743896 1094.26245117 -431.25009155
v -431.24993896 1026.76098633 -431.25009155
v -539.06237793 1104.57739258 -431.25015259
v -539.06237793 1094.13769531 -287.50015259
v -431.24993896 1026.76098633 -287.50009155
v -610.93737793 1498.39794922 -287.50015259
v -610.93737793 1571.47607422 -431.25015259
v -718.74987793 1649.2923584 -431.25018311
v -638.88885498 1537.98046875 -511.11120605
v -718.74987793 1611.65979004 -539.06262207
v -862.49987793 1514.68249512 -539.06262207
v -862.49987793 1558.01049805 -431.25015259
v -862.49987793 1477.19616699 -287.50018311
v -718.74987793 1565.7746582 -287.50018311
v -1006.24987793 1649.2923584 -431.25024414
v -1006.24987793 1611.65979004 -539.06262207
v -1083.56176758 1537.98046875 -511.11126709
v -1108.32666016 1571.47607422 -431.25018311
v -1104.02490234 1514.6192627 -287.50021362
v -1006.24987793 1576.58886719 -287.50021362
v 1086.11108398 1376.39831543 -63.8887825
v 1114.0625 1446.49267578 -143.74989319
v 1006.25 1387.83984375 -143.74990845
v 862.5 1395.37976074 -143.74990845
v 862.5 1423.47143555 6.61E-05
v 1006.25 1408.79321289 -35.93741226
v 718.75 1536.6138916 -143.74996948
v 610.9375 1491.73193359 -143.74996948
v 610.9375 1463.29492188 2.829E-05
v 718.75 1495.73413086 4.315E-05
v 539.0625 1076.39245605 3.435E-05
v 539.0625 1094.26245117 -143.74996948
v 431.25 1026.76098633 -143.74998474
v 323.43753052 962.88183594 -143.75
v 323.4375 948.2366333 3.26437736
v 431.25 1010.02368164 2.097E-05
v 263.29290771 577.51452637 19.58623314
v 264.96871948 579.60681152 -143.74996948
v 197.37483215 515.72753906 -143.74998474
v 244.46525574 629.29064941 -223.6111145
v 190.67175293 579.60681152 -251.56246948
v 126.45119476 629.29064941 -223.61114502
v 116.3747406 579.60681152 -143.75
v 106.32006836 579.60675049 3.26435566
v 190.67172241 515.72753906 13.05748177
v -35.9375 1475.66918945 -6.993E-05
v -35.93747711 1499.27172852 -143.75006104
v -143.74996948 1566.77331543 -143.75007629
v 3.994E-05 1548.46337891 -264.50006104
v -143.74996948 1605.66516113 -251.56257629
v -264.49996948 1545.42822266 -287.50009155
v -251.56246948 1499.27172852 -143.75007629
v -251.5625 1475.66918945 -0.00010058
v -143.75 1539.79882812 -8.901E-05
v -310.5 1026.92126465 -9.177E-05
v -323.43743896 1094.26245117 -143.75009155
v -431.24993896 1026.76098633 -143.75010681
v -539.0625 1083.44836426 -143.75012207
v -575 1016.96740723 63.52526093
v -431.25 962.88183594 -35.937603
v -638.88885498 1345.8380127 -63.88904572
v -610.9375 1423.57226562 -143.75013733
v -718.75 1480.25964355 -143.75016785
v -862.5 1399.79187012 -143.75021362
v -862.5 1387.64233398 -0.00019089
v -718.75 1369.5012207 -35.93766785
v -1006.25 1462.33630371 -143.75021362
v -1102.59106445 1427.27746582 -143.75024414
v -1104.02490234 1462.61206055 -0.00023254
v -1006.25 1478.52978516 -0.00021657
v 1086.11108398 305.26651001 223.61126709
v 1114.0625 379.37045288 143.75015259
v 1006.25 433.56622314 143.75013733
v 1127 503.84945679 0.00014815
v 1006.25 559.06640625 35.9376297
v 926.38885498 597.33886719 63.88900375
v 898.4375 507.71551514 143.75010681
v 862.5 383.35128784 296.20507812
v 1006.24987793 328.01959229 251.56262207
v 798.61108398 1302.5447998 223.6111908
v 826.5625 1363.73242188 143.75006104
v 718.75 1433.41369629 143.75004578
v 610.9375 1393.06311035 143.75003052
v 638.88885498 1300.70300293 223.61116028
v 718.74987793 1328.56311035 251.56254578
v 574.99987793 917.92028809 279.12438965
v 539.0625 1022.78204346 143.75003052
v 431.24993896 959.81188965 143.75001526
v 323.43743896 904.30133057 156.80747986
v 351.38882446 835.09075928 264.234375
v 431.24993896 862.45812988 277.67745972
v 288.57241821 545.60327148 437.43539429
v 258.26556396 571.23815918 222.09489441
v 170.56237793 515.72753906 195.97991943
v 76.15608215 579.60681152 156.8074646
v 45.99210739 579.60675049 322.10861206
v 150.45304871 515.72753906 375.85983276
v -63.88891983 1320.88964844 223.61106873
v -35.93751907 1404.86108398 143.74993896
v -143.75001526 1458.87536621 143.74992371
v -251.5625 1404.86108398 143.74990845
v -223.61116028 1320.88964844 223.61103821
v -143.75003052 1337.42480469 251.56242371
v -310.50003052 515.35198975 297.11425781
v -323.43753052 579.60681152 143.74992371
v -431.25 515.72753906 143.74992371
v -351.3888855 629.29064941 63.88880539
v -431.25 579.60681152 35.93740845
v -575 579.60675049 122.46277618
v -575 515.72753906 143.74987793
v -575.00006104 474.46932983 287.49987793
v -431.25 451.26165771 251.56240845
v -718.74987793 446.50100708 143.74987793
v -718.75 579.60681152 35.93736649
v -798.61120605 629.29064941 63.88873291
v -826.5625 579.60681152 143.74984741
v -826.5625 578.1104126 287.49984741
v -718.75006104 446.50100708 287.49984741
v -926.38891602 1308.92797852 223.61094666
v -898.4375 1352.63305664 143.74980164
v -1006.25 1378.17175293 143.74977112
v -1108.32666016 1354.79187012 143.74977112
v -1083.56188965 1332.95959473 223.61090088
v -1006.25 1348.30859375 251.56228638
v 1149.99975586 2.513E-05 575.00018311
v 1149.99975586 1.885E-05 431.25018311
v 1006.24987793 1.885E-05 431.25015259
v 1150 1.257E-05 287.50015259
v 1006.24987793 43.92562103 323.43765259
v 926.38873291 78.11528778 351.38903809
v 898.43737793 43.98256683 431.25009155
v 862.49987793 28.17618942 575.00012207
v 1006.24987793 2.513E-05 575.00012207
v 798.61108398 278.41091919 516.91455078
v 826.56237793 318.14807129 444.30761719
v 718.74987793 392.94113159 483.48001099
v 718.74987793 489.19061279 401.78250122
v 574.99987793 531.68322754 460.5411377
v 574.99987793 433.96481323 522.65240479
v 574.99987793 346.05480957 589.62445068
v 718.74987793 318.43276978 552.12011719
v 431.24990845 474.87469482 535.7098999
v 431.24993896 552.65625 480.12722778
v 287.49990845 505.51437378 532.6673584
v 287.49990845 482.20529175 612.87304688
v 431.24990845 435.25341797 601.11505127
v 143.74992371 515.72753906 523.53973389
v 35.93743134 579.60681152 504.39715576
v -8.233E-05 510.64849854 696.63018799
v 143.74990845 500.5022583 648.1472168
v -63.88896561 913.19799805 542.26867676
v -35.93756104 962.88183594 441.2649231
v -143.75006104 1026.76098633 431.24990845
v -21.92754745 1013.97351074 289.10232544
v -143.75004578 1067.28796387 323.43740845
v -264.50003052 1013.97351074 289.10229492
v -251.56254578 962.88183594 441.26486206
v -223.6111908 913.19799805 542.26861572
v -143.75007629 962.88183594 559.09234619
v -287.50009155 52.18689346 586.21661377
v -323.43756104 64.46596527 441.26486206
v -431.25006104 1.885E-05 431.24993896
v -351.38891602 114.60614014 355.83990479
v -431.25006104 64.46595764 323.43743896
v -511.1111145 114.60614014 351.38879395
v -539.06256104 64.46596527 431.24990845
v -575.00006104 52.18689346 574.99987793
v -431.25009155 19.51549721 574.99987793
v -638.88897705 401.12142944 511.11096191
v -610.93756104 451.26165771 431.24990845
v -718.75006104 446.50100708 431.24984741
v -826.5625 573.62127686 431.24981689
v -865.80419922 510.81143188 575
v -718.75006104 451.26165771 539.06237793
v -928.59173584 857.33325195 511.11087036
v -898.4375 920.98321533 431.24981689
v -1006.25 978.87695312 431.24981689
v -885.50006104 1007.56463623 287.49984741
v -1006.25 1058.93334961 323.43728638
v -1066.92419434 1009.29492188 287.49978638
v -1123.97521973 920.98321533 431.24975586
v -1101.53100586 857.33325195 511.11087036
v -1011.2064209 891.05578613 539.06225586
v 1149.99975586 3.77E-05 862.50018311
v 1149.99975586 3.142E-05 718.75018311
v 1006.24981689 118.32046509 718.75012207
v 862.49987793 118.32046509 718.75012207
v 862.49987793 118.32046509 862.50012207
v 1006.24981689 3.77E-05 862.50012207
v 718.74987793 3.142E-05 718.75012207
v 718.74987793 44.03952408 610.93762207
v 638.88879395 78.56615448 638.88903809
v 610.93737793 44.65533066 718.75012207
v 574.99987793 28.87501144 862.5
v 718.74987793 3.77E-05 862.50012207
v 511.11096191 284.31021118 798.61126709
v 539.06237793 322.80029297 718.75006104
v 431.24984741 398.0953064 718.75006104
v 287.49987793 432.70443726 728.76501465
v 287.49987793 347.43292236 864.53063965
v 431.24984741 325.8793335 826.5625
v 143.74986267 454.82601929 758.80981445
v 35.93738937 407.89642334 778.83966064
v 35.93736649 362.03399658 878.19146729
v 143.74986267 400.76107788 873.27947998
v -35.9376297 67.00536346 865.09924316
v -35.93761063 68.59573364 728.76489258
v -143.75010681 39.03097916 718.75
v -63.88898468 116.44160461 670.04644775
v -143.75007629 74.22371674 630.96740723
v -287.50012207 68.30418396 718.74987793
v -287.50012207 102.45626068 862.49987793
v -143.75013733 58.54645538 862.5
v -431.25009155 78.06192017 718.74987793
v -575.00012207 68.30418396 718.74987793
v -575.00012207 102.45626068 862.49987793
v -431.25009155 117.09287262 862.49987793
v -718.75012207 39.03097916 718.74987793
v -718.75012207 74.22370911 610.93737793
v -798.61132812 118.94293213 638.88879395
v -826.56262207 74.22371674 718.74987793
v -862.50012207 50.62567139 862.49987793
v -718.75012207 58.54645538 862.49987793
v -928.59179688 401.12145996 798.61108398
v -903.3939209 451.26171875 718.74987793
v -1026.07556152 515.7276001 718.74981689
v -1035.98828125 567.63580322 610.93725586
v -1183.30419922 508.64831543 574.99981689
v -1143.80078125 451.26171875 718.74981689
v -1099.328125 401.12145996 798.61090088
v -1011.2064209 451.26171875 826.56231689
v 1149.99975586 5.027E-05 1150.00012207
v 1149.99975586 4.398E-05 1006.25018311
v 1006.24981689 4.398E-05 1006.25012207
v 862.49987793 118.32048035 1006.25012207
v 862.49981689 5.027E-05 1150.00012207
v 1006.24981689 5.027E-05 1150.00012207
v 718.74987793 4.398E-05 1006.25012207
v 574.99987793 4.398E-05 1006.25
v 574.99981689 5.027E-05 1150.00012207
v 718.74981689 5.027E-05 1150.00012207
v 431.24984741 4.398E-05 1006.25
v 431.24984741 45.27113342 898.4375
v 351.38870239 80.75058746 926.55877686
v 323.43734741 45.87547684 1006.63232422
v 287.49981689 5.027E-05 1150
v 431.24981689 5.027E-05 1150.00012207
v 223.61094666 274.08364868 1089.67944336
v 251.56233215 319.46954346 1008.9262085
v 143.74984741 360.36941528 1009.30841064
v 35.93734741 311.17694092 1008.92608643
v 63.88872147 260.39273071 1089.67944336
v 143.74983215 294.35137939 1118.65014648
v -0.00017365 5.027E-05 1150
v -35.93765259 53.97468948 1006.63232422
v -143.75015259 39.0309906 1006.25
v -287.50015259 68.30419159 1006.24987793
v -287.50015259 5.027E-05 1150
v -143.75016785 5.027E-05 1150
v -431.25015259 78.06193542 1006.24987793
v -575.00012207 68.30419159 1006.24987793
v -575.00018311 5.027E-05 1149.99975586
v -431.25018311 5.027E-05 1149.99975586
v -718.75012207 39.0309906 1006.24981689
v -862.50012207 9.75778008 1006.24981689
v -862.50018311 5.027E-05 1149.99975586
v -718.75018311 5.027E-05 1149.99975586
v -1006.25012207 4.398E-05 1006.24981689
v -1006.25012207 64.46598816 898.43737793
v -1150.00012207 3.77E-05 862.49981689
v -1150.00012207 4.398E-05 1006.24981689
v -1150.00012207 5.027E-05 1149.99975586
v -1006.25018311 5.027E-05 1149.99975586
v 1006.25012207 153.44236755 -862.49987793
v 862.50012207 153.44236755 -862.49987793
v 1114.06262207 166.49505615 -826.56231689
v 718.75012207 153.44236755 -862.49987793
v 610.93762207 166.49505615 -826.56237793
v 575.00012207 205.65307617 -718.74987793
v 539.06262207 244.81111145 -610.93737793
v 431.25009155 257.86376953 -574.99987793
v 323.43759155 257.86376953 -610.93737793
v 323.43759155 491.68466187 -610.93737793
v 431.25009155 488.33383179 -574.99987793
v 287.50012207 257.86376953 -718.74987793
v 251.56262207 244.7190094 -826.56237793
v 251.56262207 492.07278442 -826.56237793
v 287.50012207 501.73730469 -718.74987793
v 143.75013733 205.28475952 -862.5
v 35.93763733 165.85054016 -898.4375
v 143.75013733 436.27227783 -862.5
v 0.00015194 152.70579529 -1006.25
v -35.93732834 165.8505249 -1114.0625
v -143.74983215 -5.027E-05 -1150
v -143.74983215 205.28475952 -1150
v -287.49981689 -5.027E-05 -1150
v -287.49981689 244.7190094 -1150
v -431.24981689 -5.027E-05 -1150.00012207
v -431.24981689 257.86373901 -1150.00012207
v -539.06231689 257.86373901 -1120.13439941
v -539.06231689 491.05740356 -1123.17028809
v -431.24981689 487.61691284 -1150.00012207
v -574.99981689 257.86373901 -1030.53723145
v -617.03295898 257.86373901 -940.93988037
v -620.08068848 508.85263062 -962.19110107
v -574.99981689 501.37887573 -1042.68078613
v -743.13208008 257.86373901 -911.07415771
v -869.23120117 257.86373901 -869.06488037
v -890.56567383 495.20706177 -890.31610107
v -755.32318115 503.75009155 -935.36126709
v -911.26422119 257.86376953 -743.03717041
v -941.10620117 257.86376953 -617.00939941
v -962.44067383 495.20706177 -620.04528809
v -935.64642334 492.35940552 -755.18066406
v -1030.63208008 257.86376953 -575.00018311
v -1124.39135742 257.86376953 -539.06268311
v -1128.12194824 512.29315186 -539.06268311
v -1042.82312012 503.75009155 -575.00018311
v -1149.99975586 -1.885E-05 -431.25018311
v -1166.93371582 257.86376953 -431.25018311
v -1150 -1.257E-05 -287.50015259
v -1116.83776855 257.86376953 -287.50015259
v -1184.41381836 515.14080811 -287.50018311
v -1169.66491699 515.14086914 -431.25018311
v -1150 -6.28E-06 -143.75016785
v -1121.07128906 257.86376953 -143.75018311
v -1150 -0 -0.00017365
v -1184.59057617 257.86376953 -0.00018633
v -1191.84851074 515.14080811 -0.00019771
v -1189.3302002 515.14086914 -143.75019836
v -1150 6.28E-06 143.74983215
v -1244.24804688 257.86376953 143.74980164
v -1150 1.257E-05 287.49981689
v -1246.41674805 257.86380005 287.49981689
v -1206.95800781 513.64440918 287.49978638
v -1199.40319824 515.14086914 143.74978638
v -1150.00012207 1.885E-05 431.24981689
v -1189.65100098 257.86380005 431.24981689
v -1150.00012207 2.513E-05 574.99981689
v -1227.00927734 257.86380005 574.99981689
v -1209.47631836 509.15527344 431.24981689
v -1150.00012207 3.142E-05 718.74981689
v -1212.14013672 257.86380005 718.74981689
v -1119.0189209 257.86383057 826.56231689
v -1006.25012207 257.86383057 862.49987793
v -898.43762207 257.86383057 826.56237793
v -862.50012207 257.86380005 718.74987793
v -826.56262207 257.86380005 610.93737793
v -718.75006104 257.86380005 574.99987793
v -610.93756104 257.86380005 539.06237793
v -575.00006104 257.86380005 431.24990845
v -539.06256104 257.86380005 323.43740845
v -431.25 257.86380005 287.49993896
v -323.43756104 257.86380005 333.45239258
v -287.50006104 257.86380005 471.30975342
v -251.56259155 257.86380005 609.16711426
v -251.56257629 515.14086914 644.21942139
v -287.50006104 515.14086914 491.33969116
v -143.75007629 257.86380005 655.11962891
v -35.93758774 252.23583984 681.04217529
v -143.75007629 515.14093018 695.17944336
v -0.00010695 235.35191345 758.80981445
v -0.0001299 209.47491455 872.8972168
v -0.00015217 176.86769104 1007.77923584
v 35.93732834 155.5164032 1116.73864746
v 143.74983215 5.027E-05 1150
v 143.74983215 163.40724182 1153.05847168
v 251.56233215 179.68682861 1116.73864746
v 287.49984741 183.50178528 1007.77929688
v 323.43737793 181.68875122 898.81982422
v 431.24984741 181.08441162 862.5
v 539.06237793 180.46861267 826.5625
v 574.99987793 178.62121582 718.75006104
v 610.93737793 176.77380371 610.93762207
v 718.74987793 176.15800476 575.00012207
v 826.56237793 176.10105896 539.06262207
v 862.49987793 175.93022156 431.25009155
v 898.43737793 175.7593689 323.43762207
v 1006.24987793 175.7024231 287.50015259
v 1114.0625 185.97261047 251.56266785
v 1150 6.28E-06 143.75016785
v 1150 216.78311157 143.75015259
v 1150 0 0.00017365
v 1150 247.59361267 0.00016282
v 1150 -6.28E-06 -143.74983215
v 1081.16479492 257.86376953 -143.74984741
v 1150 -1.257E-05 -287.49981689
v 1081.16479492 257.86376953 -287.49981689
v 1150 515.14080811 -287.49984741
v 1150 515.14086914 -143.74986267
v 1150.00012207 -1.885E-05 -431.24981689
v 1081.16491699 257.86376953 -431.24984741
v 1150.00012207 -2.513E-05 -574.99981689
v 1081.16491699 244.81111145 -574.99981689
v 1150.00012207 515.14086914 -431.24981689
v 1150.00012207 -3.142E-05 -718.74981689
v 1150.00012207 205.65307617 -718.74981689
v -143.74986267 718.66522217 -862.5
v -251.56236267 744.33758545 -898.4375
v -143.74986267 1017.23864746 -862.5
v 0.00013023 1010.66619873 -862.5
v 0.00013247 692.37573242 -978.36932373
v -287.49984741 716.19659424 -1006.25
v -323.43731689 674.91082764 -1114.0625
v -431.24981689 661.14886475 -1150.00012207
v -539.06231689 674.91082764 -1120.13439941
v -574.99981689 716.19659424 -1030.53723145
v -617.03295898 746.09161377 -940.93988037
v -743.13208008 725.68145752 -911.07415771
v -869.23120117 691.50939941 -869.06488037
v -911.26422119 680.11871338 -743.03723145
v -941.10620117 691.50939941 -617.00946045
v -1030.63208008 725.68151855 -575.00024414
v -1118.65563965 759.85357666 -539.06274414
v -1108.04101562 1031.3482666 -539.06274414
v -1012.34552002 982.66894531 -575.00024414
v -1143.99084473 771.2442627 -431.25024414
v -1085.02148438 771.2442627 -287.50015259
v -1042.72070312 1032.96203613 -287.50015259
v -1119.81896973 1040.69824219 -431.25024414
v -1137.98193359 771.2442627 -143.75019836
v -1144.44055176 771.2442627 -0.00020652
v -1098.42236328 1027.46362305 -0.00022031
v -1089.63818359 1030.38330078 -143.75022888
v -1163.81640625 771.2442627 143.74977112
v -1122.39428711 765.25878906 287.49978638
v -1124.77539062 1018.70422363 143.74978638
v -1189.65100098 747.30224609 431.24975586
v -1148.75720215 729.34570312 539.06225586
v -1026.07556152 723.36022949 574.99975586
v -903.3939209 729.34576416 539.06231689
v -862.5 747.30230713 431.24981689
v -862.5 765.25878906 287.49984741
v -862.5 771.2442627 143.74981689
v -826.5625 771.2442627 35.93733978
v -826.5625 1008.53863525 35.93732834
v -862.5 1007.89001465 143.74981689
v -718.75 771.2442627 -0.00014224
v -575 771.2442627 86.52526855
v -718.75 1008.75494385 -0.00015262
v -431.25 771.2442627 -9.883E-05
v -323.4375 771.2442627 35.93741608
v -287.50003052 771.2442627 143.74992371
v -287.50003052 771.2442627 297.51489258
v -287.50003052 1016.89605713 143.74990845
v -287.50006104 771.2442627 471.3097229
v -251.56259155 771.2442627 609.16705322
v -143.75007629 771.24432373 655.11956787
v -35.93757629 771.2442627 609.16711426
v -6.354E-05 771.2442627 471.30975342
v 6.7030592 771.2442627 297.5149231
v 26.81238556 771.2442627 143.74996948
v 46.92171478 771.2442627 -3.044E-05
v 11.7304287 1027.01147461 -4.407E-05
v 6.70308018 1016.89605713 143.74995422
v 53.62483978 771.2442627 -143.75001526
v 82.85925293 771.2442627 -251.5625
v 47.66796875 1030.38330078 -251.56254578
v 13.40622616 1030.38330078 -143.75004578
v 170.56243896 771.2442627 -287.49996948
v 258.265625 771.2442627 -251.56246948
v 150.45314026 1030.38330078 -287.5
v 287.50003052 771.2442627 -143.74998474
v 287.5 762.87567139 13.0574913
v 287.49993896 737.76977539 195.97993469
v 323.43743896 712.66381836 342.96487427
v 431.24993896 704.29516602 391.95986938
v 574.99987793 702.39367676 378.90240479
v 718.74987793 696.68908691 339.73001099
v 826.56237793 701.25457764 264.62008667
v 826.56237793 977.96514893 254.82695007
v 718.74987793 944.10131836 300.55755615
v 862.5 730.16357422 143.75009155
v 898.4375 760.97412109 35.937603
v 898.4375 1011.39599609 35.93759155
v 862.5 999.67327881 143.75007629
v 1006.25 771.2442627 0.00011823
v 1114.0625 771.2442627 -35.93736267
v 1114.0625 1017.1885376 -35.93737411
v 1006.25 1015.30358887 0.00010756
v 1074.01904297 771.2442627 -143.74986267
v 1074.01904297 771.2442627 -287.49984741
v 1150 1024.00646973 -287.49984741
v 1150 1022.84344482 -143.74987793
v 1074.01928711 771.2442627 -431.24990845
v 1114.06262207 771.2442627 -539.06237793
v 1114.06262207 998.94018555 -539.06237793
v 1150.00012207 1012.41577148 -431.24984741
v 1006.25 771.2442627 -574.99987793
v 862.5 757.84082031 -509.68695068
v 862.5 974.34313965 -574.99987793
v 1006.25 994.44830322 -574.99987793
v 718.75006104 717.63049316 -509.68695068
v 575.00006104 677.41998291 -574.99993896
v 718.75006104 914.02758789 -574.99987793
v 431.25009155 664.01654053 -574.99993896
v 323.43759155 677.41998291 -610.93743896
v 287.50012207 717.63043213 -718.74993896
v 251.56262207 744.69598389 -826.56237793
v 251.56262207 1006.99194336 -826.56237793
v 287.50012207 949.96264648 -718.74993896
v 143.75015259 718.66522217 -978.36932373
v 143.75013733 1017.23864746 -862.5
v -287.49987793 1296.76708984 -718.75012207
v -287.49990845 1296.76708984 -575.00012207
v -287.49990845 1504.96704102 -575.00012207
v -287.49987793 1500.22460938 -718.75012207
v -251.56237793 1502.23852539 -826.56262207
v -251.56237793 1296.76708984 -826.56262207
v -287.49993896 1296.76708984 -431.25006104
v -287.49993896 1296.76708984 -287.50006104
v -287.49993896 1519.1940918 -431.25006104
v -287.49993896 1296.76708984 -143.75010681
v -287.5 1283.27990723 -9.951E-05
v -287.50003052 1242.81811523 143.74989319
v -251.56253052 1202.35644531 251.56240845
v -143.75004578 1188.86914062 287.49990845
v -35.93753815 1202.35644531 251.56245422
v -2.171E-05 1242.81811523 143.74993896
v 0 1283.27990723 -5.609E-05
v 2.171E-05 1296.76708984 -143.75006104
v 35.93753815 1296.76708984 -251.56254578
v 143.75004578 1296.76708984 -287.5
v 251.56254578 1283.36364746 -323.4375
v 251.56254578 1534.81298828 -323.43753052
v 143.75004578 1538.16381836 -287.50003052
v 287.50006104 1243.15332031 -431.25
v 287.50009155 1216.34643555 -574.99993896
v 287.50009155 1515.33007812 -574.99993896
v 287.50006104 1524.76025391 -431.25
v 287.50012207 1243.15332031 -718.74993896
v 251.56262207 1283.36364746 -826.5625
v 251.56262207 1515.71350098 -826.5625
v 287.50012207 1513.84631348 -718.74993896
v 143.75013733 1296.76708984 -789.40899658
v 0.00012683 1296.76708984 -789.40899658
v 0.00013023 1514.32189941 -862.50012207
v 143.75013733 1516.33581543 -862.50012207
v -143.74986267 1296.76708984 -862.50012207
v -143.74986267 1508.28027344 -862.50012207
v 575.00006104 1171.28320312 -431.24993896
v 575.00006104 1265.39611816 -287.49993896
v 610.93756104 1090.57373047 -539.06237793
v 575 1296.76708984 -143.74996948
v 575 1275.49853516 3.107E-05
v 575 1211.69250488 143.75003052
v 610.93737793 1156.25524902 251.56254578
v 718.74987793 1160.0925293 287.50006104
v 826.56237793 1190.55847168 251.56257629
v 862.5 1215.00744629 143.75007629
v 898.4375 1231.0880127 35.93758392
v 1006.25 1236.44812012 9.789E-05
v 1114.0625 1243.98803711 -35.93738556
v 1150 1266.60766602 -143.74989319
v 1150 1271.25976562 -287.49984741
v 1150.00012207 1224.89709473 -431.24984741
v 1114.06262207 1170.99438477 -539.06237793
v 1006.25 1153.02697754 -574.99987793
v 862.5 1139.62341309 -574.99987793
v 718.75006104 1099.41308594 -574.99987793
v -718.74987793 1333.72338867 -575.00012207
v -862.49987793 1310.94213867 -575.00012207
v -610.93737793 1357.58081055 -539.06262207
v -1006.24987793 1333.72338867 -575.00012207
v -1108.32666016 1357.58081055 -539.06274414
v -1127.05700684 1338.0267334 -431.25024414
v -1109.84985352 1307.08203125 -287.50018311
v -1104.11413574 1296.76708984 -143.75024414
v -1109.84985352 1285.0880127 -0.00023139
v -1127.05712891 1250.05078125 143.74977112
v -1108.32666016 1215.0135498 251.56228638
v -1006.25 1203.33447266 287.49978638
v -898.4375 1204.19946289 251.56231689
v -862.5 1206.79406738 143.74981689
v -826.5625 1209.38867188 35.93731689
v -718.75 1210.25354004 -0.00016143
v -610.9375 1221.06762695 -35.93764496
v -575 1253.51037598 -143.75013733
v -574.99987793 1296.26782227 -287.50015259
v -574.99987793 1338.0267334 -431.25015259
v -143.74995422 1722.34130859 -287.50009155
v 4.341E-05 1722.34130859 -287.50006104
v -251.56245422 1703.37158203 -323.43759155
v 143.75004578 1722.34130859 -287.50003052
v 251.56254578 1722.34130859 -323.43753052
v 287.50006104 1722.34130859 -431.25006104
v 287.50009155 1711.42712402 -575
v 287.50012207 1678.68518066 -718.75
v 251.56262207 1645.94348145 -826.5625
v 143.75013733 1635.02941895 -862.50012207
v 0.00013023 1626.97387695 -862.50012207
v -143.74986267 1602.80700684 -862.50012207
v -251.56237793 1578.64013672 -826.56262207
v -287.49987793 1570.58435059 -718.75012207
v -287.49990845 1589.55407715 -575.00012207
v -287.49993896 1646.46276855 -431.25009155
vn 0.49674 0.8679 -0
vn 0 1 -0
vn 0 0.8679 -0.49674
vn 0 0.8679 -0.49674
vn 0 0.92612 0.37723
vn 0 0.92612 0.37723
vn 0 0.92612 0.37723
vn -0.46833 0.81828 0.3333
vn 0 0.8679 -0.49674
vn -0 1 -0
vn -0 1 -0
vn -0 1 -0
vn -0.12475 0.97558 -0.18079
vn 0.64982 0.74736 -0.1385
vn 0 1 -0
vn 0 0.75463 -0.65615
vn 0 0.75463 -0.65614
vn 0 0.75463 -0.65615
vn 0.22772 0.83603 0.4992
vn -0.59822 0.68801 0.41082
vn 0 0.75463 -0.65615
vn 0.31662 0.89415 -0.31662
vn 0.38926 0.78325 -0.48476
vn 0.62352 0.57434 -0.53043
vn 0.72237 0.588 -0.36392
vn 0.68158 0.5697 -0.45922
vn 0.72791 0.46526 -0.50367
vn 0.29079 0.62555 -0.72396
vn 0.35048 0.59022 -0.72719
vn -0.2444 0.61643 -0.74852
vn -0.2034 0.80101 -0.56304
vn -0.41299 0.62861 -0.659
vn 0 0.90564 -0.42405
vn 0 1 -0
vn 0 1 -0
vn -0.23226 0.92805 -0.29117
vn 0.61543 0.76263 -0.19908
vn 0 1 -0
vn -0.62801 0.77821 -0
vn -0.62801 0.77821 -0
vn -0.62801 0.77821 -0
vn -0.628 0.77821 0
vn -0.628 0.77821 -0
vn 0.31629 0.66324 -0.67828
vn 0.36544 0.58815 -0.72148
vn 0 0.67866 -0.73446
vn 0 0.67866 -0.73445
vn 0 0.67866 -0.73445
vn -0.01429 0.61325 -0.78976
vn 0 0.61331 -0.78984
vn 0 0.67866 -0.73445
vn -0.29514 0.61891 -0.72791
vn -0.29565 0.61373 -0.73207
vn -0.29472 0.61802 -0.72883
vn -0.29837 0.61512 -0.72979
vn -0.29334 0.61393 -0.73283
vn -0.33623 0.70506 -0.62437
vn -0.17814 0.96129 -0.21021
vn 0.49427 0.82661 -0.26911
vn 0.57056 0.5907 -0.57056
vn 0.23435 0.90306 -0.35996
vn 0.22412 0.76072 -0.60916
vn -0.57201 0.82022 0.00666
vn -0.19102 0.90123 -0.38896
vn -0.45984 0.81531 -0.35188
vn -0.3313 0.94349 0.00766
vn -0.08139 0.99668 -0.0017
vn -0.65754 0.73008 -0.18609
vn -0.53067 0.84758 -0
vn -0.53067 0.84758 0
vn -0.53067 0.84758 0
vn -0.10191 0.86332 -0.49426
vn -0.10185 0.86273 -0.4953
vn -0.1019 0.86316 -0.49454
vn -0.14982 0.94535 -0.28959
vn 0.25738 0.88099 -0.397
vn -0.39771 0.8365 -0.37695
vn -0.47443 0.8423 -0.25581
vn -0.6359 0.71358 -0.29398
vn -0.54839 0.62046 -0.56062
vn -0.47642 0.65102 -0.59093
vn 0.47899 0.87781 -0.00407
vn 0.47913 0.87774 -0.00049
vn 0.47901 0.8778 -0.00362
vn -0 1 -0
vn -0.42411 0.90561 0
vn 0.37148 0.80854 -0.45635
vn 0.30183 0.56198 -0.77011
vn 0 0.60275 -0.79793
vn 0.00923 0.83528 -0.54975
vn 0.00172 0.83531 -0.54977
vn 0.01095 0.83527 -0.54974
vn 0 0.83532 -0.54977
vn -0.04211 0.60222 -0.79722
vn -0.28768 0.4928 -0.82121
vn -0.41675 0.74014 -0.52774
vn -0.45026 0.77129 -0.44986
vn -0.29943 0.61486 -0.72958
vn 0.48205 0.64237 -0.59581
vn 0.12432 0.98816 -0.08991
vn 0.30651 0.84966 0.42911
vn -0.32254 0.93831 -0.12467
vn -0.10465 0.79896 -0.59221
vn -0.10191 0.79919 -0.59238
vn -0.10542 0.7989 -0.59216
vn -0.03214 0.97431 0.2229
vn -0.36004 0.90944 0.20806
vn -0.10109 0.79926 -0.59243
vn -0.51928 0.72867 -0.44654
vn -0.57804 0.80549 -0.13059
vn -0.57831 0.80536 -0.13021
vn -0.57778 0.80562 -0.13097
vn -0.53067 0.84758 -0
vn -0.53067 0.84758 0
vn -0.53067 0.84758 0
vn -0.53067 0.84758 -0
vn 0.55268 0.76572 -0.32897
vn 0.52896 0.84642 0.06147
vn 0.54108 0.74966 0.3811
vn 0.68117 0.55894 -0.47285
vn -0.50764 0.79943 -0.32128
vn -0.47319 0.76792 0.43172
vn 0.48429 0.76265 0.42875
vn 0.53059 0.78649 -0.31608
vn -0.53754 0.70513 -0.46244
vn -0.50526 0.7972 0.33043
vn -0.40911 0.752 0.51684
vn 0.49261 0.86886 0.04921
vn 0.03822 0.76118 0.64741
vn 0.03165 0.76136 0.64756
vn 0.03992 0.76113 0.64737
vn 0.05187 0.9802 -0.19112
vn 0.05219 0.9801 -0.19153
vn 0.0518 0.98022 -0.19102
vn 0.69413 0.70649 -0.13806
vn 0.02995 0.7614 0.64759
vn -0.37776 0.90745 -0.18395
vn -0.28309 0.94086 0.18612
vn -0.52747 0.84312 0.10451
vn -0.52775 0.84291 0.10479
vn -0.52195 0.84721 0.09896
vn -0.51743 0.84005 -0.16304
vn -0.51714 0.84017 -0.16335
vn -0.52388 0.83731 -0.15641
vn -0.46409 0.78327 0.41365
vn -0.49341 0.86551 0.08622
vn -0.68685 0.72679 0.00226
vn -0.71466 0.4967 0.49249
vn 0.53876 0.68316 0.49299
vn 0.60017 0.79882 0.04105
vn 0.52561 0.83949 0.13784
vn 0.36567 0.81887 0.44242
vn -0.50544 0.80728 0.3047
vn -0.50621 0.85102 0.13973
vn -0.48486 0.77442 0.40642
vn -0.53067 0.84758 -0
vn -0.53067 0.84758 -0
vn 0.46438 0.8832 0.06568
vn 0.52846 0.77747 0.34099
vn 0.32508 0.61827 0.71559
vn 0.48483 0.7758 0.40382
vn -0.44209 0.78976 0.42526
vn 0.14525 0.98588 0.08333
vn 0.39777 0.91422 0.07727
vn 0.52 0.75207 0.40496
vn -0.29653 0.81486 0.49806
vn -0.1561 0.95883 -0.23724
vn 0.31977 0.63613 0.7022
vn 0.4734 0.64436 0.60058
vn 0.37685 0.54794 0.74682
vn 0.44141 0.64135 0.62756
vn 0.4417 0.64138 0.62732
vn 0.44148 0.64136 0.6275
vn 0.41697 0.64515 0.64024
vn 0.40434 0.80435 0.43535
vn -0.31874 0.85163 0.41608
vn -0.4371 0.50894 0.74157
vn -0.3933 0.67337 0.62601
vn -0.49964 0.81163 0.30269
vn -0.41918 0.87287 0.24977
vn -0.3506 0.74311 0.56998
vn -0.56328 0.80743 0.1754
vn -0.64838 0.76128 0.0075
vn 0.52754 0.84319 0.10364
vn 0.48603 0.86943 0.08869
vn 0.30178 0.60236 0.73898
vn 0.47077 0.79145 0.38985
vn -0.40994 0.81823 0.40304
vn -0.37402 0.57073 0.73101
vn -0.47272 0.79784 0.37415
vn -0.56873 0.59421 0.56873
vn -0 0.31615 0.94871
vn 0.21872 0.93792 0.2692
vn -0.42007 0.87228 0.25036
vn -0.49589 0.27454 0.82385
vn 0.64749 0.52446 0.5529
vn 0.77689 0.62963 0.00034
vn 0.77358 0.6337 0.00107
vn 0.77555 0.63127 0.00527
vn 0.1965 0.82953 0.52275
vn 0.50604 0.80037 0.32144
vn -0.1808 0.78939 0.58667
vn -0.29903 0.89283 0.33681
vn -0 1 -0
vn -0 1 -0
vn 0 1 -0
vn 0.29223 0.95635 0
vn 0.33404 0.81881 0.46687
vn 0.19005 0.9696 0.15413
vn 0.60182 0.57994 0.54908
vn 0.71747 0.55643 0.41907
vn 0.35772 0.50093 0.7881
vn 0.30821 0.5765 0.75674
vn 0.2377 0.58863 0.77266
vn 0.18974 0.52668 0.82862
vn 0.1848 0.90505 0.38307
vn 0.3189 0.91013 0.2645
vn 0.05044 0.95905 0.27871
vn -0.34789 0.86549 0.36042
vn 0.50606 0.86205 0.02778
vn 0.50588 0.86216 0.0279
vn 0.51213 0.85858 0.02373
vn 0.1867 0.91311 0.36246
vn 0.19007 0.90793 0.37354
vn 0.18674 0.91306 0.36256
vn 0.40971 0.76853 0.49142
vn 0.46221 0.8299 0.31244
vn 0.45417 0.83112 0.32088
vn 0.462 0.82994 0.31266
vn -0.4568 0.83263 0.31315
vn -0.46139 0.82848 0.31741
vn -0.45692 0.83252 0.31325
vn -0.53293 0.69151 0.48764
vn -0.5165 0.83294 0.19861
vn -0.59338 0.59424 0.54294
vn 0.41678 0.69702 0.58349
vn 0.21953 0.96588 0.13739
vn -0.03763 0.85219 0.52187
vn -0.18982 0.97563 0.11006
vn 0.76249 0.64668 0.0202
vn 0.42754 0.77974 0.45741
vn 0.35501 0.66112 0.66097
vn 0.46064 0.74139 0.488
vn -0.41304 0.83991 0.35206
vn -0.43499 0.64059 0.6328
vn 0.63551 0.77209 -0
vn -0 1 -0
vn 0 1 -0
vn 0 0.8472 -0.53127
vn 0.63551 0.77209 0
vn -0.63551 0.77209 0
vn -0.63551 0.77209 0
vn -0.63551 0.77209 0
vn -0.0393 0.84655 -0.53086
vn 0.33864 0.81759 0.46569
vn 0.19456 0.96857 0.15497
vn 0.49195 0.7044 0.51167
vn 0.52126 0.80274 0.28964
vn 0.24142 0.89242 0.38118
vn 0.25837 0.81807 0.51381
vn 0.23474 0.82316 0.51701
vn 0.20874 0.89937 0.38415
vn -0.11206 0.59661 0.79467
vn -0.29364 0.86784 0.40079
vn -0.29352 0.86794 0.40066
vn -0.29363 0.86785 0.40078
vn -0.26542 0.96407 0.01125
vn -0.57671 0.47702 0.66322
vn 0.19814 0.973 -0.11833
vn 0.19785 0.97157 -0.13004
vn 0.1981 0.97277 -0.12028
vn 0.28487 0.93261 -0.22157
vn 0.0659 0.9708 -0.23064
vn -0.21132 0.97027 -0.11799
vn -0.21016 0.96907 -0.12936
vn -0.21108 0.97004 -0.12027
vn -0.0673 0.99152 -0.11117
vn -0.09858 0.96818 -0.23002
vn -0.19435 0.95437 -0.22674
vn 0.12354 0.98616 -0.11057
vn 0.26126 0.80035 0.53961
vn -0.05441 0.98742 0.14849
vn 0.38062 0.72434 0.57486
vn 0.36652 0.82178 0.43627
vn -0.43264 0.79007 0.4343
vn -0.5226 0.56017 0.64272
vn -0 1 -0
vn -0 1 -0
vn 0 1 -0
vn -0 1 -0
vn 0 1 -0
vn 0.63551 0.77209 -0
vn 0.63551 0.77209 -0
vn 0 0.77209 0.63551
vn -0.53636 0.65164 0.53636
vn -0.63551 0.77209 -0
vn -0.63551 0.77209 -0
vn -0 0.98042 0.19694
vn 0 1 -0
vn 0 1 -0
vn 0 1 -0
vn 0.15901 0.96794 0.19443
vn 0.34627 0.80982 0.47358
vn -0 0.95243 0.30476
vn 0.29928 0.78382 0.54412
vn 0.34275 0.9006 0.26729
vn 0.34967 0.89971 0.26126
vn 0.34313 0.90055 0.26697
vn -0.39233 0.85725 0.33348
vn -0.48783 0.65289 0.57945
vn -0.12845 0.91707 0.37746
vn -0.08008 0.99259 0.09139
vn 0.19435 0.95437 0.22674
vn 0 0.90322 0.42917
vn 0.0612 0.90153 0.42837
vn 0.09858 0.96818 0.23002
vn -0.0659 0.9708 0.23064
vn 0 0.90322 0.42917
vn -0.1809 0.88832 0.42209
vn -0.28487 0.93261 0.22157
vn -0.19222 0.94394 0.26836
vn -0.19276 0.94657 0.25856
vn -0.1923 0.94433 0.26693
vn 0 0.9977 0.06772
vn -0.06757 0.99542 0.06757
vn 0.15893 0.94966 0.26999
vn 0 1 -0
vn -0 1 -0
vn -0 1 -0
vn -0 1 -0
vn 0.3032 0.28405 -0.90961
vn 0 0.29808 -0.95454
vn 0 0.29808 -0.95454
vn 0 0.29808 -0.95454
vn 0 0.24667 -0.9691
vn -0 0.24667 -0.9691
vn -0 0.24667 -0.9691
vn 0.36645 0.30833 -0.87786
vn -0.25432 0.30148 -0.91893
vn -0.36055 0.23008 -0.90392
vn 0 0.24667 -0.9691
vn 0 0.24667 -0.9691
vn -0.93721 0.21837 -0.27194
vn -0.83133 0.27062 -0.48544
vn -0.86183 0.20081 -0.46575
vn -0.73736 0.32891 -0.59002
vn -0.40698 0.16688 -0.89807
vn 0.45836 0.25552 -0.85124
vn 0.31623 0 -0.94868
vn 0.31623 -0 -0.94868
vn 0.31623 0 -0.94868
vn -0.15618 0.07618 -0.98479
vn 0.8936 0.16605 -0.41701
vn 0.93874 0.21166 -0.27195
vn 0.94868 0 -0.31623
vn 0.94868 0 -0.31623
vn 0.94868 0 -0.31623
vn 0.94868 -0 -0.31623
vn 0.94868 0 -0.31623
vn 0.25407 0.21985 -0.94187
vn 0.39812 0.37477 -0.83728
vn 0.15799 0 -0.98744
vn 0.31623 0 -0.94868
vn 0.31623 0 -0.94868
vn 0.31623 0 -0.94868
vn 0.86445 0.27125 -0.42325
vn 0.91705 0.26356 -0.29926
vn 0.90399 0.2307 -0.35998
vn 0.90511 0.18717 -0.38176
vn 0 0 -1
vn 0 0 -1
vn 0 0 -1
vn 0.27571 0.2185 -0.93608
vn 0.59112 0.32953 -0.7362
vn 0 0 -1
vn 0 0 -1
vn 0 0.11505 -0.99336
vn -0.24149 0 -0.9704
vn 0.15882 0.09399 -0.98282
vn -0.93866 0.14495 -0.31289
vn -0.84669 0.16055 -0.50729
vn -0.87318 -0.02427 -0.4868
vn -0.91336 -0.0053 -0.40712
vn -0.36543 -0.03692 -0.93011
vn -0.2749 0.00117 -0.96147
vn -0.31309 -0.11201 -0.94309
vn -0.30795 -0.10863 -0.94518
vn -0.30877 -0.10916 -0.94485
vn -0.19079 -0.08512 -0.97793
vn -0.9623 -0.02864 -0.27049
vn -0.89509 0.10104 -0.43429
vn -0.97525 -0.1113 -0.19103
vn -0.94233 -0.1141 -0.31462
vn -0.94181 -0.113 -0.31657
vn -0.94191 -0.11319 -0.31623
vn -0.48345 0.11553 -0.86771
vn -0.31955 0.16185 -0.93365
vn -0.38983 -0.01933 -0.92068
vn -0.49258 -0.05539 -0.8685
vn -0.99785 -0.06553 0
vn -0.99183 0.12755 0
vn -0.99472 -0.01056 -0.10206
vn -0.9307 -0.01056 -0.36563
vn -0.93316 -0.01368 -0.35921
vn -0.93261 -0.01298 -0.36066
vn -0.99377 0.11149 0
vn -0.99112 -0.13295 0
vn -0.96642 -0.2564 -0.01693
vn -0.96629 -0.25556 -0.03135
vn -0.96638 -0.25639 -0.01918
vn -0.96666 -0.2539 -0.03306
vn -0.96659 -0.25427 -0.03236
vn -0.93923 -0.34328 0
vn -0.93667 -0.35022 0
vn -0.98392 0.1715 -0.04993
vn -0.99823 -0.02816 -0.05246
vn -0.98838 -0.15198 0
vn -0.95818 -0.28615 0
vn -0.98092 -0.07739 0.17832
vn -0.98823 0.15245 -0.01255
vn -0.98821 0.15245 -0.01438
vn -0.98822 0.15245 -0.01308
vn -0.97217 -0.23427 0
vn -0.99286 0.11929 0
vn -0.76 0.26856 0.59184
vn -0.93292 0.16258 0.32128
vn -0.31143 0.17361 0.93428
vn 0.25604 0.2081 0.944
vn 0.41002 0.17678 0.89478
vn -0.41014 0.22864 0.8829
vn 0.9458 0.18509 0.26684
vn 0.85574 0.26195 0.44619
vn 0.92586 0.19577 0.32321
vn 0.92927 0.19649 0.31281
vn 0.92665 0.19594 0.32083
vn 0.85863 0.2662 0.43805
vn 0.41114 0.17507 0.8946
vn 0.2674 0.211 0.9402
vn 0.41701 0.16605 0.8936
vn 0.30966 0.17473 0.93465
vn 0.30164 0.17982 0.93631
vn 0.30253 0.17926 0.93613
vn 0.95121 0.17676 0.2529
vn 0.85124 0.25552 0.45836
vn 0.94791 0.17614 0.26541
vn 0.85124 0.25552 0.45836
vn 0.41701 0.16605 0.8936
vn -0.48499 0.22662 0.84465
vn -0.42377 0.16548 0.89052
vn 0.26798 0.2008 0.94227
vn -0.92247 0.11412 0.36882
vn -0.95826 0.13947 0.24956
vn -0.95828 0.13961 0.24941
vn -0.95825 0.1394 0.24963
vn -0.97331 -0.01781 0.2288
vn -0.99086 0.06636 0.11741
vn -0.27734 -0.12528 0.95257
vn -0.44788 0.01981 0.89387
vn -0.01478 -0.15384 0.98799
vn -0.42413 -0.12225 0.89731
vn -0.86527 0.09789 0.49165
vn -0.96966 0.24444 0.00285
vn -0.97711 0.19316 0.08917
vn -0.86589 0.09074 0.49194
vn -0.95955 0.28036 0.02581
vn -0.9014 0.2791 0.33103
vn -0.86676 0.22814 0.44348
vn -0.97028 0.22552 0.08773
vn 0 -0.01871 0.99982
vn 0 0.18202 0.9833
vn 0.38358 0.2347 0.89319
vn -0.44344 0.3329 0.83219
vn 0.91915 0.2413 0.31134
vn 0.92308 0.23852 0.3017
vn 0.91948 0.23898 0.31216
vn 0.82646 0.35004 0.44095
vn 0.92917 0.24324 0.27836
vn 0.79171 0.37309 0.48373
vn 0.41343 0.23292 0.88024
vn 0.26281 0.28111 0.92299
vn 0.4217 0.21842 0.88003
vn 0.28232 0.25267 0.92545
vn 0.93248 0.25015 0.26058
vn 0.82259 0.35951 0.44056
vn 0.92364 0.23405 0.30349
vn 0.9246 0.23046 0.30333
vn 0.92516 0.23239 0.30013
vn 0.82249 0.34343 0.45339
vn 0.41128 0.23925 0.87955
vn 0.26204 0.28747 0.92125
vn 0.45772 0.14117 0.87782
vn 0.28034 0.17827 0.9432
vn 0.93147 0.2537 0.26076
vn 0.82102 0.36151 0.44186
vn 0.92916 0.20171 0.30981
vn 0.92807 0.20604 0.31021
vn 0.92729 0.20371 0.31408
vn 0.80813 0.32686 0.48999
vn 0.4106 0.2399 0.87969
vn 0.30316 0.23695 0.92301
vn 0.37623 0.21276 0.90177
vn 0.35477 0.18173 0.91712
vn 1 0 0
vn 1 0 0
vn 1 0 0
vn 1 0 0
vn 0.94154 0.20811 0.26495
vn 0.76944 0.311 0.55789
vn 0.96617 0.25791 0
vn 0.96617 0.25791 0
vn 0.96617 0.25791 0
vn 0.96617 0.25791 0
vn 0.96617 0.25791 0
vn 0.96602 -0.25846 0
vn 0.96602 -0.25846 0
vn 0.96602 -0.25846 0
vn 0.98249 0.08818 0.16412
vn 0.96617 0.25791 0
vn 0.96617 0.25791 0
vn 0.96267 0.27068 0
vn 0.95812 -0.25635 -0.12761
vn 0.96602 -0.25846 0
vn 0.96602 -0.25846 0
vn 0.97749 0.21099 0
vn 0.84616 0.19715 -0.49512
vn 0.98087 -0.17567 0.08384
vn 0.21383 0.15012 -0.96527
vn 0.55602 0.23349 -0.7977
vn 0.01564 0.34203 -0.93956
vn 0.89374 0.18183 -0.41008
vn 0.91179 0.1973 -0.36015
vn 0.84187 0.20123 -0.50076
vn 0.89848 0.17215 -0.40385
vn 0.15799 0 -0.98744
vn -0.24098 0.01603 -0.9704
vn -0.32797 0.24037 -0.9136
vn 0.35875 0.3149 -0.87871
vn -0.91176 0.02318 -0.41006
vn -0.86895 0.05522 -0.49181
vn -0.88263 0.25853 -0.39258
vn -0.68879 0.35546 -0.63183
vn -0.1975 0.11736 -0.97325
vn -0.32079 0.13633 -0.93729
vn -0.50864 0.40761 -0.75838
vn -0.35778 0.36097 -0.86122
vn -0.94317 0.13594 -0.30323
vn -0.93987 0.14214 -0.31054
vn -0.94023 0.14146 -0.30975
vn -0.97463 0.10895 -0.19554
vn -0.7578 0.43663 -0.48487
vn -0.81827 0.49612 -0.29035
vn -0.48652 0.02673 -0.87326
vn -0.38696 0.0148 -0.92198
vn -0.34063 0.02424 -0.93988
vn -0.10898 0.11578 -0.98728
vn -0.92825 0.09306 -0.36014
vn -0.92802 0.36016 -0.09522
vn -0.87675 0.07865 0.47447
vn -0.99297 0.03882 -0.11184
vn -0.97994 0.19648 -0.03352
vn -0.97962 0.19641 -0.04196
vn -0.97987 0.19646 -0.03556
vn -0.98315 0.18199 -0.01722
vn -0.98303 0.1776 -0.04602
vn -0.98148 0.1831 -0.05626
vn -0.98176 0.18214 -0.05447
vn -0.9404 0.15199 -0.3042
vn -0.98914 0.13745 -0.05198
vn -0.94687 0.31823 -0.04645
vn -0.91468 0.14431 0.37755
vn -0.97038 0.17429 -0.16728
vn -0.99644 0.08295 -0.01487
vn -0.9676 0.18025 0.1768
vn -0.82138 0.3106 0.47839
vn -0.94583 0.21499 -0.2433
vn -0.31733 0.23238 0.9194
vn 0.26622 0.20075 0.94278
vn 0.26614 0.20082 0.94278
vn 0.26625 0.20072 0.94277
vn 0.37505 0.16233 0.91268
vn -0.38964 0.33143 0.85926
vn 0.92258 0.1909 0.33526
vn 0.98204 0.18858 0.00589
vn 0.98278 0.18463 0.00679
vn 0.98204 0.18858 0.00624
vn 0.95832 0.19829 0.20568
vn 0.80762 0.27314 0.52264
vn 0.98287 0.18432 0.00192
vn 0.9828 0.18465 0.00238
vn 0.85073 0.25771 0.45808
vn 0.94868 0 0.31623
vn 0.94868 0 0.31623
vn 0.94868 0 0.31623
vn 0.9831 0.09332 0.15751
vn 0.41691 0.16753 0.89338
vn -0.50917 0.15863 0.84592
vn -0.50917 0.15863 0.84592
vn -0.50917 0.15863 0.84592
vn -0.40421 0 0.91467
vn 0.31623 0 0.94868
vn 0.31623 0 0.94868
vn 0.31623 0 0.94868
vn 0.50917 0.15863 0.84592
vn 0.50917 0.15863 0.84592
vn 0.50917 0.15863 0.84592
vn -0.45809 0.25771 0.85073
vn -0.36356 0.1717 0.91561
vn 0.58642 0.07549 0.80648
vn -0.89338 0.16753 0.41691
vn -0.98874 0.08868 0.12056
vn -0.98771 0 0.15629
vn -0.98403 0.07263 0.16251
vn -0.99302 0.0092 0.1176
vn -0.97299 0.0313 0.22872
vn -0.90445 0.2263 0.36161
vn -0.98833 0.0977 0.11684
vn -0.42313 0.14003 0.89518
vn 0.00038 0.31823 0.94801
vn 0.42317 0.4059 0.81004
vn -0.44417 0.45202 0.77356
vn 0.94518 0.21358 0.24702
vn 0.94141 0.22059 0.25512
vn 0.94261 0.21807 0.25287
vn 0.97682 0.20718 0.05388
vn 0.96573 0.20588 0.15805
vn 0.83975 0.35782 0.4084
vn 0.95081 0.25664 0.1735
vn 0.93792 0.29385 0.18426
vn 0.99585 0.08152 0.04056
vn 0.97341 0.12155 0.19418
vn 0.94835 0.31053 0.06486
vn 0.88604 0.33516 0.32031
vn 0.94278 0.14632 0.2996
vn 0.99056 0.13629 0.01474
vn 0.52212 0.20981 0.82666
vn -0.59675 0.21048 0.77433
vn 0 0 1
vn 0.32971 0.04478 0.94302
vn -0.9438 0.11096 0.31134
vn -0.99158 0.12919 -0.00852
vn -0.98165 0.19039 0.01075
vn -0.9827 0.18428 0.01836
vn -0.98262 0.18478 0.01775
vn -0.94367 0.1571 0.29121
vn -0.98527 0.16995 -0.01919
vn -0.94195 0.29115 0.16723
vn -0.86777 0.28331 0.40831
vn -0.97967 0.19285 0.05518
vn -0.27277 0.48358 0.83171
vn 0.18273 0.42417 0.88696
vn -0.22796 0.57025 0.78921
vn -0.32112 0.56302 0.7615
vn 0.43002 0.25867 0.86497
vn 0.65377 0.14764 0.74215
vn 0.34687 0.14667 0.92637
vn -0.20722 0.41099 0.88777
vn 0.92801 0.14992 0.34106
vn 0.92529 0.14949 0.34855
vn 0.92725 0.1498 0.34319
vn 0.80832 0.2306 0.54171
vn 0.94868 0 0.31623
vn 0.94822 0.00467 0.31758
vn 0.94868 0 0.31623
vn 0.94929 0.002 0.31439
vn 0.95076 0.01096 0.30975
vn 0.39123 0.15369 0.90737
vn 0.34123 0.1414 0.92928
vn 0.31623 0 0.94868
vn 0.31623 0 0.94868
vn 0.31623 0 0.94868
vn 0.31623 0 0.94868
vn 0.31623 0 0.94868
vn 0.94423 0.28013 0.17308
vn 0.9587 0.28443 0
vn 0.9587 0.28443 0
vn 0.9587 0.28443 0
vn 0.9576 -0.28809 -0.00041
vn 0.9573 -0.2891 -0.00234
vn 0.95736 -0.2889 -0.00196
vn 0.94868 0 0.31623
vn 0.94868 0 0.31623
vn 0.94868 0 0.31623
vn 0.9587 0.28443 0
vn 0.9587 0.28443 0
vn 0.98399 0.06889 -0.16434
vn 0.91837 -0.28933 -0.26996
vn 0.95741 -0.2878 0.02321
vn 0.34272 0.15298 -0.9269
vn -0.01021 0.43818 -0.89883
vn 0.31623 0 -0.94868
vn 0.31623 0 -0.94868
vn 0.31623 0 -0.94868
vn -0.03462 0.49512 -0.86814
vn -0.13322 0.11806 -0.98403
vn -0.02595 -0.31546 -0.94858
vn 0.1203 -0.28672 -0.95043
vn -0.15799 -0 -0.98744
vn 0.31623 -0 -0.94868
vn 0.40584 0.23029 -0.88446
vn -0.13636 0.12606 -0.98261
vn 0.94868 -0 -0.31623
vn 0.94868 0 -0.31623
vn 0.94868 -0 -0.31623
vn 0.94868 -0 -0.31623
vn 0.98971 0.08496 -0.11512
vn 0.45068 -0.33886 -0.82587
vn 0.27643 -0.26304 -0.92434
vn -0.01654 0.36174 -0.93213
vn -0.93595 0.16057 -0.31339
vn -0.93191 0.16538 -0.32278
vn -0.93265 0.16452 -0.32109
vn -0.98462 0.17474 -0
vn -0.98462 0.17473 -0
vn -0.98462 0.17473 -0
vn -1 0 -0
vn -1 0 -0
vn -1 0 -0
vn -0.94868 0 -0.31623
vn -0.94868 0 -0.31623
vn -0.94868 0 -0.31623
vn -0.98462 0.17473 -0
vn -0.98462 0.17473 -0
vn -0.98462 0.17473 0
vn -0.98462 0.17473 -0
vn -0.98744 0 0.15799
vn -1 0 -0
vn -1 0 -0
vn -0.98462 0.17473 0
vn -0.98462 0.17473 -0
vn -0.9875 0.0886 0.13038
vn -0.98421 0.17466 0.02868
vn -0.98875 0.09145 0.11835
vn -0.98744 0 0.15799
vn -0.98256 0.09886 0.15746
vn -0.8484 0.18816 0.49478
vn -0.979 0.18287 0.09008
vn -0.36966 0.26338 0.89106
vn 0.34862 0.20804 0.91388
vn 0.36243 0.21914 0.90588
vn -0.36948 0.29492 0.88119
vn 0.98062 0.0291 0.19374
vn 0.99823 0.04569 0.03813
vn 0.97077 0.2153 0.10605
vn 0.74302 0.31452 0.59076
vn 0.99891 0.04642 0.0056
vn 0.99865 0.05026 0.01282
vn 0.9987 0.04961 0.0116
vn 0.9522 0.04193 0.3026
vn 0.92516 0.16418 0.34223
vn 0.98255 0.18354 0.03014
vn 0.33003 0.0083 0.94393
vn 0.01226 0.13583 0.99066
vn 0.31623 0 0.94868
vn 0.31623 0 0.94868
vn 0.31591 -0.00088 0.94879
vn 0.16271 0.07381 0.98391
vn 0.96522 0.14292 0.2189
vn 0.98697 0.06686 -0.14632
vn 1 0 0
vn 1 0 0
vn 1 0 0
vn 0.94868 0 0.31623
vn 0.94868 0 0.31623
vn 0.98744 0 -0.15799
vn 0.94868 -0 -0.31623
vn 0.94868 0 -0.31623
vn 0.94868 0 -0.31623
vn 1 0 0
vn 1 0 0
vn 0.32743 0.23903 -0.91414
vn -0.00193 0.25204 -0.96771
vn -0.01132 0.24751 -0.96882
vn -0.00943 0.24842 -0.96861
vn 0.00196 -0.31757 -0.94823
vn 0.00442 -0.31584 -0.9488
vn 0.00385 -0.31618 -0.94869
vn 0.31623 0 -0.94868
vn 0.31623 0 -0.94868
vn -0 0 -1
vn -0.00091 0.12717 -0.99188
vn -0.31623 0 -0.94868
vn -0.31623 0 -0.94868
vn -0.31623 -0 -0.94868
vn 0.01338 -0.31844 -0.94785
vn 0.01094 -0.31846 -0.94787
vn -0.88315 0.16809 -0.43794
vn -0.97885 0.1767 -0.10306
vn -0.97375 0.18534 -0.13215
vn -0.74033 0.24967 -0.62416
vn -0.98342 0.17723 -0.03828
vn -0.98405 0.17463 -0.03395
vn -0.98375 0.17587 -0.03605
vn -0.98424 0.17499 0.02544
vn -0.98386 0.17758 0.02208
vn -0.98416 0.1758 0.02284
vn -0.9819 0.18726 0.02855
vn -0.9828 0.18116 0.03584
vn -0.98221 0.18465 0.03431
vn -0.98271 0.18094 -0.03921
vn -0.98315 0.17917 -0.03632
vn -0.98286 0.1805 -0.03749
vn -0.98098 0.1778 0.07789
vn -0.98 0.18643 0.06953
vn -0.9801 0.18562 0.07032
vn -0.90494 0.17342 0.3886
vn -0.90683 0.18077 0.38076
vn -0.90661 0.17988 0.38171
vn -0.8529 0.169 0.49396
vn -0.97735 0.19327 0.08628
vn -0.97806 0.18717 0.09144
vn -0.97802 0.18753 0.09114
vn -0.15782 0.05959 0.98567
vn 0.38668 0.01416 0.92211
vn 0.37956 0.19301 0.90481
vn -0.3959 0.24772 0.88425
vn 0.95062 0.00206 0.31034
vn 0.94868 0 0.31623
vn 0.92011 0.22233 0.32242
vn 0.78533 0.32719 0.52555
vn 0.31623 0 0.94868
vn 0.31623 0 0.94868
vn 0.39148 0.18784 0.90081
vn 0.25783 0.22374 0.93993
vn 0.94868 0 0.31623
vn 1 0 -0
vn 1 0 -0
vn 1 0 -0
vn 0.98126 0.19257 0.00657
vn 0.98056 0.1959 0.01109
vn 0.98062 0.19562 0.01072
vn 0.80218 0.2806 0.52704
vn 1 0 0
vn 1 0 0
vn 0.94868 0 -0.31623
vn 0.94868 0 -0.31623
vn 0.82678 0.19995 -0.52579
vn 0.9756 0.1912 -0.10791
vn 0.31623 0 -0.94868
vn -0.00618 0.26524 -0.96416
vn 0.32958 0.31538 -0.88989
vn -0.18974 0.08327 -0.9783
vn -0.38087 0.19033 -0.90483
vn -0.0173 0.24746 -0.96874
vn -0.02232 0.24743 -0.96865
vn -0.01801 0.24746 -0.96873
vn 0.21512 0.11671 -0.96959
vn -0.12885 0.06181 -0.98974
vn -0.08619 0.12776 -0.98805
vn 0.48779 0.20698 -0.84807
vn -0.16395 0.00285 -0.98646
vn -0.3517 -0.00031 -0.93611
vn -0.43329 0.11557 -0.89381
vn 0.11639 0.17253 -0.9781
vn -0.99402 -0.0242 -0.10649
vn -0.86592 -0.21205 0.45301
vn -0.99492 0.07983 0.06135
vn -0.91519 0.1814 -0.35988
vn -0.94911 -0.05158 -0.3107
vn -0.99711 -0.04423 -0.06183
vn -0.99985 0.01167 -0.01284
vn -0.99924 0.02805 0.02701
vn -0.98346 -0.0097 -0.18088
vn -0.92347 -0.12233 0.36364
vn -0.92814 0.16597 0.33319
vn -0.99945 0.03279 -0.00531
vn -0.61126 0.19113 0.768
vn 0.35364 0.19063 0.91575
vn 0.41668 0.21872 0.88235
vn -0.37563 0.28765 0.881
vn 0.98744 0 0.15799
vn 0.94868 0 0.31623
vn 0.92975 0.22911 0.28823
vn 0.81231 0.34274 0.47188
vn 0.31623 0 0.94868
vn -0.3958 0.34504 0.85105
vn 0.37669 0.20392 0.90362
vn 0.26393 0.24148 0.93383
vn 0.95225 0.20123 0.22964
vn 0.98448 0.17503 0.01302
vn 0.97278 0.20557 0.107
vn 0.77213 0.29863 0.56093
vn 0.9883 0.15214 0.01105
vn 0.94922 0.15236 -0.27527
vn 0.91456 0.14079 -0.37915
vn 0.98068 0.17436 0.08864
vn -0.39602 0.2703 0.87756
vn 0.14001 0.12984 0.9816
vn -0.03415 0.345 0.93798
vn -0.6308 0.58288 0.51219
vn 0.15799 0 0.98744
vn 0.31623 0 0.94868
vn 0.40732 0.26884 0.87282
vn -0.01008 0.30568 0.95208
vn 0.94868 0 0.31623
vn 1 0 0
vn 0.95496 0.29414 -0.03908
vn 0.80648 0.40127 0.43426
vn 1 0 0
vn 0.94868 0 -0.31623
vn 0.78955 0.33806 -0.51219
vn 0.94191 0.31201 -0.12437
vn 0.31623 0 -0.94868
vn -0.05162 0.44099 -0.89603
vn 0.29142 0.50588 -0.81189
vn -0.31623 0 -0.94868
vn -0.50331 0.59424 -0.62734
vn -0.16895 0.48115 -0.8602
vn -1 0 0
vn -0.62744 0.75454 -0.19232
vn -0.54038 0.82469 -0.16697
vn -1 0 -0
vn -0.98423 0.11181 0.13707
vn -0.90006 0.41081 0.14535
vn -0.74836 0.56555 -0.34658
vn 0.15108 0.91549 0.37289
vn 0.44487 0.77729 -0.44487
vn 0 0.8679 -0.49674
vn 0 0.92612 0.37722
vn 0 0.94214 -0.33522
vn 0 0.94214 -0.33522
vn 0 0.94214 -0.33522
vn -0.49674 0.8679 0
vn 0 0.94214 -0.33522
vn -0.1385 0.74736 0.64982
vn 0.5486 0.63094 -0.5486
vn 0 0.75463 -0.65615
vn 0 0.75463 0.65614
vn 0.18084 0.88803 -0.42272
vn -0.65615 0.75463 0
vn 0.30454 0.86003 -0.40939
vn 0.59506 0.65394 -0.46719
vn 0.70002 0.6448 -0.30694
vn 0.63863 0.69481 -0.33075
vn 0.69754 0.58304 -0.41654
vn -0.10183 0.86262 -0.4955
vn 0.29803 0.64112 -0.70721
vn -0.32485 0.63521 -0.7007
vn -0.35115 0.81191 -0.46637
vn -0.59077 0.65116 -0.47642
vn -0.5132 0.85827 0
vn 0 0.82929 -0.55881
vn 0.47915 0.87773 -0
vn 0.53183 0.65903 -0.53183
vn 0 0.77821 -0.628
vn 0.44806 0.54013 -0.71239
vn 0.30791 0.64568 -0.69877
vn 0 0.67866 -0.73445
vn 0 0.60417 -0.79685
vn -0.04484 0.64124 -0.76603
vn 0 0.67866 -0.73445
vn -0.36121 0.63284 -0.68487
vn -0.54859 0.71759 -0.42908
vn -0.43044 0.90262 0
vn 0.26281 0.96485 -0
vn 0.45658 0.76359 -0.45658
vn -0.32466 0.94446 0.05085
vn 0.20181 0.77766 -0.59542
vn -0.09254 0.79058 -0.60532
vn -0.57147 0.81944 0.04412
vn -0.09503 0.75136 -0.65302
vn -0.47611 0.84415 0.24643
vn -0.33894 0.90311 0.26365
vn -0.06152 0.75334 -0.65474
vn -0.52382 0.83663 -0.16019
vn -0.26336 0.94749 -0.18142
vn -0.15653 0.98767 -0
vn -0.00218 0.73479 -0.67829
vn -0.40226 0.84608 -0.34977
vn -0.6473 0.70985 -0.27771
vn -0.53654 0.62007 -0.57239
vn -0.65924 0.62836 -0.413
vn -0.43622 0.70026 0.5651
vn -0.53183 0.65903 0.53183
vn 0 0.85827 -0.5132
vn 0.43011 0.75864 -0.48936
vn 0.27063 0.58903 -0.76145
vn -0.01426 0.6118 -0.79089
vn 0 0.84034 -0.54206
vn 0.03225 0.81977 -0.57179
vn 0 0.57658 -0.81704
vn -0.433 0.51973 -0.73647
vn -0.43185 0.73977 -0.51599
vn -0.47322 0.76881 -0.43011
vn -0.36713 0.62889 -0.68536
vn 0.53784 0.56998 -0.62116
vn 0.54787 0.73008 -0.40844
vn 0.42911 0.84966 0.30651
vn 0.28814 0.79876 -0.52816
vn -0.1741 0.8214 -0.54313
vn -0.12319 0.9335 0.33675
vn -0.09716 0.98166 -0.16405
vn -0.33708 0.85146 -0.40173
vn -0.63154 0.70121 -0.33084
vn -0.57505 0.80693 -0.13485
vn 0.28043 0.95988 0
vn 0.58525 0.81085 0
vn 0.4754 0.7607 0.44196
vn 0.56313 0.7802 -0.27233
vn -0.53722 0.79632 -0.27796
vn -0.48129 0.75793 0.44035
vn 0.5251 0.75944 0.3841
vn 0.5142 0.80976 -0.28265
vn -0.7137 0.66132 -0.23084
vn -0.56247 0.73782 0.37316
vn 0.31459 0.93179 -0.18109
vn -0.37651 0.69207 0.61585
vn 0.00979 0.74701 0.66474
vn 0.05142 0.98033 -0.19053
vn 0.43531 0.86595 0.24626
vn 0.69931 0.71177 -0.06593
vn -0.48905 0.86854 -0.08045
vn -0.37173 0.89294 0.25393
vn -0.52167 0.84742 0.09867
vn -0.52416 0.83719 -0.15612
vn 0.12275 0.97562 -0.18194
vn -0.50721 0.85604 0.09967
vn -0.64632 0.76257 -0.02763
vn -0.62082 0.65692 0.42783
vn 0.66374 0.66087 0.3503
vn 0.61902 0.78493 0.02646
vn 0.5047 0.84848 0.15922
vn 0.50748 0.81054 0.29239
vn -0.49537 0.81714 0.29477
vn -0.52408 0.83706 0.15707
vn -0.5195 0.73512 0.43556
vn -0.53067 0.84758 0
vn 0.52996 0.84802 0
vn 0.41215 0.78386 0.46444
vn 0.41601 0.63429 0.65162
vn 0.41179 0.78318 0.4659
vn -0.468 0.7595 0.45182
vn -0.36371 0.64974 0.6675
vn 0.532 0.84142 -0.09479
vn 0.32242 0.74104 0.58898
vn -0.44447 0.70127 0.55737
vn -0.34006 0.93449 -0.10527
vn 0.40918 0.65202 0.63832
vn 0.31129 0.61925 0.72085
vn 0.50027 0.56423 0.65679
vn 0.44107 0.64131 0.62783
vn 0.43095 0.6469 0.62913
vn 0.51005 0.78917 0.34213
vn -0.2661 0.88441 0.38342
vn -0.25914 0.6924 0.67337
vn -0.30305 0.77084 0.56033
vn -0.48286 0.82672 0.28877
vn -0.46902 0.83379 0.29124
vn -0.32636 0.76459 0.55579
vn -0.20174 0.97918 -0.02255
vn -0.52168 0.85121 -0.05735
vn 0.59755 0.79913 0.06569
vn 0.54201 0.83819 0.06059
vn 0.37075 0.61656 0.69455
vn 0.40011 0.79862 0.44958
vn -0.46019 0.77366 0.43553
vn -0.3156 0.62994 0.70963
vn -0.54448 0.71989 0.43046
vn -0.45415 0.76649 0.45415
vn 0.29333 0.82248 0.48732
vn 0 0.85827 0.5132
vn -0.19098 0.98159 -0
vn -0.29008 0.60235 0.74366
vn 0.5529 0.52445 0.64749
vn 0.77707 0.62941 0
vn 0.49432 0.83774 0.23205
vn 0.19067 0.8049 0.56194
vn -0.13231 0.81274 0.56741
vn -0.21554 0.94106 0.26067
vn -0 0.92609 0.37731
vn 0.46728 0.81876 0.33359
vn 0.37773 0.92592 0
vn 0.55303 0.56451 0.61277
vn 0.58746 0.52368 0.61696
vn 0.4493 0.57813 0.6811
vn 0.3664 0.63043 0.68433
vn 0.49661 0.74238 0.44972
vn 0.23279 0.56543 0.79126
vn -0.26263 0.561 0.78505
vn 0.16888 0.84302 0.51069
vn 0.15424 0.98074 0.11983
vn 0.07067 0.99749 0.00321
vn 0.51281 0.85818 0.02328
vn 0.49297 0.86363 0.10552
vn 0.54539 0.74979 0.37465
vn 0.4627 0.82982 0.31193
vn -0.45669 0.83274 0.31303
vn -0.43893 0.80377 0.40162
vn -0.20993 0.96883 -0.13153
vn -0.48918 0.74857 0.4476
vn 0.58349 0.69702 0.41678
vn 0.50975 0.8525 -0.11574
vn 0.52187 0.85219 -0.03763
vn -0.04411 0.99903 0
vn 0.77358 0.6337 0
vn 0.76234 0.64655 -0.02855
vn 0.4684 0.67435 0.57084
vn 0.3959 0.73726 0.54746
vn -0.7106 0.56489 0.41946
vn -0.35971 0.73146 0.57929
vn -0 0.77209 0.63551
vn -0 0.77209 0.63551
vn -0 0.77209 0.63551
vn 0.53636 0.65164 -0.53636
vn 0.14963 0.7634 -0.62835
vn 0 0.77209 0.63551
vn -0.60608 0.73634 0.30078
vn 0.47007 0.81709 0.33377
vn 0.38267 0.92389 -0
vn 0.53137 0.70384 0.47145
vn 0.55429 0.79367 0.2507
vn 0.31858 0.90387 0.28551
vn 0.23227 0.80811 0.5413
vn 0.33992 0.85038 0.40164
vn 0.21672 0.90239 0.37246
vn 0.19038 0.90745 0.37455
vn -0.2998 0.86263 0.40743
vn -0.0743 0.98817 -0.13415
vn -0.27772 0.89167 0.35748
vn -0.24994 0.89873 0.36031
vn 0.1978 0.97133 -0.13187
vn 0.09779 0.96043 -0.26078
vn 0.06274 0.92431 -0.37645
vn 0.20598 0.90627 -0.36911
vn -0.06537 0.96299 -0.26147
vn -0.2897 0.94842 -0.12876
vn -0.19006 0.93331 0.30466
vn 0.53961 0.80036 0.26126
vn 0.30776 0.94282 -0.128
vn 0.5701 0.73738 0.36229
vn 0.43433 0.82655 0.35802
vn -0.42391 0.8002 0.42425
vn -0.41354 0.75519 0.5086
vn 0 1 -0
vn 0.63551 0.77209 -0
vn 0 1 -0
vn -0.63551 0.77209 -0
vn 0.19694 0.98042 -0
vn 0 1 -0
vn 0 0.92201 0.38716
vn 0.47918 0.80926 0.33981
vn 0.39154 0.92016 0
vn 0.37519 0.79353 0.47911
vn 0.34261 0.90061 0.26742
vn -0.31456 0.90997 0.2702
vn -0.36531 0.7969 0.48115
vn 0 0.96506 0.26203
vn -0.13653 0.98163 0.13327
vn 0.2897 0.94842 0.12876
vn 0.19284 0.94695 0.25711
vn -0 0.87879 0.47722
vn 0.06537 0.96299 0.26147
vn -0.09779 0.96043 0.26078
vn -0.05955 0.87723 0.47637
vn 0 0.96506 0.26203
vn -0.1978 0.97133 0.13187
vn -0.05452 0.98944 0.13433
vn -0.19284 0.94695 0.25711
vn -0.05816 0.85682 0.51233
vn -0.45658 0.76359 0.45658
vn 0.27698 0.25948 -0.92518
vn 0 0.29808 -0.95454
vn 0.28133 0.23671 -0.92996
vn -0.27127 0.28799 -0.91841
vn -0.27023 0.29301 -0.91713
vn -0.2715 0.28689 -0.91869
vn -0.27001 0.29409 -0.91684
vn 0 0.24667 -0.9691
vn -0.85616 0.32353 -0.40289
vn -0.90204 0.21017 -0.37702
vn -0.91854 0.15652 -0.36303
vn -0.90204 0.21017 -0.37702
vn -0.27919 0.24802 -0.92765
vn 0.31143 0.17361 -0.93428
vn 0.31623 0 -0.94868
vn 0.92105 0.23961 -0.30702
vn 0.92797 0.17244 -0.33035
vn 0.2401 0.20775 -0.94826
vn 0.23472 0.22096 -0.94662
vn 0.27733 0.11146 -0.95429
vn 0.31623 0 -0.94868
vn 0.86898 0.36498 -0.33416
vn 0.91818 0.28914 -0.27081
vn 0.91704 0.29359 -0.26989
vn 0.91842 0.28819 -0.27101
vn 0.91679 0.29456 -0.26968
vn 0.91365 0.23317 -0.33298
vn 0.39313 0.27529 -0.87731
vn 0.02611 0.09517 -0.99512
vn 0.37757 0.21048 -0.90174
vn -0.26694 -0.00089 -0.96371
vn -0.26694 -0.0116 -0.96364
vn -0.26696 0 -0.96371
vn -0.26694 -0.01255 -0.96363
vn 0 0 -1
vn -0.91462 0.16996 -0.36686
vn -0.89797 0.12718 -0.42127
vn -0.90433 -0.0469 -0.42425
vn -0.92796 -0.01856 -0.37221
vn -0.22992 0.06883 -0.97077
vn -0.3159 -0.03229 -0.94824
vn -0.31406 -0.11264 -0.9427
vn -0.22915 -0.10692 -0.9675
vn -0.94863 0.00076 -0.31639
vn -0.97279 -0.02489 -0.23035
vn -0.96914 -0.09005 -0.22948
vn -0.94242 -0.11427 -0.31432
vn -0.41893 0.16559 -0.89279
vn -0.35446 0.13833 -0.92478
vn -0.3579 -0.00525 -0.93375
vn -0.4247 -0.02106 -0.90509
vn -0.92076 0.14208 -0.36333
vn -0.94249 -0.06189 0.32845
vn -0.91653 -0.24073 0.3194
vn -0.93015 -0.00987 -0.36703
vn -0.99141 0.1275 -0.0292
vn -0.9099 0.10208 -0.40206
vn -0.91438 -0.0258 -0.40404
vn -0.91661 -0.12296 -0.3804
vn -0.93914 -0.34325 -0.01417
vn -0.9882 0.15245 -0.01491
vn -0.91188 0.15895 -0.37844
vn -0.8785 -0.32847 0.34691
vn -0.95731 -0.1472 -0.24879
vn -0.95437 0.16632 -0.24802
vn -0.92761 -0.07318 0.36631
vn -0.95351 -0.28476 0.09863
vn -0.74451 -0.17941 0.64306
vn -0.73728 0.22559 0.63681
vn -0.93841 0.3316 0.09707
vn -0.29938 0.16689 0.93942
vn -0.29938 0.16689 0.93942
vn -0.29938 0.16689 0.93942
vn 0.31143 0.17361 0.93428
vn 0.30667 0.24405 0.92
vn -0.29938 0.16689 0.93942
vn 0.92665 0.21426 0.30888
vn 0.93275 0.18253 0.31091
vn 0.93165 0.18865 0.31055
vn 0.93015 0.19668 0.31005
vn 0.30646 0.24664 0.91938
vn 0.31092 0.18253 0.93274
vn 0.30702 0.23961 0.92105
vn 0.31143 0.17361 0.93428
vn 0.92633 0.21581 0.30878
vn 0.93428 0.17361 0.31143
vn 0.92846 0.20539 0.30949
vn 0.93428 0.17361 0.31143
vn 0.30702 0.23961 0.92105
vn -0.38649 0.1685 0.90677
vn -0.38778 0.14788 0.90981
vn 0.31143 0.17361 0.93428
vn -0.9434 0.2225 0.24593
vn -0.95823 0.13925 0.2498
vn -0.96709 -0.03435 0.25211
vn -0.96747 -0.01964 0.25221
vn -0.39187 -0.03412 0.91939
vn -0.23814 -0.12665 0.96294
vn -0.23498 -0.02593 0.97165
vn -0.38813 -0.14179 0.91063
vn -0.88572 0.14544 0.44085
vn -0.88799 0.13489 0.43964
vn -0.88546 0.14655 0.441
vn -0.9782 0.20253 0.04594
vn -0.97246 0.22729 0.05155
vn -0.88818 0.13397 0.43953
vn -0.96873 0.24117 0.0583
vn -0.90067 0.26013 0.34804
vn -0.87737 0.32492 0.35305
vn -0.96428 0.25748 0.06225
vn -0.32511 0.26903 0.9066
vn 0.3216 -0.01772 0.94671
vn 0.25487 0.33544 0.90693
vn -0.32565 0.24029 0.91445
vn 0.91926 0.24053 0.31162
vn 0.92342 0.23862 0.3006
vn 0.91809 0.26081 0.29847
vn 0.9193 0.24035 0.31162
vn 0.30307 0.32964 0.89414
vn 0.30797 0.24337 0.91974
vn 0.30098 0.32258 0.89742
vn 0.31193 0.22887 0.92213
vn 0.91035 0.28659 0.29854
vn 0.92056 0.24695 0.30262
vn 0.92347 0.2343 0.30381
vn 0.92434 0.2304 0.30416
vn 0.29924 0.33902 0.89192
vn 0.30632 0.24986 0.91855
vn 0.3037 0.28011 0.91066
vn 0.31339 0.15078 0.93758
vn 0.90699 0.29368 0.30186
vn 0.91863 0.2502 0.30581
vn 0.92932 0.20148 0.30946
vn 0.92839 0.20622 0.30914
vn 0.29749 0.34049 0.89195
vn 0.28429 0.25225 0.92496
vn 0.27936 0.28061 0.91827
vn 0.3087 0.21842 0.92574
vn 0.89676 0.24456 0.36881
vn 0.99581 0.08938 0.01916
vn 0.91057 0.20127 0.36104
vn 0.90193 -0 -0.43189
vn 0.87053 -0.23291 -0.4335
vn 0.9659 0.25784 -0.02341
vn 0.98421 -0.17627 0.01601
vn 0.96602 -0.25846 0
vn 0.89771 0.25242 0.36111
vn 0.94868 0 -0.31623
vn 0.86123 0.31268 -0.40064
vn 0.90283 0.21036 0.37502
vn -0.63653 -0.2111 -0.7418
vn 0.34368 0.14432 -0.92793
vn 0.34749 0.16788 -0.92253
vn -0.62756 0 -0.77857
vn 0.90748 0.21766 -0.35931
vn 0.90744 0.21778 -0.35933
vn 0.90723 0.21847 -0.35944
vn 0.9089 0.18491 -0.37378
vn 0.85463 0.32127 -0.40791
vn 0.90769 0.21696 -0.35919
vn 0.29992 0.12135 -0.94622
vn -0.26696 0 -0.96371
vn -0.21518 0.31807 -0.92333
vn 0.27842 0.24438 -0.92885
vn -0.92712 0.00619 -0.37472
vn -0.9019 0.02438 -0.43125
vn -0.81099 0.32259 -0.48809
vn -0.84942 0.25875 -0.45993
vn -0.24325 0.08964 -0.96581
vn -0.34306 0.12079 -0.93151
vn -0.39334 0.51614 -0.76084
vn -0.27329 0.42772 -0.86161
vn -0.94351 0.13529 -0.30246
vn -0.96055 0.14027 -0.24013
vn -0.91607 0.31704 -0.24557
vn -0.85608 0.45543 -0.24436
vn -0.40578 0.05821 -0.91211
vn -0.3714 0.01954 -0.92827
vn -0.37281 0.01541 -0.92778
vn -0.37111 0.02039 -0.92837
vn -0.37308 0.01459 -0.92768
vn -0.41534 0.02955 -0.90918
vn -0.97193 0.03717 -0.23232
vn -0.92123 0.09235 0.37791
vn -0.91501 0.14789 0.37536
vn -0.96773 0.08681 -0.23658
vn -0.8817 0.34218 -0.32484
vn -0.97954 0.1964 -0.04401
vn -0.98329 0.1766 -0.04418
vn -0.92429 0.17243 -0.34053
vn -0.97477 0.18044 -0.13139
vn -0.951 0.13215 0.27953
vn -0.93649 0.21287 0.27872
vn -0.97914 0.15448 -0.13198
vn -0.87897 0.29541 -0.37435
vn -0.92787 0.07724 0.36481
vn -0.83652 0.39223 0.38262
vn -0.87041 0.32914 -0.36613
vn -0.2669 0.19545 0.9437
vn 0.26638 0.20061 0.94276
vn 0.26039 0.25466 0.93132
vn -0.26385 0.22443 0.93809
vn 0.9002 0.21694 0.37759
vn 0.97894 0.20256 0.0253
vn 0.99546 0.09449 0.0118
vn 0.90758 0.18779 0.37553
vn 0.93402 0.17516 0.31134
vn 0.94868 0 0.31623
vn 0.30685 0.24168 0.92056
vn -0.50917 0.15863 0.84592
vn -0.51405 0.07994 0.85403
vn 0.31623 0 0.94868
vn 0.50917 0.15863 0.84592
vn -0.31134 0.17515 0.93402
vn -0.31276 0.14771 0.93828
vn 0.50917 0.15863 0.84592
vn -0.92056 0.24168 0.30685
vn -0.98287 0.18432 0
vn -0.99554 0.09433 0
vn -0.94868 0 0.31623
vn -0.99598 0.08952 0
vn -0.96747 0.01973 0.25221
vn -0.92442 0.29559 0.24098
vn -0.98287 0.18432 0
vn -0.38902 0.12492 0.91272
vn 0.3881 0.14243 0.91055
vn 0.34919 0.45485 0.81926
vn -0.35609 0.41863 0.83544
vn 0.94494 0.21542 0.24633
vn 0.98096 0.19049 0.03783
vn 0.99223 0.11836 0.03827
vn 0.94486 0.2158 0.24631
vn 0.96841 0.21479 0.12665
vn 0.95745 0.25565 0.13394
vn 0.98129 0.13502 0.13727
vn 0.98831 0.0809 0.12925
vn 0.95401 0.29646 0.04449
vn 0.92028 0.30134 0.24954
vn 0.95696 0.12996 0.25949
vn 0.98712 0.1532 0.04603
vn 0.36331 0.28615 0.88664
vn -0.37582 0.13256 0.91716
vn -0.37311 0.17798 0.91055
vn 0.379 0.02941 0.92493
vn -0.95511 0.14385 0.25899
vn -0.99314 0.11677 0.00623
vn -0.98157 0.19084 0.01019
vn -0.94972 0.1781 0.25752
vn -0.99134 0.13009 0.01785
vn -0.94162 0.20695 0.26557
vn -0.88079 0.38148 0.28051
vn -0.97559 0.21756 0.02986
vn -0.32086 0.51606 0.79418
vn 0.08487 0.50083 0.86138
vn 0.08765 0.4185 0.90398
vn -0.30727 0.55734 0.77134
vn 0.25431 0.41725 0.87248
vn 0.54812 0.23964 0.80134
vn 0.57056 0.02905 0.82074
vn 0.26548 0.15077 0.95226
vn 0.94 0.13729 0.31232
vn 0.92445 0.14935 0.35083
vn 0.94868 0 0.31623
vn 0.95853 0 0.28499
vn 0.29124 0.2092 0.9335
vn 0.31222 0.15865 0.93667
vn 0.31623 0 0.94868
vn 0.93743 -0.00144 -0.34818
vn 0.9587 0.28443 0
vn 0.95767 -0.28788 -0
vn 0.90198 -0.27239 -0.33501
vn 0.90315 0.26795 0.33545
vn 0.93743 0 0.34818
vn 0.95379 -0.30049 0
vn 0.31312 0.13977 -0.93937
vn -0.4205 0.14775 -0.89518
vn -0.37781 -0.26741 -0.88642
vn 0.31623 0 -0.94868
vn -0.12167 0.43495 -0.8922
vn 0.24809 0.47993 -0.8415
vn 0.38335 0.11753 -0.91609
vn 0.08793 -0.31434 -0.94523
vn -0.01111 0.11912 -0.99282
vn 0.31623 -0 -0.94868
vn 0.33155 0.18813 -0.92449
vn -0.02349 0.2519 -0.96747
vn 0.94868 -0 -0.31623
vn 0.81531 0 -0.57903
vn 0.06926 -0.37869 -0.92293
vn -0.06244 0.34141 -0.93784
vn 0.77474 0.22875 -0.58944
vn -0.93647 0.15994 -0.31216
vn -0.98462 0.17473 -0
vn -0.94868 0 -0.31623
vn -0.99575 0.0921 -0
vn -1 0 -0
vn -0.98434 0.1755 0.01647
vn -0.983 0.1828 0.01715
vn -0.98448 0.17471 0.01639
vn -0.98285 0.18359 0.01723
vn -0.98462 0.17473 -0
vn -0.99568 0.08933 0.02514
vn -0.94868 0 0.31623
vn -0.86608 0.29875 0.40081
vn -0.97447 0.21612 0.06083
vn -0.28613 0.20612 0.93576
vn 0.27312 0.27392 0.92216
vn 0.2719 0.27987 0.92073
vn 0.27337 0.27266 0.92245
vn 0.27164 0.2811 0.92043
vn -0.28257 0.22555 0.93235
vn 0.92229 0.14035 0.3601
vn 0.99953 0.02966 0.00835
vn 0.98169 0.18338 0.05162
vn 0.90435 0.20057 0.37672
vn 0.99894 0.04573 0.00429
vn 0.9476 0.04769 0.31587
vn 0.93795 0.14999 0.31265
vn 0.98448 0.17471 0.01639
vn 0.31623 0.00098 0.94868
vn 0.3162 0.01392 0.94859
vn 0.31709 0.00774 0.94836
vn 0.31711 0.00798 0.94836
vn 0.95242 0.16622 0.25548
vn 0.98885 0.14641 -0.0273
vn 0.94868 0 0.31623
vn 0.99763 0.06758 0.0126
vn 1 0 0
vn -0.32581 0 -0.94544
vn 0 0.25297 -0.96747
vn -0.3439 -0.29658 -0.89094
vn 0.44192 0.22204 -0.86914
vn -0.31623 -0 -0.94868
vn -0.31623 -0 -0.94868
vn 0.45324 0 -0.89139
vn -0.89323 0.16234 -0.41927
vn -0.89082 0.16753 -0.42235
vn -0.89407 0.16051 -0.41818
vn -0.97553 0.18395 -0.12043
vn -0.97666 0.17969 -0.11764
vn -0.97509 0.18559 -0.12151
vn -0.97709 0.17807 -0.11658
vn -0.88994 0.16939 -0.42345
vn -0.98105 0.17707 0.0786
vn -0.90459 0.17208 0.39001
vn -0.87266 0.25003 0.41945
vn -0.9773 0.19365 0.08595
vn -0.31735 0.15602 0.93539
vn 0.30103 0.05754 0.95188
vn 0.22823 0.28902 0.92972
vn -0.31631 0.19791 0.92778
vn 0.94834 0.00487 0.31722
vn 0.91147 0.23353 0.33866
vn 0.90945 0.21976 0.35299
vn 0.31623 0 0.94868
vn 0.28955 0.25583 0.92234
vn 0.30146 0.19463 0.9334
vn 0.94868 0 0.31623
vn 0.98131 0.19232 0.00622
vn 0.92029 0.18386 0.34534
vn 0.94868 0 -0.31623
vn 0.83358 0.33012 -0.44291
vn 0.9692 0.23439 -0.0756
vn 0.31623 0 -0.94868
vn -0.02307 0.24743 -0.96863
vn 0.26712 0.25561 -0.92915
vn -0.31623 0 -0.94868
vn -0.32467 0.2274 -0.91808
vn -0.05748 0.20551 -0.97697
vn 0.28189 0.15293 -0.94718
vn -0.01894 0.11948 -0.99266
vn -0.02752 0.17364 -0.98442
vn 0.28928 0.12275 -0.94934
vn 0.0095 0.05995 -0.99816
vn -0.33088 0.00575 -0.94365
vn -0.28758 0.18508 -0.9397
vn 0.02032 0.12821 -0.99154
vn -0.98522 -0.00086 -0.17132
vn -0.99322 -0.02418 0.11369
vn -0.9918 0.02784 0.12471
vn -0.98448 0.07899 -0.15671
vn -0.97107 -0.23781 0.02168
vn -0.99755 -0.05421 -0.04421
vn -0.99877 0.03277 -0.03719
vn -0.9991 0.01166 0.0407
vn -0.99063 -0.04394 -0.12929
vn -0.98572 -0.00972 0.16809
vn -0.93545 0.25453 0.24524
vn -0.98163 0.17554 -0.07472
vn -0.3202 0.10012 0.94204
vn 0.3061 0.22991 0.92382
vn 0.29735 0.31949 0.89973
vn -0.29974 0.22954 0.92599
vn 0.94099 0.11976 0.31654
vn 0.94868 0 0.31623
vn 0.91729 0.24778 0.31173
vn 0.92221 0.22725 0.31287
vn 0.31623 0 0.94868
vn 0.31623 0 0.94868
vn 0.28015 0.26918 0.92144
vn 0.3077 0.20945 0.92814
vn 0.85677 0.33987 0.38786
vn 0.97655 0.20636 0.06138
vn 0.98323 0.17481 0.052
vn 0.91203 0.19273 0.36201
vn 0.98329 0.17482 0.05079
vn 0.94619 0.14566 -0.28898
vn 0.94134 0.18915 -0.27947
vn 0.98739 0.152 0.04416
vn -0.34434 0.23502 0.90895
vn -0 0.29609 0.95516
vn -0 0.30386 0.95272
vn 0 0.29436 0.95569
vn 0 0.30569 0.95213
vn -0.34996 0.32337 0.87918
vn -0 0.13113 0.99136
vn 0.31623 0 0.94868
vn 0.29268 0.37863 0.87805
vn -0 0.29436 0.95569
vn 0.94868 0 0.31623
vn 1 0 0
vn 0.949 0.31436 -0.02387
vn 0.9106 0.28048 0.30353
vn 0.74414 0.52852 -0.40855
vn 0.91561 0.39203 -0.08929
vn 0.31623 0 -0.94868
vn -0.02735 0.48798 -0.87242
vn 0.24652 0.42795 -0.86953
vn -0.31623 0 -0.94868
vn -0.32658 0.85369 -0.40565
vn -0.11485 0.68314 -0.7212
vn -0.94868 0 -0.31623
vn -1 0 -0
vn -0.79529 0.60102 -0.07931
vn -0.63176 0.75975 -0.15382
vn -0.94868 0 0.31623
vn -0.8806 0.47177 0.04451
vn -0.89767 0.40972 -0.1622
usemtl mat0
f 1//1 2//1 3//1
f 2//2 4//2 5//2
f 6//3 7//3 3//4
f 7//5 8//6 9//7
f 8//8 7//8 10//8
f 7//3 6//3 11//9
f 12//10 13//11 10//12
f 13//13 14//13 15//13
f 14//14 13//14 16//14
f 13//11 12//10 17//15
f 18//16 19//17 16//18
f 19//19 20//19 21//19
f 20//20 19//20 22//20
f 19//17 18//16 23//21
f 24//22 25//22 22//22
f 25//23 26//23 27//23
f 28//24 29//24 30//24
f 29//25 31//25 32//25
f 33//26 34//26 30//26
f 34//27 35//27 36//27
f 37//28 38//28 39//28
f 38//29 40//29 41//29
f 42//30 43//30 39//30
f 43//31 44//31 45//31
f 46//32 47//32 48//32
f 47//33 49//33 50//33
f 51//34 52//35 48//34
f 52//36 53//36 54//36
f 53//37 52//37 55//37
f 52//35 51//34 56//38
f 57//39 58//40 55//41
f 58//40 59//42 60//43
f 61//44 62//44 63//44
f 62//45 64//45 65//45
f 66//46 67//47 63//48
f 67//49 68//49 69//49
f 68//50 67//50 70//50
f 67//47 66//46 71//51
f 72//52 73//53 70//54
f 73//53 74//55 75//56
f 76//57 77//57 78//57
f 77//58 14//58 21//58
f 20//59 79//59 78//59
f 79//60 80//60 81//60
f 82//61 83//61 84//61
f 83//62 85//62 86//62
f 87//63 88//63 84//63
f 88//64 89//64 90//64
f 89//65 88//65 91//65
f 88//66 87//66 92//66
f 93//67 94//67 91//67
f 94//68 95//68 96//68
f 97//69 98//70 99//71
f 98//72 37//73 45//74
f 44//75 100//75 99//75
f 100//76 101//76 102//76
f 101//77 100//77 103//77
f 100//78 44//78 104//78
f 105//79 106//79 103//79
f 106//80 107//80 108//80
f 109//81 110//81 111//81
f 110//82 53//83 60//84
f 59//85 112//85 111//85
f 112//86 113//86 114//86
f 115//87 116//87 117//87
f 116//88 118//88 119//88
f 120//89 121//89 117//89
f 121//90 122//91 123//92
f 122//91 121//90 124//93
f 121//94 120//94 125//94
f 126//95 127//95 124//95
f 127//96 128//96 129//96
f 130//97 131//97 132//97
f 131//98 133//98 134//98
f 135//99 136//99 132//99
f 136//100 137//100 138//100
f 139//101 140//101 141//101
f 140//102 82//102 90//102
f 89//103 142//104 141//105
f 142//106 143//106 144//106
f 143//107 142//107 145//107
f 142//104 89//103 96//108
f 95//109 146//109 145//109
f 146//110 147//111 148//112
f 149//113 150//114 151//115
f 150//114 97//69 102//116
f 101//117 152//117 151//117
f 152//118 153//118 154//118
f 155//119 156//119 157//119
f 156//120 158//120 159//120
f 160//121 161//121 157//121
f 161//122 162//122 163//122
f 162//123 161//123 164//123
f 161//124 160//124 165//124
f 166//125 167//125 164//125
f 167//126 168//126 169//126
f 170//127 171//127 172//127
f 171//128 115//128 123//128
f 122//129 173//130 172//131
f 173//132 174//133 175//134
f 174//135 173//135 176//135
f 173//130 122//129 129//136
f 128//137 177//137 176//137
f 177//138 178//138 179//138
f 180//139 181//140 182//141
f 181//142 130//143 138//144
f 137//145 183//145 182//145
f 183//146 184//146 185//146
f 186//147 187//147 188//147
f 187//148 189//148 190//148
f 191//149 192//149 188//149
f 192//150 193//150 194//150
f 195//151 196//151 197//151
f 196//152 198//152 199//152
f 200//153 201//153 197//153
f 201//154 202//154 203//154
f 204//155 205//155 206//155
f 205//156 149//113 154//157
f 153//158 207//158 206//158
f 207//159 208//159 209//159
f 210//160 211//160 212//160
f 211//161 155//161 163//161
f 162//162 213//162 212//162
f 213//163 214//163 215//163
f 214//164 213//164 216//164
f 213//165 162//165 169//165
f 168//166 217//166 216//166
f 217//167 218//167 219//167
f 220//168 221//168 222//168
f 221//169 223//169 224//169
f 225//170 226//170 222//170
f 226//171 227//172 228//173
f 229//174 230//174 231//174
f 230//175 174//175 179//175
f 178//176 232//176 231//176
f 232//177 233//177 234//177
f 235//178 236//178 237//178
f 236//179 180//179 185//179
f 184//180 238//180 237//180
f 238//181 239//181 240//181
f 241//182 242//182 243//182
f 242//183 186//183 194//183
f 193//184 244//184 243//184
f 244//185 245//185 246//185
f 247//186 248//186 249//186
f 248//187 195//187 203//187
f 202//188 250//188 249//188
f 250//189 251//189 252//189
f 253//190 254//190 255//190
f 254//191 256//191 257//191
f 258//192 259//192 255//192
f 259//193 260//193 261//193
f 260//194 259//194 262//194
f 259//195 258//195 263//195
f 264//196 265//196 262//196
f 265//197 266//198 267//199
f 268//200 269//200 270//200
f 269//201 214//201 219//201
f 218//202 271//202 270//202
f 271//203 272//203 273//203
f 274//204 275//205 276//206
f 275//207 277//207 278//207
f 279//208 280//208 276//208
f 280//209 281//209 282//209
f 283//210 284//210 285//210
f 284//211 227//211 286//211
f 287//212 288//212 285//212
f 288//213 289//213 290//213
f 289//214 288//214 291//214
f 288//215 287//215 292//215
f 241//216 293//216 291//216
f 293//217 294//217 295//217
f 294//218 293//218 296//218
f 293//219 241//219 246//219
f 245//220 297//221 296//222
f 297//223 298//224 299//225
f 300//226 301//226 302//226
f 301//227 303//228 304//229
f 305//230 306//231 302//232
f 306//233 307//233 308//233
f 309//234 310//234 311//234
f 310//235 312//235 313//235
f 314//236 315//236 311//236
f 315//237 316//237 317//237
f 318//238 319//238 320//238
f 319//239 260//239 267//239
f 266//240 321//240 320//240
f 321//241 322//241 323//241
f 324//242 325//242 326//242
f 325//243 327//243 328//243
f 329//244 330//244 326//244
f 330//245 331//245 332//245
f 333//246 334//246 335//246
f 334//247 274//204 282//248
f 281//249 336//249 335//249
f 336//250 337//250 338//250
f 337//251 336//252 339//253
f 336//254 281//254 340//254
f 341//255 342//255 339//255
f 342//256 343//256 344//256
f 345//257 346//257 347//257
f 346//258 289//258 295//258
f 294//259 348//259 347//259
f 348//260 349//260 350//260
f 349//261 348//261 351//261
f 348//262 294//262 299//262
f 298//263 352//263 351//263
f 352//264 353//265 354//266
f 355//267 356//267 357//267
f 356//268 358//268 359//268
f 309//269 360//270 357//271
f 360//272 361//272 362//272
f 361//273 360//273 363//273
f 360//274 309//275 317//276
f 316//277 364//277 363//277
f 364//278 365//278 366//278
f 365//279 364//279 367//279
f 364//280 316//280 368//280
f 369//281 370//281 367//281
f 370//282 371//282 372//282
f 373//283 374//283 375//283
f 374//284 322//284 376//284
f 377//285 378//285 375//285
f 378//286 379//286 380//286
f 381//287 382//288 383//289
f 382//288 333//290 338//291
f 337//250 384//292 383//293
f 384//294 385//294 386//294
f 385//295 384//295 387//295
f 384//296 337//251 344//297
f 343//298 388//298 387//298
f 388//299 389//300 390//301
f 389//300 388//299 391//35
f 388//302 343//302 392//302
f 393//303 394//303 391//303
f 394//304 395//304 396//304
f 397//305 398//305 399//305
f 398//306 349//307 354//308
f 353//309 400//309 399//309
f 400//310 401//310 402//310
f 403//311 404//311 405//311
f 404//312 355//312 362//312
f 361//313 406//313 405//313
f 406//314 407//314 408//314
f 407//315 406//315 409//315
f 406//316 361//316 366//316
f 365//317 410//317 409//317
f 410//318 411//318 412//318
f 411//319 410//319 413//319
f 410//320 365//320 372//320
f 371//321 414//322 413//323
f 414//324 415//324 416//324
f 415//325 414//325 417//325
f 414//326 371//326 418//326
f 419//327 420//328 417//329
f 420//328 421//2 422//330
f 1//331 9//331 423//331
f 9//332 8//333 424//334
f 66//335 65//336 423//337
f 65//338 64//338 425//338
f 8//333 15//333 426//333
f 15//339 14//339 427//339
f 72//340 71//340 426//340
f 71//341 66//335 424//342
f 14//343 77//343 428//343
f 77//344 76//344 429//344
f 74//345 73//345 428//345
f 73//346 72//346 427//346
f 76//347 81//347 430//347
f 81//348 80//348 431//348
f 432//349 433//350 430//351
f 433//352 74//352 429//352
f 80//353 79//353 434//353
f 79//354 20//354 435//354
f 436//355 437//356 434//357
f 437//356 432//358 431//359
f 20//360 27//360 438//360
f 27//361 26//361 439//361
f 28//362 440//362 438//362
f 440//363 436//364 435//365
f 26//366 25//366 441//366
f 25//367 24//367 442//367
f 31//368 29//368 441//368
f 29//369 28//369 439//369
f 24//370 443//370 444//370
f 443//370 445//371 446//372
f 33//373 32//373 444//373
f 32//374 31//374 442//374
f 445//371 447//375 448//376
f 447//377 49//377 449//377
f 450//378 451//378 448//378
f 451//379 33//379 446//379
f 49//380 47//380 452//380
f 47//381 46//381 453//381
f 454//382 455//382 452//382
f 455//383 450//383 449//383
f 46//384 54//384 456//384
f 54//385 53//385 457//385
f 458//386 459//387 456//388
f 459//389 454//389 453//389
f 53//390 110//390 460//390
f 110//391 109//391 461//391
f 462//392 463//392 460//392
f 463//393 458//394 457//395
f 109//396 114//396 464//396
f 114//397 113//397 465//397
f 466//398 467//398 464//398
f 467//399 462//399 461//399
f 113//400 468//400 469//400
f 468//401 470//401 471//401
f 472//402 473//402 469//402
f 473//403 466//404 465//405
f 470//406 474//406 475//406
f 474//407 476//407 477//407
f 478//408 479//409 475//410
f 479//409 472//411 471//412
f 476//413 480//413 481//413
f 480//414 482//414 483//414
f 484//415 485//415 481//415
f 485//416 478//416 477//416
f 482//417 486//417 487//417
f 486//418 488//418 489//418
f 377//419 490//419 487//419
f 490//420 484//421 483//422
f 488//423 491//423 492//423
f 491//424 419//424 493//424
f 379//425 378//425 492//425
f 378//426 377//426 489//426
f 419//427 418//427 494//427
f 418//428 371//428 495//428
f 373//429 380//429 494//429
f 380//430 379//430 493//430
f 371//431 370//431 496//431
f 370//432 369//432 497//432
f 322//433 374//434 496//435
f 374//436 373//436 495//436
f 369//437 368//437 498//437
f 368//438 316//438 499//438
f 318//439 323//439 498//439
f 323//440 322//441 497//442
f 316//443 315//443 500//443
f 315//444 314//444 501//444
f 260//445 319//445 500//445
f 319//446 318//446 499//446
f 314//447 313//447 502//447
f 313//448 312//448 503//448
f 253//449 261//449 502//449
f 261//450 260//450 501//450
f 312//451 310//451 504//451
f 310//452 309//453 505//454
f 506//455 507//455 504//455
f 507//456 253//456 503//456
f 309//457 359//457 508//457
f 359//458 358//458 509//458
f 298//459 510//459 508//459
f 510//460 506//460 505//460
f 358//461 356//461 511//461
f 356//462 355//462 512//462
f 353//463 352//463 511//463
f 352//464 298//464 509//464
f 355//465 404//465 513//465
f 404//466 403//466 514//466
f 401//467 400//467 513//467
f 400//468 353//468 512//468
f 403//469 515//469 516//469
f 515//470 395//470 517//470
f 397//471 402//471 516//471
f 402//472 401//472 514//472
f 395//473 394//474 518//475
f 394//476 393//476 519//476
f 349//477 398//477 518//477
f 398//478 397//478 517//478
f 393//479 392//479 520//479
f 392//480 343//480 521//480
f 345//481 350//481 520//481
f 350//482 349//482 519//482
f 343//483 342//483 522//483
f 342//484 341//484 523//484
f 289//485 346//486 522//487
f 346//488 345//488 521//488
f 341//489 340//489 524//489
f 340//490 281//490 525//490
f 283//491 290//491 524//491
f 290//492 289//492 523//492
f 281//493 280//493 526//493
f 280//494 279//494 527//494
f 227//495 284//496 526//497
f 284//498 283//498 525//498
f 279//499 278//499 528//499
f 278//500 277//500 529//500
f 220//501 228//501 528//501
f 228//502 227//502 527//502
f 277//503 530//504 531//505
f 530//504 532//506 533//506
f 223//507 221//507 531//507
f 221//508 220//508 529//508
f 532//509 534//510 535//511
f 534//510 536//512 537//513
f 538//514 539//515 535//516
f 539//517 223//517 533//517
f 536//512 540//518 541//519
f 540//520 542//520 543//520
f 61//521 544//521 541//521
f 544//522 538//514 537//523
f 542//506 545//506 546//506
f 545//524 1//524 425//524
f 64//525 62//525 546//525
f 62//526 61//526 543//526
f 28//527 36//527 547//527
f 36//528 35//528 548//528
f 37//375 549//375 547//375
f 549//529 550//529 551//529
f 35//530 34//530 552//530
f 34//531 33//531 553//531
f 40//532 38//532 552//532
f 38//533 37//533 548//533
f 33//534 451//534 554//534
f 451//535 450//535 555//535
f 42//536 41//536 554//536
f 41//537 40//537 553//537
f 450//538 455//538 556//538
f 455//539 454//539 557//539
f 44//540 43//540 556//540
f 43//541 42//541 555//541
f 454//542 459//542 558//542
f 459//543 458//543 559//543
f 105//544 104//544 558//544
f 104//545 44//545 557//545
f 458//546 463//547 560//548
f 463//549 462//549 561//549
f 107//550 106//550 560//550
f 106//551 105//551 559//551
f 462//552 467//552 562//552
f 467//553 466//553 563//553
f 564//554 565//554 562//554
f 565//555 107//555 561//555
f 466//556 473//556 566//556
f 473//557 472//557 567//557
f 568//558 569//558 566//558
f 569//559 564//559 563//559
f 472//560 479//561 570//562
f 479//563 478//563 571//563
f 572//564 573//565 570//566
f 573//567 568//567 567//567
f 478//568 485//568 574//568
f 485//569 484//569 575//569
f 329//570 576//570 574//570
f 576//571 572//571 571//571
f 484//572 490//572 577//572
f 490//573 377//573 578//573
f 331//574 330//574 577//574
f 330//575 329//575 575//575
f 377//576 376//576 579//576
f 376//577 322//578 580//579
f 324//580 332//580 579//580
f 332//581 331//581 578//581
f 322//582 321//582 581//582
f 321//583 266//584 582//585
f 327//586 325//586 581//586
f 325//587 324//587 580//587
f 266//584 265//588 583//589
f 265//590 264//590 584//590
f 585//591 586//592 583//593
f 586//594 327//594 582//594
f 264//595 263//595 587//595
f 263//596 258//597 588//598
f 208//599 589//599 587//599
f 589//600 585//601 584//602
f 258//603 257//604 590//605
f 257//606 256//606 591//606
f 204//607 209//607 590//607
f 209//608 208//608 588//608
f 256//609 254//609 592//609
f 254//610 253//610 593//610
f 305//611 594//611 592//611
f 594//612 204//612 591//612
f 253//613 507//613 595//613
f 507//614 506//614 596//614
f 307//615 306//615 595//615
f 306//616 305//616 593//616
f 506//617 510//617 597//617
f 510//618 298//618 598//618
f 300//619 308//619 597//619
f 308//620 307//620 596//620
f 298//621 297//622 599//623
f 297//624 245//624 600//624
f 303//625 301//625 599//625
f 301//626 300//626 598//626
f 245//627 244//627 601//627
f 244//628 193//628 602//628
f 603//629 604//629 601//629
f 604//630 303//630 600//630
f 193//631 192//631 605//631
f 192//632 191//632 606//632
f 607//633 608//633 605//633
f 608//634 603//634 602//634
f 191//635 190//635 609//635
f 190//636 189//636 610//636
f 137//637 611//637 609//637
f 611//638 607//638 606//638
f 189//639 187//639 612//639
f 187//640 186//640 613//640
f 184//641 183//642 612//643
f 183//644 137//644 610//644
f 186//645 242//645 614//645
f 242//646 241//646 615//646
f 239//647 238//647 614//647
f 238//648 184//648 613//648
f 241//649 292//649 616//649
f 292//650 287//650 617//650
f 235//651 240//651 616//651
f 240//652 239//652 615//652
f 287//653 286//653 618//653
f 286//654 227//654 619//654
f 620//655 621//655 618//655
f 621//656 235//656 617//656
f 227//657 226//658 622//659
f 226//660 225//660 623//660
f 624//661 625//662 622//663
f 625//662 620//664 619//665
f 225//666 224//666 626//666
f 224//667 223//667 627//667
f 628//668 629//669 626//670
f 629//669 624//671 623//672
f 223//673 539//673 630//673
f 539//674 538//675 631//676
f 632//677 633//678 630//679
f 633//680 628//681 627//682
f 538//675 544//683 634//684
f 544//685 61//685 635//685
f 636//686 637//686 634//686
f 637//687 632//687 631//687
f 61//688 69//688 638//688
f 69//689 68//689 639//689
f 640//370 641//370 638//370
f 641//690 636//691 635//692
f 68//693 75//693 642//693
f 75//694 74//694 643//694
f 133//695 644//695 642//695
f 644//696 640//696 639//696
f 74//697 433//697 645//697
f 433//350 432//349 646//698
f 135//699 134//699 645//699
f 134//700 133//700 643//700
f 432//358 437//356 647//701
f 437//356 436//355 648//702
f 649//703 650//704 647//701
f 650//705 135//705 646//705
f 436//706 440//706 651//706
f 440//707 28//707 551//707
f 550//708 652//708 651//708
f 652//363 649//363 648//363
f 37//709 98//710 653//711
f 98//712 97//713 654//714
f 655//715 656//716 653//717
f 656//718 657//719 658//720
f 97//713 150//721 659//722
f 150//721 149//723 660//724
f 200//725 661//725 659//725
f 661//726 655//715 654//727
f 149//723 205//728 662//729
f 205//730 204//730 663//730
f 202//731 201//731 662//731
f 201//732 200//732 660//732
f 204//733 594//733 664//733
f 594//734 305//734 665//734
f 251//735 250//735 664//735
f 250//736 202//736 663//736
f 305//737 304//737 666//737
f 304//738 303//738 667//738
f 247//739 252//739 666//739
f 252//740 251//740 665//740
f 303//741 604//741 668//741
f 604//742 603//742 669//742
f 195//743 248//743 668//743
f 248//744 247//744 667//744
f 603//745 608//746 670//747
f 608//748 607//748 671//748
f 198//749 196//749 670//749
f 196//750 195//750 669//750
f 607//751 611//751 672//751
f 611//752 137//752 673//752
f 674//753 675//754 672//755
f 675//756 198//756 671//756
f 137//757 136//757 676//757
f 136//758 135//758 677//758
f 678//759 679//760 676//761
f 679//762 674//763 673//592
f 135//764 650//764 680//764
f 650//704 649//703 681//765
f 682//766 683//767 680//356
f 683//768 678//759 677//769
f 649//770 652//770 684//770
f 652//771 550//772 685//773
f 686//774 687//775 684//776
f 687//777 682//363 681//778
f 550//779 549//779 688//779
f 549//780 37//780 658//780
f 657//781 689//782 688//783
f 689//784 686//774 685//785
f 133//786 131//786 690//786
f 131//787 130//787 691//787
f 128//788 127//788 690//788
f 127//789 126//789 692//789
f 130//790 181//791 693//792
f 181//793 180//794 694//795
f 178//796 177//797 693//798
f 177//799 128//800 691//801
f 180//802 236//803 695//804
f 236//805 235//806 696//807
f 233//808 232//808 695//808
f 232//809 178//810 694//811
f 235//812 621//812 697//812
f 621//813 620//813 698//813
f 229//814 234//814 697//814
f 234//815 233//815 696//815
f 620//664 625//662 699//816
f 625//662 624//661 700//817
f 174//818 230//818 699//818
f 230//819 229//819 698//819
f 624//671 629//669 701//820
f 629//669 628//668 702//821
f 170//822 175//822 701//822
f 175//823 174//823 700//823
f 628//681 633//680 703//824
f 633//825 632//826 704//827
f 115//828 171//829 703//830
f 171//831 170//831 702//831
f 632//826 637//832 705//833
f 637//356 636//834 706//835
f 118//836 116//836 705//836
f 116//837 115//837 704//837
f 636//691 641//690 707//838
f 641//370 640//370 708//370
f 120//839 119//839 707//839
f 119//840 118//840 706//840
f 640//370 644//370 709//370
f 644//841 133//841 692//841
f 126//842 125//842 709//842
f 125//843 120//844 708//845
f 101//846 108//846 710//846
f 108//847 107//847 711//847
f 160//848 159//848 710//848
f 159//849 158//849 712//849
f 107//850 565//850 713//850
f 565//851 564//851 714//851
f 166//852 165//852 713//852
f 165//853 160//853 711//853
f 564//854 569//854 715//854
f 569//855 568//855 716//855
f 168//856 167//856 715//856
f 167//857 166//857 714//857
f 568//858 573//858 717//858
f 573//859 572//859 718//859
f 218//860 217//860 717//860
f 217//861 168//861 716//861
f 572//862 576//862 719//862
f 576//863 329//863 720//863
f 272//864 271//864 719//864
f 271//865 218//865 718//865
f 329//866 328//866 721//866
f 328//867 327//867 722//867
f 268//868 273//868 721//868
f 273//869 272//869 720//869
f 327//870 586//870 723//870
f 586//592 585//591 724//871
f 214//872 269//872 723//872
f 269//873 268//873 722//873
f 585//601 589//600 725//874
f 589//875 208//875 726//875
f 210//876 215//876 725//876
f 215//877 214//877 724//877
f 208//878 207//878 727//878
f 207//879 153//879 728//879
f 155//880 211//880 727//880
f 211//881 210//881 726//881
f 153//882 152//882 729//882
f 152//883 101//883 712//883
f 158//884 156//884 729//884
f 156//885 155//885 728//885
f 200//886 199//886 730//886
f 199//887 198//887 731//887
f 143//888 148//888 730//888
f 148//889 147//889 732//889
f 198//890 675//890 733//890
f 675//754 674//753 734//891
f 139//892 144//892 733//892
f 144//893 143//893 731//893
f 674//763 679//762 735//894
f 679//760 678//759 736//895
f 82//896 140//896 735//896
f 140//897 139//897 734//897
f 678//759 683//768 737//898
f 683//767 682//766 738//899
f 85//900 83//900 737//900
f 83//901 82//901 736//901
f 682//363 687//777 739//902
f 687//370 686//370 740//370
f 87//903 86//903 739//903
f 86//904 85//904 738//904
f 686//370 689//370 741//370
f 689//782 657//781 742//905
f 93//906 92//906 741//906
f 92//907 87//907 740//907
f 657//719 656//718 743//720
f 656//716 655//715 744//908
f 95//909 94//909 743//909
f 94//910 93//910 742//910
f 655//715 661//726 745//911
f 661//912 200//912 732//912
f 147//913 146//913 745//913
f 146//914 95//914 744//914
f 3//915 9//915 1//915
f 5//916 3//916 2//916
f 3//4 5//917 6//3
f 9//7 3//918 7//5
f 10//919 15//920 8//921
f 11//922 10//922 7//922
f 10//12 11//300 12//10
f 15//920 10//919 13//923
f 16//924 21//924 14//924
f 17//925 16//925 13//925
f 16//18 17//926 18//16
f 21//927 16//927 19//927
f 22//928 27//928 20//928
f 23//929 22//929 19//929
f 22//35 23//35 24//35
f 27//930 22//930 25//930
f 30//931 36//931 28//931
f 32//932 30//932 29//932
f 30//933 32//933 33//933
f 36//934 30//934 34//934
f 39//935 45//74 37//73
f 41//936 39//936 38//936
f 39//937 41//937 42//937
f 45//938 39//938 43//938
f 48//939 54//939 46//939
f 50//940 48//940 47//940
f 48//34 50//300 51//34
f 54//941 48//941 52//941
f 55//942 60//84 53//83
f 56//943 55//943 52//943
f 55//944 56//944 57//944
f 60//43 55//41 58//40
f 63//945 69//945 61//945
f 65//946 63//946 62//946
f 63//48 65//947 66//46
f 69//948 63//948 67//948
f 70//949 75//949 68//949
f 71//51 70//950 67//47
f 70//951 71//951 72//951
f 75//56 70//54 73//53
f 78//952 81//952 76//952
f 21//953 78//953 77//953
f 78//954 21//954 20//954
f 81//955 78//955 79//955
f 84//956 90//956 82//956
f 86//957 84//957 83//957
f 84//958 86//958 87//958
f 90//959 84//959 88//959
f 91//960 96//960 89//960
f 92//961 91//961 88//961
f 91//962 92//962 93//962
f 96//963 91//963 94//963
f 99//71 102//116 97//69
f 45//964 99//964 98//964
f 99//965 45//965 44//965
f 102//966 99//966 100//966
f 103//967 108//967 101//967
f 104//968 103//968 100//968
f 103//969 104//969 105//969
f 108//970 103//970 106//970
f 111//971 114//971 109//971
f 60//972 111//972 110//972
f 111//973 60//973 59//973
f 114//974 111//974 112//974
f 117//975 123//975 115//975
f 119//976 117//976 116//976
f 117//977 119//977 120//977
f 123//978 117//978 121//978
f 124//979 129//979 122//979
f 125//980 124//980 121//980
f 124//981 125//981 126//981
f 129//982 124//982 127//982
f 132//983 138//983 130//983
f 134//984 132//984 131//984
f 132//985 134//985 135//985
f 138//986 132//986 136//986
f 141//987 144//987 139//987
f 90//988 141//988 140//988
f 141//989 90//989 89//989
f 144//990 141//990 142//990
f 145//991 148//991 143//991
f 96//992 145//992 142//992
f 145//993 96//993 95//993
f 148//112 145//994 146//110
f 151//115 154//157 149//113
f 102//116 151//115 150//114
f 151//995 102//995 101//995
f 154//996 151//996 152//996
f 157//997 163//997 155//997
f 159//998 157//998 156//998
f 157//999 159//999 160//999
f 163//1000 157//1000 161//1000
f 164//1001 169//1001 162//1001
f 165//1002 164//1002 161//1002
f 164//1003 165//1003 166//1003
f 169//1004 164//1004 167//1004
f 172//1005 175//1005 170//1005
f 123//1006 172//1006 171//1006
f 172//1007 123//1007 122//1007
f 175//134 172//1008 173//132
f 176//1009 179//1009 174//1009
f 129//1010 176//1010 173//1010
f 176//1011 129//1011 128//1011
f 179//1012 176//1012 177//1012
f 182//141 185//1013 180//139
f 138//144 182//1014 181//142
f 182//1015 138//1015 137//1015
f 185//1016 182//1016 183//1016
f 188//1017 194//1017 186//1017
f 190//1018 188//1018 187//1018
f 188//1019 190//1019 191//1019
f 194//1020 188//1020 192//1020
f 197//1021 203//1021 195//1021
f 199//1022 197//1022 196//1022
f 197//1023 199//1023 200//1023
f 203//1024 197//1024 201//1024
f 206//1025 209//1025 204//1025
f 154//157 206//1026 205//156
f 206//1027 154//1027 153//1027
f 209//1028 206//1028 207//1028
f 212//1029 215//1029 210//1029
f 163//1030 212//1030 211//1030
f 212//1031 163//1031 162//1031
f 215//1032 212//1032 213//1032
f 216//1033 219//1033 214//1033
f 169//1034 216//1034 213//1034
f 216//1035 169//1035 168//1035
f 219//1036 216//1036 217//1036
f 222//1037 228//1037 220//1037
f 224//1038 222//1038 221//1038
f 222//1039 224//1039 225//1039
f 228//173 222//1040 226//171
f 231//1041 234//1041 229//1041
f 179//1042 231//1042 230//1042
f 231//1043 179//1043 178//1043
f 234//1044 231//1044 232//1044
f 237//1045 240//1045 235//1045
f 185//1046 237//1046 236//1046
f 237//1047 185//1047 184//1047
f 240//1048 237//1048 238//1048
f 243//1049 246//1049 241//1049
f 194//1050 243//1050 242//1050
f 243//1051 194//1051 193//1051
f 246//1052 243//1052 244//1052
f 249//1053 252//1053 247//1053
f 203//1054 249//1054 248//1054
f 249//1055 203//1055 202//1055
f 252//1056 249//1056 250//1056
f 255//1057 261//1057 253//1057
f 257//1058 255//1058 254//1058
f 255//1059 257//1059 258//1059
f 261//1060 255//1060 259//1060
f 262//1061 267//1061 260//1061
f 263//1062 262//1062 259//1062
f 262//1063 263//1063 264//1063
f 267//199 262//1064 265//197
f 270//1065 273//1065 268//1065
f 219//1066 270//1066 269//1066
f 270//1067 219//1067 218//1067
f 273//1068 270//1068 271//1068
f 276//206 282//248 274//204
f 278//1069 276//1069 275//1069
f 276//1070 278//1070 279//1070
f 282//1071 276//1071 280//1071
f 285//1072 290//1072 283//1072
f 286//1073 285//1073 284//1073
f 285//1074 286//1074 287//1074
f 290//1075 285//1075 288//1075
f 291//1076 295//1076 289//1076
f 292//1077 291//1077 288//1077
f 291//1078 292//1078 241//1078
f 295//1079 291//1079 293//1079
f 296//1080 299//1080 294//1080
f 246//1081 296//1081 293//1081
f 296//222 246//1082 245//220
f 299//1083 296//1083 297//1083
f 302//1084 308//1084 300//1084
f 304//229 302//1085 301//227
f 302//232 304//1086 305//230
f 308//1087 302//1087 306//1087
f 311//1088 317//276 309//275
f 313//1089 311//1089 310//1089
f 311//1090 313//1090 314//1090
f 317//1091 311//1091 315//1091
f 320//1092 323//1092 318//1092
f 267//1093 320//1093 319//1093
f 320//1094 267//199 266//198
f 323//1095 320//1095 321//1095
f 326//1096 332//1096 324//1096
f 328//1097 326//1097 325//1097
f 326//1098 328//1098 329//1098
f 332//1099 326//1099 330//1099
f 335//1100 338//1101 333//1102
f 282//1103 335//1103 334//1103
f 335//1104 282//1104 281//1104
f 338//1101 335//1100 336//1105
f 339//253 344//297 337//251
f 340//1106 339//1106 336//1106
f 339//1107 340//1107 341//1107
f 344//1108 339//1108 342//1108
f 347//1109 350//1109 345//1109
f 295//1110 347//1110 346//1110
f 347//1111 295//1111 294//1111
f 350//1112 347//1112 348//1112
f 351//1113 354//1113 349//1113
f 299//1114 351//1114 348//1114
f 351//1115 299//225 298//224
f 354//266 351//1116 352//264
f 357//1117 362//1117 355//1117
f 359//1118 357//1118 356//1118
f 357//1119 359//1119 309//1119
f 362//1120 357//271 360//270
f 363//1121 366//1121 361//1121
f 317//1122 363//1122 360//1122
f 363//1123 317//1123 316//1123
f 366//1124 363//1124 364//1124
f 367//1125 372//1125 365//1125
f 368//1126 367//1126 364//1126
f 367//1127 368//1127 369//1127
f 372//1128 367//1128 370//1128
f 375//1129 380//1129 373//1129
f 376//1130 375//1130 374//1130
f 375//1131 376//1131 377//1131
f 380//1132 375//1132 378//1132
f 383//289 386//1133 381//287
f 338//291 383//289 382//288
f 383//293 338//250 337//250
f 386//1134 383//293 384//292
f 387//1135 390//301 385//300
f 344//297 387//1136 384//296
f 387//1137 344//1137 343//1137
f 390//301 387//1135 388//299
f 391//35 396//1138 389//300
f 392//1139 391//1139 388//1139
f 391//1140 392//1140 393//1140
f 396//1141 391//1141 394//1141
f 399//1142 402//1142 397//1142
f 354//308 399//1143 398//306
f 399//1144 354//1144 353//1144
f 402//1145 399//1145 400//1145
f 405//1146 408//1146 403//1146
f 362//1147 405//1147 404//1147
f 405//1148 362//1148 361//1148
f 408//1149 405//1149 406//1149
f 409//1150 412//1150 407//1150
f 366//1151 409//1151 406//1151
f 409//1152 366//1152 365//1152
f 412//1153 409//1153 410//1153
f 413//1154 416//1154 411//1154
f 372//1155 413//1155 410//1155
f 413//1156 372//1156 371//1156
f 416//1157 413//323 414//322
f 417//329 422//330 415//15
f 418//1158 417//1158 414//1158
f 417//1159 418//1159 419//1159
f 422//330 417//329 420//328
f 423//1160 425//1160 1//1160
f 424//334 423//1161 9//332
f 423//337 424//342 66//335
f 425//1162 423//1162 65//1162
f 426//333 424//334 8//333
f 427//1163 426//1164 15//1165
f 426//1164 427//1163 72//1166
f 424//342 426//1167 71//341
f 428//1168 427//1168 14//1168
f 429//1169 428//1169 77//1169
f 428//1170 429//1170 74//1170
f 427//1171 428//1171 73//1171
f 430//1172 429//1172 76//1172
f 431//1173 430//1173 81//1173
f 430//351 431//1174 432//349
f 429//782 430//782 433//782
f 434//1175 431//1175 80//1175
f 435//1176 434//1176 79//1176
f 434//357 435//356 436//355
f 431//359 434//357 437//356
f 438//1177 435//1177 20//1177
f 439//1178 438//1178 27//1178
f 438//1179 439//1179 28//1179
f 435//365 438//1180 440//363
f 441//1181 439//1181 26//1181
f 442//1182 441//1183 25//1184
f 441//1183 442//1182 31//1185
f 439//1186 441//1186 29//1186
f 444//1187 442//1187 24//1187
f 446//372 444//370 443//370
f 444//1188 446//1188 33//1188
f 442//1189 444//1189 32//1189
f 448//376 446//372 445//371
f 449//1190 448//1191 447//1192
f 448//1191 449//1190 450//1193
f 446//372 448//376 451//1194
f 452//1195 449//1195 49//1195
f 453//1196 452//1196 47//1196
f 452//1197 453//1197 454//1197
f 449//1198 452//1198 455//1198
f 456//1199 453//1199 46//1199
f 457//1200 456//1200 54//1200
f 456//388 457//1201 458//386
f 453//1202 456//1202 459//1202
f 460//1203 457//1203 53//1203
f 461//1204 460//1204 110//1204
f 460//1205 461//1205 462//1205
f 457//395 460//1206 463//393
f 464//1207 461//1207 109//1207
f 465//1208 464//1208 114//1208
f 464//1209 465//1209 466//1209
f 461//1210 464//1210 467//1210
f 469//1211 465//1211 113//1211
f 471//1212 469//1212 468//1212
f 469//1213 471//1213 472//1213
f 465//405 469//1214 473//403
f 475//1215 471//1215 470//1215
f 477//1216 475//1216 474//1216
f 475//1217 477//1217 478//1217
f 471//412 475//410 479//409
f 481//1218 477//1218 476//1218
f 483//1219 481//1219 480//1219
f 481//1220 483//422 484//421
f 477//1221 481//1221 485//1221
f 487//1222 483//1222 482//1222
f 489//1223 487//1223 486//1223
f 487//1224 489//1224 377//1224
f 483//1225 487//1225 490//1225
f 492//1226 489//1226 488//1226
f 493//1227 492//1227 491//1227
f 492//1228 493//1228 379//1228
f 489//1229 492//1229 378//1229
f 494//1230 493//1231 419//1232
f 495//1233 494//1233 418//1233
f 494//1234 495//1234 373//1234
f 493//1231 494//1230 380//1235
f 496//1236 495//1236 371//1236
f 497//1237 496//1237 370//1237
f 496//1238 497//1238 322//1238
f 495//1239 496//435 374//434
f 498//1240 497//1240 369//1240
f 499//1241 498//1241 368//1241
f 498//1242 499//1242 318//1242
f 497//442 498//1243 323//440
f 500//1244 499//1244 316//1244
f 501//1245 500//1245 315//1245
f 500//1246 501//1246 260//1246
f 499//1247 500//1247 319//1247
f 502//1248 501//1248 314//1248
f 503//1249 502//1249 313//1249
f 502//1250 503//1250 253//1250
f 501//1251 502//1251 261//1251
f 504//1252 503//1252 312//1252
f 505//454 504//1253 310//452
f 504//1254 505//1254 506//1254
f 503//1255 504//1255 507//1255
f 508//1256 505//1256 309//1256
f 509//1257 508//1257 359//1257
f 508//1258 509//1258 298//1258
f 505//1259 508//1259 510//1259
f 511//1260 509//1261 358//1262
f 512//1263 511//1263 356//1263
f 511//1264 512//1264 353//1264
f 509//1261 511//1260 352//1265
f 513//1266 512//1266 355//1266
f 514//1267 513//1267 404//1267
f 513//1268 514//1268 401//1268
f 512//1269 513//1269 400//1269
f 516//1270 514//1270 403//1270
f 517//1271 516//1271 515//1271
f 516//1272 517//1272 397//1272
f 514//1273 516//1273 402//1273
f 518//475 517//1274 395//473
f 519//1275 518//475 394//474
f 518//1276 519//1276 349//1276
f 517//1274 518//475 398//1277
f 520//1278 519//1278 393//1278
f 521//1279 520//1279 392//1279
f 520//1280 521//1280 345//1280
f 519//1281 520//1281 350//1281
f 522//1282 521//1282 343//1282
f 523//1283 522//1283 342//1283
f 522//487 523//1284 289//485
f 521//1285 522//487 346//486
f 524//1286 523//1286 341//1286
f 525//1287 524//1287 340//1287
f 524//1288 525//1288 283//1288
f 523//1289 524//1289 290//1289
f 526//1290 525//1290 281//1290
f 527//1291 526//1291 280//1291
f 526//497 527//1292 227//495
f 525//1293 526//497 284//496
f 528//1294 527//1294 279//1294
f 529//1295 528//1295 278//1295
f 528//1296 529//1296 220//1296
f 527//1297 528//1297 228//1297
f 531//1298 529//1298 277//1298
f 533//506 531//505 530//504
f 531//1299 533//1299 223//1299
f 529//1300 531//1300 221//1300
f 535//1301 533//1301 532//1301
f 537//513 535//511 534//510
f 535//516 537//523 538//514
f 533//1302 535//1302 539//1302
f 541//519 537//513 536//512
f 543//1303 541//1303 540//1303
f 541//1304 543//1304 61//1304
f 537//523 541//1305 544//522
f 546//1306 543//1306 542//1306
f 425//1307 546//1307 545//1307
f 546//1308 425//1308 64//1308
f 543//1309 546//1309 62//1309
f 547//1310 551//1310 28//1310
f 548//1311 547//1311 36//1311
f 547//1312 548//1312 37//1312
f 551//1313 547//1313 549//1313
f 552//1314 548//1315 35//1316
f 553//1317 552//1317 34//1317
f 552//1318 553//1318 40//1318
f 548//1315 552//1314 38//1319
f 554//1320 553//1320 33//1320
f 555//1321 554//1321 451//1321
f 554//1322 555//1322 42//1322
f 553//1323 554//1323 41//1323
f 556//1324 555//1324 450//1324
f 557//1325 556//1325 455//1325
f 556//1326 557//1326 44//1326
f 555//1327 556//1327 43//1327
f 558//1328 557//1328 454//1328
f 559//1329 558//1329 459//1329
f 558//1330 559//1330 105//1330
f 557//1331 558//1331 104//1331
f 560//548 559//1332 458//546
f 561//1333 560//1333 463//1333
f 560//1334 561//1334 107//1334
f 559//1335 560//1335 106//1335
f 562//1336 561//1336 462//1336
f 563//1337 562//1338 467//1339
f 562//1338 563//1337 564//1340
f 561//1341 562//1341 565//1341
f 566//1342 563//1342 466//1342
f 567//1343 566//1343 473//1343
f 566//1344 567//1344 568//1344
f 563//1345 566//1345 569//1345
f 570//1346 567//1346 472//1346
f 571//1347 570//562 479//561
f 570//566 571//1348 572//564
f 567//1349 570//1349 573//1349
f 574//1350 571//1350 478//1350
f 575//1351 574//1351 485//1351
f 574//1352 575//1352 329//1352
f 571//1353 574//1353 576//1353
f 577//1354 575//1354 484//1354
f 578//1355 577//1355 490//1355
f 577//1356 578//1356 331//1356
f 575//1357 577//1357 330//1357
f 579//1358 578//1358 377//1358
f 580//579 579//1359 376//577
f 579//1360 580//1360 324//1360
f 578//1361 579//1361 332//1361
f 581//1362 580//1362 322//1362
f 582//1363 581//1363 321//1363
f 581//1364 582//1364 327//1364
f 580//1365 581//1365 325//1365
f 583//589 582//585 266//584
f 584//1366 583//1366 265//1366
f 583//593 584//1367 585//591
f 582//506 583//506 586//506
f 587//1368 584//1368 264//1368
f 588//598 587//1369 263//596
f 587//1370 588//1370 208//1370
f 584//602 587//1371 589//600
f 590//605 588//1372 258//603
f 591//1373 590//1373 257//1373
f 590//1374 591//1374 204//1374
f 588//1372 590//605 209//1375
f 592//1376 591//1376 256//1376
f 593//1377 592//1377 254//1377
f 592//1378 593//1378 305//1378
f 591//1379 592//1379 594//1379
f 595//1380 593//1380 253//1380
f 596//1381 595//1381 507//1381
f 595//1382 596//1382 307//1382
f 593//1383 595//1383 306//1383
f 597//1384 596//1384 506//1384
f 598//1385 597//1385 510//1385
f 597//1386 598//1386 300//1386
f 596//1387 597//1387 308//1387
f 599//623 598//1388 298//621
f 600//1389 599//1389 297//1389
f 599//1390 600//1390 303//1390
f 598//1388 599//623 301//1391
f 601//1392 600//1392 245//1392
f 602//1393 601//1393 244//1393
f 601//1394 602//1394 603//1394
f 600//1395 601//1395 604//1395
f 605//1396 602//1396 193//1396
f 606//1397 605//1397 192//1397
f 605//1398 606//1398 607//1398
f 602//1399 605//1399 608//1399
f 609//1400 606//1400 191//1400
f 610//1401 609//1401 190//1401
f 609//1402 610//1402 137//1402
f 606//1403 609//1403 611//1403
f 612//1404 610//1404 189//1404
f 613//1405 612//1405 187//1405
f 612//643 613//1406 184//641
f 610//1407 612//1407 183//1407
f 614//1408 613//1408 186//1408
f 615//1409 614//1409 242//1409
f 614//1410 615//1410 239//1410
f 613//1411 614//1411 238//1411
f 616//1412 615//1412 241//1412
f 617//1413 616//1413 292//1413
f 616//1414 617//1414 235//1414
f 615//1415 616//1415 240//1415
f 618//1416 617//1416 287//1416
f 619//1417 618//1417 286//1417
f 618//1418 619//1418 620//1418
f 617//1419 618//1419 621//1419
f 622//1420 619//1420 227//1420
f 623//1421 622//659 226//658
f 622//663 623//1422 624//661
f 619//1423 622//1423 625//1423
f 626//1424 623//1424 225//1424
f 627//1425 626//1425 224//1425
f 626//670 627//1426 628//668
f 623//672 626//670 629//669
f 630//1427 627//1427 223//1427
f 631//676 630//1428 539//674
f 630//679 631//1429 632//677
f 627//1430 630//1430 633//1430
f 634//684 631//676 538//675
f 635//1431 634//1431 544//1431
f 634//1432 635//1432 636//1432
f 631//1433 634//1433 637//1433
f 638//1434 635//1434 61//1434
f 639//1435 638//1435 69//1435
f 638//1436 639//1436 640//1436
f 635//692 638//1437 641//690
f 642//1438 639//1438 68//1438
f 643//1439 642//1439 75//1439
f 642//1440 643//1440 133//1440
f 639//1441 642//1441 644//1441
f 645//1442 643//1442 74//1442
f 646//698 645//1443 433//350
f 645//1444 646//1444 135//1444
f 643//1445 645//1445 134//1445
f 647//701 646//1446 432//358
f 648//702 647//701 437//356
f 647//701 648//702 649//703
f 646//1446 647//701 650//704
f 651//1447 648//1447 436//1447
f 551//1448 651//1448 440//1448
f 651//1449 551//1449 550//1449
f 648//1450 651//1450 652//1450
f 653//711 658//1451 37//709
f 654//714 653//1452 98//712
f 653//717 654//727 655//715
f 658//720 653//1453 656//718
f 659//722 654//714 97//713
f 660//724 659//722 150//721
f 659//1454 660//1454 200//1454
f 654//727 659//1455 661//726
f 662//729 660//724 149//723
f 663//1456 662//1457 205//1458
f 662//1457 663//1456 202//1459
f 660//724 662//729 201//1460
f 664//1461 663//1461 204//1461
f 665//1462 664//1462 594//1462
f 664//1463 665//1463 251//1463
f 663//1464 664//1464 250//1464
f 666//1465 665//1465 305//1465
f 667//1466 666//1467 304//1468
f 666//1467 667//1466 247//1469
f 665//1470 666//1470 252//1470
f 668//1471 667//1471 303//1471
f 669//1472 668//1472 604//1472
f 668//1473 669//1473 195//1473
f 667//1474 668//1474 248//1474
f 670//747 669//1475 603//745
f 671//1476 670//1476 608//1476
f 670//1477 671//1477 198//1477
f 669//1478 670//1478 196//1478
f 672//755 671//1479 607//1480
f 673//1481 672//755 611//1482
f 672//755 673//1481 674//753
f 671//1479 672//755 675//754
f 676//1483 673//1483 137//1483
f 677//1484 676//1484 136//1484
f 676//761 677//769 678//759
f 673//592 676//1485 679//762
f 680//1486 677//1486 135//1486
f 681//765 680//356 650//704
f 680//356 681//765 682//766
f 677//769 680//1487 683//768
f 684//1488 681//1488 649//1488
f 685//773 684//1489 652//771
f 684//776 685//785 686//774
f 681//1490 684//1490 687//1490
f 688//1491 685//1491 550//1491
f 658//1492 688//783 549//1493
f 688//783 658//1492 657//781
f 685//1494 688//1494 689//1494
f 690//1495 692//1496 133//1497
f 691//1498 690//1499 131//1500
f 690//1499 691//1498 128//1501
f 692//1496 690//1495 127//1502
f 693//792 691//801 130//790
f 694//795 693//798 181//793
f 693//798 694//795 178//796
f 691//801 693//792 177//799
f 695//804 694//1503 180//802
f 696//807 695//1504 236//805
f 695//1505 696//1505 233//1505
f 694//811 695//1506 232//809
f 697//1507 696//1507 235//1507
f 698//1508 697//1508 621//1508
f 697//1509 698//1509 229//1509
f 696//1510 697//1510 234//1510
f 699//816 698//1511 620//664
f 700//817 699//816 625//662
f 699//1512 700//1512 174//1512
f 698//1513 699//1513 230//1513
f 701//820 700//1514 624//671
f 702//821 701//820 629//669
f 701//1515 702//1515 170//1515
f 700//1516 701//1516 175//1516
f 703//824 702//1517 628//681
f 704//827 703//506 633//825
f 703//830 704//1518 115//828
f 702//1519 703//1519 171//1519
f 705//833 704//827 632//826
f 706//835 705//1520 637//356
f 705//1521 706//1521 118//1521
f 704//1522 705//1522 116//1522
f 707//838 706//1523 636//691
f 708//370 707//370 641//370
f 707//1524 708//845 120//844
f 706//1525 707//1525 119//1525
f 709//370 708//370 640//370
f 692//1526 709//1526 644//1526
f 709//1527 692//1527 126//1527
f 708//1528 709//1528 125//1528
f 710//1529 712//1529 101//1529
f 711//1530 710//1530 108//1530
f 710//1531 711//1531 160//1531
f 712//1532 710//1532 159//1532
f 713//1533 711//1533 107//1533
f 714//1534 713//1534 565//1534
f 713//1535 714//1535 166//1535
f 711//1536 713//1536 165//1536
f 715//1537 714//1537 564//1537
f 716//1538 715//1538 569//1538
f 715//1539 716//1539 168//1539
f 714//1540 715//1540 167//1540
f 717//1541 716//1541 568//1541
f 718//1542 717//1542 573//1542
f 717//1543 718//1543 218//1543
f 716//1544 717//1544 217//1544
f 719//1545 718//1545 572//1545
f 720//1546 719//1546 576//1546
f 719//1547 720//1547 272//1547
f 718//1548 719//1548 271//1548
f 721//1549 720//1549 329//1549
f 722//1550 721//1550 328//1550
f 721//1551 722//1551 268//1551
f 720//1552 721//1552 273//1552
f 723//1553 722//1553 327//1553
f 724//871 723//1554 586//592
f 723//1555 724//1555 214//1555
f 722//1556 723//1556 269//1556
f 725//874 724//1557 585//601
f 726//1558 725//874 589//600
f 725//1559 726//1559 210//1559
f 724//1560 725//1560 215//1560
f 727//1561 726//1561 208//1561
f 728//1562 727//1562 207//1562
f 727//1563 728//1563 155//1563
f 726//1564 727//1564 211//1564
f 729//1565 728//1565 153//1565
f 712//1566 729//1566 152//1566
f 729//1567 712//1567 158//1567
f 728//1568 729//1568 156//1568
f 730//1569 732//1569 200//1569
f 731//1570 730//1571 199//1572
f 730//1571 731//1570 143//1573
f 732//1574 730//1574 148//1574
f 733//1575 731//1575 198//1575
f 734//891 733//1576 675//754
f 733//1577 734//1577 139//1577
f 731//1578 733//1578 144//1578
f 735//894 734//1579 674//763
f 736//895 735//1580 679//760
f 735//1581 736//1581 82//1581
f 734//1582 735//1582 140//1582
f 737//898 736//895 678//759
f 738//899 737//702 683//767
f 737//1583 738//1583 85//1583
f 736//1584 737//1584 83//1584
f 739//902 738//1585 682//363
f 740//370 739//370 687//370
f 739//1586 740//1586 87//1586
f 738//1587 739//1587 86//1587
f 741//370 740//370 686//370
f 742//905 741//1588 689//782
f 741//1589 742//1589 93//1589
f 740//1590 741//1590 92//1590
f 743//720 742//1591 657//719
f 744//908 743//1592 656//716
f 743//1593 744//1593 95//1593
f 742//1594 743//1594 94//1594
f 745//911 744//908 655//715
f 732//1595 745//1595 661//1595
f 745//1596 732//1596 147//1596
f 744//1597 745//1597 146//1597
# Vertices: 745, normals: 1597, texture coordinates: 0, faces: 1424

