# File generated by ImageToStl.com - Free Image and 3D model conversion tools

mtllib Mountain_desert_002.mtl

# Mountain_desert_002_0
o obj1
v -1150 -0.85164678 862.5
v -1150 4.398E-05 1006.25
v -1006.25 4.398E-05 1006.25
v -1150 5.027E-05 1150
v -1006.25 5.027E-05 1150
v -862.5 5.027E-05 1150
v -862.5 4.398E-05 1006.25
v -862.50726318 23.09508896 862.48791504
v -1006.25 -0.85164678 862.5
v -718.75 61.29898834 914.85565186
v -718.75 5.027E-05 1150
v -575 5.027E-05 1150
v -575 61.29898834 914.85565186
v -575.0112915 36.93774414 898.41864014
v -718.76135254 36.93774414 898.41864014
v -431.25 4.398E-05 1006.25
v -431.25 5.027E-05 1150
v -287.5 5.027E-05 1150
v -287.5 4.398E-05 1006.25
v -287.50720215 23.16322708 862.48791504
v -431.2612915 36.93774414 898.41864014
v -143.75 4.398E-05 1006.25
v -143.75 5.027E-05 1150
v 0 5.027E-05 1150
v 0 4.398E-05 1006.25
v 0 61.19252396 771.10571289
v -143.75 -0.42580456 862.5
v 143.75 4.398E-05 1006.25
v 143.75 5.027E-05 1150
v 287.5 5.027E-05 1150
v 287.5 61.29898834 927.74353027
v 287.5 61.29898453 790.43737793
v 143.75 61.29898453 771.10571289
v 431.25 4.624E-05 1057.80126953
v 431.25 5.027E-05 1150
v 575 5.027E-05 1150
v 575 4.793E-05 1096.46472168
v 574.99267578 23.64017487 1009.94042969
v 431.25 4.108E-05 939.82684326
v 718.75 4.849E-05 1109.35253906
v 718.75 5.027E-05 1150
v 862.5 5.027E-05 1150
v 862.5 4.793E-05 1096.46472168
v 862.48864746 36.93774796 1043.55529785
v 718.73864746 36.93775177 1059.61547852
v 1006.25 4.624E-05 1057.80126953
v 1006.25 5.027E-05 1150
v 1150 5.027E-05 1150
v 1150 4.398E-05 1006.25
v 1150 3.77E-05 862.5
v 1006.23864746 36.93774796 982.28857422
v -1150 -5.96176672 575
v -1150 -3.40670681 718.75
v -1006.25 -3.40670681 718.75
v -898.44885254 33.53100204 718.73114014
v -926.40893555 60.36769104 638.85528564
v -1006.26135254 30.9759407 610.9185791
v -863.02270508 1045.71289062 574.12878418
v -827.06384277 1010.47497559 717.91448975
v -719.28985596 1019.3805542 717.85021973
v -799.08251953 966.17041016 802.03845215
v -719.25134277 963.9418335 835.20593262
v -572.8772583 919.76263428 842.31518555
v -575.53985596 989.92767334 717.85021973
v -575.53985596 1064.98815918 574.10009766
v -719.28985596 1075.72851562 610.03771973
v -431.78982544 980.11004639 717.85021973
v -421.25491333 905.03607178 844.68487549
v -319.20477295 900.71954346 827.31561279
v -302.94604492 951.56915283 727.39337158
v -305.57012939 1000.55664062 576.53417969
v -431.78982544 1036.46081543 574.10021973
v -251.57382202 31.72115898 574.98114014
v -251.57382202 33.95684052 718.7310791
v -143.75 -1.70333755 718.75
v 0 -0.42581084 718.75
v 0 60.55374908 483.60571289
v -143.75 -2.98087072 575
v 143.75 3.142E-05 718.75
v 287.5 3.198E-05 731.63781738
v 287.49273682 23.64015579 577.04992676
v 143.75 61.29897308 483.60571289
v 431.25 3.367E-05 770.30126953
v 539.05114746 36.93774033 796.05804443
v 511.09100342 65.66705322 673.22283936
v 431.23864746 36.9377327 623.80639648
v 574.32531738 1047.62512207 597.04559326
v 610.43615723 949.94152832 717.91448975
v 718.21014404 986.93035889 717.85021973
v 638.41748047 902.65124512 800.73358154
v 718.24865723 911.00817871 832.2699585
v 861.99865723 825.89099121 835.54150391
v 861.96014404 901.81323242 717.85021973
v 861.80065918 992.73583984 574.00439453
v 717.96087646 1089.55444336 609.88812256
v 1005.71014404 986.93035889 717.85021973
v 1005.74865723 911.00817871 832.2699585
v 1085.63977051 906.21612549 800.73358154
v 1113.5612793 957.96270752 717.91448975
v 1111.69360352 1007.26519775 574.16442871
v 1005.71020508 1043.27600098 574.10021973
v -1136.1607666 965.08978271 286.6413269
v -1122.28308105 927.47955322 430.41442871
v -1006.78979492 995.64025879 430.35021973
v -1090.01318359 917.51318359 510.32546997
v -1006.7512207 964.73217773 538.22692871
v -898.97729492 1078.20800781 430.35021973
v -926.92871094 1106.39892578 350.48913574
v -1006.78979492 1039.91845703 322.53768921
v -863.03985596 1374.65869141 286.60021973
v -827.10235596 1320.29785156 430.35021973
v -719.28985596 1358.16271973 430.35021973
v -799.15093994 1264.66845703 510.21133423
v -719.28985596 1278.22460938 538.16271973
v -639.42871094 1264.66845703 510.21133423
v -611.47735596 1320.29785156 430.35021973
v -575.53985596 1386.43676758 286.60021973
v -719.28985596 1408.65063477 286.60015869
v -511.65093994 1133.7791748 350.48913574
v -539.60235596 1093.10913086 430.35021973
v -431.78982544 1055.24438477 430.35021973
v -313.44244385 1016.88586426 430.41442871
v -286.85644531 1051.97399902 286.62878418
v -431.78982544 1101.52380371 322.53768921
v -223.63124084 60.3676796 351.35534668
v -251.57382202 30.97593117 431.23110962
v -143.75 -3.40671921 431.25
v 0 -0.85166574 431.25
v -0.01132584 36.08603668 323.4185791
v -143.76130676 33.53098297 323.41864014
v 143.75 1.885E-05 431.25
v 251.55117798 36.93772125 431.23110962
v 223.59098816 65.66704559 351.35534668
v 143.73867798 36.93772125 323.41864014
v 319.89349365 1614.36120605 282.37368774
v 319.89355469 1593.99365234 426.12371826
v 427.56176758 1653.03381348 425.6907959
v 347.9571228 1563.4519043 506.32147217
v 427.70605469 1582.76953125 533.93621826
v 571.45599365 1614.43896484 533.93621826
v 571.31176758 1705.59362793 425.6907959
v 571.31170654 1666.00646973 281.94085693
v 427.56176758 1596.15588379 281.94085693
v 715.06176758 1762.64318848 425.6907959
v 715.20605469 1684.28955078 533.93615723
v 795.17938232 1690.81152344 506.32144165
v 823.01855469 1747.14111328 426.12365723
v 823.01843262 1752.51904297 282.37365723
v 715.06176758 1806.68798828 281.94085693
v 925.40600586 1109.2800293 350.22320557
v 897.64831543 1097.07006836 430.20068359
v 1005.71014404 1062.05786133 430.35021973
v 1106.09106445 1023.69927979 430.41442871
v 1117.95849609 1054.50842285 286.54562378
v 1005.4609375 1085.80371094 322.38812256
v -1114.60229492 1278.09362793 -0.89980376
v -1114.60229492 1258.32800293 142.85018921
v -1006.78979492 1349.86535645 142.85020447
v -1086.65087891 1235.12023926 222.71130371
v -1006.78979492 1305.5871582 250.66270447
v -863.03979492 1406.57629395 142.85018921
v -863.03997803 1431.49169922 -0.89980567
v -1006.78979492 1359.31713867 -0.89980346
v -719.28985596 1425.48010254 142.85020447
v -575.53985596 1425.48010254 142.85018921
v -575.53985596 1448.16040039 35.03770065
v -719.28985596 1448.16040039 35.03770065
v -431.78982544 1425.48010254 142.85020447
v -431.78982544 1379.20068359 250.66268921
v -351.92874146 1343.20544434 222.71130371
v -323.97735596 1379.20068359 142.85018921
v -311.03988647 1410.69140625 -0.89980477
v -431.78982544 1448.16040039 35.03770065
v -252.10232544 1079.62854004 -3.32153964
v -252.10235596 1091.26647949 142.85018921
v -144.28985596 1014.215271 142.85021973
v -144.25131226 955.76800537 250.72691345
v -0.5013141 909.92956543 250.72694397
v -0.53984928 983.44335938 142.85018921
v -0.53984833 1017.9631958 -15.43028355
v -144.28985596 1022.89459229 -10.58678341
v 143.21014404 973.18609619 142.85021973
v 143.24868774 894.65014648 250.72691345
v 263.82531738 943.93786621 286.54562378
v 250.77337646 1030.14782715 142.70065308
v 250.77340698 1080.91760254 -3.47109842
v 143.21014404 1023.68353271 -10.58678341
v 347.9571228 1612.6472168 59.09924316
v 319.89355469 1618.87927246 138.62367249
v 427.56176758 1717.90063477 138.19081116
v 571.31176758 1793.79907227 138.19081116
v 571.45599365 1746.00158691 30.81119156
v 427.70605469 1679.21789551 30.81118774
v 715.06176758 1820.23388672 138.19081116
v 823.01855469 1761.53869629 138.62368774
v 795.17938232 1729.01611328 59.09925079
v 715.20605469 1770.25 30.81119156
v 859.87365723 1450.29492188 -2.37329984
v 895.75927734 1402.12841797 141.22087097
v 1003.71606445 1342.15563965 141.6537323
v 883.03326416 1305.85461426 285.22241211
v 1003.965271 1250.81176758 249.61578369
v 1084.02038574 1244.86096191 221.7807312
v 1111.77783203 1307.14331055 141.80328369
v 1111.77770996 1366.29174805 -1.94670928
v 1003.71606445 1409.75366211 -2.0962677
v -1114.60229492 1365.02270508 -288.39981079
v -1114.60229492 1322.48950195 -144.64981079
v -1006.78979492 1387.67272949 -144.64981079
v -898.97729492 1451.72265625 -144.64981079
v -898.97735596 1468.57214355 -288.39981079
v -1006.78979492 1416.02832031 -288.39978027
v -827.10235596 1743.66516113 -288.39981079
v -827.10235596 1675.34106445 -144.64981079
v -719.28985596 1711.03552246 -144.64981079
v -799.15093994 1607.09033203 -64.78870392
v -719.28985596 1610.27050781 -36.83731461
v -575.53985596 1610.27050781 -36.83731079
v -575.53985596 1711.03552246 -144.64981079
v -575.53985596 1892.64672852 -288.39981079
v -719.28985596 1892.64672852 -288.39978027
v -431.78982544 1711.03552246 -144.64981079
v -431.78982544 1610.27050781 -36.83731461
v -351.92874146 1607.09057617 -64.78870392
v -323.97735596 1675.34106445 -144.64981079
v -323.97738647 1743.66516113 -288.39981079
v -431.78982544 1789.12011719 -288.39978027
v -265.01516724 934.82818604 -299.20812988
v -252.10235596 1024.19995117 -154.33679199
v -144.28985596 966.87420654 -183.39778137
v -0.53984928 977.92053223 -202.77178955
v -0.5013141 900.89996338 -354.11154175
v -144.25131226 884.33062744 -320.20706177
v 143.21014404 1011.05926514 -183.39778137
v 250.77337646 1090.47668457 -154.48634338
v 263.82531738 1048.25537109 -310.54812622
v 143.24868774 950.60827637 -320.20706177
v 321.152771 1365.90026855 -292.37490845
v 321.15283203 1379.19421387 -145.69671631
v 428.71603394 1425.47277832 -145.84625244
v 308.03323364 1411.77416992 -2.27758241
v 428.57174683 1461.6003418 -38.46662903
v 572.32171631 1471.8861084 -38.46662903
v 572.46606445 1426.32446289 -145.84625244
v 572.46600342 1426.63549805 -289.59628296
v 428.71603394 1417.7130127 -289.59625244
v 716.21606445 1428.87939453 -145.84625244
v 716.07177734 1477.5859375 -38.46663284
v 859.96606445 1431.43457031 -145.84625244
v 859.96588135 1433.33874512 -289.59628296
v 716.21606445 1432.58911133 -289.59625244
v 1003.71606445 1432.28625488 -145.84625244
v 1111.77783203 1386.00769043 -145.69671631
v 1111.77770996 1374.5723877 -289.44671631
v 1003.71606445 1426.65075684 -289.59625244
v -1086.65087891 1343.20544434 -512.01092529
v -1114.60229492 1379.20068359 -432.14974976
v -1006.78979492 1425.48010254 -432.14974976
v -898.97729492 1474.1887207 -432.14974976
v -863.03985596 1427.03479004 -539.18756104
v -1006.78979492 1379.20068359 -539.96221924
v -799.15093994 1728.55529785 -506.5696106
v -827.10235596 1766.4395752 -432.14978027
v -719.28985596 1815.14831543 -432.14978027
v -575.53985596 1815.14831543 -432.14978027
v -575.53985596 1766.43981934 -521.59783936
v -719.28985596 1766.4395752 -527.71929932
v -431.78982544 1815.14831543 -432.14978027
v -323.97735596 1766.4395752 -432.14978027
v -351.92874146 1728.55529785 -506.5696106
v -431.78982544 1766.4395752 -527.71929932
v -287.50720215 17.78051376 -578.49603271
v -251.57382202 30.55005455 -440.95587158
v -143.75 -5.11012793 -469.99798584
v -223.63124084 59.0428009 -381.55978394
v -143.76130676 30.55005455 -391.26535034
v -0.01132584 30.76297379 -425.1697998
v 0 -4.25844431 -489.37197876
v 0 -2.12923717 -589.53051758
v -143.75 -3.40676379 -584.68701172
v 143.75 -5.11012793 -469.99798584
v 143.73867798 30.55005455 -391.26535034
v 223.59098816 59.0428009 -389.00360107
v 251.55117798 30.55005074 -457.70443726
v 287.49273682 17.78051376 -595.32037354
v 143.75 -3.40676379 -584.68701172
v 349.2980957 1286.17468262 -549.38140869
v 321.15283203 1326.01818848 -444.90951538
v 428.71603394 1394.43457031 -433.34622192
v 572.46606445 1427.56933594 -433.34622192
v 572.71520996 1381.91308594 -561.5065918
v 428.96533203 1332.63696289 -564.43487549
v 716.21606445 1443.7175293 -433.34622192
v 859.96606445 1439.05175781 -433.34622192
v 860.21520996 1396.58178711 -543.93737793
v 716.46533203 1404.85791016 -552.7220459
v 1003.71606445 1409.74462891 -433.34622192
v 1111.77783203 1340.26635742 -433.19665527
v 1084.02026367 1302.90087891 -512.94146729
v 1003.965271 1352.1953125 -541.00921631
v -1150 -0.85172224 -862.5
v -1150 -3.40676951 -718.75
v -1006.25 -3.40676951 -718.75
v -1150 -5.96181679 -575
v -1006.26135254 30.9758873 -610.95635986
v -862.51123047 30.9758873 -613.97827148
v -862.5 -3.40676951 -718.75
v -862.5 160.02229309 -862.5
v -1006.25 -0.85172224 -862.5
v -718.75 -3.40676951 -718.75
v -718.76135254 30.9758873 -623.04406738
v -575.0112915 30.9758873 -629.0880127
v -575 -3.40676951 -718.75
v -575 -0.85172224 -862.5
v -718.75 160.02229309 -862.5
v -431.25 -3.40676951 -718.75
v -431.2612915 30.9758873 -623.04406738
v -287.5 -2.98092747 -718.75
v -287.5 -0.74526167 -862.5
v -431.25 -0.85172224 -862.5
v -143.75 -1.70340049 -718.75
v 0 -0.85171592 -718.75
v 0 -0.21295883 -862.5
v -143.75 -0.42587999 -862.5
v 143.75 159.17060852 -718.75
v 287.5 -2.98092747 -718.75
v 287.5 -0.74526167 -862.5
v 143.75 160.44815063 -862.5
v 431.25 -3.40676951 -718.75
v 431.23864746 30.9758873 -644.45355225
v 574.9887085 31.72110939 -640.26647949
v 575 -2.98092747 -718.75
v 575 -0.74526167 -862.5
v 431.25 -0.85172224 -862.5
v 718.75 -1.70340049 -718.75
v 718.73864746 33.95677948 -627.70495605
v 798.59100342 64.34215546 -652.48413086
v 826.55114746 36.51182938 -732.53411865
v 862.49273682 23.57195854 -877.92913818
v 718.75 -0.42587999 -862.5
v 925.9175415 876.44281006 -799.39672852
v 897.93615723 935.6328125 -719.58544922
v 1005.71014404 961.41033936 -719.64971924
v 861.82525635 1053.7097168 -610.19866943
v 1005.4609375 1077.53918457 -611.98681641
v 1125.13000488 1045.71740723 -575.95440674
v 1113.5612793 935.6328125 -719.58544922
v 1085.63989258 876.44281006 -799.39672852
v 1005.74865723 872.72814941 -827.39794922
v -1150 -5.027E-05 -1150
v -1150 -4.398E-05 -1006.25
v -1006.25 -4.398E-05 -1006.25
v -862.5 -4.398E-05 -1006.25
v -862.5 -5.027E-05 -1150
v -1006.25 -5.027E-05 -1150
v -718.75 -4.398E-05 -1006.25
v -575 -4.398E-05 -1006.25
v -575 -5.027E-05 -1150
v -718.75 -5.027E-05 -1150
v -431.25 -4.398E-05 -1006.25
v -287.5 160.87397766 -1006.25
v -287.5 -5.027E-05 -1150
v -431.25 -5.027E-05 -1150
v -143.75 160.87397766 -1006.25
v 0 -4.398E-05 -1006.25
v 0 -5.027E-05 -1150
v -143.75 -5.027E-05 -1150
v 143.75 -4.398E-05 -1006.25
v 287.5 -4.398E-05 -1006.25
v 287.5 -5.027E-05 -1150
v 143.75 -5.027E-05 -1150
v 431.25 160.87397766 -1006.25
v 575 160.87397766 -1006.25
v 575 -5.027E-05 -1150
v 431.25 -5.027E-05 -1150
v 718.75 -4.398E-05 -1006.25
v 862.5 -4.398E-05 -1006.25
v 862.5 -5.027E-05 -1150
v 718.75 -5.027E-05 -1150
v 1006.25 -4.398E-05 -1006.25
v 1006.23864746 36.93766403 -925.98687744
v 1150 -3.77E-05 -862.5
v 1150 -4.398E-05 -1006.25
v 1150 -5.027E-05 -1150
v 1006.25 -5.027E-05 -1150
v -718.79522705 147.75085449 862.42456055
v -575.04522705 147.75085449 761.15551758
v -572.47283936 316.02493286 777.65771484
v -718.84686279 316.02496338 871.81750488
v -826.65942383 315.17327881 828.77081299
v -826.60778809 146.89916992 826.48706055
v -431.29528809 147.75085449 862.42456055
v -323.48278809 146.89916992 826.48693848
v -305.16571045 315.17327881 842.98925781
v -420.85046387 316.02496338 881.29644775
v -287.54528809 144.34411621 718.67443848
v -287.54528809 141.7890625 574.92443848
v -269.22821045 310.06314087 577.20812988
v -266.60412598 312.61819458 728.06744385
v -287.54528809 140.93736267 431.17446899
v -251.60777283 141.78904724 323.36199951
v -249.03529358 310.06314087 323.27593994
v -277.1005249 309.2114563 431.08843994
v -143.79530334 144.34408569 287.42449951
v -0.04530519 146.89915466 287.42449951
v -0.09690475 315.17324829 228.12583923
v -143.84689331 312.61819458 287.33847046
v 143.7046814 147.75082397 287.42449951
v 251.51719666 147.75082397 323.36199951
v 251.46560669 314.0196228 323.27597046
v 143.65310669 316.02493286 287.33847046
v 287.45471191 147.75083923 431.17446899
v 323.39221191 147.75083923 538.98693848
v 323.34054565 301.987854 538.90087891
v 287.40310669 308.00372314 431.08843994
v 431.20471191 147.75083923 574.92443848
v 539.01721191 147.75083923 623.74975586
v 538.96557617 301.987854 613.99786377
v 431.15304565 299.98257446 574.83843994
v 574.95471191 147.75085449 770.22576904
v 610.89221191 147.75085449 923.24475098
v 610.84057617 314.01965332 860.40484619
v 574.90307617 308.00372314 731.47631836
v 718.70471191 147.75086975 991.69903564
v 862.45471191 147.75086975 1050.83679199
v 862.40301514 316.02496338 1012.53326416
v 718.65307617 316.02496338 933.91516113
v 1006.20471191 147.75085449 940.14776611
v 1114.01721191 147.75085449 845.91778564
v 1113.9654541 316.02496338 841.07312012
v 1006.15307617 316.02496338 921.02728271
v 1150 3.142E-05 718.75
v 1149.95471191 147.75085449 718.67443848
v 1150 2.513E-05 575
v 1154.61279297 147.75083923 574.92443848
v 1155.02270508 316.02493286 574.83843994
v 1149.9029541 316.02493286 718.58850098
v 1150 1.885E-05 431.25
v 1168.5871582 147.75083923 431.17446899
v 1150 1.257E-05 287.5
v 1182.56152344 147.75082397 287.42449951
v 1185.74047852 316.02493286 287.33847046
v 1170.3815918 316.02493286 431.08843994
v 1150 6.28E-06 143.75
v 1187.21972656 147.75082397 143.67446899
v 1150 0 0
v 1273.8034668 147.75082397 -0.07551839
v 1277.44384766 316.02493286 -0.16152905
v 1190.86022949 316.02493286 143.58847046
v 1150 -6.28E-06 -143.75
v 1187.21972656 147.75080872 -143.82550049
v 1150 -1.257E-05 -287.5
v 1273.8034668 147.75080872 -287.57546997
v 1192.72766113 316.02490234 -287.66149902
v 1190.86022949 316.02493286 -143.91149902
v 1150 -1.885E-05 -431.25
v 1273.8034668 147.75079346 -431.32546997
v 1150 -2.513E-05 -575
v 1269.14526367 147.75079346 -588.84069824
v 1196.94580078 316.02490234 -595.80932617
v 1198.33044434 316.02490234 -431.41149902
v 1150 -3.142E-05 -718.75
v 1255.17089844 147.7507782 -773.88641357
v 1118.67529297 147.7507782 -922.99468994
v 1120.95288086 316.02487183 -971.2590332
v 1177.85180664 316.02490234 -801.50286865
v 1006.20471191 147.7507782 -972.69744873
v 898.39221191 147.7507782 -922.99468994
v 898.34051514 316.02487183 -971.2590332
v 1006.15307617 316.02487183 -1027.84448242
v 862.45471191 147.7507782 -773.88641357
v 826.51721191 146.89910889 -641.52685547
v 826.46551514 315.17321777 -656.86975098
v 862.40307617 316.02490234 -801.50286865
v 718.70471191 144.34405518 -642.06982422
v 574.95471191 141.78900146 -692.31555176
v 574.90307617 310.06311035 -751.02160645
v 718.65307617 312.61816406 -675.6529541
v 431.20471191 140.93730164 -709.06414795
v 323.39221191 140.93731689 -656.37805176
v 323.34054565 309.21142578 -715.08410645
v 431.15304565 309.21142578 -776.14447021
v 287.45471191 140.93731689 -498.31982422
v 251.51719666 140.93733215 -359.63555908
v 251.46560669 309.21142578 -368.09588623
v 287.40310669 309.21142578 -531.9029541
v 143.7046814 140.93733215 -365.07147217
v -0.04530519 140.93733215 -403.81945801
v -0.09690475 309.21142578 -403.90542603
v 143.65310669 309.21142578 -365.1574707
v -143.79530334 140.93733215 -365.07147217
v -251.60777283 140.93733215 -342.88699341
v -251.65939331 309.21142578 -342.97305298
v -143.84689331 309.21142578 -365.1574707
v -287.54528809 140.93731689 -431.32546997
v -323.48278809 140.93731689 -551.22570801
v -323.53439331 309.21142578 -560.37738037
v -287.59689331 309.21142578 -431.41149902
v -431.29528809 140.93731689 -623.4263916
v -575.04522705 140.93731689 -647.60180664
v -575.09692383 309.21142578 -702.0826416
v -431.34683228 309.21142578 -659.7755127
v -718.79522705 140.93731689 -623.4263916
v -862.54528809 140.93731689 -587.16320801
v -862.59692383 309.21142578 -596.31500244
v -718.84686279 309.21142578 -659.7755127
v -1006.29528809 140.93731689 -575.07550049
v -1114.10778809 140.93731689 -539.13800049
v -1116.08911133 309.21142578 -539.22399902
v -1006.34680176 309.21142578 -575.16149902
v -1150 -6.81349468 -431.25
v -1150.04528809 140.93731689 -431.32546997
v -1150 -6.81348896 -287.5
v -1150.04528809 140.93733215 -287.57546997
v -1163.60559082 309.21142578 -287.66149902
v -1157.81616211 309.21142578 -431.41149902
v -1150 -6.81348228 -143.75
v -1150.04528809 140.93733215 -143.82550049
v -1150 -6.81347609 3E-07
v -1150.04528809 140.93734741 -0.07551277
v -1109.96484375 309.2114563 -0.1615278
v -1165.53540039 309.2114563 -143.91149902
v -1150 -6.81347036 143.75
v -1150.04528809 140.93734741 143.67448425
v -1150 -6.81346369 287.5
v -1150.04528809 140.93734741 287.42449951
v -1108.03503418 309.2114563 287.33847046
v -1109.96459961 309.2114563 143.58847046
v -1150 -6.81345749 431.25
v -1150.04528809 140.93736267 431.17446899
v -1114.10778809 140.93736267 538.98693848
v -1116.08911133 309.2114563 538.90087891
v -1102.2454834 309.2114563 431.08843994
v -1006.29528809 140.93736267 574.92443848
v -898.48278809 141.7890625 610.86193848
v -898.53442383 310.06314087 610.77593994
v -1006.34680176 309.2114563 574.83843994
v -862.54528809 144.34411621 718.67443848
v -862.59680176 312.61819458 718.58850098
v -719.28985596 1173.0447998 574.10021973
v -611.47735596 1181.45947266 538.16271973
v -827.10235596 1181.45947266 538.16271973
v -575.53985596 1206.70349121 430.35021973
v -539.60235596 1231.94750977 322.53771973
v -431.78982544 1240.36218262 286.60018921
v -323.97735596 1240.36230469 250.66270447
v -288.03985596 1240.36218262 142.85018921
v -288.03985596 1229.3157959 -0.89979583
v -288.03985596 1196.17712402 -144.64978027
v -288.03985596 1174.0847168 -288.39978027
v -288.03985596 1408.08630371 -288.39981079
v -288.03985596 1403.84887695 -144.64981079
v -288.00131226 996.88769531 -432.08557129
v -288.03985596 1196.17712402 -432.14978027
v -323.93884277 1046.59570312 -521.49475098
v -323.97735596 1229.3157959 -515.47637939
v -323.97735596 1425.14758301 -518.53710938
v -288.03985596 1416.86279297 -432.14974976
v -431.75131226 1063.1652832 -502.22250366
v -431.78982544 1240.36218262 -477.95599365
v -575.50134277 1063.1652832 -465.41601562
v -575.53985596 1240.36230469 -428.98416138
v -575.53985596 1427.90893555 -447.34860229
v -431.78982544 1427.90917969 -490.19900513
v -719.25134277 1063.1652832 -502.22250366
v -719.28985596 1240.36218262 -477.95599365
v -863.00134277 1063.1652832 -557.43225098
v -863.03979492 1240.36230469 -551.41387939
v -719.28985596 1427.90917969 -490.19900513
v -1006.7512207 1063.1652832 -575.83544922
v -1006.78979492 1240.36218262 -575.89971924
v -1116.49353027 1063.1652832 -539.89794922
v -1114.60229492 1240.36230469 -539.96221924
v -1158.22058105 1063.1652832 -432.08557129
v -1150.53979492 1240.36218262 -432.14974976
v -1090.0111084 1060.80236816 -288.33557129
v -1150.53979492 1230.91040039 -288.39978027
v -1165.93981934 1053.71337891 -144.58557129
v -1150.53979492 1202.55480957 -144.64979553
v -1165.93969727 1035.44885254 -0.83556885
v -1150.53979492 1166.74865723 -0.89979887
v -1165.93981934 999.55853271 142.91442871
v -1150.53979492 1134.94543457 142.85018921
v -1114.60229492 1129.49621582 250.66270447
v -1006.78979492 1172.75280762 286.60018921
v -898.97729492 1215.04516602 322.53768921
v -863.03985596 1206.70349121 430.35021973
v 717.21307373 1247.17199707 573.50201416
v 825.02563477 1235.90576172 537.56451416
v 824.13342285 1414.10888672 536.68292236
v 716.32104492 1419.890625 572.62042236
v 572.57098389 1408.77294922 572.62042236
v 573.46313477 1247.17211914 573.50201416
v 860.96307373 1202.10668945 429.75195312
v 896.90063477 1168.30773926 321.93945312
v 860.07098389 1367.11621094 428.87045288
v 1004.71313477 1157.04138184 286.00195312
v 1112.52563477 1168.30773926 250.06446838
v 1134.30908203 1058.71154785 142.76486206
v 1148.46313477 1202.10668945 142.25196838
v 1134.30895996 1067.16125488 -0.98512733
v 1148.46313477 1235.90576172 -1.49803376
v 1134.30908203 1069.9777832 -144.73512268
v 1148.46313477 1247.17199707 -145.24804688
v 1136.17651367 1067.97241211 -288.48510742
v 1148.46313477 1239.15075684 -288.99804688
v 1141.7791748 1061.95654297 -432.23510742
v 1148.46313477 1215.08728027 -432.74798584
v 1112.52563477 1201.43066406 -540.56048584
v 1004.71313477 1224.63049316 -576.4979248
v 860.96313477 1253.93762207 -588.21087646
v 717.99938965 1070.28063965 -646.262146
v 717.21313477 1258.60339355 -623.34936523
v 574.24938965 1064.32727051 -698.9699707
v 573.46313477 1242.45495605 -658.48791504
v 430.49942017 1055.40478516 -716.53924561
v 429.71310425 1209.32043457 -670.20074463
v 322.68688965 1049.8704834 -663.0324707
v 321.90057373 1187.18261719 -622.55041504
v 286.74942017 1054.08105469 -502.51217651
v 285.96310425 1204.0255127 -479.59936523
v 285.96307373 1231.27539062 -300.71084595
v 285.96310425 1240.35839844 -145.24804688
v 285.96307373 1230.52709961 -1.49803352
v 285.96310425 1201.03283691 142.25196838
v 285.96307373 1182.22167969 286.00195312
v 285.07095337 1392.11901855 285.12042236
v 285.0710144 1395.46679688 141.37042236
v 286.74942017 997.85784912 430.26489258
v 285.96310425 1204.4395752 429.75195312
v 322.68688965 1039.9161377 538.07739258
v 321.90057373 1236.48901367 537.56451416
v 321.00845337 1402.95739746 536.68292236
v 285.0710144 1396.62866211 428.87045288
v 430.49942017 1053.9354248 574.01489258
v 429.71310425 1247.17199707 573.50201416
v 428.82104492 1405.06689453 572.62042236
v 428.13891602 1569.98339844 -3.82771778
v 320.3263855 1533.09887695 32.10978317
v 571.88891602 1608.57128906 -3.82771873
v 284.3888855 1523.07519531 139.92227173
v 284.3888855 1523.38537598 283.67227173
v 284.3888855 1517.50268555 427.42227173
v 320.3263855 1510.76831055 535.23480225
v 428.13891602 1508.52331543 571.17230225
v 571.88891602 1523.34692383 571.17230225
v 715.63891602 1567.81762695 571.17230225
v 823.45141602 1601.02197266 535.23480225
v 859.38891602 1582.04650879 427.42227173
v 859.38891602 1559.51391602 283.67227173
v 859.38891602 1582.04650879 139.92227173
v 823.45141602 1614.99365234 32.10977936
v 715.63891602 1623.70507812 -3.82771897
v -719.28985596 1516.20141602 -0.89980841
v -575.53985596 1516.20141602 -0.89980841
v -827.10235596 1529.21557617 -36.83731079
v -431.78982544 1516.20141602 -0.89980841
v -323.97735596 1529.21557617 -36.83730316
v -288.03985596 1568.2578125 -144.64981079
v -288.03985596 1607.30004883 -288.39981079
v -288.03985596 1620.31420898 -432.14978027
v -323.97735596 1620.31420898 -527.71923828
v -431.78982544 1620.31420898 -526.92791748
v -575.53985596 1620.31420898 -502.44198608
v -719.28985596 1620.31420898 -526.92791748
v -827.10235596 1620.31420898 -527.71923828
v -863.03985596 1620.31420898 -432.14974976
v -863.03985596 1607.30004883 -288.39978027
v -863.03985596 1568.2578125 -144.64981079
v -559.50793457 718.90625 860.3392334
v -564.88934326 839.90020752 928.2098999
v -719.13574219 869.35308838 899.77301025
v -826.94824219 897.9543457 835.39855957
v -826.81494141 732.78100586 840.36004639
v -719.00250244 726.26940918 918.95294189
v -213.47787476 718.05450439 925.67071533
v -250.34844971 839.04858398 892.2723999
v -389.65011597 830.08258057 937.68884277
v -368.52410889 716.45184326 975.82666016
v -177.54037476 727.6708374 588.79760742
v -214.41098022 892.84417725 583.83605957
v -203.91456604 865.94641113 756.02294922
v -161.79577637 722.86273193 775.20288086
v -236.07038879 727.45446777 323.01660156
v -241.45181274 891.97875977 322.79458618
v -245.90013123 901.81018066 430.60708618
v -224.7741394 729.27355957 430.82910156
v -0.25248623 716.53991699 227.86645508
v -0.38570976 832.99005127 286.8571167
v -144.13571167 862.48443604 286.8571167
v -144.00248718 721.99719238 287.07913208
v 251.30999756 705.35986328 323.01660156
v 251.17678833 825.82061768 322.79458618
v 143.36428833 823.15863037 286.8571167
v 143.49751282 714.7208252 287.07913208
v 323.18499756 649.19372559 538.64160156
v 323.05178833 841.79217529 538.4196167
v 287.11428833 833.80639648 430.60708618
v 287.24752808 677.2767334 430.82910156
v 538.80993652 649.5168457 610.5166626
v 538.67675781 843.08435059 610.2946167
v 430.86428833 844.45410156 574.3571167
v 430.99746704 639.83276367 574.57910156
v 610.68493652 707.62121582 837.59191895
v 610.55175781 834.8659668 832.46258545
v 574.61425781 838.97515869 718.1071167
v 574.74743652 678.56896973 718.32910156
v 862.24743652 717.30523682 989.72033691
v 862.11425781 833.49621582 901.1151123
v 718.36425781 833.49621582 888.0291748
v 718.49743652 717.30523682 907.88018799
v 1113.81005859 719.6529541 837.59191895
v 1113.67675781 842.88708496 832.46258545
v 1005.86425781 833.49621582 888.0291748
v 1005.99743652 717.30523682 907.88018799
v 1139.70678711 733.73931885 574.57910156
v 1142.14404297 899.23266602 574.3571167
v 1149.61425781 871.05987549 718.1071167
v 1149.74755859 726.69616699 718.32910156
v 1079.46203613 736.08709717 287.07910156
v 1097.32275391 908.62359619 286.8571167
v 1119.73327637 908.62359619 430.60708618
v 1109.58435059 736.08703613 430.82910156
v 1069.42114258 736.08709717 -0.42084861
v 1089.85253906 908.62359619 -0.64289248
v 1089.85253906 908.62359619 143.10710144
v 1069.42114258 736.08703613 143.3291626
v 1080.62646484 736.08709717 -287.92086792
v 1097.32275391 908.62359619 -288.1428833
v 1089.85253906 908.62359619 -144.3928833
v 1069.42114258 736.08703613 -144.1708374
v 1146.69384766 732.94177246 -578.86212158
v 1142.14404297 896.04272461 -575.6428833
v 1119.73327637 908.62359619 -431.8928833
v 1018.18505859 736.08703613 -431.67080688
v 1114.97460938 714.07037354 -851.0723877
v 1113.67675781 820.55712891 -827.20526123
v 1149.61425781 858.29992676 -719.3928833
v 1154.40563965 723.50604248 -732.93603516
v 898.18493652 714.07037354 -851.0723877
v 898.05175781 820.55712891 -827.20526123
v 1005.86425781 807.97613525 -863.14276123
v 1005.99743652 710.92510986 -890.45123291
v 826.30993652 732.09002686 -621.91497803
v 826.17675781 895.190979 -623.29321289
v 862.11425781 858.29992676 -719.3928833
v 862.24743652 723.50604248 -732.93603516
v 574.74743652 730.12518311 -625.22833252
v 574.61425781 902.6618042 -657.63275146
v 718.36425781 905.21685791 -622.49420166
v 718.49743652 732.68023682 -603.88220215
v 323.18499756 729.27355957 -589.29083252
v 323.05178833 901.81018066 -621.69525146
v 430.86428833 901.81018066 -669.34564209
v 430.99752808 729.27349854 -632.34368896
v 251.30999756 726.51202393 -350.34765625
v 251.17678833 890.76385498 -355.16723633
v 287.11428833 901.81018066 -478.74423218
v 287.24752808 729.27355957 -460.13220215
v -0.25248623 709.94262695 -404.16482544
v -0.38570976 824.48632812 -404.38684082
v 143.36428833 857.62512207 -365.63885498
v 143.49751282 718.22729492 -365.41680908
v -251.81498718 709.94262695 -343.23236084
v -251.94821167 824.48632812 -343.45437622
v -144.13571167 813.44006348 -365.63882446
v -144.00248718 707.18103027 -365.41680908
v -323.68997192 726.51196289 -557.57611084
v -323.82321167 890.76385498 -539.55004883
v -287.88571167 857.62512207 -431.8928833
v -287.75247192 718.22729492 -431.67080688
v -575.25250244 729.27355957 -683.97747803
v -575.38574219 901.81018066 -574.71142578
v -431.63571167 901.81018066 -575.02191162
v -431.50247192 729.27349854 -647.79193115
v -862.75244141 729.27355957 -593.5135498
v -862.88574219 901.81018066 -575.48754883
v -719.13574219 901.81018066 -575.02191162
v -719.00250244 729.27349854 -647.79193115
v -1125.8939209 729.27362061 -539.4833374
v -1122.16748047 901.81018066 -539.7053833
v -1006.63574219 901.81018066 -575.6428833
v -1006.50244141 729.27349854 -575.4208374
v -1157.30615234 729.27362061 -287.92086792
v -1130.421875 901.81018066 -288.1428833
v -1181.26281738 901.81018066 -431.8928833
v -1196.56811523 729.27355957 -431.67080688
v -1242.88378906 727.41094971 -0.42084822
v -1140.90283203 894.35968018 -0.64289188
v -1212.13989258 901.81018066 -144.3928833
v -1242.88378906 729.27355957 -144.1708374
v -1231.30493164 716.23516846 287.07910156
v -1133.18359375 849.65655518 286.8571167
v -1140.90283203 872.00811768 143.10710144
v -1242.88378906 721.82299805 143.3291626
v -1125.89379883 716.23516846 538.64160156
v -1122.16748047 849.65655518 538.4196167
v -1181.26281738 842.20599365 430.60708618
v -1196.56811523 714.37255859 430.82910156
v -898.68994141 728.26263428 610.5166626
v -898.82324219 895.21130371 610.2946167
v -1006.63574219 872.00811768 574.3571167
v -1006.50244141 721.82305908 574.57910156
v -862.88574219 905.21685791 718.1071167
v -862.75244141 732.68029785 718.32910156
v -564.66467285 525.34558105 827.31512451
v -718.91107178 525.34558105 900.14733887
v -826.72357178 524.49395752 835.77288818
v -250.12384033 524.49395752 892.64666748
v -389.42550659 525.34558105 938.06323242
v -214.18634033 519.38378906 584.21044922
v -203.68992615 521.93890381 756.39733887
v -241.22717285 519.38378906 323.16897583
v -245.67549133 518.53210449 430.98150635
v -0.16109079 524.49389648 228.01882935
v -143.91108704 521.93884277 287.23147583
v 251.40142822 517.32440186 323.16897583
v 143.58891296 525.34558105 287.23147583
v 323.27642822 469.19717407 538.79394531
v 287.33892822 493.26080322 430.98144531
v 538.90136719 469.19723511 610.66894531
v 431.08886719 461.17605591 574.73144531
v 610.77636719 517.32446289 839.38000488
v 574.83886719 493.26086426 718.48150635
v 862.33892822 525.34558105 999.68719482
v 718.58892822 525.34558105 914.57556152
v 1113.90136719 525.34558105 839.38000488
v 1006.08892822 525.34558105 914.57556152
v 1147.02685547 525.34558105 574.73144531
v 1149.83886719 525.34558105 718.48144531
v 1034.09692383 525.34558105 287.23147583
v 1138.59057617 525.34558105 430.98150635
v 1031.28491211 525.34558105 -0.2685166
v 1031.28491211 525.34558105 143.48147583
v 1134.8125 525.34558105 -287.76849365
v 1031.28491211 525.34558105 -144.01852417
v 1174.97558594 525.34552002 -589.03369141
v 1061.16577148 525.34558105 -431.51846313
v 1118.55957031 525.34552002 -923.18774414
v 1168.47143555 525.34552002 -774.07946777
v 898.27642822 525.34552002 -923.18774414
v 1006.08892822 525.34552002 -972.89050293
v 826.40130615 524.49383545 -641.7197876
v 862.33892822 525.34552002 -774.07946777
v 574.83886719 519.38372803 -692.50848389
v 718.58880615 521.93878174 -642.26281738
v 323.27642822 518.53204346 -656.57098389
v 431.08892822 518.53204346 -709.25708008
v 251.40142822 518.53210449 -359.82855225
v 287.33892822 518.53210449 -498.51278687
v -0.16109079 518.53210449 -404.01245117
v 143.58891296 518.53210449 -365.26449585
v -251.72357178 518.53210449 -343.07998657
v -143.91108704 518.53210449 -365.26449585
v -323.59857178 518.53204346 -563.50634766
v -287.66107178 518.53210449 -431.51846313
v -575.16107178 518.53204346 -720.32110596
v -431.41107178 518.53204346 -671.97015381
v -862.66107178 518.53204346 -599.44384766
v -718.91107178 518.53204346 -671.97015381
v -1121.94274902 518.53210449 -539.33093262
v -1006.41107178 518.53204346 -575.26843262
v -1130.19726562 518.53210449 -287.76849365
v -1181.03808594 518.53210449 -431.51846313
v -1211.9152832 518.53210449 -0.26851672
v -1211.9152832 518.53210449 -144.01852417
v -1204.19592285 518.53210449 287.23147583
v -1211.9152832 518.53210449 143.48147583
v -1121.94274902 518.53210449 538.79394531
v -1181.03808594 518.53210449 430.98144531
v -898.59857178 519.38378906 610.66894531
v -1006.41107178 518.53210449 574.73144531
v -862.66107178 521.93890381 718.48150635
vn 0 0.99998 -0.00594
vn 0 1 1E-05
vn 0 1 -0.00296
vn 0 1 -0
vn 0 1 -0
vn 0 0.99999 -0.00431
vn -0.16229 0.97425 0.15652
vn -0.30493 0.94032 0.15107
vn 0 0.96766 0.25226
vn 0 0.96766 0.25226
vn 0 0.55932 -0.82895
vn 0 0.55932 -0.82895
vn 0 0.55931 -0.82896
vn 0.60787 0.44392 -0.65835
vn 0 0.96766 0.25226
vn 0 1 -0
vn 0.13316 0.97848 0.15765
vn 0 0.98727 0.15907
vn -0 1 -0.00184
vn -0 1 0.00036
vn -0.24683 0.93782 0.24405
vn -0.00047 0.9677 0.25212
vn 0 0.96777 0.25185
vn -0.00066 0.96767 0.25222
vn -0.25695 0.93164 0.25695
vn -0 1 -0
vn 0.39225 0.91986 0
vn 0.39225 0.91986 -0
vn 0.39225 0.91986 -0
vn 0 0.96401 0.26588
vn -0 1 -0
vn -0 1 -0
vn -0 1 -0
vn -0.27605 0.92715 0.25334
vn -0.02362 0.96437 0.26349
vn 0 1 -0
vn 0 1 -0
vn 0 1 -0
vn 0.06382 0.81829 0.57126
vn 0.15216 0.81042 0.56575
vn 0 1 -0
vn -0 1 -0
vn -0 1 -0
vn 0 1 -0
vn 0.24885 0.96854 0
vn 0 0.99984 -0.01777
vn 0 0.99984 -0.01777
vn 0 0.99984 -0.01777
vn 0 0.99986 -0.01667
vn -0.32055 0.93559 0.14806
vn -0.43931 0.79385 0.42049
vn -0.07946 0.96341 0.25598
vn -0.18658 0.84231 0.50567
vn 0.17603 0.85912 0.48055
vn 0.17885 0.87206 0.45554
vn 0.17901 0.87211 0.45538
vn 0.17885 0.87206 0.45555
vn 0.06043 0.88481 0.46201
vn 0.07679 0.86925 0.48838
vn 0.15792 0.86943 0.46814
vn 0.25621 0.92066 0.2945
vn 0.31118 0.95026 -0.01274
vn 0.31399 0.94938 -0.00919
vn 0.3079 0.95135 -0.01166
vn 0.16086 0.98039 0.11382
vn -0.00528 0.6475 -0.76205
vn -0.00114 0.64898 -0.7608
vn -0.00575 0.6475 -0.76205
vn -0.25907 0.93493 0.24245
vn -0.00325 0.96792 0.25125
vn -0.00287 0.96798 0.25102
vn -0.00475 0.96769 0.2521
vn -0.0007 0.6478 -0.76181
vn 0.06457 0.6908 -0.72016
vn 0.15868 0.97599 0.14924
vn -0.04063 0.98769 0.15104
vn 0.72255 0.47856 -0.4989
vn -0.34667 0.93077 0.11612
vn -0.48272 0.82201 0.30213
vn -0.24561 0.71675 0.65264
vn -0.29806 0.78208 0.54728
vn 0.4455 0.75239 0.48522
vn 0.57476 0.69201 0.43677
vn -0.44748 0.75572 0.47817
vn -0.44206 0.74775 0.49543
vn -0.43652 0.75597 0.48781
vn -0.43687 0.75545 0.4883
vn 0.21311 0.79469 0.56838
vn 0.30619 0.90169 0.30528
vn -0.49004 0.83058 0.26458
vn -0.54603 0.77539 0.31721
vn -0.57714 0.7536 0.31464
vn -0.57793 0.75463 0.31069
vn -0.57724 0.75372 0.31416
vn -0.65984 0.60566 0.44474
vn -0.30334 0.86372 0.40246
vn -0.33626 0.7135 0.6147
vn 0.26215 0.74641 0.61168
vn 0.13698 0.88645 0.4421
vn 0.28459 0.81031 0.51226
vn 0.18926 0.95367 0.23388
vn 0.30705 0.94749 0.08934
vn 0.37248 0.88337 0.28444
vn 0.27627 0.86661 0.41553
vn 0.30618 0.95196 -0.00479
vn 0.30487 0.95239 -0.00366
vn -0.01081 0.64877 -0.76091
vn -0.00359 0.64925 -0.76057
vn -0.01153 0.64876 -0.7609
vn -0.0168 0.9459 0.32402
vn -0.00562 0.94602 0.32406
vn -0.01681 0.9459 0.32402
vn -0.00561 0.94602 0.32406
vn -0.00345 0.64893 -0.76084
vn -0.31974 0.93322 0.16391
vn -0.43579 0.78751 0.43579
vn -0.47676 0.87034 0.12332
vn -0.35207 0.82707 0.43818
vn -0.26928 0.73648 0.62055
vn -0.42423 0.87305 -0.24043
vn -0.35736 0.90045 -0.24797
vn -0.3483 0.71678 0.60408
vn 0.1117 0.79454 0.59685
vn 0.44812 0.89335 0.03342
vn 0.29857 0.92255 0.24447
vn -0.28422 0.80831 0.51561
vn 0.35537 0.93014 0.09249
vn 0.3267 0.9183 0.2236
vn -0.6437 0.75814 0.10425
vn -0.67945 0.60586 0.41387
vn -0.3594 0.911 0.20227
vn -0.44342 0.88315 0.15307
vn -0.1285 0.97714 0.16936
vn -0.22493 0.95121 0.2112
vn -0 0.96504 0.26211
vn -0 0.97858 0.20586
vn -0 0.97858 0.20586
vn 0 0.97858 0.20586
vn -0 0.97858 0.20586
vn 0.11337 0.95882 0.26042
vn 0.3453 0.80441 0.48342
vn 0.35028 0.90786 0.23041
vn 0.58023 0.81188 -0.06464
vn 0.58318 0.7367 0.3423
vn 0.1742 0.81376 0.55448
vn 0.04066 0.97623 0.21291
vn 0.06955 0.97467 0.21257
vn 0.0875 0.82321 0.56095
vn -0.40565 0.76731 0.49668
vn -0.46438 0.83661 0.29058
vn -0.64958 0.70506 -0.28449
vn 0.16676 0.98551 0.03098
vn -0.36706 0.6952 0.61803
vn -0.39062 0.8408 -0.37479
vn -0.16567 0.90087 -0.40122
vn -0.59036 0.60323 0.53627
vn 0.47676 0.87731 0.05505
vn 0.53014 0.70352 -0.4733
vn 0.47807 0.86179 0.1696
vn 0.47601 0.71108 0.51747
vn 0.23431 0.72592 0.64663
vn 0.34817 0.86691 0.35671
vn -0.50156 0.82957 0.24546
vn -0.58421 0.77546 0.23949
vn -0.49566 0.83432 0.24133
vn -0.43569 0.89398 0.10479
vn -0.28649 0.86532 0.41128
vn -0.26473 0.68536 0.67838
vn -0 0.73058 0.68283
vn -0 0.73058 0.68283
vn 0 0.73058 0.68283
vn 0 0.62064 0.7841
vn 0 0.62063 0.7841
vn 0 0.62064 0.7841
vn 0 0.62063 0.7841
vn -0 0.73058 0.68283
vn 0.23115 0.69818 0.67758
vn 0.35586 0.84405 0.40118
vn 0.2868 0.80369 -0.52137
vn 0.42594 0.84935 -0.31174
vn -0.10277 0.97273 -0.20791
vn -0.20524 0.87223 -0.44395
vn -0.14284 0.88207 -0.44894
vn -0.03186 0.97741 -0.20891
vn -0.60196 0.79693 0.05045
vn -0.59595 0.7612 -0.25578
vn -0.39395 0.91538 -0.08296
vn -0.43108 0.87058 -0.2372
vn -0.00545 0.92054 -0.3906
vn -0.06195 0.99808 0.00216
vn -0.01777 0.99984 0.00216
vn -0.03648 0.91993 -0.39038
vn -0.01762 0.99131 -0.13033
vn -0.00535 0.9999 0.01325
vn -0.00545 0.9999 0.01325
vn -0.00522 0.9999 0.01325
vn -0.00593 0.99989 0.01325
vn 0.26936 0.95485 -0.12535
vn 0.39044 0.91209 0.1251
vn 0.43312 0.8985 -0.07148
vn -0.3453 0.80441 -0.48342
vn -0.42596 0.90037 0.0888
vn -0.41146 0.91073 0.03558
vn -0.27747 0.84136 -0.46381
vn -0.35015 0.77503 -0.52605
vn -0.80665 0.58374 0.09248
vn -0 0.88023 -0.47455
vn 0 0.88023 -0.47455
vn -0 0.88023 -0.47455
vn 0.02036 0.87805 -0.47814
vn 0 0.87823 -0.47824
vn 0.53541 0.74344 -0.4008
vn 0.4075 0.90196 0.1429
vn 0.47363 0.70014 -0.5343
vn 0.27115 0.94932 -0.15898
vn 0.23405 0.82906 -0.50782
vn -0.06957 0.87575 -0.47772
vn -0.00423 0.99987 0.01532
vn -0.00722 0.99991 0.01096
vn -0.0073 0.9998 0.0187
vn 0.00561 0.9998 0.0194
vn 0.00306 0.99977 0.02125
vn 0.00358 0.99978 0.02063
vn 0.1135 0.87222 -0.47576
vn -0.23326 0.86097 -0.45201
vn -0.15405 0.97933 -0.13111
vn -0.45394 0.78495 -0.42166
vn -0.41753 0.87911 -0.22985
vn -0.22461 0.97443 0.00633
vn -0.30131 0.89805 -0.32051
vn -0.10523 0.93672 -0.3339
vn -0.04138 0.99912 0.00649
vn 0.03438 0.99862 0.03969
vn 0.04448 0.99822 0.03967
vn 0.03241 0.99869 0.03969
vn 0.07543 0.93093 -0.35733
vn 0.187 0.9172 -0.35181
vn 0.04644 0.99813 0.03967
vn 0.53043 0.82457 -0.19678
vn 0.57418 0.64626 -0.50267
vn 0 0.99984 0.01776
vn 0 0.99984 0.01777
vn -0.24481 0.96942 0.01723
vn -0.00592 0.95251 -0.30446
vn 0 0.95015 -0.31181
vn -0.00312 0.95066 -0.31022
vn -0.59439 0.53112 0.60383
vn 0 0.66045 0.75087
vn 0 0.66045 0.75087
vn -0.01966 0.94996 -0.31175
vn 0 0.9337 -0.35805
vn 0.74563 0.66626 0.01184
vn 0 0.99986 0.01667
vn -4E-05 0.99984 0.01777
vn 0.01505 0.9336 -0.358
vn -0.00293 0.98922 -0.14643
vn -0.00199 0.99988 0.01512
vn -0.00545 0.99996 0.00759
vn -0.00065 0.99993 0.01157
vn -0.00413 0.9999 0.01326
vn 0.13815 0.97974 -0.14502
vn -0.00299 0.99998 0.00563
vn -0.00148 0.99999 0.00444
vn -0.00458 0.99998 0.00534
vn -0.74473 0.66734 0.00488
vn -0.74391 0.66827 0.00297
vn -0.74408 0.66808 0.00335
vn 0.00855 0.99991 0.00989
vn 0.00853 0.99991 0.01068
vn 0.74368 0.65928 -0.11085
vn 0.74805 0.66361 0.0064
vn 0.74629 0.66554 0.01035
vn 0.74651 0.6653 0.00988
vn 0.00142 0.99988 0.01572
vn 0.00296 0.99987 0.01555
vn 0.00215 0.99986 0.01659
vn -0.14565 0.97563 -0.16411
vn -0.00271 0.91458 -0.40439
vn -0.00163 0.99986 0.0167
vn -0.00713 0.99991 0.01113
vn -0.0021 0.99995 0.00965
vn -0.00555 0.99991 0.01222
vn 0.02111 0.91438 -0.4043
vn -0.3507 0.83979 -0.41445
vn -0.17688 0.97554 -0.13054
vn -0.1819 0.75833 -0.62597
vn -0.18174 0.75828 -0.62608
vn -0.18367 0.75888 -0.62479
vn -0.11799 0.65519 -0.74619
vn 0.18505 0.77273 -0.60716
vn 0.18387 0.75781 -0.62603
vn 0.18428 0.75752 -0.62626
vn 0.18413 0.75762 -0.62618
vn 0 0.99998 0.00594
vn 0 1 -0.00066
vn 0 0.99998 0.00698
vn 0 0.66827 -0.74392
vn 0 0.66827 -0.74392
vn 0 1 -0
vn 0 0.99999 0.00382
vn 0 0.66827 -0.74392
vn 0 1 0.00296
vn -0.00034 1 0.00049
vn -0.59679 0.53327 0.59956
vn 0 0.66631 -0.74568
vn 0 0.66631 -0.74568
vn 0 0.66631 -0.74568
vn -0.00127 0.66469 0.74711
vn -0.00148 0.66459 0.74721
vn -0.00029 0.66502 0.74682
vn 0.74568 0.66631 0.00099
vn 0 0.99999 0.00329
vn -0.74524 0.6668 0.00099
vn -0.74524 0.6668 0.00184
vn 0.00034 1 0.00043
vn -0.74568 0.66631 0
vn -0.00022 0.6645 0.74729
vn -0.00107 0.66459 0.74721
vn -0.00018 0.6645 0.74729
vn 0 0.66631 -0.74568
vn 0 0.66631 -0.74568
vn 0.59778 0.53415 -0.59778
vn -0.00148 0.66459 0.74721
vn 0 0.98354 -0.18067
vn -0.15014 0.97239 -0.17863
vn -0.2584 0.29837 0.91881
vn 0 0.77809 0.62815
vn 0.54042 -0.04673 0.8401
vn -0.37069 -0.01272 0.92867
vn 0 0.30893 0.95109
vn 0.25857 0.33842 0.90477
vn 0.3126 -0.12621 0.94146
vn 0.31105 -0.12497 0.94214
vn 0.31125 -0.12513 0.94205
vn -0.56283 -0.07215 0.82342
vn 0.91995 0.29991 0.25247
vn 0.95067 0.31017 -0.00522
vn 0.95048 0.31079 -0.00175
vn 0.95066 0.31019 -0.00514
vn 0.99233 -0.12265 -0.01518
vn 0.93903 -0.13432 0.31652
vn 0.93869 -0.13336 0.31794
vn 0.93872 -0.13346 0.31779
vn 0.95044 0.31091 -0.00161
vn 0.95048 0.3108 -0.00171
vn 0.79573 0.42258 0.43386
vn 0.96613 -0.05984 0.25103
vn 0.99281 -0.10735 -0.05286
vn 0.40005 0.28324 0.87163
vn -0.00549 0.30892 0.95107
vn -0.00185 0.30894 0.95108
vn -0.00542 0.30892 0.95107
vn 0.38086 0.00059 0.92463
vn 0.38086 0.00059 0.92463
vn 0.38086 0.00059 0.92463
vn 0.31701 2E-05 0.94842
vn 0.32339 -0.00446 0.94625
vn 0.3226 -0.0039 0.94653
vn -0.00183 0.30893 0.95108
vn -0.00183 0.30893 0.95108
vn -0.43046 0.41908 0.79942
vn -0.31622 0.00039 0.94869
vn -0.31622 0.00039 0.94869
vn -0.31623 0.00039 0.94868
vn -0.36373 0.3095 0.87858
vn -0.86943 0.2819 0.40573
vn -0.90548 0.33986 0.25418
vn -0.94869 -0.00014 0.31622
vn -0.94869 -0.00014 0.31622
vn -0.94868 -0.00014 0.31623
vn -0.94869 -0.00013 0.31622
vn -0.94868 -0.00013 0.31623
vn -0.3176 0.38262 0.8676
vn -0.57261 0.55724 0.60133
vn -0.3414 0.00045 0.93992
vn -0.3414 0.00045 0.93992
vn -0.3414 0.00042 0.93992
vn -0.31622 0.00046 0.94869
vn -0.31622 0.00045 0.94869
vn -0.31623 0.00043 0.94868
vn -0.89016 0.355 0.28565
vn -0.9059 0.3851 0.17617
vn -0.96208 0.06381 0.26519
vn -0.95636 0.01792 0.29164
vn -0.95636 0.01182 0.29195
vn -0.95636 0.01812 0.29163
vn -0.32444 0.49422 0.80653
vn -0.33038 0.49314 0.80477
vn -0.32502 0.49411 0.80636
vn 0.1108 -0.06513 0.99171
vn -0.45946 0.28834 0.8401
vn -0.54169 0.29703 0.78635
vn 0.37007 0.33032 0.8683
vn 0.65709 0.24022 0.71452
vn 0.5932 0.09107 0.79989
vn 0.52735 0.18873 0.82842
vn 1 0.00031 0
vn 0.99951 -0.0312 0
vn 0.99945 -0.00175 0.03317
vn 0.99937 0.00032 0.03559
vn 0.99939 -0.00125 0.03489
vn 0.96037 -0.00249 0.2787
vn 0.95954 0.00552 0.28153
vn 0.95975 0.00777 0.28076
vn 0.99218 -0.12482 0
vn 0.97657 -0.21522 0
vn 0.9951 -0.01836 0.0972
vn 0.9951 -0.00574 0.09867
vn 0.99443 -0.01539 0.10432
vn 0.99434 -0.00237 0.10624
vn 0.99438 -0.00276 0.10579
vn 0.96971 -0.24428 0
vn 0.76649 -0.64226 0
vn 0.85647 -0.01827 0.51587
vn 0.85647 -0.01827 0.51587
vn 0.99924 -0.02146 0.03254
vn 0.99919 -0.01886 0.03559
vn 0.99919 -0.01899 0.03543
vn 0.96971 -0.24428 0
vn 0.76649 -0.64226 0
vn 0.76649 -0.64226 0
vn 0.76649 -0.64226 0
vn 0.99968 -0.02162 0.01299
vn 0.85646 -0.01879 -0.51587
vn 0.85646 -0.01879 -0.51587
vn 0.85646 -0.01879 -0.51587
vn 0.76649 -0.64226 0
vn 0.76649 -0.64226 0
vn 0.77844 -0.62772 0
vn 0.9124 0.40922 -0.00768
vn 0.91243 0.40923 -0.00128
vn 0.91241 0.40922 -0.00651
vn 0.90032 0.4338 0.03509
vn 0.81469 -0.5799 0
vn 0.97826 0.2074 0
vn 0.88529 0.35808 -0.29673
vn 0.91692 0.38989 -0.08511
vn 0.29363 -0.37123 -0.88089
vn -0.28553 -0.25293 -0.92439
vn -0.4463 -0.27881 -0.85034
vn 0.42755 -0.25458 -0.86741
vn -0.94437 0.21104 -0.25223
vn -0.94392 0.20993 -0.25483
vn -0.94413 0.21044 -0.25363
vn -0.8445 0.34053 -0.41336
vn -0.96966 -0.03988 -0.24117
vn -0.97123 -0.03886 -0.23495
vn -0.96988 -0.03974 -0.24032
vn -0.97658 -0.0596 -0.20674
vn -0.25035 -0.12501 -0.96005
vn 0.08533 -0.42591 -0.90073
vn 0.45971 -0.17367 -0.87092
vn 0.173 -0.08938 -0.98086
vn 0.02773 -0.5064 -0.86186
vn -0.2714 -0.36285 -0.89145
vn -0.46557 -0.32784 -0.82205
vn 0.16469 -0.32486 -0.93131
vn -0.94136 0.2086 -0.26521
vn -0.75761 0.43337 -0.48807
vn -0.97586 -0.04303 -0.21409
vn -0.97433 -0.04435 -0.22072
vn -0.97569 -0.04318 -0.21487
vn -0.97907 -0.06731 -0.19208
vn -0.05474 0.23052 -0.97153
vn 0.22584 0.1854 -0.95636
vn 0.26026 -0.00041 -0.96554
vn 0.26026 -0.00041 -0.96554
vn 0.26026 -0.00041 -0.96554
vn -0.02721 -0.0502 -0.99837
vn -0.22399 0.22495 -0.94828
vn 0.04794 0.43986 -0.89678
vn -0.20155 -0.00056 -0.97948
vn -0.20155 -0.00056 -0.97948
vn -0.20155 -0.00056 -0.97948
vn -0.26026 -0.00057 -0.96554
vn -0.26026 -0.00057 -0.96554
vn -0.26026 -0.00057 -0.96554
vn 0.79694 0.30517 -0.52131
vn 0.90758 0.32192 -0.26959
vn 0.90746 0.32424 -0.26718
vn 0.90767 0.31976 -0.27181
vn 0.96443 -0.00256 -0.26433
vn 0.9633 0.00016 -0.26843
vn 0.9633 0.00016 -0.26843
vn 0.92643 9E-05 -0.37646
vn 0.92643 9E-05 -0.37646
vn 0.92643 9E-05 -0.37646
vn 0.29573 -0.00323 -0.95527
vn 0.04143 -0.16588 -0.98528
vn 0.27647 -0.20283 -0.93937
vn 0.6773 -0.03975 -0.73463
vn -0.04201 -0.00349 -0.99911
vn -0.06116 0.23645 -0.96972
vn -0.39619 -0.19398 -0.89744
vn -0.26962 -0.29669 -0.91612
vn -0.01998 0.31014 -0.95048
vn -0.30236 0.29536 -0.90628
vn -0.30256 0.29517 -0.90627
vn -0.30236 0.29537 -0.90628
vn -0.31474 -0.00313 -0.94917
vn -0.31121 -0.00058 -0.95034
vn -0.31172 -0.00095 -0.95018
vn -0.14538 -0.05377 -0.98791
vn -1 -0.00031 -0
vn -1 -0.00031 -0
vn -1 -0.00031 -0
vn -1 -0.00031 0
vn -1 -0.00031 0
vn -0.99813 -0.04611 -0.0402
vn -0.93253 -0.01116 -0.36092
vn -1 -0.00031 0
vn -1 -0.00031 0
vn -1 -0.00031 0
vn -1 -0.00031 0
vn -0.92933 -0.08536 0.35926
vn -0.99668 -0.08032 -0.01338
vn -0.99677 -0.08032 -0.00211
vn -0.9967 -0.08032 -0.01132
vn -1 -0.00031 0
vn -1 -0.00031 0
vn -1 -0.00031 0
vn -1 -0.00031 0
vn -0.9727 0.23169 0.01306
vn -0.97279 0.23171 -0
vn -0.97273 0.2317 0.01101
vn -0.97279 0.2317 0
vn -0.97279 0.2317 0
vn -1 -0.00031 0
vn -0.9715 0.23703 -0.0014
vn -0.9547 0.27113 -0.12259
vn -0.96948 0.24205 0.03905
vn -0.3023 0.2962 0.90602
vn -0.30388 0.2963 0.90546
vn -0.30217 0.29619 0.90607
vn -0.4339 0.42242 0.7958
vn -0.31623 0.00039 0.94868
vn -0.31162 -0.00487 0.9502
vn -0.31623 0.00039 0.94868
vn -0.31121 -0.00573 0.95033
vn -0.31174 -0.0028 0.95016
vn -0.87178 0.28266 0.40013
vn -0.90761 0.33626 0.25133
vn -0.94927 -0.00325 0.31446
vn -0.94868 -0.00013 0.31625
vn -0.95025 -0.00203 0.31149
vn -0.94868 -0.00013 0.31623
vn -0.94868 -0.00013 0.31623
vn -0.29322 0.33119 0.89685
vn 0.25161 0.3554 0.90021
vn 0.36017 0.30162 0.88278
vn -0.36253 0.40392 0.8399
vn 0.91388 0.28912 0.28503
vn 0.80653 0.36259 0.46694
vn 0.89209 0.28223 0.35287
vn 0.88933 0.28135 0.36047
vn 0.89155 0.28206 0.35436
vn 0.7195 0.42595 0.54853
vn 0.40277 0.22936 0.8861
vn 0.30744 0.23819 0.92127
vn 0.30915 0.23676 0.92107
vn 0.30812 0.23763 0.92119
vn 0.41171 0.22836 0.88224
vn 0.24622 0.27357 0.9298
vn 0.93141 0.2245 0.28649
vn 0.97207 0.23398 -0.01832
vn 0.97213 0.23369 -0.01861
vn 0.97206 0.234 -0.0183
vn 0.95848 0.2481 0.14061
vn 0.82626 0.34548 0.44491
vn 0.97513 0.20807 -0.07637
vn 0.98344 0.10143 -0.15023
vn 1 0 0
vn 1 0 0
vn 1 0 -0
vn 0.98068 0.12436 0.15099
vn 0.9854 0.0004 -0.17027
vn 0.98539 0.0003 -0.17032
vn 0.98538 0.00014 -0.17039
vn 0.93013 0.01229 -0.36703
vn 0.92329 0 -0.38409
vn 1 0 0
vn -0.15438 0.13402 -0.97888
vn -0.24327 0.19529 -0.9501
vn -0.28511 -0.06244 -0.95646
vn -0.25454 -0.01511 -0.96694
vn 0.24589 0.13157 -0.96033
vn 0.35835 0.03177 -0.93305
vn 0.32229 -0.06166 -0.94463
vn 0.32217 -0.06167 -0.94467
vn 0.32199 -0.06167 -0.94473
vn 0.28442 -0.09343 -0.95414
vn 0.12699 -0.0007 -0.9919
vn 0.12699 -0.00071 -0.9919
vn 0.12699 -0.00033 -0.9919
vn -0.31552 0.00105 -0.94892
vn -0.3112 0.00644 -0.95032
vn -0.31178 0.00259 -0.95015
vn -0.41171 0.22836 -0.88224
vn -0.01637 0.06535 -0.99773
vn -0.93183 0.04026 -0.36065
vn -0.8619 -0.30653 0.40393
vn -0.9668 0.25468 0.02084
vn -0.9678 0.25051 0.02471
vn -0.96683 0.25456 0.02096
vn -0.82625 0.34549 -0.44491
vn -0.8824 0.0911 -0.46159
vn -0.99308 0.11648 0.0148
vn -0.99304 0.11445 0.02765
vn -0.99307 0.11648 0.01577
vn -0.95418 0.28591 0.0883
vn -0.9631 0.25808 0.07636
vn -0.9932 0.11299 0.02821
vn -0.99288 0.11631 0.02586
vn -0.95428 0.17773 0.24034
vn -0.88605 0.25808 0.38511
vn -0.95081 0.30688 0.0422
vn -0.39352 0.24533 0.88598
vn -0.38967 0.24051 0.88899
vn -0.38912 0.24448 0.88815
vn -0.54889 0.33791 0.76455
vn -0.34437 0.24518 0.90625
vn -0.56792 0.34771 0.74603
vn -0.88403 0.24724 0.39669
vn -0.90075 0.31701 0.2969
vn -0.83759 0.26498 0.47774
vn -0.90234 0.28483 0.3235
vn -0.90209 0.27752 0.33047
vn -0.90235 0.28506 0.32328
vn -0.15085 0.22168 0.96338
vn 0.35669 0.19098 0.91449
vn 0.3167 0.00651 0.9485
vn 0.31446 0.00985 0.94922
vn 0.31671 0.00635 0.9485
vn -0.00021 0.00536 0.99999
vn -0.004 0.00732 0.99997
vn -7E-05 0.00474 0.99999
vn 0.85195 0.29939 0.42959
vn 0.7677 0.53774 0.34854
vn 0.98785 0.00617 0.15528
vn 0.94931 0.0066 0.31428
vn 0.9491 0.00596 0.31493
vn 0.94937 0.00662 0.31409
vn 0.40539 0.41919 0.81237
vn 0.36435 0.30002 0.88161
vn 0.3311 0.34364 0.8788
vn 0.32942 0.34385 0.87935
vn 0.33073 0.34369 0.87892
vn 0.38432 0.27408 0.88158
vn 0.9892 -0.09725 0.10965
vn 0.99649 -0.0836 -0.00492
vn 0.99681 -0.07974 -0.00442
vn 0.99649 -0.0836 -0.00516
vn 0.9353 0.32724 0.13465
vn 0.66027 0.46403 0.59052
vn 0.9971 -0.07523 0.01135
vn 0.99665 -0.08161 -0.00483
vn 0.99736 -0.07155 0.01239
vn 0.99678 -0.07957 0.0097
vn 0.96588 0.25839 -0.01744
vn 0.96663 0.25535 -0.02031
vn 0.9659 0.25833 -0.0175
vn 0.96193 0.27078 0.03714
vn 0.99823 -0.04343 0.04072
vn 0.98564 0.11154 -0.12678
vn 0.98599 0.10874 -0.1265
vn 0.98601 0.10857 -0.12649
vn 0.87049 0.2536 -0.42183
vn 0.96339 0.26077 -0.06223
vn 0.33488 0.22261 -0.91559
vn -0.03045 0.10898 -0.99358
vn 0.10202 0.26718 -0.95823
vn 0.49637 0.35506 -0.79218
vn 0.25427 0.11785 -0.95992
vn 0.32882 0.21067 -0.92059
vn -0.01437 0.43475 -0.90044
vn 0.07523 0.29595 -0.95224
vn 0.09861 0.28734 -0.95274
vn -0.4347 0.25731 -0.86303
vn -0.44059 0.25154 -0.86175
vn -0.44009 0.25203 -0.86186
vn -0.46298 0.57543 -0.67419
vn -0.17597 0.56139 -0.80863
vn -0.97529 0.02836 -0.21909
vn -0.98558 0.12516 -0.11389
vn -0.98706 0.11227 -0.11447
vn -0.98556 0.12533 -0.11389
vn -0.95184 0.29662 -0.07756
vn -0.76432 0.50651 -0.39908
vn -0.96139 0.23459 -0.14387
vn -0.97349 0.22822 0.015
vn -0.97338 0.22876 0.01448
vn -0.9735 0.22819 0.01503
vn -0.95951 0.24274 -0.14292
vn -0.96698 0.25384 -0.02271
vn -0.96689 0.25416 -0.02304
vn -0.96808 0.24995 -0.01874
vn -0.97701 0.20138 0.06994
vn -0.98524 0.09186 0.14445
vn -0.99999 -0.00482 -8E-05
vn -0.99999 -0.00487 -0.00024
vn -0.99999 -0.00447 -0.00063
vn -0.98246 0.11902 -0.14354
vn -0.98732 -0.00321 0.15869
vn -0.98739 -0.00215 0.1583
vn -0.98731 -0.00336 0.15874
vn -0.94847 -0.00268 0.31687
vn -0.94852 -0.00143 0.31673
vn -0.94838 -0.00318 0.31711
vn -0.94847 -0.00318 0.31684
vn -0.94868 -0.00175 0.31624
vn -0.94845 -0.00299 0.31692
vn -0.99999 -0.0045 0.00049
vn -0.99999 -0.00436 -4E-05
vn -0.31634 0.00111 0.94865
vn -0.31634 0.00111 0.94865
vn -0.31637 0.00133 0.94864
vn -0.15213 0.11516 0.98163
vn -0.00082 0.01337 0.99991
vn -8E-05 0.00548 0.99998
vn -0.31644 0.00348 0.94861
vn -0.31622 0.01091 0.94862
vn -0.31639 0.00336 0.94862
vn -0.02177 0.30428 -0.95234
vn -0.38537 0.28341 -0.87816
vn -0.38251 0.28762 -0.87804
vn -0.388 0.27952 -0.87825
vn -0.50745 0.25863 -0.82195
vn -0.11267 0.24251 -0.96358
vn -0.98731 -0.00708 -0.15863
vn -0.99999 -0.00523 -0.00013
vn -0.93758 0.34761 0.01093
vn -0.85042 0.40806 -0.33208
vn -0.99999 -0.00543 -1E-05
vn -0.94868 -0.00166 0.31623
vn -0.81516 0.38571 0.43214
vn -0.93008 0.36371 0.05153
vn -0.31621 0.01098 0.94862
vn -0.00089 0.01342 0.99991
vn -0.09819 0.44568 0.88979
vn -0.38803 0.59144 0.70685
vn -0.00365 0.01239 0.99992
vn 0.31637 0.00867 0.9486
vn 0.29074 0.29234 0.91105
vn -0.18048 0.37143 0.91075
vn 0.94928 0.00526 0.31439
vn 0.98861 0.09288 0.11842
vn 0.97654 0.2152 0.00805
vn 0.73654 0.4061 0.54091
vn 0.95696 0.195 0.21494
vn 0.95684 0.24449 -0.15711
vn 0.90309 0.18017 -0.38983
vn 0.98262 0.18525 0.01162
vn 0.27685 0.22243 -0.93482
vn -0.00974 0.24562 -0.96932
vn -0.03876 0.22975 -0.97248
vn 0.45523 0.31041 -0.83452
vn -0.26535 0.45029 0.85254
vn 0 0.46703 0.88424
vn 0 0.46703 0.88424
vn 0 0.46703 0.88424
vn 0 0.35688 0.93415
vn 0 0.35688 0.93415
vn 0 0.35688 0.93415
vn -0.3148 0.41873 0.8518
vn 0 0.46703 0.88424
vn 0 0.46703 0.88424
vn 0.35765 0.30651 0.88212
vn 0.32289 0.33776 0.88411
vn 0 0.35688 0.93415
vn 0.98744 0 0.15799
vn 1 0 -0
vn 0.93738 0.31459 0.14952
vn 0.64739 0.45249 0.61329
vn 1 0 -0
vn 0.92252 -0.01814 -0.38551
vn 0.87328 0.21477 -0.43733
vn 0.9662 0.25463 0.04034
vn -0.25434 -0.18134 -0.94996
vn -0.27548 -0.26463 -0.92417
vn -0.04254 -0.00541 -0.99908
vn 0.36349 0.26819 -0.89216
vn 0.281 -0.17995 -0.94268
vn 0.32259 -0.00382 -0.94653
vn -0.25368 -0.00524 -0.96727
vn 0.04219 -0.12986 -0.99063
vn -0.89169 0.2193 -0.39599
vn -0.968 0.25076 0.0098
vn -0.97037 0.23865 0.03781
vn -0.8297 0.30554 -0.46717
vn -0.95502 0.29451 0.03452
vn -0.86507 0.41936 0.27529
vn -0.8116 0.27238 0.51684
vn -0.95997 0.25299 0.12024
vn -0.24705 -0.4824 0.84039
vn 0.1877 0.72798 0.6594
vn -0.3318 0.52034 0.78687
vn -0.58797 0.02381 0.80854
vn 0.27294 0.33237 0.90279
vn 0.13583 0.78638 0.60262
vn 0.00422 0.73254 0.68071
vn -0.46673 -0.44837 0.76231
vn 0.97582 0.21706 -0.02558
vn 0.74205 0.64125 0.19532
vn 0.44847 0.83541 0.31776
vn 0.88063 0.35498 0.31382
vn 0.99873 0.03272 0.03822
vn 0.91628 0.31574 0.24647
vn 0.76185 0.63668 -0.11931
vn 0.93904 0.20124 -0.27874
vn -0.09234 -0.45005 0.88822
vn 0.13436 0.42137 0.89688
vn 0.41066 0.31034 0.85735
vn 0.36426 0.01317 0.9312
vn 0.36372 0.00207 0.9315
vn 0.3642 0.0118 0.93125
vn -0.31618 0.00102 0.9487
vn -0.31626 0.0014 0.94867
vn -0.31618 0.00147 0.9487
vn -0.38448 0.30822 0.87016
vn 0.02906 0.42492 0.90477
vn -0.34957 -0.42371 0.83563
vn -0.9487 -0.00026 0.31618
vn -0.94858 -0.00129 0.31653
vn -0.94867 -0.0007 0.31626
vn -0.9353 0.19148 0.29758
vn -0.94869 -0.0004 0.3162
vn -0.94871 -0.00036 0.31615
vn -0.9487 -0.0003 0.31617
vn -0.31627 0.00074 0.94867
vn -0.31622 0.00092 0.94869
vn -0.31625 0.00093 0.94868
vn -0.15359 0.09051 0.98398
vn -0.31623 0.00095 0.94868
vn -0.31617 0.00077 0.9487
vn -0.31623 0.00074 0.94868
vn -0.95383 0.0111 0.30015
vn -0.67203 0.52209 0.52517
vn -0.9306 0.18273 0.31716
vn -0.94868 -0.00033 0.31625
vn -0.94866 -0.00024 0.31629
vn -0.94867 -0.00027 0.31627
vn -0.0722 0.60475 0.79314
vn 0.50863 0.85515 -0.10008
vn -0.38707 0.51661 0.76374
vn -0.54792 0.03312 0.83587
vn -0.54775 0.02928 0.83613
vn -0.5479 0.03261 0.83591
vn 0.45522 0.03752 0.88959
vn 0.33745 0.53682 0.77328
vn -0.01049 0.99329 -0.11518
vn 0.41231 0.55274 0.72421
vn 0.99839 -0.01478 -0.05478
vn 0.95935 0.27055 0.08033
vn 0.76651 0.52482 0.37018
vn 0.95718 0.01307 0.2892
vn 0.95829 0.00169 0.2858
vn 0.95722 0.01152 0.28912
vn 0.98292 -0.10195 -0.15324
vn 0.98884 -0.13976 0.05164
vn 0.95424 0.26873 -0.13121
vn 0.97859 -0.01469 -0.2053
vn 0.99306 -0.1176 0
vn 0.99306 -0.1176 0
vn 0.99306 -0.1176 -0
vn 0.96273 -0.27 -0.01587
vn 0.98882 -0.13998 -0.05139
vn 0.99228 -0.10281 -0.06931
vn 0.99403 -0.09613 0.05166
vn 0.97142 -0.23683 0.01592
vn 0.96292 -0.26979 -0.00025
vn 0.96286 -0.27 0
vn 0.96401 -0.26581 -0.00498
vn 0.99306 -0.1176 0
vn 0.98809 0.02457 0.15189
vn 0.98561 0.11177 -0.12681
vn 0.96065 -0.23391 0.14977
vn 0.91357 -0.08892 -0.39683
vn 0.93532 0.0882 -0.34265
vn 0.53791 0.5761 -0.61543
vn 0.99336 0.11296 0.02196
vn 0.99856 0.03087 0.04398
vn 0.99847 0.0269 0.04833
vn 0.99856 0.03091 0.04394
vn -0.28718 0.20915 -0.93476
vn -0.25847 0.53057 -0.80727
vn 0.21506 0.51942 -0.82702
vn 0.32685 0.21049 -0.92134
vn -0.93711 -0.00371 -0.34902
vn -0.82416 0.22816 -0.51836
vn -0.7026 0.56535 -0.43212
vn -0.95323 0.06496 -0.29517
vn -0.95341 0.06293 -0.29506
vn -0.95327 0.06454 -0.29514
vn 0.23661 -0.17917 -0.95494
vn 0.34332 -0.23194 -0.91013
vn 0.00026 0.08227 -0.99661
vn -0.16501 -0.00847 -0.98626
vn -0.39839 -0.1696 -0.9014
vn -0.4209 -0.24489 -0.87342
vn 0.08015 -0.24676 -0.96576
vn 0.04968 -0.18432 -0.98161
vn -0.95997 -0.00899 -0.27997
vn -0.98712 0.11171 -0.11449
vn -0.96742 -0.07029 -0.24321
vn -0.96215 -0.05102 -0.26771
vn 0.26045 -0.00135 -0.96549
vn 0.2606 -0.00157 -0.96545
vn 0.26044 -0.00141 -0.96549
vn 0.00697 0.54964 -0.83538
vn 0.00991 0.27183 -0.96229
vn 0.14055 -0.02892 -0.98965
vn -0.20167 -0.00213 -0.97945
vn -0.20176 -0.00213 -0.97943
vn -0.20168 -0.00221 -0.97945
vn -0.00606 0.37156 -0.92839
vn -0.25322 0.52311 -0.81378
vn -0.25837 0.53071 -0.80722
vn -0.25758 0.52954 -0.80823
vn -0.26017 -0.00224 -0.96556
vn -0.26025 -0.00097 -0.96554
vn -0.26018 -0.00206 -0.96556
vn 0.95112 0.03445 -0.30689
vn 0.93483 0.04155 -0.35265
vn 0.92893 0.22723 -0.29233
vn 0.92646 0.00031 -0.37639
vn 0.92644 0.00024 -0.37644
vn 0.92645 0.00023 -0.37643
vn -0.00182 0.53503 -0.84483
vn -0.2074 0.54852 -0.81001
vn 0.32074 0.10925 -0.94084
vn 0.64073 0.08427 -0.76313
vn 0.64061 0.08734 -0.76288
vn 0.64071 0.08479 -0.76309
vn 0.00322 0.10391 -0.99458
vn 0.35658 0.10415 -0.92844
vn 0.00179 0.56081 -0.82794
vn -0.20803 0.52321 -0.82642
vn -0.29702 0.00519 -0.95486
vn -0.29702 -0.00062 -0.95487
vn -0.29702 0.00446 -0.95486
vn -0.3112 0.00981 -0.9503
vn 0.00107 0.11121 -0.9938
vn -0.12421 0.10301 -0.98689
vn -0.9327 0.14576 0.32988
vn -0.9341 0.13529 0.33037
vn -0.9329 0.14435 0.32995
vn -0.87908 0.22394 0.4208
vn -0.87651 0.03025 -0.48044
vn -0.8362 0.01735 -0.54815
vn -0.77803 0.47581 0.41022
vn -0.98435 -0.17471 -0.02301
vn -0.98427 -0.1747 -0.0263
vn -0.98437 -0.17471 -0.0222
vn -0.84898 0.2152 -0.48262
vn -0.85174 0.13206 -0.50706
vn -0.79821 0.58725 0.13417
vn -0.98007 -0.02491 0.19709
vn -0.98425 -0.1747 -0.02716
vn -0.85319 0.5212 0.02026
vn -0.87736 0.0253 0.47916
vn -0.76768 0.51954 0.37517
vn -0.76805 0.51917 0.37491
vn -0.76716 0.52004 0.37553
vn -0.94767 -0.02504 -0.31826
vn -0.78945 0.58091 0.1983
vn -0.3163 0.00082 0.94866
vn -0.31642 0.00101 0.94862
vn -0.31637 0.00105 0.94863
vn -0.38749 0.30152 0.87117
vn -0.34397 0.49368 0.79873
vn -0.28912 0.00918 0.95725
vn -0.28829 0.00131 0.95754
vn -0.29535 0.0066 0.95537
vn -0.95596 0.00804 0.2934
vn -0.68421 0.52635 0.50479
vn -0.91691 0.2852 0.27917
vn -0.94868 -0.00033 0.31625
vn -0.94868 -0.00026 0.31624
vn -0.94868 -0.00026 0.31624
vn 0.41607 -0.22456 0.88117
vn 0.33328 -0.16719 0.92789
vn -0.51246 -0.01913 0.8585
vn -0.37042 -0.03117 0.92834
vn 0.29521 -0.29302 0.90939
vn 0.29472 -0.29325 0.90947
vn 0.29816 -0.29161 0.90888
vn 0.30192 -0.21612 0.92851
vn 0.30256 -0.21568 0.92841
vn 0.30155 -0.21637 0.92857
vn -0.52978 -0.12891 0.83828
vn -0.55587 -0.17219 0.81324
vn 0.96614 -0.25223 -0.05438
vn 0.96626 -0.25236 -0.05147
vn 0.9661 -0.2522 -0.05515
vn 0.98144 -0.17075 -0.0873
vn 0.92061 -0.2278 0.31716
vn 0.92019 -0.22845 0.31789
vn 0.9241 -0.22222 0.31089
vn 0.89906 -0.31005 0.30912
vn 0.89934 -0.30971 0.30866
vn 0.8977 -0.31171 0.3114
vn 0.99847 -0.03722 0.0409
vn 0.99429 -0.02472 -0.10376
vn 0.96618 -0.16564 -0.19763
vn 0.9663 -0.2524 -0.05059
vn 0.38087 0.00074 0.92463
vn 0.38086 0.00073 0.92463
vn 0.38092 0.00153 0.92461
vn 0.3809 0.00137 0.92461
vn 0.34659 -0.0079 0.93798
vn 0.34642 -3E-05 0.93808
vn 0.34658 -0.00734 0.93799
vn 0.32353 -0.01159 0.94615
vn -0.31619 0.0005 0.94869
vn -0.3162 0.00051 0.94869
vn -0.31614 0.00111 0.94871
vn -0.38087 0.00056 0.92463
vn -0.38087 0.00045 0.92463
vn -0.38087 0.00046 0.92463
vn -0.38087 0.00036 0.92463
vn -0.38087 0.00036 0.92463
vn -0.9487 -0.00018 0.31619
vn -0.94869 -0.00018 0.31619
vn -0.94869 -0.00018 0.3162
vn -0.31743 0.01875 0.9481
vn -0.31627 0.00064 0.94867
vn -0.31619 0.00057 0.94869
vn -0.31622 0.0006 0.94869
vn -0.9597 0.02861 0.27958
vn -0.95773 0.00196 0.28767
vn -0.95746 -0.00021 0.28856
vn -0.95834 0.00033 0.28562
vn -0.94867 -0.00021 0.31627
vn -0.94867 -0.00021 0.31627
vn -0.95632 0.00545 0.29227
vn -0.50877 0.05258 0.85929
vn -0.49426 0.04484 0.86816
vn -0.57242 0.00743 0.81993
vn -0.56239 0.08488 0.8225
vn 0.57205 0.00681 0.82019
vn 0.546 0.00797 0.83775
vn 0.50896 0.04487 0.85962
vn 0.53627 0.05187 0.84245
vn 0.99908 0.03815 -0.01954
vn 0.99718 0.03499 -0.06633
vn 0.99757 0.035 -0.06019
vn 0.99708 0.03497 -0.06793
vn 0.9593 0.00178 0.28239
vn 0.95774 0.00158 0.28764
vn 0.69797 0.50539 -0.50736
vn 0.95769 -0.2063 -0.20068
vn 0.99767 0.035 -0.05855
vn 0.99362 0.03801 0.10616
vn 0.6478 0.76181 0
vn 0.98402 -0.17807 0
vn 0.98402 -0.17807 0
vn 0.98402 -0.17807 0
vn 0.97742 -0.21042 -0.01912
vn 0.80948 0.58644 0.02883
vn 0.7917 0.21934 0.57018
vn 0.96574 0.24837 0.07528
vn 0.98402 -0.17807 -0
vn 0.60357 0.70961 -0.36354
vn 0.80879 0.06597 0.58438
vn 0.75217 0.07037 0.6552
vn 0.86763 0.22276 -0.44451
vn 0.96311 0.26649 0.03754
vn 0.94488 0.08367 -0.31653
vn 0.94498 0.08345 -0.31632
vn 0.94491 0.08362 -0.31648
vn 0.93616 0.14019 -0.3224
vn 0.93558 0.14141 -0.32357
vn 0.93977 0.13251 -0.31509
vn 0.99002 0.13658 -0.0348
vn 0.99002 0.10689 -0.0919
vn -0.40985 0.20404 -0.88904
vn -0.31406 0.33875 -0.88691
vn 0.38065 0.33638 -0.86137
vn 0.43259 0.2065 -0.87763
vn -0.96492 0.01866 -0.26187
vn -0.95033 0.02914 -0.30988
vn -0.95029 0.02991 -0.30992
vn -0.9503 0.02972 -0.30991
vn -0.96833 0.08871 -0.23338
vn -0.97723 0.04721 -0.20688
vn 0.31495 0.25561 -0.91404
vn 0.13481 0.30141 -0.94392
vn 0.00276 0.09497 -0.99548
vn 0.16956 0.07119 -0.98294
vn -0.42585 0.24347 -0.87142
vn -0.35557 0.28412 -0.89042
vn 0.10854 0.30238 -0.94699
vn 0.10854 0.30247 -0.94696
vn 0.10854 0.30253 -0.94694
vn 0.16445 0.2656 -0.94995
vn -0.96798 0.00961 -0.25084
vn -0.95039 0.01375 -0.31076
vn -0.97271 0.07019 -0.22116
vn -0.97989 0.05344 -0.19224
vn 0.26027 -0.00052 -0.96554
vn 0.26026 -0.00052 -0.96554
vn 0.26031 -0.00097 -0.96553
vn 0.0503 0.0455 -0.9977
vn -0.02722 0.03944 -0.99885
vn -0.20155 -0.00072 -0.97948
vn -0.20155 -0.00073 -0.97948
vn -0.20156 -0.0011 -0.97948
vn -0.26026 -0.00073 -0.96554
vn -0.26026 -0.00074 -0.96554
vn 0.96487 -0.00018 -0.26271
vn 0.96368 -0.00127 -0.26707
vn 0.96171 0.00823 -0.27396
vn 0.96162 0.00146 -0.27438
vn 0.9617 0.0076 -0.274
vn 0.92643 0.00012 -0.37646
vn 0.92643 0.00012 -0.37646
vn 0.31772 -0.08221 -0.94461
vn 0.24076 0.16505 -0.95645
vn 0.70909 0.02041 -0.70483
vn 0.67779 -0.01078 -0.73517
vn -0.45041 -0.01348 -0.89272
vn -0.35312 0.02616 -0.93521
vn -0.31463 0.16118 -0.93543
vn -0.28135 -0.08338 -0.95597
vn -0.29701 -0.00879 -0.95483
vn -0.2903 -0.00411 -0.95693
vn -0.29701 -0.00808 -0.95484
vn -0.28823 -0.00194 -0.95756
vn -0.29463 -0.00253 -0.95561
vn -0.16578 0.02767 -0.98577
vn -0.14557 -0.01483 -0.98924
vn -0.93225 0.14896 0.32972
vn -0.95735 -0.12296 0.26148
vn -0.87678 -0.01679 -0.48059
vn -0.93227 -0.02626 -0.36082
vn -0.89903 -0.43788 0
vn -0.89903 -0.43788 0
vn -0.89903 -0.43788 0
vn -0.98926 -0.14616 -0.00141
vn -0.98869 -0.14996 -0.00053
vn -0.98935 -0.14554 -0.00022
vn -0.86393 -0.11149 -0.49112
vn -0.98742 0.15759 -0.01325
vn -0.90773 -0.41698 0.04645
vn -0.90802 -0.41712 0.03886
vn -0.90763 -0.41694 0.04874
vn -0.988 -0.13542 0.07432
vn -0.98864 -0.15018 -0.00524
vn -0.89903 -0.43788 4E-05
vn -0.87665 -0.02427 0.48052
vn -0.83608 -0.01629 0.54836
vn -0.97836 -0.13403 0.15761
vn -0.9081 -0.41716 0.03657
vn -0.31624 0.00048 0.94868
vn -0.31623 0.00048 0.94868
vn -0.31627 0.00083 0.94867
vn -0.29702 -0.0052 0.95486
vn -0.29702 -0.00015 0.95487
vn -0.29702 -0.00471 0.95486
vn -0.3112 -0.00822 0.95031
vn -0.95602 -0.0101 0.29314
vn -0.95854 -0.00428 0.28493
vn -0.95603 -0.00931 0.29313
vn -0.95927 -0.00107 0.2825
vn -0.95695 -0.00238 0.29024
vn -0.94868 -0.00016 0.31623
vn -0.94987 -0.00017 0.31264
vn 0.15159 0.5528 -0.81941
vn -0.24459 0.93827 0.24459
vn 0 0.55931 -0.82896
vn 0 0.94603 0.32406
vn 0 0.94603 0.32406
vn 0 0.94603 0.32406
vn 0.39225 0.91986 0
vn 0 0.94604 0.32406
vn 0.16192 0.9868 -0.00292
vn 0 1 -0.00296
vn -0.00072 0.96766 0.25226
vn -0.26504 0.93305 0.24323
vn 0.39225 0.91986 0
vn 0.39225 0.91986 -0
vn 0 1 -0
vn -0 1 -0
vn -0.26991 0.77299 0.57413
vn 0.05338 0.80168 0.59536
vn 0.18407 0.88295 0.43188
vn 0.15565 0.88735 0.43403
vn -0.30602 0.90702 0.28924
vn -0.30957 0.90593 0.28889
vn -0.30542 0.90721 0.2893
vn -0.16431 0.98625 -0.01753
vn -0.31029 0.90571 0.28882
vn -0.28805 0.84869 0.44357
vn -0.07425 0.90168 0.42598
vn 0.24452 0.87677 0.41411
vn 0.17866 0.87199 0.45575
vn 0.18079 0.91568 0.35895
vn 0.17736 0.91626 0.35918
vn 0.18169 0.91553 0.35889
vn 0.05882 0.8612 0.50486
vn 0.1211 0.85859 0.49815
vn 0.17639 0.91642 0.35924
vn 0.31399 0.94939 -0.00844
vn -0.39834 0.9172 -0.00815
vn -0.00889 0.99992 -0.00889
vn -0.00502 0.96765 0.25225
vn -0.00192 0.64946 -0.76039
vn 0.10173 0.64609 -0.75645
vn -0.02261 0.96741 0.25219
vn -0.16686 0.95606 0.24108
vn -0 1 -0
vn -0.16228 0.98674 0
vn -0.36389 0.90317 0.22776
vn -0.26347 0.69889 0.66494
vn -0.27465 0.80116 0.5317
vn 0.43335 0.75101 0.49818
vn 0.39461 0.66643 0.63257
vn -0.31099 0.88487 0.34684
vn -0.44243 0.74719 0.49594
vn 0.25905 0.80485 0.53396
vn 0.2424 0.90327 0.35405
vn -0.53932 0.77896 0.31992
vn -0.49334 0.83615 0.23974
vn -0.52104 0.82047 0.23526
vn -0.57807 0.75481 0.31
vn -0.21775 0.92086 0.32342
vn -0.27152 0.77311 0.57322
vn 0.32598 0.75941 0.56307
vn 0.31454 0.89561 0.31456
vn 0.45376 0.81887 0.35151
vn 0.32888 0.93641 0.12236
vn 0.26924 0.95496 0.12478
vn 0.28526 0.88074 0.37806
vn 0.39597 0.86872 0.29754
vn 0.30381 0.95273 -0.00282
vn -0.40569 0.91401 -0.00271
vn -0.01681 0.9459 0.32402
vn -0.00561 0.94602 0.32406
vn -0.00385 0.64945 -0.76039
vn 0.55343 0.54093 -0.63333
vn -0.30831 0.89994 0.30831
vn 0.15389 0.91878 -0.36354
vn -0.41611 0.76246 0.49548
vn -0.18169 0.82471 0.53558
vn -0.32189 0.88037 -0.34834
vn -0.68325 0.69815 0.21391
vn -0.30599 0.771 0.5585
vn 0.13511 0.80271 0.58086
vn 0.13488 0.94739 0.29028
vn 0.34097 0.91829 0.20119
vn 0.34835 0.91565 0.20059
vn 0.33945 0.91883 0.20131
vn 0.30572 0.9441 0.12335
vn 0.31921 0.9397 0.12278
vn 0.3496 0.9152 0.20049
vn -0.6009 0.79761 0.05244
vn -0.61766 0.72748 0.29877
vn -0.47477 0.81412 0.33436
vn -0.3663 0.92849 0.06105
vn -0.16274 0.96554 0.20312
vn -0.12951 0.98485 0.1153
vn 0.15171 0.98172 0.11493
vn 0 0.97858 0.20586
vn 0 0.97858 0.20586
vn -0 0.91892 0.39445
vn 0.48342 0.80441 0.3453
vn 0.38728 0.90221 0.1898
vn 0.46774 0.88246 0.04992
vn 0.53209 0.74452 0.40319
vn 0.26997 0.84664 0.45861
vn 0.209 0.97635 0.05523
vn -0.04828 0.94877 0.31225
vn 0.05759 0.80712 0.58757
vn -0.451 0.72149 0.52541
vn -0.44906 0.84872 0.27932
vn -0.67126 0.69706 -0.25201
vn -0.57303 0.62538 0.52965
vn -0.34767 0.71549 0.60597
vn -0.4448 0.84243 -0.30408
vn -0.15116 0.8961 -0.41733
vn -0.18009 0.97931 0.09228
vn 0.44662 0.89078 0.08394
vn 0.44343 0.81281 -0.37776
vn 0.24639 0.87704 0.41242
vn 0.38862 0.70385 0.59461
vn 0.27072 0.73522 0.62142
vn 0.28084 0.86852 0.40842
vn -0.42101 0.88991 0.17554
vn -0.51017 0.84381 0.16645
vn -0.44189 0.88011 0.17361
vn -0.50356 0.84763 0.1672
vn -0.651 0.47111 0.59519
vn -0.2351 0.7101 0.66369
vn 0 0.73058 0.68283
vn 0 0.62064 0.7841
vn 0.53476 0.74253 0.40334
vn 0 0.73058 0.68283
vn 0.25893 0.70567 0.65954
vn 0.27935 0.84375 0.45832
vn 0.25907 0.82703 -0.49891
vn 0.38933 0.87621 -0.28404
vn 0.02224 0.95103 -0.3083
vn -0.1342 0.84846 -0.51196
vn -0.21575 0.89312 -0.3947
vn -0.21495 0.97403 -0.07116
vn -0.46543 0.88273 -0.06449
vn -0.49299 0.79576 -0.35176
vn -0.43244 0.90035 -0.0486
vn -0.37789 0.87736 -0.29569
vn -0.06766 0.94559 -0.31823
vn -0.00592 0.99853 -0.0539
vn -0.04137 0.99881 0.02578
vn -0.01618 0.91057 -0.41305
vn 0.26647 0.8779 -0.39785
vn -0.01777 0.99951 0.02579
vn 0.04644 0.99815 -0.03913
vn -0.00585 0.98792 0.15486
vn 0.36909 0.91818 0.14392
vn 0.39346 0.91863 -0.03601
vn -0.48342 0.80441 -0.3453
vn -0.39374 0.91724 0.06031
vn -0.43734 0.89736 0.059
vn -0.38343 0.84868 -0.3643
vn -0.47713 0.783 -0.39907
vn -0.36953 0.81793 -0.44096
vn -0 0.88023 -0.47455
vn 0 0.89096 -0.45409
vn -0.01933 0.89079 -0.45401
vn 0 0.984 0.17817
vn 0.3832 0.90889 0.16457
vn 0.37341 0.82651 -0.42125
vn 0.14641 0.98911 0.01469
vn 0.1868 0.8949 -0.4053
vn -0.09819 0.90651 -0.4106
vn -0.00392 0.99988 0.01485
vn 0.06089 0.90923 -0.41181
vn -0.29901 0.86923 -0.39374
vn -0.31548 0.94883 0.01409
vn -0.51952 0.7725 -0.36516
vn -0.52119 0.84247 -0.13643
vn -0.06116 0.98529 -0.15956
vn -0.20407 0.88534 -0.41776
vn -0.13168 0.94253 -0.30709
vn -0.11131 0.99082 0.0767
vn -0.0052 0.997 0.07718
vn 0.03085 0.95045 -0.30933
vn 0.2714 0.84907 -0.45323
vn 0.19845 0.9734 -0.11448
vn 0.43185 0.89577 -0.10535
vn 0.49391 0.76731 -0.40901
vn -0.00078 0.95271 -0.30388
vn 0 0.95271 -0.30388
vn 0 0.66045 0.75087
vn 0 0.94111 -0.3381
vn -0.01421 0.94102 -0.33807
vn 0.18775 0.92438 -0.33206
vn -0.57796 0.51919 0.62961
vn -0.03668 0.63578 0.771
vn 0.74828 0.66336 0.0059
vn 0.00316 0.90753 -0.41998
vn 0.00706 0.90751 -0.41997
vn 0.00269 0.90753 -0.41998
vn 0.00753 0.90751 -0.41997
vn -0.00222 0.99996 0.00889
vn -0.00827 0.93109 -0.36469
vn -0.4235 0.84349 -0.33043
vn -0.33316 0.94283 0.00838
vn -0.1838 0.75893 -0.6247
vn -0.16088 0.67083 -0.72395
vn 0.37266 0.63133 -0.68011
vn 0.18184 0.75927 -0.62485
vn -0.74567 0.6663 0.00395
vn 0.59891 0.53516 -0.59574
vn -0.74568 0.66631 -0
vn -0.00084 0.66533 0.74655
vn -0.00099 0.66533 0.74655
vn 0.59778 0.53415 -0.59778
vn 0 0.66729 -0.7448
vn 0.59911 0.53428 -0.59634
vn -0.59665 0.53314 0.59981
vn -0.00049 0.66435 0.74742
vn 0 1 -0
vn 0.74568 0.6663 0.00197
vn -0.16436 0.9864 0.00292
vn 0 0.90842 -0.41806
vn 0.38567 0.83816 -0.38567
vn -0.29922 0.34541 0.88947
vn 0.5566 0.25681 0.79009
vn 0.57365 -0.08862 0.81429
vn -0.31541 -0.05298 0.94748
vn -0.40471 0.71147 0.57447
vn 0.30431 0.29436 0.90595
vn 0.31279 -0.12637 0.94138
vn -0.57502 -0.05585 0.81623
vn 0.89322 0.34395 0.28959
vn 0.95078 0.30982 -0.00551
vn 0.99412 -0.10824 0.00192
vn 0.9391 -0.13452 0.31622
vn 0.90537 0.29633 0.30413
vn 0.94862 -0.01434 0.31609
vn 0.99808 -0.06195 0.00037
vn 0.28174 0.39711 0.87346
vn -0.00549 0.30892 0.95107
vn -0.00591 0.33235 0.94314
vn 0.31622 0.00058 0.94869
vn -0.30221 0.2944 0.90664
vn -0.31623 0.00039 0.94868
vn -0 0.00051 1
vn -0.87134 0.39549 0.29045
vn -0.90677 0.29395 0.30226
vn -0.94868 -0.00014 0.31623
vn -0.29537 0.35719 0.8861
vn -0.38281 0.37276 0.84529
vn -0.41186 0.05736 0.90944
vn -0.31623 0.00043 0.94868
vn -0.87759 0.42834 0.21531
vn -0.9134 0.34595 0.21452
vn -0.96992 0.08579 0.22779
vn -0.96961 0.05721 0.23789
vn -0.42989 0.5973 0.67707
vn -0.331 0.49302 0.80459
vn -0.37231 0.20588 0.90499
vn -0.51485 0.27828 0.81086
vn 0.60928 -0.05181 0.79126
vn 0.63263 0.27545 0.72382
vn 0.65793 0.02187 0.75276
vn 0.60763 0.08985 0.78912
vn 0.93027 0.25604 0.26274
vn 0.99948 -0.00015 0.03239
vn 0.99948 0.00032 0.03239
vn 0.96235 0.00043 0.2718
vn 0.99483 -0.03101 0.09671
vn 0.9876 -0.12419 0.09601
vn 0.99513 -0.01875 0.09674
vn 0.97608 -0.21509 0.03163
vn 0.83739 -0.21069 0.50438
vn 0.85647 -0.01826 0.51587
vn 0.99924 -0.0216 0.03238
vn 0.69582 -0.58325 -0.41911
vn 0.83739 -0.21069 0.50438
vn 0.79175 0.38172 0.47689
vn 0.85646 -0.01879 -0.51587
vn 0.76629 -0.6421 -0.02266
vn 0.91905 0.3932 -0.02718
vn 0.91243 0.40924 -0
vn 0.77442 -0.62996 -0.05848
vn 0.58245 -0.61357 -0.53318
vn 0.72278 -0.19955 -0.66164
vn 0.91075 0.40719 -0.06878
vn 0.38815 -0.27904 -0.87834
vn 0.38737 -0.28558 -0.87657
vn 0.38834 -0.27746 -0.87875
vn -0.39098 -0.35761 -0.84809
vn -0.40513 -0.25218 -0.87879
vn 0.3872 -0.28702 -0.87618
vn -0.95401 0.19235 -0.22993
vn -0.94391 0.20989 -0.25493
vn -0.96474 -0.02419 -0.2621
vn -0.97143 -0.03872 -0.23413
vn 0.00189 0.13094 -0.99139
vn 0.32943 -0.12174 -0.9363
vn 0.31841 -0.31217 -0.89508
vn 0.00958 -0.1957 -0.98062
vn 0.10724 -0.425 -0.89882
vn -0.38826 -0.46694 -0.79449
vn -0.41895 -0.29921 -0.8573
vn 0.10976 -0.36803 -0.92331
vn -0.96063 0.17173 -0.21842
vn -0.94491 0.21724 -0.24486
vn -0.96795 -0.01291 -0.25083
vn -0.97415 -0.0445 -0.22149
vn 0.04766 0.32274 -0.94529
vn 0.25368 0.2234 -0.94114
vn 0.26026 -0.00041 -0.96554
vn 0.05036 -0.0005 -0.99873
vn -0.25583 0.18384 -0.94908
vn -0.19632 0.22633 -0.95406
vn -0.20155 -0.00056 -0.97948
vn -0.26026 -0.00057 -0.96554
vn 0.83052 0.44309 -0.33749
vn 0.90768 0.31952 -0.27206
vn 0.95779 -0.01532 -0.28708
vn 0.92643 9E-05 -0.37646
vn 0.52576 0.32742 -0.78509
vn 0.16585 -0.00338 -0.98615
vn 0.15799 -0.30411 -0.93944
vn 0.5477 -0.1765 -0.81785
vn -0.16361 -0.16384 -0.97283
vn -0.2446 -0.00345 -0.96962
vn -0.24426 -0.05274 -0.96827
vn -0.16221 -0.20839 -0.9645
vn -0.08142 0.2361 -0.96831
vn -0.30209 0.29563 -0.90628
vn -0.31622 -0.00421 -0.94867
vn -0.08379 -0.00053 -0.99648
vn -0.9064 0.29522 -0.30213
vn -0.99677 -0.08032 0
vn -0.94777 -0.04393 -0.31592
vn -0.97279 0.2317 0
vn -0.99579 -0.09166 0
vn -0.97022 0.24222 0
vn -0.94869 -0.0014 0.31621
vn -0.94864 -0.00991 0.31622
vn -0.94868 -0.00013 0.31623
vn -0.94863 -0.01101 0.31621
vn -0.96194 0.27325 0
vn -0.30206 0.29596 0.90618
vn -0.30414 0.29627 0.90539
vn -0.31623 0.00039 0.94868
vn -0.87368 0.39655 0.28183
vn -0.90867 0.29456 0.29591
vn -0.94864 -0.00458 0.31632
vn -0.27813 0.31373 0.90786
vn -0.27861 0.31101 0.90865
vn -0.27807 0.31409 0.90776
vn 0.27467 0.3331 0.902
vn 0.26451 0.38576 0.88387
vn -0.2787 0.31051 0.9088
vn 0.84888 0.37642 0.3711
vn 0.88814 0.28278 0.36226
vn 0.88588 0.28893 0.36295
vn 0.88873 0.28117 0.36208
vn 0.88533 0.29041 0.36311
vn 0.27436 0.33479 0.90147
vn 0.3071 0.23848 0.92131
vn 0.29905 0.32511 0.89715
vn 0.2901 0.23981 0.92646
vn 0.92099 0.23985 0.307
vn 0.92127 0.23866 0.30709
vn 0.92094 0.24007 0.30698
vn 0.972 0.23429 -0.018
vn 0.99201 0.1258 -0.00967
vn 0.92131 0.23848 0.3071
vn 0.97076 0.23394 -0.05393
vn 0.97801 0.20616 -0.03168
vn 1 0 -0
vn 0.99536 0.09513 0.01462
vn 0.9181 -0.00094 -0.39634
vn 0.91747 -0.00522 -0.39777
vn 0.91825 5E-05 -0.39601
vn 0.91732 -0.00622 -0.3981
vn -0.32568 0.03106 -0.94497
vn -0.3198 0.12849 -0.93873
vn -0.3211 -0.09229 -0.94254
vn -0.33367 -0.06141 -0.94069
vn 0.31653 0.1911 -0.92913
vn 0.45169 0.12115 -0.88391
vn 0.45427 0.05822 -0.88896
vn 0.32186 -0.06167 -0.94478
vn 0.16782 0.0335 -0.98525
vn -0.31623 -0.00041 -0.94868
vn -0.29905 0.32511 -0.89715
vn 0.1627 0.24725 -0.95519
vn -0.94864 0.01001 -0.31621
vn -0.99906 0.04331 0.00285
vn -0.96578 0.2588 0.01702
vn -0.92131 0.23848 -0.3071
vn -0.94007 -0.33453 -0.06599
vn -0.99436 0.10289 0.02563
vn -0.94889 0.30626 0.07628
vn -0.95639 0.28657 0.05653
vn -0.94157 0.10725 0.31928
vn -0.89393 0.31969 0.31414
vn -0.95827 0.27911 0.06175
vn -0.3926 0.24117 0.88752
vn -0.39052 0.24042 0.88865
vn -0.4022 0.28635 0.86962
vn -0.39234 0.24022 0.8879
vn -0.89357 0.31274 0.32206
vn -0.89901 0.25143 0.35854
vn -0.83441 0.40563 0.37312
vn -0.90236 0.28548 0.32287
vn 0 0.11717 0.99311
vn 0.32895 0.2139 0.9198
vn 0.31681 0.00628 0.94847
vn 0 0.0051 0.99999
vn 0.94852 0.18226 0.25903
vn 0.92347 0.32341 0.20643
vn 0.94993 0.16637 0.26449
vn 0.9493 0.00681 0.3143
vn 0.31748 0.53007 0.78628
vn 0.24139 0.44343 0.86319
vn 0.24822 0.4157 0.87498
vn 0.32909 0.34388 0.87946
vn 0.92078 0.15826 0.35654
vn 0.99489 -0.09828 -0.02311
vn 0.96062 0.2705 0.0636
vn 0.87041 0.30565 0.38596
vn 0.96512 0.2614 -0.01459
vn 0.96661 0.25548 0.02002
vn 0.99736 -0.07155 0.01198
vn 0.94943 -0.04248 -0.31109
vn 0.87903 0.33836 -0.33587
vn 0.95862 0.28077 -0.047
vn 0.35245 0.23446 -0.90598
vn 0.12612 0.23327 -0.9642
vn 0.13707 0.29428 -0.94584
vn 0.35445 0.25255 -0.90032
vn 0.23936 0.107 -0.96502
vn 0.22318 0.11865 -0.96753
vn 0.13516 0.56618 -0.81312
vn 0.22798 0.42435 -0.87633
vn 0.02833 0.22164 -0.97472
vn -0.43437 0.25763 -0.8631
vn -0.42151 0.61156 -0.66957
vn -0.08778 0.64821 -0.75639
vn -0.96561 0.06841 -0.25081
vn -0.99999 -0.00537 0.00082
vn -0.96617 0.25495 -0.03884
vn -0.90318 0.33637 -0.26669
vn -0.99269 0.12045 -0.00704
vn -0.97362 0.22763 0.01557
vn -0.99263 0.12091 0.00827
vn -0.96926 0.24563 -0.01435
vn -0.97251 0.22813 0.04681
vn -0.97909 0.20169 0.02639
vn -0.99999 -0.00459 -0.00094
vn -0.99561 0.09246 -0.01429
vn -0.99999 -0.00464 0.00072
vn 0 0.00265 1
vn -0.06575 0.24493 -0.96731
vn -0.38825 0.27914 -0.87826
vn -0.41275 0.41795 -0.80929
vn -0.0808 0.30099 -0.9502
vn -0.93823 0.17899 -0.2961
vn -0.99999 -0.00535 1E-05
vn -0.93157 0.36355 -0.00078
vn -0.90391 0.33132 -0.2705
vn -0.94871 -0.00157 0.31614
vn -0.77145 0.5651 0.29245
vn -0.9068 0.4212 0.01724
vn -0.31601 0.01074 0.9487
vn -0.00144 0.01399 0.9999
vn -0.03897 0.37794 0.92501
vn -0.27753 0.4294 0.85941
vn 0.31323 0.01074 0.94962
vn 0.1951 0.35575 0.91399
vn -0.09369 0.30286 0.94842
vn 0.94898 0.00591 0.31529
vn 0.99999 0.00317 -0.0005
vn 0.98233 0.18492 -0.02899
vn 0.9382 0.20886 0.27597
vn 0.99557 0.09289 0.01456
vn 0.94739 0.18965 -0.25784
vn 0.93226 0.28416 -0.22392
vn 0.97956 0.19871 0.03115
vn 0.32417 0.262 -0.90899
vn -0.02427 0.23053 -0.97276
vn -0.02571 0.24425 -0.96937
vn 0.32443 0.2185 -0.92033
vn -0.24293 0.41225 0.87809
vn 0 0.46703 0.88424
vn -0.25914 0.34469 0.90224
vn 0.23188 0.4543 0.86014
vn 0.24495 0.40422 0.88125
vn 0.90123 0.21283 0.37748
vn 1 0 -0
vn 0.96468 0.25423 0.06905
vn 0.87054 0.29216 0.39598
vn 0.93601 0 -0.35197
vn 0.89391 0.29652 -0.33614
vn 0.97084 0.23876 0.02162
vn -0.00733 -0.04699 -0.99887
vn -0.16502 -0.18494 -0.9688
vn -0.16653 -0.12816 -0.97767
vn -0.00734 -0.00542 -0.99996
vn 0.1616 -0.27166 -0.94873
vn 0.00721 -0.1875 -0.98224
vn 0.00721 0.18997 -0.98176
vn 0.16792 -0.00534 -0.98579
vn -0.91872 0.19132 -0.34547
vn -0.97084 0.23876 0.02162
vn -0.96673 0.25477 0.02307
vn -0.91215 0.22433 -0.343
vn -0.96581 0.25019 0.06795
vn -0.87938 0.27119 0.39133
vn -0.79401 0.43676 0.42283
vn -0.94452 0.31698 0.08609
vn 0.34731 0.12491 0.92939
vn -0.04458 0.56318 0.82513
vn -0.31123 0.53552 0.78508
vn -0.48643 0.11564 0.86603
vn 0.28477 0.35218 0.89156
vn 0.14176 0.79374 0.59151
vn 0.06695 0.78786 0.6122
vn -0.03385 0.31234 0.94937
vn 0.95931 0.27247 -0.074
vn 0.63846 0.76541 0.08065
vn 0.5032 0.73433 0.45557
vn 0.88048 0.30755 0.36078
vn 0.98707 0.12072 -0.10546
vn 0.86238 0.50615 -0.01057
vn 0.86237 0.50618 0.01011
vn 0.97392 0.119 -0.19318
vn 0.38093 0.00182 0.9246
vn 0.07392 0.36026 0.92992
vn 0.43179 0.32623 0.84091
vn 0.3469 0.00181 0.9379
vn -0.29496 0.4306 0.85298
vn 0.04789 0.45059 0.89144
vn 0.00014 0.00205 1
vn -0.98741 -0.00187 0.1582
vn -0.95745 -0.0004 0.2886
vn -0.9088 0.29389 0.29616
vn -0.8395 0.27182 0.47049
vn -0.94869 -0.00035 0.31622
vn -0.48943 0.14631 0.85968
vn -0.0737 0.5823 0.80962
vn -0.35676 0.54519 0.75862
vn -0.45146 0.14977 0.87963
vn 0.53838 0.14252 0.83056
vn 0.34483 0.54848 0.76175
vn -0.3109 0.55472 0.77177
vn 0.08937 0.16783 0.98176
vn 0.99757 0.00081 -0.06964
vn 0.92331 0.38311 0.0271
vn 0.8085 0.33649 0.48282
vn 0.9539 0.00134 0.30011
vn 0.97711 -0.05774 -0.20475
vn 0.98138 0.11609 -0.153
vn 0.99273 0.11765 -0.02524
vn 0.9858 -0.05819 -0.15749
vn 0.99306 -0.1176 -0
vn 0.95882 -0.28401 0
vn 0.95406 -0.28237 0.10024
vn 0.99173 -0.11751 -0.05154
vn 0.99011 -0.11715 0.07718
vn 0.9629 -0.26519 0.05004
vn 0.96406 -0.26563 -0.00521
vn 0.99306 -0.1176 0
vn 0.68529 -0.40255 0.60691
vn 0.97639 -0.14002 0.16448
vn 0.98886 -0.14208 0.04449
vn 0.85421 -0.50258 0.13317
vn 0.94491 0.0658 -0.32064
vn 0.82695 0.38451 -0.41026
vn 0.84295 0.39207 -0.36839
vn 0.99856 0.0311 0.04373
vn -0.32508 0.25574 -0.91045
vn -0.22925 0.47009 -0.85232
vn 0.27345 0.46524 -0.84189
vn 0.2778 0.26055 -0.92463
vn -0.95028 0.0302 -0.30994
vn -0.81186 0.37495 -0.44754
vn -0.76855 0.35468 -0.53248
vn -0.94481 0.03183 -0.32608
vn 0.1479 -0.10596 -0.98331
vn 0.23591 -0.13799 -0.96193
vn 0.22741 -0.1383 -0.96393
vn 0.23749 -0.13793 -0.96155
vn 0.22585 -0.13835 -0.96429
vn -0.01734 -0.10725 -0.99408
vn -0.36369 -0.1956 -0.91075
vn -0.38908 -0.27141 -0.88032
vn 0.13384 -0.29078 -0.94738
vn 0.08065 -0.20895 -0.9746
vn -0.94956 -0.03436 -0.3117
vn -0.95806 -0.04643 -0.28277
vn -0.9754 -0.03627 -0.21742
vn -0.96947 -0.02704 -0.24372
vn 0.13955 0.43485 -0.88963
vn -0.27258 0.42211 -0.8646
vn 0.09713 -0.00149 -0.99527
vn -0.11718 0.53572 -0.83622
vn -0.25234 0.52182 -0.81488
vn -0.26009 -0.00234 -0.96558
vn 0.9616 0.00048 -0.27444
vn 0.94858 0.00035 -0.31654
vn 0.98541 0.00058 -0.17019
vn 0.92647 0.00029 -0.37637
vn 0.22593 0.37871 -0.89751
vn -0.00197 0.41125 -0.91152
vn -0.09926 0.40916 -0.90705
vn 0.32441 0.36781 -0.87148
vn -0.32862 0.36682 -0.87032
vn 0.00295 0.41125 -0.91152
vn 0.22727 0.40063 -0.88761
vn 0.00199 0.38861 -0.9214
vn -0.28823 -0.00146 -0.95756
vn -0.29702 -0.00135 -0.95487
vn 0.12699 -0.00109 -0.9919
vn 0.00108 -0.00129 -1
vn -0.96113 0.0856 0.26251
vn -0.93429 0.13382 0.33044
vn -0.92448 0.13159 -0.35781
vn -0.87431 0.07694 -0.47923
vn -0.98449 0.17543 0.00227
vn -0.85927 0.2619 0.43939
vn -0.85891 0.26067 -0.44082
vn -0.85918 0.15247 -0.48842
vn -0.82404 0.55968 0.08782
vn -0.82408 0.55971 0.08734
vn -0.82402 0.55967 0.08813
vn -0.98103 -0.19253 0.02274
vn -0.98013 -0.19246 -0.04805
vn -0.8241 0.55972 0.08703
vn -0.83287 0.10066 0.54423
vn -0.76024 0.52668 0.38031
vn -0.80158 0.55492 0.22254
vn -0.94408 0.1125 -0.30993
vn -0.36228 0.33801 0.86862
vn -0.45988 0.3219 0.82758
vn -0.29723 0.00115 0.95481
vn -0.95927 -0.00038 0.2825
vn -0.90384 0.30814 0.29685
vn -0.90276 0.30778 0.30049
vn -0.90407 0.30822 0.29608
vn -0.90257 0.30772 0.30113
vn -0.94867 -0.00033 0.31625
vn 0.53755 -0.11293 0.83564
vn 0.42546 -0.08414 0.90106
vn -0.59036 -0.07548 0.8036
vn -0.50855 -0.11563 0.85323
vn 0.29878 -0.29131 0.90877
vn 0.30143 -0.21646 0.92859
vn -0.51527 -0.11156 0.84974
vn -0.5284 -0.14742 0.8361
vn 0.95805 -0.28636 -0.01181
vn 0.97842 -0.1987 -0.0567
vn 0.92437 -0.22179 0.31041
vn 0.89751 -0.31195 0.31172
vn 0.95798 -0.14369 0.24824
vn 0.99431 -0.09859 0.04025
vn 0.95351 -0.09478 -0.28607
vn 0.96925 -0.14561 -0.19838
vn 0.36366 0.00088 0.93153
vn 0.34641 0.00059 0.93808
vn -0.38086 0.00056 0.92463
vn -0.3414 0.00049 0.93992
vn -0.96334 0.01844 0.26766
vn -0.95853 -0.00024 0.28497
vn -0.9499 0.02154 0.31182
vn -0.47827 0.08065 0.8745
vn -0.50925 0.02976 0.8601
vn -0.54773 0.0289 0.83616
vn -0.5742 0.07515 0.81526
vn 0.59549 0.02493 0.80298
vn 0.57183 0.02887 0.81986
vn 0.49453 0.03053 0.86863
vn 0.5093 0.02667 0.86018
vn 0.99937 0.00032 0.03559
vn 0.99981 0.00044 -0.01956
vn 0.98318 0.14938 0.10505
vn 0.80395 0.11023 -0.5844
vn 0.97043 0.13342 -0.20117
vn 0.98701 0.14987 -0.05792
vn 0.71714 0.54693 0.43195
vn 0.98402 -0.17807 0
vn 0.98169 -0.1777 -0.06857
vn 0.79517 0.60619 -0.01555
vn 0.79523 0.60625 0.00833
vn 0.79529 0.60623 0.00205
vn 0.79522 0.60624 0.01033
vn 0.8029 -0.14488 0.57824
vn 0.98402 -0.17807 -0
vn 0.79526 0.60627 0
vn 0.8364 0.54808 -0.00704
vn 0.79965 0.16351 0.57777
vn 0.90161 0.1836 -0.39164
vn 0.76888 0.50364 -0.39392
vn 0.94482 0.08383 -0.31668
vn 0.93998 0.13205 -0.31464
vn 0.99706 0.06119 0.04616
vn 0.99817 0.04933 -0.03509
vn -0.45267 0.22629 -0.86248
vn -0.38829 0.37396 -0.84225
vn 0.30347 0.38695 -0.87073
vn 0.39302 0.23361 -0.88936
vn -0.97033 0.03112 -0.23978
vn -0.97147 0.03052 -0.2352
vn -0.97006 0.03126 -0.24085
vn -0.96375 0.05381 -0.26133
vn -0.95358 0.0608 -0.29494
vn -0.97171 0.03038 -0.2342
vn 0.45781 0.14018 -0.87793
vn 0.32248 0.16974 -0.93123
vn -0.16143 0.17676 -0.97093
vn 0.00124 0.15752 -0.98751
vn -0.47482 0.26775 -0.83837
vn -0.41723 0.31142 -0.85378
vn 0.04442 0.34252 -0.93846
vn 0.10853 0.30261 -0.94691
vn -0.97598 0.03403 -0.21518
vn -0.97475 0.03489 -0.22057
vn -0.97621 0.03386 -0.21417
vn -0.96704 0.04522 -0.25059
vn -0.96228 0.04835 -0.26775
vn -0.97451 0.03505 -0.22157
vn 0.13848 -0.00069 -0.99037
vn 0.05036 -0.0005 -0.99873
vn 0.96487 0.00024 -0.26271
vn 0.2819 -0.05572 -0.95783
vn 0.31693 0.10824 -0.94225
vn 0.64059 0.0878 -0.76285
vn 0.70864 -0.04082 -0.70439
vn -0.40329 -0.05334 -0.91352
vn -0.44811 0.10171 -0.88817
vn -0.24262 0.11047 -0.96381
vn -0.31832 -0.05523 -0.94637
vn -0.31121 -0.00058 -0.95034
vn -0.12488 -0.00077 -0.99217
vn -0.16585 -0.00055 -0.98615
vn -0.9931 -0.1102 -0.04
vn -0.94052 -0.06907 0.33264
vn -0.83472 -0.06191 -0.54718
vn -0.87277 -0.09707 -0.47839
vn -0.91346 -0.20222 0.35312
vn -0.98937 -0.14539 0
vn -0.85245 -0.12563 -0.50748
vn -0.85361 -0.18939 -0.48526
vn -0.89899 -0.43785 0.00981
vn -0.89897 -0.43784 0.01207
vn -0.98721 -0.15035 0.05301
vn -0.98858 -0.1506 -0.00585
vn -0.92919 -0.34983 -0.11931
vn -0.87482 -0.069 0.47951
vn -0.96939 -0.07669 0.23326
vn -0.92546 -0.34829 0.14909
vn -0.28826 0.00059 0.95755
vn -0.29702 0.0004 0.95487
usemtl mat0
f 1//1 2//2 3//3
f 2//2 4//4 5//4
f 6//5 7//6 3//3
f 7//7 8//7 9//7
f 8//8 7//8 10//8
f 7//6 6//5 11//4
f 12//9 13//10 10//10
f 13//11 14//12 15//13
f 14//14 13//14 16//14
f 13//10 12//9 17//15
f 18//5 19//16 16//5
f 19//17 20//17 21//17
f 20//18 19//18 22//18
f 19//16 18//5 23//5
f 24//5 25//19 22//20
f 25//21 26//21 27//21
f 26//22 25//23 28//24
f 25//19 24//5 29//5
f 30//25 31//25 28//25
f 31//26 32//26 33//26
f 32//27 31//28 34//29
f 31//30 30//30 35//30
f 36//31 37//32 34//33
f 37//34 38//34 39//34
f 38//35 37//35 40//35
f 37//32 36//31 41//36
f 42//37 43//38 40//4
f 43//39 44//39 45//39
f 44//40 43//40 46//40
f 43//38 42//37 47//41
f 48//42 49//43 46//44
f 49//45 50//45 51//45
f 52//46 53//47 54//48
f 53//47 1//1 9//49
f 8//50 55//50 54//50
f 55//51 56//51 57//51
f 58//52 59//52 60//52
f 59//53 61//53 62//53
f 63//54 64//54 60//54
f 64//55 65//56 66//57
f 65//58 64//58 67//58
f 64//59 63//59 68//59
f 69//60 70//60 67//60
f 70//61 71//61 72//61
f 73//62 74//63 75//64
f 74//65 20//65 27//65
f 26//66 76//67 75//68
f 76//69 77//69 78//69
f 77//70 76//71 79//72
f 76//67 26//66 33//73
f 32//74 80//74 79//74
f 80//75 81//75 82//75
f 81//76 80//76 83//76
f 80//77 32//77 39//77
f 38//78 84//78 83//78
f 84//79 85//79 86//79
f 87//80 88//80 89//80
f 88//81 90//81 91//81
f 92//82 93//82 89//82
f 93//83 94//83 95//83
f 94//84 93//84 96//84
f 93//85 92//86 97//87
f 98//88 99//88 96//88
f 99//89 100//89 101//89
f 102//90 103//90 104//90
f 103//91 105//91 106//91
f 58//92 107//93 104//94
f 107//95 108//95 109//95
f 110//96 111//96 112//96
f 111//97 113//97 114//97
f 115//98 116//98 112//98
f 116//99 117//99 118//99
f 119//100 120//100 121//100
f 120//101 65//101 72//101
f 71//102 122//102 121//102
f 122//103 123//103 124//103
f 125//104 126//104 127//104
f 126//105 73//62 78//106
f 77//107 128//108 127//109
f 128//110 129//111 130//112
f 129//111 128//110 131//113
f 128//108 77//107 82//114
f 81//115 132//115 131//115
f 132//116 133//116 134//116
f 135//117 136//117 137//117
f 136//118 138//118 139//118
f 140//119 141//119 137//119
f 141//120 142//120 143//120
f 142//121 141//121 144//121
f 141//122 140//122 145//122
f 146//123 147//123 144//123
f 147//124 148//124 149//124
f 150//125 151//125 152//125
f 151//126 94//126 101//126
f 100//127 153//127 152//127
f 153//128 154//128 155//128
f 156//129 157//129 158//129
f 157//130 159//130 160//130
f 110//131 161//131 158//131
f 161//132 162//132 163//132
f 162//133 161//133 164//133
f 161//134 110//134 118//134
f 117//135 165//135 164//135
f 165//136 166//137 167//138
f 166//137 165//136 168//139
f 165//140 117//140 169//140
f 170//141 171//141 168//141
f 171//142 172//142 173//142
f 174//143 175//143 176//143
f 175//144 123//144 177//144
f 178//145 179//145 176//145
f 179//146 180//146 181//146
f 180//147 179//147 182//147
f 179//148 178//148 183//148
f 184//149 185//149 182//149
f 185//150 186//150 187//150
f 188//151 189//151 190//151
f 189//152 135//152 143//152
f 142//153 191//153 190//153
f 191//154 192//154 193//154
f 192//155 191//155 194//155
f 191//156 142//156 149//156
f 148//157 195//157 194//157
f 195//158 196//158 197//158
f 198//159 199//159 200//159
f 199//160 201//160 202//160
f 203//161 204//161 200//161
f 204//162 205//162 206//162
f 207//163 208//163 209//163
f 208//164 156//164 163//164
f 162//165 210//165 209//165
f 210//166 211//166 212//166
f 213//167 214//167 215//167
f 214//168 216//168 217//168
f 218//169 219//170 215//171
f 219//172 220//173 221//174
f 220//173 219//172 222//175
f 219//170 218//169 223//176
f 224//177 225//177 222//177
f 225//178 226//178 227//178
f 228//179 229//179 230//179
f 229//180 174//180 181//180
f 180//181 231//181 230//181
f 231//182 232//182 233//182
f 232//183 231//183 234//183
f 231//184 180//184 187//184
f 186//185 235//185 234//185
f 235//186 236//186 237//186
f 238//187 239//187 240//187
f 239//188 241//188 242//188
f 243//189 244//189 240//189
f 244//190 245//190 246//190
f 245//191 244//191 247//191
f 244//192 243//192 248//192
f 198//193 249//193 247//193
f 249//194 250//195 251//196
f 250//195 249//194 252//197
f 249//198 198//198 206//198
f 205//199 253//199 252//199
f 253//200 254//200 255//200
f 256//201 257//201 258//201
f 257//202 207//202 212//202
f 211//203 259//203 258//203
f 259//204 260//204 261//204
f 262//205 263//205 264//205
f 263//206 213//206 221//206
f 220//207 265//208 264//209
f 265//210 266//210 267//210
f 266//211 265//211 268//211
f 265//212 220//212 227//212
f 226//213 269//213 268//213
f 269//214 270//214 271//214
f 272//215 273//215 274//215
f 273//216 275//216 276//216
f 277//217 278//217 274//217
f 278//218 279//219 280//220
f 279//221 278//222 281//223
f 278//224 277//224 282//224
f 283//225 284//225 281//225
f 284//226 285//226 286//226
f 287//227 288//227 289//227
f 288//228 238//228 246//228
f 245//229 290//229 289//229
f 290//230 291//230 292//230
f 291//231 290//231 293//231
f 290//232 245//232 251//232
f 250//233 294//234 293//235
f 294//236 295//236 296//236
f 295//237 294//237 297//237
f 294//234 250//233 255//238
f 254//239 298//239 297//239
f 298//240 299//240 300//240
f 301//241 302//242 303//242
f 302//243 304//243 305//243
f 306//244 307//245 303//246
f 307//247 308//247 309//247
f 308//248 307//249 310//249
f 307//250 306//250 311//250
f 312//251 313//251 310//251
f 313//252 314//252 315//252
f 314//253 313//242 316//254
f 313//255 312//255 317//255
f 272//256 318//256 316//256
f 318//257 319//258 320//259
f 319//258 318//257 321//260
f 318//261 272//261 280//261
f 279//219 322//262 321//260
f 322//262 323//263 324//264
f 323//265 322//266 325//267
f 322//268 279//221 286//269
f 285//270 326//270 325//270
f 326//271 327//272 328//273
f 327//274 326//275 329//276
f 326//277 285//277 330//277
f 331//278 332//278 329//278
f 332//279 333//280 334//281
f 333//280 332//279 335//282
f 332//283 331//283 336//283
f 337//284 338//284 335//284
f 338//285 339//285 340//285
f 341//286 342//287 343//288
f 342//289 344//289 345//289
f 346//290 347//290 343//290
f 347//291 348//292 349//293
f 350//4 351//294 352//295
f 351//294 301//241 309//296
f 308//297 353//298 352//298
f 353//5 354//299 355//5
f 354//299 353//5 356//300
f 353//298 308//297 315//301
f 314//253 357//302 356//300
f 357//302 358//16 359//5
f 358//16 357//302 360//303
f 357//302 314//253 320//259
f 319//304 361//304 360//304
f 361//305 362//305 363//306
f 362//305 361//305 364//307
f 361//308 319//309 324//310
f 323//311 365//311 364//311
f 365//5 366//5 367//5
f 366//5 365//5 368//312
f 365//313 323//265 328//314
f 327//274 369//315 368//312
f 369//315 370//5 371//5
f 370//316 369//316 372//316
f 369//315 327//274 334//281
f 333//317 373//318 372//319
f 373//320 374//321 375//320
f 374//322 373//322 376//322
f 373//318 333//317 340//323
f 339//324 377//324 376//324
f 377//299 378//5 379//5
f 378//5 377//299 380//5
f 377//325 339//325 381//325
f 382//4 383//4 380//5
f 383//4 384//4 385//4
f 8//326 15//326 386//326
f 15//327 14//327 387//327
f 388//328 389//328 386//328
f 389//329 390//329 391//329
f 14//330 21//330 392//330
f 21//331 20//331 393//331
f 394//332 395//333 392//334
f 395//335 388//335 387//335
f 20//336 74//336 396//336
f 74//337 73//338 397//339
f 398//340 399//340 396//340
f 399//341 394//342 393//343
f 73//338 126//344 400//345
f 126//346 125//346 401//346
f 402//347 403//347 400//347
f 403//348 398//348 397//348
f 125//349 130//349 404//349
f 130//350 129//351 405//352
f 406//353 407//354 404//355
f 407//356 402//357 401//358
f 129//351 134//359 408//360
f 134//361 133//361 409//361
f 410//362 411//363 408//364
f 411//365 406//365 405//365
f 133//366 132//366 412//366
f 132//367 81//367 413//367
f 414//368 415//369 412//370
f 415//369 410//371 409//372
f 81//373 86//373 416//373
f 86//374 85//374 417//374
f 418//375 419//376 416//377
f 419//378 414//379 413//380
f 85//381 84//381 420//381
f 84//382 38//382 421//382
f 422//383 423//383 420//383
f 423//384 418//385 417//386
f 38//387 45//388 424//389
f 45//390 44//390 425//390
f 426//391 427//391 424//391
f 427//392 422//392 421//392
f 44//393 51//393 428//393
f 51//394 50//394 429//394
f 430//395 431//395 428//395
f 431//396 426//396 425//396
f 50//397 432//397 433//397
f 432//398 434//398 435//398
f 436//399 437//400 433//401
f 437//402 430//403 429//404
f 434//405 438//405 439//405
f 438//406 440//406 441//406
f 442//407 443//408 439//409
f 443//408 436//410 435//411
f 440//412 444//412 445//412
f 444//413 446//413 447//413
f 448//414 449//415 445//414
f 449//416 442//417 441//418
f 446//419 450//419 451//419
f 450//420 452//421 453//422
f 454//423 455//423 451//423
f 455//424 448//425 447//426
f 452//421 456//427 457//428
f 456//429 458//429 459//429
f 460//430 461//431 457//432
f 461//433 454//433 453//433
f 458//434 462//434 463//434
f 462//435 382//435 464//435
f 465//436 466//436 463//436
f 466//437 460//437 459//437
f 382//438 381//438 467//438
f 381//439 339//439 468//439
f 469//440 470//440 467//440
f 470//441 465//441 464//441
f 339//442 338//443 471//444
f 338//445 337//445 472//445
f 473//446 474//447 471//448
f 474//449 469//449 468//449
f 337//450 336//450 475//450
f 336//451 331//451 476//451
f 477//452 478//452 475//452
f 478//453 473//453 472//453
f 331//454 330//454 479//454
f 330//455 285//455 480//455
f 481//456 482//456 479//456
f 482//457 477//457 476//457
f 285//458 284//458 483//458
f 284//459 283//459 484//459
f 485//460 486//461 483//462
f 486//463 481//463 480//463
f 283//464 282//464 487//464
f 282//465 277//465 488//465
f 489//466 490//467 487//468
f 490//469 485//469 484//469
f 277//470 276//470 491//470
f 276//471 275//471 492//471
f 493//472 494//473 491//474
f 494//475 489//476 488//477
f 275//478 273//478 495//478
f 273//479 272//480 496//481
f 497//482 498//483 495//484
f 498//485 493//486 492//487
f 272//488 317//488 499//488
f 317//489 312//489 500//489
f 501//490 502//490 499//490
f 502//491 497//491 496//491
f 312//492 311//492 503//492
f 311//493 306//493 504//493
f 505//494 506//494 503//494
f 506//495 501//495 500//495
f 306//496 305//496 507//496
f 305//497 304//498 508//499
f 509//500 510//501 507//502
f 510//503 505//503 504//503
f 304//504 511//505 512//506
f 511//505 513//507 514//508
f 515//509 516//509 512//509
f 516//510 509//510 508//510
f 513//507 517//511 518//512
f 517//511 519//513 520//514
f 521//515 522//515 518//515
f 522//516 515//517 514//518
f 519//513 523//519 524//520
f 523//519 525//521 526//522
f 527//523 528//524 524//525
f 528//524 521//526 520//527
f 525//521 529//508 530//528
f 529//529 52//529 531//529
f 532//530 533//530 530//530
f 533//531 527//531 526//531
f 52//532 57//533 534//534
f 57//535 56//535 535//535
f 536//536 537//537 534//538
f 537//537 532//539 531//540
f 56//541 55//541 538//541
f 55//542 8//542 391//542
f 390//543 539//544 538//545
f 539//544 536//546 535//547
f 58//548 66//548 540//548
f 66//549 65//549 541//549
f 115//550 114//550 540//550
f 114//551 113//551 542//551
f 65//552 120//552 543//552
f 120//553 119//553 544//553
f 117//554 116//555 543//556
f 116//557 115//557 541//557
f 119//558 124//558 545//558
f 124//559 123//560 546//561
f 170//562 169//562 545//562
f 169//563 117//563 544//563
f 123//564 175//564 547//564
f 175//565 174//566 548//567
f 172//568 171//568 547//568
f 171//569 170//569 546//569
f 174//570 229//570 549//570
f 229//571 228//571 550//571
f 551//572 552//573 549//574
f 552//575 172//575 548//575
f 228//576 553//577 554//578
f 553//579 555//579 556//579
f 557//580 558//580 554//580
f 558//581 551//572 550//581
f 555//582 559//582 560//582
f 559//583 561//583 562//583
f 563//584 564//584 560//584
f 564//585 557//585 556//585
f 561//586 565//586 566//586
f 565//587 567//587 568//587
f 260//588 569//589 566//590
f 569//591 563//591 562//591
f 567//592 570//593 571//594
f 570//595 572//596 573//597
f 256//598 261//598 571//598
f 261//599 260//599 568//599
f 572//600 574//600 575//600
f 574//601 576//601 577//601
f 207//602 257//603 575//604
f 257//605 256//605 573//605
f 576//606 578//606 579//606
f 578//607 580//608 581//609
f 156//610 208//610 579//610
f 208//611 207//611 577//611
f 580//608 582//612 583//613
f 582//614 102//614 584//614
f 159//615 157//615 583//615
f 157//616 156//616 581//616
f 102//617 109//618 585//619
f 109//620 108//620 586//620
f 110//621 160//621 585//621
f 160//622 159//622 584//622
f 108//623 107//623 587//623
f 107//624 58//624 542//624
f 113//625 111//625 587//625
f 111//626 110//627 586//628
f 87//629 95//629 588//629
f 95//630 94//630 589//630
f 590//631 591//632 588//633
f 591//634 592//635 593//636
f 94//637 151//637 594//637
f 151//638 150//638 595//638
f 201//639 596//639 594//639
f 596//640 590//641 589//642
f 150//643 155//643 597//643
f 155//644 154//644 598//644
f 203//645 202//646 597//647
f 202//648 201//648 595//648
f 154//649 599//649 600//649
f 599//650 601//651 602//652
f 205//653 204//653 600//653
f 204//654 203//654 598//654
f 601//651 603//655 604//656
f 603//655 605//657 606//658
f 254//659 253//660 604//661
f 253//662 205//662 602//662
f 605//663 607//663 608//663
f 607//664 346//665 609//666
f 299//667 298//667 608//667
f 298//668 254//668 606//668
f 346//669 345//669 610//669
f 345//670 344//670 611//670
f 295//671 300//671 610//671
f 300//672 299//672 609//672
f 344//673 612//673 613//673
f 612//674 614//674 615//674
f 291//675 296//675 613//675
f 296//676 295//676 611//676
f 614//677 616//677 617//677
f 616//678 618//679 619//680
f 287//681 292//681 617//681
f 292//682 291//682 615//682
f 618//683 620//683 621//683
f 620//684 236//685 622//686
f 238//687 288//687 621//687
f 288//688 287//688 619//688
f 236//689 235//689 623//689
f 235//690 186//691 624//692
f 241//693 239//693 623//693
f 239//694 238//695 622//696
f 186//697 185//697 625//697
f 185//698 184//698 626//698
f 627//699 628//700 625//701
f 628//702 241//702 624//702
f 184//703 629//704 630//705
f 629//706 631//707 632//708
f 633//709 634//710 630//711
f 634//712 627//699 626//713
f 631//714 635//715 636//716
f 635//717 87//717 593//717
f 592//635 637//718 636//719
f 637//720 633//721 632//722
f 243//723 242//723 638//723
f 242//724 241//725 639//726
f 188//727 193//727 638//727
f 193//728 192//728 640//728
f 241//729 628//729 641//729
f 628//700 627//699 642//730
f 135//731 189//731 641//731
f 189//732 188//732 639//732
f 627//699 634//712 643//733
f 634//710 633//709 644//734
f 138//735 136//735 643//735
f 136//736 135//736 642//736
f 633//721 637//720 645//737
f 637//718 592//635 646//738
f 140//739 139//739 645//739
f 139//740 138//740 644//740
f 592//635 591//634 647//741
f 591//632 590//631 648//742
f 146//743 145//743 647//743
f 145//744 140//744 646//744
f 590//641 596//640 649//745
f 596//746 201//746 650//746
f 148//747 147//747 649//747
f 147//748 146//748 648//748
f 201//749 199//749 651//749
f 199//750 198//750 652//750
f 196//751 195//751 651//751
f 195//752 148//752 650//752
f 198//753 248//753 653//753
f 248//754 243//754 640//754
f 192//755 197//755 653//755
f 197//756 196//756 652//756
f 162//757 167//757 654//757
f 167//758 166//759 655//760
f 218//761 217//762 654//763
f 217//764 216//764 656//764
f 166//759 173//765 657//766
f 173//767 172//767 658//767
f 224//768 223//768 657//768
f 223//769 218//761 655//763
f 172//770 552//770 659//770
f 552//573 551//572 660//771
f 226//772 225//772 659//772
f 225//773 224//773 658//773
f 551//572 558//581 661//774
f 558//775 557//775 662//775
f 270//776 269//776 661//776
f 269//777 226//777 660//777
f 557//778 564//778 663//778
f 564//779 563//779 664//779
f 266//780 271//780 663//780
f 271//781 270//781 662//781
f 563//782 569//782 665//782
f 569//783 260//783 666//783
f 262//784 267//784 665//784
f 267//785 266//785 664//785
f 260//786 259//786 667//786
f 259//787 211//787 668//787
f 213//788 263//788 667//788
f 263//789 262//789 666//789
f 211//790 210//790 669//790
f 210//791 162//791 656//791
f 216//792 214//792 669//792
f 214//793 213//793 668//793
f 670//794 671//794 672//794
f 671//795 63//795 62//795
f 61//796 673//796 672//796
f 673//797 674//797 675//797
f 676//798 677//798 678//798
f 677//799 69//799 68//799
f 63//800 671//800 678//800
f 671//801 670//801 679//801
f 680//802 681//802 682//802
f 681//803 71//803 70//803
f 69//804 677//804 682//804
f 677//805 676//805 683//805
f 684//806 685//806 686//806
f 685//807 123//807 122//807
f 71//808 681//808 686//808
f 681//809 680//809 687//809
f 688//810 689//810 690//810
f 689//811 178//811 177//811
f 123//812 685//812 690//812
f 685//813 684//814 691//815
f 692//816 693//817 694//818
f 693//819 184//819 183//819
f 178//820 689//820 694//820
f 689//821 688//821 695//821
f 696//822 697//823 698//824
f 697//823 631//707 629//706
f 184//825 693//825 698//825
f 693//826 692//827 699//828
f 700//829 701//830 702//831
f 701//832 87//832 635//832
f 631//714 697//833 702//831
f 697//833 696//834 703//835
f 704//836 705//836 706//836
f 705//837 90//837 88//837
f 87//838 701//838 706//838
f 701//839 700//840 707//841
f 708//842 709//842 710//842
f 709//843 92//843 91//843
f 90//844 705//844 710//844
f 705//845 704//846 711//847
f 712//848 713//848 714//848
f 713//849 98//849 97//849
f 92//850 709//850 714//850
f 709//851 708//851 715//851
f 716//852 717//852 718//852
f 717//853 100//853 99//853
f 98//854 713//854 718//854
f 713//855 712//856 719//857
f 720//858 721//858 722//858
f 721//859 154//859 153//859
f 100//860 717//860 722//860
f 717//861 716//861 723//861
f 724//862 725//863 726//864
f 725//865 601//865 599//865
f 154//866 721//866 726//866
f 721//867 720//867 727//867
f 728//868 729//868 730//868
f 729//869 605//869 603//869
f 601//870 725//871 730//872
f 725//863 724//862 731//873
f 732//874 733//874 734//874
f 733//875 346//665 607//664
f 605//876 729//876 734//876
f 729//877 728//877 735//877
f 736//878 737//878 738//878
f 737//879 348//879 347//879
f 346//880 733//880 738//880
f 733//881 732//882 739//883
f 740//884 741//884 742//884
f 741//885 341//885 349//885
f 348//886 737//886 742//886
f 737//887 736//887 743//887
f 744//888 745//888 746//888
f 745//889 344//889 342//889
f 341//890 741//890 746//890
f 741//891 740//892 747//893
f 748//894 749//894 750//894
f 749//895 614//895 612//895
f 344//896 745//896 750//896
f 745//897 744//897 751//897
f 752//898 753//898 754//898
f 753//899 618//899 616//899
f 614//900 749//900 754//900
f 749//901 748//901 755//901
f 756//902 757//902 758//902
f 757//903 236//685 620//684
f 618//904 753//904 758//904
f 753//905 752//905 759//905
f 760//906 761//907 762//908
f 761//909 232//909 237//909
f 236//910 757//910 762//910
f 757//911 756//911 763//911
f 764//912 765//913 766//914
f 765//915 228//915 233//915
f 232//916 761//917 766//918
f 761//919 760//920 767//921
f 768//922 769//922 770//922
f 769//923 555//923 553//923
f 228//924 765//924 770//924
f 765//925 764//926 771//927
f 772//928 773//928 774//928
f 773//929 561//929 559//929
f 555//930 769//930 774//930
f 769//931 768//932 775//933
f 776//934 777//934 778//934
f 777//935 567//935 565//935
f 561//936 773//936 778//936
f 773//937 772//937 779//937
f 780//938 781//939 782//940
f 781//941 572//596 570//595
f 567//942 777//942 782//942
f 777//943 776//943 783//943
f 784//944 785//945 786//946
f 785//947 576//947 574//947
f 572//948 781//948 786//948
f 781//949 780//949 787//949
f 788//950 789//950 790//950
f 789//951 580//952 578//953
f 576//954 785//954 790//954
f 785//955 784//955 791//955
f 792//956 793//956 794//956
f 793//957 102//957 582//957
f 580//952 789//951 794//958
f 789//959 788//959 795//959
f 796//960 797//960 798//960
f 797//961 105//962 103//963
f 102//964 793//964 798//964
f 793//965 792//965 799//965
f 800//966 801//967 802//968
f 801//969 58//969 106//969
f 105//970 797//970 802//970
f 797//971 796//972 803//973
f 674//974 673//974 804//974
f 673//975 61//975 59//975
f 58//976 801//976 804//976
f 801//977 800//978 805//979
f 388//980 806//980 807//980
f 806//981 670//981 675//981
f 674//982 808//982 807//982
f 808//983 390//983 389//983
f 394//984 809//985 810//986
f 809//987 676//988 679//989
f 670//990 806//990 810//990
f 806//991 388//991 395//991
f 398//992 811//993 812//994
f 811//995 680//995 683//995
f 676//996 809//997 812//998
f 809//999 394//1000 399//1001
f 402//1002 813//1002 814//1002
f 813//1003 684//1003 687//1003
f 680//1004 811//1004 814//1004
f 811//993 398//992 403//1005
f 406//353 815//1006 816//1007
f 815//1006 688//1008 691//1009
f 684//1010 813//1011 816//1012
f 813//1013 402//1013 407//1013
f 410//362 817//1014 818//1015
f 817//1014 692//816 695//1016
f 688//1017 815//1018 818//1019
f 815//1018 406//1020 411//1021
f 414//368 819//1022 820//1023
f 819//1022 696//822 699//828
f 692//827 817//1024 820//1023
f 817//1024 410//371 415//369
f 418//1025 821//1025 822//1025
f 821//1026 700//829 703//835
f 696//834 819//1027 822//1028
f 819//1027 414//379 419//378
f 422//1029 823//1029 824//1029
f 823//1030 704//1031 707//1032
f 700//840 821//1033 824//1034
f 821//1035 418//385 423//384
f 426//1036 825//1036 826//1036
f 825//1037 708//1037 711//1037
f 704//1038 823//1038 826//1038
f 823//1039 422//1039 427//1039
f 430//1040 827//1040 828//1040
f 827//1041 712//1041 715//1041
f 708//1042 825//1042 828//1042
f 825//1043 426//1043 431//1043
f 436//1044 829//1044 830//1044
f 829//1045 716//1046 719//1047
f 712//856 827//1048 830//1049
f 827//1048 430//403 437//402
f 442//1050 831//1050 832//1050
f 831//1051 720//1051 723//1051
f 716//1046 829//1045 832//1052
f 829//1053 436//1053 443//1053
f 448//1054 833//1054 834//1054
f 833//1055 724//1056 727//1057
f 720//1058 831//1058 834//1058
f 831//1059 442//1059 449//1059
f 454//1060 835//1060 836//1060
f 835//1061 728//1061 731//1061
f 724//1056 833//1055 836//1062
f 833//1063 448//1063 455//1063
f 460//1064 837//1064 838//1064
f 837//1065 732//1065 735//1065
f 728//1066 835//1066 838//1066
f 835//1067 454//1067 461//1067
f 465//1068 839//1069 840//1070
f 839//1071 736//1072 739//1073
f 732//1074 837//1074 840//1074
f 837//1075 460//1075 466//1075
f 469//1076 841//1076 842//1076
f 841//1077 740//1077 743//1077
f 736//1078 839//1078 842//1078
f 839//1079 465//1079 470//1079
f 473//1080 843//1080 844//1080
f 843//1081 744//1082 747//1083
f 740//1084 841//1084 844//1084
f 841//1085 469//1085 474//1085
f 477//1086 845//1086 846//1086
f 845//1087 748//1087 751//1087
f 744//1088 843//1088 846//1088
f 843//1089 473//1089 478//1089
f 481//1090 847//1090 848//1090
f 847//1091 752//1091 755//1091
f 748//1092 845//1093 848//1094
f 845//1095 477//1095 482//1095
f 485//1096 849//1096 850//1096
f 849//1097 756//1097 759//1097
f 752//1098 847//1098 850//1098
f 847//1099 481//1099 486//1099
f 489//466 851//1100 852//1101
f 851//1100 760//906 763//1102
f 756//1103 849//1103 852//1103
f 849//1104 485//1104 490//1104
f 493//472 853//1105 854//1106
f 853//1105 764//912 767//1107
f 760//920 851//1108 854//1109
f 851//1108 489//476 494//475
f 497//482 855//1110 856//1111
f 855//1112 768//1113 771//1114
f 764//926 853//1115 856//1116
f 853//1115 493//486 498//485
f 501//1117 857//1117 858//1117
f 857//1118 772//1118 775//1118
f 768//1119 855//1119 858//1119
f 855//1120 497//1120 502//1120
f 505//1121 859//1121 860//1121
f 859//1122 776//1122 779//1122
f 772//1123 857//1123 860//1123
f 857//1124 501//1124 506//1124
f 509//1125 861//1126 862//1127
f 861//1126 780//1128 783//1129
f 776//1130 859//1130 862//1130
f 859//1131 505//1131 510//1131
f 515//1132 863//1132 864//1132
f 863//1133 784//1133 787//1133
f 780//1134 861//1134 864//1134
f 861//1135 509//1135 516//1135
f 521//1136 865//1137 866//1138
f 865//1139 788//1140 791//1141
f 784//1142 863//1142 866//1142
f 863//1143 515//1143 522//1143
f 527//1144 867//1145 868//1146
f 867//1147 792//1147 795//1147
f 788//1140 865//1139 868//1148
f 865//1137 521//1136 528//1149
f 532//1150 869//1150 870//1150
f 869//1151 796//1151 799//1151
f 792//1152 867//1152 870//1152
f 867//1145 527//1144 533//1153
f 536//536 871//1154 872//1155
f 871//1154 800//966 803//1156
f 796//1157 869//1158 872//1159
f 869//1160 532//539 537//537
f 390//1161 808//1162 873//1163
f 808//1162 674//1164 805//1165
f 800//978 871//1166 873//1167
f 871//1166 536//546 539//544
f 3//3 9//49 1//1
f 5//4 3//3 2//2
f 3//3 5//4 6//5
f 9//49 3//3 7//6
f 10//1168 15//1168 8//1168
f 11//1169 10//1169 7//1169
f 10//10 11//15 12//9
f 15//13 10//1170 13//11
f 16//1171 21//1172 14//1173
f 17//1174 16//1174 13//1174
f 16//5 17//4 18//5
f 21//1172 16//1171 19//1175
f 22//1176 27//1176 20//1176
f 23//5 22//20 19//16
f 22//20 23//5 24//5
f 27//1177 22//20 25//19
f 28//24 33//1178 26//22
f 29//5 28//5 25//19
f 28//5 29//5 30//5
f 33//1179 28//1179 31//1179
f 34//29 39//1180 32//27
f 35//1181 34//29 31//28
f 34//33 35//1182 36//31
f 39//1183 34//33 37//32
f 40//1184 45//1184 38//1184
f 41//36 40//4 37//32
f 40//4 41//36 42//37
f 45//1185 40//1185 43//1185
f 46//1186 51//1186 44//1186
f 47//41 46//44 43//38
f 46//44 47//41 48//42
f 51//1187 46//1187 49//1187
f 54//1188 57//1189 52//1190
f 9//49 54//48 53//47
f 54//1191 9//1191 8//1191
f 57//1189 54//1188 55//1192
f 60//1193 66//1193 58//1193
f 62//1194 60//1194 59//1194
f 60//1195 62//1195 63//1195
f 66//57 60//1196 64//55
f 67//1197 72//1198 65//1199
f 68//1200 67//1200 64//1200
f 67//1201 68//1201 69//1201
f 72//1198 67//1197 70//1202
f 75//64 78//106 73//62
f 27//1203 75//64 74//63
f 75//1204 27//1204 26//1204
f 78//1205 75//1205 76//1205
f 79//72 82//1206 77//70
f 33//73 79//1207 76//67
f 79//1208 33//1208 32//1208
f 82//1209 79//1209 80//1209
f 83//1210 86//1210 81//1210
f 39//1211 83//1211 80//1211
f 83//1212 39//1212 38//1212
f 86//1213 83//1213 84//1213
f 89//1214 95//1214 87//1214
f 91//1215 89//1215 88//1215
f 89//1216 91//1216 92//1216
f 95//1217 89//1217 93//1217
f 96//1218 101//1218 94//1218
f 97//87 96//1219 93//85
f 96//1220 97//1220 98//1220
f 101//1221 96//1221 99//1221
f 104//1222 109//1222 102//1222
f 106//1223 104//1223 103//1223
f 104//1224 106//1224 58//1224
f 109//1225 104//94 107//93
f 112//1226 118//1226 110//1226
f 114//1227 112//1227 111//1227
f 112//1228 114//1228 115//1228
f 118//1229 112//1229 116//1229
f 121//1230 124//1230 119//1230
f 72//1231 121//1231 120//1231
f 121//1232 72//1232 71//1232
f 124//1233 121//1233 122//1233
f 127//1234 130//1234 125//1234
f 78//106 127//1235 126//105
f 127//1236 78//1236 77//1236
f 130//112 127//1237 128//110
f 131//113 134//1238 129//111
f 82//114 131//1239 128//108
f 131//1240 82//1240 81//1240
f 134//1241 131//1241 132//1241
f 137//1242 143//1242 135//1242
f 139//1243 137//1243 136//1243
f 137//1244 139//1244 140//1244
f 143//1245 137//1245 141//1245
f 144//1246 149//1246 142//1246
f 145//1247 144//1247 141//1247
f 144//1248 145//1248 146//1248
f 149//1249 144//1249 147//1249
f 152//1250 155//1251 150//1252
f 101//1253 152//1253 151//1253
f 152//1254 101//1254 100//1254
f 155//1251 152//1250 153//1255
f 158//1256 163//1256 156//1256
f 160//1257 158//1257 157//1257
f 158//1258 160//1258 110//1258
f 163//1259 158//1259 161//1259
f 164//1260 167//1260 162//1260
f 118//1261 164//1261 161//1261
f 164//1262 118//1262 117//1262
f 167//138 164//1263 165//136
f 168//139 173//1264 166//137
f 169//1265 168//1265 165//1265
f 168//1266 169//1266 170//1266
f 173//1267 168//1267 171//1267
f 176//1268 181//1268 174//1268
f 177//1269 176//1269 175//1269
f 176//1270 177//1270 178//1270
f 181//1271 176//1271 179//1271
f 182//1272 187//1272 180//1272
f 183//1273 182//1273 179//1273
f 182//1274 183//1274 184//1274
f 187//1275 182//1275 185//1275
f 190//1276 193//1276 188//1276
f 143//1277 190//1277 189//1277
f 190//1278 143//1278 142//1278
f 193//1279 190//1279 191//1279
f 194//1280 197//1280 192//1280
f 149//1281 194//1281 191//1281
f 194//1282 149//1282 148//1282
f 197//1283 194//1283 195//1283
f 200//1284 206//1284 198//1284
f 202//1285 200//1285 199//1285
f 200//1286 202//1286 203//1286
f 206//1287 200//1287 204//1287
f 209//1288 212//1288 207//1288
f 163//1289 209//1289 208//1289
f 209//1290 163//1290 162//1290
f 212//1291 209//1291 210//1291
f 215//1292 221//1292 213//1292
f 217//1293 215//1293 214//1293
f 215//171 217//1294 218//169
f 221//174 215//1295 219//172
f 222//1296 227//1296 220//1296
f 223//176 222//1297 219//170
f 222//1298 223//1298 224//1298
f 227//1299 222//1299 225//1299
f 230//1300 233//1300 228//1300
f 181//1301 230//1301 229//1301
f 230//1302 181//1302 180//1302
f 233//1303 230//1303 231//1303
f 234//1304 237//1304 232//1304
f 187//1305 234//1305 231//1305
f 234//1306 187//1306 186//1306
f 237//1307 234//1307 235//1307
f 240//1308 246//1308 238//1308
f 242//1309 240//1309 239//1309
f 240//1310 242//1310 243//1310
f 246//1311 240//1311 244//1311
f 247//1312 251//1312 245//1312
f 248//1313 247//1313 244//1313
f 247//1314 248//1314 198//1314
f 251//1315 247//1315 249//1315
f 252//1316 255//1316 250//1316
f 206//1317 252//1317 249//1317
f 252//1318 206//1318 205//1318
f 255//1319 252//1319 253//1319
f 258//1320 261//1320 256//1320
f 212//1321 258//1321 257//1321
f 258//1322 212//1322 211//1322
f 261//1323 258//1323 259//1323
f 264//1324 267//1324 262//1324
f 221//1325 264//1325 263//1325
f 264//209 221//1326 220//207
f 267//1327 264//1327 265//1327
f 268//1328 271//1328 266//1328
f 227//1329 268//1329 265//1329
f 268//1330 227//1330 226//1330
f 271//1331 268//1331 269//1331
f 274//1332 280//1332 272//1332
f 276//1333 274//1333 273//1333
f 274//1334 276//1334 277//1334
f 280//220 274//1335 278//218
f 281//223 286//269 279//221
f 282//1336 281//1336 278//1336
f 281//1337 282//1337 283//1337
f 286//1338 281//1338 284//1338
f 289//1339 292//1339 287//1339
f 246//1340 289//1340 288//1340
f 289//1341 246//1341 245//1341
f 292//1342 289//1342 290//1342
f 293//1343 296//1343 291//1343
f 251//1344 293//1344 290//1344
f 293//1345 251//1345 250//1345
f 296//1346 293//1346 294//1346
f 297//1347 300//1347 295//1347
f 255//1348 297//1348 294//1348
f 297//1349 255//1349 254//1349
f 300//1350 297//1350 298//1350
f 303//242 309//296 301//241
f 305//1351 303//246 302//1352
f 303//246 305//1351 306//244
f 309//296 303//242 307//242
f 310//249 315//1353 308//248
f 311//1354 310//1354 307//1354
f 310//1355 311//1355 312//1355
f 315//1353 310//249 313//249
f 316//254 320//259 314//253
f 317//1354 316//1354 313//1354
f 316//1356 317//1356 272//1356
f 320//259 316//254 318//257
f 321//260 324//264 319//258
f 280//220 321//260 318//257
f 321//260 280//220 279//219
f 324//264 321//260 322//262
f 325//267 328//314 323//265
f 286//1357 325//1357 322//1357
f 325//1358 286//1358 285//1358
f 328//273 325//1359 326//271
f 329//276 334//281 327//274
f 330//1360 329//1361 326//1362
f 329//1361 330//1360 331//1363
f 334//281 329//276 332//279
f 335//282 340//1364 333//280
f 336//1365 335//1365 332//1365
f 335//1366 336//1366 337//1366
f 340//1367 335//1367 338//1367
f 343//288 349//1368 341//286
f 345//1369 343//1369 342//1369
f 343//1370 345//1370 346//1370
f 349//293 343//1371 347//291
f 352//295 355//5 350//4
f 309//296 352//295 351//294
f 352//1372 309//1372 308//1372
f 355//5 352//295 353//5
f 356//300 359//5 354//299
f 315//301 356//298 353//298
f 356//1373 315//1373 314//1373
f 359//5 356//300 357//302
f 360//303 363//1182 358//16
f 320//259 360//303 357//302
f 360//303 320//259 319//258
f 363//1374 360//1374 361//1374
f 364//307 367//306 362//305
f 324//310 364//1375 361//308
f 364//1375 324//310 323//1376
f 367//1377 364//1377 365//1377
f 368//312 371//5 366//5
f 328//1378 368//1378 365//1378
f 368//1379 328//1379 327//1379
f 371//5 368//312 369//315
f 372//305 375//320 370//306
f 334//1380 372//1380 369//1380
f 372//319 334//1381 333//317
f 375//320 372//305 373//320
f 376//1382 379//5 374//1182
f 340//1383 376//1383 373//1383
f 376//1384 340//1384 339//1384
f 379//5 376//1382 377//299
f 380//5 385//4 378//5
f 381//1385 380//1385 377//1385
f 380//1386 381//1386 382//1386
f 385//4 380//5 383//4
f 386//1387 391//1387 8//1387
f 387//1388 386//1388 15//1388
f 386//1389 387//1389 388//1389
f 391//1390 386//1390 389//1390
f 392//1391 387//1391 14//1391
f 393//1392 392//1392 21//1392
f 392//334 393//1393 394//332
f 387//1394 392//1394 395//1394
f 396//1395 393//1395 20//1395
f 397//339 396//1396 74//337
f 396//1397 397//1397 398//1397
f 393//343 396//1398 399//341
f 400//345 397//339 73//338
f 401//1399 400//1399 126//1399
f 400//1400 401//1400 402//1400
f 397//1401 400//1401 403//1401
f 404//1402 401//1402 125//1402
f 405//352 404//1403 130//350
f 404//1404 405//1404 406//1404
f 401//358 404//1405 407//356
f 408//360 405//352 129//351
f 409//1406 408//1406 134//1406
f 408//364 409//1407 410//362
f 405//1408 408//1408 411//1408
f 412//1409 409//1409 133//1409
f 413//1410 412//1410 132//1410
f 412//370 413//1411 414//368
f 409//372 412//370 415//369
f 416//1412 413//1412 81//1412
f 417//1413 416//1413 86//1413
f 416//1414 417//1414 418//1414
f 413//380 416//1415 419//378
f 420//1416 417//1416 85//1416
f 421//1417 420//1417 84//1417
f 420//1418 421//1418 422//1418
f 417//1419 420//1419 423//1419
f 424//1420 421//1420 38//1420
f 425//1421 424//389 45//388
f 424//1422 425//1422 426//1422
f 421//1423 424//1423 427//1423
f 428//1424 425//1424 44//1424
f 429//1425 428//1425 51//1425
f 428//1426 429//1426 430//1426
f 425//1427 428//1427 431//1427
f 433//1428 429//1428 50//1428
f 435//1429 433//401 432//1430
f 433//401 435//1429 436//399
f 429//404 433//1431 437//402
f 439//1432 435//1432 434//1432
f 441//1433 439//1433 438//1433
f 439//409 441//1434 442//407
f 435//411 439//409 443//408
f 445//1435 441//1435 440//1435
f 447//1436 445//1436 444//1436
f 445//414 447//1437 448//414
f 441//418 445//1438 449//416
f 451//1439 447//1439 446//1439
f 453//1440 451//1440 450//1440
f 451//1441 453//1441 454//1441
f 447//426 451//1442 455//424
f 457//428 453//422 452//421
f 459//1443 457//1443 456//1443
f 457//1444 459//1444 460//1444
f 453//1445 457//432 461//431
f 463//1446 459//1446 458//1446
f 464//1447 463//1447 462//1447
f 463//1448 464//1448 465//1448
f 459//1449 463//1449 466//1449
f 467//1450 464//1451 382//1452
f 468//1453 467//1453 381//1453
f 467//1454 468//1454 469//1454
f 464//1451 467//1450 470//1455
f 471//1456 468//1456 339//1456
f 472//1457 471//444 338//443
f 471//1458 472//1458 473//1458
f 468//1459 471//448 474//447
f 475//1460 472//1460 337//1460
f 476//1461 475//1461 336//1461
f 475//1462 476//1462 477//1462
f 472//1463 475//1463 478//1463
f 479//1464 476//1464 331//1464
f 480//1465 479//1465 330//1465
f 479//1466 480//1466 481//1466
f 476//1467 479//1467 482//1467
f 483//1468 480//1468 285//1468
f 484//1469 483//1469 284//1469
f 483//1470 484//1470 485//1470
f 480//1471 483//462 486//461
f 487//1472 484//1472 283//1472
f 488//1473 487//1473 282//1473
f 487//468 488//1474 489//466
f 484//1475 487//1475 490//1475
f 491//1476 488//1476 277//1476
f 492//1477 491//1477 276//1477
f 491//474 492//1478 493//472
f 488//477 491//1479 494//475
f 495//1480 492//1480 275//1480
f 496//481 495//1481 273//479
f 495//1482 496//1482 497//1482
f 492//487 495//1483 498//485
f 499//1484 496//1484 272//1484
f 500//1485 499//1485 317//1485
f 499//1486 500//1486 501//1486
f 496//1487 499//1487 502//1487
f 503//1488 500//1488 312//1488
f 504//1489 503//1489 311//1489
f 503//1490 504//1490 505//1490
f 500//1491 503//1491 506//1491
f 507//1492 504//1492 306//1492
f 508//499 507//1493 305//497
f 507//502 508//1494 509//500
f 504//1495 507//1495 510//1495
f 512//1496 508//1496 304//1496
f 514//508 512//506 511//505
f 512//1497 514//518 515//517
f 508//1498 512//1498 516//1498
f 518//512 514//508 513//507
f 520//514 518//512 517//511
f 518//1499 520//527 521//526
f 514//1500 518//1500 522//1500
f 524//520 520//514 519//513
f 526//522 524//520 523//519
f 524//1501 526//1501 527//1501
f 520//527 524//525 528//524
f 530//528 526//522 525//521
f 531//1502 530//1503 529//1504
f 530//1503 531//1502 532//1505
f 526//1506 530//1506 533//1506
f 534//534 531//1507 52//532
f 535//1508 534//534 57//533
f 534//538 535//1509 536//536
f 531//540 534//538 537//537
f 538//1510 535//1510 56//1510
f 391//1511 538//1511 55//1511
f 538//545 391//1512 390//543
f 535//547 538//545 539//544
f 540//1513 542//1514 58//1515
f 541//1516 540//1516 66//1516
f 540//1517 541//1517 115//1517
f 542//1514 540//1513 114//1518
f 543//1519 541//1519 65//1519
f 544//1520 543//1521 120//1522
f 543//1521 544//1520 117//1523
f 541//1522 543//556 116//555
f 545//1524 544//1524 119//1524
f 546//561 545//1525 124//559
f 545//1526 546//1526 170//1526
f 544//1527 545//1527 169//1527
f 547//1528 546//1529 123//1530
f 548//567 547//1531 175//565
f 547//1532 548//1532 172//1532
f 546//1529 547//1528 171//1533
f 549//1534 548//1534 174//1534
f 550//1535 549//1535 229//1535
f 549//574 550//581 551//572
f 548//1536 549//574 552//573
f 554//1537 550//1537 228//1537
f 556//1538 554//1539 553//1540
f 554//1539 556//1538 557//1541
f 550//581 554//581 558//581
f 560//1542 556//1542 555//1542
f 562//1543 560//1543 559//1543
f 560//1544 562//1544 563//1544
f 556//1545 560//1545 564//1545
f 566//1546 562//1546 561//1546
f 568//1547 566//1547 565//1547
f 566//1548 568//1548 260//1548
f 562//1549 566//590 569//589
f 571//1550 568//1550 567//1550
f 573//597 571//1551 570//595
f 571//1552 573//1552 256//1552
f 568//1553 571//1553 261//1553
f 575//1554 573//1554 572//1554
f 577//1555 575//1555 574//1555
f 575//604 577//1556 207//602
f 573//1557 575//1557 257//1557
f 579//1558 577//1558 576//1558
f 581//1559 579//1559 578//1559
f 579//1560 581//1560 156//1560
f 577//1561 579//1561 208//1561
f 583//613 581//609 580//608
f 584//1562 583//1562 582//1562
f 583//1563 584//1563 159//1563
f 581//1564 583//1564 157//1564
f 585//619 584//1565 102//617
f 586//1566 585//619 109//618
f 585//1567 586//1567 110//1567
f 584//1565 585//619 160//1568
f 587//1569 586//1569 108//1569
f 542//1570 587//1570 107//1570
f 587//1571 542//1571 113//1571
f 586//628 587//1572 111//626
f 588//1573 593//1573 87//1573
f 589//1574 588//1574 95//1574
f 588//633 589//1575 590//631
f 593//636 588//1576 591//634
f 594//1577 589//1577 94//1577
f 595//1578 594//1578 151//1578
f 594//1579 595//1579 201//1579
f 589//642 594//1580 596//640
f 597//1581 595//1581 150//1581
f 598//1582 597//1582 155//1582
f 597//1583 598//1583 203//1583
f 595//1584 597//647 202//646
f 600//1585 598//1585 154//1585
f 602//1586 600//1586 599//1586
f 600//1587 602//1587 205//1587
f 598//1588 600//1588 204//1588
f 604//656 602//652 601//651
f 606//658 604//656 603//655
f 604//661 606//1589 254//659
f 602//1590 604//1590 253//1590
f 608//1591 606//658 605//657
f 609//1592 608//1592 607//1592
f 608//1593 609//1593 299//1593
f 606//1594 608//1594 298//1594
f 610//1595 609//1595 346//1595
f 611//1596 610//1596 345//1596
f 610//1597 611//1597 295//1597
f 609//1598 610//1598 300//1598
f 613//1599 611//1599 344//1599
f 615//1600 613//1600 612//1600
f 613//1601 615//1601 291//1601
f 611//1602 613//1602 296//1602
f 617//1603 615//1603 614//1603
f 619//680 617//1604 616//678
f 617//1605 619//1605 287//1605
f 615//1606 617//1606 292//1606
f 621//1607 619//1607 618//1607
f 622//1608 621//1608 620//1608
f 621//1609 622//1609 238//1609
f 619//1610 621//1610 288//1610
f 623//1611 622//1611 236//1611
f 624//692 623//1612 235//690
f 623//1613 624//1613 241//1613
f 622//696 623//1614 239//694
f 625//1615 624//1615 186//1615
f 626//1616 625//1616 185//1616
f 625//701 626//713 627//699
f 624//1617 625//701 628//700
f 630//1618 626//1618 184//1618
f 632//708 630//711 629//706
f 630//711 632//708 633//709
f 626//713 630//1619 634//712
f 636//716 632//722 631//714
f 593//636 636//719 635//1620
f 636//719 593//636 592//635
f 632//722 636//716 637//720
f 638//1621 640//1621 243//1621
f 639//726 638//1622 242//724
f 638//1623 639//1623 188//1623
f 640//1624 638//1624 193//1624
f 641//1625 639//1625 241//1625
f 642//730 641//1626 628//700
f 641//1627 642//1627 135//1627
f 639//1628 641//1628 189//1628
f 643//733 642//730 627//699
f 644//734 643//1629 634//710
f 643//1630 644//1630 138//1630
f 642//1631 643//1631 136//1631
f 645//737 644//1632 633//721
f 646//738 645//1633 637//718
f 645//1634 646//1634 140//1634
f 644//1635 645//1635 139//1635
f 647//741 646//738 592//635
f 648//742 647//1636 591//632
f 647//1637 648//1637 146//1637
f 646//1638 647//1638 145//1638
f 649//745 648//1639 590//641
f 650//1640 649//1640 596//1640
f 649//1641 650//1641 148//1641
f 648//1642 649//1642 147//1642
f 651//1643 650//1643 201//1643
f 652//1644 651//1644 199//1644
f 651//1645 652//1645 196//1645
f 650//1646 651//1646 195//1646
f 653//1647 652//1647 198//1647
f 640//1648 653//1648 248//1648
f 653//1649 640//1649 192//1649
f 652//1650 653//1650 197//1650
f 654//1651 656//1651 162//1651
f 655//760 654//1652 167//758
f 654//763 655//763 218//761
f 656//1653 654//1653 217//1653
f 657//766 655//760 166//759
f 658//1654 657//1654 173//1654
f 657//1655 658//1655 224//1655
f 655//763 657//769 223//769
f 659//1656 658//1656 172//1656
f 660//771 659//1657 552//573
f 659//1658 660//1658 226//1658
f 658//1659 659//1659 225//1659
f 661//774 660//771 551//572
f 662//1660 661//1660 558//1660
f 661//1661 662//1661 270//1661
f 660//1662 661//1662 269//1662
f 663//1663 662//1663 557//1663
f 664//1664 663//1664 564//1664
f 663//1665 664//1665 266//1665
f 662//1666 663//1666 271//1666
f 665//1667 664//1667 563//1667
f 666//1668 665//1668 569//1668
f 665//1669 666//1669 262//1669
f 664//1670 665//1670 267//1670
f 667//1671 666//1671 260//1671
f 668//1672 667//1672 259//1672
f 667//1673 668//1673 213//1673
f 666//1674 667//1674 263//1674
f 669//1675 668//1675 211//1675
f 656//1676 669//1676 210//1676
f 669//1677 656//1677 216//1677
f 668//1678 669//1678 214//1678
f 672//1679 675//1679 670//1679
f 62//1680 672//1680 671//1680
f 672//1681 62//1681 61//1681
f 675//1682 672//1682 673//1682
f 678//1683 679//1683 676//1683
f 68//1684 678//1684 677//1684
f 678//1685 68//1685 63//1685
f 679//1686 678//1686 671//1686
f 682//1687 683//1687 680//1687
f 70//1688 682//1688 681//1688
f 682//1689 70//1689 69//1689
f 683//1690 682//1690 677//1690
f 686//1691 687//1691 684//1691
f 122//1692 686//1692 685//1692
f 686//1693 122//1693 71//1693
f 687//1694 686//1694 681//1694
f 690//1695 691//1009 688//1008
f 177//1696 690//1696 689//1696
f 690//1697 177//1697 123//1697
f 691//1698 690//1698 685//1698
f 694//818 695//1016 692//816
f 183//1699 694//1699 693//1699
f 694//1700 183//1700 178//1700
f 695//1701 694//1701 689//1701
f 698//824 699//828 696//822
f 629//706 698//824 697//823
f 698//1702 629//704 184//703
f 699//828 698//824 693//826
f 702//831 703//835 700//829
f 635//715 702//831 701//830
f 702//831 635//715 631//714
f 703//835 702//831 697//833
f 706//1703 707//1032 704//1031
f 88//1704 706//1704 705//1704
f 706//1705 88//1705 87//1705
f 707//841 706//1706 701//839
f 710//1707 711//1707 708//1707
f 91//1708 710//1708 709//1708
f 710//1709 91//1709 90//1709
f 711//1710 710//1710 705//1710
f 714//1711 715//1711 712//1711
f 97//1712 714//1712 713//1712
f 714//1713 97//1713 92//1713
f 715//1714 714//1714 709//1714
f 718//1715 719//1715 716//1715
f 99//1716 718//1716 717//1716
f 718//1717 99//1717 98//1717
f 719//1718 718//1718 713//1718
f 722//1719 723//1719 720//1719
f 153//1720 722//1720 721//1720
f 722//1721 153//1721 100//1721
f 723//1722 722//1722 717//1722
f 726//864 727//1723 724//862
f 599//1724 726//1724 725//1724
f 726//1725 599//1725 154//1725
f 727//1726 726//1726 721//1726
f 730//1727 731//1727 728//1727
f 603//1728 730//1728 729//1728
f 730//872 603//1729 601//870
f 731//873 730//1730 725//863
f 734//1731 735//1731 732//1731
f 607//1732 734//1732 733//1732
f 734//1733 607//1733 605//1733
f 735//1734 734//1734 729//1734
f 738//1735 739//1735 736//1735
f 347//1736 738//1736 737//1736
f 738//1737 347//1737 346//1737
f 739//883 738//1738 733//881
f 742//1739 743//1739 740//1739
f 349//1740 742//1740 741//1740
f 742//1741 349//1741 348//1741
f 743//1742 742//1742 737//1742
f 746//1743 747//1083 744//1082
f 342//1744 746//1744 745//1744
f 746//1745 342//1745 341//1745
f 747//1746 746//1746 741//1746
f 750//1747 751//1747 748//1747
f 612//1748 750//1749 749//1750
f 750//1749 612//1748 344//1751
f 751//1752 750//1752 745//1752
f 754//1753 755//1753 752//1753
f 616//1754 754//1754 753//1754
f 754//1755 616//1755 614//1755
f 755//1756 754//1756 749//1756
f 758//1757 759//1757 756//1757
f 620//1758 758//1758 757//1758
f 758//1759 620//1759 618//1759
f 759//1760 758//1760 753//1760
f 762//908 763//1102 760//906
f 237//1761 762//1761 761//1761
f 762//1762 237//1762 236//1762
f 763//1763 762//1763 757//1763
f 766//914 767//1107 764//912
f 233//1764 766//1764 765//1764
f 766//918 233//1765 232//916
f 767//921 766//1766 761//919
f 770//1767 771//1114 768//1113
f 553//1768 770//1768 769//1768
f 770//1769 553//577 228//576
f 771//927 770//1770 765//925
f 774//1771 775//1771 772//1771
f 559//1772 774//1772 773//1772
f 774//1773 559//1773 555//1773
f 775//1774 774//1774 769//1774
f 778//1775 779//1775 776//1775
f 565//1776 778//1776 777//1776
f 778//1777 565//1777 561//1777
f 779//1778 778//1778 773//1778
f 782//1779 783//1129 780//1128
f 570//1780 782//940 781//939
f 782//1781 570//593 567//592
f 783//1782 782//1782 777//1782
f 786//1783 787//1783 784//1783
f 574//1784 786//946 785//945
f 786//1785 574//1785 572//1785
f 787//1786 786//1786 781//1786
f 790//1787 791//1787 788//1787
f 578//1788 790//1788 789//1788
f 790//1789 578//1789 576//1789
f 791//1790 790//1790 785//1790
f 794//1791 795//1792 792//1793
f 582//1794 794//1794 793//1794
f 794//1795 582//1795 580//1795
f 795//1792 794//1791 789//1796
f 798//1797 799//1797 796//1797
f 103//963 798//1798 797//961
f 798//1799 103//1799 102//1799
f 799//1800 798//1800 793//1800
f 802//968 803//1156 800//966
f 106//1801 802//1801 801//1801
f 802//1802 106//1802 105//1802
f 803//973 802//1803 797//971
f 804//1804 805//1165 674//1164
f 59//1805 804//1806 673//1807
f 804//1806 59//1805 58//1808
f 805//979 804//1809 801//977
f 807//1810 389//1810 388//1810
f 675//1811 807//1811 806//1811
f 807//1812 675//1812 674//1812
f 389//1813 807//1813 808//1813
f 810//986 395//1814 394//984
f 679//989 810//1815 809//987
f 810//1816 679//1816 670//1816
f 395//1817 810//1817 806//1817
f 812//1818 399//1818 398//1818
f 683//1819 812//1819 811//1819
f 812//998 683//1820 676//996
f 399//1001 812//1821 809//999
f 814//1822 403//1822 402//1822
f 687//1823 814//1823 813//1823
f 814//1824 687//1824 680//1824
f 403//1825 814//1825 811//1825
f 816//1007 407//354 406//353
f 691//1009 816//1007 815//1006
f 816//1826 691//815 684//814
f 407//1827 816//1012 813//1011
f 818//1015 411//363 410//362
f 695//1016 818//1015 817//1014
f 818//1019 695//1828 688//1017
f 411//1021 818//1019 815//1018
f 820//1023 415//369 414//368
f 699//828 820//1023 819//1022
f 820//1023 699//828 692//827
f 415//369 820//1023 817//1024
f 822//1829 419//376 418//375
f 703//835 822//1028 821//1026
f 822//1028 703//835 696//834
f 419//378 822//1028 819//1027
f 824//1830 423//1830 422//1830
f 707//1032 824//1831 823//1030
f 824//1034 707//841 700//840
f 423//1832 824//1832 821//1832
f 826//1833 427//1833 426//1833
f 711//1834 826//1834 825//1834
f 826//1835 711//847 704//846
f 427//1836 826//1836 823//1836
f 828//1837 431//1837 430//1837
f 715//1838 828//1838 827//1838
f 828//1839 715//1839 708//1839
f 431//1840 828//1840 825//1840
f 830//1841 437//400 436//399
f 719//1842 830//1842 829//1842
f 830//1049 719//857 712//856
f 437//402 830//1049 827//1048
f 832//1843 443//1843 442//1843
f 723//1844 832//1844 831//1844
f 832//1845 723//1845 716//1845
f 443//1846 832//1846 829//1846
f 834//1847 449//1847 448//1847
f 727//1057 834//1848 833//1055
f 834//1849 727//1849 720//1849
f 449//1850 834//1850 831//1850
f 836//1851 455//1852 454//1853
f 731//1854 836//1854 835//1854
f 836//1062 731//1855 724//1056
f 455//1852 836//1851 833//1856
f 838//1857 461//1857 460//1857
f 735//1858 838//1858 837//1858
f 838//1859 735//1859 728//1859
f 461//1860 838//1860 835//1860
f 840//1070 466//1861 465//1068
f 739//1073 840//1862 839//1071
f 840//1863 739//1863 732//1863
f 466//1864 840//1864 837//1864
f 842//1865 470//1865 469//1865
f 743//1866 842//1866 841//1866
f 842//1867 743//1867 736//1867
f 470//1868 842//1868 839//1868
f 844//1869 474//1870 473//1871
f 747//1872 844//1872 843//1872
f 844//1873 747//893 740//892
f 474//1870 844//1869 841//1874
f 846//1875 478//1875 477//1875
f 751//1876 846//1876 845//1876
f 846//1877 751//1877 744//1877
f 478//1878 846//1878 843//1878
f 848//1879 482//1879 481//1879
f 755//1880 848//1880 847//1880
f 848//1881 755//1881 748//1881
f 482//1882 848//1094 845//1093
f 850//1883 486//1884 485//1885
f 759//1886 850//1886 849//1886
f 850//1887 759//1887 752//1887
f 486//1884 850//1883 847//1888
f 852//1101 490//467 489//466
f 763//1102 852//1101 851//1100
f 852//1889 763//1889 756//1889
f 490//1890 852//1890 849//1890
f 854//1106 494//473 493//472
f 767//1107 854//1106 853//1105
f 854//1109 767//921 760//920
f 494//475 854//1109 851//1108
f 856//1111 498//483 497//482
f 771//1891 856//1111 855//1110
f 856//1116 771//927 764//926
f 498//485 856//1116 853//1115
f 858//1892 502//1892 501//1892
f 775//1893 858//1893 857//1893
f 858//1894 775//933 768//932
f 502//1895 858//1895 855//1895
f 860//1896 506//1896 505//1896
f 779//1897 860//1897 859//1897
f 860//1898 779//1898 772//1898
f 506//1899 860//1899 857//1899
f 862//1900 510//501 509//500
f 783//1129 862//1127 861//1126
f 862//1901 783//1901 776//1901
f 510//1902 862//1902 859//1902
f 864//1903 516//1903 515//1903
f 787//1904 864//1904 863//1904
f 864//1905 787//1905 780//1905
f 516//1906 864//1906 861//1906
f 866//1907 522//1907 521//1907
f 791//1141 866//1908 865//1139
f 866//1909 791//1909 784//1909
f 522//1910 866//1910 863//1910
f 868//1911 528//1149 527//1912
f 795//1913 868//1913 867//1913
f 868//1148 795//1914 788//1140
f 528//1149 868//1911 865//1137
f 870//1915 533//1915 532//1915
f 799//1916 870//1916 869//1916
f 870//1917 799//1917 792//1917
f 533//1918 870//1918 867//1918
f 872//1155 537//537 536//536
f 803//1156 872//1155 871//1154
f 872//1919 803//973 796//972
f 537//1920 872//1159 869//1158
f 873//1167 539//544 390//543
f 805//1165 873//1163 808//1162
f 873//1167 805//979 800//978
f 539//544 873//1167 871//1166
# Vertices: 873, normals: 1920, texture coordinates: 0, faces: 1680

