# Made in Blockbench 5.0.4
mtllib Mountain_desert_007.mtl

o Mountain_desert_007
v 2564.5002 -0.00003770106 -862.49963
v 2564.5002 -0.000043984568 -1006.24963
v 2367.231 -0.000043984568 -1006.24963
v 2564.5002 -0.000050268078 -1149.9996
v 2367.231 -0.000050268078 -1149.9996
v 2169.9614 -0.000050268078 -1149.9996
v 2169.9614 -0.00004398457 -1006.2497
v 2169.9614 -0.00003770106 -862.4997
v 2367.231 -0.00003770106 -862.49963
v 1972.6923 -0.00004398457 -1006.2497
v 1972.6923 -0.000050268085 -1149.9998
v 1775.4231 -0.000050268085 -1149.9998
v 1775.4231 -0.000043984575 -1006.2497
v 1775.4231 -0.000037825488 -865.3463
v 1972.6923 -0.00003770106 -862.4997
v 1578.1539 -0.000043984575 -1006.2497
v 1578.1539 -0.000050268085 -1149.9998
v 1380.8846 -0.000050268085 -1149.9998
v 1380.8846 -0.000043984575 -1006.2498
v 1380.8848 -0.000038572056 -882.4258
v 1578.1539 -0.00003819877 -873.886
v 1183.6155 -0.000043984575 -1006.2498
v 1183.6154 -0.000050268092 -1149.9998
v 986.34625 -0.000050268092 -1149.9998
v 994.2846 -0.00004398458 -1006.2498
v 1000.2385 -0.00003857206 -882.4259
v 1183.6154 -0.000038696486 -885.2724
v 820.8308 -0.00004398458 -1006.2498
v 789.077 -0.000050268092 -1149.9998
v 591.8078 -0.000050268092 -1149.9998
v 639.4386 -0.00004398458 -1006.2498
v 681.98883 30.803076 -864.3216
v 844.64624 -0.000038198777 -873.8861
v 426.29242 -0.000043984583 -1006.2499
v 394.53857 -0.000050268096 -1150
v 197.26933 -0.000050268096 -1150
v 205.2078 -0.000044375935 -1015.203
v 209.17702 48.129826 -911.8671
v 442.16937 48.129826 -898.4374
v 0.000096311895 -0.000045549994 -1042.0624
v 0.00011261001 -0.000050268096 -1150
v -197.26912 -0.000050268096 -1150
v -197.26912 -0.00004672405 -1068.9215
v -197.26913 48.12982 -992.44507
v 0.000080829064 48.129826 -952.15607
v -394.53836 -0.0000471154 -1077.8748
v -394.53833 -0.000050268096 -1150
v -591.80756 -0.000050268103 -1150.0001
v -591.80756 -0.000046724053 -1068.9218
v -591.8076 48.12982 -992.44507
v -394.53836 48.12982 -1005.87463
v -789.0768 -0.000045549998 -1042.0625
v -789.0768 -0.000050268103 -1150.0001
v -986.34595 -0.000050268103 -1150.0001
v -937.0287 48.12982 -1015.2032
v -898.67084 85.56416 -950.264
v -789.0768 48.129826 -952.1562
v -984.6635 370.82248 -873.3281
v -1035.6635 367.3045 -1006.2502
v -1183.6154 506.62094 -1006.2502
v -1074.0212 346.7566 -1086.1112
v -1183.6154 443.29327 -1114.0626
v -1380.8846 496.48547 -1114.0627
v -1380.8846 567.4119 -1006.2502
v -1380.8844 543.839 -876.88153
v -1183.6154 490.64685 -878.93604
v -1578.1536 506.62094 -1006.2502
v -1578.1536 443.29327 -1114.0627
v -1687.7479 346.7566 -1086.1112
v -1726.1055 367.3045 -1006.2502
v -1775.4229 370.76038 -866.4893
v -1578.1536 490.64685 -870.7181
v -1863.0981 85.56416 -957.56244
v -1824.7402 48.12982 -1017.9403
v -1972.6921 -0.000046028537 -1053.0103
v -1775.4229 -0.000050268107 -1150.0002
v -1972.6921 -0.000050268107 -1150.0002
v -2169.9612 -0.000050268114 -1150.0004
v -2169.9612 -0.000047561505 -1088.0804
v -2169.961 48.12982 -1021.1828
v -1972.6919 48.129826 -968.57776
v -2367.2305 -0.000048072492 -1099.7704
v -2367.2305 -0.000050268114 -1150.0004
v -2564.4998 -0.000050268114 -1150.0004
v -2564.4998 -0.000048072492 -1099.7704
v -2564.4998 -0.000043832923 -1002.78033
v -2367.2305 48.12982 -1038.7179
v 2564.4998 -0.000026101003 -597.12134
v 2564.4998 -0.00003141754 -718.74963
v 2367.2307 -0.00003141754 -718.74963
v 2169.9614 -0.000031417545 -718.7497
v 2169.9614 -0.00002598013 -594.3561
v 2367.2307 -0.000026101003 -597.12134
v 1972.6923 -0.000031417545 -718.7497
v 1775.4231 -0.00003191526 -730.136
v 1775.4231 -0.000026001473 -594.84436
v 1972.6923 -0.000025617519 -586.06055
v 1578.1539 -0.000033408392 -764.2949
v 1380.8846 -0.000034901528 -798.45386
v 1381.4663 30.803085 -704.348
v 1578.1539 -0.0000281203 -643.3175
v 1183.6154 -0.000035399236 -809.8401
v 1002.223 -0.000034901528 -798.4539
v 1000.2385 48.129833 -730.4934
v 1183.6154 48.129833 -747.5728
v 852.5847 -0.000033408396 -764.295
v 736.38666 48.129833 -730.13617
v 753.57526 85.56418 -669.2522
v 844.64624 48.129837 -679.2551
v 600.6721 389.49335 -599.846
v 558.3673 336.90903 -718.7499
v 394.53848 385.0389 -718.75
v 528.83 299.4747 -798.61115
v 402.477 336.909 -826.5624
v 199.2539 336.90903 -828.8008
v 197.26927 385.0389 -718.75
v 197.24275 421.90918 -575.0243
v 394.49698 442.6488 -610.9754
v 0.000039863684 385.0389 -718.75
v 0.000053680105 336.909 -835.5156
v -194.64014 336.90903 -842.5296
v -186.75304 385.0389 -719.94653
v -178.86592 385.03894 -577.0938
v 0.000023880077 385.0389 -575
v -352.4738 385.0389 -723.5361
v -384.02225 336.909 -845.66516
v -576.0333 336.81198 -846.07983
v -528.7107 384.65076 -734.14703
v -472.37067 406.47345 -596.50586
v -320.92535 385.0389 -583.37555
v -747.0122 383.4863 -756.40784
v -778.56067 336.52087 -844.9302
v -975.8299 397.5196 -777.47205
v -970.6132 437.8808 -699.0584
v -726.02136 426.34042 -667.46204
v -1183.6154 442.72467 -784.4936
v -1380.8844 473.12018 -776.27563
v -1380.9259 459.4583 -697.26373
v -1183.6566 451.85944 -709.59064
v -1578.1536 442.72467 -751.6219
v -1775.4229 397.13144 -731.99207
v -1775.4642 440.86768 -630.8383
v -1578.1952 451.85944 -660.28314
v -1972.6921 381.9337 -738.8459
v -1972.6919 336.1327 -843.2767
v -2169.961 336.1327 -855.8122
v -2169.9614 381.9337 -753.9175
v -2170.0024 439.50754 -663.72656
v -1972.7335 438.28793 -641.119
v -2367.2307 381.9337 -758.9415
v -2367.2305 336.1327 -859.9906
v -2476.8245 298.2671 -850.6102
v -2515.1826 334.192 -765.6076
v -2525.498 387.55493 -633.9664
v -2367.272 439.91412 -671.26245
v 2564.4998 -0.00001836882 -420.2296
v 2564.4998 -0.000022718395 -519.7363
v 2367.2307 -0.000022718395 -519.7363
v 2169.9614 -0.000022234912 -508.67548
v 2169.9614 48.12985 -439.57596
v 2367.2307 48.129845 -456.16718
v 1972.6923 -0.00002078446 -475.49304
v 1775.4231 -0.00001983172 -453.69687
v 1776.3319 48.129852 -342.87503
v 1972.6921 48.12985 -389.80222
v 1578.1539 -0.000020841368 -476.79492
v 1433.8376 48.129845 -499.5675
v 1478.2551 85.56419 -381.75214
v 1581.7896 48.129852 -334.82355
v 1337.6396 548.9058 -285.04315
v 1334.9132 548.90576 -431.51526
v 1183.2839 619.11804 -431.55322
v 1294.5676 541.619 -511.34695
v 1183.3256 589.85815 -539.3279
v 986.056 650.49774 -539.3279
v 986.01465 688.4204 -431.55328
v 986.01465 688.42053 -287.80322
v 1183.2839 619.11804 -287.80316
v 788.7454 765.28015 -431.55328
v 788.7868 717.75 -539.3279
v 591.51746 770.6688 -539.3279
v 591.47614 825.7589 -431.55328
v 591.60986 854.6528 -287.84207
v 788.7454 765.28015 -287.80325
v 394.20688 845.91846 -431.55338
v 394.24832 788.30853 -539.32794
v 284.68665 743.50085 -511.3471
v 246.29645 788.30853 -431.51544
v 197.09792 834.11206 -310.81787
v 394.4159 882.1174 -323.80142
v 109.52034 487.33368 -351.4563
v 147.91048 442.64883 -431.2879
v 0.000004081783 385.0389 -431.25
v -176.23691 385.0389 -433.643
v -178.9074 438.8363 -325.56934
v -0.041455064 442.37238 -323.4754
v -310.4092 385.0389 -440.82208
v -416.33792 415.74274 -445.646
v -406.0554 445.17255 -362.62375
v -320.9668 428.78107 -331.85104
v -580.2008 691.475 -312.15802
v -620.38275 625.5425 -433.9085
v -789.40845 732.97675 -431.55347
v -647.02386 616.2515 -518.722
v -778.8509 689.7876 -548.7424
v -984.83496 805.5973 -561.71344
v -937.15137 838.0603 -431.61407
v -898.6309 853.6411 -351.80008
v -789.1994 791.5282 -323.80154
v -985.13965 1100.7849 -288.2495
v -1034.5321 1069.1812 -431.9776
v -1182.275 1203.8123 -432.03827
v -1073.0525 1066.8097 -511.79156
v -1182.484 1157.7463 -539.79016
v -1379.318 1314.1047 -561.25433
v -1329.6649 1350.3668 -432.424
v -1329.665 1341.4679 -288.6741
v -1182.2751 1212.9641 -288.2883
v -1424.9272 1668.9752 -290.9882
v -1424.9269 1670.8062 -434.73816
v -1572.3168 1841.1499 -435.12387
v -1463.722 1663.5668 -518.1224
v -1572.8787 1779.1958 -551.1528
v -1770.1477 1896.2576 -557.6043
v -1769.5859 1974.47 -435.12387
v -1769.5862 1847.0667 -291.3739
v -1572.317 1712.9336 -291.3739
v -1966.8552 2027.5831 -435.12393
v -1967.4174 1943.951 -559.7549
v -2164.6868 1925.3177 -557.60443
v -2164.1245 2004.894 -435.12396
v -2164.1245 2005.3005 -291.374
v -1966.8555 1899.367 -291.37396
v -2361.3938 1832.6418 -435.12396
v -2361.956 1843.3981 -551.15283
v -2476.2585 1740.4968 -518.12256
v -2519.519 1684.1167 -434.7383
v -2526.7273 1684.1167 -290.98843
v -2361.3938 1832.6418 -291.37402
v 2481.7637 299.47473 -68.80445
v 2515.1826 336.90906 -154.81046
v 2367.2307 385.0389 -143.74965
v 2476.825 299.47473 -258.02225
v 2367.2307 336.90903 -273.68378
v 2169.9614 336.9091 -270.91864
v 2169.9614 385.0389 -143.74968
v 2182.4072 354.23578 0.00031565232
v 2378.3433 336.90906 -35.937153
v 1972.6921 385.0389 -143.7497
v 1972.6921 336.90906 -262.62302
v 1781.7854 336.9091 -251.60536
v 1782.6942 385.0389 -132.8614
v 1781.7854 385.03897 16.332712
v 1972.6921 385.0389 0.00028389867
v 1607.2397 385.0389 -100.196526
v 1603.6039 336.90906 -240.67395
v 1453.7234 367.7202 -278.89313
v 1473.7896 406.10834 -78.45786
v 1422.1604 399.8338 125.69197
v 1603.6039 385.0389 65.330055
v 1304.2627 541.61896 -30.249897
v 1338.5487 548.90576 -133.1269
v 1183.2838 619.11804 -144.05315
v 986.01465 688.4204 -144.05319
v 986.6228 674.0791 13.940891
v 1186.9609 589.85815 -14.426134
v 788.74536 765.28015 -144.05322
v 641.0024 852.3902 -144.11386
v 641.0023 847.7346 -0.36386237
v 788.74536 775.3599 -0.30323234
v 543.6216 998.8522 -0.72749585
v 543.6216 1041.906 -144.47751
v 395.87866 1097.2399 -144.53812
v 505.1012 1045.6427 -224.29147
v 395.6697 1089.7434 -252.29001
v 198.40045 1120.4988 -252.29001
v 198.6094 1152.9695 -144.53813
v 198.60934 1143.3314 -0.7881479
v 395.8786 1068.5374 -0.7881187
v 1.3401631 1243.6185 -144.5382
v 1.1312017 1193.6294 -252.29005
v -196.13803 1261.0398 -252.29008
v -195.92908 1324.6998 -144.53822
v -195.92908 1307.4622 -0.7882146
v 1.3401576 1233.7683 -0.78818214
v -393.19827 1351.727 -144.53825
v -393.40723 1274.6333 -252.29013
v -590.67633 1240.727 -252.29016
v -590.4675 1333.626 -144.53828
v -590.46747 1329.9641 -0.7882761
v -393.1983 1332.027 -0.7882464
v -787.73663 1279.3224 -144.5383
v -787.9456 1165.6378 -252.29018
v -985.006 1233.3943 -144.53835
v -985.1398 1282.8671 -0.74955446
v -787.73663 1323.7759 -0.78830945
v -1182.2751 1240.4197 -144.53836
v -1329.665 1314.7719 -144.92406
v -1379.3873 1229.8663 -0.9328758
v -1182.4841 1213.0454 -36.665264
v -1463.7222 1644.7612 -67.07712
v -1424.9271 1663.483 -147.23819
v -1572.3169 1717.8121 -147.6239
v -1769.5862 1854.3848 -147.62396
v -1769.9457 1930.0846 -3.6271203
v -1572.8788 1781.6299 -39.42573
v -1966.8552 1904.2456 -147.62396
v -2164.1245 2006.5203 -147.624
v -2166.0222 1941.0082 -3.627185
v -1966.8552 1989.6277 -3.8739915
v -2361.3938 1910.807 -147.62404
v -2529.13 1762.282 -147.23839
v -2501.8882 1740.4968 -67.0773
v -2371.567 1843.3981 -39.42586
v 2564.4998 0.000012567041 287.50037
v 2564.4998 0.0000062835284 143.75038
v 2456.13 0.0000062835275 143.75035
v 2564.4998 -9.669521e-7 -22.121286
v 2445.0173 48.129868 35.93786
v 2361.3525 85.56421 63.889225
v 2352.6274 48.12987 143.75035
v 2296.1982 30.803125 287.50034
v 2445.0173 0.000012567039 287.50037
v 2116.8582 299.47473 223.61142
v 2142.869 336.90906 143.7503
v 1972.6921 385.0389 143.75029
v 1779.0586 385.0389 154.63857
v 1783.6615 336.9091 254.2848
v 1983.8046 336.90906 251.56279
v 1592.6968 385.0389 187.30345
v 1402.6992 385.0389 232.62408
v 1404.7661 354.23578 311.84464
v 1599.9958 336.90906 262.45102
v 1198.1584 385.03894 281.47964
v 1205.3883 414.29883 179.21516
v 1083.643 452.45703 199.1945
v 1039.2576 432.56906 295.86493
v 986.901 420.29648 443.4402
v 1187.251 385.03894 385.21133
v 898.4129 716.6213 267.588
v 936.7386 727.8297 167.02875
v 788.74524 805.5993 143.44676
v 641.0023 852.9026 143.38612
v 623.19934 819.88696 301.35666
v 788.7866 778.22876 276.60873
v 543.6214 998.8522 286.7725
v 543.62146 984.5008 143.0225
v 395.8785 1058.9697 142.9619
v 198.60934 1133.552 142.96185
v 198.6093 1131.0879 286.71185
v 395.8785 1068.5374 286.71185
v 1.340154 1204.2181 142.96184
v -195.92903 1255.7493 142.96179
v -196.06279 1182.0237 286.75064
v 1.3401381 1184.7944 286.71185
v -393.1983 1272.9263 142.96176
v -590.4675 1282.7765 142.96173
v -590.6765 1184.5221 250.83487
v -393.40726 1169.7468 250.8349
v -787.73663 1312.3267 142.96169
v -935.8975 1278.0979 143.02226
v -897.70233 1212.0752 222.93053
v -787.9457 1228.8474 250.8348
v -984.6283 843.7239 264.18192
v -1035.7861 904.4973 143.3859
v -1183.947 838.3894 143.44644
v -1073.9813 949.5219 63.477623
v -1183.738 893.2191 35.573353
v -1293.1696 922.2068 63.477592
v -1331.6898 881.94073 143.38583
v -1371.9213 823.4766 287.1863
v -1172.098 781.33246 251.29686
v -1467.591 1154.3862 222.9304
v -1429.0706 1177.5977 143.02219
v -1576.8134 1286.9315 142.96155
v -1576.2515 1357.835 34.763382
v -1685.4082 1465.9922 62.414772
v -1724.2032 1409.3477 142.57585
v -1773.9258 1336.9595 286.56705
v -1577.0225 1232.1018 250.83466
v -1858.2605 1661.6646 220.42282
v -1819.4655 1784.274 140.26172
v -1966.8552 1843.2366 139.876
v -2115.3694 1784.274 140.26166
v -2077.4485 1661.6646 220.42278
v -1967.4174 1660.9263 248.0742
v -2169.5322 1346.7456 286.567
v -2226.9875 1430.4988 142.57578
v -2404.3347 1371.5363 142.96143
v -2280.9268 1502.041 62.41468
v -2422.995 1438.9451 34.763252
v -2640.5525 1366.072 -0.996638
v -2571.7175 1307.7571 143.02202
v -2501.4858 1258.151 222.93027
v -2375.7107 1307.7571 250.83453
v 2564.4998 0.000025134063 575.0003
v 2564.4998 0.000018850553 431.25037
v 2411.68 0.000018850553 431.25034
v 2236.6357 0.000018850551 431.25034
v 2186.6301 0.000025134063 575.0003
v 2378.3433 0.000025134063 575.0003
v 2017.1415 0.00001885055 431.25027
v 2039.3663 48.12988 323.43777
v 1823.953 48.12988 323.43777
v 1822.9481 0.000018850547 431.25027
v 1810.062 0.000025134059 575.00024
v 1983.8043 0.000025134063 575.0003
v 1723.805 0.000018850547 431.25027
v 1705.5989 48.12988 323.43774
v 1638.4865 85.564224 351.3891
v 1648.679 48.129883 431.25018
v 1587.7098 30.803139 575.00024
v 1705.5986 0.000025134059 575.00024
v 1349.8514 299.47473 516.736
v 1367.9799 336.9091 443.9059
v 1183.6151 385.03894 481.87323
v 986.34595 385.03894 519.84045
v 989.25903 354.23578 589.17456
v 1201.8215 336.9091 551.71844
v 789.0767 385.03894 532.4962
v 789.0353 442.64883 475.26883
v 679.4091 487.4566 469.442
v 641.08344 442.64883 519.80255
v 591.78107 421.90927 598.6395
v 789.0768 385.03894 600.3116
v 505.1011 1045.6427 510.43066
v 543.6215 1041.906 430.5225
v 395.87854 1097.2399 430.46182
v 198.6093 1143.396 430.46182
v 198.40033 1118.52 538.33484
v 395.66962 1089.7434 538.3349
v 1.3400801 1205.3241 430.46182
v -146.8208 1203.7559 430.52243
v -108.62548 1172.7365 510.43073
v 1.1310518 1185.7148 538.33496
v -197.44069 845.7303 564.33453
v -246.7092 897.63544 430.88602
v -394.87012 843.70654 430.9466
v -284.9045 925.218 350.9778
v -394.6611 886.1264 323.0735
v -591.97906 835.0742 311.7636
v -542.7806 786.3731 440.8692
v -504.39047 742.64056 541.62756
v -394.8287 787.7556 558.5664
v -591.8342 421.86508 687.26587
v -641.16656 442.37238 490.52023
v -789.077 385.03894 470.78867
v -679.55676 486.5964 377.68057
v -789.1184 442.0959 333.28415
v -965.72455 441.31955 325.87054
v -962.73126 384.26266 441.13455
v -965.6833 384.35968 589.82697
v -789.077 385.03894 634.3081
v -1089.1559 381.93375 431.24985
v -1101.0046 438.99063 323.3994
v -1183.0802 476.24646 351.32126
v -1189.9194 424.5191 431.2119
v -1246.7787 400.71216 574.97565
v -1100.9635 382.32187 574.9998
v -1432.0836 621.2408 510.875
v -1406.8773 694.85474 430.98434
v -1578.4854 744.6477 430.9464
v -1578.2764 877.21204 323.07327
v -1687.7079 914.6571 350.97754
v -1726.2283 808.7182 430.8858
v -1774.3314 665.13745 574.68634
v -1566.6366 634.1414 538.7969
v -1862.1298 1049.5109 510.43048
v -1823.6091 1165.4957 430.52222
v -1971.3522 1224.6876 430.46155
v -1970.7899 1369.1172 322.26328
v -2119.5125 1177.9148 430.52216
v -2081.3176 1077.109 510.43042
v -1971.561 1072.3656 538.3347
v -2171.3647 806.03735 574.6862
v -2219.4014 897.2785 430.88568
v -2367.5623 850.50586 430.9463
v -2257.5967 962.3313 350.97745
v -2367.3535 922.3833 323.07315
v -2535.1052 862.0126 287.18173
v -2526.1204 791.5462 430.98422
v -2505.476 741.48956 510.8748
v -2378.1685 784.79755 538.7967
v 2564.4998 0.000037701087 862.50037
v 2564.4998 0.000031417578 718.7503
v 2367.2307 0.000031417578 718.7503
v 2169.9614 0.000031417574 718.7503
v 2169.9612 0.000037701084 862.5003
v 2367.2305 0.000037701087 862.50037
v 1972.6919 0.000031417574 718.7503
v 1793.6293 0.00003141757 718.75024
v 1779.9744 0.000037701084 862.5002
v 1972.6919 0.000037701084 862.5003
v 1650.9794 0.00003141757 718.75024
v 1490.1232 0.00003141757 718.75024
v 1408.1942 0.00003770108 862.5002
v 1596.3601 0.000037701084 862.5002
v 1256.441 0.000031417567 718.7502
v 1292.8539 48.12989 610.9377
v 1122.5717 85.56424 638.8891
v 1053.8698 48.129898 718.7502
v 989.259 30.803152 862.5001
v 1201.8217 0.00003770108 862.5002
v 898.6708 299.47473 798.6112
v 937.0287 336.9091 718.7501
v 789.0768 385.03894 718.75006
v 591.80756 385.03894 728.6347
v 591.80743 336.90912 829.0337
v 789.0768 336.90912 826.5626
v 394.53827 385.03894 758.2888
v 394.49692 442.6489 670.20776
v 197.22762 442.6489 714.68884
v 197.26903 385.03894 787.9428
v 197.26903 354.2358 873.5708
v 394.53827 336.90912 836.44714
v -0.00018150377 385.03894 797.8276
v -0.04162169 442.6489 729.516
v -197.31082 442.6489 729.516
v -197.2694 385.03894 797.82764
v -197.26941 385.03903 882.2694
v -0.00019616148 385.03897 882.2694
v -394.5386 385.03894 797.8276
v -394.58002 442.6489 729.516
v -591.80786 385.03894 787.9428
v -591.80786 385.03903 879.7981
v -394.5386 385.03897 882.2693
v -789.0771 385.03894 758.2887
v -974.5389 384.65082 728.6345
v -984.4571 354.1737 864.08136
v -789.0771 385.03897 872.3845
v -1136.3857 383.48633 718.7498
v -1310.04 370.04315 718.7498
v -1369.5496 340.04895 862.4998
v -1171.8081 336.521 826.5623
v -1530.9241 332.8189 718.74976
v -1507.3506 400.09775 610.8994
v -1656.3352 402.64273 638.8213
v -1714.34 334.09567 718.71185
v -1774.1296 216.75449 862.4829
v -1566.3466 298.31177 862.4997
v -1863.3562 490.01535 798.37494
v -1825.0305 562.913 718.48425
v -1973.0238 638.2833 718.4463
v -1972.815 757.0224 610.57324
v -2120.934 624.7276 718.48425
v -2082.5442 516.9885 798.3748
v -1972.9824 517.9945 826.2968
v -2179.4446 214.94649 862.4829
v -2240.6152 344.8271 718.71173
v -2452.4114 331.69376 718.74963
v -2290.8362 440.53003 638.82117
v -2441.8052 424.6548 610.89923
v -2653.9202 384.0337 574.9754
v -2642.9536 321.63202 718.7496
v -2642.9539 314.2499 862.4995
v -2452.4119 296.34274 862.49963
v 2564.4998 0.000050268114 1150.0004
v 2564.4998 0.0000439846 1006.25037
v 2367.2305 0.0000439846 1006.25037
v 2169.9612 0.000043984597 1006.2503
v 2169.9612 0.000050268114 1150.0004
v 2367.2305 0.000050268114 1150.0004
v 1972.6919 0.000043984597 1006.2503
v 1775.4229 0.000043984594 1006.2502
v 1775.4229 0.000050268107 1150.0002
v 1972.6919 0.000050268107 1150.0002
v 1578.1536 0.000043984594 1006.2502
v 1380.8844 0.00004398459 1006.2502
v 1380.8844 0.000050268107 1150.0002
v 1578.1536 0.000050268107 1150.0002
v 1183.6152 0.00004398459 1006.2502
v 986.34595 0.000043984586 1006.2501
v 986.3459 0.000050268103 1150.0001
v 1183.6151 0.000050268103 1150.0001
v 789.0767 0.000043984586 1006.2501
v 789.0767 48.129906 898.4376
v 591.80743 48.129906 898.4375
v 591.80743 0.000043984586 1006.25
v 591.80743 0.000050268103 1150.0001
v 789.07666 0.000050268103 1150.0001
v 394.53824 0.000043984586 1006.25
v 394.53827 48.129906 898.4375
v 284.9442 85.56425 926.3889
v 246.58632 48.12991 1006.25
v 197.269 0.000050268096 1150
v 394.53818 0.000050268096 1150
v 109.59379 299.47476 1086.1111
v 147.95169 336.90912 1006.25
v -0.00022060408 385.03897 1006.25
v -197.26944 385.03897 1006.25
v -197.26947 336.90912 1114.0625
v -0.000240698 336.90912 1114.0625
v -394.53867 385.03897 1006.2499
v -591.80786 385.03897 1006.2499
v -591.80786 336.90912 1114.0623
v -394.5387 336.90912 1114.0625
v -789.0771 385.03897 1006.2498
v -937.029 336.90912 1006.2498
v -898.67126 299.47476 1086.111
v -789.07715 336.90912 1114.0623
v -986.3463 0.000050268092 1149.9998
v -1035.6637 48.12991 1006.2498
v -1183.6156 0.000043984575 1006.2498
v -1074.0215 85.56425 926.3887
v -1183.6156 48.129906 898.4373
v -1293.2096 85.56425 926.3887
v -1331.5675 48.12991 1006.2498
v -1380.8848 0.000050268085 1149.9998
v -1183.6156 0.000050268092 1149.9998
v -1468.5599 261.27438 1086.1108
v -1430.202 312.3517 1006.2497
v -1578.1539 286.8094 1006.2497
v -1726.1058 189.5647 1006.2497
v -1687.7482 184.87357 1086.1108
v -1578.1539 250.9582 1114.0623
v -1775.4232 0.000050268085 1149.9998
v -1824.7404 23.572508 1006.2497
v -1972.6923 0.00004398457 1006.2497
v -1863.0984 41.781624 926.38855
v -1972.6923 23.291214 898.4372
v -2082.2864 41.03153 926.38855
v -2120.6443 23.009932 1006.2497
v -2169.9614 0.000050268078 1149.9996
v -1972.6923 0.000050268085 1149.9998
v -2290.7627 182.24821 1086.1107
v -2240.574 186.18924 1006.24963
v -2452.4116 284.55905 1006.24963
v -2642.9539 311.78912 1006.2495
v -2576.2024 260.39923 1086.1107
v -2441.7642 248.98918 1114.0621
v 426.29242 192.51942 -862.4999
v 205.20778 192.51942 -871.453
v 598.05975 192.51942 -826.5624
v 0.00006697685 192.51942 -898.3124
v -197.26913 192.51942 -925.1716
v -394.53836 192.51942 -934.12476
v -591.8076 192.51942 -925.17163
v -789.0768 192.51942 -898.3125
v -937.0287 192.51942 -907.3907
v -986.34607 192.51941 -1006.2501
v -1035.6635 207.71718 -1114.0626
v -1183.6154 -0.000050268103 -1150.0001
v -1183.6154 253.31044 -1150.0001
v -1380.8844 -0.000050268107 -1150.0002
v -1380.8846 283.70596 -1150.0002
v -1578.1536 -0.000050268107 -1150.0002
v -1578.1536 253.31044 -1150.0002
v -1726.1055 207.71718 -1114.0627
v -1775.4229 192.51941 -1006.2502
v -1824.7402 192.51942 -910.1278
v -1972.6919 192.51942 -909.26025
v -2169.9612 192.51942 -944.3303
v -2367.2305 192.51941 -956.0204
v -2515.1824 192.13129 -913.41675
v -2564.4998 -0.000035505465 -812.2704
v -2564.4998 190.96683 -785.60596
v -2564.4998 -0.000026156036 -598.3804
v -2556.7236 189.80237 -616.83374
v -2564.4998 -0.000018850553 -431.25037
v -2533.3943 189.41422 -451.34592
v -2564.4998 -0.000012567041 -287.50037
v -2510.065 189.41423 -292.52426
v -2482.8887 391.78427 -295.07416
v -2517.8828 391.7843 -461.4316
v -2564.4998 -0.0000062835284 -143.75038
v -2502.2883 189.41423 -143.75041
v -2564.4998 -1.6926306e-11 -0.00038722873
v -2510.065 189.41425 -0.0003987329
v -2482.8887 391.7843 -0.038327284
v -2471.2244 391.78433 -143.78831
v -2564.4998 0.000006283495 143.74962
v -2533.3943 189.41425 143.7496
v -2564.4998 0.000012567007 287.4996
v -2567.371 189.41425 287.4996
v -2568.8481 391.44687 287.46164
v -2517.8828 391.78433 143.71167
v -2564.4998 0.000018850518 431.24957
v -2607.09 189.41426 431.24963
v -2564.4998 0.000025134032 574.99963
v -2639.0332 189.80241 574.9996
v -2628.427 390.43463 431.2117
v -2564.4998 0.00003141754 718.74963
v -2649.6804 190.96689 718.7496
v -2564.5002 0.00003770106 862.49963
v -2649.681 192.13135 862.4995
v -2564.5002 0.000043984568 1006.24963
v -2649.681 192.51952 1006.2495
v -2515.1829 0.0000486972 1114.0621
v -2589.716 179.95952 1114.0621
v -2367.231 0.000050268078 1149.9996
v -2409.8213 142.27956 1149.9996
v -2229.9265 104.59959 1114.0621
v -2169.9614 92.03959 1006.2497
v -2120.6443 92.32088 898.4372
v -1972.6923 93.164734 862.4997
v -1824.7404 94.008606 898.4372
v -1972.7336 206.77359 862.46173
v -1775.4232 94.289894 1006.2497
v -1726.1058 106.568596 1114.0623
v -1578.1539 0.000050268085 1149.9998
v -1578.1539 143.40471 1149.9998
v -1430.202 180.24081 1114.0623
v -1380.8846 192.51952 1006.2498
v -1331.5675 192.5195 898.4373
v -1183.6156 192.5195 862.4998
v -1035.6637 192.5195 898.4373
v -986.34625 192.51952 1006.2498
v -937.02905 192.51952 1114.0623
v -789.07715 0.000050268092 1149.9998
v -789.07715 192.51952 1149.9998
v -591.80786 0.000050268092 1149.9998
v -591.80786 192.51952 1149.9998
v -394.5387 0.000050268096 1150
v -394.5387 192.51952 1150
v -197.26945 0.000050268096 1150
v -197.26945 192.51952 1150
v -0.00023468032 0.000050268096 1150
v -0.00024230972 192.51952 1150
v 147.95169 192.51952 1114.0625
v 197.26901 192.51952 1006.25
v 246.58632 192.5195 898.4375
v 394.53827 192.5195 862.5
v 591.80743 192.5195 862.5
v 789.0767 192.5195 862.5001
v 937.0286 192.5195 826.5626
v 986.34595 192.5195 718.7501
v 1053.8698 192.51949 610.9377
v 1256.4409 192.51949 575.0002
v 1459.0121 192.51949 539.0627
v 1526.536 192.51949 431.25018
v 1557.647 192.51947 323.4377
v 1650.9794 192.51947 287.50024
v 1804.7417 192.51947 287.50027
v 2017.1417 192.51947 287.5003
v 2198.431 192.51947 251.56284
v 2258.8606 192.51947 143.75032
v 2297.0654 192.51945 35.93783
v 2411.68 192.51945 0.00034810888
v 2526.295 192.51945 -46.997963
v 2564.4998 -0.0000101513715 -232.23631
v 2564.4998 192.51945 -187.99298
v 2515.1826 192.51945 -328.98798
v 2367.2307 192.51945 -375.98633
v 2169.9614 192.51945 -364.9255
v 1972.6921 192.51945 -331.743
v 1779.0586 192.51945 -298.56058
v 1592.6968 192.51945 -287.49973
v 1452.0164 192.51945 -334.82355
v 1395.4276 192.51944 -476.79495
v 1335.203 192.51944 -618.76636
v 1336.9795 360.0261 -559.02625
v 1402.6578 357.97845 -442.67398
v 1183.6154 192.51944 -666.09015
v 994.2846 192.51944 -654.7039
v 988.28925 374.83176 -594.9638
v 1183.574 366.1689 -597.81036
v 820.8308 192.51944 -620.54504
v 696.69434 192.51944 -622.32367
v 796.9739 384.43918 -586.42413
v 655.31555 192.51942 -718.7499
v 394.37262 615.47864 -575.15173
v 246.42076 615.4787 -539.21423
v 591.6418 605.39886 -575.15173
v 197.10347 615.4787 -431.40167
v 147.78613 615.2022 -323.58917
v -0.16578907 614.37274 -287.65167
v -186.91885 600.22845 -288.84824
v -194.72134 825.2809 -288.12524
v -0.08115142 836.36206 -287.82605
v -352.63962 560.00745 -292.43777
v -469.04303 520.33954 -331.96478
v -384.10342 768.3278 -289.02258
v -507.8442 507.8542 -440.97375
v -567.67773 520.9456 -555.8076
v -747.17804 558.0082 -612.80945
v -975.9956 594.79425 -633.8737
v -1183.781 607.0563 -640.8952
v -1381.05 607.0563 -632.67725
v -1380.9657 837.578 -591.85803
v -1183.6964 824.2932 -591.762
v -1578.3195 607.0563 -608.02356
v -1775.5887 608.6825 -588.3937
v -1775.5042 844.85223 -593.69037
v -1578.2349 842.0063 -592.14624
v -1972.858 613.56116 -595.24744
v -2170.1274 618.4398 -610.3192
v -2170.0425 861.9275 -599.17175
v -1972.7733 853.38983 -597.5544
v -2367.3962 620.06604 -615.3431
v -2507.572 620.06604 -574.3817
v -2515.7227 864.77344 -550.33124
v -2367.312 864.7734 -593.9762
v -2533.56 620.06604 -451.49765
v -2510.2307 620.06604 -292.67593
v -2567.7913 864.77344 -289.0824
v -2566.4158 864.7734 -436.6003
v -2502.4543 620.06604 -143.90207
v -2510.2307 620.06604 -0.15208232
v -2567.7913 864.77344 -0.326441
v -2568.2505 864.7734 -144.07642
v -2533.56 620.06604 143.59793
v -2567.537 618.7163 287.3479
v -2566.4158 864.7734 143.42355
v -2607.256 614.6672 431.0979
v -2579.2336 610.618 538.91046
v -2409.9866 609.2683 574.848
v -2230.0923 578.1279 610.78546
v -2170.1272 484.70694 718.5981
v -2120.8103 391.56717 826.4106
v -1972.858 361.2707 862.3481
v -1824.9061 380.55447 826.4106
v -1775.589 436.15543 718.59814
v -1714.4642 491.47516 610.78564
v -1531.09 509.915 574.84814
v -1347.7157 522.0576 538.91064
v -1286.591 558.48566 431.0981
v -1249.0808 595.68994 323.2856
v -1136.5513 610.16156 287.3481
v -974.7045 612.4905 287.34814
v -789.2428 613.2667 287.34818
v -641.29083 613.5433 333.17044
v -789.1581 838.3666 287.17383
v -591.9736 614.37274 470.63702
v -542.65625 615.2022 608.1037
v -394.70438 615.47876 653.9259
v -197.43517 615.47876 653.92596
v -0.16596176 615.47876 653.9259
v 197.10329 615.47876 644.04114
v 197.18793 827.95483 591.97205
v -0.08133518 838.2975 594.4433
v 394.3726 615.47876 614.387
v 542.3246 615.47876 561.45123
v 542.40924 822.11554 544.3715
v 394.45718 824.50745 584.5586
v 591.64185 615.4787 481.7214
v 640.95905 615.4787 411.8762
v 591.7265 814.9399 443.57977
v 788.9109 615.4787 388.5945
v 936.86285 605.39886 350.8896
v 986.1801 575.15955 237.77473
v 1039.1333 536.72974 124.659874
v 1197.9926 502.0785 86.95495
v 1356.8518 477.50708 40.129166
v 1409.8049 469.3166 -100.348236
v 1406.1692 469.3166 -276.76312
v 1395.2621 469.3166 -431.40143
v 1335.0375 477.50708 -539.21405
v 1183.4498 502.07843 -575.15155
v 986.1803 536.7297 -575.1516
v 788.9111 575.1595 -575.1516
v 395.0428 990.71405 -288.0457
v 197.77354 1003.9512 -288.04572
v 542.99475 981.1466 -252.10818
v 0.5043045 1043.6625 -288.04578
v -196.76492 1070.059 -288.04578
v -394.03415 1043.3516 -288.0458
v -591.3032 998.23254 -288.04587
v -788.57245 969.3941 -288.0459
v -936.5244 953.8706 -323.9834
v -985.84174 948.69604 -431.79584
v -1035.1589 966.4091 -539.6084
v -1183.1108 1019.5482 -575.5459
v -1380.38 1072.6874 -584.148
v -1577.6494 1090.4004 -609.9545
v -1774.9186 1093.6528 -635.76086
v -1773.7295 1363.2028 -666.4358
v -1576.4602 1343.6918 -627.7262
v -1972.1877 1103.4102 -644.3631
v -2169.4575 1113.1675 -635.761
v -2168.2683 1384.0809 -666.4358
v -1970.9988 1378.3794 -679.33905
v -2366.7266 1116.4199 -609.95465
v -2524.2896 1116.4199 -548.2107
v -2527.9065 1362.9985 -553.0793
v -2365.5378 1375.1659 -627.7264
v -2602.44 1116.4199 -431.79617
v -2631.2732 1116.4199 -288.04614
v -2663.723 1358.9427 -288.61365
v -2620.4731 1358.9427 -432.36362
v -2640.8843 1116.4199 -144.29616
v -2631.2732 1116.4199 -0.54617286
v -2678.1394 1358.9427 -144.8637
v -2602.44 1116.4199 143.20381
v -2524.2896 1116.4199 251.01631
v -2366.7266 1116.4199 286.95383
v -2218.7744 1096.7141 322.8914
v -2169.457 1037.5967 430.7039
v -2120.1396 966.06006 538.5165
v -1972.188 909.0968 574.454
v -1824.2361 903.96436 538.5165
v -1774.9187 987.92 430.70398
v -1725.6012 1072.0931 322.89145
v -1577.6494 1067.6127 286.95395
v -1429.6975 1031.0072 251.0165
v -1380.38 1018.8054 143.20401
v -1331.063 1028.5311 35.39152
v -1183.1111 1057.7081 -0.5459521
v -1035.159 1086.885 35.391563
v -985.84174 1096.6108 143.20407
v -936.5246 1086.7607 251.01657
v -788.5727 1057.2104 286.9541
v -591.3034 1027.6602 286.95413
v -394.03415 1017.81006 286.9542
v -246.08223 1028.2131 322.89175
v -196.765 1059.4224 430.70425
v -147.44778 1076.8416 538.5168
v 0.5041247 1045.8744 574.4542
v 197.77339 1004.5042 574.45416
v 395.0427 990.71405 574.4542
v 542.9947 981.1466 538.5167
v 592.31195 952.4441 430.7043
v 592.3118 923.7415 286.95435
v 592.3119 914.1741 143.20433
v 592.31195 923.7415 -0.54568106
v 592.312 952.4441 -144.29567
v -1377.2959 1506.6216 -433.58105
v -1426.6132 1528.2996 -549.99567
v -1377.296 1497.6721 -289.83118
v -1574.565 1593.3334 -611.73956
v -1771.8344 1661.6196 -637.54596
v -1969.1036 1693.0549 -646.1482
v -2166.373 1686.5889 -637.5461
v -2363.6426 1641.1716 -611.7397
v -2521.2056 1592.5018 -549.9957
v -2599.356 1576.2787 -433.58127
v -2628.189 1576.2784 -289.83133
v -2637.8 1576.2787 -146.08134
v -2578.8716 1592.5018 -38.268818
v -2402.0864 1641.1716 -2.3312988
v -2225.3013 1665.1719 33.606216
v -2166.373 1607.3864 141.41872
v -2117.0557 1533.3777 249.23122
v -1969.1036 1508.7083 285.16873
v -1821.1515 1533.3777 249.23126
v -1771.8344 1607.3864 141.41878
v -1722.517 1647.5153 33.606297
v -1574.5652 1570.5455 -2.3311746
v -1426.6133 1477.8557 -38.268642
v -1377.296 1470.8241 -146.08113
vt 0.021942377 0.01684689500000003
vt 0.021946311 0.016372799999999965
vt 0.022596985 0.016378044999999952
vt 0.021946311 0.016372799999999965
vt 0.021950126 0.01589876400000001
vt 0.02260065 0.01590389000000003
vt 0.023251265 0.015908718000000044
vt 0.023247898 0.016382933000000044
vt 0.022596985 0.016378044999999952
vt 0.023247898 0.016382933000000044
vt 0.0232445 0.016857385999999974
vt 0.02259326 0.016852438000000025
vt 0.0232445 0.016857385999999974
vt 0.023247898 0.016382933000000044
vt 0.02389884 0.016387343
vt 0.023247898 0.016382933000000044
vt 0.023251265 0.015908718000000044
vt 0.02390188 0.01591315900000001
vt 0.024552405 0.015917092999999993
vt 0.024549901 0.01639139700000003
vt 0.02389884 0.016387343
vt 0.024549901 0.01639139700000003
vt 0.0245471 0.016856699999999947
vt 0.02389571 0.016861676999999964
vt 0.0245471 0.016856699999999947
vt 0.024549901 0.01639139700000003
vt 0.025201738 0.01639449599999998
vt 0.024549901 0.01639139700000003
vt 0.024552405 0.015917092999999993
vt 0.02520281 0.015919715
vt 0.025853634 0.01591977499999997
vt 0.025854647 0.016394973000000035
vt 0.025201738 0.01639449599999998
vt 0.025854647 0.016394973000000035
vt 0.025855362 0.016805827999999967
vt 0.025200248 0.016832948000000014
vt 0.025855362 0.016805827999999967
vt 0.025854647 0.016394973000000035
vt 0.026507974 0.01639199300000005
vt 0.025854647 0.016394973000000035
vt 0.025853634 0.01591977499999997
vt 0.026504874 0.01591682400000005
vt 0.027156115 0.015911788000000038
vt 0.02713418 0.016386209999999957
vt 0.026507974 0.01639199300000005
vt 0.02713418 0.016386209999999957
vt 0.02711922 0.01679539699999999
vt 0.026510954 0.01679313199999999
vt 0.02711922 0.01679539699999999
vt 0.02713418 0.016386209999999957
vt 0.02770722 0.01638102500000005
vt 0.02713418 0.016386209999999957
vt 0.027156115 0.015911788000000038
vt 0.027806282 0.01590567799999998
vt 0.028455377 0.015897691000000047
vt 0.028304458 0.01637262100000003
vt 0.02770722 0.01638102500000005
vt 0.028304458 0.01637262100000003
vt 0.028171659 0.016851366000000034
vt 0.027631044 0.01681608000000001
vt 0.021848321 0.019877970000000023
vt 0.02199471 0.01940357699999995
vt 0.02270168 0.019398241999999954
vt 0.02199471 0.01940357699999995
vt 0.022148073 0.018926977999999983
vt 0.022800207 0.018920064000000014
vt 0.023451746 0.018909931000000046
vt 0.023430288 0.019353181000000053
vt 0.02270168 0.019398241999999954
vt 0.023430288 0.019353181000000053
vt 0.023424149 0.01972502499999995
vt 0.022656292 0.01979610300000001
vt 0.023424149 0.01972502499999995
vt 0.023430288 0.019353181000000053
vt 0.024104893 0.019263059000000027
vt 0.023430288 0.019353181000000053
vt 0.023451746 0.018909931000000046
vt 0.02410236 0.01890635500000004
vt 0.024755597 0.018898486999999964
vt 0.024762392 0.019168972999999978
vt 0.024104893 0.019263059000000027
vt 0.024762392 0.019168972999999978
vt 0.024773538 0.019472956999999957
vt 0.024110138 0.01959976600000002
vt 0.024773538 0.019472956999999957
vt 0.024762392 0.019168972999999978
vt 0.025424898 0.01911312300000001
vt 0.024762392 0.019168972999999978
vt 0.024755597 0.018898486999999964
vt 0.025411844 0.018872082000000012
vt 0.026064515 0.01882815400000004
vt 0.026083231 0.019094378000000023
vt 0.025424898 0.01911312300000001
vt 0.026083231 0.019094378000000023
vt 0.026104748 0.019391983999999973
vt 0.025441647 0.019405126999999966
vt 0.026104748 0.019391983999999973
vt 0.026083231 0.019094378000000023
vt 0.026713371 0.019130169999999946
vt 0.026083231 0.019094378000000023
vt 0.026064515 0.01882815400000004
vt 0.026709676 0.018784373999999993
vt 0.027353048 0.01876485299999997
vt 0.02720642 0.019236535
vt 0.026713371 0.019130169999999946
vt 0.02720642 0.019236535
vt 0.027097106 0.019494593000000005
vt 0.026737928 0.01943919000000005
vt 0.030521989 0.02442350999999998
vt 0.030894756 0.024097621000000014
vt 0.031449914 0.02439704499999995
vt 0.030894756 0.024097621000000014
vt 0.031095624 0.023878813000000054
vt 0.03148693 0.02404368000000001
vt 0.032018065 0.024150549999999993
vt 0.032019436 0.024495542000000037
vt 0.031449914 0.02439704499999995
vt 0.032019436 0.024495542000000037
vt 0.032021403 0.024953008
vt 0.03128141 0.024790108000000033
vt 0.032021403 0.024953008
vt 0.032019436 0.024495542000000037
vt 0.032587647 0.024392544999999988
vt 0.032019436 0.024495542000000037
vt 0.032018065 0.024150549999999993
vt 0.03254819 0.024039774999999985
vt 0.03293842 0.02387261399999996
vt 0.03314066 0.024090440000000046
vt 0.032587647 0.024392544999999988
vt 0.03314066 0.024090440000000046
vt 0.033518672 0.024435400999999968
vt 0.032769203 0.02480941999999997
vt 0.022573918 0.015580416000000041
vt 0.022466898 0.015335589999999955
vt 0.022964537 0.015195489000000006
vt 0.022466898 0.015335589999999955
vt 0.022310019 0.014873683000000026
vt 0.022956014 0.01488018000000002
vt 0.023607552 0.014883160999999978
vt 0.023606986 0.01508840899999997
vt 0.022964537 0.015195489000000006
vt 0.023606986 0.01508840899999997
vt 0.023610592 0.015363692999999956
vt 0.022952557 0.01551052900000005
vt 0.023610592 0.015363692999999956
vt 0.023606986 0.01508840899999997
vt 0.024264723 0.015050054000000035
vt 0.023606986 0.01508840899999997
vt 0.023607552 0.014883160999999978
vt 0.024264038 0.014882743000000032
vt 0.024920285 0.014878093999999953
vt 0.024921477 0.015045166000000054
vt 0.024264723 0.015050054000000035
vt 0.024921477 0.015045166000000054
vt 0.024950683 0.015366375000000043
vt 0.024267435 0.015308558999999944
vt 0.021934003 0.017722248999999968
vt 0.021938086 0.01732098999999998
vt 0.022589296 0.01732712999999997
vt 0.021938086 0.01732098999999998
vt 0.021942377 0.01684689500000003
vt 0.02259326 0.016852438000000025
vt 0.0232445 0.016857385999999974
vt 0.023241282 0.01733225599999999
vt 0.022589296 0.01732712999999997
vt 0.023241282 0.01733225599999999
vt 0.0232386 0.017743707000000053
vt 0.02258566 0.01772934199999998
vt 0.0232386 0.017743707000000053
vt 0.023241282 0.01733225599999999
vt 0.023892581 0.017335981
vt 0.023241282 0.01733225599999999
vt 0.0232445 0.016857385999999974
vt 0.02389571 0.016861676999999964
vt 0.0245471 0.016856699999999947
vt 0.024543583 0.017302573000000043
vt 0.023892581 0.017335981
vt 0.024543583 0.017302573000000043
vt 0.024539351 0.01774772999999996
vt 0.023890287 0.01777362800000004
vt 0.024539351 0.01774772999999996
vt 0.024543583 0.017302573000000043
vt 0.02519846 0.017196506
vt 0.024543583 0.017302573000000043
vt 0.0245471 0.016856699999999947
vt 0.025200248 0.016832948000000014
vt 0.025855362 0.016805827999999967
vt 0.025855899 0.01708501600000001
vt 0.02519846 0.017196506
vt 0.025855899 0.01708501600000001
vt 0.02585262 0.01741328799999997
vt 0.025191009 0.017597080000000043
vt 0.02585262 0.01741328799999997
vt 0.025855899 0.01708501600000001
vt 0.0265131 0.017044245999999985
vt 0.025855899 0.01708501600000001
vt 0.025855362 0.016805827999999967
vt 0.026510954 0.01679313199999999
vt 0.02711922 0.01679539699999999
vt 0.027116835 0.01707255799999996
vt 0.0265131 0.017044245999999985
vt 0.027116835 0.01707255799999996
vt 0.027123809 0.017349958000000054
vt 0.026515245 0.017304600000000003
vt 0.027123809 0.017349958000000054
vt 0.027116835 0.01707255799999996
vt 0.02760154 0.017168223999999954
vt 0.027116835 0.01707255799999996
vt 0.02711922 0.01679539699999999
vt 0.027631044 0.01681608000000001
vt 0.028171659 0.016851366000000034
vt 0.028001666 0.017297565999999986
vt 0.02760154 0.017168223999999954
vt 0.028001666 0.017297565999999986
vt 0.027971864 0.01754048500000005
vt 0.027647853 0.017480463000000057
vt 0.018009275 0.027060866000000017
vt 0.018152297 0.026631951000000043
vt 0.018713832 0.026705980000000018
vt 0.018152297 0.026631951000000043
vt 0.018249214 0.026340841999999975
vt 0.01869303 0.026313304999999954
vt 0.019365728 0.026311874000000013
vt 0.019372284 0.026710390999999944
vt 0.018713832 0.026705980000000018
vt 0.019372284 0.026710390999999944
vt 0.019372076 0.027203917999999994
vt 0.01871258 0.027110517
vt 0.019372076 0.027203917999999994
vt 0.019372284 0.026710390999999944
vt 0.020028532 0.026704907000000055
vt 0.019372284 0.026710390999999944
vt 0.019365728 0.026311874000000013
vt 0.020025373 0.02628666199999996
vt 0.02066958 0.026260375999999974
vt 0.020646274 0.026696085999999952
vt 0.020028532 0.026704907000000055
vt 0.020646274 0.026696085999999952
vt 0.020622313 0.02716696299999999
vt 0.020033985 0.027179480000000034
vt 0.020622313 0.02716696299999999
vt 0.020646274 0.026696085999999952
vt 0.021195292 0.02668261500000002
vt 0.020646274 0.026696085999999952
vt 0.02066958 0.026260375999999974
vt 0.02129662 0.026246785999999966
vt 0.021932364 0.026239871999999997
vt 0.02177912 0.026644290000000015
vt 0.021195292 0.02668261500000002
vt 0.02177912 0.026644290000000015
vt 0.021595657 0.027106583000000017
vt 0.021090686 0.027145862999999992
vt 0.01483494 0.01633214999999999
vt 0.015068769 0.015920252000000024
vt 0.01577735 0.015915750999999978
vt 0.015068769 0.015920252000000024
vt 0.015252441 0.015545814999999963
vt 0.015899003 0.015598117999999994
vt 0.016575873 0.01558762800000002
vt 0.016534746 0.01591083400000004
vt 0.01577735 0.015915750999999978
vt 0.016534746 0.01591083400000004
vt 0.016508102 0.016205071999999987
vt 0.015684277 0.016234159999999997
vt 0.016508102 0.016205071999999987
vt 0.016534746 0.01591083400000004
vt 0.0172697 0.015944421000000042
vt 0.016534746 0.01591083400000004
vt 0.016575873 0.01558762800000002
vt 0.017332852 0.015590667999999974
vt 0.018003881 0.015570462000000007
vt 0.017987251 0.01599764800000003
vt 0.0172697 0.015944421000000042
vt 0.017987251 0.01599764800000003
vt 0.017982066 0.016284764000000007
vt 0.017259777 0.016213476999999976
vt 0.017982066 0.016284764000000007
vt 0.017987251 0.01599764800000003
vt 0.018694997 0.01609459499999999
vt 0.017987251 0.01599764800000003
vt 0.018003881 0.015570462000000007
vt 0.01866433 0.015667080000000055
vt 0.019402862 0.015730023000000037
vt 0.019373834 0.016167700000000007
vt 0.018694997 0.01609459499999999
vt 0.019373834 0.016167700000000007
vt 0.01933986 0.01652312300000003
vt 0.018689632 0.016409010000000057
vt 0.01933986 0.01652312300000003
vt 0.019373834 0.016167700000000007
vt 0.02002728 0.01619643000000004
vt 0.019373834 0.016167700000000007
vt 0.019402862 0.015730023000000037
vt 0.020075321 0.015809505999999973
vt 0.020743906 0.01588120999999998
vt 0.020692885 0.01624983499999999
vt 0.02002728 0.01619643000000004
vt 0.020692885 0.01624983499999999
vt 0.020644069 0.016608952999999982
vt 0.019976914 0.016566365999999944
vt 0.020644069 0.016608952999999982
vt 0.020692885 0.01624983499999999
vt 0.021360606 0.01631513200000001
vt 0.020692885 0.01624983499999999
vt 0.020743906 0.01588120999999998
vt 0.02138251 0.01594561299999997
vt 0.021759063 0.015928297999999952
vt 0.021877944 0.016232370999999968
vt 0.021360606 0.01631513200000001
vt 0.021877944 0.016232370999999968
vt 0.021922141 0.01669764500000004
vt 0.021336138 0.01668262499999995
vt 0.021900415 0.01830443699999995
vt 0.021931052 0.017977416999999996
vt 0.022583157 0.017985553000000043
vt 0.021931052 0.017977416999999996
vt 0.021934003 0.017722248999999968
vt 0.02258566 0.01772934199999998
vt 0.0232386 0.017743707000000053
vt 0.02323693 0.018027483999999983
vt 0.022583157 0.017985553000000043
vt 0.02323693 0.018027483999999983
vt 0.023230016 0.01830625500000005
vt 0.022578835 0.018248795999999956
vt 0.023230016 0.01830625500000005
vt 0.02323693 0.018027483999999983
vt 0.023889154 0.018137664000000053
vt 0.02323693 0.018027483999999983
vt 0.0232386 0.017743707000000053
vt 0.023890287 0.01777362800000004
vt 0.024539351 0.01774772999999996
vt 0.024536133 0.018211484000000056
vt 0.023889154 0.018137664000000053
vt 0.024536133 0.018211484000000056
vt 0.024533212 0.018607378000000008
vt 0.023883581 0.01846176399999999
vt 0.024533212 0.018607378000000008
vt 0.024536133 0.018211484000000056
vt 0.025174797 0.018138528000000043
vt 0.024536133 0.018211484000000056
vt 0.024539351 0.01774772999999996
vt 0.025191009 0.017597080000000043
vt 0.02585262 0.01741328799999997
vt 0.025673687 0.018089294000000034
vt 0.025174797 0.018138528000000043
vt 0.025673687 0.018089294000000034
vt 0.025553048 0.01850867300000003
vt 0.025173426 0.018627346000000045
vt 0.030036092 0.025707363999999955
vt 0.030087113 0.025226532999999995
vt 0.030635357 0.025276243999999948
vt 0.030087113 0.025226532999999995
vt 0.030222893 0.024962543999999975
vt 0.03063047 0.024908720999999967
vt 0.031310022 0.024955273
vt 0.031321585 0.025332927999999977
vt 0.030635357 0.025276243999999948
vt 0.031321585 0.025332927999999977
vt 0.031281233 0.02580666499999995
vt 0.030593872 0.02574730000000003
vt 0.031281233 0.02580666499999995
vt 0.031321585 0.025332927999999977
vt 0.032016814 0.025394260000000002
vt 0.031321585 0.025332927999999977
vt 0.031310022 0.024955273
vt 0.031996727 0.025007486000000023
vt 0.032669663 0.025047719999999996
vt 0.032690287 0.025445640000000047
vt 0.032016814 0.025394260000000002
vt 0.032690287 0.025445640000000047
vt 0.032691836 0.02592694799999995
vt 0.031978846 0.025867045000000033
vt 0.032691836 0.02592694799999995
vt 0.032690287 0.025445640000000047
vt 0.033337474 0.025447487999999963
vt 0.032690287 0.025445640000000047
vt 0.032669663 0.025047719999999996
vt 0.033324838 0.025045395000000026
vt 0.033731103 0.02504897100000003
vt 0.033852816 0.025358020999999953
vt 0.033337474 0.025447487999999963
vt 0.033852816 0.025358020999999953
vt 0.034026027 0.025781990000000032
vt 0.033352673 0.02582192400000005
vt 0.019629866 0.028001606000000012
vt 0.019537479 0.02768188699999996
vt 0.020050704 0.027646660000000045
vt 0.019537479 0.02768188699999996
vt 0.019372076 0.027203917999999994
vt 0.020033985 0.027179480000000034
vt 0.020622313 0.02716696299999999
vt 0.020615935 0.027636050999999995
vt 0.020050704 0.027646660000000045
vt 0.020615935 0.027636050999999995
vt 0.020626724 0.02803420999999995
vt 0.020034254 0.028039574999999983
vt 0.020626724 0.02803420999999995
vt 0.020615935 0.027636050999999995
vt 0.021050364 0.027608811999999983
vt 0.020615935 0.027636050999999995
vt 0.020622313 0.02716696299999999
vt 0.021090686 0.027145862999999992
vt 0.021595657 0.027106583000000017
vt 0.021411538 0.027606963999999956
vt 0.021050364 0.027608811999999983
vt 0.021411538 0.027606963999999956
vt 0.021392107 0.02790331800000001
vt 0.021097183 0.02799278500000002
vt 0.025636613 0.024141549999999956
vt 0.025527596 0.023675977999999986
vt 0.026180804 0.023545383999999947
vt 0.025527596 0.023675977999999986
vt 0.025528848 0.023378759999999943
vt 0.025994599 0.023175626999999976
vt 0.026746035 0.022963166000000035
vt 0.026767135 0.023431301000000015
vt 0.026180804 0.023545383999999947
vt 0.026767135 0.023431301000000015
vt 0.026751518 0.023727148999999947
vt 0.02636528 0.023906141999999964
vt 0.020840764 0.02828788800000004
vt 0.021311104 0.028362094999999976
vt 0.021319717 0.029000282000000044
vt 0.021311104 0.028362094999999976
vt 0.021575868 0.02843999900000005
vt 0.02167964 0.02887839000000003
vt 0.02184841 0.029661775
vt 0.021379769 0.029708265999999983
vt 0.021319717 0.029000282000000044
vt 0.021379769 0.029708265999999983
vt 0.020869195 0.02972280999999999
vt 0.0208323 0.02903628300000005
vt 0.023473471 0.025240004000000038
vt 0.023419201 0.025725007000000022
vt 0.022689342 0.025744140000000026
vt 0.023419201 0.025725007000000022
vt 0.023356438 0.026028394999999982
vt 0.022824198 0.02614688899999995
vt 0.022059083 0.02618885000000004
vt 0.021971256 0.02573311300000003
vt 0.022689342 0.025744140000000026
vt 0.021971256 0.02573311300000003
vt 0.022157669 0.025155484999999977
vt 0.022960871 0.025189996000000048
vt 0.022157669 0.025155484999999977
vt 0.021971256 0.02573311300000003
vt 0.021374226 0.02568364099999998
vt 0.021971256 0.02573311300000003
vt 0.022059083 0.02618885000000004
vt 0.021359384 0.026180207999999983
vt 0.020676434 0.026114344999999983
vt 0.020777047 0.025650799999999974
vt 0.021374226 0.02568364099999998
vt 0.020777047 0.025650799999999974
vt 0.020792246 0.025179386000000026
vt 0.021514207 0.02513354999999995
vt 0.020792246 0.025179386000000026
vt 0.020777047 0.025650799999999974
vt 0.019913316 0.025701046000000005
vt 0.020777047 0.025650799999999974
vt 0.020676434 0.026114344999999983
vt 0.019935727 0.026107073000000036
vt 0.019399196 0.025993228000000035
vt 0.019154876 0.025701940000000034
vt 0.019913316 0.025701046000000005
vt 0.019154876 0.025701940000000034
vt 0.019135654 0.025198280000000017
vt 0.019903421 0.025199473000000028
vt 0.029832304 0.021198123999999985
vt 0.029785097 0.020876585999999975
vt 0.03027296 0.020941913000000034
vt 0.029785097 0.020876585999999975
vt 0.029897273 0.02051409999999998
vt 0.03027761 0.020505607000000037
vt 0.030914903 0.020538092000000008
vt 0.030892253 0.020980686000000026
vt 0.03027296 0.020941913000000034
vt 0.030892253 0.020980686000000026
vt 0.030816019 0.021454631999999974
vt 0.030189037 0.021305144000000054
vt 0.030816019 0.021454631999999974
vt 0.030892253 0.020980686000000026
vt 0.031534314 0.021016716999999963
vt 0.030892253 0.020980686000000026
vt 0.030914903 0.020538092000000008
vt 0.031557262 0.020597874999999988
vt 0.032179892 0.020664751999999953
vt 0.03215611 0.021086037000000002
vt 0.031534314 0.021016716999999963
vt 0.03215611 0.021086037000000002
vt 0.032131374 0.021577894999999958
vt 0.031507373 0.021486311999999952
vt 0.032131374 0.021577894999999958
vt 0.03215611 0.021086037000000002
vt 0.032743037 0.021220267000000015
vt 0.03215611 0.021086037000000002
vt 0.032179892 0.020664751999999953
vt 0.032762885 0.020723103999999992
vt 0.033267736 0.02062225299999998
vt 0.033213258 0.02132651200000002
vt 0.032743037 0.021220267000000015
vt 0.033213258 0.02132651200000002
vt 0.033293724 0.022044122000000055
vt 0.032712877 0.021784185999999983
vt 0.030053973 0.026560247000000037
vt 0.029989839 0.026206909999999972
vt 0.030552626 0.026218890999999966
vt 0.029989839 0.026206909999999972
vt 0.030036092 0.025707363999999955
vt 0.030593872 0.02574730000000003
vt 0.031281233 0.02580666499999995
vt 0.031240225 0.026280462999999976
vt 0.030552626 0.026218890999999966
vt 0.031240225 0.026280462999999976
vt 0.03117466 0.026800751999999983
vt 0.030466735 0.02664864
vt 0.03117466 0.026800751999999983
vt 0.031240225 0.026280462999999976
vt 0.031937003 0.02633988899999995
vt 0.031240225 0.026280462999999976
vt 0.031281233 0.02580666499999995
vt 0.031978846 0.025867045000000033
vt 0.032691836 0.02592694799999995
vt 0.032500863 0.026391029999999982
vt 0.031937003 0.02633988899999995
vt 0.032500863 0.026391029999999982
vt 0.03245145 0.02686357500000003
vt 0.031909585 0.02681464
vt 0.022210836 0.021596878999999958
vt 0.0223172 0.021113873000000005
vt 0.022836208 0.021169840999999967
vt 0.0223172 0.021113873000000005
vt 0.022468 0.020863026000000007
vt 0.022865027 0.020812810000000015
vt 0.02352354 0.020868479999999967
vt 0.023517638 0.02124428700000003
vt 0.022836208 0.021169840999999967
vt 0.023517638 0.02124428700000003
vt 0.023454756 0.021725804000000015
vt 0.022750556 0.021650672000000037
vt 0.023454756 0.021725804000000015
vt 0.023517638 0.02124428700000003
vt 0.024236381 0.02132681000000003
vt 0.023517638 0.02124428700000003
vt 0.02352354 0.020868479999999967
vt 0.02421692 0.02093654899999997
vt 0.024904132 0.020999133999999975
vt 0.024916053 0.021402270000000057
vt 0.024236381 0.02132681000000003
vt 0.024916053 0.021402270000000057
vt 0.024855137 0.021854699000000033
vt 0.024175406 0.02179777599999999
vt 0.024855137 0.021854699000000033
vt 0.024916053 0.021402270000000057
vt 0.025529504 0.021464110000000036
vt 0.024916053 0.021402270000000057
vt 0.024904132 0.020999133999999975
vt 0.025564313 0.02103209500000003
vt 0.026236236 0.021060586000000048
vt 0.026152253 0.021519422999999982
vt 0.025529504 0.021464110000000036
vt 0.026152253 0.021519422999999982
vt 0.026111484 0.021982104000000002
vt 0.025482893 0.02191832699999996
vt 0.026111484 0.021982104000000002
vt 0.026152253 0.021519422999999982
vt 0.02681911 0.021544337000000024
vt 0.026152253 0.021519422999999982
vt 0.026236236 0.021060586000000048
vt 0.026941419 0.021038680999999948
vt 0.027640581 0.020963191999999964
vt 0.027489305 0.021598099999999953
vt 0.02681911 0.021544337000000024
vt 0.027489305 0.021598099999999953
vt 0.027410805 0.022099018000000026
vt 0.026751518 0.02203360200000004
vt 0.019798994 0.028457045999999986
vt 0.020270467 0.02846097999999997
vt 0.020327747 0.029103397999999947
vt 0.020270467 0.02846097999999997
vt 0.020840764 0.02828788800000004
vt 0.0208323 0.02903628300000005
vt 0.020869195 0.02972280999999999
vt 0.020344377 0.029699861999999966
vt 0.020327747 0.029103397999999947
vt 0.020344377 0.029699861999999966
vt 0.019750059 0.02967244400000002
vt 0.019968927 0.02909326599999995
vt 0.023458362 0.02445924300000002
vt 0.023526758 0.024758040000000037
vt 0.022992134 0.024702430000000053
vt 0.023526758 0.024758040000000037
vt 0.023473471 0.025240004000000038
vt 0.022960871 0.025189996000000048
vt 0.022157669 0.025155484999999977
vt 0.022160888 0.024664997999999994
vt 0.022992134 0.024702430000000053
vt 0.022160888 0.024664997999999994
vt 0.02204138 0.024113119000000016
vt 0.022881806 0.024287134000000044
vt 0.02204138 0.024113119000000016
vt 0.022160888 0.024664997999999994
vt 0.021496654 0.024699747999999966
vt 0.022160888 0.024664997999999994
vt 0.022157669 0.025155484999999977
vt 0.021514207 0.02513354999999995
vt 0.020792246 0.025179386000000026
vt 0.020792544 0.024697184999999955
vt 0.021496654 0.024699747999999966
vt 0.020792544 0.024697184999999955
vt 0.020719051 0.024163932
vt 0.02137804 0.02420610199999995
vt 0.020719051 0.024163932
vt 0.020792544 0.024697184999999955
vt 0.020074874 0.024683118000000004
vt 0.020792544 0.024697184999999955
vt 0.020792246 0.025179386000000026
vt 0.019903421 0.025199473000000028
vt 0.019135654 0.025198280000000017
vt 0.019316822 0.024656891999999986
vt 0.020074874 0.024683118000000004
vt 0.019316822 0.024656891999999986
vt 0.019349515 0.024354964000000034
vt 0.019929051 0.024276792999999963
vt 0.03402996 0.01772963999999999
vt 0.034030795 0.018206595999999964
vt 0.03368181 0.018197090000000027
vt 0.034030795 0.018206595999999964
vt 0.034052372 0.018747984999999967
vt 0.03362441 0.018575191000000046
vt 0.033313453 0.018516391999999993
vt 0.03331411 0.01822373300000002
vt 0.03368181 0.018197090000000027
vt 0.03331411 0.01822373300000002
vt 0.0331316 0.01774603100000005
vt 0.033632398 0.017734498000000043
vt 0.030955017 0.022232770000000013
vt 0.03091377 0.021933049000000038
vt 0.03148526 0.021950602999999957
vt 0.03091377 0.021933049000000038
vt 0.030816019 0.021454631999999974
vt 0.031507373 0.021486311999999952
vt 0.032131374 0.021577894999999958
vt 0.032106757 0.022034942999999974
vt 0.03148526 0.021950602999999957
vt 0.032106757 0.022034942999999974
vt 0.03205669 0.02239537199999997
vt 0.031407595 0.02232498000000005
vt 0.03205669 0.02239537199999997
vt 0.032106757 0.022034942999999974
vt 0.032712698 0.022193609999999975
vt 0.032106757 0.022034942999999974
vt 0.032131374 0.021577894999999958
vt 0.032712877 0.021784185999999983
vt 0.033293724 0.022044122000000055
vt 0.033322334 0.022401840000000006
vt 0.032712698 0.022193609999999975
vt 0.033322334 0.022401840000000006
vt 0.033287585 0.022678733000000006
vt 0.03265357 0.022483290000000045
vt 0.02129519 0.03250783700000004
vt 0.021280587 0.03222400000000003
vt 0.0219692 0.032324134999999976
vt 0.021280587 0.03222400000000003
vt 0.02118361 0.03187179600000001
vt 0.021921575 0.031975030000000015
vt 0.022352397 0.03197723600000002
vt 0.022519171 0.03229820699999997
vt 0.0219692 0.032324134999999976
vt 0.022519171 0.03229820699999997
vt 0.02273795 0.03277266000000001
vt 0.02204752 0.032658458
vt 0.031429768 0.02768135000000005
vt 0.031359673 0.027329205999999995
vt 0.031912923 0.027296483999999954
vt 0.031359673 0.027329205999999995
vt 0.03117466 0.026800751999999983
vt 0.031909585 0.02681464
vt 0.03245145 0.02686357500000003
vt 0.03241968 0.02733909999999995
vt 0.031912923 0.027296483999999954
vt 0.03241968 0.02733909999999995
vt 0.032395482 0.027873217999999977
vt 0.0318439 0.027736902000000008
vt 0.022106826 0.02254352000000004
vt 0.022140026 0.022068321999999974
vt 0.022687435 0.022128463000000043
vt 0.022140026 0.022068321999999974
vt 0.022210836 0.021596878999999958
vt 0.022750556 0.021650672000000037
vt 0.023454756 0.021725804000000015
vt 0.023391902 0.022206305999999953
vt 0.022687435 0.022128463000000043
vt 0.023391902 0.022206305999999953
vt 0.023334622 0.022686780000000017
vt 0.022644699 0.02260845899999997
vt 0.023334622 0.022686780000000017
vt 0.023391902 0.022206305999999953
vt 0.024095982 0.022282362
vt 0.023391902 0.022206305999999953
vt 0.023454756 0.021725804000000015
vt 0.024175406 0.02179777599999999
vt 0.024855137 0.021854699000000033
vt 0.024773836 0.022341787999999974
vt 0.024095982 0.022282362
vt 0.024773836 0.022341787999999974
vt 0.024676144 0.022865415000000056
vt 0.024022609 0.022768915
vt 0.024676144 0.022865415000000056
vt 0.024773836 0.022341787999999974
vt 0.025417805 0.022413610999999944
vt 0.024773836 0.022341787999999974
vt 0.024855137 0.021854699000000033
vt 0.025482893 0.02191832699999996
vt 0.026111484 0.021982104000000002
vt 0.0260638 0.02247816300000005
vt 0.025417805 0.022413610999999944
vt 0.0260638 0.02247816300000005
vt 0.026002884 0.022958516999999956
vt 0.025343 0.02289944899999996
vt 0.026002884 0.022958516999999956
vt 0.0260638 0.02247816300000005
vt 0.026707709 0.022493212999999956
vt 0.0260638 0.02247816300000005
vt 0.026111484 0.021982104000000002
vt 0.026751518 0.02203360200000004
vt 0.027410805 0.022099018000000026
vt 0.02720058 0.022563099999999947
vt 0.026707709 0.022493212999999956
vt 0.02720058 0.022563099999999947
vt 0.027066588 0.02291551199999997
vt 0.02667737 0.022937596000000005
vt 0.025772393 0.024191945999999964
vt 0.025679767 0.024659812000000003
vt 0.025145292 0.024644077000000042
vt 0.025679767 0.024659812000000003
vt 0.025618315 0.02498054500000002
vt 0.025205135 0.02503943399999997
vt 0.02482152 0.025058090000000033
vt 0.024663925 0.02478361100000004
vt 0.025145292 0.024644077000000042
vt 0.024663925 0.02478361100000004
vt 0.024432898 0.024314433000000024
vt 0.025117338 0.02423748400000003
vt 0.027883053 0.028287053000000006
vt 0.02780521 0.027994990000000053
vt 0.028410256 0.02795076399999996
vt 0.02780521 0.027994990000000053
vt 0.02773714 0.027468680999999995
vt 0.028517306 0.027537346000000018
vt 0.02903223 0.027537107000000005
vt 0.029039323 0.027885080000000007
vt 0.028410256 0.02795076399999996
vt 0.029039323 0.027885080000000007
vt 0.029070258 0.02844017700000001
vt 0.028331637 0.02834248500000003
vt 0.02173245 0.022907615000000048
vt 0.021871269 0.02340668400000001
vt 0.021366388 0.023566127000000048
vt 0.021871269 0.02340668400000001
vt 0.02204138 0.024113119000000016
vt 0.02137804 0.02420610199999995
vt 0.020719051 0.024163932
vt 0.020853937 0.023427843999999975
vt 0.021366388 0.023566127000000048
vt 0.020853937 0.023427843999999975
vt 0.020968199 0.022924005999999997
vt 0.021350384 0.022860765000000005
vt 0.01985246 0.031902313000000015
vt 0.01999861 0.03134000299999995
vt 0.020613909 0.03139782000000002
vt 0.01999861 0.03134000299999995
vt 0.02012688 0.030966401000000032
vt 0.020646274 0.030972957999999995
vt 0.021411985 0.030950248000000014
vt 0.02120179 0.03146994000000003
vt 0.020613909 0.03139782000000002
vt 0.02120179 0.03146994000000003
vt 0.021003067 0.03180062800000005
vt 0.020549238 0.031818031999999996
vt 0.03401929 0.01677703900000005
vt 0.034023404 0.017252743000000015
vt 0.033515155 0.017258435000000016
vt 0.034023404 0.017252743000000015
vt 0.03402996 0.01772963999999999
vt 0.033632398 0.017734498000000043
vt 0.0331316 0.01774603100000005
vt 0.03293276 0.017259597999999987
vt 0.033515155 0.017258435000000016
vt 0.03293276 0.017259597999999987
vt 0.03276658 0.016782611999999975
vt 0.033402264 0.016780852999999984
vt 0.03276658 0.016782611999999975
vt 0.03293276 0.017259597999999987
vt 0.03220594 0.01725781000000004
vt 0.03293276 0.017259597999999987
vt 0.0331316 0.01774603100000005
vt 0.032277107 0.017648099999999944
vt 0.03156507 0.017642586999999987
vt 0.031569958 0.017254262999999992
vt 0.03220594 0.01725781000000004
vt 0.031569958 0.017254262999999992
vt 0.031524003 0.016785501999999952
vt 0.032096088 0.01678329700000003
vt 0.031524003 0.016785501999999952
vt 0.031569958 0.017254262999999992
vt 0.03125441 0.01725143200000001
vt 0.031569958 0.017254262999999992
vt 0.03156507 0.017642586999999987
vt 0.03117156 0.017626643000000053
vt 0.030908823 0.017566174000000045
vt 0.030968666 0.017279565000000052
vt 0.03125441 0.01725143200000001
vt 0.030968666 0.017279565000000052
vt 0.030776978 0.016801237999999996
vt 0.031177998 0.016791283999999962
vt 0.02152121 0.03321200599999996
vt 0.021460503 0.03293674999999996
vt 0.022099495 0.032970904999999995
vt 0.021460503 0.03293674999999996
vt 0.02129519 0.03250783700000004
vt 0.02204752 0.032658458
vt 0.02273795 0.03277266000000001
vt 0.022754908 0.03305208699999995
vt 0.022099495 0.032970904999999995
vt 0.022754908 0.03305208699999995
vt 0.02275759 0.03330576399999996
vt 0.022042036 0.033249795000000026
vt 0.02275759 0.03330576399999996
vt 0.022754908 0.03305208699999995
vt 0.023394465 0.03306507999999997
vt 0.022754908 0.03305208699999995
vt 0.02273795 0.03277266000000001
vt 0.023402661 0.032801866999999985
vt 0.023786783 0.03271144599999998
vt 0.023896575 0.032945036999999955
vt 0.023394465 0.03306507999999997
vt 0.023896575 0.032945036999999955
vt 0.024073899 0.03320348299999998
vt 0.023421407 0.03328180299999994
vt 0.022197962 0.023313970000000017
vt 0.022105217 0.023036509999999955
vt 0.022621453 0.023094118000000052
vt 0.022105217 0.023036509999999955
vt 0.022106826 0.02254352000000004
vt 0.022644699 0.02260845899999997
vt 0.023334622 0.022686780000000017
vt 0.023289084 0.023168206000000025
vt 0.022621453 0.023094118000000052
vt 0.023289084 0.023168206000000025
vt 0.02322641 0.02353036399999997
vt 0.022574127 0.023447454000000034
vt 0.02322641 0.02353036399999997
vt 0.023289084 0.023168206000000025
vt 0.02396828 0.023251652999999983
vt 0.023289084 0.023168206000000025
vt 0.023334622 0.022686780000000017
vt 0.024022609 0.022768915
vt 0.024676144 0.022865415000000056
vt 0.024450064 0.02331581699999996
vt 0.02396828 0.023251652999999983
vt 0.024450064 0.02331581699999996
vt 0.024287045 0.023581474999999963
vt 0.023910165 0.02360656900000002
vt 0.028645277 0.020620583999999997
vt 0.028154612 0.020711213000000006
vt 0.027963758 0.020227969000000012
vt 0.028154612 0.020711213000000006
vt 0.027850628 0.020738542000000026
vt 0.027628481 0.020412147000000047
vt 0.027327538 0.019809723000000057
vt 0.027803302 0.01972964399999999
vt 0.027963758 0.020227969000000012
vt 0.027803302 0.01972964399999999
vt 0.028178692 0.019654779999999983
vt 0.02836442 0.02000260399999998
vt 0.017459989 0.03254890399999999
vt 0.017632663 0.031896950000000035
vt 0.018152922 0.03187000799999995
vt 0.017632663 0.031896950000000035
vt 0.017728806 0.03148186200000003
vt 0.018140614 0.03138434999999995
vt 0.018725932 0.03135979
vt 0.018711329 0.03178262700000001
vt 0.018152922 0.03187000799999995
vt 0.018711329 0.03178262700000001
vt 0.01871422 0.03226638000000004
vt 0.018129528 0.03239971399999997
vt 0.01871422 0.03226638000000004
vt 0.018711329 0.03178262700000001
vt 0.01911351 0.03175890400000003
vt 0.018711329 0.03178262700000001
vt 0.018725932 0.03135979
vt 0.01917708 0.031370699999999974
vt 0.019485533 0.03142082700000004
vt 0.019465089 0.031736135000000054
vt 0.01911351 0.03175890400000003
vt 0.019465089 0.031736135000000054
vt 0.019642353 0.032221257999999975
vt 0.019158363 0.03222131699999997
vt 0.028075695 0.024674535000000053
vt 0.02797991 0.02431941000000004
vt 0.028553605 0.024184733999999986
vt 0.02797991 0.02431941000000004
vt 0.027839541 0.023688138000000025
vt 0.028549552 0.023621082000000015
vt 0.028939545 0.023577570000000048
vt 0.029057741 0.024017692000000035
vt 0.028553605 0.024184733999999986
vt 0.029057741 0.024017692000000035
vt 0.029233098 0.02468377399999999
vt 0.028530478 0.024694919999999954
vt 0.023903728 0.027468680999999995
vt 0.024052799 0.027923107000000003
vt 0.02356428 0.028113960999999965
vt 0.024052799 0.027923107000000003
vt 0.024276733 0.02864444300000002
vt 0.023603559 0.028719068000000014
vt 0.022924393 0.028741955999999957
vt 0.023065388 0.028015852000000008
vt 0.02356428 0.028113960999999965
vt 0.023065388 0.028015852000000008
vt 0.02316761 0.027589379999999997
vt 0.02352786 0.027502417999999973
vt 0.028556287 0.029452384000000054
vt 0.028683782 0.02888274199999996
vt 0.029193759 0.028939903000000045
vt 0.028683782 0.02888274199999996
vt 0.028777838 0.028533876000000014
vt 0.029172301 0.028512179999999998
vt 0.029770494 0.028492689999999987
vt 0.02974683 0.029019593999999982
vt 0.029193759 0.028939903000000045
vt 0.02974683 0.029019593999999982
vt 0.029697299 0.029333590999999992
vt 0.029245436 0.02935528799999998
vt 0.034014463 0.015825331000000054
vt 0.03401661 0.016301184999999996
vt 0.033363402 0.016304373999999955
vt 0.03401661 0.016301184999999996
vt 0.03401929 0.01677703900000005
vt 0.033402264 0.016780852999999984
vt 0.03276658 0.016782611999999975
vt 0.032710075 0.016306668999999996
vt 0.033363402 0.016304373999999955
vt 0.032710075 0.016306668999999996
vt 0.032708287 0.01583087400000005
vt 0.033361316 0.01582828199999997
vt 0.032708287 0.01583087400000005
vt 0.032710075 0.016306668999999996
vt 0.032057524 0.016308725000000024
vt 0.032710075 0.016306668999999996
vt 0.03276658 0.016782611999999975
vt 0.032096088 0.01678329700000003
vt 0.031524003 0.016785501999999952
vt 0.031465054 0.016311795000000018
vt 0.032057524 0.016308725000000024
vt 0.031465054 0.016311795000000018
vt 0.03141755 0.015836238999999974
vt 0.032055497 0.015833377999999954
vt 0.03141755 0.015836238999999974
vt 0.031465054 0.016311795000000018
vt 0.030991197 0.016315877000000034
vt 0.031465054 0.016311795000000018
vt 0.031524003 0.016785501999999952
vt 0.031177998 0.016791283999999962
vt 0.030776978 0.016801237999999996
vt 0.030457139 0.016314089999999948
vt 0.030991197 0.016315877000000034
vt 0.030457139 0.016314089999999948
vt 0.030187845 0.015837817999999948
vt 0.030809522 0.015838205999999966
vt 0.030187845 0.015837817999999948
vt 0.030457139 0.016314089999999948
vt 0.02969426 0.01630598299999997
vt 0.030457139 0.016314089999999948
vt 0.030776978 0.016801237999999996
vt 0.02980125 0.016694247999999967
vt 0.029221416 0.016641139999999943
vt 0.029015124 0.01633304400000002
vt 0.02969426 0.01630598299999997
vt 0.029015124 0.01633304400000002
vt 0.028802574 0.01585444800000002
vt 0.029509604 0.01584118599999995
vt 0.023082852 0.034021140000000005
vt 0.022959888 0.033724666000000014
vt 0.023464262 0.033661842
vt 0.022959888 0.033724666000000014
vt 0.02275759 0.03330576399999996
vt 0.023421407 0.03328180299999994
vt 0.024073899 0.03320348299999998
vt 0.02410829 0.03365117299999998
vt 0.023464262 0.033661842
vt 0.02410829 0.03365117299999998
vt 0.024127185 0.03401869499999999
vt 0.023478448 0.03404629199999998
vt 0.024127185 0.03401869499999999
vt 0.02410829 0.03365117299999998
vt 0.024767578 0.03370779800000001
vt 0.02410829 0.03365117299999998
vt 0.024073899 0.03320348299999998
vt 0.024754405 0.03336012399999999
vt 0.025415719 0.03345704000000005
vt 0.025424957 0.03376478000000005
vt 0.024767578 0.03370779800000001
vt 0.025424957 0.03376478000000005
vt 0.02544427 0.03406500999999995
vt 0.024780273 0.034011303999999964
vt 0.014837325 0.03322815999999995
vt 0.01483494 0.032927154999999986
vt 0.015491962 0.03295564699999998
vt 0.01483494 0.032927154999999986
vt 0.014838457 0.03261816500000003
vt 0.015491545 0.03265976999999998
vt 0.016143799 0.032653810000000005
vt 0.01614672 0.03294920999999995
vt 0.015491962 0.03295564699999998
vt 0.01614672 0.03294920999999995
vt 0.01614958 0.033228040000000014
vt 0.015498102 0.03323602700000006
vt 0.01614958 0.033228040000000014
vt 0.01614672 0.03294920999999995
vt 0.016800463 0.03294205699999997
vt 0.01614672 0.03294920999999995
vt 0.016143799 0.032653810000000005
vt 0.016795993 0.03264630000000002
vt 0.017459989 0.03254890399999999
vt 0.017457515 0.032904743999999986
vt 0.016800463 0.03294205699999997
vt 0.017457515 0.032904743999999986
vt 0.017457545 0.03321027799999998
vt 0.016802788 0.03322231799999997
vt 0.017457545 0.03321027799999998
vt 0.017457515 0.032904743999999986
vt 0.018118382 0.03281164000000003
vt 0.017457515 0.032904743999999986
vt 0.017459989 0.03254890399999999
vt 0.018129528 0.03239971399999997
vt 0.01871422 0.03226638000000004
vt 0.01873666 0.03272342699999997
vt 0.018118382 0.03281164000000003
vt 0.01873666 0.03272342699999997
vt 0.01876527 0.033181009999999955
vt 0.018112004 0.03319055000000004
vt 0.01876527 0.033181009999999955
vt 0.01873666 0.03272342699999997
vt 0.01927194 0.03269636600000003
vt 0.01873666 0.03272342699999997
vt 0.01871422 0.03226638000000004
vt 0.019158363 0.03222131699999997
vt 0.019642353 0.032221257999999975
vt 0.019852608 0.03271025400000005
vt 0.01927194 0.03269636600000003
vt 0.019852608 0.03271025400000005
vt 0.0200454 0.03320187299999999
vt 0.019390643 0.03308433300000002
vt 0.0200454 0.03320187299999999
vt 0.019852608 0.03271025400000005
vt 0.02059561 0.03274798400000001
vt 0.019852608 0.03271025400000005
vt 0.019642353 0.032221257999999975
vt 0.020505548 0.03233266000000001
vt 0.02100122 0.03239166699999996
vt 0.021198243 0.03273564600000001
vt 0.02059561 0.03274798400000001
vt 0.021198243 0.03273564600000001
vt 0.02145511 0.033321142000000026
vt 0.020716041 0.03324020000000005
vt 0.024005592 0.029823900000000014
vt 0.024130523 0.030175744999999976
vt 0.023614347 0.03035593000000003
vt 0.024130523 0.030175744999999976
vt 0.024329782 0.030741393999999977
vt 0.023604333 0.030899286000000026
vt 0.022924393 0.03104722500000001
vt 0.02313149 0.030307709999999988
vt 0.023614347 0.03035593000000003
vt 0.02313149 0.030307709999999988
vt 0.023263097 0.029875398000000053
vt 0.023626357 0.02982628300000001
vt 0.026835859 0.028592466999999955
vt 0.026190639 0.028447807000000047
vt 0.02609855 0.027752994999999947
vt 0.026190639 0.028447807000000047
vt 0.025759697 0.02836090300000005
vt 0.025639892 0.02786970099999997
vt 0.025484324 0.02716297000000001
vt 0.026002288 0.027125596999999946
vt 0.02609855 0.027752994999999947
vt 0.026002288 0.027125596999999946
vt 0.026470542 0.027049780000000023
vt 0.026590645 0.02767676100000005
vt 0.03401023 0.014873683000000026
vt 0.034012318 0.01534950700000004
vt 0.03335929 0.01535236799999995
vt 0.034012318 0.01534950700000004
vt 0.034014463 0.015825331000000054
vt 0.033361316 0.01582828199999997
vt 0.032708287 0.01583087400000005
vt 0.03270638 0.015355110000000005
vt 0.03335929 0.01535236799999995
vt 0.03270638 0.015355110000000005
vt 0.032704353 0.014879405499999998
vt 0.033357263 0.014876604000000015
vt 0.032704353 0.014879405499999998
vt 0.03270638 0.015355110000000005
vt 0.03205353 0.015357763000000024
vt 0.03270638 0.015355110000000005
vt 0.032708287 0.01583087400000005
vt 0.032055497 0.015833377999999954
vt 0.03141755 0.015836238999999974
vt 0.0314008 0.01536041499999996
vt 0.03205353 0.015357763000000024
vt 0.0314008 0.01536041499999996
vt 0.03139901 0.01488482950000003
vt 0.032051623 0.014882147000000012
vt 0.03139901 0.01488482950000003
vt 0.0314008 0.01536041499999996
vt 0.030748248 0.015362501000000028
vt 0.0314008 0.01536041499999996
vt 0.03141755 0.015836238999999974
vt 0.030809522 0.015838205999999966
vt 0.030187845 0.015837817999999948
vt 0.030096233 0.015364288999999975
vt 0.030748248 0.015362501000000028
vt 0.030096233 0.015364288999999975
vt 0.030094385 0.01488938900000003
vt 0.03074658 0.014887153999999958
vt 0.030094385 0.01488938900000003
vt 0.030096233 0.015364288999999975
vt 0.029444337 0.015367924999999949
vt 0.030096233 0.015364288999999975
vt 0.030187845 0.015837817999999948
vt 0.029509604 0.01584118599999995
vt 0.028802574 0.01585444800000002
vt 0.028791308 0.015368938000000054
vt 0.029444337 0.015367924999999949
vt 0.028791308 0.015368938000000054
vt 0.028791368 0.014894246999999972
vt 0.02944243 0.01489257799999999
vt 0.028791368 0.014894246999999972
vt 0.028791308 0.015368938000000054
vt 0.02813989 0.015365540999999983
vt 0.028791308 0.015368938000000054
vt 0.028802574 0.01585444800000002
vt 0.028137386 0.015754640000000042
vt 0.027487278 0.015750170000000008
vt 0.02749163 0.015360981000000051
vt 0.02813989 0.015365540999999983
vt 0.02749163 0.015360981000000051
vt 0.02749306 0.014890402999999997
vt 0.028141677 0.014892637999999958
vt 0.02749306 0.014890402999999997
vt 0.02749163 0.015360981000000051
vt 0.02685523 0.015357195999999962
vt 0.02749163 0.015360981000000051
vt 0.027487278 0.015750170000000008
vt 0.026839018 0.01573771199999996
vt 0.026449382 0.015680910000000048
vt 0.026351929 0.015377163999999999
vt 0.02685523 0.015357195999999962
vt 0.026351929 0.015377163999999999
vt 0.026201129 0.014877200000000035
vt 0.026847184 0.014891088000000052
vt 0.015106112 0.03397435000000004
vt 0.015003353 0.03366935299999996
vt 0.015510857 0.033641814999999964
vt 0.015003353 0.03366935299999996
vt 0.014837325 0.03322815999999995
vt 0.015498102 0.03323602700000006
vt 0.01614958 0.033228040000000014
vt 0.016153067 0.033636927999999955
vt 0.015510857 0.033641814999999964
vt 0.016153067 0.033636927999999955
vt 0.016153902 0.034029125999999965
vt 0.015499949 0.03402590800000005
vt 0.016153902 0.034029125999999965
vt 0.016153067 0.033636927999999955
vt 0.016805649 0.033633470000000054
vt 0.016153067 0.033636927999999955
vt 0.01614958 0.033228040000000014
vt 0.016802788 0.03322231799999997
vt 0.017457545 0.03321027799999998
vt 0.017458081 0.03363037000000002
vt 0.016805649 0.033633470000000054
vt 0.017458081 0.03363037000000002
vt 0.01746142 0.03401958999999999
vt 0.01680836 0.03402477500000001
vt 0.01746142 0.03401958999999999
vt 0.017458081 0.03363037000000002
vt 0.018099368 0.033626318000000044
vt 0.017458081 0.03363037000000002
vt 0.017457545 0.03321027799999998
vt 0.018112004 0.03319055000000004
vt 0.01876527 0.033181009999999955
vt 0.018606693 0.03365266300000003
vt 0.018099368 0.033626318000000044
vt 0.018606693 0.03365266300000003
vt 0.018505096 0.03395819700000002
vt 0.01811117 0.034011364000000044
vt 0.028127193 0.03166699399999995
vt 0.02797687 0.032175419999999955
vt 0.027471364 0.032152771999999996
vt 0.02797687 0.032175419999999955
vt 0.027872443 0.03248685600000001
vt 0.027471364 0.03253483800000001
vt 0.027070284 0.03248685600000001
vt 0.026965857 0.032175419999999955
vt 0.027471364 0.032152771999999996
vt 0.026965857 0.032175419999999955
vt 0.026815534 0.03166699399999995
vt 0.027471364 0.03168475599999998
vt 0.020362914 0.033999740000000056
vt 0.020228088 0.03368890300000005
vt 0.020717949 0.033721804999999994
vt 0.020228088 0.03368890300000005
vt 0.0200454 0.03320187299999999
vt 0.020716041 0.03324020000000005
vt 0.02145511 0.033321142000000026
vt 0.02129221 0.03379744299999998
vt 0.020717949 0.033721804999999994
vt 0.02129221 0.03379744299999998
vt 0.021158159 0.03405952499999998
vt 0.020726562 0.034092605
vt 0.030167758 0.026751875999999952
vt 0.030007958 0.027234553999999966
vt 0.029515505 0.027228951
vt 0.030007958 0.027234553999999966
vt 0.029887378 0.027510284999999968
vt 0.029515505 0.027590989999999982
vt 0.029144108 0.027509749000000028
vt 0.02902329 0.027234255999999957
vt 0.029515505 0.027228951
vt 0.02902329 0.027234255999999957
vt 0.02886349 0.026751875999999952
vt 0.029515624 0.02675628699999999
vt 0.027494192 0.028096497000000054
vt 0.027268171 0.028310179999999963
vt 0.027061582 0.027572691000000038
vt 0.027268171 0.028310179999999963
vt 0.026835859 0.028592466999999955
vt 0.026590645 0.02767676100000005
vt 0.026470542 0.027049780000000023
vt 0.026929617 0.02695667700000004
vt 0.027061582 0.027572691000000038
vt 0.026929617 0.02695667700000004
vt 0.027268827 0.02713036499999999
vt 0.02743423 0.027550340000000006
vt 0.021848321 0.019877970000000023
vt 0.022656292 0.01979610300000001
vt 0.022759736 0.020288854999999995
vt 0.022656292 0.01979610300000001
vt 0.023424149 0.01972502499999995
vt 0.023487926 0.020210087000000043
vt 0.023557425 0.020702957999999994
vt 0.022888243 0.020770818000000024
vt 0.022759736 0.020288854999999995
vt 0.022888243 0.020770818000000024
vt 0.022446662 0.020720839999999963
vt 0.022191226 0.020379363999999955
vt 0.023424149 0.01972502499999995
vt 0.024110138 0.01959976600000002
vt 0.024165034 0.02010920599999999
vt 0.024110138 0.01959976600000002
vt 0.024773538 0.019472956999999957
vt 0.024820864 0.020008266000000052
vt 0.024855852 0.020560562999999976
vt 0.02421385 0.02062916800000003
vt 0.024165034 0.02010920599999999
vt 0.02421385 0.02062916800000003
vt 0.023557425 0.020702957999999994
vt 0.023487926 0.020210087000000043
vt 0.024773538 0.019472956999999957
vt 0.025441647 0.019405126999999966
vt 0.025476158 0.019944697999999983
vt 0.025441647 0.019405126999999966
vt 0.026104748 0.019391983999999973
vt 0.026130259 0.019920468000000024
vt 0.026114702 0.020465434000000005
vt 0.025480509 0.020508320000000024
vt 0.025476158 0.019944697999999983
vt 0.025480509 0.020508320000000024
vt 0.024855852 0.020560562999999976
vt 0.024820864 0.020008266000000052
vt 0.026104748 0.019391983999999973
vt 0.026737928 0.01943919000000005
vt 0.026781201 0.019914894999999988
vt 0.026737928 0.01943919000000005
vt 0.027097106 0.019494593000000005
vt 0.02726078 0.01986026799999996
vt 0.02747786 0.02043872999999996
vt 0.026783943 0.02041864400000004
vt 0.026781201 0.019914894999999988
vt 0.026783943 0.02041864400000004
vt 0.026114702 0.020465434000000005
vt 0.026130259 0.019920468000000024
vt 0.029989839 0.023431987000000043
vt 0.030168533 0.023179411999999955
vt 0.030490875 0.023627936999999988
vt 0.030168533 0.023179411999999955
vt 0.03054136 0.022757530000000026
vt 0.030867577 0.02345529199999996
vt 0.031095624 0.023878813000000054
vt 0.030894756 0.024097621000000014
vt 0.030490875 0.023627936999999988
vt 0.030894756 0.024097621000000014
vt 0.030521989 0.02442350999999998
vt 0.030160308 0.02384501699999997
vt 0.03054136 0.022757530000000026
vt 0.03126943 0.02262371799999996
vt 0.031393945 0.023489176999999972
vt 0.03126943 0.02262371799999996
vt 0.03201157 0.022553563
vt 0.03201568 0.023533880000000007
vt 0.032018065 0.024150549999999993
vt 0.03148693 0.02404368000000001
vt 0.031393945 0.023489176999999972
vt 0.03148693 0.02404368000000001
vt 0.031095624 0.023878813000000054
vt 0.030867577 0.02345529199999996
vt 0.03201157 0.022553563
vt 0.03275478 0.022616684000000054
vt 0.032637298 0.023484558000000044
vt 0.03275478 0.022616684000000054
vt 0.03348601 0.022743552999999972
vt 0.033164203 0.02344697699999998
vt 0.03293842 0.02387261399999996
vt 0.03254819 0.024039774999999985
vt 0.032637298 0.023484558000000044
vt 0.03254819 0.024039774999999985
vt 0.032018065 0.024150549999999993
vt 0.03201568 0.023533880000000007
vt 0.03348601 0.022743552999999972
vt 0.033857584 0.02315771600000005
vt 0.03354311 0.023617982999999954
vt 0.033857584 0.02315771600000005
vt 0.034030676 0.023401439999999996
vt 0.033872247 0.02383032399999996
vt 0.033518672 0.024435400999999968
vt 0.03314066 0.024090440000000046
vt 0.03354311 0.023617982999999954
vt 0.03314066 0.024090440000000046
vt 0.03293842 0.02387261399999996
vt 0.033164203 0.02344697699999998
vt 0.019871771 0.014840603000000008
vt 0.02024126 0.014771282999999968
vt 0.020163238 0.015277803000000034
vt 0.02024126 0.014771282999999968
vt 0.020908117 0.014793246999999954
vt 0.02082616 0.015324562999999958
vt 0.020743906 0.01588120999999998
vt 0.020075321 0.015809505999999973
vt 0.020163238 0.015277803000000034
vt 0.020075321 0.015809505999999973
vt 0.019402862 0.015730023000000037
vt 0.01968807 0.015192419000000013
vt 0.020908117 0.014793246999999954
vt 0.021555245 0.014864027500000043
vt 0.021469414 0.015399456000000034
vt 0.021555245 0.014864027500000043
vt 0.022228569 0.014895678000000023
vt 0.021947682 0.015549004000000033
vt 0.021759063 0.015928297999999952
vt 0.02138251 0.01594561299999997
vt 0.021469414 0.015399456000000034
vt 0.02138251 0.01594561299999997
vt 0.020743906 0.01588120999999998
vt 0.02082616 0.015324562999999958
vt 0.01473254 0.021583377999999986
vt 0.015354276 0.021597474999999977
vt 0.01544404 0.022221803999999956
vt 0.015354276 0.021597474999999977
vt 0.016058773 0.02159538900000002
vt 0.015998125 0.022224962999999986
vt 0.015943527 0.02288794500000002
vt 0.015497446 0.02271860800000003
vt 0.01544404 0.022221803999999956
vt 0.015497446 0.02271860800000003
vt 0.01517421 0.022642225000000016
vt 0.0149993 0.022249757999999953
vt 0.016058773 0.02159538900000002
vt 0.016608357 0.021590113999999994
vt 0.016547501 0.022226453000000035
vt 0.016608357 0.021590113999999994
vt 0.017086446 0.021578520000000045
vt 0.017077595 0.02222859899999996
vt 0.017078578 0.022901266999999947
vt 0.016517997 0.022901088000000014
vt 0.016547501 0.022226453000000035
vt 0.016517997 0.022901088000000014
vt 0.015943527 0.02288794500000002
vt 0.015998125 0.022224962999999986
vt 0.017086446 0.021578520000000045
vt 0.01757145 0.021573304999999987
vt 0.01757121 0.022229849999999995
vt 0.01757145 0.021573304999999987
vt 0.018057197 0.02158022000000004
vt 0.018048167 0.022229970000000043
vt 0.018036991 0.022902489000000026
vt 0.017570794 0.022901594999999997
vt 0.01757121 0.022229849999999995
vt 0.017570794 0.022901594999999997
vt 0.017078578 0.022901266999999947
vt 0.017077595 0.02222859899999996
vt 0.018057197 0.02158022000000004
vt 0.018538713 0.021594077000000045
vt 0.018529415 0.022228777000000033
vt 0.018538713 0.021594077000000045
vt 0.019014537 0.021600961999999946
vt 0.019016206 0.022227942999999972
vt 0.019017637 0.022901296999999987
vt 0.01851809 0.02290323400000005
vt 0.018529415 0.022228777000000033
vt 0.01851809 0.02290323400000005
vt 0.018036991 0.022902489000000026
vt 0.018048167 0.022229970000000043
vt 0.019014537 0.021600961999999946
vt 0.019484937 0.02159136500000003
vt 0.019508958 0.022230268000000053
vt 0.019484937 0.02159136500000003
vt 0.01995629 0.021563650000000045
vt 0.019995213 0.022234678000000008
vt 0.020008266 0.02287650100000005
vt 0.019529045 0.022897303000000035
vt 0.019508958 0.022230268000000053
vt 0.019529045 0.022897303000000035
vt 0.019017637 0.022901296999999987
vt 0.019016206 0.022227942999999972
vt 0.01995629 0.021563650000000045
vt 0.02043271 0.021535753999999963
vt 0.020467877 0.022226453000000035
vt 0.02043271 0.021535753999999963
vt 0.020910472 0.021512090999999955
vt 0.020938843 0.02220845199999999
vt 0.020962417 0.022614062000000046
vt 0.020482957 0.022658347999999995
vt 0.020467877 0.022226453000000035
vt 0.020482957 0.022658347999999995
vt 0.020008266 0.02287650100000005
vt 0.019995213 0.022234678000000008
vt 0.020910472 0.021512090999999955
vt 0.02139169 0.02149528300000003
vt 0.02140519 0.02218577300000002
vt 0.02139169 0.02149528300000003
vt 0.02178216 0.021427214000000028
vt 0.021793127 0.02207845399999997
vt 0.02177766 0.022366553999999983
vt 0.021447003 0.02257129499999999
vt 0.02140519 0.02218577300000002
vt 0.021447003 0.02257129499999999
vt 0.020962417 0.022614062000000046
vt 0.020938843 0.02220845199999999
vt 0.027923226 0.025308012999999963
vt 0.028429985 0.025271773000000053
vt 0.028321385 0.025745034000000055
vt 0.028429985 0.025271773000000053
vt 0.029084682 0.025215924000000056
vt 0.028916955 0.02559995699999995
vt 0.028753579 0.025900601999999995
vt 0.028245687 0.026119350999999957
vt 0.028321385 0.025745034000000055
vt 0.028245687 0.026119350999999957
vt 0.027796686 0.026210130000000054
vt 0.02773714 0.025929690000000005
vt 0.030017734 0.02961230299999995
vt 0.029849768 0.03009050999999996
vt 0.029592395 0.029980898000000034
vt 0.029849768 0.03009050999999996
vt 0.029760301 0.03037494399999996
vt 0.029529989 0.03036689800000003
vt 0.029068291 0.03032207499999995
vt 0.029236555 0.029826044999999968
vt 0.029592395 0.029980898000000034
vt 0.029236555 0.029826044999999968
vt 0.029271305 0.029516697000000036
vt 0.029604793 0.029572189000000026
vt 0.015125394 0.028390287999999986
vt 0.0155053735 0.02842128300000002
vt 0.015469432 0.028671859999999993
vt 0.0155053735 0.02842128300000002
vt 0.015878707 0.028500556999999982
vt 0.015961707 0.028723955000000023
vt 0.016066372 0.029165267999999966
vt 0.015416503 0.029040873000000023
vt 0.015469432 0.028671859999999993
vt 0.015416503 0.029040873000000023
vt 0.01473254 0.028968393999999953
vt 0.014983356 0.028578639000000017
vt 0.030236602 0.026898383999999997
vt 0.030534983 0.026888192000000033
vt 0.03057003 0.027170240000000012
vt 0.030534983 0.026888192000000033
vt 0.031041026 0.026854276999999982
vt 0.030954719 0.027249992
vt 0.030889988 0.027545213999999985
vt 0.030598044 0.027522743000000016
vt 0.03057003 0.027170240000000012
vt 0.030598044 0.027522743000000016
vt 0.030092299 0.027569532000000008
vt 0.030181885 0.027124762999999996
vt 0.026815534 0.029926239999999993
vt 0.027476072 0.029936790000000046
vt 0.027478814 0.03040742900000004
vt 0.027476072 0.029936790000000046
vt 0.028128624 0.029926239999999993
vt 0.02797532 0.03053676999999999
vt 0.027859688 0.03082871399999998
vt 0.027483344 0.03077870599999999
vt 0.027478814 0.03040742900000004
vt 0.027483344 0.03077870599999999
vt 0.027083933 0.030594707
vt 0.026974678 0.030305504999999955
vt 0.025160372 0.025434256000000044
vt 0.025596201 0.025729835000000034
vt 0.025396347 0.02619260499999998
vt 0.025596201 0.025729835000000034
vt 0.025848627 0.02592140399999998
vt 0.02577138 0.026297449999999944
vt 0.02569592 0.026806116000000046
vt 0.025219917 0.026583672000000003
vt 0.025396347 0.02619260499999998
vt 0.025219917 0.026583672000000003
vt 0.02497238 0.026353896000000043
vt 0.025029063 0.026049018000000035
vt 0.025848627 0.02592140399999998
vt 0.026216865 0.02578312199999999
vt 0.026269495 0.026270926000000028
vt 0.026216865 0.02578312199999999
vt 0.026606262 0.025839567000000008
vt 0.026762605 0.026190817000000033
vt 0.026993632 0.026710926999999995
vt 0.026359558 0.026755332999999992
vt 0.026269495 0.026270926000000028
vt 0.026359558 0.026755332999999992
vt 0.02569592 0.026806116000000046
vt 0.02577138 0.026297449999999944
vt 0.026606262 0.025839567000000008
vt 0.026811779 0.02559805000000004
vt 0.027106345 0.026007055999999973
vt 0.026811779 0.02559805000000004
vt 0.027174413 0.025215924000000056
vt 0.02745235 0.025822640000000008
vt 0.027606487 0.026177286999999994
vt 0.027399302 0.026418268999999994
vt 0.027106345 0.026007055999999973
vt 0.027399302 0.026418268999999994
vt 0.026993632 0.026710926999999995
vt 0.026762605 0.026190817000000033
vt 0.028351545 0.032895802999999946
vt 0.02900219 0.03289962000000002
vt 0.029010415 0.033531190000000044
vt 0.02900219 0.03289962000000002
vt 0.029656112 0.03289615999999995
vt 0.029657066 0.033532858000000054
vt 0.029655516 0.034023880000000006
vt 0.029004216 0.034020185000000036
vt 0.029010415 0.033531190000000044
vt 0.029004216 0.034020185000000036
vt 0.028622746 0.03391492399999996
vt 0.028510392 0.03354275200000001
vt 0.029656112 0.03289615999999995
vt 0.030309081 0.032896519999999985
vt 0.030308425 0.03353321600000003
vt 0.030309081 0.032896519999999985
vt 0.030961573 0.032897949999999954
vt 0.030959964 0.03353315599999995
vt 0.030961037 0.03402554999999996
vt 0.030307949 0.034025309999999975
vt 0.030308425 0.03353321600000003
vt 0.030307949 0.034025309999999975
vt 0.029655516 0.034023880000000006
vt 0.029657066 0.033532858000000054
vt 0.030961573 0.032897949999999954
vt 0.031612992 0.03290099000000002
vt 0.031606674 0.03353345399999996
vt 0.031612992 0.03290099000000002
vt 0.032264113 0.032895802999999946
vt 0.03210652 0.03354358700000004
vt 0.031995058 0.033915640000000025
vt 0.031614244 0.03402149700000001
vt 0.031606674 0.03353345399999996
vt 0.031614244 0.03402149700000001
vt 0.030961037 0.03402554999999996
vt 0.030959964 0.03353315599999995
vt 0.030912936 0.030131042000000052
vt 0.03135073 0.030422567999999983
vt 0.031154752 0.030885220000000047
vt 0.03135073 0.030422567999999983
vt 0.03160417 0.03061246900000003
vt 0.03152764 0.030987023999999974
vt 0.031401455 0.03153073800000006
vt 0.030962944 0.031351566
vt 0.031154752 0.030885220000000047
vt 0.030962944 0.031351566
vt 0.030706644 0.031163633000000024
vt 0.030776978 0.03078329599999996
vt 0.03160417 0.03061246900000003
vt 0.03197348 0.030476331999999995
vt 0.03202188 0.030963242000000002
vt 0.03197348 0.030476331999999995
vt 0.032623053 0.030414224000000045
vt 0.03266889 0.030904174000000006
vt 0.032713592 0.03139209700000001
vt 0.032063127 0.03144586000000005
vt 0.03202188 0.030963242000000002
vt 0.032063127 0.03144586000000005
vt 0.031401455 0.03153073800000006
vt 0.03152764 0.030987023999999974
vt 0.032623053 0.030414224000000045
vt 0.033272862 0.030353784999999966
vt 0.03331864 0.03084397299999997
vt 0.033272862 0.030353784999999966
vt 0.033942103 0.030263484000000007
vt 0.03382218 0.030825495999999952
vt 0.03373468 0.031202375999999976
vt 0.03336346 0.031334340000000016
vt 0.03331864 0.03084397299999997
vt 0.03336346 0.031334340000000016
vt 0.032713592 0.03139209700000001
vt 0.03266889 0.030904174000000006
vt 0.024761558 0.027135908999999958
vt 0.02423817 0.027095199000000014
vt 0.024319082 0.02657449199999995
vt 0.02423817 0.027095199000000014
vt 0.02387172 0.02703058700000005
vt 0.023906887 0.026608407
vt 0.023901403 0.026035130000000017
vt 0.024364948 0.02607411100000001
vt 0.024319082 0.02657449199999995
vt 0.024364948 0.02607411100000001
vt 0.024665654 0.026178299999999988
vt 0.02470994 0.026563047999999978
vt 0.02387172 0.02703058700000005
vt 0.023390204 0.02736526699999997
vt 0.02328819 0.02686721000000003
vt 0.023390204 0.02736526699999997
vt 0.022506207 0.027802466999999997
vt 0.022664845 0.027129889000000018
vt 0.022827357 0.026648820000000017
vt 0.023254246 0.026348888999999986
vt 0.02328819 0.02686721000000003
vt 0.023254246 0.026348888999999986
vt 0.023901403 0.026035130000000017
vt 0.023906887 0.026608407
vt 0.022506207 0.027802466999999997
vt 0.021999419 0.02767872800000004
vt 0.022248387 0.027106166000000043
vt 0.021999419 0.02767872800000004
vt 0.021798015 0.027463615000000052
vt 0.021888822 0.027018666000000024
vt 0.022166908 0.02633464299999999
vt 0.022598624 0.02648973499999996
vt 0.022248387 0.027106166000000043
vt 0.022598624 0.02648973499999996
vt 0.022827357 0.026648820000000017
vt 0.022664845 0.027129889000000018
vt 0.030054092 0.017928004000000053
vt 0.029797673 0.018011629999999945
vt 0.029979885 0.017522453999999965
vt 0.029797673 0.018011629999999945
vt 0.029407263 0.018009304999999975
vt 0.029473662 0.017519087000000044
vt 0.029546916 0.017030953999999987
vt 0.030153275 0.01704183199999998
vt 0.029979885 0.017522453999999965
vt 0.030153275 0.01704183199999998
vt 0.030819476 0.017027318000000013
vt 0.03030765 0.017554372999999956
vt 0.029407263 0.018009304999999975
vt 0.028696775 0.01800489400000005
vt 0.02877289 0.01751428799999999
vt 0.028696775 0.01800489400000005
vt 0.027839541 0.018026352000000023
vt 0.02816385 0.01748090999999996
vt 0.028430283 0.01711431100000005
vt 0.028886557 0.017024069999999947
vt 0.02877289 0.01751428799999999
vt 0.028886557 0.017024069999999947
vt 0.029546916 0.017030953999999987
vt 0.029473662 0.017519087000000044
vt 0.028146744 0.029749632000000026
vt 0.028659046 0.029721439000000016
vt 0.028630257 0.03028810000000004
vt 0.028659046 0.029721439000000016
vt 0.028933287 0.029823601000000033
vt 0.029004037 0.030239700999999952
vt 0.029073715 0.030900775999999963
vt 0.028578222 0.030896186999999964
vt 0.028630257 0.03028810000000004
vt 0.028578222 0.030896186999999964
vt 0.028282404 0.030829071999999957
vt 0.02823317 0.030378580000000044
vt 0.029267192 0.025358020999999953
vt 0.029561937 0.02524489200000002
vt 0.029487908 0.02574253000000004
vt 0.029561937 0.02524489200000002
vt 0.030008793 0.025113523000000026
vt 0.029896438 0.025756000999999973
vt 0.029776096 0.02612531200000001
vt 0.029415846 0.026240468000000017
vt 0.029487908 0.02574253000000004
vt 0.029415846 0.026240468000000017
vt 0.028761148 0.026317239000000048
vt 0.029091597 0.02574109999999996
vt 0.027429938 0.028492689999999987
vt 0.028131127 0.028499841999999997
vt 0.027971268 0.029125928999999995
vt 0.028131127 0.028499841999999997
vt 0.028753519 0.028492689999999987
vt 0.028458953 0.029154122000000005
vt 0.028250217 0.02954912200000004
vt 0.027869582 0.02962607100000003
vt 0.027971268 0.029125928999999995
vt 0.027869582 0.02962607100000003
vt 0.027548552 0.029537797000000032
vt 0.027494788 0.029147743999999975
vt 0.028556287 0.03156459300000003
vt 0.029232264 0.03162061999999999
vt 0.02925098 0.03216207000000004
vt 0.029232264 0.03162061999999999
vt 0.02988565 0.031628189999999945
vt 0.029898524 0.03216421599999997
vt 0.02991438 0.03273093699999996
vt 0.02926445 0.03274303700000003
vt 0.02925098 0.03216207000000004
vt 0.02926445 0.03274303700000003
vt 0.028883219 0.03267967699999996
vt 0.02875048 0.032257199999999986
vt 0.02988565 0.031628189999999945
vt 0.03055489 0.03168892999999995
vt 0.030557334 0.032203435999999974
vt 0.03055489 0.03168892999999995
vt 0.031219006 0.03174257300000005
vt 0.031206608 0.032241344000000005
vt 0.031196356 0.03274363300000005
vt 0.030565262 0.032732010000000034
vt 0.030557334 0.032203435999999974
vt 0.030565262 0.032732010000000034
vt 0.02991438 0.03273093699999996
vt 0.029898524 0.03216421599999997
vt 0.031219006 0.03174257300000005
vt 0.031861544 0.03175318199999999
vt 0.031824946 0.03225577000000002
vt 0.031861544 0.03175318199999999
vt 0.03224945 0.03182548299999999
vt 0.032314062 0.032214879999999946
vt 0.032301605 0.03282123800000003
vt 0.031785548 0.03275728199999994
vt 0.031824946 0.03225577000000002
vt 0.031785548 0.03275728199999994
vt 0.031196356 0.03274363300000005
vt 0.031206608 0.032241344000000005
vt 0.024397641 0.027424036999999957
vt 0.02479434 0.02724433000000004
vt 0.024843931 0.027743219999999957
vt 0.02479434 0.02724433000000004
vt 0.025472343 0.02705907799999996
vt 0.025349855 0.02767246999999995
vt 0.025244713 0.028251409999999977
vt 0.024809182 0.028298496999999978
vt 0.024843931 0.027743219999999957
vt 0.024809182 0.028298496999999978
vt 0.024255574 0.028422533999999944
vt 0.024341851 0.02781707
vt 0.024357975 0.03138112999999998
vt 0.02502799 0.03135979
vt 0.025032282 0.031910658000000036
vt 0.02502799 0.03135979
vt 0.025631487 0.031375527000000014
vt 0.025666475 0.031912386000000015
vt 0.025697947 0.032550513999999975
vt 0.025045395 0.032536270000000034
vt 0.025032282 0.031910658000000036
vt 0.025045395 0.032536270000000034
vt 0.024520338 0.03256839499999997
vt 0.024511158 0.031984389999999974
vt 0.025631487 0.031375527000000014
vt 0.026163757 0.03143346300000005
vt 0.026248276 0.03194165199999999
vt 0.026163757 0.03143346300000005
vt 0.026464403 0.03155541399999995
vt 0.02665466 0.031936407
vt 0.026977837 0.03258300000000003
vt 0.026331604 0.03257942199999997
vt 0.026248276 0.03194165199999999
vt 0.026331604 0.03257942199999997
vt 0.025697947 0.032550513999999975
vt 0.025666475 0.031912386000000015
vt 0.021388441 0.02041289199999996
vt 0.021490037 0.020194469999999964
vt 0.021856725 0.02059635500000001
vt 0.021490037 0.020194469999999964
vt 0.021848321 0.019877970000000023
vt 0.022191226 0.020379363999999955
vt 0.022446662 0.020720839999999963
vt 0.02228123 0.020977050000000053
vt 0.021856725 0.02059635500000001
vt 0.02228123 0.020977050000000053
vt 0.022036135 0.021352530000000036
vt 0.021576166 0.02079534500000002
vt 0.026977837 0.03258300000000003
vt 0.027660608 0.03274160599999998
vt 0.027668118 0.03332209600000002
vt 0.027660608 0.03274160599999998
vt 0.028321505 0.03269010800000005
vt 0.028168678 0.033339620000000014
vt 0.028053045 0.03377324299999995
vt 0.027674794 0.033902883999999966
vt 0.027668118 0.03332209600000002
vt 0.027674794 0.033902883999999966
vt 0.027025402 0.03385353000000002
vt 0.027018428 0.03329718000000004
vt 0.029068291 0.023270369000000013
vt 0.029571593 0.023321210999999953
vt 0.029537559 0.02391344299999998
vt 0.029571593 0.023321210999999953
vt 0.029873729 0.023445307999999998
vt 0.029928386 0.023891090999999975
vt 0.02994126 0.02463233499999995
vt 0.029503524 0.024505734
vt 0.029537559 0.02391344299999998
vt 0.029503524 0.024505734
vt 0.029201388 0.02438125000000002
vt 0.029146671 0.02393495999999995
vt 0.03036201 0.017915785000000017
vt 0.030743778 0.017785907000000045
vt 0.03074634 0.018362640999999957
vt 0.030743778 0.017785907000000045
vt 0.031333685 0.017774343000000026
vt 0.03135717 0.018319069999999993
vt 0.031377316 0.019059181000000036
vt 0.030734539 0.01909047399999997
vt 0.03074634 0.018362640999999957
vt 0.030734539 0.01909047399999997
vt 0.03008002 0.019073247999999987
vt 0.030247092 0.018352389999999996
vt 0.031333685 0.017774343000000026
vt 0.031802952 0.017740846000000032
vt 0.031900346 0.018191128999999973
vt 0.031802952 0.017740846000000032
vt 0.032105684 0.017763406000000037
vt 0.032296896 0.018043457999999957
vt 0.032652795 0.018618643000000046
vt 0.032001972 0.01887476399999999
vt 0.031900346 0.018191128999999973
vt 0.032001972 0.01887476399999999
vt 0.031377316 0.019059181000000036
vt 0.03135717 0.018319069999999993
vt 0.02463752 0.024020612000000052
vt 0.024562776 0.023740529999999982
vt 0.024987102 0.02370947599999995
vt 0.024562776 0.023740529999999982
vt 0.02461344 0.023216127999999947
vt 0.02511084 0.02330154200000001
vt 0.025528848 0.023378759999999943
vt 0.025527596 0.023675977999999986
vt 0.024987102 0.02370947599999995
vt 0.025527596 0.023675977999999986
vt 0.025636613 0.024141549999999956
vt 0.024966061 0.02408999199999995
vt 0.01483494 0.01633214999999999
vt 0.015684277 0.016234159999999997
vt 0.015772313 0.016698300000000055
vt 0.015684277 0.016234159999999997
vt 0.016508102 0.016205071999999987
vt 0.01653266 0.01677388000000002
vt 0.016548336 0.01749962599999999
vt 0.015877843 0.017166734000000017
vt 0.015772313 0.016698300000000055
vt 0.015877843 0.017166734000000017
vt 0.015414804 0.017015636
vt 0.015158385 0.016695738000000016
vt 0.016508102 0.016205071999999987
vt 0.017259777 0.016213476999999976
vt 0.017241895 0.01681554299999999
vt 0.017259777 0.016213476999999976
vt 0.017982066 0.016284764000000007
vt 0.01793164 0.016865373000000017
vt 0.017858654 0.017670244000000057
vt 0.017201424 0.01757499600000001
vt 0.017241895 0.01681554299999999
vt 0.017201424 0.01757499600000001
vt 0.016548336 0.01749962599999999
vt 0.01653266 0.01677388000000002
vt 0.017982066 0.016284764000000007
vt 0.018689632 0.016409010000000057
vt 0.018613905 0.016966402999999963
vt 0.018689632 0.016409010000000057
vt 0.01933986 0.01652312300000003
vt 0.019266456 0.01707348200000003
vt 0.019170582 0.017844737
vt 0.018517911 0.017756850000000046
vt 0.018613905 0.016966402999999963
vt 0.018517911 0.017756850000000046
vt 0.017858654 0.017670244000000057
vt 0.01793164 0.016865373000000017
vt 0.01933986 0.01652312300000003
vt 0.019976914 0.016566365999999944
vt 0.019909352 0.017162800000000034
vt 0.019976914 0.016566365999999944
vt 0.020644069 0.016608952999999982
vt 0.02056998 0.017247735999999958
vt 0.020463139 0.018061369999999966
vt 0.019816041 0.01795053499999999
vt 0.019909352 0.017162800000000034
vt 0.019816041 0.01795053499999999
vt 0.019170582 0.017844737
vt 0.019266456 0.01707348200000003
vt 0.020644069 0.016608952999999982
vt 0.021336138 0.01668262499999995
vt 0.021241426 0.01734000400000002
vt 0.021336138 0.01668262499999995
vt 0.021922141 0.01669764500000004
vt 0.021710336 0.01744502800000003
vt 0.021619648 0.018241434999999973
vt 0.02111438 0.018162906000000034
vt 0.021241426 0.01734000400000002
vt 0.02111438 0.018162906000000034
vt 0.020463139 0.018061369999999966
vt 0.02056998 0.017247735999999958
vt 0.015943527 0.02288794500000002
vt 0.016517997 0.022901088000000014
vt 0.016547233 0.023662508000000027
vt 0.016517997 0.022901088000000014
vt 0.017078578 0.022901266999999947
vt 0.017077237 0.023658544000000004
vt 0.017081559 0.024484693999999974
vt 0.016590595 0.024485469000000037
vt 0.016547233 0.023662508000000027
vt 0.016590595 0.024485469000000037
vt 0.01618129 0.024465978000000055
vt 0.01613596 0.023655533999999978
vt 0.017078578 0.022901266999999947
vt 0.017570794 0.022901594999999997
vt 0.017571092 0.023657083999999995
vt 0.017570794 0.022901594999999997
vt 0.018036991 0.022902489000000026
vt 0.018048227 0.02366006399999998
vt 0.01805681 0.024487554999999994
vt 0.017571688 0.02448624399999999
vt 0.017571092 0.023657083999999995
vt 0.017571688 0.02448624399999999
vt 0.017081559 0.024484693999999974
vt 0.017077237 0.023658544000000004
vt 0.018036991 0.022902489000000026
vt 0.01851809 0.02290323400000005
vt 0.018531024 0.023665130000000034
vt 0.01851809 0.02290323400000005
vt 0.019017637 0.022901296999999987
vt 0.019015372 0.023661136999999943
vt 0.019012779 0.024471699999999985
vt 0.018535614 0.02448743600000003
vt 0.018531024 0.023665130000000034
vt 0.018535614 0.02448743600000003
vt 0.01805681 0.024487554999999994
vt 0.018048227 0.02366006399999998
vt 0.019017637 0.022901296999999987
vt 0.019529045 0.022897303000000035
vt 0.019501269 0.023632646000000035
vt 0.019529045 0.022897303000000035
vt 0.020008266 0.02287650100000005
vt 0.019862145 0.023655921000000024
vt 0.019784093 0.024154305000000043
vt 0.019488573 0.024265587000000033
vt 0.019501269 0.023632646000000035
vt 0.019488573 0.024265587000000033
vt 0.019012779 0.024471699999999985
vt 0.019015372 0.023661136999999943
vt 0.017246366 0.030847787999999987
vt 0.017032564 0.03153753299999995
vt 0.016403198 0.03154694999999996
vt 0.017032564 0.03153753299999995
vt 0.016923964 0.032034636000000005
vt 0.016435385 0.03216010300000005
vt 0.015654147 0.03224026999999996
vt 0.01580286 0.03156053999999997
vt 0.016403198 0.03154694999999996
vt 0.01580286 0.03156053999999997
vt 0.015986264 0.031146526000000008
vt 0.016461492 0.030979037000000043
vt 0.025439024 0.029259086000000045
vt 0.025788784 0.02898716999999995
vt 0.025878191 0.02949613299999998
vt 0.025788784 0.02898716999999995
vt 0.026331902 0.028595090000000045
vt 0.026291013 0.029218674
vt 0.02624923 0.029658794000000044
vt 0.02592361 0.029983639999999978
vt 0.025878191 0.02949613299999998
vt 0.02592361 0.029983639999999978
vt 0.025381923 0.03054606999999998
vt 0.025443256 0.029763459999999964
vt 0.01473254 0.028968393999999953
vt 0.015416503 0.029040873000000023
vt 0.015343487 0.029546976000000003
vt 0.015416503 0.029040873000000023
vt 0.016066372 0.029165267999999966
vt 0.015825331 0.029691338999999983
vt 0.015654653 0.03005206599999999
vt 0.015265197 0.03006839800000005
vt 0.015343487 0.029546976000000003
vt 0.015265197 0.03006839800000005
vt 0.0148919225 0.03002727000000005
vt 0.014836013 0.029585480000000053
vt 0.015377939 0.025231242000000043
vt 0.015187681 0.02399480300000001
vt 0.015377909 0.02399480300000001
vt 0.015187681 0.02399480300000001
vt 0.015039742 0.023307920000000037
vt 0.015187681 0.023067473999999977
vt 0.015377939 0.022758364999999947
vt 0.015568137 0.02399480300000001
vt 0.015377909 0.02399480300000001
vt 0.015568137 0.02399480300000001
vt 0.015716076 0.02468174700000003
vt 0.015568137 0.02492219200000001
vt 0.027305484 0.02530264900000001
vt 0.027014077 0.02489656200000001
vt 0.02736193 0.024721919999999953
vt 0.027014077 0.02489656200000001
vt 0.026508331 0.024191945999999964
vt 0.02704227 0.024193466000000052
vt 0.027481258 0.02420061799999995
vt 0.02777046 0.024551927999999945
vt 0.02736193 0.024721919999999953
vt 0.02777046 0.024551927999999945
vt 0.028250217 0.025065004999999974
vt 0.027665138 0.025261938999999956
vt 0.02861917 0.02224638999999995
vt 0.028814435 0.02272439000000004
vt 0.028295636 0.02289199799999997
vt 0.028814435 0.02272439000000004
vt 0.028783798 0.023038030000000043
vt 0.028390527 0.023276686999999963
vt 0.02763474 0.02369251800000005
vt 0.027716875 0.02305048700000001
vt 0.028295636 0.02289199799999997
vt 0.027716875 0.02305048700000001
vt 0.027748585 0.022683560000000047
vt 0.028145134 0.022493184
vt 0.019200742 0.030185938000000023
vt 0.018897802 0.030260563000000018
vt 0.019057214 0.029691220000000018
vt 0.018897802 0.030260563000000018
vt 0.01845178 0.03022289300000003
vt 0.018523365 0.029645503000000017
vt 0.018605828 0.028881787999999964
vt 0.01921451 0.02912199500000001
vt 0.019057214 0.029691220000000018
vt 0.01921451 0.02912199500000001
vt 0.019897133 0.029059469999999976
vt 0.019438267 0.029791354999999964
vt 0.01845178 0.03022289300000003
vt 0.017867088 0.03018194399999996
vt 0.017916739 0.02960312399999998
vt 0.017867088 0.03018194399999996
vt 0.017472088 0.030041575000000043
vt 0.017409503 0.029582023999999985
vt 0.017299533 0.02883851500000001
vt 0.017955095 0.02886438400000002
vt 0.017916739 0.02960312399999998
vt 0.017955095 0.02886438400000002
vt 0.018605828 0.028881787999999964
vt 0.018523365 0.029645503000000017
vt 0.027621984 0.018637985000000024
vt 0.028033733 0.018560051999999994
vt 0.02793467 0.019146353000000005
vt 0.028033733 0.018560051999999994
vt 0.028706312 0.01857912500000003
vt 0.028410912 0.01922291499999995
vt 0.028178692 0.019654779999999983
vt 0.027803302 0.01972964399999999
vt 0.02793467 0.019146353000000005
vt 0.027803302 0.01972964399999999
vt 0.027327538 0.019809723000000057
vt 0.02745831 0.01906913499999996
vt 0.030092299 0.027775883999999973
vt 0.030756116 0.027824819999999972
vt 0.03071618 0.02844166800000003
vt 0.030756116 0.027824819999999972
vt 0.031402588 0.02786683999999995
vt 0.031363547 0.028487205999999987
vt 0.031306982 0.02929973600000002
vt 0.030666053 0.02908527900000002
vt 0.03071618 0.02844166800000003
vt 0.030666053 0.02908527900000002
vt 0.030294776 0.02895271799999999
vt 0.030209422 0.028470516000000057
vt 0.031402588 0.02786683999999995
vt 0.032050014 0.027904927999999996
vt 0.032015085 0.028527736999999997
vt 0.032050014 0.027904927999999996
vt 0.03269875 0.027957797000000006
vt 0.0326699 0.028574824
vt 0.032625377 0.02930039200000001
vt 0.031968713 0.02929258300000004
vt 0.032015085 0.028527736999999997
vt 0.031968713 0.02929258300000004
vt 0.031306982 0.02929973600000002
vt 0.031363547 0.028487205999999987
vt 0.03269875 0.027957797000000006
vt 0.03335762 0.028038978999999964
vt 0.03333187 0.028638363
vt 0.03335762 0.028038978999999964
vt 0.03404975 0.028072238000000027
vt 0.03384602 0.028708100000000014
vt 0.033782005 0.029386401000000006
vt 0.033278644 0.029338478999999973
vt 0.03333187 0.028638363
vt 0.033278644 0.029338478999999973
vt 0.032625377 0.02930039200000001
vt 0.0326699 0.028574824
vt 0.016370893 0.028697489999999992
vt 0.016679645 0.02876293699999999
vt 0.016699493 0.029371499999999995
vt 0.016679645 0.02876293699999999
vt 0.016899288 0.028895855000000026
vt 0.016982555 0.029370427000000032
vt 0.01728803 0.030080675999999973
vt 0.016806185 0.030038059000000006
vt 0.016699493 0.029371499999999995
vt 0.016806185 0.030038059000000006
vt 0.016433269 0.030057073000000045
vt 0.016388476 0.029370427000000032
vt 0.025889874 0.031275152999999944
vt 0.025791526 0.030896186999999964
vt 0.026424587 0.030969440999999986
vt 0.025791526 0.030896186999999964
vt 0.025848389 0.03023344299999997
vt 0.026508868 0.030472279000000047
vt 0.026958227 0.030629276999999955
vt 0.027072966 0.03102946299999998
vt 0.026424587 0.030969440999999986
vt 0.027072966 0.03102946299999998
vt 0.027090669 0.03159820999999996
vt 0.026335478 0.03145492000000005
vt 0.030390263 0.022093892000000004
vt 0.030149221 0.022552580000000044
vt 0.029619575 0.02245575200000005
vt 0.030149221 0.022552580000000044
vt 0.0299685 0.022859274999999957
vt 0.029571056 0.02288505399999996
vt 0.02896595 0.022935510000000048
vt 0.029044628 0.022381037000000048
vt 0.029619575 0.02245575200000005
vt 0.029044628 0.022381037000000048
vt 0.029215813 0.02206897699999999
vt 0.029689789 0.022041560000000016
vt 0.029137373 0.02196890100000004
vt 0.028910875 0.02160856099999997
vt 0.029295921 0.021438837000000044
vt 0.028910875 0.02160856099999997
vt 0.028658748 0.020915209999999962
vt 0.029096305 0.020923852999999992
vt 0.029454708 0.02092480699999999
vt 0.029704094 0.021264315000000034
vt 0.029295921 0.021438837000000044
vt 0.029704094 0.021264315000000034
vt 0.030134737 0.02184462499999995
vt 0.029534638 0.02193501600000003
vt 0.033293724 0.022044122000000055
vt 0.033213258 0.02132651200000002
vt 0.0335353 0.021285533999999995
vt 0.033213258 0.02132651200000002
vt 0.033267736 0.02062225299999998
vt 0.033635557 0.02069234799999997
vt 0.033986807 0.02071711399999998
vt 0.03390944 0.021218984999999968
vt 0.0335353 0.021285533999999995
vt 0.03390944 0.021218984999999968
vt 0.033933163 0.02157783499999999
vt 0.033638716 0.02178281500000001
vt 0.024255574 0.028422533999999944
vt 0.024809182 0.028298496999999978
vt 0.024834752 0.028659164999999986
vt 0.024809182 0.028298496999999978
vt 0.025244713 0.028251409999999977
vt 0.025236368 0.028644800000000026
vt 0.025241733 0.028913080000000035
vt 0.024947643 0.02896243300000001
vt 0.024834752 0.028659164999999986
vt 0.024947643 0.02896243300000001
vt 0.024484277 0.029112935000000006
vt 0.024348617 0.028786540000000027
vt 0.024520338 0.03256839499999997
vt 0.025045395 0.032536270000000034
vt 0.025063157 0.032992244000000004
vt 0.025045395 0.032536270000000034
vt 0.025697947 0.032550513999999975
vt 0.025714576 0.03309202199999994
vt 0.025719345 0.033485054999999986
vt 0.025065482 0.033303320000000025
vt 0.025063157 0.032992244000000004
vt 0.025065482 0.033303320000000025
vt 0.024671912 0.03319275399999999
vt 0.0245471 0.032957910000000035
vt 0.025697947 0.032550513999999975
vt 0.026331604 0.03257942199999997
vt 0.026367664 0.03320777399999997
vt 0.026331604 0.03257942199999997
vt 0.026977837 0.03258300000000003
vt 0.027018428 0.03329718000000004
vt 0.027025402 0.03385353000000002
vt 0.026373506 0.03369164499999999
vt 0.026367664 0.03320777399999997
vt 0.026373506 0.03369164499999999
vt 0.025719345 0.033485054999999986
vt 0.025714576 0.03309202199999994
vt 0.028761148 0.019167005999999986
vt 0.029425383 0.01921951799999999
vt 0.029421926 0.019596338000000046
vt 0.029425383 0.01921951799999999
vt 0.03008002 0.019073247999999987
vt 0.030075312 0.019640385999999954
vt 0.03006953 0.020043849999999974
vt 0.029418528 0.019943416000000047
vt 0.029421926 0.019596338000000046
vt 0.029418528 0.019943416000000047
vt 0.02903378 0.019837022000000037
vt 0.0289191 0.019600689999999976
vt 0.03008002 0.019073247999999987
vt 0.030734539 0.01909047399999997
vt 0.030727863 0.019774944000000017
vt 0.030734539 0.01909047399999997
vt 0.031377316 0.019059181000000036
vt 0.031378746 0.019866108999999965
vt 0.031372666 0.020507484999999992
vt 0.030721307 0.020284265000000024
vt 0.030727863 0.019774944000000017
vt 0.030721307 0.020284265000000024
vt 0.03006953 0.020043849999999974
vt 0.030075312 0.019640385999999954
vt 0.031377316 0.019059181000000036
vt 0.032001972 0.01887476399999999
vt 0.032030463 0.01978227499999996
vt 0.032001972 0.01887476399999999
vt 0.032652795 0.018618643000000046
vt 0.032684088 0.019637256999999964
vt 0.032676816 0.020448237999999952
vt 0.032024145 0.020555376999999986
vt 0.032030463 0.01978227499999996
vt 0.032024145 0.020555376999999986
vt 0.031372666 0.020507484999999992
vt 0.031378746 0.019866108999999965
vt 0.032652795 0.018618643000000046
vt 0.033344626 0.018948137999999948
vt 0.033338904 0.01954817799999997
vt 0.033344626 0.018948137999999948
vt 0.033727765 0.019132853000000005
vt 0.033840716 0.019480228000000044
vt 0.033988714 0.01998305300000003
vt 0.033330977 0.02020788200000001
vt 0.033338904 0.01954817799999997
vt 0.033330977 0.02020788200000001
vt 0.032676816 0.020448237999999952
vt 0.032684088 0.019637256999999964
vt 0.026751518 0.023727148999999947
vt 0.026767135 0.023431301000000015
vt 0.027164698 0.023444146
vt 0.026767135 0.023431301000000015
vt 0.026746035 0.022963166000000035
vt 0.027296424 0.023071229999999998
vt 0.027647257 0.02317521
vt 0.027593076 0.02346277200000002
vt 0.027164698 0.023444146
vt 0.027593076 0.02346277200000002
vt 0.027605891 0.02397492499999998
vt 0.027101994 0.023830621999999968
vt 0.016548336 0.01749962599999999
vt 0.017201424 0.01757499600000001
vt 0.017156005 0.018217265999999954
vt 0.017201424 0.01757499600000001
vt 0.017858654 0.017670244000000057
vt 0.017781258 0.018451392999999983
vt 0.017687589 0.019236982000000014
vt 0.017101467 0.01867377800000003
vt 0.017156005 0.018217265999999954
vt 0.017101467 0.01867377800000003
vt 0.016748339 0.01837205900000005
vt 0.016675651 0.01802498100000005
vt 0.017858654 0.017670244000000057
vt 0.018517911 0.017756850000000046
vt 0.018428028 0.01858002000000003
vt 0.018517911 0.017756850000000046
vt 0.019170582 0.017844737
vt 0.019075722 0.01866877
vt 0.018978477 0.01953762800000003
vt 0.018345416 0.019402265999999946
vt 0.018428028 0.01858002000000003
vt 0.018345416 0.019402265999999946
vt 0.017687589 0.019236982000000014
vt 0.017781258 0.018451392999999983
vt 0.019170582 0.017844737
vt 0.019816041 0.01795053499999999
vt 0.01971066 0.01877903999999997
vt 0.019816041 0.01795053499999999
vt 0.020463139 0.018061369999999966
vt 0.020345122 0.018890947000000047
vt 0.020216525 0.019761114999999996
vt 0.019596279 0.019662618999999992
vt 0.01971066 0.01877903999999997
vt 0.019596279 0.019662618999999992
vt 0.018978477 0.01953762800000003
vt 0.019075722 0.01866877
vt 0.020463139 0.018061369999999966
vt 0.02111438 0.018162906000000034
vt 0.020987242 0.018988878000000042
vt 0.02111438 0.018162906000000034
vt 0.021619648 0.018241434999999973
vt 0.021536142 0.01906257899999997
vt 0.021434397 0.01985996999999995
vt 0.020856678 0.019818007999999998
vt 0.020987242 0.018988878000000042
vt 0.020856678 0.019818007999999998
vt 0.020216525 0.019761114999999996
vt 0.020345122 0.018890947000000047
vt 0.01618129 0.024465978000000055
vt 0.016590595 0.024485469000000037
vt 0.016614556 0.025327086
vt 0.016590595 0.024485469000000037
vt 0.017081559 0.024484693999999974
vt 0.017098606 0.02533543100000002
vt 0.017095745 0.026134133000000004
vt 0.01660955 0.02612853000000004
vt 0.016614556 0.025327086
vt 0.01660955 0.02612853000000004
vt 0.016111135 0.02613907999999998
vt 0.01615125 0.02530551000000003
vt 0.017081559 0.024484693999999974
vt 0.017571688 0.02448624399999999
vt 0.017573744 0.025344252999999983
vt 0.017571688 0.02448624399999999
vt 0.01805681 0.024487554999999994
vt 0.018043458 0.025346398000000048
vt 0.018048316 0.02618229400000005
vt 0.017562985 0.02614516
vt 0.017573744 0.025344252999999983
vt 0.017562985 0.02614516
vt 0.017095745 0.026134133000000004
vt 0.017098606 0.02533543100000002
vt 0.01805681 0.024487554999999994
vt 0.018535614 0.02448743600000003
vt 0.018517226 0.02533078200000005
vt 0.018535614 0.02448743600000003
vt 0.019012779 0.024471699999999985
vt 0.018948853 0.025317787999999952
vt 0.018929362 0.025804280999999984
vt 0.018574715 0.025966524999999963
vt 0.018517226 0.02533078200000005
vt 0.018574715 0.025966524999999963
vt 0.018048316 0.02618229400000005
vt 0.018043458 0.025346398000000048
vt 0.016115844 0.030028641000000023
vt 0.016092956 0.03062796599999995
vt 0.015463829 0.030795753000000037
vt 0.016092956 0.03062796599999995
vt 0.016080916 0.031023502000000036
vt 0.015672863 0.03125715299999998
vt 0.014909327 0.03162836999999996
vt 0.01483494 0.030930279999999977
vt 0.015463829 0.030795753000000037
vt 0.01483494 0.030930279999999977
vt 0.014864743 0.030476331999999995
vt 0.015307665 0.030285954000000004
vt 0.026540816 0.02886498000000004
vt 0.026848555 0.028674364000000008
vt 0.026896358 0.029163598999999985
vt 0.026848555 0.028674364000000008
vt 0.027357817 0.028390287999999986
vt 0.027302504 0.028953969999999996
vt 0.027265072 0.02935069800000001
vt 0.026942432 0.029653072000000003
vt 0.026896358 0.029163598999999985
vt 0.026942432 0.029653072000000003
vt 0.02640593 0.030176639999999977
vt 0.026493132 0.029332696999999963
vt 0.022924393 0.03104722500000001
vt 0.023604333 0.030899286000000026
vt 0.02355653 0.03142678700000001
vt 0.023604333 0.030899286000000026
vt 0.024329782 0.030741393999999977
vt 0.024049878 0.03149098000000006
vt 0.023879051 0.03195595699999998
vt 0.023505956 0.031972230000000046
vt 0.02355653 0.03142678700000001
vt 0.023505956 0.031972230000000046
vt 0.023137689 0.03197610399999995
vt 0.023049027 0.03159332299999995
vt 0.022851944 0.029516697000000036
vt 0.022877246 0.03020524999999996
vt 0.022402495 0.030593991000000043
vt 0.022877246 0.03020524999999996
vt 0.02285713 0.030660629999999967
vt 0.022495866 0.031065345000000022
vt 0.021900415 0.03173541999999996
vt 0.021931708 0.03097939500000002
vt 0.022402495 0.030593991000000043
vt 0.021931708 0.03097939500000002
vt 0.021972418 0.030499339999999986
vt 0.022309154 0.03012305500000001
vt 0.014853656 0.02795886999999997
vt 0.01483494 0.02756714800000004
vt 0.01545918 0.02770519299999996
vt 0.01483494 0.02756714800000004
vt 0.014837742 0.026854276999999982
vt 0.015475512 0.02718883800000005
vt 0.01586014 0.027392744999999996
vt 0.016002417 0.027821540000000033
vt 0.01545918 0.02770519299999996
vt 0.016002417 0.027821540000000033
vt 0.016164303 0.028548717000000057
vt 0.0153417885 0.028193711999999982
vt 0.024432898 0.024314433000000024
vt 0.024663925 0.02478361100000004
vt 0.024321616 0.025107265000000045
vt 0.024663925 0.02478361100000004
vt 0.02482152 0.025058090000000033
vt 0.024607062 0.02537596200000003
vt 0.024205655 0.025943457999999975
vt 0.02392754 0.025489509999999993
vt 0.024321616 0.025107265000000045
vt 0.02392754 0.025489509999999993
vt 0.02374357 0.02524799099999997
vt 0.023993015 0.024888635000000048
vt 0.02788347 0.026324271999999982
vt 0.028257847 0.026239871999999997
vt 0.028276563 0.026795506000000024
vt 0.028257847 0.026239871999999997
vt 0.028646588 0.026389181999999956
vt 0.028785706 0.026847601000000054
vt 0.028972626 0.02749848399999999
vt 0.028295338 0.02732157700000004
vt 0.028276563 0.026795506000000024
vt 0.028295338 0.02732157700000004
vt 0.02763474 0.027370632000000006
vt 0.027775466 0.026691675000000026
vt 0.025618315 0.02498054500000002
vt 0.025679767 0.024659812000000003
vt 0.026244283 0.024991333000000004
vt 0.025679767 0.024659812000000003
vt 0.025772393 0.024191945999999964
vt 0.026450515 0.02465474599999995
vt 0.026791334 0.024939476999999988
vt 0.026783824 0.025304675
vt 0.026244283 0.024991333000000004
vt 0.026783824 0.025304675
vt 0.02650851 0.025725125999999987
vt 0.025986552 0.025289536000000057
vt 0.018605828 0.028881787999999964
vt 0.017955095 0.02886438400000002
vt 0.017995536 0.02814578999999995
vt 0.017955095 0.02886438400000002
vt 0.017299533 0.02883851500000001
vt 0.017341822 0.02819895699999997
vt 0.017376125 0.027667879999999978
vt 0.018036723 0.027571082000000025
vt 0.017995536 0.02814578999999995
vt 0.018036723 0.027571082000000025
vt 0.018409789 0.027635454999999975
vt 0.018499225 0.028069734999999985
vt 0.017299533 0.02883851500000001
vt 0.016658932 0.028632401999999946
vt 0.016689658 0.028183579999999986
vt 0.016658932 0.028632401999999946
vt 0.016285062 0.02850484799999997
vt 0.016188443 0.028142870000000042
vt 0.01606369 0.02761095800000002
vt 0.016723573 0.027670026000000014
vt 0.016689658 0.028183579999999986
vt 0.016723573 0.027670026000000014
vt 0.017376125 0.027667879999999978
vt 0.017341822 0.02819895699999997
vt 0.027850628 0.020738542000000026
vt 0.028154612 0.020711213000000006
vt 0.028123379 0.02126842699999998
vt 0.028154612 0.020711213000000006
vt 0.028645277 0.020620583999999997
vt 0.028499365 0.02139145099999995
vt 0.028404593 0.021731733999999947
vt 0.028098106 0.021771966999999948
vt 0.028123379 0.02126842699999998
vt 0.028098106 0.021771966999999948
vt 0.027613163 0.021627963000000028
vt 0.027755082 0.02110046099999996
vt 0.031306982 0.02929973600000002
vt 0.031968713 0.02929258300000004
vt 0.03193468 0.029980659999999992
vt 0.031968713 0.02929258300000004
vt 0.032625377 0.02930039200000001
vt 0.032589197 0.029886186000000037
vt 0.03256911 0.030278801999999994
vt 0.03190744 0.030453681999999982
vt 0.03193468 0.029980659999999992
vt 0.03190744 0.030453681999999982
vt 0.031534255 0.030411600999999955
vt 0.031432986 0.03007328499999995
vt 0.032625377 0.02930039200000001
vt 0.033278644 0.029338478999999973
vt 0.033235252 0.029882192999999946
vt 0.033278644 0.029338478999999973
vt 0.033782005 0.029386401000000006
vt 0.03373283 0.029905320000000013
vt 0.033608913 0.030137599000000015
vt 0.03322029 0.030225873000000014
vt 0.033235252 0.029882192999999946
vt 0.03322029 0.030225873000000014
vt 0.03256911 0.030278801999999994
vt 0.032589197 0.029886186000000037
vt 0.016433269 0.030057073000000045
vt 0.016806185 0.030038059000000006
vt 0.016831487 0.030484319000000037
vt 0.016806185 0.030038059000000006
vt 0.01728803 0.030080675999999973
vt 0.017304778 0.030444025999999957
vt 0.017276943 0.030740856999999955
vt 0.016788125 0.030810832999999982
vt 0.016831487 0.030484319000000037
vt 0.016788125 0.030810832999999982
vt 0.016497135 0.030841827000000044
vt 0.016449183 0.03058284499999997
vt 0.01728803 0.030080675999999973
vt 0.017810225 0.030210673999999993
vt 0.017784089 0.030467986999999974
vt 0.017810225 0.030210673999999993
vt 0.018284082 0.03024613899999995
vt 0.018254548 0.03054290999999998
vt 0.018224716 0.03083729700000004
vt 0.017755687 0.030749201999999975
vt 0.017784089 0.030467986999999974
vt 0.017755687 0.030749201999999975
vt 0.017276943 0.030740856999999955
vt 0.017304778 0.030444025999999957
vt 0.018284082 0.03024613899999995
vt 0.018755019 0.030306696999999994
vt 0.018720537 0.030671774999999957
vt 0.018755019 0.030306696999999994
vt 0.019240916 0.030432820000000027
vt 0.019073427 0.030864476999999946
vt 0.018966317 0.031105280000000013
vt 0.018690646 0.031006216999999947
vt 0.018720537 0.030671774999999957
vt 0.018690646 0.031006216999999947
vt 0.018224716 0.03083729700000004
vt 0.018254548 0.03054290999999998
vt 0.020869195 0.02972280999999999
vt 0.021379769 0.029708265999999983
vt 0.021402866 0.030264974000000056
vt 0.021379769 0.029708265999999983
vt 0.02184841 0.029661775
vt 0.02180615 0.030360340999999957
vt 0.021736413 0.03080797199999996
vt 0.02144584 0.030811429
vt 0.021402866 0.030264974000000056
vt 0.02144584 0.030811429
vt 0.02099803 0.03084194699999998
vt 0.020932704 0.030276775000000034
vt 0.017687589 0.019236982000000014
vt 0.018345416 0.019402265999999946
vt 0.018248558 0.020196258999999994
vt 0.018345416 0.019402265999999946
vt 0.018978477 0.01953762800000003
vt 0.018853605 0.02048251000000001
vt 0.018729389 0.021272480000000038
vt 0.018132031 0.020816862999999963
vt 0.018248558 0.020196258999999994
vt 0.018132031 0.020816862999999963
vt 0.017779052 0.02041870400000001
vt 0.01774913 0.019948960000000016
vt 0.018978477 0.01953762800000003
vt 0.019596279 0.019662618999999992
vt 0.01946485 0.02065762900000001
vt 0.019596279 0.019662618999999992
vt 0.020216525 0.019761114999999996
vt 0.02009058 0.02071776999999997
vt 0.019998163 0.021525561999999998
vt 0.019351155 0.021503330000000043
vt 0.01946485 0.02065762900000001
vt 0.019351155 0.021503330000000043
vt 0.018729389 0.021272480000000038
vt 0.018853605 0.02048251000000001
vt 0.020216525 0.019761114999999996
vt 0.020856678 0.019818007999999998
vt 0.020739019 0.02066192
vt 0.020856678 0.019818007999999998
vt 0.021434397 0.01985996999999995
vt 0.02130565 0.02059924599999996
vt 0.021124482 0.021085829
vt 0.02067554 0.02134343999999999
vt 0.020739019 0.02066192
vt 0.02067554 0.02134343999999999
vt 0.019998163 0.021525561999999998
vt 0.02009058 0.02071776999999997
vt 0.016111135 0.02613907999999998
vt 0.01660955 0.02612853000000004
vt 0.01658687 0.026843309999999954
vt 0.01660955 0.02612853000000004
vt 0.017095745 0.026134133000000004
vt 0.017063767 0.026852489000000035
vt 0.017000228 0.027332902000000048
vt 0.016505659 0.02727186699999995
vt 0.01658687 0.026843309999999954
vt 0.016505659 0.02727186699999995
vt 0.016188473 0.027450799999999997
vt 0.016132653 0.026922584000000027
vt 0.017095745 0.026134133000000004
vt 0.017562985 0.02614516
vt 0.017530978 0.026862562000000034
vt 0.017562985 0.02614516
vt 0.018048316 0.02618229400000005
vt 0.01791504 0.026988267999999982
vt 0.017801404 0.027552067999999985
vt 0.017503142 0.02756750600000002
vt 0.017530978 0.026862562000000034
vt 0.017503142 0.02756750600000002
vt 0.017000228 0.027332902000000048
vt 0.017063767 0.026852489000000035
vt 0.03360498 0.032178998000000014
vt 0.03351772 0.032940269999999994
vt 0.03285992 0.033122419999999986
vt 0.03351772 0.032940269999999994
vt 0.033415854 0.03345102
vt 0.03290689 0.033721684999999946
vt 0.032037854 0.034077763999999955
vt 0.032207727 0.033336820000000045
vt 0.03285992 0.033122419999999986
vt 0.032207727 0.033336820000000045
vt 0.032438576 0.03283166999999998
vt 0.032892406 0.03250616800000006
vt 0.024451494 0.029456555999999967
vt 0.024793684 0.029257654999999994
vt 0.024850428 0.029872416999999984
vt 0.024793684 0.029257654999999994
vt 0.025316179 0.02900469299999997
vt 0.025256038 0.029652357000000018
vt 0.025215507 0.03010290900000001
vt 0.024888515 0.03047901399999997
vt 0.024850428 0.029872416999999984
vt 0.024888515 0.03047901399999997
vt 0.024357975 0.030966877999999975
vt 0.024431467 0.03003191999999999
vt 0.022924393 0.028741955999999957
vt 0.023603559 0.028719068000000014
vt 0.023632854 0.02920651399999996
vt 0.023603559 0.028719068000000014
vt 0.024276733 0.02864444300000002
vt 0.024130344 0.02929544399999995
vt 0.024029046 0.029727638
vt 0.023663282 0.02971905500000005
vt 0.023632854 0.02920651399999996
vt 0.023663282 0.02971905500000005
vt 0.02329722 0.029763459999999964
vt 0.023146272 0.02934348600000003
vt 0.01483494 0.025011121999999997
vt 0.015336782 0.025252222999999963
vt 0.015281856 0.025923311999999976
vt 0.015336782 0.025252222999999963
vt 0.015635967 0.025430380999999946
vt 0.01567638 0.026048183000000003
vt 0.015736967 0.02700042700000005
vt 0.015227258 0.026526509999999948
vt 0.015281856 0.025923311999999976
vt 0.015227258 0.026526509999999948
vt 0.0149127245 0.026137590000000044
vt 0.014884472 0.025687455999999997
vt 0.021988273 0.028530359999999977
vt 0.022334367 0.028149486
vt 0.022427022 0.028855859999999955
vt 0.022334367 0.028149486
vt 0.022955894 0.027673483000000054
vt 0.022904962 0.028513192999999992
vt 0.022860318 0.029083014000000018
vt 0.022518694 0.029556990000000005
vt 0.022427022 0.028855859999999955
vt 0.022518694 0.029556990000000005
vt 0.021900415 0.030098497999999974
vt 0.021945298 0.02914702899999999
vt 0.019750059 0.02967244400000002
vt 0.020344377 0.029699861999999966
vt 0.020451605 0.030260085999999964
vt 0.020344377 0.029699861999999966
vt 0.020869195 0.02972280999999999
vt 0.020932704 0.030276775000000034
vt 0.02099803 0.03084194699999998
vt 0.020555496 0.030880510000000028
vt 0.020451605 0.030260085999999964
vt 0.020555496 0.030880510000000028
vt 0.02027598 0.030899286000000026
vt 0.020100713 0.03039646100000004
vt 0.022596985 0.016378044999999952
vt 0.02259326 0.016852438000000025
vt 0.021942377 0.01684689500000003
vt 0.02260065 0.01590389000000003
vt 0.022596985 0.016378044999999952
vt 0.021946311 0.016372799999999965
vt 0.022596985 0.016378044999999952
vt 0.02260065 0.01590389000000003
vt 0.023251265 0.015908718000000044
vt 0.02259326 0.016852438000000025
vt 0.022596985 0.016378044999999952
vt 0.023247898 0.016382933000000044
vt 0.02389884 0.016387343
vt 0.02389571 0.016861676999999964
vt 0.0232445 0.016857385999999974
vt 0.02390188 0.01591315900000001
vt 0.02389884 0.016387343
vt 0.023247898 0.016382933000000044
vt 0.02389884 0.016387343
vt 0.02390188 0.01591315900000001
vt 0.024552405 0.015917092999999993
vt 0.02389571 0.016861676999999964
vt 0.02389884 0.016387343
vt 0.024549901 0.01639139700000003
vt 0.025201738 0.01639449599999998
vt 0.025200248 0.016832948000000014
vt 0.0245471 0.016856699999999947
vt 0.02520281 0.015919715
vt 0.025201738 0.01639449599999998
vt 0.024549901 0.01639139700000003
vt 0.025201738 0.01639449599999998
vt 0.02520281 0.015919715
vt 0.025853634 0.01591977499999997
vt 0.025200248 0.016832948000000014
vt 0.025201738 0.01639449599999998
vt 0.025854647 0.016394973000000035
vt 0.026507974 0.01639199300000005
vt 0.026510954 0.01679313199999999
vt 0.025855362 0.016805827999999967
vt 0.026504874 0.01591682400000005
vt 0.026507974 0.01639199300000005
vt 0.025854647 0.016394973000000035
vt 0.026507974 0.01639199300000005
vt 0.026504874 0.01591682400000005
vt 0.027156115 0.015911788000000038
vt 0.026510954 0.01679313199999999
vt 0.026507974 0.01639199300000005
vt 0.02713418 0.016386209999999957
vt 0.02770722 0.01638102500000005
vt 0.027631044 0.01681608000000001
vt 0.02711922 0.01679539699999999
vt 0.027806282 0.01590567799999998
vt 0.02770722 0.01638102500000005
vt 0.02713418 0.016386209999999957
vt 0.02770722 0.01638102500000005
vt 0.027806282 0.01590567799999998
vt 0.028455377 0.015897691000000047
vt 0.027631044 0.01681608000000001
vt 0.02770722 0.01638102500000005
vt 0.028304458 0.01637262100000003
vt 0.02270168 0.019398241999999954
vt 0.022656292 0.01979610300000001
vt 0.021848321 0.019877970000000023
vt 0.022800207 0.018920064000000014
vt 0.02270168 0.019398241999999954
vt 0.02199471 0.01940357699999995
vt 0.02270168 0.019398241999999954
vt 0.022800207 0.018920064000000014
vt 0.023451746 0.018909931000000046
vt 0.022656292 0.01979610300000001
vt 0.02270168 0.019398241999999954
vt 0.023430288 0.019353181000000053
vt 0.024104893 0.019263059000000027
vt 0.024110138 0.01959976600000002
vt 0.023424149 0.01972502499999995
vt 0.02410236 0.01890635500000004
vt 0.024104893 0.019263059000000027
vt 0.023430288 0.019353181000000053
vt 0.024104893 0.019263059000000027
vt 0.02410236 0.01890635500000004
vt 0.024755597 0.018898486999999964
vt 0.024110138 0.01959976600000002
vt 0.024104893 0.019263059000000027
vt 0.024762392 0.019168972999999978
vt 0.025424898 0.01911312300000001
vt 0.025441647 0.019405126999999966
vt 0.024773538 0.019472956999999957
vt 0.025411844 0.018872082000000012
vt 0.025424898 0.01911312300000001
vt 0.024762392 0.019168972999999978
vt 0.025424898 0.01911312300000001
vt 0.025411844 0.018872082000000012
vt 0.026064515 0.01882815400000004
vt 0.025441647 0.019405126999999966
vt 0.025424898 0.01911312300000001
vt 0.026083231 0.019094378000000023
vt 0.026713371 0.019130169999999946
vt 0.026737928 0.01943919000000005
vt 0.026104748 0.019391983999999973
vt 0.026709676 0.018784373999999993
vt 0.026713371 0.019130169999999946
vt 0.026083231 0.019094378000000023
vt 0.026713371 0.019130169999999946
vt 0.026709676 0.018784373999999993
vt 0.027353048 0.01876485299999997
vt 0.026737928 0.01943919000000005
vt 0.026713371 0.019130169999999946
vt 0.02720642 0.019236535
vt 0.031449914 0.02439704499999995
vt 0.03128141 0.024790108000000033
vt 0.030521989 0.02442350999999998
vt 0.03148693 0.02404368000000001
vt 0.031449914 0.02439704499999995
vt 0.030894756 0.024097621000000014
vt 0.031449914 0.02439704499999995
vt 0.03148693 0.02404368000000001
vt 0.032018065 0.024150549999999993
vt 0.03128141 0.024790108000000033
vt 0.031449914 0.02439704499999995
vt 0.032019436 0.024495542000000037
vt 0.032587647 0.024392544999999988
vt 0.032769203 0.02480941999999997
vt 0.032021403 0.024953008
vt 0.03254819 0.024039774999999985
vt 0.032587647 0.024392544999999988
vt 0.032019436 0.024495542000000037
vt 0.032587647 0.024392544999999988
vt 0.03254819 0.024039774999999985
vt 0.03293842 0.02387261399999996
vt 0.032769203 0.02480941999999997
vt 0.032587647 0.024392544999999988
vt 0.03314066 0.024090440000000046
vt 0.022964537 0.015195489000000006
vt 0.022952557 0.01551052900000005
vt 0.022573918 0.015580416000000041
vt 0.022956014 0.01488018000000002
vt 0.022964537 0.015195489000000006
vt 0.022466898 0.015335589999999955
vt 0.022964537 0.015195489000000006
vt 0.022956014 0.01488018000000002
vt 0.023607552 0.014883160999999978
vt 0.022952557 0.01551052900000005
vt 0.022964537 0.015195489000000006
vt 0.023606986 0.01508840899999997
vt 0.024264723 0.015050054000000035
vt 0.024267435 0.015308558999999944
vt 0.023610592 0.015363692999999956
vt 0.024264038 0.014882743000000032
vt 0.024264723 0.015050054000000035
vt 0.023606986 0.01508840899999997
vt 0.024264723 0.015050054000000035
vt 0.024264038 0.014882743000000032
vt 0.024920285 0.014878093999999953
vt 0.024267435 0.015308558999999944
vt 0.024264723 0.015050054000000035
vt 0.024921477 0.015045166000000054
vt 0.022589296 0.01732712999999997
vt 0.02258566 0.01772934199999998
vt 0.021934003 0.017722248999999968
vt 0.02259326 0.016852438000000025
vt 0.022589296 0.01732712999999997
vt 0.021938086 0.01732098999999998
vt 0.022589296 0.01732712999999997
vt 0.02259326 0.016852438000000025
vt 0.0232445 0.016857385999999974
vt 0.02258566 0.01772934199999998
vt 0.022589296 0.01732712999999997
vt 0.023241282 0.01733225599999999
vt 0.023892581 0.017335981
vt 0.023890287 0.01777362800000004
vt 0.0232386 0.017743707000000053
vt 0.02389571 0.016861676999999964
vt 0.023892581 0.017335981
vt 0.023241282 0.01733225599999999
vt 0.023892581 0.017335981
vt 0.02389571 0.016861676999999964
vt 0.0245471 0.016856699999999947
vt 0.023890287 0.01777362800000004
vt 0.023892581 0.017335981
vt 0.024543583 0.017302573000000043
vt 0.02519846 0.017196506
vt 0.025191009 0.017597080000000043
vt 0.024539351 0.01774772999999996
vt 0.025200248 0.016832948000000014
vt 0.02519846 0.017196506
vt 0.024543583 0.017302573000000043
vt 0.02519846 0.017196506
vt 0.025200248 0.016832948000000014
vt 0.025855362 0.016805827999999967
vt 0.025191009 0.017597080000000043
vt 0.02519846 0.017196506
vt 0.025855899 0.01708501600000001
vt 0.0265131 0.017044245999999985
vt 0.026515245 0.017304600000000003
vt 0.02585262 0.01741328799999997
vt 0.026510954 0.01679313199999999
vt 0.0265131 0.017044245999999985
vt 0.025855899 0.01708501600000001
vt 0.0265131 0.017044245999999985
vt 0.026510954 0.01679313199999999
vt 0.02711922 0.01679539699999999
vt 0.026515245 0.017304600000000003
vt 0.0265131 0.017044245999999985
vt 0.027116835 0.01707255799999996
vt 0.02760154 0.017168223999999954
vt 0.027647853 0.017480463000000057
vt 0.027123809 0.017349958000000054
vt 0.027631044 0.01681608000000001
vt 0.02760154 0.017168223999999954
vt 0.027116835 0.01707255799999996
vt 0.02760154 0.017168223999999954
vt 0.027631044 0.01681608000000001
vt 0.028171659 0.016851366000000034
vt 0.027647853 0.017480463000000057
vt 0.02760154 0.017168223999999954
vt 0.028001666 0.017297565999999986
vt 0.018713832 0.026705980000000018
vt 0.01871258 0.027110517
vt 0.018009275 0.027060866000000017
vt 0.01869303 0.026313304999999954
vt 0.018713832 0.026705980000000018
vt 0.018152297 0.026631951000000043
vt 0.018713832 0.026705980000000018
vt 0.01869303 0.026313304999999954
vt 0.019365728 0.026311874000000013
vt 0.01871258 0.027110517
vt 0.018713832 0.026705980000000018
vt 0.019372284 0.026710390999999944
vt 0.020028532 0.026704907000000055
vt 0.020033985 0.027179480000000034
vt 0.019372076 0.027203917999999994
vt 0.020025373 0.02628666199999996
vt 0.020028532 0.026704907000000055
vt 0.019372284 0.026710390999999944
vt 0.020028532 0.026704907000000055
vt 0.020025373 0.02628666199999996
vt 0.02066958 0.026260375999999974
vt 0.020033985 0.027179480000000034
vt 0.020028532 0.026704907000000055
vt 0.020646274 0.026696085999999952
vt 0.021195292 0.02668261500000002
vt 0.021090686 0.027145862999999992
vt 0.020622313 0.02716696299999999
vt 0.02129662 0.026246785999999966
vt 0.021195292 0.02668261500000002
vt 0.020646274 0.026696085999999952
vt 0.021195292 0.02668261500000002
vt 0.02129662 0.026246785999999966
vt 0.021932364 0.026239871999999997
vt 0.021090686 0.027145862999999992
vt 0.021195292 0.02668261500000002
vt 0.02177912 0.026644290000000015
vt 0.01577735 0.015915750999999978
vt 0.015684277 0.016234159999999997
vt 0.01483494 0.01633214999999999
vt 0.015899003 0.015598117999999994
vt 0.01577735 0.015915750999999978
vt 0.015068769 0.015920252000000024
vt 0.01577735 0.015915750999999978
vt 0.015899003 0.015598117999999994
vt 0.016575873 0.01558762800000002
vt 0.015684277 0.016234159999999997
vt 0.01577735 0.015915750999999978
vt 0.016534746 0.01591083400000004
vt 0.0172697 0.015944421000000042
vt 0.017259777 0.016213476999999976
vt 0.016508102 0.016205071999999987
vt 0.017332852 0.015590667999999974
vt 0.0172697 0.015944421000000042
vt 0.016534746 0.01591083400000004
vt 0.0172697 0.015944421000000042
vt 0.017332852 0.015590667999999974
vt 0.018003881 0.015570462000000007
vt 0.017259777 0.016213476999999976
vt 0.0172697 0.015944421000000042
vt 0.017987251 0.01599764800000003
vt 0.018694997 0.01609459499999999
vt 0.018689632 0.016409010000000057
vt 0.017982066 0.016284764000000007
vt 0.01866433 0.015667080000000055
vt 0.018694997 0.01609459499999999
vt 0.017987251 0.01599764800000003
vt 0.018694997 0.01609459499999999
vt 0.01866433 0.015667080000000055
vt 0.019402862 0.015730023000000037
vt 0.018689632 0.016409010000000057
vt 0.018694997 0.01609459499999999
vt 0.019373834 0.016167700000000007
vt 0.02002728 0.01619643000000004
vt 0.019976914 0.016566365999999944
vt 0.01933986 0.01652312300000003
vt 0.020075321 0.015809505999999973
vt 0.02002728 0.01619643000000004
vt 0.019373834 0.016167700000000007
vt 0.02002728 0.01619643000000004
vt 0.020075321 0.015809505999999973
vt 0.020743906 0.01588120999999998
vt 0.019976914 0.016566365999999944
vt 0.02002728 0.01619643000000004
vt 0.020692885 0.01624983499999999
vt 0.021360606 0.01631513200000001
vt 0.021336138 0.01668262499999995
vt 0.020644069 0.016608952999999982
vt 0.02138251 0.01594561299999997
vt 0.021360606 0.01631513200000001
vt 0.020692885 0.01624983499999999
vt 0.021360606 0.01631513200000001
vt 0.02138251 0.01594561299999997
vt 0.021759063 0.015928297999999952
vt 0.021336138 0.01668262499999995
vt 0.021360606 0.01631513200000001
vt 0.021877944 0.016232370999999968
vt 0.022583157 0.017985553000000043
vt 0.022578835 0.018248795999999956
vt 0.021900415 0.01830443699999995
vt 0.02258566 0.01772934199999998
vt 0.022583157 0.017985553000000043
vt 0.021931052 0.017977416999999996
vt 0.022583157 0.017985553000000043
vt 0.02258566 0.01772934199999998
vt 0.0232386 0.017743707000000053
vt 0.022578835 0.018248795999999956
vt 0.022583157 0.017985553000000043
vt 0.02323693 0.018027483999999983
vt 0.023889154 0.018137664000000053
vt 0.023883581 0.01846176399999999
vt 0.023230016 0.01830625500000005
vt 0.023890287 0.01777362800000004
vt 0.023889154 0.018137664000000053
vt 0.02323693 0.018027483999999983
vt 0.023889154 0.018137664000000053
vt 0.023890287 0.01777362800000004
vt 0.024539351 0.01774772999999996
vt 0.023883581 0.01846176399999999
vt 0.023889154 0.018137664000000053
vt 0.024536133 0.018211484000000056
vt 0.025174797 0.018138528000000043
vt 0.025173426 0.018627346000000045
vt 0.024533212 0.018607378000000008
vt 0.025191009 0.017597080000000043
vt 0.025174797 0.018138528000000043
vt 0.024536133 0.018211484000000056
vt 0.025174797 0.018138528000000043
vt 0.025191009 0.017597080000000043
vt 0.02585262 0.01741328799999997
vt 0.025173426 0.018627346000000045
vt 0.025174797 0.018138528000000043
vt 0.025673687 0.018089294000000034
vt 0.030635357 0.025276243999999948
vt 0.030593872 0.02574730000000003
vt 0.030036092 0.025707363999999955
vt 0.03063047 0.024908720999999967
vt 0.030635357 0.025276243999999948
vt 0.030087113 0.025226532999999995
vt 0.030635357 0.025276243999999948
vt 0.03063047 0.024908720999999967
vt 0.031310022 0.024955273
vt 0.030593872 0.02574730000000003
vt 0.030635357 0.025276243999999948
vt 0.031321585 0.025332927999999977
vt 0.032016814 0.025394260000000002
vt 0.031978846 0.025867045000000033
vt 0.031281233 0.02580666499999995
vt 0.031996727 0.025007486000000023
vt 0.032016814 0.025394260000000002
vt 0.031321585 0.025332927999999977
vt 0.032016814 0.025394260000000002
vt 0.031996727 0.025007486000000023
vt 0.032669663 0.025047719999999996
vt 0.031978846 0.025867045000000033
vt 0.032016814 0.025394260000000002
vt 0.032690287 0.025445640000000047
vt 0.033337474 0.025447487999999963
vt 0.033352673 0.02582192400000005
vt 0.032691836 0.02592694799999995
vt 0.033324838 0.025045395000000026
vt 0.033337474 0.025447487999999963
vt 0.032690287 0.025445640000000047
vt 0.033337474 0.025447487999999963
vt 0.033324838 0.025045395000000026
vt 0.033731103 0.02504897100000003
vt 0.033352673 0.02582192400000005
vt 0.033337474 0.025447487999999963
vt 0.033852816 0.025358020999999953
vt 0.020050704 0.027646660000000045
vt 0.020034254 0.028039574999999983
vt 0.019629866 0.028001606000000012
vt 0.020033985 0.027179480000000034
vt 0.020050704 0.027646660000000045
vt 0.019537479 0.02768188699999996
vt 0.020050704 0.027646660000000045
vt 0.020033985 0.027179480000000034
vt 0.020622313 0.02716696299999999
vt 0.020034254 0.028039574999999983
vt 0.020050704 0.027646660000000045
vt 0.020615935 0.027636050999999995
vt 0.021050364 0.027608811999999983
vt 0.021097183 0.02799278500000002
vt 0.020626724 0.02803420999999995
vt 0.021090686 0.027145862999999992
vt 0.021050364 0.027608811999999983
vt 0.020615935 0.027636050999999995
vt 0.021050364 0.027608811999999983
vt 0.021090686 0.027145862999999992
vt 0.021595657 0.027106583000000017
vt 0.021097183 0.02799278500000002
vt 0.021050364 0.027608811999999983
vt 0.021411538 0.027606963999999956
vt 0.026180804 0.023545383999999947
vt 0.02636528 0.023906141999999964
vt 0.025636613 0.024141549999999956
vt 0.025994599 0.023175626999999976
vt 0.026180804 0.023545383999999947
vt 0.025527596 0.023675977999999986
vt 0.026180804 0.023545383999999947
vt 0.025994599 0.023175626999999976
vt 0.026746035 0.022963166000000035
vt 0.02636528 0.023906141999999964
vt 0.026180804 0.023545383999999947
vt 0.026767135 0.023431301000000015
vt 0.021319717 0.029000282000000044
vt 0.0208323 0.02903628300000005
vt 0.020840764 0.02828788800000004
vt 0.02167964 0.02887839000000003
vt 0.021319717 0.029000282000000044
vt 0.021311104 0.028362094999999976
vt 0.021319717 0.029000282000000044
vt 0.02167964 0.02887839000000003
vt 0.02184841 0.029661775
vt 0.0208323 0.02903628300000005
vt 0.021319717 0.029000282000000044
vt 0.021379769 0.029708265999999983
vt 0.022689342 0.025744140000000026
vt 0.022960871 0.025189996000000048
vt 0.023473471 0.025240004000000038
vt 0.022824198 0.02614688899999995
vt 0.022689342 0.025744140000000026
vt 0.023419201 0.025725007000000022
vt 0.022689342 0.025744140000000026
vt 0.022824198 0.02614688899999995
vt 0.022059083 0.02618885000000004
vt 0.022960871 0.025189996000000048
vt 0.022689342 0.025744140000000026
vt 0.021971256 0.02573311300000003
vt 0.021374226 0.02568364099999998
vt 0.021514207 0.02513354999999995
vt 0.022157669 0.025155484999999977
vt 0.021359384 0.026180207999999983
vt 0.021374226 0.02568364099999998
vt 0.021971256 0.02573311300000003
vt 0.021374226 0.02568364099999998
vt 0.021359384 0.026180207999999983
vt 0.020676434 0.026114344999999983
vt 0.021514207 0.02513354999999995
vt 0.021374226 0.02568364099999998
vt 0.020777047 0.025650799999999974
vt 0.019913316 0.025701046000000005
vt 0.019903421 0.025199473000000028
vt 0.020792246 0.025179386000000026
vt 0.019935727 0.026107073000000036
vt 0.019913316 0.025701046000000005
vt 0.020777047 0.025650799999999974
vt 0.019913316 0.025701046000000005
vt 0.019935727 0.026107073000000036
vt 0.019399196 0.025993228000000035
vt 0.019903421 0.025199473000000028
vt 0.019913316 0.025701046000000005
vt 0.019154876 0.025701940000000034
vt 0.03027296 0.020941913000000034
vt 0.030189037 0.021305144000000054
vt 0.029832304 0.021198123999999985
vt 0.03027761 0.020505607000000037
vt 0.03027296 0.020941913000000034
vt 0.029785097 0.020876585999999975
vt 0.03027296 0.020941913000000034
vt 0.03027761 0.020505607000000037
vt 0.030914903 0.020538092000000008
vt 0.030189037 0.021305144000000054
vt 0.03027296 0.020941913000000034
vt 0.030892253 0.020980686000000026
vt 0.031534314 0.021016716999999963
vt 0.031507373 0.021486311999999952
vt 0.030816019 0.021454631999999974
vt 0.031557262 0.020597874999999988
vt 0.031534314 0.021016716999999963
vt 0.030892253 0.020980686000000026
vt 0.031534314 0.021016716999999963
vt 0.031557262 0.020597874999999988
vt 0.032179892 0.020664751999999953
vt 0.031507373 0.021486311999999952
vt 0.031534314 0.021016716999999963
vt 0.03215611 0.021086037000000002
vt 0.032743037 0.021220267000000015
vt 0.032712877 0.021784185999999983
vt 0.032131374 0.021577894999999958
vt 0.032762885 0.020723103999999992
vt 0.032743037 0.021220267000000015
vt 0.03215611 0.021086037000000002
vt 0.032743037 0.021220267000000015
vt 0.032762885 0.020723103999999992
vt 0.033267736 0.02062225299999998
vt 0.032712877 0.021784185999999983
vt 0.032743037 0.021220267000000015
vt 0.033213258 0.02132651200000002
vt 0.030552626 0.026218890999999966
vt 0.030466735 0.02664864
vt 0.030053973 0.026560247000000037
vt 0.030593872 0.02574730000000003
vt 0.030552626 0.026218890999999966
vt 0.029989839 0.026206909999999972
vt 0.030552626 0.026218890999999966
vt 0.030593872 0.02574730000000003
vt 0.031281233 0.02580666499999995
vt 0.030466735 0.02664864
vt 0.030552626 0.026218890999999966
vt 0.031240225 0.026280462999999976
vt 0.031937003 0.02633988899999995
vt 0.031909585 0.02681464
vt 0.03117466 0.026800751999999983
vt 0.031978846 0.025867045000000033
vt 0.031937003 0.02633988899999995
vt 0.031240225 0.026280462999999976
vt 0.031937003 0.02633988899999995
vt 0.031978846 0.025867045000000033
vt 0.032691836 0.02592694799999995
vt 0.031909585 0.02681464
vt 0.031937003 0.02633988899999995
vt 0.032500863 0.026391029999999982
vt 0.022836208 0.021169840999999967
vt 0.022750556 0.021650672000000037
vt 0.022210836 0.021596878999999958
vt 0.022865027 0.020812810000000015
vt 0.022836208 0.021169840999999967
vt 0.0223172 0.021113873000000005
vt 0.022836208 0.021169840999999967
vt 0.022865027 0.020812810000000015
vt 0.02352354 0.020868479999999967
vt 0.022750556 0.021650672000000037
vt 0.022836208 0.021169840999999967
vt 0.023517638 0.02124428700000003
vt 0.024236381 0.02132681000000003
vt 0.024175406 0.02179777599999999
vt 0.023454756 0.021725804000000015
vt 0.02421692 0.02093654899999997
vt 0.024236381 0.02132681000000003
vt 0.023517638 0.02124428700000003
vt 0.024236381 0.02132681000000003
vt 0.02421692 0.02093654899999997
vt 0.024904132 0.020999133999999975
vt 0.024175406 0.02179777599999999
vt 0.024236381 0.02132681000000003
vt 0.024916053 0.021402270000000057
vt 0.025529504 0.021464110000000036
vt 0.025482893 0.02191832699999996
vt 0.024855137 0.021854699000000033
vt 0.025564313 0.02103209500000003
vt 0.025529504 0.021464110000000036
vt 0.024916053 0.021402270000000057
vt 0.025529504 0.021464110000000036
vt 0.025564313 0.02103209500000003
vt 0.026236236 0.021060586000000048
vt 0.025482893 0.02191832699999996
vt 0.025529504 0.021464110000000036
vt 0.026152253 0.021519422999999982
vt 0.02681911 0.021544337000000024
vt 0.026751518 0.02203360200000004
vt 0.026111484 0.021982104000000002
vt 0.026941419 0.021038680999999948
vt 0.02681911 0.021544337000000024
vt 0.026152253 0.021519422999999982
vt 0.02681911 0.021544337000000024
vt 0.026941419 0.021038680999999948
vt 0.027640581 0.020963191999999964
vt 0.026751518 0.02203360200000004
vt 0.02681911 0.021544337000000024
vt 0.027489305 0.021598099999999953
vt 0.020327747 0.029103397999999947
vt 0.019968927 0.02909326599999995
vt 0.019798994 0.028457045999999986
vt 0.0208323 0.02903628300000005
vt 0.020327747 0.029103397999999947
vt 0.020270467 0.02846097999999997
vt 0.020327747 0.029103397999999947
vt 0.0208323 0.02903628300000005
vt 0.020869195 0.02972280999999999
vt 0.019968927 0.02909326599999995
vt 0.020327747 0.029103397999999947
vt 0.020344377 0.029699861999999966
vt 0.022992134 0.024702430000000053
vt 0.022881806 0.024287134000000044
vt 0.023458362 0.02445924300000002
vt 0.022960871 0.025189996000000048
vt 0.022992134 0.024702430000000053
vt 0.023526758 0.024758040000000037
vt 0.022992134 0.024702430000000053
vt 0.022960871 0.025189996000000048
vt 0.022157669 0.025155484999999977
vt 0.022881806 0.024287134000000044
vt 0.022992134 0.024702430000000053
vt 0.022160888 0.024664997999999994
vt 0.021496654 0.024699747999999966
vt 0.02137804 0.02420610199999995
vt 0.02204138 0.024113119000000016
vt 0.021514207 0.02513354999999995
vt 0.021496654 0.024699747999999966
vt 0.022160888 0.024664997999999994
vt 0.021496654 0.024699747999999966
vt 0.021514207 0.02513354999999995
vt 0.020792246 0.025179386000000026
vt 0.02137804 0.02420610199999995
vt 0.021496654 0.024699747999999966
vt 0.020792544 0.024697184999999955
vt 0.020074874 0.024683118000000004
vt 0.019929051 0.024276792999999963
vt 0.020719051 0.024163932
vt 0.019903421 0.025199473000000028
vt 0.020074874 0.024683118000000004
vt 0.020792544 0.024697184999999955
vt 0.020074874 0.024683118000000004
vt 0.019903421 0.025199473000000028
vt 0.019135654 0.025198280000000017
vt 0.019929051 0.024276792999999963
vt 0.020074874 0.024683118000000004
vt 0.019316822 0.024656891999999986
vt 0.03368181 0.018197090000000027
vt 0.033632398 0.017734498000000043
vt 0.03402996 0.01772963999999999
vt 0.03362441 0.018575191000000046
vt 0.03368181 0.018197090000000027
vt 0.034030795 0.018206595999999964
vt 0.03368181 0.018197090000000027
vt 0.03362441 0.018575191000000046
vt 0.033313453 0.018516391999999993
vt 0.033632398 0.017734498000000043
vt 0.03368181 0.018197090000000027
vt 0.03331411 0.01822373300000002
vt 0.03148526 0.021950602999999957
vt 0.031407595 0.02232498000000005
vt 0.030955017 0.022232770000000013
vt 0.031507373 0.021486311999999952
vt 0.03148526 0.021950602999999957
vt 0.03091377 0.021933049000000038
vt 0.03148526 0.021950602999999957
vt 0.031507373 0.021486311999999952
vt 0.032131374 0.021577894999999958
vt 0.031407595 0.02232498000000005
vt 0.03148526 0.021950602999999957
vt 0.032106757 0.022034942999999974
vt 0.032712698 0.022193609999999975
vt 0.03265357 0.022483290000000045
vt 0.03205669 0.02239537199999997
vt 0.032712877 0.021784185999999983
vt 0.032712698 0.022193609999999975
vt 0.032106757 0.022034942999999974
vt 0.032712698 0.022193609999999975
vt 0.032712877 0.021784185999999983
vt 0.033293724 0.022044122000000055
vt 0.03265357 0.022483290000000045
vt 0.032712698 0.022193609999999975
vt 0.033322334 0.022401840000000006
vt 0.0219692 0.032324134999999976
vt 0.02204752 0.032658458
vt 0.02129519 0.03250783700000004
vt 0.021921575 0.031975030000000015
vt 0.0219692 0.032324134999999976
vt 0.021280587 0.03222400000000003
vt 0.0219692 0.032324134999999976
vt 0.021921575 0.031975030000000015
vt 0.022352397 0.03197723600000002
vt 0.02204752 0.032658458
vt 0.0219692 0.032324134999999976
vt 0.022519171 0.03229820699999997
vt 0.031912923 0.027296483999999954
vt 0.0318439 0.027736902000000008
vt 0.031429768 0.02768135000000005
vt 0.031909585 0.02681464
vt 0.031912923 0.027296483999999954
vt 0.031359673 0.027329205999999995
vt 0.031912923 0.027296483999999954
vt 0.031909585 0.02681464
vt 0.03245145 0.02686357500000003
vt 0.0318439 0.027736902000000008
vt 0.031912923 0.027296483999999954
vt 0.03241968 0.02733909999999995
vt 0.022687435 0.022128463000000043
vt 0.022644699 0.02260845899999997
vt 0.022106826 0.02254352000000004
vt 0.022750556 0.021650672000000037
vt 0.022687435 0.022128463000000043
vt 0.022140026 0.022068321999999974
vt 0.022687435 0.022128463000000043
vt 0.022750556 0.021650672000000037
vt 0.023454756 0.021725804000000015
vt 0.022644699 0.02260845899999997
vt 0.022687435 0.022128463000000043
vt 0.023391902 0.022206305999999953
vt 0.024095982 0.022282362
vt 0.024022609 0.022768915
vt 0.023334622 0.022686780000000017
vt 0.024175406 0.02179777599999999
vt 0.024095982 0.022282362
vt 0.023391902 0.022206305999999953
vt 0.024095982 0.022282362
vt 0.024175406 0.02179777599999999
vt 0.024855137 0.021854699000000033
vt 0.024022609 0.022768915
vt 0.024095982 0.022282362
vt 0.024773836 0.022341787999999974
vt 0.025417805 0.022413610999999944
vt 0.025343 0.02289944899999996
vt 0.024676144 0.022865415000000056
vt 0.025482893 0.02191832699999996
vt 0.025417805 0.022413610999999944
vt 0.024773836 0.022341787999999974
vt 0.025417805 0.022413610999999944
vt 0.025482893 0.02191832699999996
vt 0.026111484 0.021982104000000002
vt 0.025343 0.02289944899999996
vt 0.025417805 0.022413610999999944
vt 0.0260638 0.02247816300000005
vt 0.026707709 0.022493212999999956
vt 0.02667737 0.022937596000000005
vt 0.026002884 0.022958516999999956
vt 0.026751518 0.02203360200000004
vt 0.026707709 0.022493212999999956
vt 0.0260638 0.02247816300000005
vt 0.026707709 0.022493212999999956
vt 0.026751518 0.02203360200000004
vt 0.027410805 0.022099018000000026
vt 0.02667737 0.022937596000000005
vt 0.026707709 0.022493212999999956
vt 0.02720058 0.022563099999999947
vt 0.025145292 0.024644077000000042
vt 0.025117338 0.02423748400000003
vt 0.025772393 0.024191945999999964
vt 0.025205135 0.02503943399999997
vt 0.025145292 0.024644077000000042
vt 0.025679767 0.024659812000000003
vt 0.025145292 0.024644077000000042
vt 0.025205135 0.02503943399999997
vt 0.02482152 0.025058090000000033
vt 0.025117338 0.02423748400000003
vt 0.025145292 0.024644077000000042
vt 0.024663925 0.02478361100000004
vt 0.028410256 0.02795076399999996
vt 0.028331637 0.02834248500000003
vt 0.027883053 0.028287053000000006
vt 0.028517306 0.027537346000000018
vt 0.028410256 0.02795076399999996
vt 0.02780521 0.027994990000000053
vt 0.028410256 0.02795076399999996
vt 0.028517306 0.027537346000000018
vt 0.02903223 0.027537107000000005
vt 0.028331637 0.02834248500000003
vt 0.028410256 0.02795076399999996
vt 0.029039323 0.027885080000000007
vt 0.021366388 0.023566127000000048
vt 0.021350384 0.022860765000000005
vt 0.02173245 0.022907615000000048
vt 0.02137804 0.02420610199999995
vt 0.021366388 0.023566127000000048
vt 0.021871269 0.02340668400000001
vt 0.021366388 0.023566127000000048
vt 0.02137804 0.02420610199999995
vt 0.020719051 0.024163932
vt 0.021350384 0.022860765000000005
vt 0.021366388 0.023566127000000048
vt 0.020853937 0.023427843999999975
vt 0.020613909 0.03139782000000002
vt 0.020549238 0.031818031999999996
vt 0.01985246 0.031902313000000015
vt 0.020646274 0.030972957999999995
vt 0.020613909 0.03139782000000002
vt 0.01999861 0.03134000299999995
vt 0.020613909 0.03139782000000002
vt 0.020646274 0.030972957999999995
vt 0.021411985 0.030950248000000014
vt 0.020549238 0.031818031999999996
vt 0.020613909 0.03139782000000002
vt 0.02120179 0.03146994000000003
vt 0.033515155 0.017258435000000016
vt 0.033402264 0.016780852999999984
vt 0.03401929 0.01677703900000005
vt 0.033632398 0.017734498000000043
vt 0.033515155 0.017258435000000016
vt 0.034023404 0.017252743000000015
vt 0.033515155 0.017258435000000016
vt 0.033632398 0.017734498000000043
vt 0.0331316 0.01774603100000005
vt 0.033402264 0.016780852999999984
vt 0.033515155 0.017258435000000016
vt 0.03293276 0.017259597999999987
vt 0.03220594 0.01725781000000004
vt 0.032096088 0.01678329700000003
vt 0.03276658 0.016782611999999975
vt 0.032277107 0.017648099999999944
vt 0.03220594 0.01725781000000004
vt 0.03293276 0.017259597999999987
vt 0.03220594 0.01725781000000004
vt 0.032277107 0.017648099999999944
vt 0.03156507 0.017642586999999987
vt 0.032096088 0.01678329700000003
vt 0.03220594 0.01725781000000004
vt 0.031569958 0.017254262999999992
vt 0.03125441 0.01725143200000001
vt 0.031177998 0.016791283999999962
vt 0.031524003 0.016785501999999952
vt 0.03117156 0.017626643000000053
vt 0.03125441 0.01725143200000001
vt 0.031569958 0.017254262999999992
vt 0.03125441 0.01725143200000001
vt 0.03117156 0.017626643000000053
vt 0.030908823 0.017566174000000045
vt 0.031177998 0.016791283999999962
vt 0.03125441 0.01725143200000001
vt 0.030968666 0.017279565000000052
vt 0.022099495 0.032970904999999995
vt 0.022042036 0.033249795000000026
vt 0.02152121 0.03321200599999996
vt 0.02204752 0.032658458
vt 0.022099495 0.032970904999999995
vt 0.021460503 0.03293674999999996
vt 0.022099495 0.032970904999999995
vt 0.02204752 0.032658458
vt 0.02273795 0.03277266000000001
vt 0.022042036 0.033249795000000026
vt 0.022099495 0.032970904999999995
vt 0.022754908 0.03305208699999995
vt 0.023394465 0.03306507999999997
vt 0.023421407 0.03328180299999994
vt 0.02275759 0.03330576399999996
vt 0.023402661 0.032801866999999985
vt 0.023394465 0.03306507999999997
vt 0.022754908 0.03305208699999995
vt 0.023394465 0.03306507999999997
vt 0.023402661 0.032801866999999985
vt 0.023786783 0.03271144599999998
vt 0.023421407 0.03328180299999994
vt 0.023394465 0.03306507999999997
vt 0.023896575 0.032945036999999955
vt 0.022621453 0.023094118000000052
vt 0.022574127 0.023447454000000034
vt 0.022197962 0.023313970000000017
vt 0.022644699 0.02260845899999997
vt 0.022621453 0.023094118000000052
vt 0.022105217 0.023036509999999955
vt 0.022621453 0.023094118000000052
vt 0.022644699 0.02260845899999997
vt 0.023334622 0.022686780000000017
vt 0.022574127 0.023447454000000034
vt 0.022621453 0.023094118000000052
vt 0.023289084 0.023168206000000025
vt 0.02396828 0.023251652999999983
vt 0.023910165 0.02360656900000002
vt 0.02322641 0.02353036399999997
vt 0.024022609 0.022768915
vt 0.02396828 0.023251652999999983
vt 0.023289084 0.023168206000000025
vt 0.02396828 0.023251652999999983
vt 0.024022609 0.022768915
vt 0.024676144 0.022865415000000056
vt 0.023910165 0.02360656900000002
vt 0.02396828 0.023251652999999983
vt 0.024450064 0.02331581699999996
vt 0.027963758 0.020227969000000012
vt 0.02836442 0.02000260399999998
vt 0.028645277 0.020620583999999997
vt 0.027628481 0.020412147000000047
vt 0.027963758 0.020227969000000012
vt 0.028154612 0.020711213000000006
vt 0.027963758 0.020227969000000012
vt 0.027628481 0.020412147000000047
vt 0.027327538 0.019809723000000057
vt 0.02836442 0.02000260399999998
vt 0.027963758 0.020227969000000012
vt 0.027803302 0.01972964399999999
vt 0.018152922 0.03187000799999995
vt 0.018129528 0.03239971399999997
vt 0.017459989 0.03254890399999999
vt 0.018140614 0.03138434999999995
vt 0.018152922 0.03187000799999995
vt 0.017632663 0.031896950000000035
vt 0.018152922 0.03187000799999995
vt 0.018140614 0.03138434999999995
vt 0.018725932 0.03135979
vt 0.018129528 0.03239971399999997
vt 0.018152922 0.03187000799999995
vt 0.018711329 0.03178262700000001
vt 0.01911351 0.03175890400000003
vt 0.019158363 0.03222131699999997
vt 0.01871422 0.03226638000000004
vt 0.01917708 0.031370699999999974
vt 0.01911351 0.03175890400000003
vt 0.018711329 0.03178262700000001
vt 0.01911351 0.03175890400000003
vt 0.01917708 0.031370699999999974
vt 0.019485533 0.03142082700000004
vt 0.019158363 0.03222131699999997
vt 0.01911351 0.03175890400000003
vt 0.019465089 0.031736135000000054
vt 0.028553605 0.024184733999999986
vt 0.028530478 0.024694919999999954
vt 0.028075695 0.024674535000000053
vt 0.028549552 0.023621082000000015
vt 0.028553605 0.024184733999999986
vt 0.02797991 0.02431941000000004
vt 0.028553605 0.024184733999999986
vt 0.028549552 0.023621082000000015
vt 0.028939545 0.023577570000000048
vt 0.028530478 0.024694919999999954
vt 0.028553605 0.024184733999999986
vt 0.029057741 0.024017692000000035
vt 0.02356428 0.028113960999999965
vt 0.02352786 0.027502417999999973
vt 0.023903728 0.027468680999999995
vt 0.023603559 0.028719068000000014
vt 0.02356428 0.028113960999999965
vt 0.024052799 0.027923107000000003
vt 0.02356428 0.028113960999999965
vt 0.023603559 0.028719068000000014
vt 0.022924393 0.028741955999999957
vt 0.02352786 0.027502417999999973
vt 0.02356428 0.028113960999999965
vt 0.023065388 0.028015852000000008
vt 0.029193759 0.028939903000000045
vt 0.029245436 0.02935528799999998
vt 0.028556287 0.029452384000000054
vt 0.029172301 0.028512179999999998
vt 0.029193759 0.028939903000000045
vt 0.028683782 0.02888274199999996
vt 0.029193759 0.028939903000000045
vt 0.029172301 0.028512179999999998
vt 0.029770494 0.028492689999999987
vt 0.029245436 0.02935528799999998
vt 0.029193759 0.028939903000000045
vt 0.02974683 0.029019593999999982
vt 0.033363402 0.016304373999999955
vt 0.033361316 0.01582828199999997
vt 0.034014463 0.015825331000000054
vt 0.033402264 0.016780852999999984
vt 0.033363402 0.016304373999999955
vt 0.03401661 0.016301184999999996
vt 0.033363402 0.016304373999999955
vt 0.033402264 0.016780852999999984
vt 0.03276658 0.016782611999999975
vt 0.033361316 0.01582828199999997
vt 0.033363402 0.016304373999999955
vt 0.032710075 0.016306668999999996
vt 0.032057524 0.016308725000000024
vt 0.032055497 0.015833377999999954
vt 0.032708287 0.01583087400000005
vt 0.032096088 0.01678329700000003
vt 0.032057524 0.016308725000000024
vt 0.032710075 0.016306668999999996
vt 0.032057524 0.016308725000000024
vt 0.032096088 0.01678329700000003
vt 0.031524003 0.016785501999999952
vt 0.032055497 0.015833377999999954
vt 0.032057524 0.016308725000000024
vt 0.031465054 0.016311795000000018
vt 0.030991197 0.016315877000000034
vt 0.030809522 0.015838205999999966
vt 0.03141755 0.015836238999999974
vt 0.031177998 0.016791283999999962
vt 0.030991197 0.016315877000000034
vt 0.031465054 0.016311795000000018
vt 0.030991197 0.016315877000000034
vt 0.031177998 0.016791283999999962
vt 0.030776978 0.016801237999999996
vt 0.030809522 0.015838205999999966
vt 0.030991197 0.016315877000000034
vt 0.030457139 0.016314089999999948
vt 0.02969426 0.01630598299999997
vt 0.029509604 0.01584118599999995
vt 0.030187845 0.015837817999999948
vt 0.02980125 0.016694247999999967
vt 0.02969426 0.01630598299999997
vt 0.030457139 0.016314089999999948
vt 0.02969426 0.01630598299999997
vt 0.02980125 0.016694247999999967
vt 0.029221416 0.016641139999999943
vt 0.029509604 0.01584118599999995
vt 0.02969426 0.01630598299999997
vt 0.029015124 0.01633304400000002
vt 0.023464262 0.033661842
vt 0.023478448 0.03404629199999998
vt 0.023082852 0.034021140000000005
vt 0.023421407 0.03328180299999994
vt 0.023464262 0.033661842
vt 0.022959888 0.033724666000000014
vt 0.023464262 0.033661842
vt 0.023421407 0.03328180299999994
vt 0.024073899 0.03320348299999998
vt 0.023478448 0.03404629199999998
vt 0.023464262 0.033661842
vt 0.02410829 0.03365117299999998
vt 0.024767578 0.03370779800000001
vt 0.024780273 0.034011303999999964
vt 0.024127185 0.03401869499999999
vt 0.024754405 0.03336012399999999
vt 0.024767578 0.03370779800000001
vt 0.02410829 0.03365117299999998
vt 0.024767578 0.03370779800000001
vt 0.024754405 0.03336012399999999
vt 0.025415719 0.03345704000000005
vt 0.024780273 0.034011303999999964
vt 0.024767578 0.03370779800000001
vt 0.025424957 0.03376478000000005
vt 0.015491962 0.03295564699999998
vt 0.015498102 0.03323602700000006
vt 0.014837325 0.03322815999999995
vt 0.015491545 0.03265976999999998
vt 0.015491962 0.03295564699999998
vt 0.01483494 0.032927154999999986
vt 0.015491962 0.03295564699999998
vt 0.015491545 0.03265976999999998
vt 0.016143799 0.032653810000000005
vt 0.015498102 0.03323602700000006
vt 0.015491962 0.03295564699999998
vt 0.01614672 0.03294920999999995
vt 0.016800463 0.03294205699999997
vt 0.016802788 0.03322231799999997
vt 0.01614958 0.033228040000000014
vt 0.016795993 0.03264630000000002
vt 0.016800463 0.03294205699999997
vt 0.01614672 0.03294920999999995
vt 0.016800463 0.03294205699999997
vt 0.016795993 0.03264630000000002
vt 0.017459989 0.03254890399999999
vt 0.016802788 0.03322231799999997
vt 0.016800463 0.03294205699999997
vt 0.017457515 0.032904743999999986
vt 0.018118382 0.03281164000000003
vt 0.018112004 0.03319055000000004
vt 0.017457545 0.03321027799999998
vt 0.018129528 0.03239971399999997
vt 0.018118382 0.03281164000000003
vt 0.017457515 0.032904743999999986
vt 0.018118382 0.03281164000000003
vt 0.018129528 0.03239971399999997
vt 0.01871422 0.03226638000000004
vt 0.018112004 0.03319055000000004
vt 0.018118382 0.03281164000000003
vt 0.01873666 0.03272342699999997
vt 0.01927194 0.03269636600000003
vt 0.019390643 0.03308433300000002
vt 0.01876527 0.033181009999999955
vt 0.019158363 0.03222131699999997
vt 0.01927194 0.03269636600000003
vt 0.01873666 0.03272342699999997
vt 0.01927194 0.03269636600000003
vt 0.019158363 0.03222131699999997
vt 0.019642353 0.032221257999999975
vt 0.019390643 0.03308433300000002
vt 0.01927194 0.03269636600000003
vt 0.019852608 0.03271025400000005
vt 0.02059561 0.03274798400000001
vt 0.020716041 0.03324020000000005
vt 0.0200454 0.03320187299999999
vt 0.020505548 0.03233266000000001
vt 0.02059561 0.03274798400000001
vt 0.019852608 0.03271025400000005
vt 0.02059561 0.03274798400000001
vt 0.020505548 0.03233266000000001
vt 0.02100122 0.03239166699999996
vt 0.020716041 0.03324020000000005
vt 0.02059561 0.03274798400000001
vt 0.021198243 0.03273564600000001
vt 0.023614347 0.03035593000000003
vt 0.023626357 0.02982628300000001
vt 0.024005592 0.029823900000000014
vt 0.023604333 0.030899286000000026
vt 0.023614347 0.03035593000000003
vt 0.024130523 0.030175744999999976
vt 0.023614347 0.03035593000000003
vt 0.023604333 0.030899286000000026
vt 0.022924393 0.03104722500000001
vt 0.023626357 0.02982628300000001
vt 0.023614347 0.03035593000000003
vt 0.02313149 0.030307709999999988
vt 0.02609855 0.027752994999999947
vt 0.026590645 0.02767676100000005
vt 0.026835859 0.028592466999999955
vt 0.025639892 0.02786970099999997
vt 0.02609855 0.027752994999999947
vt 0.026190639 0.028447807000000047
vt 0.02609855 0.027752994999999947
vt 0.025639892 0.02786970099999997
vt 0.025484324 0.02716297000000001
vt 0.026590645 0.02767676100000005
vt 0.02609855 0.027752994999999947
vt 0.026002288 0.027125596999999946
vt 0.03335929 0.01535236799999995
vt 0.033357263 0.014876604000000015
vt 0.03401023 0.014873683000000026
vt 0.033361316 0.01582828199999997
vt 0.03335929 0.01535236799999995
vt 0.034012318 0.01534950700000004
vt 0.03335929 0.01535236799999995
vt 0.033361316 0.01582828199999997
vt 0.032708287 0.01583087400000005
vt 0.033357263 0.014876604000000015
vt 0.03335929 0.01535236799999995
vt 0.03270638 0.015355110000000005
vt 0.03205353 0.015357763000000024
vt 0.032051623 0.014882147000000012
vt 0.032704353 0.014879405499999998
vt 0.032055497 0.015833377999999954
vt 0.03205353 0.015357763000000024
vt 0.03270638 0.015355110000000005
vt 0.03205353 0.015357763000000024
vt 0.032055497 0.015833377999999954
vt 0.03141755 0.015836238999999974
vt 0.032051623 0.014882147000000012
vt 0.03205353 0.015357763000000024
vt 0.0314008 0.01536041499999996
vt 0.030748248 0.015362501000000028
vt 0.03074658 0.014887153999999958
vt 0.03139901 0.01488482950000003
vt 0.030809522 0.015838205999999966
vt 0.030748248 0.015362501000000028
vt 0.0314008 0.01536041499999996
vt 0.030748248 0.015362501000000028
vt 0.030809522 0.015838205999999966
vt 0.030187845 0.015837817999999948
vt 0.03074658 0.014887153999999958
vt 0.030748248 0.015362501000000028
vt 0.030096233 0.015364288999999975
vt 0.029444337 0.015367924999999949
vt 0.02944243 0.01489257799999999
vt 0.030094385 0.01488938900000003
vt 0.029509604 0.01584118599999995
vt 0.029444337 0.015367924999999949
vt 0.030096233 0.015364288999999975
vt 0.029444337 0.015367924999999949
vt 0.029509604 0.01584118599999995
vt 0.028802574 0.01585444800000002
vt 0.02944243 0.01489257799999999
vt 0.029444337 0.015367924999999949
vt 0.028791308 0.015368938000000054
vt 0.02813989 0.015365540999999983
vt 0.028141677 0.014892637999999958
vt 0.028791368 0.014894246999999972
vt 0.028137386 0.015754640000000042
vt 0.02813989 0.015365540999999983
vt 0.028791308 0.015368938000000054
vt 0.02813989 0.015365540999999983
vt 0.028137386 0.015754640000000042
vt 0.027487278 0.015750170000000008
vt 0.028141677 0.014892637999999958
vt 0.02813989 0.015365540999999983
vt 0.02749163 0.015360981000000051
vt 0.02685523 0.015357195999999962
vt 0.026847184 0.014891088000000052
vt 0.02749306 0.014890402999999997
vt 0.026839018 0.01573771199999996
vt 0.02685523 0.015357195999999962
vt 0.02749163 0.015360981000000051
vt 0.02685523 0.015357195999999962
vt 0.026839018 0.01573771199999996
vt 0.026449382 0.015680910000000048
vt 0.026847184 0.014891088000000052
vt 0.02685523 0.015357195999999962
vt 0.026351929 0.015377163999999999
vt 0.015510857 0.033641814999999964
vt 0.015499949 0.03402590800000005
vt 0.015106112 0.03397435000000004
vt 0.015498102 0.03323602700000006
vt 0.015510857 0.033641814999999964
vt 0.015003353 0.03366935299999996
vt 0.015510857 0.033641814999999964
vt 0.015498102 0.03323602700000006
vt 0.01614958 0.033228040000000014
vt 0.015499949 0.03402590800000005
vt 0.015510857 0.033641814999999964
vt 0.016153067 0.033636927999999955
vt 0.016805649 0.033633470000000054
vt 0.01680836 0.03402477500000001
vt 0.016153902 0.034029125999999965
vt 0.016802788 0.03322231799999997
vt 0.016805649 0.033633470000000054
vt 0.016153067 0.033636927999999955
vt 0.016805649 0.033633470000000054
vt 0.016802788 0.03322231799999997
vt 0.017457545 0.03321027799999998
vt 0.01680836 0.03402477500000001
vt 0.016805649 0.033633470000000054
vt 0.017458081 0.03363037000000002
vt 0.018099368 0.033626318000000044
vt 0.01811117 0.034011364000000044
vt 0.01746142 0.03401958999999999
vt 0.018112004 0.03319055000000004
vt 0.018099368 0.033626318000000044
vt 0.017458081 0.03363037000000002
vt 0.018099368 0.033626318000000044
vt 0.018112004 0.03319055000000004
vt 0.01876527 0.033181009999999955
vt 0.01811117 0.034011364000000044
vt 0.018099368 0.033626318000000044
vt 0.018606693 0.03365266300000003
vt 0.027471364 0.032152771999999996
vt 0.027471364 0.03168475599999998
vt 0.028127193 0.03166699399999995
vt 0.027471364 0.03253483800000001
vt 0.027471364 0.032152771999999996
vt 0.02797687 0.032175419999999955
vt 0.027471364 0.032152771999999996
vt 0.027471364 0.03253483800000001
vt 0.027070284 0.03248685600000001
vt 0.027471364 0.03168475599999998
vt 0.027471364 0.032152771999999996
vt 0.026965857 0.032175419999999955
vt 0.020717949 0.033721804999999994
vt 0.020726562 0.034092605
vt 0.020362914 0.033999740000000056
vt 0.020716041 0.03324020000000005
vt 0.020717949 0.033721804999999994
vt 0.020228088 0.03368890300000005
vt 0.020717949 0.033721804999999994
vt 0.020716041 0.03324020000000005
vt 0.02145511 0.033321142000000026
vt 0.020726562 0.034092605
vt 0.020717949 0.033721804999999994
vt 0.02129221 0.03379744299999998
vt 0.029515505 0.027228951
vt 0.029515624 0.02675628699999999
vt 0.030167758 0.026751875999999952
vt 0.029515505 0.027590989999999982
vt 0.029515505 0.027228951
vt 0.030007958 0.027234553999999966
vt 0.029515505 0.027228951
vt 0.029515505 0.027590989999999982
vt 0.029144108 0.027509749000000028
vt 0.029515624 0.02675628699999999
vt 0.029515505 0.027228951
vt 0.02902329 0.027234255999999957
vt 0.027061582 0.027572691000000038
vt 0.02743423 0.027550340000000006
vt 0.027494192 0.028096497000000054
vt 0.026590645 0.02767676100000005
vt 0.027061582 0.027572691000000038
vt 0.027268171 0.028310179999999963
vt 0.027061582 0.027572691000000038
vt 0.026590645 0.02767676100000005
vt 0.026470542 0.027049780000000023
vt 0.02743423 0.027550340000000006
vt 0.027061582 0.027572691000000038
vt 0.026929617 0.02695667700000004
vt 0.022759736 0.020288854999999995
vt 0.022191226 0.020379363999999955
vt 0.021848321 0.019877970000000023
vt 0.023487926 0.020210087000000043
vt 0.022759736 0.020288854999999995
vt 0.022656292 0.01979610300000001
vt 0.022759736 0.020288854999999995
vt 0.023487926 0.020210087000000043
vt 0.023557425 0.020702957999999994
vt 0.022191226 0.020379363999999955
vt 0.022759736 0.020288854999999995
vt 0.022888243 0.020770818000000024
vt 0.024165034 0.02010920599999999
vt 0.023487926 0.020210087000000043
vt 0.023424149 0.01972502499999995
vt 0.024820864 0.020008266000000052
vt 0.024165034 0.02010920599999999
vt 0.024110138 0.01959976600000002
vt 0.024165034 0.02010920599999999
vt 0.024820864 0.020008266000000052
vt 0.024855852 0.020560562999999976
vt 0.023487926 0.020210087000000043
vt 0.024165034 0.02010920599999999
vt 0.02421385 0.02062916800000003
vt 0.025476158 0.019944697999999983
vt 0.024820864 0.020008266000000052
vt 0.024773538 0.019472956999999957
vt 0.026130259 0.019920468000000024
vt 0.025476158 0.019944697999999983
vt 0.025441647 0.019405126999999966
vt 0.025476158 0.019944697999999983
vt 0.026130259 0.019920468000000024
vt 0.026114702 0.020465434000000005
vt 0.024820864 0.020008266000000052
vt 0.025476158 0.019944697999999983
vt 0.025480509 0.020508320000000024
vt 0.026781201 0.019914894999999988
vt 0.026130259 0.019920468000000024
vt 0.026104748 0.019391983999999973
vt 0.02726078 0.01986026799999996
vt 0.026781201 0.019914894999999988
vt 0.026737928 0.01943919000000005
vt 0.026781201 0.019914894999999988
vt 0.02726078 0.01986026799999996
vt 0.02747786 0.02043872999999996
vt 0.026130259 0.019920468000000024
vt 0.026781201 0.019914894999999988
vt 0.026783943 0.02041864400000004
vt 0.030490875 0.023627936999999988
vt 0.030160308 0.02384501699999997
vt 0.029989839 0.023431987000000043
vt 0.030867577 0.02345529199999996
vt 0.030490875 0.023627936999999988
vt 0.030168533 0.023179411999999955
vt 0.030490875 0.023627936999999988
vt 0.030867577 0.02345529199999996
vt 0.031095624 0.023878813000000054
vt 0.030160308 0.02384501699999997
vt 0.030490875 0.023627936999999988
vt 0.030894756 0.024097621000000014
vt 0.031393945 0.023489176999999972
vt 0.030867577 0.02345529199999996
vt 0.03054136 0.022757530000000026
vt 0.03201568 0.023533880000000007
vt 0.031393945 0.023489176999999972
vt 0.03126943 0.02262371799999996
vt 0.031393945 0.023489176999999972
vt 0.03201568 0.023533880000000007
vt 0.032018065 0.024150549999999993
vt 0.030867577 0.02345529199999996
vt 0.031393945 0.023489176999999972
vt 0.03148693 0.02404368000000001
vt 0.032637298 0.023484558000000044
vt 0.03201568 0.023533880000000007
vt 0.03201157 0.022553563
vt 0.033164203 0.02344697699999998
vt 0.032637298 0.023484558000000044
vt 0.03275478 0.022616684000000054
vt 0.032637298 0.023484558000000044
vt 0.033164203 0.02344697699999998
vt 0.03293842 0.02387261399999996
vt 0.03201568 0.023533880000000007
vt 0.032637298 0.023484558000000044
vt 0.03254819 0.024039774999999985
vt 0.03354311 0.023617982999999954
vt 0.033164203 0.02344697699999998
vt 0.03348601 0.022743552999999972
vt 0.033872247 0.02383032399999996
vt 0.03354311 0.023617982999999954
vt 0.033857584 0.02315771600000005
vt 0.03354311 0.023617982999999954
vt 0.033872247 0.02383032399999996
vt 0.033518672 0.024435400999999968
vt 0.033164203 0.02344697699999998
vt 0.03354311 0.023617982999999954
vt 0.03314066 0.024090440000000046
vt 0.020163238 0.015277803000000034
vt 0.01968807 0.015192419000000013
vt 0.019871771 0.014840603000000008
vt 0.02082616 0.015324562999999958
vt 0.020163238 0.015277803000000034
vt 0.02024126 0.014771282999999968
vt 0.020163238 0.015277803000000034
vt 0.02082616 0.015324562999999958
vt 0.020743906 0.01588120999999998
vt 0.01968807 0.015192419000000013
vt 0.020163238 0.015277803000000034
vt 0.020075321 0.015809505999999973
vt 0.021469414 0.015399456000000034
vt 0.02082616 0.015324562999999958
vt 0.020908117 0.014793246999999954
vt 0.021947682 0.015549004000000033
vt 0.021469414 0.015399456000000034
vt 0.021555245 0.014864027500000043
vt 0.021469414 0.015399456000000034
vt 0.021947682 0.015549004000000033
vt 0.021759063 0.015928297999999952
vt 0.02082616 0.015324562999999958
vt 0.021469414 0.015399456000000034
vt 0.02138251 0.01594561299999997
vt 0.01544404 0.022221803999999956
vt 0.0149993 0.022249757999999953
vt 0.01473254 0.021583377999999986
vt 0.015998125 0.022224962999999986
vt 0.01544404 0.022221803999999956
vt 0.015354276 0.021597474999999977
vt 0.01544404 0.022221803999999956
vt 0.015998125 0.022224962999999986
vt 0.015943527 0.02288794500000002
vt 0.0149993 0.022249757999999953
vt 0.01544404 0.022221803999999956
vt 0.015497446 0.02271860800000003
vt 0.016547501 0.022226453000000035
vt 0.015998125 0.022224962999999986
vt 0.016058773 0.02159538900000002
vt 0.017077595 0.02222859899999996
vt 0.016547501 0.022226453000000035
vt 0.016608357 0.021590113999999994
vt 0.016547501 0.022226453000000035
vt 0.017077595 0.02222859899999996
vt 0.017078578 0.022901266999999947
vt 0.015998125 0.022224962999999986
vt 0.016547501 0.022226453000000035
vt 0.016517997 0.022901088000000014
vt 0.01757121 0.022229849999999995
vt 0.017077595 0.02222859899999996
vt 0.017086446 0.021578520000000045
vt 0.018048167 0.022229970000000043
vt 0.01757121 0.022229849999999995
vt 0.01757145 0.021573304999999987
vt 0.01757121 0.022229849999999995
vt 0.018048167 0.022229970000000043
vt 0.018036991 0.022902489000000026
vt 0.017077595 0.02222859899999996
vt 0.01757121 0.022229849999999995
vt 0.017570794 0.022901594999999997
vt 0.018529415 0.022228777000000033
vt 0.018048167 0.022229970000000043
vt 0.018057197 0.02158022000000004
vt 0.019016206 0.022227942999999972
vt 0.018529415 0.022228777000000033
vt 0.018538713 0.021594077000000045
vt 0.018529415 0.022228777000000033
vt 0.019016206 0.022227942999999972
vt 0.019017637 0.022901296999999987
vt 0.018048167 0.022229970000000043
vt 0.018529415 0.022228777000000033
vt 0.01851809 0.02290323400000005
vt 0.019508958 0.022230268000000053
vt 0.019016206 0.022227942999999972
vt 0.019014537 0.021600961999999946
vt 0.019995213 0.022234678000000008
vt 0.019508958 0.022230268000000053
vt 0.019484937 0.02159136500000003
vt 0.019508958 0.022230268000000053
vt 0.019995213 0.022234678000000008
vt 0.020008266 0.02287650100000005
vt 0.019016206 0.022227942999999972
vt 0.019508958 0.022230268000000053
vt 0.019529045 0.022897303000000035
vt 0.020467877 0.022226453000000035
vt 0.019995213 0.022234678000000008
vt 0.01995629 0.021563650000000045
vt 0.020938843 0.02220845199999999
vt 0.020467877 0.022226453000000035
vt 0.02043271 0.021535753999999963
vt 0.020467877 0.022226453000000035
vt 0.020938843 0.02220845199999999
vt 0.020962417 0.022614062000000046
vt 0.019995213 0.022234678000000008
vt 0.020467877 0.022226453000000035
vt 0.020482957 0.022658347999999995
vt 0.02140519 0.02218577300000002
vt 0.020938843 0.02220845199999999
vt 0.020910472 0.021512090999999955
vt 0.021793127 0.02207845399999997
vt 0.02140519 0.02218577300000002
vt 0.02139169 0.02149528300000003
vt 0.02140519 0.02218577300000002
vt 0.021793127 0.02207845399999997
vt 0.02177766 0.022366553999999983
vt 0.020938843 0.02220845199999999
vt 0.02140519 0.02218577300000002
vt 0.021447003 0.02257129499999999
vt 0.028321385 0.025745034000000055
vt 0.02773714 0.025929690000000005
vt 0.027923226 0.025308012999999963
vt 0.028916955 0.02559995699999995
vt 0.028321385 0.025745034000000055
vt 0.028429985 0.025271773000000053
vt 0.028321385 0.025745034000000055
vt 0.028916955 0.02559995699999995
vt 0.028753579 0.025900601999999995
vt 0.02773714 0.025929690000000005
vt 0.028321385 0.025745034000000055
vt 0.028245687 0.026119350999999957
vt 0.029592395 0.029980898000000034
vt 0.029604793 0.029572189000000026
vt 0.030017734 0.02961230299999995
vt 0.029529989 0.03036689800000003
vt 0.029592395 0.029980898000000034
vt 0.029849768 0.03009050999999996
vt 0.029592395 0.029980898000000034
vt 0.029529989 0.03036689800000003
vt 0.029068291 0.03032207499999995
vt 0.029604793 0.029572189000000026
vt 0.029592395 0.029980898000000034
vt 0.029236555 0.029826044999999968
vt 0.015469432 0.028671859999999993
vt 0.014983356 0.028578639000000017
vt 0.015125394 0.028390287999999986
vt 0.015961707 0.028723955000000023
vt 0.015469432 0.028671859999999993
vt 0.0155053735 0.02842128300000002
vt 0.015469432 0.028671859999999993
vt 0.015961707 0.028723955000000023
vt 0.016066372 0.029165267999999966
vt 0.014983356 0.028578639000000017
vt 0.015469432 0.028671859999999993
vt 0.015416503 0.029040873000000023
vt 0.03057003 0.027170240000000012
vt 0.030181885 0.027124762999999996
vt 0.030236602 0.026898383999999997
vt 0.030954719 0.027249992
vt 0.03057003 0.027170240000000012
vt 0.030534983 0.026888192000000033
vt 0.03057003 0.027170240000000012
vt 0.030954719 0.027249992
vt 0.030889988 0.027545213999999985
vt 0.030181885 0.027124762999999996
vt 0.03057003 0.027170240000000012
vt 0.030598044 0.027522743000000016
vt 0.027478814 0.03040742900000004
vt 0.026974678 0.030305504999999955
vt 0.026815534 0.029926239999999993
vt 0.02797532 0.03053676999999999
vt 0.027478814 0.03040742900000004
vt 0.027476072 0.029936790000000046
vt 0.027478814 0.03040742900000004
vt 0.02797532 0.03053676999999999
vt 0.027859688 0.03082871399999998
vt 0.026974678 0.030305504999999955
vt 0.027478814 0.03040742900000004
vt 0.027483344 0.03077870599999999
vt 0.025396347 0.02619260499999998
vt 0.025029063 0.026049018000000035
vt 0.025160372 0.025434256000000044
vt 0.02577138 0.026297449999999944
vt 0.025396347 0.02619260499999998
vt 0.025596201 0.025729835000000034
vt 0.025396347 0.02619260499999998
vt 0.02577138 0.026297449999999944
vt 0.02569592 0.026806116000000046
vt 0.025029063 0.026049018000000035
vt 0.025396347 0.02619260499999998
vt 0.025219917 0.026583672000000003
vt 0.026269495 0.026270926000000028
vt 0.02577138 0.026297449999999944
vt 0.025848627 0.02592140399999998
vt 0.026762605 0.026190817000000033
vt 0.026269495 0.026270926000000028
vt 0.026216865 0.02578312199999999
vt 0.026269495 0.026270926000000028
vt 0.026762605 0.026190817000000033
vt 0.026993632 0.026710926999999995
vt 0.02577138 0.026297449999999944
vt 0.026269495 0.026270926000000028
vt 0.026359558 0.026755332999999992
vt 0.027106345 0.026007055999999973
vt 0.026762605 0.026190817000000033
vt 0.026606262 0.025839567000000008
vt 0.02745235 0.025822640000000008
vt 0.027106345 0.026007055999999973
vt 0.026811779 0.02559805000000004
vt 0.027106345 0.026007055999999973
vt 0.02745235 0.025822640000000008
vt 0.027606487 0.026177286999999994
vt 0.026762605 0.026190817000000033
vt 0.027106345 0.026007055999999973
vt 0.027399302 0.026418268999999994
vt 0.029010415 0.033531190000000044
vt 0.028510392 0.03354275200000001
vt 0.028351545 0.032895802999999946
vt 0.029657066 0.033532858000000054
vt 0.029010415 0.033531190000000044
vt 0.02900219 0.03289962000000002
vt 0.029010415 0.033531190000000044
vt 0.029657066 0.033532858000000054
vt 0.029655516 0.034023880000000006
vt 0.028510392 0.03354275200000001
vt 0.029010415 0.033531190000000044
vt 0.029004216 0.034020185000000036
vt 0.030308425 0.03353321600000003
vt 0.029657066 0.033532858000000054
vt 0.029656112 0.03289615999999995
vt 0.030959964 0.03353315599999995
vt 0.030308425 0.03353321600000003
vt 0.030309081 0.032896519999999985
vt 0.030308425 0.03353321600000003
vt 0.030959964 0.03353315599999995
vt 0.030961037 0.03402554999999996
vt 0.029657066 0.033532858000000054
vt 0.030308425 0.03353321600000003
vt 0.030307949 0.034025309999999975
vt 0.031606674 0.03353345399999996
vt 0.030959964 0.03353315599999995
vt 0.030961573 0.032897949999999954
vt 0.03210652 0.03354358700000004
vt 0.031606674 0.03353345399999996
vt 0.031612992 0.03290099000000002
vt 0.031606674 0.03353345399999996
vt 0.03210652 0.03354358700000004
vt 0.031995058 0.033915640000000025
vt 0.030959964 0.03353315599999995
vt 0.031606674 0.03353345399999996
vt 0.031614244 0.03402149700000001
vt 0.031154752 0.030885220000000047
vt 0.030776978 0.03078329599999996
vt 0.030912936 0.030131042000000052
vt 0.03152764 0.030987023999999974
vt 0.031154752 0.030885220000000047
vt 0.03135073 0.030422567999999983
vt 0.031154752 0.030885220000000047
vt 0.03152764 0.030987023999999974
vt 0.031401455 0.03153073800000006
vt 0.030776978 0.03078329599999996
vt 0.031154752 0.030885220000000047
vt 0.030962944 0.031351566
vt 0.03202188 0.030963242000000002
vt 0.03152764 0.030987023999999974
vt 0.03160417 0.03061246900000003
vt 0.03266889 0.030904174000000006
vt 0.03202188 0.030963242000000002
vt 0.03197348 0.030476331999999995
vt 0.03202188 0.030963242000000002
vt 0.03266889 0.030904174000000006
vt 0.032713592 0.03139209700000001
vt 0.03152764 0.030987023999999974
vt 0.03202188 0.030963242000000002
vt 0.032063127 0.03144586000000005
vt 0.03331864 0.03084397299999997
vt 0.03266889 0.030904174000000006
vt 0.032623053 0.030414224000000045
vt 0.03382218 0.030825495999999952
vt 0.03331864 0.03084397299999997
vt 0.033272862 0.030353784999999966
vt 0.03331864 0.03084397299999997
vt 0.03382218 0.030825495999999952
vt 0.03373468 0.031202375999999976
vt 0.03266889 0.030904174000000006
vt 0.03331864 0.03084397299999997
vt 0.03336346 0.031334340000000016
vt 0.024319082 0.02657449199999995
vt 0.02470994 0.026563047999999978
vt 0.024761558 0.027135908999999958
vt 0.023906887 0.026608407
vt 0.024319082 0.02657449199999995
vt 0.02423817 0.027095199000000014
vt 0.024319082 0.02657449199999995
vt 0.023906887 0.026608407
vt 0.023901403 0.026035130000000017
vt 0.02470994 0.026563047999999978
vt 0.024319082 0.02657449199999995
vt 0.024364948 0.02607411100000001
vt 0.02328819 0.02686721000000003
vt 0.023906887 0.026608407
vt 0.02387172 0.02703058700000005
vt 0.022664845 0.027129889000000018
vt 0.02328819 0.02686721000000003
vt 0.023390204 0.02736526699999997
vt 0.02328819 0.02686721000000003
vt 0.022664845 0.027129889000000018
vt 0.022827357 0.026648820000000017
vt 0.023906887 0.026608407
vt 0.02328819 0.02686721000000003
vt 0.023254246 0.026348888999999986
vt 0.022248387 0.027106166000000043
vt 0.022664845 0.027129889000000018
vt 0.022506207 0.027802466999999997
vt 0.021888822 0.027018666000000024
vt 0.022248387 0.027106166000000043
vt 0.021999419 0.02767872800000004
vt 0.022248387 0.027106166000000043
vt 0.021888822 0.027018666000000024
vt 0.022166908 0.02633464299999999
vt 0.022664845 0.027129889000000018
vt 0.022248387 0.027106166000000043
vt 0.022598624 0.02648973499999996
vt 0.029979885 0.017522453999999965
vt 0.03030765 0.017554372999999956
vt 0.030054092 0.017928004000000053
vt 0.029473662 0.017519087000000044
vt 0.029979885 0.017522453999999965
vt 0.029797673 0.018011629999999945
vt 0.029979885 0.017522453999999965
vt 0.029473662 0.017519087000000044
vt 0.029546916 0.017030953999999987
vt 0.03030765 0.017554372999999956
vt 0.029979885 0.017522453999999965
vt 0.030153275 0.01704183199999998
vt 0.02877289 0.01751428799999999
vt 0.029473662 0.017519087000000044
vt 0.029407263 0.018009304999999975
vt 0.02816385 0.01748090999999996
vt 0.02877289 0.01751428799999999
vt 0.028696775 0.01800489400000005
vt 0.02877289 0.01751428799999999
vt 0.02816385 0.01748090999999996
vt 0.028430283 0.01711431100000005
vt 0.029473662 0.017519087000000044
vt 0.02877289 0.01751428799999999
vt 0.028886557 0.017024069999999947
vt 0.028630257 0.03028810000000004
vt 0.02823317 0.030378580000000044
vt 0.028146744 0.029749632000000026
vt 0.029004037 0.030239700999999952
vt 0.028630257 0.03028810000000004
vt 0.028659046 0.029721439000000016
vt 0.028630257 0.03028810000000004
vt 0.029004037 0.030239700999999952
vt 0.029073715 0.030900775999999963
vt 0.02823317 0.030378580000000044
vt 0.028630257 0.03028810000000004
vt 0.028578222 0.030896186999999964
vt 0.029487908 0.02574253000000004
vt 0.029091597 0.02574109999999996
vt 0.029267192 0.025358020999999953
vt 0.029896438 0.025756000999999973
vt 0.029487908 0.02574253000000004
vt 0.029561937 0.02524489200000002
vt 0.029487908 0.02574253000000004
vt 0.029896438 0.025756000999999973
vt 0.029776096 0.02612531200000001
vt 0.029091597 0.02574109999999996
vt 0.029487908 0.02574253000000004
vt 0.029415846 0.026240468000000017
vt 0.027971268 0.029125928999999995
vt 0.027494788 0.029147743999999975
vt 0.027429938 0.028492689999999987
vt 0.028458953 0.029154122000000005
vt 0.027971268 0.029125928999999995
vt 0.028131127 0.028499841999999997
vt 0.027971268 0.029125928999999995
vt 0.028458953 0.029154122000000005
vt 0.028250217 0.02954912200000004
vt 0.027494788 0.029147743999999975
vt 0.027971268 0.029125928999999995
vt 0.027869582 0.02962607100000003
vt 0.02925098 0.03216207000000004
vt 0.02875048 0.032257199999999986
vt 0.028556287 0.03156459300000003
vt 0.029898524 0.03216421599999997
vt 0.02925098 0.03216207000000004
vt 0.029232264 0.03162061999999999
vt 0.02925098 0.03216207000000004
vt 0.029898524 0.03216421599999997
vt 0.02991438 0.03273093699999996
vt 0.02875048 0.032257199999999986
vt 0.02925098 0.03216207000000004
vt 0.02926445 0.03274303700000003
vt 0.030557334 0.032203435999999974
vt 0.029898524 0.03216421599999997
vt 0.02988565 0.031628189999999945
vt 0.031206608 0.032241344000000005
vt 0.030557334 0.032203435999999974
vt 0.03055489 0.03168892999999995
vt 0.030557334 0.032203435999999974
vt 0.031206608 0.032241344000000005
vt 0.031196356 0.03274363300000005
vt 0.029898524 0.03216421599999997
vt 0.030557334 0.032203435999999974
vt 0.030565262 0.032732010000000034
vt 0.031824946 0.03225577000000002
vt 0.031206608 0.032241344000000005
vt 0.031219006 0.03174257300000005
vt 0.032314062 0.032214879999999946
vt 0.031824946 0.03225577000000002
vt 0.031861544 0.03175318199999999
vt 0.031824946 0.03225577000000002
vt 0.032314062 0.032214879999999946
vt 0.032301605 0.03282123800000003
vt 0.031206608 0.032241344000000005
vt 0.031824946 0.03225577000000002
vt 0.031785548 0.03275728199999994
vt 0.024843931 0.027743219999999957
vt 0.024341851 0.02781707
vt 0.024397641 0.027424036999999957
vt 0.025349855 0.02767246999999995
vt 0.024843931 0.027743219999999957
vt 0.02479434 0.02724433000000004
vt 0.024843931 0.027743219999999957
vt 0.025349855 0.02767246999999995
vt 0.025244713 0.028251409999999977
vt 0.024341851 0.02781707
vt 0.024843931 0.027743219999999957
vt 0.024809182 0.028298496999999978
vt 0.025032282 0.031910658000000036
vt 0.024511158 0.031984389999999974
vt 0.024357975 0.03138112999999998
vt 0.025666475 0.031912386000000015
vt 0.025032282 0.031910658000000036
vt 0.02502799 0.03135979
vt 0.025032282 0.031910658000000036
vt 0.025666475 0.031912386000000015
vt 0.025697947 0.032550513999999975
vt 0.024511158 0.031984389999999974
vt 0.025032282 0.031910658000000036
vt 0.025045395 0.032536270000000034
vt 0.026248276 0.03194165199999999
vt 0.025666475 0.031912386000000015
vt 0.025631487 0.031375527000000014
vt 0.02665466 0.031936407
vt 0.026248276 0.03194165199999999
vt 0.026163757 0.03143346300000005
vt 0.026248276 0.03194165199999999
vt 0.02665466 0.031936407
vt 0.026977837 0.03258300000000003
vt 0.025666475 0.031912386000000015
vt 0.026248276 0.03194165199999999
vt 0.026331604 0.03257942199999997
vt 0.021856725 0.02059635500000001
vt 0.021576166 0.02079534500000002
vt 0.021388441 0.02041289199999996
vt 0.022191226 0.020379363999999955
vt 0.021856725 0.02059635500000001
vt 0.021490037 0.020194469999999964
vt 0.021856725 0.02059635500000001
vt 0.022191226 0.020379363999999955
vt 0.022446662 0.020720839999999963
vt 0.021576166 0.02079534500000002
vt 0.021856725 0.02059635500000001
vt 0.02228123 0.020977050000000053
vt 0.027668118 0.03332209600000002
vt 0.027018428 0.03329718000000004
vt 0.026977837 0.03258300000000003
vt 0.028168678 0.033339620000000014
vt 0.027668118 0.03332209600000002
vt 0.027660608 0.03274160599999998
vt 0.027668118 0.03332209600000002
vt 0.028168678 0.033339620000000014
vt 0.028053045 0.03377324299999995
vt 0.027018428 0.03329718000000004
vt 0.027668118 0.03332209600000002
vt 0.027674794 0.033902883999999966
vt 0.029537559 0.02391344299999998
vt 0.029146671 0.02393495999999995
vt 0.029068291 0.023270369000000013
vt 0.029928386 0.023891090999999975
vt 0.029537559 0.02391344299999998
vt 0.029571593 0.023321210999999953
vt 0.029537559 0.02391344299999998
vt 0.029928386 0.023891090999999975
vt 0.02994126 0.02463233499999995
vt 0.029146671 0.02393495999999995
vt 0.029537559 0.02391344299999998
vt 0.029503524 0.024505734
vt 0.03074634 0.018362640999999957
vt 0.030247092 0.018352389999999996
vt 0.03036201 0.017915785000000017
vt 0.03135717 0.018319069999999993
vt 0.03074634 0.018362640999999957
vt 0.030743778 0.017785907000000045
vt 0.03074634 0.018362640999999957
vt 0.03135717 0.018319069999999993
vt 0.031377316 0.019059181000000036
vt 0.030247092 0.018352389999999996
vt 0.03074634 0.018362640999999957
vt 0.030734539 0.01909047399999997
vt 0.031900346 0.018191128999999973
vt 0.03135717 0.018319069999999993
vt 0.031333685 0.017774343000000026
vt 0.032296896 0.018043457999999957
vt 0.031900346 0.018191128999999973
vt 0.031802952 0.017740846000000032
vt 0.031900346 0.018191128999999973
vt 0.032296896 0.018043457999999957
vt 0.032652795 0.018618643000000046
vt 0.03135717 0.018319069999999993
vt 0.031900346 0.018191128999999973
vt 0.032001972 0.01887476399999999
vt 0.024987102 0.02370947599999995
vt 0.024966061 0.02408999199999995
vt 0.02463752 0.024020612000000052
vt 0.02511084 0.02330154200000001
vt 0.024987102 0.02370947599999995
vt 0.024562776 0.023740529999999982
vt 0.024987102 0.02370947599999995
vt 0.02511084 0.02330154200000001
vt 0.025528848 0.023378759999999943
vt 0.024966061 0.02408999199999995
vt 0.024987102 0.02370947599999995
vt 0.025527596 0.023675977999999986
vt 0.015772313 0.016698300000000055
vt 0.015158385 0.016695738000000016
vt 0.01483494 0.01633214999999999
vt 0.01653266 0.01677388000000002
vt 0.015772313 0.016698300000000055
vt 0.015684277 0.016234159999999997
vt 0.015772313 0.016698300000000055
vt 0.01653266 0.01677388000000002
vt 0.016548336 0.01749962599999999
vt 0.015158385 0.016695738000000016
vt 0.015772313 0.016698300000000055
vt 0.015877843 0.017166734000000017
vt 0.017241895 0.01681554299999999
vt 0.01653266 0.01677388000000002
vt 0.016508102 0.016205071999999987
vt 0.01793164 0.016865373000000017
vt 0.017241895 0.01681554299999999
vt 0.017259777 0.016213476999999976
vt 0.017241895 0.01681554299999999
vt 0.01793164 0.016865373000000017
vt 0.017858654 0.017670244000000057
vt 0.01653266 0.01677388000000002
vt 0.017241895 0.01681554299999999
vt 0.017201424 0.01757499600000001
vt 0.018613905 0.016966402999999963
vt 0.01793164 0.016865373000000017
vt 0.017982066 0.016284764000000007
vt 0.019266456 0.01707348200000003
vt 0.018613905 0.016966402999999963
vt 0.018689632 0.016409010000000057
vt 0.018613905 0.016966402999999963
vt 0.019266456 0.01707348200000003
vt 0.019170582 0.017844737
vt 0.01793164 0.016865373000000017
vt 0.018613905 0.016966402999999963
vt 0.018517911 0.017756850000000046
vt 0.019909352 0.017162800000000034
vt 0.019266456 0.01707348200000003
vt 0.01933986 0.01652312300000003
vt 0.02056998 0.017247735999999958
vt 0.019909352 0.017162800000000034
vt 0.019976914 0.016566365999999944
vt 0.019909352 0.017162800000000034
vt 0.02056998 0.017247735999999958
vt 0.020463139 0.018061369999999966
vt 0.019266456 0.01707348200000003
vt 0.019909352 0.017162800000000034
vt 0.019816041 0.01795053499999999
vt 0.021241426 0.01734000400000002
vt 0.02056998 0.017247735999999958
vt 0.020644069 0.016608952999999982
vt 0.021710336 0.01744502800000003
vt 0.021241426 0.01734000400000002
vt 0.021336138 0.01668262499999995
vt 0.021241426 0.01734000400000002
vt 0.021710336 0.01744502800000003
vt 0.021619648 0.018241434999999973
vt 0.02056998 0.017247735999999958
vt 0.021241426 0.01734000400000002
vt 0.02111438 0.018162906000000034
vt 0.016547233 0.023662508000000027
vt 0.01613596 0.023655533999999978
vt 0.015943527 0.02288794500000002
vt 0.017077237 0.023658544000000004
vt 0.016547233 0.023662508000000027
vt 0.016517997 0.022901088000000014
vt 0.016547233 0.023662508000000027
vt 0.017077237 0.023658544000000004
vt 0.017081559 0.024484693999999974
vt 0.01613596 0.023655533999999978
vt 0.016547233 0.023662508000000027
vt 0.016590595 0.024485469000000037
vt 0.017571092 0.023657083999999995
vt 0.017077237 0.023658544000000004
vt 0.017078578 0.022901266999999947
vt 0.018048227 0.02366006399999998
vt 0.017571092 0.023657083999999995
vt 0.017570794 0.022901594999999997
vt 0.017571092 0.023657083999999995
vt 0.018048227 0.02366006399999998
vt 0.01805681 0.024487554999999994
vt 0.017077237 0.023658544000000004
vt 0.017571092 0.023657083999999995
vt 0.017571688 0.02448624399999999
vt 0.018531024 0.023665130000000034
vt 0.018048227 0.02366006399999998
vt 0.018036991 0.022902489000000026
vt 0.019015372 0.023661136999999943
vt 0.018531024 0.023665130000000034
vt 0.01851809 0.02290323400000005
vt 0.018531024 0.023665130000000034
vt 0.019015372 0.023661136999999943
vt 0.019012779 0.024471699999999985
vt 0.018048227 0.02366006399999998
vt 0.018531024 0.023665130000000034
vt 0.018535614 0.02448743600000003
vt 0.019501269 0.023632646000000035
vt 0.019015372 0.023661136999999943
vt 0.019017637 0.022901296999999987
vt 0.019862145 0.023655921000000024
vt 0.019501269 0.023632646000000035
vt 0.019529045 0.022897303000000035
vt 0.019501269 0.023632646000000035
vt 0.019862145 0.023655921000000024
vt 0.019784093 0.024154305000000043
vt 0.019015372 0.023661136999999943
vt 0.019501269 0.023632646000000035
vt 0.019488573 0.024265587000000033
vt 0.016403198 0.03154694999999996
vt 0.016461492 0.030979037000000043
vt 0.017246366 0.030847787999999987
vt 0.016435385 0.03216010300000005
vt 0.016403198 0.03154694999999996
vt 0.017032564 0.03153753299999995
vt 0.016403198 0.03154694999999996
vt 0.016435385 0.03216010300000005
vt 0.015654147 0.03224026999999996
vt 0.016461492 0.030979037000000043
vt 0.016403198 0.03154694999999996
vt 0.01580286 0.03156053999999997
vt 0.025878191 0.02949613299999998
vt 0.025443256 0.029763459999999964
vt 0.025439024 0.029259086000000045
vt 0.026291013 0.029218674
vt 0.025878191 0.02949613299999998
vt 0.025788784 0.02898716999999995
vt 0.025878191 0.02949613299999998
vt 0.026291013 0.029218674
vt 0.02624923 0.029658794000000044
vt 0.025443256 0.029763459999999964
vt 0.025878191 0.02949613299999998
vt 0.02592361 0.029983639999999978
vt 0.015343487 0.029546976000000003
vt 0.014836013 0.029585480000000053
vt 0.01473254 0.028968393999999953
vt 0.015825331 0.029691338999999983
vt 0.015343487 0.029546976000000003
vt 0.015416503 0.029040873000000023
vt 0.015343487 0.029546976000000003
vt 0.015825331 0.029691338999999983
vt 0.015654653 0.03005206599999999
vt 0.014836013 0.029585480000000053
vt 0.015343487 0.029546976000000003
vt 0.015265197 0.03006839800000005
vt 0.015377909 0.02399480300000001
vt 0.015568137 0.02492219200000001
vt 0.015377939 0.025231242000000043
vt 0.015187681 0.023067473999999977
vt 0.015377909 0.02399480300000001
vt 0.015187681 0.02399480300000001
vt 0.015377909 0.02399480300000001
vt 0.015187681 0.023067473999999977
vt 0.015377939 0.022758364999999947
vt 0.015568137 0.02492219200000001
vt 0.015377909 0.02399480300000001
vt 0.015568137 0.02399480300000001
vt 0.02736193 0.024721919999999953
vt 0.027665138 0.025261938999999956
vt 0.027305484 0.02530264900000001
vt 0.02704227 0.024193466000000052
vt 0.02736193 0.024721919999999953
vt 0.027014077 0.02489656200000001
vt 0.02736193 0.024721919999999953
vt 0.02704227 0.024193466000000052
vt 0.027481258 0.02420061799999995
vt 0.027665138 0.025261938999999956
vt 0.02736193 0.024721919999999953
vt 0.02777046 0.024551927999999945
vt 0.028295636 0.02289199799999997
vt 0.028145134 0.022493184
vt 0.02861917 0.02224638999999995
vt 0.028390527 0.023276686999999963
vt 0.028295636 0.02289199799999997
vt 0.028814435 0.02272439000000004
vt 0.028295636 0.02289199799999997
vt 0.028390527 0.023276686999999963
vt 0.02763474 0.02369251800000005
vt 0.028145134 0.022493184
vt 0.028295636 0.02289199799999997
vt 0.027716875 0.02305048700000001
vt 0.019057214 0.029691220000000018
vt 0.019438267 0.029791354999999964
vt 0.019200742 0.030185938000000023
vt 0.018523365 0.029645503000000017
vt 0.019057214 0.029691220000000018
vt 0.018897802 0.030260563000000018
vt 0.019057214 0.029691220000000018
vt 0.018523365 0.029645503000000017
vt 0.018605828 0.028881787999999964
vt 0.019438267 0.029791354999999964
vt 0.019057214 0.029691220000000018
vt 0.01921451 0.02912199500000001
vt 0.017916739 0.02960312399999998
vt 0.018523365 0.029645503000000017
vt 0.01845178 0.03022289300000003
vt 0.017409503 0.029582023999999985
vt 0.017916739 0.02960312399999998
vt 0.017867088 0.03018194399999996
vt 0.017916739 0.02960312399999998
vt 0.017409503 0.029582023999999985
vt 0.017299533 0.02883851500000001
vt 0.018523365 0.029645503000000017
vt 0.017916739 0.02960312399999998
vt 0.017955095 0.02886438400000002
vt 0.02793467 0.019146353000000005
vt 0.02745831 0.01906913499999996
vt 0.027621984 0.018637985000000024
vt 0.028410912 0.01922291499999995
vt 0.02793467 0.019146353000000005
vt 0.028033733 0.018560051999999994
vt 0.02793467 0.019146353000000005
vt 0.028410912 0.01922291499999995
vt 0.028178692 0.019654779999999983
vt 0.02745831 0.01906913499999996
vt 0.02793467 0.019146353000000005
vt 0.027803302 0.01972964399999999
vt 0.03071618 0.02844166800000003
vt 0.030209422 0.028470516000000057
vt 0.030092299 0.027775883999999973
vt 0.031363547 0.028487205999999987
vt 0.03071618 0.02844166800000003
vt 0.030756116 0.027824819999999972
vt 0.03071618 0.02844166800000003
vt 0.031363547 0.028487205999999987
vt 0.031306982 0.02929973600000002
vt 0.030209422 0.028470516000000057
vt 0.03071618 0.02844166800000003
vt 0.030666053 0.02908527900000002
vt 0.032015085 0.028527736999999997
vt 0.031363547 0.028487205999999987
vt 0.031402588 0.02786683999999995
vt 0.0326699 0.028574824
vt 0.032015085 0.028527736999999997
vt 0.032050014 0.027904927999999996
vt 0.032015085 0.028527736999999997
vt 0.0326699 0.028574824
vt 0.032625377 0.02930039200000001
vt 0.031363547 0.028487205999999987
vt 0.032015085 0.028527736999999997
vt 0.031968713 0.02929258300000004
vt 0.03333187 0.028638363
vt 0.0326699 0.028574824
vt 0.03269875 0.027957797000000006
vt 0.03384602 0.028708100000000014
vt 0.03333187 0.028638363
vt 0.03335762 0.028038978999999964
vt 0.03333187 0.028638363
vt 0.03384602 0.028708100000000014
vt 0.033782005 0.029386401000000006
vt 0.0326699 0.028574824
vt 0.03333187 0.028638363
vt 0.033278644 0.029338478999999973
vt 0.016699493 0.029371499999999995
vt 0.016388476 0.029370427000000032
vt 0.016370893 0.028697489999999992
vt 0.016982555 0.029370427000000032
vt 0.016699493 0.029371499999999995
vt 0.016679645 0.02876293699999999
vt 0.016699493 0.029371499999999995
vt 0.016982555 0.029370427000000032
vt 0.01728803 0.030080675999999973
vt 0.016388476 0.029370427000000032
vt 0.016699493 0.029371499999999995
vt 0.016806185 0.030038059000000006
vt 0.026424587 0.030969440999999986
vt 0.026335478 0.03145492000000005
vt 0.025889874 0.031275152999999944
vt 0.026508868 0.030472279000000047
vt 0.026424587 0.030969440999999986
vt 0.025791526 0.030896186999999964
vt 0.026424587 0.030969440999999986
vt 0.026508868 0.030472279000000047
vt 0.026958227 0.030629276999999955
vt 0.026335478 0.03145492000000005
vt 0.026424587 0.030969440999999986
vt 0.027072966 0.03102946299999998
vt 0.029619575 0.02245575200000005
vt 0.029689789 0.022041560000000016
vt 0.030390263 0.022093892000000004
vt 0.029571056 0.02288505399999996
vt 0.029619575 0.02245575200000005
vt 0.030149221 0.022552580000000044
vt 0.029619575 0.02245575200000005
vt 0.029571056 0.02288505399999996
vt 0.02896595 0.022935510000000048
vt 0.029689789 0.022041560000000016
vt 0.029619575 0.02245575200000005
vt 0.029044628 0.022381037000000048
vt 0.029295921 0.021438837000000044
vt 0.029534638 0.02193501600000003
vt 0.029137373 0.02196890100000004
vt 0.029096305 0.020923852999999992
vt 0.029295921 0.021438837000000044
vt 0.028910875 0.02160856099999997
vt 0.029295921 0.021438837000000044
vt 0.029096305 0.020923852999999992
vt 0.029454708 0.02092480699999999
vt 0.029534638 0.02193501600000003
vt 0.029295921 0.021438837000000044
vt 0.029704094 0.021264315000000034
vt 0.0335353 0.021285533999999995
vt 0.033638716 0.02178281500000001
vt 0.033293724 0.022044122000000055
vt 0.033635557 0.02069234799999997
vt 0.0335353 0.021285533999999995
vt 0.033213258 0.02132651200000002
vt 0.0335353 0.021285533999999995
vt 0.033635557 0.02069234799999997
vt 0.033986807 0.02071711399999998
vt 0.033638716 0.02178281500000001
vt 0.0335353 0.021285533999999995
vt 0.03390944 0.021218984999999968
vt 0.024834752 0.028659164999999986
vt 0.024348617 0.028786540000000027
vt 0.024255574 0.028422533999999944
vt 0.025236368 0.028644800000000026
vt 0.024834752 0.028659164999999986
vt 0.024809182 0.028298496999999978
vt 0.024834752 0.028659164999999986
vt 0.025236368 0.028644800000000026
vt 0.025241733 0.028913080000000035
vt 0.024348617 0.028786540000000027
vt 0.024834752 0.028659164999999986
vt 0.024947643 0.02896243300000001
vt 0.025063157 0.032992244000000004
vt 0.0245471 0.032957910000000035
vt 0.024520338 0.03256839499999997
vt 0.025714576 0.03309202199999994
vt 0.025063157 0.032992244000000004
vt 0.025045395 0.032536270000000034
vt 0.025063157 0.032992244000000004
vt 0.025714576 0.03309202199999994
vt 0.025719345 0.033485054999999986
vt 0.0245471 0.032957910000000035
vt 0.025063157 0.032992244000000004
vt 0.025065482 0.033303320000000025
vt 0.026367664 0.03320777399999997
vt 0.025714576 0.03309202199999994
vt 0.025697947 0.032550513999999975
vt 0.027018428 0.03329718000000004
vt 0.026367664 0.03320777399999997
vt 0.026331604 0.03257942199999997
vt 0.026367664 0.03320777399999997
vt 0.027018428 0.03329718000000004
vt 0.027025402 0.03385353000000002
vt 0.025714576 0.03309202199999994
vt 0.026367664 0.03320777399999997
vt 0.026373506 0.03369164499999999
vt 0.029421926 0.019596338000000046
vt 0.0289191 0.019600689999999976
vt 0.028761148 0.019167005999999986
vt 0.030075312 0.019640385999999954
vt 0.029421926 0.019596338000000046
vt 0.029425383 0.01921951799999999
vt 0.029421926 0.019596338000000046
vt 0.030075312 0.019640385999999954
vt 0.03006953 0.020043849999999974
vt 0.0289191 0.019600689999999976
vt 0.029421926 0.019596338000000046
vt 0.029418528 0.019943416000000047
vt 0.030727863 0.019774944000000017
vt 0.030075312 0.019640385999999954
vt 0.03008002 0.019073247999999987
vt 0.031378746 0.019866108999999965
vt 0.030727863 0.019774944000000017
vt 0.030734539 0.01909047399999997
vt 0.030727863 0.019774944000000017
vt 0.031378746 0.019866108999999965
vt 0.031372666 0.020507484999999992
vt 0.030075312 0.019640385999999954
vt 0.030727863 0.019774944000000017
vt 0.030721307 0.020284265000000024
vt 0.032030463 0.01978227499999996
vt 0.031378746 0.019866108999999965
vt 0.031377316 0.019059181000000036
vt 0.032684088 0.019637256999999964
vt 0.032030463 0.01978227499999996
vt 0.032001972 0.01887476399999999
vt 0.032030463 0.01978227499999996
vt 0.032684088 0.019637256999999964
vt 0.032676816 0.020448237999999952
vt 0.031378746 0.019866108999999965
vt 0.032030463 0.01978227499999996
vt 0.032024145 0.020555376999999986
vt 0.033338904 0.01954817799999997
vt 0.032684088 0.019637256999999964
vt 0.032652795 0.018618643000000046
vt 0.033840716 0.019480228000000044
vt 0.033338904 0.01954817799999997
vt 0.033344626 0.018948137999999948
vt 0.033338904 0.01954817799999997
vt 0.033840716 0.019480228000000044
vt 0.033988714 0.01998305300000003
vt 0.032684088 0.019637256999999964
vt 0.033338904 0.01954817799999997
vt 0.033330977 0.02020788200000001
vt 0.027164698 0.023444146
vt 0.027101994 0.023830621999999968
vt 0.026751518 0.023727148999999947
vt 0.027296424 0.023071229999999998
vt 0.027164698 0.023444146
vt 0.026767135 0.023431301000000015
vt 0.027164698 0.023444146
vt 0.027296424 0.023071229999999998
vt 0.027647257 0.02317521
vt 0.027101994 0.023830621999999968
vt 0.027164698 0.023444146
vt 0.027593076 0.02346277200000002
vt 0.017156005 0.018217265999999954
vt 0.016675651 0.01802498100000005
vt 0.016548336 0.01749962599999999
vt 0.017781258 0.018451392999999983
vt 0.017156005 0.018217265999999954
vt 0.017201424 0.01757499600000001
vt 0.017156005 0.018217265999999954
vt 0.017781258 0.018451392999999983
vt 0.017687589 0.019236982000000014
vt 0.016675651 0.01802498100000005
vt 0.017156005 0.018217265999999954
vt 0.017101467 0.01867377800000003
vt 0.018428028 0.01858002000000003
vt 0.017781258 0.018451392999999983
vt 0.017858654 0.017670244000000057
vt 0.019075722 0.01866877
vt 0.018428028 0.01858002000000003
vt 0.018517911 0.017756850000000046
vt 0.018428028 0.01858002000000003
vt 0.019075722 0.01866877
vt 0.018978477 0.01953762800000003
vt 0.017781258 0.018451392999999983
vt 0.018428028 0.01858002000000003
vt 0.018345416 0.019402265999999946
vt 0.01971066 0.01877903999999997
vt 0.019075722 0.01866877
vt 0.019170582 0.017844737
vt 0.020345122 0.018890947000000047
vt 0.01971066 0.01877903999999997
vt 0.019816041 0.01795053499999999
vt 0.01971066 0.01877903999999997
vt 0.020345122 0.018890947000000047
vt 0.020216525 0.019761114999999996
vt 0.019075722 0.01866877
vt 0.01971066 0.01877903999999997
vt 0.019596279 0.019662618999999992
vt 0.020987242 0.018988878000000042
vt 0.020345122 0.018890947000000047
vt 0.020463139 0.018061369999999966
vt 0.021536142 0.01906257899999997
vt 0.020987242 0.018988878000000042
vt 0.02111438 0.018162906000000034
vt 0.020987242 0.018988878000000042
vt 0.021536142 0.01906257899999997
vt 0.021434397 0.01985996999999995
vt 0.020345122 0.018890947000000047
vt 0.020987242 0.018988878000000042
vt 0.020856678 0.019818007999999998
vt 0.016614556 0.025327086
vt 0.01615125 0.02530551000000003
vt 0.01618129 0.024465978000000055
vt 0.017098606 0.02533543100000002
vt 0.016614556 0.025327086
vt 0.016590595 0.024485469000000037
vt 0.016614556 0.025327086
vt 0.017098606 0.02533543100000002
vt 0.017095745 0.026134133000000004
vt 0.01615125 0.02530551000000003
vt 0.016614556 0.025327086
vt 0.01660955 0.02612853000000004
vt 0.017573744 0.025344252999999983
vt 0.017098606 0.02533543100000002
vt 0.017081559 0.024484693999999974
vt 0.018043458 0.025346398000000048
vt 0.017573744 0.025344252999999983
vt 0.017571688 0.02448624399999999
vt 0.017573744 0.025344252999999983
vt 0.018043458 0.025346398000000048
vt 0.018048316 0.02618229400000005
vt 0.017098606 0.02533543100000002
vt 0.017573744 0.025344252999999983
vt 0.017562985 0.02614516
vt 0.018517226 0.02533078200000005
vt 0.018043458 0.025346398000000048
vt 0.01805681 0.024487554999999994
vt 0.018948853 0.025317787999999952
vt 0.018517226 0.02533078200000005
vt 0.018535614 0.02448743600000003
vt 0.018517226 0.02533078200000005
vt 0.018948853 0.025317787999999952
vt 0.018929362 0.025804280999999984
vt 0.018043458 0.025346398000000048
vt 0.018517226 0.02533078200000005
vt 0.018574715 0.025966524999999963
vt 0.015463829 0.030795753000000037
vt 0.015307665 0.030285954000000004
vt 0.016115844 0.030028641000000023
vt 0.015672863 0.03125715299999998
vt 0.015463829 0.030795753000000037
vt 0.016092956 0.03062796599999995
vt 0.015463829 0.030795753000000037
vt 0.015672863 0.03125715299999998
vt 0.014909327 0.03162836999999996
vt 0.015307665 0.030285954000000004
vt 0.015463829 0.030795753000000037
vt 0.01483494 0.030930279999999977
vt 0.026896358 0.029163598999999985
vt 0.026493132 0.029332696999999963
vt 0.026540816 0.02886498000000004
vt 0.027302504 0.028953969999999996
vt 0.026896358 0.029163598999999985
vt 0.026848555 0.028674364000000008
vt 0.026896358 0.029163598999999985
vt 0.027302504 0.028953969999999996
vt 0.027265072 0.02935069800000001
vt 0.026493132 0.029332696999999963
vt 0.026896358 0.029163598999999985
vt 0.026942432 0.029653072000000003
vt 0.02355653 0.03142678700000001
vt 0.023049027 0.03159332299999995
vt 0.022924393 0.03104722500000001
vt 0.024049878 0.03149098000000006
vt 0.02355653 0.03142678700000001
vt 0.023604333 0.030899286000000026
vt 0.02355653 0.03142678700000001
vt 0.024049878 0.03149098000000006
vt 0.023879051 0.03195595699999998
vt 0.023049027 0.03159332299999995
vt 0.02355653 0.03142678700000001
vt 0.023505956 0.031972230000000046
vt 0.022402495 0.030593991000000043
vt 0.022309154 0.03012305500000001
vt 0.022851944 0.029516697000000036
vt 0.022495866 0.031065345000000022
vt 0.022402495 0.030593991000000043
vt 0.022877246 0.03020524999999996
vt 0.022402495 0.030593991000000043
vt 0.022495866 0.031065345000000022
vt 0.021900415 0.03173541999999996
vt 0.022309154 0.03012305500000001
vt 0.022402495 0.030593991000000043
vt 0.021931708 0.03097939500000002
vt 0.01545918 0.02770519299999996
vt 0.0153417885 0.028193711999999982
vt 0.014853656 0.02795886999999997
vt 0.015475512 0.02718883800000005
vt 0.01545918 0.02770519299999996
vt 0.01483494 0.02756714800000004
vt 0.01545918 0.02770519299999996
vt 0.015475512 0.02718883800000005
vt 0.01586014 0.027392744999999996
vt 0.0153417885 0.028193711999999982
vt 0.01545918 0.02770519299999996
vt 0.016002417 0.027821540000000033
vt 0.024321616 0.025107265000000045
vt 0.023993015 0.024888635000000048
vt 0.024432898 0.024314433000000024
vt 0.024607062 0.02537596200000003
vt 0.024321616 0.025107265000000045
vt 0.024663925 0.02478361100000004
vt 0.024321616 0.025107265000000045
vt 0.024607062 0.02537596200000003
vt 0.024205655 0.025943457999999975
vt 0.023993015 0.024888635000000048
vt 0.024321616 0.025107265000000045
vt 0.02392754 0.025489509999999993
vt 0.028276563 0.026795506000000024
vt 0.027775466 0.026691675000000026
vt 0.02788347 0.026324271999999982
vt 0.028785706 0.026847601000000054
vt 0.028276563 0.026795506000000024
vt 0.028257847 0.026239871999999997
vt 0.028276563 0.026795506000000024
vt 0.028785706 0.026847601000000054
vt 0.028972626 0.02749848399999999
vt 0.027775466 0.026691675000000026
vt 0.028276563 0.026795506000000024
vt 0.028295338 0.02732157700000004
vt 0.026244283 0.024991333000000004
vt 0.025986552 0.025289536000000057
vt 0.025618315 0.02498054500000002
vt 0.026450515 0.02465474599999995
vt 0.026244283 0.024991333000000004
vt 0.025679767 0.024659812000000003
vt 0.026244283 0.024991333000000004
vt 0.026450515 0.02465474599999995
vt 0.026791334 0.024939476999999988
vt 0.025986552 0.025289536000000057
vt 0.026244283 0.024991333000000004
vt 0.026783824 0.025304675
vt 0.017995536 0.02814578999999995
vt 0.018499225 0.028069734999999985
vt 0.018605828 0.028881787999999964
vt 0.017341822 0.02819895699999997
vt 0.017995536 0.02814578999999995
vt 0.017955095 0.02886438400000002
vt 0.017995536 0.02814578999999995
vt 0.017341822 0.02819895699999997
vt 0.017376125 0.027667879999999978
vt 0.018499225 0.028069734999999985
vt 0.017995536 0.02814578999999995
vt 0.018036723 0.027571082000000025
vt 0.016689658 0.028183579999999986
vt 0.017341822 0.02819895699999997
vt 0.017299533 0.02883851500000001
vt 0.016188443 0.028142870000000042
vt 0.016689658 0.028183579999999986
vt 0.016658932 0.028632401999999946
vt 0.016689658 0.028183579999999986
vt 0.016188443 0.028142870000000042
vt 0.01606369 0.02761095800000002
vt 0.017341822 0.02819895699999997
vt 0.016689658 0.028183579999999986
vt 0.016723573 0.027670026000000014
vt 0.028123379 0.02126842699999998
vt 0.027755082 0.02110046099999996
vt 0.027850628 0.020738542000000026
vt 0.028499365 0.02139145099999995
vt 0.028123379 0.02126842699999998
vt 0.028154612 0.020711213000000006
vt 0.028123379 0.02126842699999998
vt 0.028499365 0.02139145099999995
vt 0.028404593 0.021731733999999947
vt 0.027755082 0.02110046099999996
vt 0.028123379 0.02126842699999998
vt 0.028098106 0.021771966999999948
vt 0.03193468 0.029980659999999992
vt 0.031432986 0.03007328499999995
vt 0.031306982 0.02929973600000002
vt 0.032589197 0.029886186000000037
vt 0.03193468 0.029980659999999992
vt 0.031968713 0.02929258300000004
vt 0.03193468 0.029980659999999992
vt 0.032589197 0.029886186000000037
vt 0.03256911 0.030278801999999994
vt 0.031432986 0.03007328499999995
vt 0.03193468 0.029980659999999992
vt 0.03190744 0.030453681999999982
vt 0.033235252 0.029882192999999946
vt 0.032589197 0.029886186000000037
vt 0.032625377 0.02930039200000001
vt 0.03373283 0.029905320000000013
vt 0.033235252 0.029882192999999946
vt 0.033278644 0.029338478999999973
vt 0.033235252 0.029882192999999946
vt 0.03373283 0.029905320000000013
vt 0.033608913 0.030137599000000015
vt 0.032589197 0.029886186000000037
vt 0.033235252 0.029882192999999946
vt 0.03322029 0.030225873000000014
vt 0.016831487 0.030484319000000037
vt 0.016449183 0.03058284499999997
vt 0.016433269 0.030057073000000045
vt 0.017304778 0.030444025999999957
vt 0.016831487 0.030484319000000037
vt 0.016806185 0.030038059000000006
vt 0.016831487 0.030484319000000037
vt 0.017304778 0.030444025999999957
vt 0.017276943 0.030740856999999955
vt 0.016449183 0.03058284499999997
vt 0.016831487 0.030484319000000037
vt 0.016788125 0.030810832999999982
vt 0.017784089 0.030467986999999974
vt 0.017304778 0.030444025999999957
vt 0.01728803 0.030080675999999973
vt 0.018254548 0.03054290999999998
vt 0.017784089 0.030467986999999974
vt 0.017810225 0.030210673999999993
vt 0.017784089 0.030467986999999974
vt 0.018254548 0.03054290999999998
vt 0.018224716 0.03083729700000004
vt 0.017304778 0.030444025999999957
vt 0.017784089 0.030467986999999974
vt 0.017755687 0.030749201999999975
vt 0.018720537 0.030671774999999957
vt 0.018254548 0.03054290999999998
vt 0.018284082 0.03024613899999995
vt 0.019073427 0.030864476999999946
vt 0.018720537 0.030671774999999957
vt 0.018755019 0.030306696999999994
vt 0.018720537 0.030671774999999957
vt 0.019073427 0.030864476999999946
vt 0.018966317 0.031105280000000013
vt 0.018254548 0.03054290999999998
vt 0.018720537 0.030671774999999957
vt 0.018690646 0.031006216999999947
vt 0.021402866 0.030264974000000056
vt 0.020932704 0.030276775000000034
vt 0.020869195 0.02972280999999999
vt 0.02180615 0.030360340999999957
vt 0.021402866 0.030264974000000056
vt 0.021379769 0.029708265999999983
vt 0.021402866 0.030264974000000056
vt 0.02180615 0.030360340999999957
vt 0.021736413 0.03080797199999996
vt 0.020932704 0.030276775000000034
vt 0.021402866 0.030264974000000056
vt 0.02144584 0.030811429
vt 0.018248558 0.020196258999999994
vt 0.01774913 0.019948960000000016
vt 0.017687589 0.019236982000000014
vt 0.018853605 0.02048251000000001
vt 0.018248558 0.020196258999999994
vt 0.018345416 0.019402265999999946
vt 0.018248558 0.020196258999999994
vt 0.018853605 0.02048251000000001
vt 0.018729389 0.021272480000000038
vt 0.01774913 0.019948960000000016
vt 0.018248558 0.020196258999999994
vt 0.018132031 0.020816862999999963
vt 0.01946485 0.02065762900000001
vt 0.018853605 0.02048251000000001
vt 0.018978477 0.01953762800000003
vt 0.02009058 0.02071776999999997
vt 0.01946485 0.02065762900000001
vt 0.019596279 0.019662618999999992
vt 0.01946485 0.02065762900000001
vt 0.02009058 0.02071776999999997
vt 0.019998163 0.021525561999999998
vt 0.018853605 0.02048251000000001
vt 0.01946485 0.02065762900000001
vt 0.019351155 0.021503330000000043
vt 0.020739019 0.02066192
vt 0.02009058 0.02071776999999997
vt 0.020216525 0.019761114999999996
vt 0.02130565 0.02059924599999996
vt 0.020739019 0.02066192
vt 0.020856678 0.019818007999999998
vt 0.020739019 0.02066192
vt 0.02130565 0.02059924599999996
vt 0.021124482 0.021085829
vt 0.02009058 0.02071776999999997
vt 0.020739019 0.02066192
vt 0.02067554 0.02134343999999999
vt 0.01658687 0.026843309999999954
vt 0.016132653 0.026922584000000027
vt 0.016111135 0.02613907999999998
vt 0.017063767 0.026852489000000035
vt 0.01658687 0.026843309999999954
vt 0.01660955 0.02612853000000004
vt 0.01658687 0.026843309999999954
vt 0.017063767 0.026852489000000035
vt 0.017000228 0.027332902000000048
vt 0.016132653 0.026922584000000027
vt 0.01658687 0.026843309999999954
vt 0.016505659 0.02727186699999995
vt 0.017530978 0.026862562000000034
vt 0.017063767 0.026852489000000035
vt 0.017095745 0.026134133000000004
vt 0.01791504 0.026988267999999982
vt 0.017530978 0.026862562000000034
vt 0.017562985 0.02614516
vt 0.017530978 0.026862562000000034
vt 0.01791504 0.026988267999999982
vt 0.017801404 0.027552067999999985
vt 0.017063767 0.026852489000000035
vt 0.017530978 0.026862562000000034
vt 0.017503142 0.02756750600000002
vt 0.03285992 0.033122419999999986
vt 0.032892406 0.03250616800000006
vt 0.03360498 0.032178998000000014
vt 0.03290689 0.033721684999999946
vt 0.03285992 0.033122419999999986
vt 0.03351772 0.032940269999999994
vt 0.03285992 0.033122419999999986
vt 0.03290689 0.033721684999999946
vt 0.032037854 0.034077763999999955
vt 0.032892406 0.03250616800000006
vt 0.03285992 0.033122419999999986
vt 0.032207727 0.033336820000000045
vt 0.024850428 0.029872416999999984
vt 0.024431467 0.03003191999999999
vt 0.024451494 0.029456555999999967
vt 0.025256038 0.029652357000000018
vt 0.024850428 0.029872416999999984
vt 0.024793684 0.029257654999999994
vt 0.024850428 0.029872416999999984
vt 0.025256038 0.029652357000000018
vt 0.025215507 0.03010290900000001
vt 0.024431467 0.03003191999999999
vt 0.024850428 0.029872416999999984
vt 0.024888515 0.03047901399999997
vt 0.023632854 0.02920651399999996
vt 0.023146272 0.02934348600000003
vt 0.022924393 0.028741955999999957
vt 0.024130344 0.02929544399999995
vt 0.023632854 0.02920651399999996
vt 0.023603559 0.028719068000000014
vt 0.023632854 0.02920651399999996
vt 0.024130344 0.02929544399999995
vt 0.024029046 0.029727638
vt 0.023146272 0.02934348600000003
vt 0.023632854 0.02920651399999996
vt 0.023663282 0.02971905500000005
vt 0.015281856 0.025923311999999976
vt 0.014884472 0.025687455999999997
vt 0.01483494 0.025011121999999997
vt 0.01567638 0.026048183000000003
vt 0.015281856 0.025923311999999976
vt 0.015336782 0.025252222999999963
vt 0.015281856 0.025923311999999976
vt 0.01567638 0.026048183000000003
vt 0.015736967 0.02700042700000005
vt 0.014884472 0.025687455999999997
vt 0.015281856 0.025923311999999976
vt 0.015227258 0.026526509999999948
vt 0.022427022 0.028855859999999955
vt 0.021945298 0.02914702899999999
vt 0.021988273 0.028530359999999977
vt 0.022904962 0.028513192999999992
vt 0.022427022 0.028855859999999955
vt 0.022334367 0.028149486
vt 0.022427022 0.028855859999999955
vt 0.022904962 0.028513192999999992
vt 0.022860318 0.029083014000000018
vt 0.021945298 0.02914702899999999
vt 0.022427022 0.028855859999999955
vt 0.022518694 0.029556990000000005
vt 0.020451605 0.030260085999999964
vt 0.020100713 0.03039646100000004
vt 0.019750059 0.02967244400000002
vt 0.020932704 0.030276775000000034
vt 0.020451605 0.030260085999999964
vt 0.020344377 0.029699861999999966
vt 0.020451605 0.030260085999999964
vt 0.020932704 0.030276775000000034
vt 0.02099803 0.03084194699999998
vt 0.020100713 0.03039646100000004
vt 0.020451605 0.030260085999999964
vt 0.020555496 0.030880510000000028
vn 0 0.9999999999999991 -4.371135999999994e-8
vn 0 0.9999999999999992 -4.3711383035419027e-8
vn 5.372329681103211e-15 0.9999999999999991 -4.371139040792371e-8
vn 1.5510733387016525e-14 0.9999999999999992 -4.3711373913043406e-8
vn 0 0.9999999999999991 -4.371137391304341e-8
vn 8.83198676599333e-15 0.9999999999999992 -4.371139040792371e-8
vn -2.5346075311643736e-14 0.9999999999999991 -4.371134350515229e-8
vn 4.633740808889002e-15 0.9999999999999991 -4.371141505456927e-8
vn 0 0.9999999999999991 -4.371141505456927e-8
vn 0 0.9999999999999991 -4.371134350515229e-8
vn 2.215822429176423e-14 0.9999999999999992 -4.371137391304346e-8
vn 2.6238639754660733e-15 0.9999999999999992 -4.3711388745320064e-8
vn 0 0.9999999999999992 -4.371138874531582e-8
vn -3.548450543309123e-14 0.9999999999999991 -4.371137391304345e-8
vn -2.6408790115005647e-14 0.9999999999999991 -4.371138636770627e-8
vn 7.674972549958706e-15 0.9999999999999992 -4.371143249159498e-8
vn 0 0.9999999999999992 -4.371143212255459e-8
vn 0 0.9999999999999992 -4.371138782608693e-8
vn 0 0.9999999999999992 -4.371138782608692e-8
vn 0.16528715438447683 0.952373937235195 -0.25624995662558653
vn 9.950701017352796e-8 0.977248961441166 -0.21209542041768017
vn 2.4039629250842074e-14 0.9999999999999991 -4.3711395791490565e-8
vn 1.046236407834852e-15 0.9999999999999992 -4.3711366041570026e-8
vn 0.02437341119852541 0.9058694302399192 -0.4228551905597846
vn 0.05540667566861635 0.9042886442181252 -0.4233109356365579
vn 0 0.9999999999999992 -4.371136597995503e-8
vn -5.0860481499966466e-14 0.9999999999999991 -4.371129214279985e-8
vn 0.1081448020089103 0.841378733576779 -0.5295153713379713
vn 0.024167404874024037 0.8460952026255196 -0.5324836566841616
vn 0 0.9999999999999991 -4.3711292142799856e-8
vn -8.139168062891993e-15 0.9999999999999991 -4.371144930271112e-8
vn -0.03623673241342641 0.8457874799102683 -0.5322879277712725
vn -0.07233161678517167 0.8441264414658818 -0.5312425886837296
vn 0 0.9999999999999991 -4.371144930271113e-8
vn 0.21769754182308562 0.8912396566861548 -0.39786889126209807
vn 0.251683871849271 0.7666927441919326 -0.5906246393898613
vn 0.6597560121633744 0.7006506592904199 -0.27168116984837476
vn 0.6487078606708644 0.601431672811768 -0.4663239801282676
vn 0.24931756909199987 0.8090459074955164 -0.5322456850992896
vn 0.2580912018747795 0.9504705812034154 0.17318950828983148
vn -0.29013058516345624 0.9414848919084339 0.1715530292967015
vn -0.21976018225493674 0.8150042937357189 -0.5361655187417586
vn -0.6090718312865445 0.6468248447586199 -0.4589652759591323
vn -0.5118637554697458 0.8351556664482139 -0.2012722251972386
vn -0.12489556818830395 0.805762556001371 -0.5789195111525074
vn 0 0.939546199889252 -0.34242216381780266
vn -2.7038209666689343e-14 0.9999999999999992 -4.3711385658914745e-8
vn 0.15388195843284364 0.8020750486517645 -0.5770580206522933
vn 0.03458742176636609 0.8112580184607434 -0.5836644050639921
vn 0 0.9999999999999992 -4.371138565891475e-8
vn 0 0.9999999999999991 -4.3711367708540785e-8
vn -0.23702777166286898 0.9715028746537672 -4.246572325180295e-8
vn 0 0.9999999999999991 -4.3711352021803415e-8
vn 0 0.9999999999999992 -4.3711443478260854e-8
vn -9.8352931488835e-15 0.9999999999999992 -4.3711408695652156e-8
vn 2.8590443740001243e-15 0.9999999999999992 -4.37113726108095e-8
vn 0 0.9999999999999992 -4.3711372610809507e-8
vn 0 0.9999999999999991 -4.3711408695652156e-8
vn -2.1197156381399368e-14 0.9999999999999992 -4.371137405952055e-8
vn -6.930082292355054e-15 0.9999999999999992 -4.3711400053987056e-8
vn 6.809497571311504e-15 0.9999999999999992 -4.3711400053987056e-8
vn 1.0673780608543937e-16 0.9999999999999992 -4.371137405952055e-8
vn -6.4879178305104414e-15 0.9999999999999991 -4.3711363581707116e-8
vn 0.23862213769845175 0.9224914539708464 -0.3034287276296934
vn 0.017958393237683622 0.9501965956689679 -0.3111332924831811
vn -6.2474378321483664e-15 0.9999999999999991 -4.3711363581706534e-8
vn 8.175802267319655e-15 0.9999999999999992 -4.371138017702182e-8
vn -0.053848334045049316 0.8141481123297265 -0.578155003533236
vn -0.13137077137003947 0.8071884275099859 -0.575489846064722
vn -2.2098308783488157e-14 0.9999999999999992 -4.371137946155747e-8
vn 0.3090279200005588 0.9192272437547373 -0.2439733981383977
vn 0.2622938216622097 0.7872395768526788 -0.5580822517825201
vn 0.24960827335498942 0.8496383312605178 -0.4645539967814114
vn 0.34583884813274646 0.7939353771572139 -0.5000621041635209
vn 0 0.9162103841341872 -0.4006975567740401
vn -0.14556905363422584 0.9583111459302524 -0.24586459324165155
vn 0 0.9686354250254444 -0.24848624385622844
vn 0.013495145238464583 0.9162162740668395 -0.4004567644453905
vn 0.0023424006266099407 0.9307693938190109 -0.3655993007229302
vn 2.2705568941156587e-7 0.9999999999999315 -2.925447450795343e-7
vn 6.072347850328153e-9 0.9999999999999608 -2.8034391326558643e-7
vn 0.006056336973607014 0.930673533774739 -0.36580062098594374
vn 0.022114024386908567 0.9159009491765806 -0.4007947370199041
vn 0.15518176513016216 0.9639053593433939 -0.2163448127415351
vn 0.011156986046758043 0.9868855876010142 -0.16103527143999669
vn -0.0035461215121951922 0.9200735746997832 -0.39172955232070894
vn 0.08402003698035887 0.9579007007027462 -0.2745302915508729
vn 0.10110891964389221 0.8818205289568469 -0.4606186503808889
vn 0.20366951061578828 0.8649142018839118 -0.45873974519878014
vn 0.5017541185997176 0.8202381040272885 -0.27468574256764733
vn 0.1483515275222372 0.8090519595240879 0.5687062080477516
vn 0.04854779128508304 0.9842120951348173 0.17020477006145648
vn -0.1294468113843247 0.9770990760077628 0.16888137460124972
vn -0.1985924603480462 0.8018096608702686 0.5636153851945621
vn -0.23883180687762806 0.9529167270787088 -0.1868397154706923
vn -0.10971921438822106 0.9123187532136067 -0.3945075240458689
vn -0.056831920823778435 0.9163846791830029 -0.39624393059597135
vn -0.19129675958138936 0.9631923676820969 -0.18885447469577366
vn 0.03130761039353657 0.9116472570846137 -0.4097793457234599
vn 0.06672406087349812 0.8410356848913764 -0.5368490257417287
vn 0.013702010792797634 0.8428240559679092 -0.5380147447626661
vn 0.008683539466626932 0.9120599472336454 -0.40996493605489204
vn -0.2516251996135515 0.8455396022257524 -0.47090077509742645
vn -0.3696124783605559 0.8506818603046422 -0.3738007335316516
vn 0 0.9999999999999991 -4.3711378228802606e-8
vn 0 0.9999999999999992 -4.3711394347021074e-8
vn -3.4882709880771736e-15 0.9999999999999991 -4.371137837237872e-8
vn -0.04801439064472041 0.8196210668427264 -0.5708904667960458
vn -0.095698550644468 0.816801365013943 -0.5689264605517202
vn 5.450133945770044e-15 0.9999999999999991 -4.371137837237872e-8
vn -4.511678398515917e-15 0.9999999999999991 -4.3711390121071176e-8
vn -0.09461745024905466 0.913400305939986 -0.3959133986329683
vn 0.04662972180505816 0.9160945057856243 -0.39824179277641847
vn 6.756925569156059e-15 0.9999999999999991 -4.3711390121071176e-8
vn 0.335301946524668 0.9276834306648207 -0.1642438952494664
vn 0.47162133674430895 0.7734200550766764 -0.42355015421163805
vn 0.42017900629799937 0.9074075318521938 -0.007821368443945789
vn 0.4420799170601184 0.8451208996999016 -0.3005594979742742
vn 0.31458061535007714 0.8954538223068811 -0.31496267804608785
vn 0.3314505432330489 0.9434725949330954 -8.532270341551062e-7
vn 0.36303671676609345 0.9317748345383584 -8.426481943865105e-7
vn 0.306158630589948 0.8980466698007564 -0.31587825467268066
vn 0.2633593766397326 0.8590241918654294 -0.43899803704103
vn 0.40615390584203254 0.8958038411243079 -0.18048402421321744
vn 0.0996874190351934 0.9754798102026329 -0.19621813976576474
vn 0.07937074342725 0.8876201704689421 -0.45368570405567327
vn -0.2977931159575553 0.7641911954269273 -0.5721285492966194
vn -0.2401161050118384 0.8710806835767944 -0.42844217674422375
vn -0.29799294896991874 0.7647054116275517 -0.5713368846764124
vn -0.1800296821997232 0.9629616988786625 -0.20073385369634805
vn -3.787136186983592e-9 0.9999999999999611 2.789106539078341e-7
vn -0.012474849841866953 0.8950264363288782 -0.4458385990398899
vn 0.023811874346797712 0.8951998737645586 -0.4450282919680622
vn -2.941407972620389e-7 0.9999999999999164 2.8423193952284034e-7
vn 0.2815134488493786 0.9456691807571126 -0.1626652350168901
vn 0.29808494354772125 0.8874616988857692 -0.3515068981413256
vn 0.44768707518006895 0.7160829123819203 -0.5355385563256323
vn 0.5145445665359878 0.8197728339888366 -0.2514286970538643
vn 0.5352895365297284 0.7523724991546549 -0.38392803309678697
vn 0.5276512987503321 0.7489291138518556 -0.40086068571532696
vn 0.6267420223833885 0.6876155930374706 -0.36657773198942134
vn 0.651446681400092 0.6809073674572833 -0.3346376820311773
vn 0.6383402643414448 0.6408566715794758 -0.42640876329241917
vn 0.6563806819583168 0.7529883704681428 0.04661452876159963
vn 0.7561834097242669 0.6543066301788865 0.008335740023026861
vn 0.7232742934098246 0.5724651600262309 -0.38620970605185573
vn 0.4944150921847042 0.7315687601621474 -0.4694261025707976
vn 0.45351811103660156 0.6669879019399502 0.5911416595263239
vn 0.1975240044967549 0.7336318368286994 0.6502065792030365
vn 0.20508160345876303 0.8244767877084558 -0.5274273053727201
vn -0.09602466295483299 0.8348825781303749 -0.5419874028414213
vn 0.4731000071105285 0.8810052080128906 -0.0024913302032034297
vn -0.6577275959176947 0.753252860848027 -0.0021300686826957126
vn -0.34397066352580224 0.7881085319717487 -0.5104597187506128
vn -0.6780440986941664 0.7222248813973746 0.13655555981564296
vn -0.6679489717044328 0.7434529672924445 -0.03349412818764441
vn 0.3039310113374721 0.8246610276527114 0.4770326297206044
vn 0.3462223155847907 0.8333321861401357 -0.4309148126184666
vn 5.3830186567696125e-8 0.935257493353909 -0.3539681074974976
vn 0.12228864104264901 0.9725805765071934 0.1978193885160841
vn -2.1242652619350212e-8 0.9778030415099414 0.20952616069099297
vn -0.014883699893634174 0.9351538963814491 -0.35392889901796687
vn -0.021513919727463384 0.9266082809867214 -0.37541210005112163
vn 3.267016447835022e-7 0.9999999999998377 -4.671973485053261e-7
vn -8.744915638269604e-8 0.9999999999998859 -4.697201038812433e-7
vn -0.02303029754525171 0.926581012282753 -0.3753894418760947
vn 0.121234528131834 0.9725918838733021 -0.19841173506734164
vn 0.09954048311624773 0.9934728531267412 0.055708009488733105
vn 0.39276459377103456 0.8988225281709354 0.1945611388029029
vn 0.41408546142344366 0.9102346353833967 -0.002477738119487935
vn 0.33145013935158135 0.9434727368202483 8.532273405351528e-7
vn 0.39603655540034644 0.9146111045258057 0.08149585427930776
vn 0.3617871868709794 0.928567995237721 0.0828945694010339
vn 0.3630361836557299 0.9317750422478449 8.426485580850714e-7
vn 0.5014880594080429 0.8504379412778228 -0.15894978548678082
vn 0.4397245828140041 0.8976620020568111 0.029072690491382825
vn 0.3376060724732279 0.9017127381294261 0.2700671726151382
vn 0.4026663492225976 0.9026249373260167 -0.15207903774337034
vn 0.26107027029293894 0.9241253523944549 -0.27898861451857915
vn 0.35382584108080867 0.9332160823854271 0.06257010277004653
vn 0.41677222405951725 0.9069746258434811 0.060810700773474405
vn 0.33444263228424836 0.9021563582106907 -0.2725106072262269
vn 0.33349793865084415 0.8113939506725567 -0.4800197722257057
vn 0.3477616405559481 0.9309139199104175 0.11162936475164792
vn 0.1347907277648575 0.9838259688355191 0.11797424614496257
vn 0.05922037254527573 0.8594056073156111 -0.5078532756516241
vn -0.06933405217277945 0.7556209394387758 -0.6513292447686992
vn -0.010453326633392513 0.9996210734472684 0.02546443563927034
vn -0.2653245063028549 0.9638464859600554 0.02455316390201749
vn -0.277102117598695 0.7279841175047114 -0.6270993071940086
vn -0.16867080062074596 0.724471859130061 -0.6683492248417663
vn -0.19235204846977397 0.9278816432573943 -0.3194312845596681
vn 0.033657013252054 0.9450686738942032 -0.3251344446268391
vn 0.3858428684818552 0.6778353318749306 -0.6258310824045866
vn 0.44398577020512764 0.880970854711504 0.16360620099568968
vn 0.16884146700567132 0.8224187080620002 0.5432495077301067
vn 0.32180863210486715 0.8755944507053528 0.3602409779533503
vn 0.2855260450084017 0.9576722338794852 0.03658920712637549
vn 0.568716658490056 0.8214696978933776 -0.04181982542847317
vn 0.5036075758783164 0.7652193951579528 -0.4010220527502981
vn 0.2183810003137648 0.8640014109459964 -0.4536643038473352
vn 0.2559581265570112 0.9654376266727291 -0.04914902291961763
vn 0.4602576953303969 0.8877534040785953 -0.007533089407269128
vn -0.21668400718149194 0.889673828367515 0.4019061086244657
vn -0.40480168005506956 0.8343138215238896 0.3742406271889739
vn -0.6585950110746518 0.7524704920510321 -0.006385137434460772
vn -0.612158917689515 0.6903383300058968 -0.3856091928596508
vn -0.6194877021142094 0.6784433214374463 0.3949046043365191
vn 3.795724011578175e-15 0.9999999999999992 -4.371139504079268e-8
vn 0.37364404473301066 0.9275721685322144 -4.054546555459045e-8
vn 0.3814432507315223 0.8202883855175421 0.4261783793863711
vn 0.19884260543046944 0.9606686162539365 0.1938489824847422
vn 0.23949510702952873 0.8468039708593085 0.47493697334048657
vn 0.14351372333683063 0.97707634272185 0.1572438606346643
vn 2.849167580918737e-8 0.9999999999998714 5.066863552184806e-7
vn 0.005912254838319644 0.900555339621513 0.4347011910748674
vn 0.07551928612911556 0.8992544750402981 0.43085754785375047
vn -2.550637101720956e-7 0.9999999999998419 5.010958557437888e-7
vn 0.03412541394008197 0.989124952882208 0.14306391476954572
vn 0.17098807826653784 0.9197968524411848 0.3531810121311818
vn 0.08577676394002091 0.9293428230029581 0.35911594799015895
vn 0.10378692243954374 0.9824756544166161 0.1548220372207078
vn 0.29795291767531784 0.8987397959150673 0.32169991931504865
vn 0.21511909788829534 0.9639690196188985 0.15648483293503593
vn 0.4173366465769987 0.8718786048816415 0.25623782268335776
vn 0.45889671564956863 0.8744211967982458 -0.15748452290927634
vn 0.30475934059136894 0.9518144808651503 -0.03421897628098542
vn 0.26929630583525566 0.9361628063280171 0.2260059727342093
vn 0.4483509894907966 0.8894360086475289 -0.08879739153700734
vn 0.4248353902430029 0.9007925209598462 0.0899317818119977
vn 0.35292900577976594 0.9334924195836367 0.06350605844479343
vn 0.3022111120480566 0.9531010032666475 0.016337727099782623
vn 0.337193078303437 0.9412972308236504 0.016135401698752102
vn 0.41594333193124927 0.9072934070963261 0.06172372365201908
vn 0.23869627063336923 0.9137655433537655 0.3287196710954776
vn -0.01239915573264854 0.8897845753908474 0.45621230839779764
vn 0.07724840344176066 0.887160144619169 0.45495006535332455
vn 0.11637670092667433 0.9345710817623654 0.3362043375909149
vn 0.04738873865525255 0.9490515836882027 0.31153715500334556
vn 0.05528407356019679 0.7381147826110638 0.6724063049240487
vn 0.11005550889068157 0.734701669251571 0.6694036466600465
vn -0.02979141417319417 0.9496973033072058 0.31174910382001486
vn -0.2237183907967371 0.9685673649036185 0.1087535804605054
vn -0.2773253644824208 0.6713780359338429 0.6872715439186377
vn -0.34426771615351087 0.7720613861380452 0.5342293099868688
vn -0.48165305745079895 0.6447767562017224 0.5935261299305045
vn 0.2401574542940999 0.8154390769403662 0.5266721076206912
vn 0.2592549631824036 0.8672176431476111 0.42511224809312814
vn 0.5275990539676302 0.7132007392207268 0.4615018351290389
vn 0.5432777429051194 0.7114104891839885 0.4458075929623869
vn 0.48510983537033014 0.5861196513950385 0.6489469946579072
vn 0.47299369372917166 0.7107703231025352 0.5206558493757198
vn 0.19491266931109633 0.49277386640151877 0.8480465600034715
vn 0.19683960421443847 0.6539786577317458 0.7304560804347429
vn -0.24134144268192617 0.6128093215416378 0.7524752776509567
vn -0.20953334070198543 0.4888474094523903 0.8468317361825505
vn -0.26008391892830085 0.7859483086371136 0.5609292390893502
vn -0.38643255070677146 0.5435501681841787 0.7451329400994225
vn -0.31203507330626534 0.8193649755809542 0.4809107503664026
vn -0.3894319189863625 0.5891333981686788 0.708000437596492
vn 8.58096827335278e-15 0.9999999999999992 -4.3711395198592384e-8
vn -1.6738852978964473e-14 0.9999999999999991 -4.3711387826086915e-8
vn -1.1168190738026244e-14 0.9778030624869548 0.20952606279680916
vn 0 0.9999999999999991 -4.371139998925906e-8
vn 9.38429246811206e-15 0.9999999999999991 -4.371139672479084e-8
vn 0.09968627321242111 0.9636684045787636 0.24780204387704105
vn -1.4081936541654563e-14 0.9131401499236503 0.40764576116698875
vn -7.927350647842121e-15 0.9999999999999992 -4.371139765909259e-8
vn 0 0.9999999999999991 -4.3711396948465434e-8
vn -1.0332867894573053e-7 0.9131401502821501 0.40764576036392386
vn 0.5129030253127643 0.8005919244445634 0.3098113250660222
vn 0.24669754292862203 0.944153809429009 0.2184351309969886
vn 0.31347711949754853 0.8105798972711759 0.4946638512074334
vn 0.1976212654338446 0.963340678471458 0.18144027295635604
vn 0.0804770586148775 0.9048103536225395 0.41814072632805455
vn 0.14380925891193982 0.9065987358455084 0.39673370062867713
vn 0.025979929290461064 0.9139663277130848 0.404957522563442
vn 0.1676774878390201 0.8946587151018294 0.41408941493877743
vn 0.1926379495995051 0.6557158848973258 0.7300186974779588
vn 0.16933318293277289 0.9219150668780413 0.3484234243289522
vn 0.34797164674551745 0.929229694275675 0.12428961476144579
vn 0.4118439047151329 0.8729422582060586 -0.2614505918660341
vn 0.22703460280887314 0.9703363921520306 -0.08308173802225056
vn 0.14072094657184253 0.9646704121456239 0.22272990622437036
vn 0.29248286803661827 0.9316912227518406 0.21541874884107606
vn 0.2617967317551123 0.9616046821425733 -0.08233411518819084
vn -0.010530243605400103 0.9892396869910621 -0.14592448612702555
vn -0.21516497050956532 0.8712970265918851 0.4410731537032805
vn -0.30677497017791144 0.8433102435957172 0.4412674367306904
vn -0.3995504559946585 0.7906671158186579 0.463901870094814
vn -0.2999985275321841 0.849167907124216 0.43464324334884163
vn -0.39575909061388637 0.7777426336678283 0.48835554463106096
vn -0.3767237235780141 0.9068432446538804 0.18898297732636746
vn -0.4874343037285195 0.7438032212139142 0.4573451297002063
vn -0.07978941988132981 0.8925259902133883 0.4438817469423715
vn -0.0036634980613891115 0.9999930263975666 -0.0007252159608289264
vn -0.01833874878901154 0.9998313143204087 -0.0010164630724990762
vn -0.023530756600996416 0.8957174702351248 0.4440005822173807
vn 0.3292380792940549 0.779502917850742 0.532895382045051
vn 0.12233048338352034 0.9702235492704921 0.2090490786301712
vn 0.19959463146822448 0.688420840008073 0.6973082031151239
vn 0.29357155160943343 0.6759358263872797 0.6759633885735049
vn 0.23008222666103592 0.5313275850442845 0.815323964044789
vn 0.2225538345154874 0.6516683583783537 0.7251193980517379
vn 0.20348122834709417 0.508746963035321 0.8365237099525007
vn 0.2362105451662152 0.5837454494046118 0.7768177576830277
vn -0.19027196339752683 0.6037199574081121 0.7741568271170884
vn -0.1795626534330751 0.5684219512702361 0.8029033184675541
vn -0.24576191562001598 0.7792430695018517 0.5765252114731084
vn -0.39645158652724516 0.6099987478150796 0.686095960638208
vn -0.3139862082419206 0.8446706762063688 0.43352521240515757
vn -0.3742695823981229 0.739222852036166 0.559885572879898
vn 0 0.9999999999999992 -4.371134567099687e-8
vn 0 0.9999999999999992 -4.3711408695652156e-8
vn -2.0276849993288017e-14 0.9999999999999992 -4.371138322079111e-8
vn 3.03119488813927e-16 0.9999999999999991 -4.3711373913043035e-8
vn 0 0.9999999999999991 -4.371137391304345e-8
vn 0 0.9999999999999992 -4.371138086956517e-8
vn -7.691818892807307e-15 0.9999999999999992 -4.37113817488511e-8
vn 2.2681599639309264e-14 0.9999999999999991 -4.371141174776688e-8
vn 0 0.9999999999999991 -4.371141390230644e-8
vn 0 0.9999999999999991 -4.371138086956517e-8
vn 0 0.9778030604899752 0.20952607211618793
vn -2.1257836820573868e-14 0.9999999999999991 -4.3711398191925134e-8
vn -5.3557542491871115e-15 0.9999999999999991 -4.371138912867585e-8
vn 0.08882418492912207 0.9598763880061486 0.26598417983020517
vn 0.19337968849883613 0.813905342699066 0.5478707778317886
vn 0.14105351285935713 0.9733669563140737 0.18072264624532178
vn 0.26592808391873307 0.8174676191637611 0.5109099194594321
vn 0.159726407227454 0.9679476361963683 0.1938165328759979
vn 0.01367115336171962 0.9619630618890928 0.2728372539202117
vn 0.0054148953697271945 0.9017259101573493 0.4322742900740629
vn 0.06484494143642233 0.8998412567954166 0.4313708916222235
vn 0.19622029716263514 0.943360282741519 0.26752377824643725
vn 0.09252213826258988 0.7826943265311189 0.6154910601684775
vn 0.1448060485238451 0.9310499807669299 0.33492856197226506
vn 0.016958991895904822 0.9408324007197951 0.338447612415425
vn 0.04641200715750719 0.7852062306662727 0.617492591789145
vn 1.3072246817703873e-7 0.7644458194357188 0.6446879781314642
vn 3.0415288250767084e-7 0.9999999999993858 -0.0000010658233196295456
vn 2.1611551240853573e-13 0.9999999999994321 -0.0000010658233556488191
vn 0 0.7644458193966628 0.6446879781777887
vn -0.017211050717228397 0.9390030084575558 0.34347799032961135
vn 3.1642682971737917e-7 0.99999999999947 -9.798019275980578e-7
vn 1.4728674547124934e-7 0.9999999999995092 -9.798019275980961e-7
vn -0.2584933817748114 0.9072031021662335 0.3319091788405139
vn -0.0017396024703981185 0.9999960483442898 -0.0022084109785095838
vn -0.16122390646666646 0.9653071313954841 0.20539959605765878
vn -0.020338223683057273 0.9757234535051711 0.2180598517319503
vn -0.014729067578270897 0.9998869095694789 -0.003036879956715445
vn -0.07597870149991492 0.9814663066236329 0.17592932069712564
vn 0.058616871161203905 0.9721055085212468 0.22710117286777598
vn -0.16464366455678847 0.9769750159816122 0.13569186368032718
vn 0.028078084285332868 0.9750190380904245 0.22033950291332116
vn 0.005135016829015393 0.7570749878818874 0.6533078097847949
vn -0.31226794361046795 0.795456209736159 0.5193632156645998
vn 0.31584851445556766 0.6205455267052308 0.7177485389761088
vn 0.41923088690278437 0.6636143075129313 0.6195655851730612
vn -0.05578143830762756 0.610858572699266 0.7897722679989136
vn -0.21375566096723103 0.5315779713042509 0.819593422270164
vn -0.04524631299956345 0.7316323641103477 0.6801961885708043
vn -0.20723377690055977 0.5605514858926236 0.8017706613334645
vn -0.04831220048490779 0.9149014925811364 0.4007757354894568
vn 0.09344572475852371 0.9943141137407455 0.05106211648874371
vn 0 0.9999999999999991 -4.3711392616752826e-8
vn 0 0.9999999999999992 -4.3711394782608634e-8
vn 3.031268946235858e-16 0.9999999999999992 -4.3711394782608634e-8
vn 0 0.9999999999999992 -4.371139220077066e-8
vn 0 0.9999999999999991 -4.3711392200770664e-8
vn 0 0.9999999999999992 -4.371139478260864e-8
vn 6.950597298466973e-15 0.9999999999999991 -4.371137369296941e-8
vn 0 0.9999999999999991 -4.371139478260864e-8
vn 0 0.9999999999999992 -4.3711394782608634e-8
vn 0 0.9999999999999992 -4.371137391304346e-8
vn -2.0276860272059333e-14 0.9999999999999992 -4.3711377765266016e-8
vn 0 0.9999999999999991 -4.3711422608695626e-8
vn 0 0.9999999999999992 -4.371142260869562e-8
vn 0 0.9999999999999992 -4.371137391304341e-8
vn -1.0621326534388182e-7 0.9778030603275396 0.20952607287420538
vn 0 0.9999999999999992 -4.371142260869562e-8
vn 0 0.9999999999999992 -4.371142260869562e-8
vn 0.12171886214573804 0.9700245098541838 0.21032586355485972
vn -2.066443330031735e-7 0.9131401471934776 0.4076457672826148
vn 0 0.9999999999999992 -4.3711392200770624e-8
vn 0 0.9999999999999991 -4.3711392200770624e-8
vn 0 0.9131401471934971 0.4076457672826235
vn 0.26592834717160496 0.8174676724399165 0.5109096971933925
vn 0 0.948260549205397 0.317493198069941
vn 0.2659282484439233 0.8174675890507637 0.5109098820057004
vn 0.1595865132363388 0.9695166923097633 0.1859288254300655
vn 0 0.999999999999883 4.839466821344453e-7
vn 0 0.9131401850750179 0.4076456824267397
vn -2.0664433189310565e-7 0.9131401850750197 0.4076456824266831
vn -3.041531645853864e-7 0.9999999999998367 4.839466085374654e-7
vn 0 0.9999999999998874 4.744890940187332e-7
vn -4.132891300396381e-7 0.9131400443294341 0.4076459977012759
vn -2.0664448119826548e-7 0.9131400443294926 0.407645997701302
vn -3.219846762042174e-7 0.9999999999998357 4.7448909401870853e-7
vn -0.30220879040320653 0.928994475088872 0.2136331253747468
vn -0.39209628911323 0.7461462277768774 0.5380764879066643
vn -0.28475362797196946 0.8753367457296465 0.3907696929551132
vn -0.39209664813048684 0.7461455726511143 0.5380771347474059
vn 0.26592836918325374 0.8174676295993514 0.510909754282254
vn -3.366730399697135e-14 0.9482605492053788 0.3174931980699958
vn -0.14915586030420666 0.8639743847712207 0.4809374094371358
vn -0.20641884667630178 0.9732952663706452 0.1004369662889132
vn -0.5197777292310327 0.7908102201705272 0.3231877285251925
vn -0.5476624634686925 0.7776597460132041 0.3087250322505158
vn -0.1537964414381005 0.9652989907678358 0.21105571071064355
vn -0.23691698254259502 0.9163592931419362 0.3227320703855183
vn 0.14732362896123125 0.9472808184661977 0.2845255688259036
vn -1.602448360786419e-7 0.9874300316656617 0.15805673843504756
vn 0.40234690780346394 0.866446761628461 0.29561288037658917
vn 0.27271167256311707 0.9144938332211706 0.2988801978189208
vn 0.1414506338521213 0.9898002947970262 0.016943866222126094
vn -0.048606525053949676 0.8209628692924514 0.5689089320491332
vn 0.1542017105032006 0.2545689926563003 -0.9546813397442332
vn 0.055398742861963515 0.27053528604110666 -0.961114789344109
vn 0.010683271233752102 0.2431692620371797 -0.9699250371632026
vn 0.3137396615619229 0.4249757204941672 -0.8490954373646545
vn 0.17759874570827053 0.3438478503072744 -0.922077730650684
vn 0.18203320601911885 0.41527078943162177 -0.8912990987043794
vn 0.03302774788683702 0.39860852545590203 -0.9165262742024339
vn 0.03229002964226863 0.2843716883765262 -0.9581701815625371
vn 0.060852181604157146 0.44417992195780925 -0.893868675434803
vn -0.06159109604696707 0.42152490836211204 -0.9047227688734524
vn 0.0015776918966369582 0.5223179833698034 -0.8527493389834911
vn 0.014369891935130115 0.4964960384909419 -0.8679200366212165
vn -0.18795036434574175 0.34317559339768994 -0.9202745093929563
vn 0.12340918683520243 0.407043853838756 -0.905033410243383
vn 0.18253404669062212 0.33000478088026486 -0.926163142429515
vn -0.005667690932029581 0.48113129587595876 -0.8766302261548022
vn 0.741062451629282 0.2906462288047747 -0.6052695370384675
vn 0.8659931285566205 0.27757274128823145 -0.4159438358558199
vn 0.8496211774773708 0.23972917810569783 -0.46975927446590443
vn 0.8868905747809682 0.303480183322863 -0.3483172213586426
vn 0 0 -1
vn 5.069220200583219e-7 3.573572657521476e-13 -0.9999999999998717
vn 0.05005500715548909 0.18563272591115987 -0.9813434604303716
vn 0.47334333340186097 0.29727993842303224 -0.8291988464386651
vn 0 0 -1
vn 0 0.17047898301697925 -0.9853613125902075
vn -0.382768774748674 0.17171095919942378 -0.9077463365765861
vn -0.04486029845896063 0.16636924618084423 -0.9850425511354272
vn -0.8421515474969968 0.32262511525608195 -0.43208078649069015
vn -0.5608210496210788 0.49535053508250004 -0.6634060579278669
vn -0.9094276448908551 0.2566043072331878 -0.32725462291257007
vn -0.8186205386254594 0.3215112340777626 -0.4759106429807564
vn -0.03680183818920922 0.3797416899218699 -0.9243602510067046
vn 0.2291359456077924 0.45734859201056105 -0.8592607193491275
vn 0.057646152574582894 0.41680105068445056 -0.9071680137888937
vn -0.16000933699368192 0.2762875186115922 -0.9476614475298082
vn 0.07690530805304471 0.4955237909311038 -0.8651830709246073
vn -0.2667888785271253 0.46190239001640243 -0.8458545243665568
vn -0.2545337372734452 0.5375445855850108 -0.8039019810262018
vn 0.01802830505728605 0.5246169166005534 -0.8511475025125137
vn -1 0 0
vn -0.9991617855416811 0.04093563622517432 -1.7893535203005997e-9
vn -0.9147064520929394 0.3444692550693663 -0.21131265653411094
vn -0.6521876355368769 0.5465497716512875 -0.5252948078562586
vn -0.9867827280485334 0.16204890504133154 -7.083380054129481e-9
vn -0.9610986652266419 0.27620527818918955 -1.20733160345399e-8
vn -0.9750455140042825 0.08495844816540415 0.20510560135074574
vn -0.9864508417021708 0.15919693914643382 0.03963674395665574
vn -0.9500683435093513 0.31204189247823344 -1.363978643139263e-8
vn -0.9610986680189142 0.2762052684730487 -1.2073315205703436e-8
vn -0.9852614138437292 0.15122309097104766 -0.07994700211901616
vn -0.9880958517931482 0.1336514476618805 0.07618318848050805
vn -0.9867827285940489 0.1620489017194621 -7.0833819505751194e-9
vn -0.9998851325921322 -0.015156570232552714 6.625148117244105e-10
vn -0.9401232902694219 0.07199723538054888 -0.3331435084022412
vn -0.963462997764239 0.12933961126274934 -0.23454278265925563
vn -0.975640637732413 -0.2193748983021772 9.58918173412914e-9
vn -0.9308045959088748 -0.36551717365250624 1.5977261351306245e-8
vn -0.9785046881697909 -0.103895497897271 -0.17814123819716368
vn -0.9237599320281898 -0.006825734899930118 -0.38291121336721107
vn -0.913266832025651 -0.40736187048106415 1.7806341370871156e-8
vn -0.9141835827120954 -0.40530035417366245 -0.0000025260989225154043
vn -0.9986739949944502 0.05141295332219877 0.002638172191982179
vn -0.996160310215934 -0.07634610071529896 0.04284751166711695
vn -0.9144862080053582 -0.4046170725117522 1.76863625187073e-8
vn -0.8510156998354247 -0.3524617948597901 0.389285193396612
vn -0.7529645357187291 0.042469059410222776 0.6566892620887675
vn -0.9984857331582002 0.05500321921222117 0.0009415709340733885
vn -0.23544957313710355 -0.07048005699257252 0.9693276329889083
vn 0 0.3249294305826628 0.9457382646066651
vn 0.3309556226976823 0.38866194022246303 0.8598896859640195
vn -0.1624163975274543 0.3481083111767084 0.9232775950405728
vn 0.7625679301747719 0.5448040734784229 0.34882470295304696
vn 0.5899732266268891 0.6791783417544198 0.4366329945791705
vn 0.7267426196290074 0.5450600736740289 0.4180366980316801
vn 0.6301909758596264 0.6478153652514629 0.4280123672152543
vn 0.2880864926379762 0.43798301267185896 0.8515732812685187
vn -0.29095285336454657 0.6087191035793014 0.7381107573099314
vn -0.00012338792893828093 0.0003341720267775269 0.9999999365522357
vn 0.011420948794903005 0.28637984904553415 0.9580480906453921
vn -0.7264185696584747 0.5065929598070961 0.4644132154980322
vn -0.7976728433380675 0.48843982084816256 0.3537577934276186
vn -0.8087774869794642 0.41865005567537933 0.4130509743823212
vn -0.8214540331020198 0.44365666338731574 0.35830439089196214
vn 0 0 1
vn 0 0.1955371960428077 0.9806962857907218
vn 0.20745455757772133 0.3100183539380158 0.9278206867502984
vn -0.4825344130847468 0.4944392203698624 0.7229733034829168
vn 0.8684471632451084 0.29662311294057325 0.39725842158595964
vn 0.7351254365221321 0.4056027642060738 0.5432098952030762
vn 0.8390025292091622 0.34529510676587033 0.4205306709672617
vn 0.6106524268636134 0.5006861040146405 0.6135283520850687
vn 0.31337096450966967 0.22935870439158887 0.9215168057730099
vn -0.3420892602242974 0.35052911098135814 0.8718395955643515
vn -0.21283663125957028 0.25298195952157615 0.9437694085690114
vn 0.17664189136490363 0.2756479493447127 0.9448893322697025
vn -0.8093024927170459 0.2764238730158512 0.5182849773135363
vn -0.8684465461538099 0.29662399745492707 0.39725911016284804
vn -0.8093034540700277 0.2764230995184911 0.5182838886970277
vn -0.8756366908338669 0.34844800510464546 0.33443141808763777
vn 0 0 1
vn 0 0 1
vn 0 0.24152407195344086 0.9703948282359245
vn -0.342088349223351 0.35052816293873196 0.8718403341853601
vn -0.0000010138432178131297 0 0.9999999999994862
vn 0 0 1
vn 0 0.2415240719534408 0.9703948282359244
vn -9.838282152079582e-7 0.2415240719533239 0.9703948282354548
vn 0 0 1
vn 0 0.18349973963375843 0.983019758476066
vn 0.31337091247204074 0.22935869627029748 0.9215168254902512
vn 0 0.24152407195344083 0.9703948282359244
vn 0.8684466502930808 0.2966242008061761 0.3972587306665832
vn 0.7351256126823338 0.40560264991846706 0.5432097421415977
vn 0.8804599108449375 0.30072749817376915 0.36654238122906163
vn 0.7351253603016564 0.405602795620134 0.5432099748959804
vn 0.31337078400877716 0.22935871877770697 0.9215168635735177
vn 0 0.24152408140433113 0.970394825883668
vn 0.036957862929639165 0.17744579043675987 0.9834363771103588
vn 0.1985021053962404 0.20781628490500548 0.9578148599189416
vn -4.919138321138216e-7 0.2415240814043019 0.9703948258835506
vn 0.1927885353313935 0.2717908380075008 0.9428479840461859
vn 0.3133709903182778 0.2293584590723335 0.921516858054646
vn 0.012202126632279339 0.22577538476458778 0.9741029636234829
vn 0.8235081941210515 0.3851141956156226 0.4165588920558732
vn 0.5179053998300279 0.5118041740563704 0.6854418168199076
vn 0.8710328929521943 0.29750720924461765 0.3908850980055526
vn 0.7351256918654189 0.4056022536299746 0.5432099308827802
vn 0.2162450701018699 0.28681550874032413 0.9332603782453568
vn 0.13304012181541214 0.3147269964320882 0.9398123449413596
vn 0.283188791498865 0.25614854682292 0.924225097219243
vn 0.18597896517036921 0.20366097918728676 0.9612148719566476
vn 0.708459662005496 0.5993048273643222 0.3727178976234953
vn 0.7570997798700493 0.6233425873368604 0.1955605843029514
vn 0.6591885823368516 0.6997226104060127 0.2754245475685264
vn 0.5595086082891805 0.6722474819175153 0.48480247555665856
vn 0.5304148371068754 0.38821593887184835 0.7536235700817326
vn -2.4597242462437094e-7 0.24152405688693282 0.9703948319858352
vn 0.04364581977341691 0.18570876471516456 0.9816350121731978
vn 0.2589579977488159 0.31037966797005395 0.9146612581238607
vn 0 0.24152389784608747 0.9703948715699361
vn 0.15203902852587406 0.3011172649342664 0.9413886161216394
vn 0.27450320861502764 0.29145180022731476 0.9163535543687885
vn 0.013247255803026953 0.22600198922687967 0.9740367606405739
vn 0.7800608129434691 0.5065726150172293 0.367272805724274
vn 0.7639670585611005 0.5481561283854529 0.340410329377607
vn 0.748770469121842 0.6015052076481978 0.2784497616144704
vn 0.6275008751940067 0.6062619070055693 0.4885582378230116
vn 0.423034760985789 0.3096222808746106 0.8515724479947084
vn 0.4938138502315555 0.20712402652599415 0.8445398267430295
vn 0.3871412837265096 0.30587173550948893 0.8698069371136353
vn 0.19875351179020556 0.3447871882647562 0.9173978615407518
vn 1 0 0
vn 0.9687204554811527 0.24815454687026794 -1.0847180816651825e-8
vn 0.8140085697612217 0.37915545488496216 -0.4400354410570445
vn 0.7699776190472731 0.4187425381906005 0.4814448596422917
vn 0.2675867881119386 0.4677746579521484 -0.842368197527475
vn -0.07450252389821534 0.4579824219417848 -0.8858337739808372
vn -0.011436335337468486 0.5780796160725519 -0.8159002192152298
vn 0.3103902459479216 0.6003516783121339 -0.7370452886819051
vn -0.22793506302494665 0.3632500223991815 -0.9033797807515994
vn -0.22245891404750945 0.2898864816252009 -0.9308479249220921
vn -0.05198474774568804 0.4311974268488642 -0.9007587718588899
vn -0.035219557334067335 0.5452763558340107 -0.8375161362920561
vn -0.039261509895570076 0.3138862126842684 -0.9486485014627105
vn 0.49839953204653287 0.4479471031713874 -0.7422542012115253
vn 0.2902932506377699 0.2752891431787095 -0.9164855243167177
vn -0.058223635084237495 0.30972593109679264 -0.9490415459419059
vn 0.8595532182163771 0.2945239073991892 -0.41764091397297637
vn 0.883702405752505 0.3898655243939237 -0.258988283434379
vn 0.8695829322555508 0.0629977616455751 -0.4897517799431519
vn 0.9495786446390269 0.08691518534439013 -0.3012410134793385
vn 0.22720450788818278 0.4786147359354508 -0.8481191226123413
vn -0.08231777025683641 0.46052095842776763 -0.8838236427866778
vn 0.0026673862659009977 0.36593183861214185 -0.9306378321025028
vn 0.24408576783545896 0.3234610653183632 -0.9142182874802299
vn -0.29662202336068483 0.3173218674650377 -0.9007342603042888
vn 0.08087701340290651 0.4362322842027314 -0.8961921127315805
vn 0.07175441977682812 0.1832307986237633 -0.9804477434714146
vn -0.026822183346625672 0.31047995247494004 -0.9502014363237298
vn 0.743022840450661 0.45583175733279796 -0.4900351697332805
vn 0.7814417847137536 0.4944346723248109 -0.3806351164914253
vn 0.7217845934979185 0.4846314995697033 -0.4941247921465442
vn 0.7734977262706603 0.4301847999877764 -0.4654484990990899
vn 0.10462462360078144 0.20192120957162907 -0.9737974703507527
vn -0.19765141003268935 0.22665005293272414 -0.9537104768312464
vn -0.3159414467233742 0.19234959933973664 -0.9290762260849129
vn 0.018940668308745485 0.21181561527573597 -0.9771260902306209
vn -0.9022136785846199 0.256571086636102 -0.3466724039740949
vn -0.7543918510286516 0.3471713918751443 -0.5571040834216169
vn -0.8617591766262855 0.2449922022018173 -0.44424086075088864
vn -0.7543371757179986 0.3468048199917111 -0.5574063528166056
vn -0.3164700276974175 0.19320217386031283 -0.9287193556639409
vn 0.007021417317516796 0.22218292170931825 -0.9749797172247042
vn 0.0015818974758426182 -0.0007861351889193666 -0.9999984397947034
vn -0.11447369999585975 0.08353808574702767 -0.9899076523792409
vn 0.02158235219052391 0.2923590799072083 -0.9560650451040112
vn 0.3717381273585908 0.600327202456139 -0.7081087590611447
vn 0.10468688854897919 0.03210680660293547 -0.9939868250312452
vn 0.0037331573591493903 0.003341971382062973 -0.9999874473029216
vn 0.6635316057741115 0.6754863232327645 -0.3216271681066607
vn 0.6805437474358307 0.6711339661485111 -0.2940057946839922
vn 0.683389520467799 0.6707844035960332 -0.2881441431074143
vn 0.6954843262382384 0.5102870817545743 -0.505874140623282
vn 0.27555052377363654 0.40595979269155624 -0.8713601755680045
vn 0.1360910868572782 0.38404109832514266 -0.9132314333591584
vn 0.31886371141980213 0.4753010466803611 -0.8200090539525419
vn 0.4913045167350214 0.6392374706804557 -0.5916040296632712
vn 0.07158214268583786 0.40376538384685623 -0.9120578444679401
vn -0.041770169535418886 0.40050385047402437 -0.9153425144133003
vn 0.015328683174489271 0.22056976929039887 -0.9752507412698115
vn 0.17111693404175382 0.325500511992825 -0.9299292508446859
vn -0.18661958787821414 0.3133836831227046 -0.9311089069344218
vn -0.1564170007621863 0.24207654853299046 -0.9575660115746157
vn 0.008782024492791096 0.06741791732024782 -0.9976861733380935
vn 0.0053525516421537534 0.17435638894367708 -0.984668065809712
vn 0.04705298784460478 0.252938062442672 -0.966337597790049
vn 0.11089346486846635 0.2843167961987468 -0.9522954367467832
vn 0.007781668077042804 -0.009621211998004328 -0.9999234360297934
vn 0.018608781080804302 -0.02242452130349636 -0.9995753368861179
vn 0.03706906254282969 0.2962677789876166 -0.9543852931263875
vn -0.30182685723009034 0.2584367075505929 -0.9176660702265375
vn -0.2811480967833959 0.08357257565376436 -0.9560184999641326
vn -0.02564140199814061 0.045728374223077864 -0.9986247715205567
vn -0.996469591492483 -0.07042135820508845 0.04570760920629109
vn -0.9716851587818163 -0.11852900343189976 0.2043986975217733
vn -0.9911381527540889 -0.13251322389874262 -0.009241625786321131
vn -0.9133338167022048 0.009589419727797747 -0.4070987377743483
vn -0.9878985347931892 -0.1351107260006115 0.0761680817210048
vn -0.9896918773985154 -0.11857843114120138 -0.08030655938024993
vn -0.9656974052293651 -0.25965169889615386 0.00308493008231683
vn -0.9734382495679818 -0.22892896529460038 -0.003082714253305021
vn -0.9694608890621148 -0.06669511637337004 -0.23600285174301705
vn -0.9425068659156753 0.005270022780763392 -0.3341452297455426
vn -0.9693181878211377 -0.12999750032288385 0.208621429074167
vn -0.973392040756738 -0.22895672921770824 0.009314029061687929
vn -0.9205341516672301 0.08671925018161737 -0.3809155382262997
vn -0.9453440809941384 0.28695529296504724 -0.1548587368174365
vn -0.8140873427070465 0.37371309386390456 0.4445225775130532
vn -0.9833566065261983 0.13116892862169333 0.1257159360046162
vn -0.20390099212363721 0.22136828090273672 0.9536353965856992
vn -0.20301890317675078 0.2807556765008828 0.9380616051547152
vn -0.1893089914934001 0.23035996541596118 0.9545136940208397
vn -0.3164120885241034 0.3658236358032549 0.8752465125457529
vn -0.6001471912260272 0.30302645464242334 0.7402690839487719
vn -0.6975760277495884 0.35830618705385775 0.6204871971507805
vn -0.7007043689916684 0.24672148543581046 0.6694340116100578
vn -0.73208224803096 0.2865333522498902 0.6180244494891576
vn 0.00013149705086348772 0.00073558868841354 0.9999997208088646
vn -0.010752045583743809 0.2118757971954528 0.977237453272518
vn 0.2921510213986311 0.21461611559812385 0.9319805274904136
vn -0.2394415561872881 0.28080882485924796 0.9294160236685065
vn 0.676803885529921 0.40685304935473915 0.6135202496758783
vn 0.4231294786518073 0.5126634975729498 0.7470860610077799
vn 0.8032708761227773 0.3137688394365204 0.5062657552823467
vn 0.635844730754248 0.3934233713914151 0.6640177175460538
vn 0.17876300059163078 0.3415530737227945 0.922705417481651
vn 0.1256120500341572 0.37719789716828434 0.917574715899496
vn 0.22203110479939206 0.3298153771407583 0.9175641696922677
vn 0.20252724224964602 0.2657423754994009 0.942530480149416
vn 0.7481345953214694 0.5401886904578002 0.3853450479565922
vn 0.7604229121425069 0.5135046997253752 0.3975800775298751
vn 0.5927332139290189 0.523339517492303 0.61219530097535
vn 0.45527425260699594 0.5785623093230597 0.6767503299917257
vn 0.41753788029971506 0.26947758432702595 0.867781049608766
vn -0.021581805685783606 0.21843175929840883 0.975613546540403
vn -0.12668655972069603 0.17917334449841313 0.975626684858193
vn 0.22504920820587412 0.2697421608244281 0.9362649307539387
vn -0.041647058544070074 0.258939125042088 0.9649953637386373
vn -0.4815024181801521 0.41567892576227494 0.771599929992083
vn -0.1237358209057904 0.0008151514946914495 0.9923148603910006
vn -0.11375171734869678 0.09420483161143958 0.9890328591615561
vn -0.8636787106589795 0.29431859001799626 0.4091890178441521
vn -0.9042588007367981 0.33724063619079026 0.26188695002172047
vn -0.8324346151236885 0.316767050826574 0.45465508581177355
vn -0.8752356643303142 0.23564212748504157 0.422416050403624
vn -0.23195868752831783 0.3896472527259531 0.8912744727205293
vn 0 0.40071638699792933 0.9162021486502453
vn -0.165467283327708 0.47751751028258654 0.862900692734493
vn -0.3334658024437499 0.5127947674713305 0.7911018171225308
vn 0 0.4007166539948837 0.9162020318745995
vn 0.06940473415781447 0.3775088939690998 0.9234013308690378
vn 0.025617270829642068 0.2578290920106095 0.9658508760405126
vn -0.12746979082744925 0.3596583694309574 0.9243361454171699
vn 0.20978531849671825 0.3006452029462522 0.9303776556262716
vn 0.3533296413666531 0.26276590181061726 0.8978375384095751
vn 0.2617314096919328 0.13624060530651225 0.9554764082102649
vn 0.04062610495464299 0.2378041622368216 0.9704631368676803
vn 0.7547229917146501 0.3395840703950143 0.5613161897818754
vn 0.44346930055873207 0.47497007391448165 0.7600910526691005
vn 0.9752501005527582 0.041128546784191505 0.21724567662270286
vn 0.8986672453078215 0.035766569403753425 0.4371703726511421
vn 0.13451752190031557 0.44428954674892635 0.8857267270165396
vn 0.1919210990113457 0.4799121723364085 0.856066935816135
vn 0.36046924158964094 0.5289334171908167 0.7683042145183343
vn 0.2461753469668565 0.47743889476697843 0.8434748367968272
vn 0.8317405676848718 0.4448923454282097 0.33208196133881424
vn 0.5991083881535502 0.6842131092864279 0.41583838245724
vn 0.9128405903456188 0.3728007168408166 0.16655834455359977
vn 0.77062712867153 0.5306847964809004 0.352856168062142
vn 0.32364314093227775 0.6983082356584966 0.6384518191210732
vn 0.19472759509137466 0.7956289137824623 0.573633851218065
vn 0.3750165539070963 0.7206301097339605 0.5831422032750383
vn 0.3712215040253828 0.6646301584693911 0.6484299093981438
vn 0.6567747059148833 0.7301372186240531 0.18853813314645484
vn 0.8911734938924779 0.4206910689407526 -0.16979054242495595
vn 0.7459381318681945 0.6660002845155149 -0.004463681243251109
vn 0.5939977656070012 0.7639538638593933 0.2520736962639968
vn 0.9488909373905364 0.09354832556605407 -0.3014211335024418
vn 0.8674900599018945 0.09663345025531421 -0.487978454712051
vn 0.7247560644194079 0.5489545813581966 -0.41638625660933914
vn 0.7584451355959142 0.6515839673704715 -0.014117710744027739
vn 0.24796911110334716 0.15953434346544587 -0.9555417903962471
vn -0.009085169977272269 0.12134686319033783 -0.9925685862852752
vn 0.11541691331990957 0.37546837509708125 -0.9196208106723455
vn 0.42473804234142465 0.5728294482518932 -0.7010449476341769
vn -0.041652491142395213 0.05719601339735402 -0.9974937022523414
vn 0.07073108142267924 0.11626955080678013 -0.9906959703541588
vn 0.06523920642587605 0.24319703382836186 -0.9677804754602197
vn 0.10189428533662016 0.2988836977809638 -0.948834068642414
vn 0.2117618598596759 0.30454154258607585 -0.9286610595626719
vn -0.09717496033385792 0.13264227111898005 -0.9863888964280327
vn 0.052826023465086615 0.3388331814718727 -0.9393622764293418
vn 0.40866708101382476 0.5531922016851105 -0.7259267214329695
vn -0.1158271889047369 -0.000725706656924663 -0.9932691154265669
vn 0.0015179395528101519 0.00033729298024564707 -0.999998791045749
vn 0.07889875102196436 0.23088821462134215 -0.9697760666443276
vn 0.10789871322529751 0.2910554545758235 -0.9506022249321667
vn 0.003630694242306688 0.0036826717638166954 -0.999986627904593
vn 0.08535641834260706 0.08114553797943251 -0.9930406253088291
vn -0.02626282575607959 0.15279973449190928 -0.9879081460958342
vn 0.01267725607333626 0.18396903088004754 -0.9828502850666053
vn 0.14711338313505617 0.19444029578090394 -0.9698198924950925
vn 0.4291571125540917 0.3885447375017109 -0.8153877358066904
vn 0.11971787736552589 0.17759030612522914 -0.9767954304814497
vn -0.05549310982366751 0.14578800972856037 -0.9877582553345143
vn 0.8122045394224026 0.3566897120275367 -0.4616234780374112
vn 0.8595478262047717 0.3233808930299123 -0.39573012583050643
vn 0.8429439725409108 0.3400208302845958 -0.4169308025674318
vn 0.8496202253844728 0.3720623981864264 -0.37378475687673923
vn 0.15637945253786745 0.0812818682066814 -0.9843468518387148
vn 0.0026933069933496034 0.032768931880158135 -0.9994593254359446
vn 0.29046737411948376 0.23844587808626874 -0.9266996642903247
vn 0.5281781488313131 0.4059761654900887 -0.7457956798957015
vn -0.00014799147054242936 -0.0715096789078053 -0.9974398948914303
vn 0.005312396419232688 -0.16673625957686047 -0.9859872200929395
vn 0.18545038020219334 -0.0696433003557838 -0.980182619310512
vn 0.33006402758504777 0.0876769262976257 -0.9398779145662152
vn 0.011286886154039166 -0.18403604435400173 -0.9828546894528599
vn 0.001875748337453237 -0.14411840074861607 -0.9895586734165064
vn -0.06836703839271738 -0.1255966747298499 -0.9897229023106484
vn 0.05618137065862427 -0.11313682828870275 -0.9919897739773788
vn -0.027187706568230274 -0.06328158957214762 -0.9976253149518522
vn -0.28213478692813837 -0.0015205080668327284 -0.9593735716915663
vn -0.413197079991605 -0.06050999539776682 -0.9086290296613759
vn -0.18661422472805542 -0.10972318567641079 -0.9762868193590276
vn -0.9065460521763974 -0.12206160507282386 -0.40407328524716246
vn -0.9695924689376044 -0.2445581934314415 -0.00904069715401041
vn -0.9551328580822307 -0.07169253504391157 -0.28736980326862305
vn -0.792943612659558 -0.02365239955001145 -0.6088357669667047
vn -0.9607742329886422 -0.27731501161417177 -0.0030426236241366082
vn -0.9696192564515909 -0.24459947525908834 0.0030974539936580716
vn -0.955339976222938 -0.14615335816035485 0.2568359899406771
vn -0.9862761459680202 -0.13219621849298785 -0.0989116965309096
vn -0.9898650683857566 -0.14169486120353536 0.009471678740973339
vn -0.9742852672402454 0.07178107352554126 0.21357831238710717
vn -0.7098027808521632 0.11463145640049181 0.6950105333720046
vn -0.9068758647043963 -0.032949569945071096 0.4201077145888759
vn -0.2664807182338816 0.1772180457521974 0.9474079327667289
vn -0.3320315250324855 0.28392248308359697 0.8995238129056099
vn -0.1998110244971768 0.17268898513966838 0.964496795692355
vn -0.2967956731787189 0.2313506862977723 0.9264929510427701
vn -0.7629155727213164 0.2723092757302356 0.5863509932204264
vn -0.7889543833265646 0.36438093413065953 0.4947499528770753
vn -0.7089336646040051 0.25318878959563546 0.6582617230359312
vn -0.7967955585906867 0.23763537310028662 0.555559418299828
vn -0.11784667008451562 0.22993162279483495 0.9660453463419434
vn 0.2623609487648279 0.19785990615639149 0.9444671461194419
vn 0.28199323353028943 0.2062046773416278 0.9369949024864368
vn -0.22151207002862539 0.3111782167714612 0.9241755895058943
vn 0.8327831756759128 0.22678548893801637 0.5050153703782556
vn 0.6616588016816198 0.2831158028361561 0.6943004193731138
vn 0.809014477639337 0.22238478255806518 0.5440961160094353
vn 0.6122346260401749 0.3005237317250744 0.7313373020347608
vn 0.299583748451614 0.1768650354880331 0.9375331124208344
vn 0.22405483823605135 0.2275378666483589 0.9476423105286775
vn 0.371727669916495 0.19775420174938305 0.9070346272932021
vn 0.2669580952352267 0.1785823990759261 0.9470172660140187
vn 0.8746120275539931 0.31164040754124434 0.371394746389095
vn 0.7266429295464022 0.40547211300307306 0.5546011346157214
vn 0.8760891080004383 0.26909393668864284 0.4000704039046194
vn 0.797208202593958 0.355860882786732 0.4876700870662036
vn 0.2922918474507014 0.20404589143831306 0.9343076314046677
vn -0.3711233086766854 0.2855523739540901 0.8835877610549239
vn -0.2495502482659052 0.2202700288463337 0.9429770877293152
vn 0.19229158573971222 0.21874944991636683 0.9566465513526896
vn -0.8280955225366541 0.21577233909706486 0.5173974325751213
vn -0.8636367356048621 0.19609486047972496 0.46441188034676145
vn -0.7969501940739416 0.21987986358117625 0.5626039759520282
vn -0.9026532446921199 0.2891595919365493 0.3187535885882326
vn -0.11678277221037005 0.001309568462370846 0.9931566186384216
vn -0.12065076775225994 0.12725003533066379 0.9845053685730388
vn 0.046185229725917716 0.20554833805538475 0.9775565483785753
vn -0.27727266891876423 0.29111311396157635 0.9156271194925693
vn -0.12290973280005303 0.26305699060978005 0.9569191278652266
vn -0.34982854206583425 0.366915359486935 0.861970481007712
vn -0.18804723825349948 0.22788874148883775 0.9553559324607062
vn 0.016799306928325142 0.22429431155893775 0.9743766443675825
vn -0.8340099023498597 0.258009718036712 0.48770735916222724
vn -0.8780368208498736 0.23641832870557172 0.416122235747997
vn -0.8177047910702628 0.283584144902853 0.5009380275248181
vn -0.9003059748363779 0.35270828535737764 0.2550412066984039
vn -0.14662204821314062 0.09522771384112957 0.9845982213544648
vn 0.017637169055790533 0.09866560231059515 0.9949643356364011
vn 0.08475678196832402 0.24882570409506574 0.964832657455151
vn -0.2697645542633535 0.3696317052547898 0.8891566159757968
vn 0.03854084634824988 0.06050182171587785 0.9974237478282842
vn 0.26248844458445736 0.03453543108604417 0.9643169190983498
vn 0.35275601766745174 0.31865394784924433 0.8797856861301461
vn 0.043979259090622065 0.3014885136823748 0.9524549862788438
vn 0.8986608775642877 0.03709989015249966 0.43707233415769625
vn 0.9273291215340487 0.30573128950529777 0.21584503462511673
vn 0.8695990012796637 0.47299925213431904 -0.14166610199263033
vn 0.7434410189502294 0.5810286361375275 0.3312116775272415
vn 0.7645790143005914 0.6082180264525202 0.21328329327290843
vn 0.8419030708631948 0.5392803826434625 -0.019387835543018837
vn 0.8207836606817137 0.5684133653526156 0.056748818899072115
vn 0.8379402769728234 0.5430622794236579 -0.0542167215339416
vn 0.8990797483189559 0.43755544884521524 0.014171638881428866
vn 0.8630076322923174 0.41361949897661815 -0.29006333217340613
vn 0.8153479370907691 0.44300236078237026 -0.37276889599733753
vn 0.8280070976909792 0.5371432457745016 0.1608769085114291
vn 0.9563523376952069 0.29165766254273584 0.01805585957579986
vn 0.8886710445937201 0.21744270251087408 -0.40371084407713614
vn 0.8695946185423347 0.24927106553543737 -0.4262266243315164
vn 0.9634381337943065 0.2679091333100641 0.003414475068591229
vn 0.3267631205801568 0.05792858335426934 -0.9433292862300446
vn 0.20058054631596084 0.09313952403755761 -0.9752397005360518
vn 0.20924724656007815 0.30134808270355984 -0.9302714242939608
vn 0.578957048479476 0.3340855789514552 -0.7437711758011363
vn 0.0728934426938179 0.10418131537972632 -0.9918834606635969
vn -0.062230868179813076 0.09527017161565123 -0.9935043600538003
vn -0.04104780458187149 0.3255499531409488 -0.9446334240058069
vn 0.08781324694953922 0.3206869155132785 -0.9431058985494465
vn -0.19482442787344725 0.0602243121429443 -0.9789874741439204
vn -0.41909540006683516 0.024431165836438083 -0.9076134440270771
vn -0.47414889254745246 0.2563100871397659 -0.8423110867882662
vn -0.16115835003106663 0.3144064510856902 -0.9355087224237761
vn -0.7925889859981924 0.07361938457531488 -0.605295700867856
vn -0.9463040319711501 0.15312384277930657 -0.2847134837826321
vn -0.8032648270790338 0.5942585118591042 -0.04027950670865991
vn -0.9104581858208746 0.33016331194059223 -0.24911459074125109
vn -0.9785598112162519 0.1810791543439284 -0.09813784048215696
vn -0.9291665422957034 0.2906990246293471 0.22834976189563555
vn -0.791948495626406 0.465146100036422 0.3955460603974957
vn -0.681906544340558 0.6377414421236292 -0.35817498207383575
vn -0.22324843462379915 0.19815003703084244 0.954409083811915
vn -0.29554767239592217 0.262968667955204 0.9184220451487531
vn -0.2647315535931161 0.21249099696975546 0.9406193601765671
vn -0.48286604624301455 0.4025574003513053 0.7776811176877306
vn -0.6915417350951089 0.24142550860852346 0.6807964104009085
vn -0.7975225185576839 0.3258179157349312 0.5077406012715097
vn -0.7181096468334518 0.21139617112152057 0.6630461476849828
vn -0.7988920472147578 0.24578829933948929 0.548962301806613
vn -0.19860688642905822 0.25394805726581277 0.9466074629295264
vn 0.2100039052851284 0.23107159124449045 0.9500022523577164
vn 0.23767649509951408 0.22749382012576466 0.9443285686040621
vn -0.2321483244386286 0.28080100440955286 0.9312668529390078
vn 0.8846364457890085 0.21518485020722647 0.4136590855077212
vn 0.7902451838152744 0.2503184269063807 0.5593328477819608
vn 0.8274563624132432 0.2261738335506863 0.5139663075716446
vn 0.5456625115362695 0.33074850534631056 0.7699726291986697
vn 0.3846719631501048 0.1556175022875972 0.9098410156439499
vn 0.2976260473899592 0.19730661172672284 0.9340711091153341
vn 0.419540037304987 0.15385961423127736 0.8946023564728257
vn 0.30146509102757224 0.17412473238019843 0.9374429990486152
vn 0.8531357352030973 0.26373560922004524 0.45011436963154416
vn 0.9550035893490582 0.2916082766041934 0.054154938337586465
vn 0.9707182106700759 0.24004594220369602 0.009170665462563307
vn 0.8411406129074956 0.26808568144309763 0.4696940884477817
vn 0 0.9999999999999991 -4.371135999999994e-8
vn 0 0.9999999999999992 -4.3711383035419027e-8
vn 0 0.9999999999999991 -4.3711383035419027e-8
vn 5.37231888977889e-15 0.9999999999999992 -4.3711359999999936e-8
vn 0 0.9999999999999991 -4.371137391304341e-8
vn 0 0.9999999999999991 -4.3711378287736796e-8
vn 0 0.9999999999999991 -4.371137828773679e-8
vn -2.5346075314266638e-14 0.9999999999999992 -4.3711373913043406e-8
vn 2.0027779837951954e-15 0.9999999999999992 -4.3711417858521564e-8
vn 0 0.9999999999999991 -4.371134350515229e-8
vn 0 0.9999999999999991 -4.371134350515229e-8
vn 2.2158246570229356e-14 0.9999999999999992 -4.371141785852156e-8
vn -6.0227848438376185e-15 0.9999999999999991 -4.3711379150160206e-8
vn 0 0.9999999999999991 -4.3711422608695626e-8
vn 0 0.9999999999999991 -4.3711422608695626e-8
vn -2.6408790116488586e-14 0.9999999999999992 -4.371137915017705e-8
vn -2.3147846549469048e-14 0.9999999999999991 -4.3711398583779694e-8
vn 0 0.9999999999999992 -4.3711387826086935e-8
vn 0 0.9999999999999992 -4.371138782608692e-8
vn 0 0.9999999999999991 -4.3711402748638724e-8
vn 0.12466303456137008 0.899053812624268 -0.41971582031145566
vn 6.432846118453195e-15 0.9999999999999992 -4.371136579569427e-8
vn 0 0.9999999999999991 -4.3711364374703034e-8
vn 0.016588304455300306 0.9121028784040272 -0.4096256429502268
vn 0.09052969585311871 0.8779995275883874 -0.47002255661118086
vn 1.2557339872237388e-14 0.9999999999999992 -4.371138509657244e-8
vn 0 0.9999999999999992 -4.371138509657432e-8
vn 0.06412730331635316 0.8798050561239623 -0.47098912109313507
vn 0.0378060366446743 0.8307638220849342 -0.5553396937983573
vn 5.87624321400016e-14 0.9999999999999991 -4.371143511558013e-8
vn -1.3326236882650906e-14 0.9999999999999991 -4.371143511561012e-8
vn -0.02521392667151661 0.8310938564450298 -0.5555603114704395
vn -0.09594520925494138 0.8775523515358588 -0.4697833406315194
vn -1.4965574011520367e-14 0.9999999999999992 -4.3711412890410774e-8
vn 0 0.9999999999999992 -4.3711412890410774e-8
vn 0.19716934083020446 0.8643129196232674 -0.4626958266603298
vn 0.510750688720728 0.8530405181797988 0.10703087552123654
vn 0.630324449311445 0.669394795704526 -0.39319422183434966
vn 0.2264603339365227 0.839852451590585 -0.49331894014992284
vn 0.2924017763116785 0.9488559564050953 0.11905282526822723
vn -0.2553737627512655 0.9601961460697722 0.11317067805318255
vn -0.2568033832888786 0.83333684182671 -0.4894912975586699
vn -0.6642827751346969 0.6445185498736855 -0.37858187163157614
vn -0.6830311060309758 0.7253684482347108 0.08549340617655636
vn -0.23976669755127158 0.843421461145601 -0.48078287160045186
vn -0.3093505515218056 0.9509480723326343 -4.156732730953699e-8
vn 8.832055916961111e-15 0.9999999999999992 -4.371145861579393e-8
vn 0.08770156304139393 0.8654149441630651 -0.4933207985270189
vn 0.05494751033380408 0.784130771787144 -0.618158316165539
vn -5.6343645751501095e-15 0.9999999999999991 -4.3711367708540785e-8
vn 0 0.9999999999999991 -4.3711367708540785e-8
vn 0 0.7853171941652501 -0.6190936153348852
vn 0 0.9999999999999991 -4.3711352021803415e-8
vn 0 0.9999999999999992 -4.3711443478260854e-8
vn 1.5510758070450306e-14 0.9999999999999991 -4.371144347822848e-8
vn -9.835313257651842e-15 0.9999999999999991 -4.3711352021803415e-8
vn 5.3365366494028366e-15 0.9999999999999992 -4.371138107373511e-8
vn 0 0.9999999999999991 -4.3711408695652156e-8
vn 4.541981458721463e-15 0.9999999999999992 -4.371140869565215e-8
vn -2.0792298700415618e-14 0.9999999999999992 -4.3711381073735104e-8
vn 1.0154532294122298e-14 0.9999999999999991 -4.371140394817543e-8
vn 2.9945489530375345e-15 0.9999999999999992 -4.371137802248538e-8
vn 2.1596713378399217e-15 0.9999999999999992 -4.371137802248538e-8
vn 5.019005371080242e-16 0.9999999999999991 -4.3711403948175424e-8
vn 0.19884587130851128 0.7753979244702505 -0.5993482945590044
vn 1.3891765976509805e-15 0.9999999999999992 -4.371138093363183e-8
vn 8.475290052353053e-15 0.9999999999999991 -4.3711380933631824e-8
vn -0.03836007876412314 0.79061518992198 -0.6111105675913663
vn -0.16381144303576306 0.851893672016065 -0.497436410719527
vn -1.0030818489766516e-14 0.9999999999999991 -4.371140467036778e-8
vn 0.18528843346391435 0.9825925156355976 -0.013421797249123835
vn 0.21859549236934683 0.8578420554171731 -0.4651053844812406
vn 0.24511256791931776 0.8550466870863698 -0.45696279055369643
vn 0.2610228209059085 0.8884923852849288 -0.3774233276534715
vn 0.004487074062992817 0.9132536383758465 -0.40736673668775675
vn 0 0.8819104591764689 -0.4714169513235072
vn -0.18374578303609432 0.9829737978280256 -2.0430750497086598e-8
vn 0 0.9245388010096502 -0.38108792348700643
vn 0.013731626311088293 0.9244516330821045 -0.38105199189963906
vn 0 1 0
vn -2.844030176396457e-7 0.9999999999999576 6.401569044822867e-8
vn 0.007980066798530161 0.9296259388076339 -0.3684181488878048
vn 0.0003218887719063236 0.9303320348831361 -0.36671814961605304
vn -0.002232627642386829 0.9999973814114745 0.0005025375652739571
vn 0.19718049101820426 0.8641984179268727 -0.4629049021284075
vn 0.044325102850608096 0.8758777666743033 -0.480492895996307
vn 0.20931830759405798 0.8309547780508122 -0.5154609616066816
vn 0.09589776163082761 0.8876996021891796 -0.45032547739093015
vn 0.0709354881818676 0.9901495792684962 -0.12071440341077819
vn 0.17593041343577434 0.8778548224393825 0.4454429260278333
vn 0.23811832207292533 0.8661134538066536 0.43948509625274507
vn 0.1463181984813495 0.9819718575023086 -0.1196756277052191
vn -0.056896452249099595 0.9934217853269217 -0.09937781522723076
vn -0.09584736817723127 0.9234415483007178 0.37157635673636635
vn -0.4858039363119023 0.8108838055889281 0.32628513496247213
vn -0.23326735273323354 0.9675752775305214 -0.09687323913529364
vn 0.014703240081836485 0.8661969655859654 -0.49948636772264554
vn -0.05650829856087934 0.9143312425116534 -0.4010052258522959
vn 0.025514413131975236 0.9154964885410829 -0.40151611946655114
vn 0.038137120845146054 0.8656646948225883 -0.49916950643179087
vn 0.022784070496739764 0.8339065564792632 -0.5514351649944871
vn 0.01051322155790661 0.9107584327486052 -0.41280570411487655
vn -0.33037277089030054 0.8596670905690372 -0.3896489774743827
vn -0.2373056979249001 0.8102401509812229 -0.5359075512346333
vn 0.2912806277779768 0.7626932413736781 -0.5774552930263783
vn 0 0.9999999999999992 -4.3711394347021074e-8
vn 2.5543550924821473e-15 0.9999999999999992 -4.371139434702107e-8
vn -0.033825956949856295 0.7968082590303636 -0.6032846782220045
vn -0.1226282048380339 0.8653044687060466 -0.4860149172767722
vn 8.056765074275805e-15 0.9999999999999992 -4.371138501717179e-8
vn -7.599626898594065e-15 0.9999999999999992 -4.3711385017171793e-8
vn -0.05402885265984633 0.8706114343098333 -0.4889955148355001
vn -0.013273980107346454 0.9470776700884457 -0.320729930427379
vn -1.6611753985353546e-15 0.9999999999999991 -4.371138136341626e-8
vn 0.15472342557309915 0.987957823785471 -4.318500120645756e-8
vn 0.3444239915129685 0.8863941877961079 -0.3093177297077436
vn 0.4140500240528794 0.9102541280223946 0
vn 0.4080566450023996 0.8811032621664863 -0.2390540019931944
vn 0.2844131649197742 0.9252383018826126 -0.2510841220581199
vn 0.331449989791132 0.9434727893625012 0
vn 0.36303618365597007 0.9317750422481323 0
vn 0.33580762504246375 0.8618882879063223 -0.3799760757379983
vn 0.23838068276122482 0.8886293709807507 -0.39180670121457606
vn 0.29311395427721376 0.956077512447592 0
vn 0.18679634555316318 0.9311430077523245 -0.31317698574757663
vn 0.08976304095748337 0.8783644938824634 -0.46948739319034877
vn -0.4335195939231597 0.7946589730843454 -0.42494455895002636
vn -0.3464970494677062 0.8894164032919858 -0.2981245650148976
vn -0.43437659030278203 0.7951414654746424 -0.42316312183337423
vn -0.3629342789717988 0.9318147397134358 -4.998594474964654e-8
vn 2.2363116801611385e-7 0.9999999999999751 3.0800108604844645e-14
vn 0.0063769655353243864 0.8828331571126748 -0.46964342964958916
vn -0.0488595853938676 0.9252706552340065 -0.37614751823981474
vn 0 1 0
vn 0.14101318422408127 0.9899530642325318 -0.01040252332881178
vn 0.27635989674242134 0.900839992769155 -0.33483206970089807
vn 0.4081609243662268 0.8018019573633786 -0.43648399854835734
vn 0.5161781637332921 0.8176866798867876 -0.2548501458124933
vn 0.48531266249019295 0.833682056664317 -0.2635258014362824
vn 0.5298690362757718 0.7447389477623678 -0.4057125880250526
vn 0.4938301222988117 0.8678015154415597 -0.055247987363098106
vn 0.6420758582639118 0.7044717116926765 -0.3024205675205503
vn 0.6115775951129602 0.727060672933685 -0.31201862609316333
vn 0.7044363529539093 0.7083331388351444 -0.04509533307280761
vn 0.21563694031024722 0.7287203542286058 0.6499748882122834
vn 0.7135123248416841 0.6166132653978971 -0.3326984268588559
vn 0.47398285119964895 0.7757858209196181 -0.416529250868082
vn 0.4503220611182332 0.6663258406417243 0.5943230732213968
vn 0.19409152010173195 0.7320863835385429 0.6529762697541592
vn 0.21806750364069408 0.8099318459519383 -0.5444786210392484
vn -0.08422138487959076 0.8275967349810748 -0.5549688302757447
vn -0.08551949896588842 0.743544336332745 0.6631954728465216
vn -0.6586084373044768 0.7524858313027265 0
vn -0.6559827622555076 0.7512546157448813 0.07282250988290173
vn -0.6555807976811537 0.7516024785297363 0.07285281037612408
vn -0.6846344339768363 0.7288866110810494 0
vn 0.413062592140905 0.8466893968518892 0.33540477073592817
vn 0.26881162556755434 0.9032189729793415 -0.33456807500099667
vn -0.004868487694703644 0.9377232657912341 -0.34734906739674615
vn -6.199326910017002e-8 0.9131402100015457 0.407645626590461
vn 0.14532157539008903 0.9893844751794638 0
vn 3.8048450283582206e-8 0.9269076262015121 -0.37528955819403875
vn -0.021653541837423355 0.9266902984118615 -0.3752015657686279
vn 0 1 0
vn -3.9524515378448215e-7 0.9999999999999218 -8.681580453411449e-9
vn -0.05997510855506045 0.9447878436611616 -0.32214735265698097
vn 0.2681172060631322 0.9092297946827569 -0.31845618893978495
vn 0.156496200883307 0.9876725788770487 0.00343744722892289
vn 0.3952840359531744 0.898360775789579 0.19156838842386234
vn 0.41203825037854525 0.9111665491143238 2.8663528459936467e-7
vn 0.3314505432328674 0.943472594933517 2.3057427484677497e-7
vn 0.3247891817605123 0.92451243787279 0.19947114986846565
vn 0.4582838870760943 0.8866288500190566 -0.0621704203002613
vn 0.363036652855587 0.9317748594394474 1.0101887365750667e-7
vn 0.41290518812141086 0.9107740145735437 1.1489533275296642e-7
vn 0.5069910974283931 0.8598400451095808 -0.060291989138757794
vn 0.4197435437222607 0.8900734204438341 0.17772074646166885
vn 0.35000214816496794 0.9344428085643935 -0.06568967804911371
vn 0.15367896260897373 0.9857174250586981 -0.0688762251221698
vn 0.2669808306512538 0.9450473856573772 0.18869731033303863
vn 0.41593181809142443 0.9072682922314128 0.062168871717752296
vn 0.38464414700524263 0.8370575530027882 -0.38908036847879357
vn 0.2960160079573373 0.8662585949196981 -0.40245567428072426
vn 0.3793983369551492 0.9230688707454431 0.06325157528789262
vn 0.1224428000642426 0.9832850236284734 0.1347528219384683
vn 0.11072528355690442 0.8081736046103906 -0.5784421633943113
vn -0.1384599417854117 0.8055696252594954 -0.576095845654225
vn -0.090534837095823 0.986671098036784 0.1352168168939063
vn -0.02995555917934319 0.9549332350391124 -0.29530523377005724
vn -0.18610817426286771 0.676076942993248 -0.7129401900758904
vn -0.09352285291277512 0.684990655672215 -0.7225242401641654
vn -0.21712052113545374 0.9325716247344666 -0.28839009005509597
vn -0.36143185137044304 0.9039200946070283 0.22868204866266903
vn 0.034959582733866984 0.9816442547596679 -0.18748969217642486
vn 0.6506736081803738 0.745874888065539 -0.14245879042991058
vn 0.438711378755845 0.8708173645517507 0.22183201695266855
vn 0.6906313866992906 0.6244878662097345 -0.3647508638271165
vn 0.345758145394793 0.9377837700981129 -0.03182617529209184
vn 0.5620601775616094 0.8266204358166375 -0.02805373218886423
vn 0.5127614290694523 0.7406462794414922 -0.4341875235518959
vn 0.252201099410612 0.8319821602722576 -0.4941662578978718
vn 0.24491649139726618 0.9689862846454003 -0.032886051918041434
vn 0.4728901325477875 0.8806143699781018 -0.029887353964625402
vn 0.40713556645310683 0.785290297033248 -0.4664330390467007
vn -0.44640910537110784 0.7777266394828023 0.4425609391717195
vn -0.39211487712844584 0.8081661055316829 -0.439446776076804
vn -0.6200541295948966 0.6892518881767862 -0.37478622042045556
vn -0.6140874366186646 0.6944910826841886 0.37493833660918335
vn -1.6738852973063077e-14 0.9999999999999991 -4.37113795602522e-8
vn -1.1284855212203231e-7 0.9131401297316453 0.407645806397737
vn 0.47368170318020686 0.8213421404857115 0.31784073422808506
vn 0.42142855506018445 0.9062762242570764 0.032578801792307856
vn 0.3218207312061815 0.8764666286317359 0.3581028705006951
vn 0.27214743272867603 0.9622555662916119 0
vn 3.666712587551539e-7 0.9999999999999328 0
vn 0.022806245302896436 0.9137756254620172 0.40557857621758503
vn 0.02389986720746506 0.8429034180906525 0.5375338353244012
vn 0 1 0
vn 0.08374249173042246 0.996459291029466 0.007488417712345399
vn 0.1255611716277206 0.8409209713282012 0.526389886072965
vn 0.1452468554742571 0.9892775620890782 0.015272724770992552
vn 0.06659770597794024 0.9580313797789576 0.2788200511392657
vn 0.32872928702475335 0.9015886050320766 0.2812028504985531
vn 0.2889642323969093 0.9568575897060658 0.03038462468360503
vn 0.49325956568171475 0.8520994543610235 0.1749900589780247
vn 0.4799244720434138 0.8585199968055319 -0.1805987713659205
vn 0.43233629828370784 0.882399973695813 -0.1856222282162613
vn 0.2991791421413381 0.9346758121023265 0.19202335060723597
vn 0.42584374886987236 0.9027992463268139 -0.060088454633068764
vn 0.4492876537478666 0.8914148499009477 0.059331016895113164
vn 0.3538359210065094 0.9332426680232131 0.06211492241313809
vn 0.35295951610298437 0.9335730347389078 -0.062136694478650535
vn 0.2604841023638164 0.9567832676041794 0.1292819061136801
vn 0.33109394349754284 0.924271109107234 0.18999925644309676
vn 0.3436353946745495 0.9198685163605431 0.18909423083616264
vn 0.25060923085329084 0.959369953637165 0.12963142161276386
vn -0.16829716236400666 0.7125086929559481 0.6811809066631489
vn 0.08027319467891471 0.9218982293546043 0.37902489222857966
vn -0.009671369502299042 0.9248396633503334 0.3802342195357914
vn 0.03605879003082363 0.7221487265506484 0.6907973511839705
vn 0.17492262022646451 0.7784919120475884 0.602787209394491
vn 0.1476860442085506 0.9859121290260133 0.07852455784927412
vn -0.20229421186961663 0.9762332808205824 0.07775367041068207
vn -0.1795299377631264 0.7781682621413217 0.6018497796316977
vn -0.3075190091315699 0.8267117277161989 0.47114729998083915
vn -0.36955737748226236 0.8286363427216468 0.420463026043107
vn 0.3318165021106374 0.8406891398197999 0.42794810329770905
vn 0.25509674263801185 0.8659844861194057 0.4301122198868396
vn 0.5992345851508639 0.7132057406459514 0.36366947008063805
vn 0.5254939686433888 0.7103598717036481 0.46823598921120724
vn 0.6948472194474147 0.5998492629154256 0.39669661380709703
vn 0.5941870268015451 0.7165557117734482 0.36536240789876967
vn 0.20969833720110076 0.4985436718787486 0.8411187874520153
vn 0.2682191728233872 0.6749681236890197 0.6873692656306813
vn -0.16774139583788117 0.6907137115813325 0.7034041461037168
vn -0.1966575258464123 0.5008514953627388 0.8428959586573399
vn -0.24584358424619043 0.8044019647423181 0.5408312224748907
vn -0.26398381557867207 0.7975573149436351 0.542415776404434
vn -0.34589051725274844 0.7684326452190952 0.5383967123192809
vn -0.2987825307648042 0.784644035721749 0.543196775134081
vn 0 0.9999999999999992 -4.371138607621172e-8
vn 8.58097095843742e-15 0.9999999999999992 -4.3711408871484225e-8
vn 0.2024637822514071 0.9781634674559536 0.04695367728943539
vn -1.1425679092082471e-14 0.9999999999999992 -4.3711388725912885e-8
vn 0 0.9999999999999992 -4.3711385660232504e-8
vn -1.3000435834339727e-7 0.9131401598994354 0.40764573882087446
vn 0 0.9131401499236597 0.40764576116696766
vn -1.544851678014663e-14 0.9999999999999991 -4.3711389242912064e-8
vn 0 0.9999999999999992 -4.371139694846544e-8
vn 0 0.9131401921472531 0.40764566658469226
vn 0.5508562573872827 0.7927758865632204 0.26089035509419584
vn 0.5381903137854673 0.8400624510930109 0.06816351231489828
vn 0.3199654186119891 0.8170575599151643 0.47962388876903567
vn 0.2544253344904221 0.9670450672810276 0.009570110598630109
vn 0.17516987961295832 0.9845161751082727 0.006588947302761003
vn 0.10500429384524222 0.8314553169490246 0.5455787332651991
vn 0.1520855990828811 0.988367325720327 -2.2426410404953143e-7
vn 0.0454669617797493 0.7040351426395508 0.7087081721802185
vn 0.24288792966326833 0.683731247181866 0.688125740872278
vn 0.36275780506110666 0.9318834556246623 -5.349195099969257e-7
vn 0.387146280101247 0.9197477940638411 0.06466647600159653
vn 0.344827283031329 0.9204963103830557 -0.1837952323876038
vn 0.29692119194621625 0.936417870333194 -0.1869742706734915
vn 0.22729568483620244 0.97145224581187 0.06795002400232412
vn 0.31772965014979804 0.9327846548600791 0.17017830964388558
vn 0.296772611828973 0.9453560116197162 -0.1350112149514734
vn -0.013921206598095587 0.9898593551567464 -0.14136710018785736
vn -0.010340108319201423 0.9838272546538158 0.17882118207942552
vn -0.2702717629365508 0.881731614248786 0.38665557618298896
vn -0.3207741017905724 0.8816636667233273 0.3460825832087325
vn -0.25324488508603943 0.9004611591731397 0.3536053294257938
vn -0.3117024809131841 0.870183025810187 0.38160590271167694
vn -0.18353315565641826 0.9830135201383534 0
vn -0.37867871914885987 0.8548146270602942 0.3548159819223893
vn -0.02014498966411599 0.9234505654038004 0.3831882470103096
vn -0.004470217107379881 0.9999900085295917 0
vn -0.014634254810766526 0.9998853010367333 -0.003901712036365924
vn -0.05308198405755694 0.8802563698440529 0.47151991083885664
vn 0.48509773101034603 0.7938634764670267 0.3666892036865837
vn 0.3891096869447663 0.9207197436611722 0.029475500983890908
vn 0.20944163796960447 0.6943732016084296 0.6884620956687945
vn 0.1799307411962377 0.6207007072133087 0.7631222447534021
vn 0.38228143830932204 0.5828697872149349 0.7170242067574655
vn 0.2960127680655841 0.6832198389441068 0.6675231028326583
vn 0.31233979592054145 0.5487410066956869 0.7754528737808114
vn 0.23304189747381662 0.5824712139217705 0.7787289380614428
vn -0.20666624189724978 0.5871320327146681 0.7826653439500241
vn -0.1792194827032111 0.5687465152567986 0.802750134477
vn -0.17388768770164623 0.8484822332962524 0.49984094654837846
vn -0.2539509662740148 0.8051308361501698 0.5359787714160166
vn -0.3857734597682787 0.7681133969752744 0.511058359803963
vn -0.30698467249820166 0.8258670684013746 0.47297356816347685
vn 0 0.9999999999999992 -4.371134567099687e-8
vn 0 0.9999999999999992 -4.3711408695652156e-8
vn 0 0.9999999999999991 -4.371140869565215e-8
vn -2.0276849995030806e-14 0.9999999999999992 -4.371134567102508e-8
vn 0 0.9999999999999992 -4.371137391304346e-8
vn 0 0.9999999999999991 -4.371138086956517e-8
vn -7.927356237735641e-15 0.9999999999999992 -4.371138148237876e-8
vn -7.691821516722171e-15 0.9999999999999992 -4.3711373913043466e-8
vn 0 0.9999999999999992 -4.371141390230644e-8
vn 0 0.9999999999999991 -4.371138086956517e-8
vn 0.2516441165257625 0.9630851950030939 0.09561456888895675
vn 0 0.9999999999999992 -4.371141390230644e-8
vn 0 0.9999999999999992 -4.3711394782608687e-8
vn -6.97778079977913e-8 0.9131401667893133 0.40764572338733074
vn 0.2622540739809694 0.8451079298128208 0.46584910394662427
vn 0.23027325014071545 0.9691846647655281 0.08749466185409639
vn 0.38399033444967173 0.8431363609744982 0.3763940752082982
vn 0.3093504091455558 0.9509481186486871 0
vn 0.18369832607308276 0.9829826676996637 0
vn 0.02042177055158376 0.9129499040977523 0.40756033160189087
vn 0.019701543905897533 0.8513355491157982 0.5242514968785749
vn 0.082001489834293 0.834088212550277 0.5455021625526707
vn 0.12248535771084507 0.830613881111223 0.5432107488367637
vn 0.07857835781947303 0.8488679292657485 0.5227319392829131
vn 0.1542783656868649 0.9880274216239573 -3.2424054303121984e-7
vn 0.03228673314492731 0.7640567403222017 0.6443406431624812
vn 0 0.7644456333545102 0.644688198779241
vn -7.203846320515424e-14 0.999999999999937 -3.5527428336558255e-7
vn -3.0415273916604955e-7 0.9999999999998908 -3.552747040987734e-7
vn -1.3072252518358846e-7 0.764445633315441 0.6446881988255544
vn -0.21359678987628142 0.7467398543688062 0.6298857049114562
vn 1.7802162359587537e-8 0.9999999999999368 -3.552747040987898e-7
vn -2.942713762956545e-7 0.9999999999999223 -2.629369352868235e-7
vn 0 1 0
vn -0.0038461529281858557 0.9999926035264727 -3.1022215791989977e-9
vn -0.002092675434976733 0.9999978103523302 -2.6293635954759624e-7
vn -0.1571922989543977 0.9232600401482457 0.3505445469764022
vn -0.006600477178274467 0.9999309121577046 -0.009726490244698809
vn 0.12509306206261872 0.9918832297846781 0.022790004293839334
vn -0.07143927933043936 0.9228276378529433 0.37853081801024385
vn -0.20405346066342098 0.9621419278979889 0.18067953888590463
vn -0.14382514464229354 0.8534400986869076 0.5009534167184658
vn 0.11612153386570295 0.8311135178961555 0.5438438284498163
vn 0.006717430732865134 0.9719774325061282 0.23497818371743381
vn 0.33873413346277953 0.6281631379310516 0.700478592800547
vn 0.32368140589856437 0.6359171604734337 0.7005995378894665
vn 0.03218828912569869 0.6720490261312497 0.7398067453863877
vn -0.06087575593458658 0.6663137285056634 0.7431824523925965
vn 0.2781502243256284 0.9327466334776167 0.2293821493573015
vn -0.04694264857245451 0.758899954731225 0.6495130841283705
vn -0.24756717880089002 0.7457846143207207 0.6184786180807401
vn -0.05121078787640731 0.9697933986524689 0.2384915493999128
vn 0 0.9999999999999991 -4.3711392616752826e-8
vn 0 0.9999999999999992 -4.3711394782608634e-8
vn 3.031268946235858e-16 0.9999999999999992 -4.3711394782608634e-8
vn 3.0312612786792775e-16 0.9999999999999991 -4.3711392616752826e-8
vn 8.831991916060753e-15 0.9999999999999991 -4.371140432097693e-8
vn 0 0.9999999999999992 -4.371139478260864e-8
vn 2.268159083750613e-14 0.9999999999999991 -4.3711394782608634e-8
vn 6.950612824434046e-15 0.9999999999999992 -4.3711404320976925e-8
vn 0 0.9999999999999992 -4.3711394782608634e-8
vn 0 0.9999999999999992 -4.371137391304346e-8
vn -2.1257836821617935e-14 0.9999999999999991 -4.3711376605431676e-8
vn -2.027686027205933e-14 0.9999999999999991 -4.371139478260864e-8
vn 1.8814003022285795e-15 0.9999999999999991 -4.371142519055533e-8
vn 0 0.9999999999999992 -4.3711373913043406e-8
vn 0.14339139299307774 0.9894994113806901 0.018161037766949734
vn 1.881400779089596e-15 0.9999999999999992 -4.371142519055533e-8
vn 0 0.9999999999999991 -4.371142260869562e-8
vn 0 0.913140147193497 0.4076457672826235
vn -2.066443330031735e-7 0.9131401471934776 0.4076457672826148
vn 2.21582523182272e-14 0.9999999999999991 -4.371142260868945e-8
vn -1.3326266557921636e-14 0.9999999999999991 -4.3711373913049024e-8
vn 0 0.913140147193497 0.4076457672826234
vn 0.3839898655680125 0.843136324967836 0.3763946342082892
vn 0.30935052253974205 0.9509480817607137 8.755297084846778e-8
vn 0.3839900784875403 0.8431362922224784 0.37639449034286376
vn 0.3093504472186948 0.9509481062632125 6.098800329396436e-8
vn 3.041528825078436e-7 0.9999999999999539 5.996331075979811e-14
vn 0 0.9131401850750178 0.40764568242673965
vn 0 0.9131403258201971 0.40764536715260785
vn 0 1 0
vn 3.0415280918412056e-7 0.9999999999999539 1.7172603341402562e-13
vn 0 0.913140325820197 0.40764536715260785
vn 0 0.9131401850750179 0.4076456824267398
vn 0 1 0
vn -0.15604048932136722 0.9877506596769998 0
vn -0.28475358784995497 0.8753369136662119 0.39076934600847185
vn 0 0.9999999999999992 -4.3711422608695626e-8
vn -0.28475364937017394 0.8753368115080348 0.39076953001649894
vn 0.3839900668768188 0.8431362882942954 0.3763945109871492
vn 0.30935056035566044 0.9509480694589149 -4.1567292943041906e-8
vn -0.00884333195600499 0.9488739047363111 0.3155314697306473
vn -0.16976574197940106 0.9833556132674873 0.06474048737465193
vn -0.365016195851908 0.9299404518654761 0.04442896296376851
vn -0.529201242272232 0.805147522451476 0.26773776772763397
vn 0 0.9999999999999992 -4.37113782877368e-8
vn -0.1538777602792766 0.9658093861617976 0.20864770426056828
vn 0.20746437732321535 0.9561841151730252 0.20656831807581152
vn 0.15367526559152897 0.9881214058734743 -4.319214856634578e-8
vn 0.4294925719265008 0.8693678417520792 0.2444088508775642
vn 0.4200106923864696 0.9044854010543267 0.07414295354672737
vn 0.09325769567271583 0.9923136010115051 0.08134322003335322
vn 0.13502584733121864 0.9448442218774664 0.2983913821430696
vn 0.19419172355462774 0.3175001152640725 -0.9281612205377814
vn 0.039225829586125825 0.2453977093365407 -0.9686285658319493
vn 0.03879036303592773 0.2845526247227196 -0.9578753110394653
vn 0.1973361807185841 0.2673015109500122 -0.9431905078101893
vn 0.12493962003384342 0.2706087969003702 -0.9545475212821691
vn 0.12654796207523353 0.34659327608533047 -0.9294400003588414
vn 0.11747567658733739 0.4916928274213535 -0.862807990733015
vn 0.11917316079400028 0.39598387750987957 -0.9104913654168326
vn 0.041104615345608185 0.4219699342975864 -0.9056775282329691
vn -0.04061031974933228 0.4446375076937226 -0.8947895220004377
vn -0.039684022595907795 0.48361653860642084 -0.8743799070981398
vn 0.038728048318545594 0.519957896038952 -0.8533134972682566
vn -0.12248725729422155 0.4191466261196905 -0.8996182399290377
vn 0.057397053897607096 0.34882644526635487 -0.9354280780940424
vn 0.05997205889877129 0.20274102327671187 -0.9773942038052784
vn -0.1262298563888042 0.3529027283555438 -0.9271060822124269
vn 0.8004085817730208 0.44711264133069095 -0.39929486371151185
vn 0.877358998691682 0.32174191115625683 -0.355982204639851
vn 0.8792217985351602 0.3144970728280959 -0.35785558562520353
vn 0.8676060863115208 0.24480382821851832 -0.43281724166761676
vn 0.2962186720389583 0.23068485813993864 -0.9268435653120934
vn 5.069215061189736e-7 0 -0.9999999999998717
vn 0.025652299481117188 0.16648210084006107 -0.9857107433883487
vn 0.28377801197061514 0.17822477675588894 -0.9421814946560556
vn 0 0 -1
vn -0.23603655221658432 0 -0.9717441772491913
vn -0.3045494849253692 0.267778216774669 -0.9140811987196056
vn -0.02862674698122214 0.1857895423483036 -0.9821724671926418
vn -0.888479388984979 0.27456743435244907 -0.36771877752161664
vn -0.8421515412816758 0.3226251141790811 -0.4320807994088983
vn -0.8376825603750078 0.33700189840097594 -0.429787911088376
vn -0.892979590329553 0.25196332048757025 -0.3729637199296225
vn -0.005355969598283117 0.40701595666385987 -0.91340534518398
vn 0.16226263448941267 0.3749632098208983 -0.9127285624594885
vn 0.14963561663143354 0.5187945485020179 -0.8417014902445631
vn -0.005328180362273145 0.41748938658543155 -0.9086661777476629
vn 0.05223977222327414 0.4692074541017861 -0.881541474471497
vn -0.24361125504487285 0.482022683087647 -0.8416101766283769
vn -0.2313409698661068 0.5560211470580407 -0.7983243950210154
vn 0.049201698462269294 0.5551789787104638 -0.8302743489151249
vn -0.8656523133980341 0.3759672747470179 -0.3305974601050835
vn -0.9989216761121283 -0.0064202827350662035 0.04598113703398405
vn -0.9860627562851948 0.1597333073658035 0.0465350532956215
vn -0.8756191501622169 0.3482380530772244 -0.33469592506957924
vn -0.9887427984863986 0.05407275518238438 0.13951277930093373
vn -0.9740899827478035 0.17514473828462934 0.14308398289673357
vn -0.9805283463608538 0.13349008515558525 0.14402971619774846
vn -0.9868000947127987 0.08258010834345747 0.13930577439860334
vn -0.9595350502157528 0.2770862420405925 0.05015677301496694
vn -0.9488159236569476 0.3116305376663094 -0.051329825723654667
vn -0.9896829884121993 0.13289462091036008 -0.05354065913481393
vn -0.9871049093465288 0.15153070416030123 0.05159790345221988
vn -0.9496164940447316 0.27290545540828004 -0.15411400535509912
vn -0.960990464209847 0.15781328666302072 -0.22713937186308777
vn -0.9731605476014773 -0.0071581848910893895 -0.230015888540461
vn -0.9842745038419993 0.07541389062146563 -0.15973868093833682
vn -0.963779969430997 -0.014609276925179632 -0.2662982154489779
vn -0.9536065567239574 -0.21442042079935114 -0.2113253844603319
vn -0.9735083052409887 -0.0746421875237532 -0.21612524949317435
vn -0.9588725881055868 -0.10182805689156102 -0.2649422703333368
vn -0.9287850346869231 -0.3647241236108062 -0.06583823355726338
vn -0.913261871380731 -0.40735965727195234 0.003296044514703683
vn -0.9984860747912151 0.055003238031634386 -0.00044972665861361174
vn -0.9959259040454469 0.05127147825386373 -0.07418105667165271
vn -0.9141830354886326 -0.40530011082167045 0.001094437175774948
vn -0.830329556010088 -0.3673814350366914 0.41902709889274686
vn -0.8159994794792313 0.3072292733708492 0.48964785619222667
vn -0.9984131542343444 0.05631296767868696 -0.00015206264113972902
vn -0.21286082896358743 -0.08815972472230267 0.9730971844732788
vn 0.20804618849144155 0.062277060122024046 0.9761343919956625
vn 0.26966887110110294 0.5061669135191303 0.8191909152435556
vn -0.1310809867727525 0.2809468848434847 0.950729521369471
vn 0.7534341988614508 0.5537438055498144 0.35454859441438075
vn 0.7621893983137499 0.5445336376370168 0.35007204769864453
vn 0.7935919529702997 0.4873463604248375 0.364287437556458
vn 0.7490474266703168 0.5617887151200489 0.3511714569300031
vn 0.18992565923682522 0.5755252625300532 0.7954237337125231
vn -0.21356954501057596 0.4468210587637371 0.8687571530003243
vn -0.22237178843990824 0.3573919339776273 0.9070952503644631
vn 0.23603417037872818 0.0004105785232156219 0.9717446690560756
vn -0.6799101251788109 0.6648820640156603 0.30927990983833586
vn -0.7834436392638898 0.5463613523031673 0.2961508683195216
vn -0.80507351844464 0.505279379904488 0.3107239581083249
vn -0.8231199727771294 0.4260742020869477 0.37541215314817467
vn -0.3128104306187888 0.4303060639467756 0.8467504507390129
vn 0.23603655221658398 0 0.9717441772491914
vn 0.12881829454925428 0.37731319446144757 0.9170826572750789
vn -0.2954733121089234 0.30276305713677437 0.9061070869740383
vn 0.8484006765932849 0.31670960311920493 0.42415954456799904
vn 0.8684475917709227 0.29662325930602457 0.39725737549598206
vn 0.8621584899755593 0.31803575501153725 0.39438052271544155
vn 0.8380890200767873 0.3449191503006403 0.42265538466061775
vn 0.22356791712050827 0.3207172481880453 0.9204117736910395
vn -0.22942175934747333 0.23508193531454522 0.9445115880849098
vn -0.2272184017955716 0.2707818339391742 0.9354405359476378
vn 0.23037009607450692 0.21780049866151444 0.9484158168321626
vn -0.8339403725369557 0.3987731918616345 0.3814752895082561
vn -0.8684467526039931 0.29662507779617797 0.3972578521741144
vn -0.8339412579637244 0.3987727318652741 0.38147383473390045
vn -0.868446381418035 0.2966237686369977 0.39725964114355483
vn -0.22942176328973135 0.23508186625846253 0.9445116043148802
vn 0 0 1
vn 0 0.24152407195344086 0.9703948282359245
vn -0.22942175987432514 0.23508192608574424 0.9445115902539177
vn -0.0000010138432178131297 0 0.9999999999994862
vn 0 0 1
vn 0 0.24152407195344083 0.9703948282359244
vn -9.838282152079582e-7 0.2415240719533239 0.9703948282354548
vn 0 0 1
vn 0.23603650354273203 9.3539468819558e-9 0.9717441890720634
vn 0.22356786984347163 0.3207172628819772 0.9204117800545283
vn 0 0.24152407195344083 0.9703948282359244
vn 0.868446628086898 0.29662422407857 0.39725876183450465
vn 0.8684466828097221 0.29662421191246885 0.39725865128917787
vn 0.8606317191706366 0.32299552401288123 0.3936838013241576
vn 0.8684466152499789 0.29662426952633775 0.39725875596243565
vn 0.22356785028310713 0.32071719179043373 0.9204118095775654
vn 0 0.24152408140433113 0.970394825883668
vn 0 0.22579219470412645 0.9741754897402696
vn 0.23248983988232744 0.17270155269075213 0.9571429611346954
vn -4.919138321138216e-7 0.2415240814043019 0.9703948258835506
vn 0.22942175934747333 0.23508193531454522 0.9445115880849098
vn 0.2235679278082187 0.3207171144627953 0.9204118176915145
vn -4.919138372808858e-7 0.24152404045076992 0.9703948360765803
vn 0.8483237899920502 0.36022322638394577 0.38805408708975736
vn 0.7878755781836415 0.368450643040551 0.49345333816359693
vn 0.7841407619014359 0.3793812315775185 0.4911141890144909
vn 0.8684466403358498 0.29662385707213834 0.3972590090923339
vn 0.16385044090463186 0.3466155447246561 0.9235857822479664
vn 0.16780655019352902 0.2777424007875938 0.9458858919113289
vn 0.16307949554117965 0.3583319622366771 0.9192406012430299
vn 0.17042461880055626 0.21936444563102614 0.960642852104609
vn 0.6642359127044373 0.6210642724163177 0.4160166124107225
vn 0.745591748001153 0.6307158442235034 0.21515219998414756
vn 0.7042034635805509 0.6802967047081072 0.2032089452864859
vn 0.634928397198669 0.6623681810387919 0.3976610657055722
vn 0.31939398884552855 0.45818314733856197 0.8294912195944404
vn -1.893301883146705e-7 0.24152402026319866 0.9703948411012222
vn -1.901402148790347e-7 0.22418519943388646 0.9745465593570953
vn 0.34522463888863447 0.27743904802566605 0.8965754420765853
vn -1.370614163811109e-7 0.24152407053244232 0.9703948285895907
vn 0.18753314791397457 0.2643238461408801 0.9460254873917341
vn 0.1802507065266344 0.3751051021779037 0.9092886478543287
vn -1.3706141460020731e-7 0.241524121192032 0.9703948159807935
vn 0.7360543441736024 0.5366709184085637 0.4125631197255483
vn 0.80392098380972 0.5220674248774932 0.28488007243785085
vn 0.7567652994450544 0.5961469906066033 0.2681698102817084
vn 0.7143774475715813 0.5738764903758321 0.4004130819479183
vn 0.274934901231778 0.3944058414766521 0.8768436760870015
vn 0.36156754146278597 0.3029430361405777 0.8817564458593344
vn 0.35847391784752136 0.32749016638561956 0.8742120115531288
vn 0.2860479968854227 0.2931041266313805 0.9122864212677361
vn 0.9415854543790847 0.2198222114952234 0.2551372717481359
vn 0.9412176668506754 0.07565853744387427 -0.32921890790175595
vn 0.8244247544274498 0.4869992144500401 -0.28836710875597993
vn 0.9319285799340603 0.260273842442419 0.2525205909274423
vn 0.2675864726042776 0.46777439167473744 -0.8423684456177888
vn -0.048960077114265504 0.4848960058648159 -0.8732003059695488
vn -0.04693664075591375 0.5450135165649878 -0.8371124288385738
vn 0.25090435801606714 0.5596245347092832 -0.7898527605066424
vn -0.147780006654852 0.45421623924291293 -0.878549189084548
vn -0.15702261198624543 0.36844266977336215 -0.9162935656301938
vn -0.16069497997538965 0.30798046256413747 -0.937723391032499
vn -0.15000433496601812 0.4268957889365058 -0.8917727764849526
vn -0.05663049752668515 0.2939079647643397 -0.9541546494137959
vn 0.30649988846818454 0.27547324652956945 -0.9111379197549895
vn 0.30543417888363655 0.2868809623029651 -0.9079698650493878
vn -0.05629282062823551 0.3118410979935836 -0.9484652065035772
vn 0.8653367898335318 0.36362670803111713 -0.3449171746478435
vn 0.8801837348562747 0.29303067351620604 -0.3733759730795462
vn 0.9129700697273674 0.1284396581740861 -0.38728401205075597
vn 0.9283332105501456 0.03574086509220204 -0.370027081106397
vn 0.2566145130585916 0.5084142443168237 -0.821987802746157
vn -0.05230349204084503 0.49079536294231274 -0.8697035451432038
vn -0.0570895865288627 0.3091849069019458 -0.9492868230698236
vn 0.27899163723044307 0.3514603060022873 -0.8936662238555597
vn -0.17233546236147115 0.45222735021042343 -0.8750948017982492
vn 0.013260644706705368 0.3785051874337367 -0.9255041752405628
vn 0.014222664259226452 0.12020920405269614 -0.992646696001345
vn -0.19107278753927906 0.14874486633065923 -0.9702402561233191
vn 0.7663567968144137 0.5518577804309959 -0.3288620533812415
vn 0.7794279001231823 0.47027073645782913 -0.4139294419837488
vn 0.7254893706865576 0.5702816011418628 -0.38528439939854303
vn 0.7820684817803081 0.525108217196222 -0.33560430575135536
vn 0.00581851021563301 0.11387279673361363 -0.9934782992612047
vn -0.23139705221000434 0.1972947503216837 -0.952643787427402
vn -0.2271718399150278 0.27148145339178614 -0.9352490447008778
vn 0.010370549435841672 0.2029597653280075 -0.9791321592933199
vn -0.8690876807945195 0.2943456754435817 -0.39755153934913295
vn -0.8806469047541614 0.2503959318986708 -0.4021975962577491
vn -0.8866182342190855 0.2233480442205726 -0.4049984665317588
vn -0.8804196726325164 0.25033090736908165 -0.40273519446085765
vn -0.22857011625785592 0.27211170206714264 -0.9347250523827813
vn -0.009169574767504293 0.20388653302001558 -0.9789515823326819
vn 0.006147621384691805 0.0034256407770227476 -0.9999752355616499
vn -0.2360329053271718 -0.0006733458753232673 -0.9717448297820507
vn -0.03233013805414351 0.22021490442417666 -0.9749154619980395
vn 0.20239583813289852 0.3261848619703049 -0.9233847305039731
vn 0.2305365390679213 0.25831948511756364 -0.9381492140183149
vn 0.01705047777922062 0.01896383197821 -0.9996747742562092
vn 0.6610517265702139 0.6817633810227274 -0.31338364203480457
vn 0.6753406771538939 0.6847925423916649 -0.27381406769207495
vn 0.6821218632513 0.6761980116409342 -0.2783271685039421
vn 0.6759420129902574 0.6653835565394491 -0.3168076983938247
vn 0.35354568333765574 0.5605864050302799 -0.7488313109696583
vn 0.1474937773308173 0.39929671103968684 -0.9048799490548878
vn 0.13849022339513656 0.32593447901766287 -0.935193655566295
vn 0.35394790276027455 0.4763671260987536 -0.8048572813263339
vn 0.05383849982272753 0.3846507646912553 -0.9214907515321415
vn -0.038066517777225785 0.40443684545818015 -0.9137733735780181
vn -0.040985889231119454 0.17422880614180222 -0.9838518587644873
vn 0.04592854202783712 0.22035155668440987 -0.9743386272205133
vn -0.11375414571752435 0.3982007635687252 -0.9102176367360504
vn -0.0912941854172932 0.3177258786714844 -0.9437773242303644
vn -0.09917621388064926 -0.02227574050877488 -0.9948205214937443
vn -0.12373174693788777 0.0669499120375138 -0.9900546268150399
vn 0.03971562160736986 0.24503803744479732 -0.9686996591335947
vn 0.07991788059620997 0.2524305100191018 -0.9643090635125785
vn 0.07722117725153818 0.04557105627556573 -0.9959719718013232
vn 0.0344827513404954 -0.009625212006987805 -0.999358942099289
vn 0.026751663016383417 0.28592448695280676 -0.9578786646995706
vn -0.2688215603530406 0.2853669078250327 -0.9199460291820036
vn -0.27947689875382087 0.08468959743818401 -0.9564101291541747
vn 0.026078910100483403 0.08694667870696564 -0.9958715607495773
vn -0.9703875533612983 0.12740561252914753 -0.2052213589701288
vn -0.9866656946096282 -0.0740659089372644 0.14493118440762556
vn -0.9631759313147037 -0.22863795670438006 0.1414807763977118
vn -0.9715328095568067 -0.11793525574951055 -0.2054635622341722
vn -0.9915047103093368 -0.1192999869670366 0.05182588681405269
vn -0.9893480350007234 -0.13537365164413911 -0.05352046413044826
vn -0.9720775815019794 -0.22869164437366696 -0.052586189583680255
vn -0.9644825023828394 -0.2592913185790915 0.05041343776070676
vn -0.9802493057656333 -0.11748672182526182 -0.15908541335002277
vn -0.9708714437311031 -0.06678904687381215 -0.23010402639930302
vn -0.9653822769861428 0.128532036404929 -0.22697263028535491
vn -0.9785145054928511 -0.1314940797393512 -0.1588038712802126
vn -0.9639078595875914 0.005427497215914166 -0.26618072901553136
vn -0.9629839564492454 0.09104924521457745 0.25371624813403976
vn -0.8247763795256524 0.5149003482878791 0.23371254803620986
vn -0.8840108959882162 0.4053521629315732 -0.23283977276403298
vn -0.20103333054322445 0.21826329444429154 0.9549590223192947
vn -0.15538223262532763 0.21506124259789774 0.964160268688052
vn -0.15968390043695474 0.1944445551939858 0.9678286867502193
vn -0.20027971357196656 0.2318156805862816 0.9519188655373158
vn -0.6026379702775079 0.4060184007259012 0.6870054840041578
vn -0.6979498902658383 0.3522161978804183 0.623546069371435
vn -0.6978638185377999 0.3523111746313359 0.6235887482994935
vn -0.7321247776872449 0.25772872772070593 0.6305308975806567
vn -0.17898025111459828 0.2535675025853352 0.9506153750826837
vn 0.23592510842526837 0.0009046861889953746 0.9717708190501632
vn 0.18708763483192575 0.3048948771590547 0.9338293906143461
vn -0.18746607391869313 0.22006046603448756 0.9573034327830415
vn 0.7670419368594443 0.35541027549880266 0.5341630866774467
vn 0.6855703143377356 0.4120991276831099 0.6001396946225755
vn 0.7140226149667337 0.36973336730389583 0.5945325410927396
vn 0.7938654826542687 0.3101153889144255 0.5230736477863894
vn 0.14084167518913387 0.3806059212939858 0.9139489893893833
vn 0.15928684344996932 0.33883891981264597 0.9272625776574532
vn 0.15260874832615062 0.3868736653036366 0.9094170314156511
vn 0.15187738041472115 0.31531098351752407 0.9367562356299391
vn 0.5656715594728957 0.6290196582612076 0.5332447433631726
vn 0.729714188184799 0.5269391339692084 0.4357204983169606
vn 0.7637104790528337 0.480224935536836 0.4314282274881106
vn 0.6289509533862353 0.5552291616547443 0.544188640346999
vn 0.244408891383973 0.3475328509647536 0.9052542246865063
vn -0.0029574181451880437 0.20550530155317703 0.9786515338522963
vn -0.0014338333185548566 0.09962538037997261 0.995023983482891
vn 0.26502145582615627 0.2511132065468233 0.9309703461708958
vn -0.000918930059655153 0.21951469556081044 0.9756087607234727
vn -0.2870203449749861 0.24809200499264175 0.9252403356043074
vn -0.29247835279175305 0.15626810535950464 0.9434175599359882
vn -0.000003457331833962871 0.0007745460594908981 0.9999997000331794
vn -0.8741660830944236 0.3726730908176028 0.31136542285200547
vn -0.9000660129817039 0.2945458339914004 0.3211291390601765
vn -0.8566454301373922 0.41622703790505616 0.3048174206660527
vn -0.8950992675864319 0.3112544321804859 0.3192459547343348
vn -0.2688313211951701 0.42274393349211536 0.8654578484479031
vn -2.786654946629521e-7 0.4007166538265513 0.9162020319481803
vn -2.8345146318089445e-7 0.3626191057692371 0.9319374357386008
vn -0.26237376686954406 0.4671734334747095 0.8443393805302092
vn 2.786655326220258e-7 0.40071638716621705 0.9162021485765992
vn 0.04586010664958718 0.40032274407204227 0.9152259563608971
vn 0.04861061034609334 0.2377162820803421 0.9701175072101729
vn 2.9386203773360114e-7 0.2579228182296287 0.9661655240363317
vn 0.1378138100115913 0.37485305715204537 0.9167838018387185
vn 0.32228158264020834 0.29115884484567467 0.900755854024305
vn 0.33586488637255857 0.07745311165052002 0.9387202957205093
vn 0.14719583594354094 0.1396717641785177 0.9791961928909564
vn 0.8103784828596581 0.3033513485511208 0.5012630784830412
vn 0.7684076816814732 0.3393677312390975 0.542567210331155
vn 0.7628912848973213 0.3575321422136188 0.5386721217139933
vn 0.8462126649295364 0.09973262557660066 0.5234286284761752
vn 0.1395416860344219 0.4406493465974697 0.8867673151407275
vn 0.2501248142749452 0.43418099682143785 0.8654042057230061
vn 0.23137047127017213 0.6331805203075749 0.7386136566075985
vn 0.1285529942028723 0.562218898193291 0.8169357613642569
vn 0.8809699265588927 0.37947421152057337 0.2826505108604236
vn 0.8656086496222064 0.4280507815775174 0.2597964474162357
vn 0.8373700737576828 0.49937335686574713 0.22234569936854648
vn 0.8718406949102231 0.4079474834937324 0.2710583948332733
vn 0.30518560746907153 0.7162458602697769 0.6275775749978175
vn 0.2989180300636282 0.7032072979420741 0.6450949600050268
vn 0.2789980667535223 0.8044843328178669 0.5243710871113976
vn 0.3040766388519143 0.7363258841052912 0.6044514786987322
vn 0.6339875476475487 0.7482620964554593 0.1953551239049754
vn 0.7052150504213068 0.7088444864544208 -0.014533639683241097
vn 0.7585058502075102 0.6514787171674042 -0.01563189940141035
vn 0.6815078492060319 0.6991671448751448 0.21613041201484562
vn 0.9033417466295094 0.42416275070013354 -0.06371538052027882
vn 0.871491188127116 0.10635970745659598 -0.47873867782594653
vn 0.7142401626362517 0.6043213024221086 -0.3530676330622609
vn 0.7956144438152045 0.6031985851361003 -0.05611705340117155
vn 0.25275609097194385 0.16495523916404414 -0.9533646351469702
vn 0.028879087100964207 0.16440707005477864 -0.9859697326207423
vn 0.05269320466392585 0.2999807658711783 -0.952488827383076
vn 0.2703158253228022 0.3641145309314136 -0.8912631277825023
vn 0.023715781266853753 0.12173868190537618 -0.9922788192070031
vn 0.00910348167949586 0.059383124950028746 -0.9981937542844477
vn 0.03246000702750828 0.21175169984923065 -0.9767842983764304
vn 0.04742182484422822 0.24342737796087993 -0.9687591456020089
vn 0.24244820760016592 0.3489090015261823 -0.9052521059271111
vn 0.02097341749432706 0.3125590897921397 -0.9496667474155963
vn 0.0196706822865301 0.29314480995119474 -0.955865672914903
vn 0.24295273675213655 0.3280670840344176 -0.9128778429109788
vn 0.02672145861517535 0.1327396047225877 -0.9907906746571492
vn -0.00014177896514543795 -0.0010595581423542136 -0.9999994286174709
vn 0.024606268414223642 0.18389026908539888 -0.9826387436339089
vn 0.04659980842338476 0.23148701449843306 -0.971721266605556
vn -0.00004379803435286243 0.000324254869857735 -0.9999999464702544
vn -0.0008053098303737198 0.0035225180829674668 -0.9999934716499065
vn -0.03336407939469024 0.1458755891219357 -0.9887401836197784
vn -0.020687483177845994 0.15280497682020142 -0.9880398104827275
vn -0.011394724509094522 0.07794661100386041 -0.9968924144993655
vn 0.2125969040791356 0.19185742758514246 -0.9581196605103034
vn 0.19659514832870165 0.29266608964296764 -0.9357867853452038
vn -0.026206875867270184 0.17926906763016603 -0.9834509652485419
vn 0.8180512504015641 0.4187092632196271 -0.39430280827114905
vn 0.863374963131026 0.3794216015322151 -0.3326002425273149
vn 0.8526264154802545 0.411145167710796 -0.3224714664793674
vn 0.8481682466873024 0.342150955614494 -0.40440493182387893
vn 0.3049063199519554 0.22270059708840612 -0.9259787147174732
vn 0.06555793595386904 0.08239261363925689 -0.9944413578744404
vn 0.06860035429118304 0.09388524925447422 -0.9932167695742704
vn 0.3088374461279502 0.23692247187155344 -0.9211336353599506
vn 0.13248457066288205 0.03215714676525218 -0.9906632911580957
vn 0.12822884495761602 -0.0712203878954003 -0.9891840170912914
vn 0.12705910209677243 -0.1127076530193666 -0.9854709379404489
vn 0.12320977877364278 -0.07003333179323114 -0.9899064010564279
vn 0.034724112558772766 -0.16670536681114803 -0.9853951271867374
vn -0.051888269904934475 -0.18365690954797897 -0.9816199605863556
vn -0.048826018521159455 -0.11216261538252038 -0.9924895806132799
vn 0.03698279659805411 -0.12625384957799055 -0.991308346692655
vn -0.1306983888069094 -0.1425801787797555 -0.9811161112643147
vn -0.36423684900648157 -0.05817108803543682 -0.9294878387276528
vn -0.3647519536254927 -0.02372864283065543 -0.9308023226420321
vn -0.13050984807229798 -0.06733982132166914 -0.9891574839329234
vn -0.830035657591026 -0.023561791056220326 -0.5572123913999545
vn -0.9714493609579079 -0.13534697005594618 -0.1948520895221488
vn -0.9720838634348732 -0.13052207745709027 -0.19497935722998047
vn -0.8286213174497251 -0.06291475473078705 -0.5562629287531635
vn -0.9676550002995026 -0.24384024630049783 -0.06469725403355621
vn -0.9588180439553141 -0.2766917533037828 0.06410641340290417
vn -0.9970913336492799 -0.03694052320008635 0.06666535912454395
vn -0.9862317342619078 -0.15165413341981274 -0.0659392914083515
vn -0.9518278152192523 -0.23994729648941426 0.1909164871936582
vn -0.8043218739881962 -0.11463277544580995 0.5830314312433821
vn -0.7861146583441379 0.23940241854206232 0.5698335072042454
vn -0.9685145058772829 0.1556963416706988 0.1942634836906923
vn -0.21997495691254157 0.1464536326732544 0.9644492479172416
vn -0.20954631039382612 0.17959473454220137 0.9611639168867352
vn -0.20933536789056453 0.18083738355093698 0.9609768698884346
vn -0.21909555945072173 0.17104668581123825 0.9605936534778724
vn -0.77327004476627 0.33580460100126425 0.5378556570433676
vn -0.7882927603061589 0.28129127877407645 0.5472382849678391
vn -0.7073015664553249 0.3954634594761556 0.5859463681165664
vn -0.802236583265533 0.2862248148570681 0.5239196692532937
vn -0.132774336755812 0.25876051984498827 0.9567726840104737
vn 0.23737904358544315 0.22355039250087533 0.9453445994340716
vn 0.23690853564743117 0.2431877563208332 0.9406030304613255
vn -0.1519692246402237 0.21405092051703745 0.9649287839981032
vn 0.7921026374160351 0.24985813539879506 0.5569060279558828
vn 0.8102470919115875 0.22070076039232667 0.5429464286751178
vn 0.8093172469753799 0.2222249001156601 0.5437110331019382
vn 0.8093881773262624 0.22248663737446123 0.543498366689612
vn 0.23639996529363216 0.22550655077741635 0.9451253101920625
vn 0.27370690287380905 0.17839045420474806 0.9451250590095741
vn 0.294163825632034 0.29713427256158537 0.9083935643534823
vn 0.23682821031843215 0.20751221411712575 0.9491317504907192
vn 0.8777996076923223 0.30828001478142875 0.36664871637790725
vn 0.8553831817302174 0.30486261462464176 0.4187820418992642
vn 0.8623611557644959 0.2827548635410948 0.4199796711418061
vn 0.8863181189629015 0.27220133460077955 0.37462865005177953
vn 0.16703286610640042 0.3070239280231496 0.9369292018405219
vn -0.2693521571109428 0.207527666568741 0.9404156969490756
vn -0.27376744660841834 0.2415521691779835 0.9309693522038832
vn 0.18866161714340093 0.2216903306291734 0.9566923181056513
vn -0.8716142724293694 0.3219244597081919 0.3696663392020023
vn -0.8772593303550077 0.2284634732706822 0.4221617091662626
vn -0.8382666967140247 0.3528603180809551 0.4156904390336211
vn -0.8897810315222754 0.24524836674782266 0.38489343271960486
vn -0.2168938534235259 0.09555601561101355 0.9715071303020075
vn 0.00015019050235069893 0.0010036471918958517 0.9999994850674312
vn 0.033574552859430715 0.22413580144213127 0.9739794104149136
vn -0.19271022188509446 0.20274372563013401 0.960082159035679
vn 0.006378140867820063 0.1277423966025096 0.9917868719787118
vn -0.2451365941897114 0.2575328456811224 0.9346576290730485
vn -0.2450581150849649 0.2965793865765582 0.9230315204200108
vn 0.011545038223232126 0.23121997553617854 0.9728329944062717
vn -0.870249946027334 0.40463893231641795 0.2809490450121726
vn -0.8902973018474706 0.2752454793156795 0.3627818083082388
vn -0.843711835438981 0.43406621244595694 0.3158114341707843
vn -0.8952882345230513 0.3102023419186735 0.3197397131930418
vn -0.2031376371358451 0.1519978933578318 0.9672805905184116
vn 0.02008631797629575 0.09577844394675995 0.9951999947273374
vn 0.06314148533681868 0.30108233371189386 0.951505428863157
vn -0.17965706576133453 0.24676778828611717 0.9522756940016928
vn 0.006900410593812758 0.09871386752395765 0.9950919337890844
vn 0.23918299257025327 0.05808132705567769 0.9692358100651202
vn 0.23475432673600188 0.5007397296069603 0.8331567255155987
vn 0.02393682676509404 0.342421138943656 0.9392416046624784
vn 0.9105008872168235 0.011865246518430836 0.4133368484691805
vn 0.9999909180569749 -0.00417960315457753 0.0008334992733339575
vn 0.8343311000033412 0.5405925639155345 -0.10794116641228135
vn 0.8468239148238084 0.4614291420185048 0.2645229747650398
vn 0.9590466086809848 0.28262307670487535 -0.01880954256149166
vn 0.7821713120118009 0.6216879955031787 0.04137722698511711
vn 0.8385253191647615 0.5436598256116635 0.03618401768088872
vn 0.8216338296028698 0.5687573819469511 -0.037853540560594284
vn 0.8370786786304664 0.5364924842670278 0.10712189368782538
vn 0.8626304677763843 0.41927775776410986 -0.28297497753016404
vn 0.7984664864554565 0.5621109215487182 -0.2155981954542504
vn 0.8742791237833104 0.4760270451934999 0.09504875570480976
vn 0.9563238758195937 0.2917442657502625 0.01816391860889694
vn 0.9030523107985388 0.27281990533923706 -0.3317616964209538
vn 0.8923437592294835 0.3198442902331953 -0.3184685940079768
vn 0.9602244941613991 0.27868953659775253 0.01735116720614052
vn 0.4339201404552894 0.14257125095488402 -0.8895992075695782
vn 0.1505480310444301 0.06204080007392645 -0.9866540576487954
vn 0.22877425978162516 0.3124716666907612 -0.9219673506024317
vn 0.46944969091330185 0.2697986686652164 -0.8407292465995709
vn 0.058600673950895535 0.09582557647199488 -0.993671686175223
vn -0.04676012533955251 0.10505833935958224 -0.9933661137814377
vn -0.05169384542059717 0.31743747562307484 -0.9468691543268696
vn 0.09263158210687004 0.3236212855821482 -0.9416414676056574
vn -0.15058193984275836 0.09491893050400836 -0.9840302210934212
vn -0.3797676922734632 0.05819218573966129 -0.9232497871237929
vn -0.4287402715618336 0.31274878522705624 -0.8475670928487525
vn -0.18824295881164585 0.28330507517492165 -0.9403737676253889
vn -0.8318886257943771 0.03173297974020393 -0.5540345948320834
vn -0.9761535097698563 0.09374941316972547 -0.19579421057407
vn -0.7214211858996377 0.6772101213658646 -0.1446994265876387
vn -0.7326734410377012 0.5379560198999458 -0.4168848155682615
vn -0.9848133398140321 0.16064631889351208 -0.06584410338288499
vn -0.8756834896125184 0.1650766698230577 0.4537930355351126
vn -0.796168549518891 0.48466101558117 0.3622421023746606
vn -0.8621595340401909 0.5033468720017187 -0.05764429121506192
vn -0.2529603023770762 0.22384137971783313 0.9412258613889203
vn -0.2210101476924691 0.19801912728074975 0.954957035603133
vn -0.2190464821307405 0.17660473439624058 0.9595985652630898
vn -0.2501959315347152 0.21108347339364705 0.9449051609042836
vn -0.7288370121421403 0.35221259866841714 0.5871481031826282
vn -0.7894137066964209 0.2741031659350889 0.5492662870631861
vn -0.7326668718702629 0.35640561966060214 0.5798053890213387
vn -0.7953416149123346 0.232988474911001 0.5595963600196893
vn -0.19034598196626082 0.24376288203768015 0.9509721680943055
vn 0.1889643471454112 0.25006414719264297 0.9496106558988926
vn 0.18540995510608663 0.26605941128281096 0.945957471673755
vn -0.19238926447853782 0.23435267212997418 0.9529245489433821
vn 0.7774939373671343 0.29273736119590826 0.5566040017080428
vn 0.8575347097676337 0.20899600799952905 0.4700583901857312
vn 0.8586124751367472 0.20597139556719277 0.46942560832111846
vn 0.8189432972987598 0.2239756604516452 0.5283623560916171
vn 0.3342797551354549 0.21400441411229854 0.9178557381457242
vn 0.32644332794450337 0.1598733579470717 0.9315982304938354
vn 0.3668963382096803 0.23684886914531939 0.8996052968902035
vn 0.31171603642319445 0.1620410246624139 0.936256278463845
vn 0.8908200236531886 0.2287473461315988 0.39257398932721393
vn 0.9549049399377993 0.29186484051129874 0.05451119660860874
vn 0.9621559613989265 0.2678674691838141 0.050029240425634836
vn 0.8919179951049538 0.2228720883567742 0.3934594289624406
usemtl none
f 1/1/1 2/2/1 3/3/1
f 2/4/2 4/5/2 5/6/2
f 6/7/3 7/8/3 3/9/3
f 7/10/4 8/11/4 9/12/4
f 8/13/5 7/14/5 10/15/5
f 7/16/6 6/17/6 11/18/6
f 12/19/7 13/20/7 10/21/7
f 13/22/8 14/23/8 15/24/8
f 14/25/9 13/26/9 16/27/9
f 13/28/10 12/29/10 17/30/10
f 18/31/11 19/32/11 16/33/11
f 19/34/12 20/35/12 21/36/12
f 20/37/13 19/38/13 22/39/13
f 19/40/14 18/41/14 23/42/14
f 24/43/15 25/44/15 22/45/15
f 25/46/16 26/47/16 27/48/16
f 26/49/17 25/50/17 28/51/17
f 25/52/18 24/53/18 29/54/18
f 30/55/19 31/56/19 28/57/19
f 31/58/20 32/59/20 33/60/20
f 32/61/21 31/62/21 34/63/21
f 31/64/22 30/65/22 35/66/22
f 36/67/23 37/68/23 34/69/23
f 37/70/24 38/71/24 39/72/24
f 38/73/25 37/74/25 40/75/25
f 37/76/26 36/77/26 41/78/26
f 42/79/27 43/80/27 40/81/27
f 43/82/28 44/83/28 45/84/28
f 44/85/29 43/86/29 46/87/29
f 43/88/30 42/89/30 47/90/30
f 48/91/31 49/92/31 46/93/31
f 49/94/32 50/95/32 51/96/32
f 50/97/33 49/98/33 52/99/33
f 49/100/34 48/101/34 53/102/34
f 54/103/35 55/104/35 52/105/35
f 55/106/36 56/107/36 57/108/36
f 58/109/37 59/110/37 60/111/37
f 59/112/38 61/113/38 62/114/38
f 63/115/39 64/116/39 60/117/39
f 64/118/40 65/119/40 66/120/40
f 65/121/41 64/122/41 67/123/41
f 64/124/42 63/125/42 68/126/42
f 69/127/43 70/128/43 67/129/43
f 70/130/44 71/131/44 72/132/44
f 73/133/45 74/134/45 75/135/45
f 74/136/46 76/137/46 77/138/46
f 78/139/47 79/140/47 75/141/47
f 79/142/48 80/143/48 81/144/48
f 80/145/49 79/146/49 82/147/49
f 79/148/50 78/149/50 83/150/50
f 84/151/51 85/152/51 82/153/51
f 85/154/52 86/155/52 87/156/52
f 88/157/53 89/158/53 90/159/53
f 89/160/54 1/161/54 9/162/54
f 8/163/55 91/164/55 90/165/55
f 91/166/56 92/167/56 93/168/56
f 92/169/57 91/170/57 94/171/57
f 91/172/58 8/173/58 15/174/58
f 14/175/59 95/176/59 94/177/59
f 95/178/60 96/179/60 97/180/60
f 96/181/61 95/182/61 98/183/61
f 95/184/62 14/185/62 21/186/62
f 20/187/63 99/188/63 98/189/63
f 99/190/64 100/191/64 101/192/64
f 100/193/65 99/194/65 102/195/65
f 99/196/66 20/197/66 27/198/66
f 26/199/67 103/200/67 102/201/67
f 103/202/68 104/203/68 105/204/68
f 104/205/69 103/206/69 106/207/69
f 103/208/70 26/209/70 33/210/70
f 32/211/71 107/212/71 106/213/71
f 107/214/72 108/215/72 109/216/72
f 110/217/73 111/218/73 112/219/73
f 111/220/74 113/221/74 114/222/74
f 115/223/75 116/224/75 112/225/75
f 116/226/76 117/227/76 118/228/76
f 117/229/77 116/230/77 119/231/77
f 116/232/78 115/233/78 120/234/78
f 121/235/79 122/236/79 119/237/79
f 122/238/80 123/239/80 124/240/80
f 123/241/81 122/242/81 125/243/81
f 122/244/82 121/245/82 126/246/82
f 127/247/83 128/248/83 125/249/83
f 128/250/84 129/251/84 130/252/84
f 129/253/85 128/254/85 131/255/85
f 128/256/86 127/257/86 132/258/86
f 58/259/87 133/260/87 131/261/87
f 133/262/88 134/263/88 135/264/88
f 134/265/89 133/266/89 136/267/89
f 133/268/90 58/269/90 66/270/90
f 65/271/91 137/272/91 136/273/91
f 137/274/92 138/275/92 139/276/92
f 138/277/93 137/278/93 140/279/93
f 137/280/94 65/281/94 72/282/94
f 71/283/95 141/284/95 140/285/95
f 141/286/96 142/287/96 143/288/96
f 142/289/97 141/290/97 144/291/97
f 141/292/98 71/293/98 145/294/98
f 146/295/99 147/296/99 144/297/99
f 147/298/100 148/299/100 149/300/100
f 148/301/101 147/302/101 150/303/101
f 147/304/102 146/305/102 151/306/102
f 152/307/103 153/308/103 150/309/103
f 153/310/104 154/311/104 155/312/104
f 156/313/105 157/314/105 158/315/105
f 157/316/106 88/317/106 93/318/106
f 92/319/107 159/320/107 158/321/107
f 159/322/108 160/323/108 161/324/108
f 160/325/109 159/326/109 162/327/109
f 159/328/110 92/329/110 97/330/110
f 96/331/111 163/332/111 162/333/111
f 163/334/112 164/335/112 165/336/112
f 164/337/113 163/338/113 166/339/113
f 163/340/114 96/341/114 101/342/114
f 100/343/115 167/344/115 166/345/115
f 167/346/116 168/347/116 169/348/116
f 170/349/117 171/350/117 172/351/117
f 171/352/118 173/353/118 174/354/118
f 175/355/119 176/356/119 172/357/119
f 176/358/120 177/359/120 178/360/120
f 177/361/121 176/362/121 179/363/121
f 176/364/122 175/365/122 180/366/122
f 181/367/123 182/368/123 179/369/123
f 182/370/124 183/371/124 184/372/124
f 183/373/125 182/374/125 185/375/125
f 182/376/126 181/377/126 186/378/126
f 187/379/127 188/380/127 185/381/127
f 188/382/128 189/383/128 190/384/128
f 191/385/129 192/386/129 193/387/129
f 192/388/130 117/389/130 124/390/130
f 123/391/131 194/392/131 193/393/131
f 194/394/132 195/395/132 196/396/132
f 195/397/133 194/398/133 197/399/133
f 194/400/134 123/401/134 130/402/134
f 129/403/135 198/404/135 197/405/135
f 198/406/136 199/407/136 200/408/136
f 201/409/137 202/410/137 203/411/137
f 202/412/138 204/413/138 205/414/138
f 206/415/139 207/416/139 203/417/139
f 207/418/140 208/419/140 209/420/140
f 210/421/141 211/422/141 212/423/141
f 211/424/142 213/425/142 214/426/142
f 215/427/143 216/428/143 212/429/143
f 216/430/144 217/431/144 218/432/144
f 219/433/145 220/434/145 221/435/145
f 220/436/146 222/437/146 223/438/146
f 224/439/147 225/440/147 221/441/147
f 225/442/148 226/443/148 227/444/148
f 226/445/149 225/446/149 228/447/149
f 225/448/150 224/449/150 229/450/150
f 230/451/151 231/452/151 228/453/151
f 231/454/152 232/455/152 233/456/152
f 232/457/153 231/458/153 234/459/153
f 231/460/154 230/461/154 235/462/154
f 236/463/155 237/464/155 234/465/155
f 237/466/156 238/467/156 239/468/156
f 240/469/157 241/470/157 242/471/157
f 241/472/158 243/473/158 244/474/158
f 245/475/159 246/476/159 242/477/159
f 246/478/160 247/479/160 248/480/160
f 247/481/161 246/482/161 249/483/161
f 246/484/162 245/485/162 250/486/162
f 251/487/163 252/488/163 249/489/163
f 252/490/164 253/491/164 254/492/164
f 253/493/165 252/494/165 255/495/165
f 252/496/166 251/497/166 256/498/166
f 257/499/167 258/500/167 255/501/167
f 258/502/168 259/503/168 260/504/168
f 261/505/169 262/506/169 263/507/169
f 262/508/170 170/509/170 178/510/170
f 177/511/171 264/512/171 263/513/171
f 264/514/172 265/515/172 266/516/172
f 265/517/173 264/518/173 267/519/173
f 264/520/174 177/521/174 184/522/174
f 183/523/175 268/524/175 267/525/175
f 268/526/176 269/527/176 270/528/176
f 271/529/177 272/530/177 273/531/177
f 272/532/178 274/533/178 275/534/178
f 276/535/179 277/536/179 273/537/179
f 277/538/180 278/539/180 279/540/180
f 278/541/181 277/542/181 280/543/181
f 277/544/182 276/545/182 281/546/182
f 282/547/183 283/548/183 280/549/183
f 283/550/184 284/551/184 285/552/184
f 284/553/185 283/554/185 286/555/185
f 283/556/186 282/557/186 287/558/186
f 288/559/187 289/560/187 286/561/187
f 289/562/188 290/563/188 291/564/188
f 290/565/189 289/566/189 292/567/189
f 289/568/190 288/569/190 293/570/190
f 210/571/191 294/572/191 292/573/191
f 294/574/192 295/575/192 296/576/192
f 295/577/193 294/578/193 297/579/193
f 294/580/194 210/581/194 218/582/194
f 217/583/195 298/584/195 297/585/195
f 298/586/196 299/587/196 300/588/196
f 301/589/197 302/590/197 303/591/197
f 302/592/198 219/593/198 227/594/198
f 226/595/199 304/596/199 303/597/199
f 304/598/200 305/599/200 306/600/200
f 305/601/201 304/602/201 307/603/201
f 304/604/202 226/605/202 233/606/202
f 232/607/203 308/608/203 307/609/203
f 308/610/204 309/611/204 310/612/204
f 309/613/205 308/614/205 311/615/205
f 308/616/206 232/617/206 239/618/206
f 238/619/207 312/620/207 311/621/207
f 312/622/208 313/623/208 314/624/208
f 315/625/209 316/626/209 317/627/209
f 316/628/210 318/629/210 319/630/210
f 320/631/211 321/632/211 317/633/211
f 321/634/212 322/635/212 323/636/212
f 324/637/213 325/638/213 326/639/213
f 325/640/214 247/641/214 254/642/214
f 253/643/215 327/644/215 326/645/215
f 327/646/216 328/647/216 329/648/216
f 328/649/217 327/650/217 330/651/217
f 327/652/218 253/653/218 260/654/218
f 259/655/219 331/656/219 330/657/219
f 331/658/220 332/659/220 333/660/220
f 332/661/221 331/662/221 334/663/221
f 331/664/222 259/665/222 335/666/222
f 336/667/223 337/668/223 334/669/223
f 337/670/224 338/671/224 339/672/224
f 340/673/225 341/674/225 342/675/225
f 341/676/226 265/677/226 270/678/226
f 269/679/227 343/680/227 342/681/227
f 343/682/228 344/683/228 345/684/228
f 346/685/229 347/686/229 348/687/229
f 347/688/230 271/689/230 279/690/230
f 278/691/231 349/692/231 348/693/231
f 349/694/232 350/695/232 351/696/232
f 350/697/233 349/698/233 352/699/233
f 349/700/234 278/701/234 285/702/234
f 284/703/235 353/704/235 352/705/235
f 353/706/236 354/707/236 355/708/236
f 354/709/237 353/710/237 356/711/237
f 353/712/238 284/713/238 291/714/238
f 290/715/239 357/716/239 356/717/239
f 357/718/240 358/719/240 359/720/240
f 358/721/241 357/722/241 360/723/241
f 357/724/242 290/725/242 296/726/242
f 295/727/243 361/728/243 360/729/243
f 361/730/244 362/731/244 363/732/244
f 364/733/245 365/734/245 366/735/245
f 365/736/246 367/737/246 368/738/246
f 369/739/247 370/740/247 366/741/247
f 370/742/248 371/743/248 372/744/248
f 373/745/249 374/746/249 375/747/249
f 374/748/250 299/749/250 376/750/250
f 377/751/251 378/752/251 375/753/251
f 378/754/252 379/755/252 380/756/252
f 381/757/253 382/758/253 383/759/253
f 382/760/254 305/761/254 310/762/254
f 309/763/255 384/764/255 383/765/255
f 384/766/256 385/767/256 386/768/256
f 387/769/257 388/770/257 389/771/257
f 388/772/258 390/773/258 391/774/258
f 392/775/259 393/776/259 389/777/259
f 393/778/260 394/779/260 395/780/260
f 396/781/261 397/782/261 398/783/261
f 397/784/262 315/785/262 323/786/262
f 322/787/263 399/788/263 398/789/263
f 399/790/264 400/791/264 401/792/264
f 400/793/265 399/794/265 402/795/265
f 399/796/266 322/797/266 403/798/266
f 404/799/267 405/800/267 402/801/267
f 405/802/268 406/803/268 407/804/268
f 406/805/269 405/806/269 408/807/269
f 405/808/270 404/809/270 409/810/270
f 410/811/271 411/812/271 408/813/271
f 411/814/272 412/815/272 413/816/272
f 414/817/273 415/818/273 416/819/273
f 415/820/274 332/821/274 339/822/274
f 338/823/275 417/824/275 416/825/275
f 417/826/276 418/827/276 419/828/276
f 418/829/277 417/830/277 420/831/277
f 417/832/278 338/833/278 421/834/278
f 422/835/279 423/836/279 420/837/279
f 423/838/280 424/839/280 425/840/280
f 426/841/281 427/842/281 428/843/281
f 427/844/282 346/845/282 351/846/282
f 350/847/283 429/848/283 428/849/283
f 429/850/284 430/851/284 431/852/284
f 430/853/285 429/854/285 432/855/285
f 429/856/286 350/857/286 355/858/286
f 354/859/287 433/860/287 432/861/287
f 433/862/288 434/863/288 435/864/288
f 436/865/289 437/866/289 438/867/289
f 437/868/290 439/869/290 440/870/290
f 441/871/291 442/872/291 438/873/291
f 442/874/292 443/875/292 444/876/292
f 445/877/293 446/878/293 447/879/293
f 446/880/294 448/881/294 449/882/294
f 450/883/295 451/884/295 447/885/295
f 451/886/296 452/887/296 453/888/296
f 452/889/297 451/890/297 454/891/297
f 451/892/298 450/893/298 455/894/298
f 456/895/299 457/896/299 454/897/299
f 457/898/300 458/899/300 459/900/300
f 460/901/301 461/902/301 462/903/301
f 461/904/302 371/905/302 463/906/302
f 464/907/303 465/908/303 462/909/303
f 465/910/304 466/911/304 467/912/304
f 468/913/305 469/914/305 470/915/305
f 469/916/306 379/917/306 471/918/306
f 387/919/307 472/920/307 470/921/307
f 472/922/308 473/923/308 474/924/308
f 475/925/309 476/926/309 477/927/309
f 476/928/310 478/929/310 479/930/310
f 480/931/311 481/932/311 477/933/311
f 481/934/312 482/935/312 483/936/312
f 484/937/313 485/938/313 486/939/313
f 485/940/314 396/941/314 401/942/314
f 400/943/315 487/944/315 486/945/315
f 487/946/316 488/947/316 489/948/316
f 488/949/317 487/950/317 490/951/317
f 487/952/318 400/953/318 407/954/318
f 406/955/319 491/956/319 490/957/319
f 491/958/320 492/959/320 493/960/320
f 492/961/321 491/962/321 494/963/321
f 491/964/322 406/965/322 413/966/322
f 412/967/323 495/968/323 494/969/323
f 495/970/324 496/971/324 497/972/324
f 496/973/325 495/974/325 498/975/325
f 495/976/326 412/977/326 499/978/326
f 500/979/327 501/980/327 498/981/327
f 501/982/328 502/983/328 503/984/328
f 504/985/329 505/986/329 506/987/329
f 505/988/330 418/989/330 425/990/330
f 424/991/331 507/992/331 506/993/331
f 507/994/332 508/995/332 509/996/332
f 508/997/333 507/998/333 510/999/333
f 507/1000/334 424/1001/334 511/1002/334
f 512/1003/335 513/1004/335 510/1005/335
f 513/1006/336 514/1007/336 515/1008/336
f 514/1009/337 513/1010/337 516/1011/337
f 513/1012/338 512/1013/338 517/1014/338
f 518/1015/339 519/1016/339 516/1017/339
f 519/1018/340 520/1019/340 521/1020/340
f 520/1021/341 519/1022/341 522/1023/341
f 519/1024/342 518/1025/342 523/1026/342
f 445/1027/343 524/1028/343 522/1029/343
f 524/1030/344 525/1031/344 526/1032/344
f 525/1033/345 524/1034/345 527/1035/345
f 524/1036/346 445/1037/346 453/1038/346
f 452/1039/347 528/1040/347 527/1041/347
f 528/1042/348 529/1043/348 530/1044/348
f 529/1045/349 528/1046/349 531/1047/349
f 528/1048/350 452/1049/350 459/1050/350
f 458/1051/351 532/1052/351 531/1053/351
f 532/1054/352 533/1055/352 534/1056/352
f 533/1057/353 532/1058/353 535/1059/353
f 532/1060/354 458/1061/354 536/1062/354
f 537/1063/355 538/1064/355 535/1065/355
f 538/1066/356 539/1067/356 540/1068/356
f 541/1069/357 542/1070/357 543/1071/357
f 542/1072/358 466/1073/358 544/1074/358
f 475/1075/359 545/1076/359 543/1077/359
f 545/1078/360 546/1079/360 547/1080/360
f 548/1081/361 549/1082/361 550/1083/361
f 549/1084/362 551/1085/362 552/1086/362
f 553/1087/363 554/1088/363 550/1089/363
f 554/1090/364 555/1091/364 556/1092/364
f 557/1093/365 558/1094/365 559/1095/365
f 558/1096/366 484/1097/366 489/1098/366
f 488/1099/367 560/1100/367 559/1101/367
f 560/1102/368 561/1103/368 562/1104/368
f 561/1105/369 560/1106/369 563/1107/369
f 560/1108/370 488/1109/370 493/1110/370
f 492/1111/371 564/1112/371 563/1113/371
f 564/1114/372 565/1115/372 566/1116/372
f 565/1117/373 564/1118/373 567/1119/373
f 564/1120/374 492/1121/374 497/1122/374
f 496/1123/375 568/1124/375 567/1125/375
f 568/1126/376 569/1127/376 570/1128/376
f 569/1129/377 568/1130/377 571/1131/377
f 568/1132/378 496/1133/378 503/1134/378
f 502/1135/379 572/1136/379 571/1137/379
f 572/1138/380 573/1139/380 574/1140/380
f 573/1141/381 572/1142/381 575/1143/381
f 572/1144/382 502/1145/382 576/1146/382
f 577/1147/383 578/1148/383 575/1149/383
f 578/1150/384 579/1151/384 580/1152/384
f 579/1153/385 578/1154/385 581/1155/385
f 578/1156/386 577/1157/386 582/1158/386
f 583/1159/387 584/1160/387 581/1161/387
f 584/1162/388 585/1163/388 586/1164/388
f 587/1165/389 588/1166/389 589/1167/389
f 588/1168/390 514/1169/390 521/1170/390
f 520/1171/391 590/1172/391 589/1173/391
f 590/1174/392 591/1175/392 592/1176/392
f 591/1177/393 590/1178/393 593/1179/393
f 590/1180/394 520/1181/394 526/1182/394
f 525/1183/395 594/1184/395 593/1185/395
f 594/1186/396 595/1187/396 596/1188/396
f 595/1189/397 594/1190/397 597/1191/397
f 594/1192/398 525/1193/398 530/1194/398
f 529/1195/399 598/1196/399 597/1197/399
f 598/1198/400 599/1199/400 600/1200/400
f 601/1201/401 602/1202/401 603/1203/401
f 602/1204/402 604/1205/402 605/1206/402
f 606/1207/403 607/1208/403 603/1209/403
f 607/1210/404 608/1211/404 609/1212/404
f 610/1213/405 611/1214/405 612/1215/405
f 611/1216/406 533/1217/406 540/1218/406
f 539/1219/407 613/1220/407 612/1221/407
f 613/1222/408 614/1223/408 615/1224/408
f 616/1225/409 617/1226/409 618/1227/409
f 617/1228/410 619/1229/410 620/1230/410
f 621/1231/411 622/1232/411 618/1233/411
f 622/1234/412 623/1235/412 624/1236/412
f 625/1237/413 626/1238/413 627/1239/413
f 626/1240/414 548/1241/414 556/1242/414
f 555/1243/415 628/1244/415 627/1245/415
f 628/1246/416 629/1247/416 630/1248/416
f 32/1249/417 39/1250/417 631/1251/417
f 39/1252/418 38/1253/418 632/1254/418
f 115/1255/419 114/1256/419 631/1257/419
f 114/1258/420 113/1259/420 633/1260/420
f 38/1261/421 45/1262/421 634/1263/421
f 45/1264/422 44/1265/422 635/1266/422
f 121/1267/423 120/1268/423 634/1269/423
f 120/1270/424 115/1271/424 632/1272/424
f 44/1273/425 51/1274/425 636/1275/425
f 51/1276/426 50/1277/426 637/1278/426
f 127/1279/427 126/1280/427 636/1281/427
f 126/1282/428 121/1283/428 635/1284/428
f 50/1285/429 57/1286/429 638/1287/429
f 57/1288/430 56/1289/430 639/1290/430
f 58/1291/431 132/1292/431 638/1293/431
f 132/1294/432 127/1295/432 637/1296/432
f 56/1297/433 55/1298/433 640/1299/433
f 55/1300/434 54/1301/434 641/1302/434
f 61/1303/435 59/1304/435 640/1305/435
f 59/1306/436 58/1307/436 639/1308/436
f 54/1309/437 642/1310/437 643/1311/437
f 642/1312/438 644/1313/438 645/1314/438
f 63/1315/439 62/1316/439 643/1317/439
f 62/1318/440 61/1319/440 641/1320/440
f 644/1321/441 646/1322/441 647/1323/441
f 646/1324/442 76/1325/442 648/1326/442
f 69/1327/443 68/1328/443 647/1329/443
f 68/1330/444 63/1331/444 645/1332/444
f 76/1333/445 74/1334/445 649/1335/445
f 74/1336/446 73/1337/446 650/1338/446
f 71/1339/447 70/1340/447 649/1341/447
f 70/1342/448 69/1343/448 648/1344/448
f 73/1345/449 81/1346/449 651/1347/449
f 81/1348/450 80/1349/450 652/1350/450
f 146/1351/451 145/1352/451 651/1353/451
f 145/1354/452 71/1355/452 650/1356/452
f 80/1357/453 87/1358/453 653/1359/453
f 87/1360/454 86/1361/454 654/1362/454
f 152/1363/455 151/1364/455 653/1365/455
f 151/1366/456 146/1367/456 652/1368/456
f 86/1369/457 655/1370/457 656/1371/457
f 655/1372/458 657/1373/458 658/1374/458
f 154/1375/459 153/1376/459 656/1377/459
f 153/1378/460 152/1379/460 654/1380/460
f 657/1381/461 659/1382/461 660/1383/461
f 659/1384/462 661/1385/462 662/1386/462
f 663/1387/463 664/1388/463 660/1389/463
f 664/1390/464 154/1391/464 658/1392/464
f 661/1393/465 665/1394/465 666/1395/465
f 665/1396/466 667/1397/466 668/1398/466
f 669/1399/467 670/1400/467 666/1401/467
f 670/1402/468 663/1403/468 662/1404/468
f 667/1405/469 671/1406/469 672/1407/469
f 671/1408/470 673/1409/470 674/1410/470
f 675/1411/471 676/1412/471 672/1413/471
f 676/1414/472 669/1415/472 668/1416/472
f 673/1417/473 677/1418/473 678/1419/473
f 677/1420/474 679/1421/474 680/1422/474
f 553/1423/475 681/1424/475 678/1425/475
f 681/1426/476 675/1427/476 674/1428/476
f 679/1429/477 682/1430/477 683/1431/477
f 682/1432/478 684/1433/478 685/1434/478
f 555/1435/479 554/1436/479 683/1437/479
f 554/1438/480 553/1439/480 680/1440/480
f 684/1441/481 686/1442/481 687/1443/481
f 686/1444/482 688/1445/482 689/1446/482
f 629/1447/483 628/1448/483 687/1449/483
f 628/1450/484 555/1451/484 685/1452/484
f 688/1453/485 690/1454/485 691/1455/485
f 690/1456/486 623/1457/486 692/1458/486
f 625/1459/487 630/1460/487 691/1461/487
f 630/1462/488 629/1463/488 689/1464/488
f 623/1465/489 622/1466/489 693/1467/489
f 622/1468/490 621/1469/490 694/1470/490
f 548/1471/491 626/1472/491 693/1473/491
f 626/1474/492 625/1475/492 692/1476/492
f 621/1477/493 620/1478/493 695/1479/493
f 620/1480/494 619/1481/494 696/1482/494
f 539/1483/495 697/1484/495 695/1485/495
f 697/1486/496 548/1487/496 694/1488/496
f 619/1489/497 617/1490/497 698/1491/497
f 617/1492/498 616/1493/498 699/1494/498
f 614/1495/499 613/1496/499 698/1497/499
f 613/1498/500 539/1499/500 696/1500/500
f 616/1501/501 700/1502/501 701/1503/501
f 700/1504/502 608/1505/502 702/1506/502
f 610/1507/503 615/1508/503 701/1509/503
f 615/1510/504 614/1511/504 699/1512/504
f 608/1513/505 607/1514/505 703/1515/505
f 607/1516/506 606/1517/506 704/1518/506
f 533/1519/507 611/1520/507 703/1521/507
f 611/1522/508 610/1523/508 702/1524/508
f 606/1525/509 605/1526/509 705/1527/509
f 605/1528/510 604/1529/510 706/1530/510
f 529/1531/511 534/1532/511 705/1533/511
f 534/1534/512 533/1535/512 704/1536/512
f 604/1537/513 602/1538/513 707/1539/513
f 602/1540/514 601/1541/514 708/1542/514
f 599/1543/515 598/1544/515 707/1545/515
f 598/1546/516 529/1547/516 706/1548/516
f 601/1549/517 709/1550/517 710/1551/517
f 709/1552/518 711/1553/518 712/1554/518
f 595/1555/519 600/1556/519 710/1557/519
f 600/1558/520 599/1559/520 708/1560/520
f 711/1561/521 713/1562/521 714/1563/521
f 713/1564/522 715/1565/522 716/1566/522
f 591/1567/523 596/1568/523 714/1569/523
f 596/1570/524 595/1571/524 712/1572/524
f 715/1573/525 717/1574/525 718/1575/525
f 717/1576/526 585/1577/526 719/1578/526
f 587/1579/527 592/1580/527 718/1581/527
f 592/1582/528 591/1583/528 716/1584/528
f 585/1585/529 584/1586/529 720/1587/529
f 584/1588/530 583/1589/530 721/1590/530
f 514/1591/531 588/1592/531 720/1593/531
f 588/1594/532 587/1595/532 719/1596/532
f 583/1597/533 582/1598/533 722/1599/533
f 582/1600/534 577/1601/534 723/1602/534
f 508/1603/535 515/1604/535 722/1605/535
f 515/1606/536 514/1607/536 721/1608/536
f 577/1609/537 576/1610/537 724/1611/537
f 576/1612/538 502/1613/538 725/1614/538
f 504/1615/539 509/1616/539 724/1617/539
f 509/1618/540 508/1619/540 723/1620/540
f 502/1621/541 501/1622/541 726/1623/541
f 501/1624/542 500/1625/542 727/1626/542
f 418/1627/543 505/1628/543 726/1629/543
f 505/1630/544 504/1631/544 725/1632/544
f 500/1633/545 499/1634/545 728/1635/545
f 499/1636/546 412/1637/546 729/1638/546
f 414/1639/547 419/1640/547 728/1641/547
f 419/1642/548 418/1643/548 727/1644/548
f 412/1645/549 411/1646/549 730/1647/549
f 411/1648/550 410/1649/550 731/1650/550
f 332/1651/551 415/1652/551 730/1653/551
f 415/1654/552 414/1655/552 729/1656/552
f 410/1657/553 409/1658/553 732/1659/553
f 409/1660/554 404/1661/554 733/1662/554
f 328/1663/555 333/1664/555 732/1665/555
f 333/1666/556 332/1667/556 731/1668/556
f 404/1669/557 403/1670/557 734/1671/557
f 403/1672/558 322/1673/558 735/1674/558
f 324/1675/559 329/1676/559 734/1677/559
f 329/1678/560 328/1679/560 733/1680/560
f 322/1681/561 321/1682/561 736/1683/561
f 321/1684/562 320/1685/562 737/1686/562
f 247/1687/563 325/1688/563 736/1689/563
f 325/1690/564 324/1691/564 735/1692/564
f 320/1693/565 319/1694/565 738/1695/565
f 319/1696/566 318/1697/566 739/1698/566
f 240/1699/567 248/1700/567 738/1701/567
f 248/1702/568 247/1703/568 737/1704/568
f 318/1705/569 740/1706/569 741/1707/569
f 740/1708/570 156/1709/570 742/1710/570
f 243/1711/571 241/1712/571 741/1713/571
f 241/1714/572 240/1715/572 739/1716/572
f 156/1717/573 161/1718/573 743/1719/573
f 161/1720/574 160/1721/574 744/1722/574
f 245/1723/575 244/1724/575 743/1725/575
f 244/1726/576 243/1727/576 742/1728/576
f 160/1729/577 165/1730/577 745/1731/577
f 165/1732/578 164/1733/578 746/1734/578
f 251/1735/579 250/1736/579 745/1737/579
f 250/1738/580 245/1739/580 744/1740/580
f 164/1741/581 169/1742/581 747/1743/581
f 169/1744/582 168/1745/582 748/1746/582
f 257/1747/583 256/1748/583 747/1749/583
f 256/1750/584 251/1751/584 746/1752/584
f 168/1753/585 167/1754/585 749/1755/585
f 167/1756/586 100/1757/586 750/1758/586
f 751/1759/587 752/1760/587 749/1761/587
f 752/1762/588 257/1763/588 748/1764/588
f 100/1765/589 105/1766/589 753/1767/589
f 105/1768/590 104/1769/590 754/1770/590
f 755/1771/591 756/1772/591 753/1773/591
f 756/1774/592 751/1775/592 750/1776/592
f 104/1777/593 109/1778/593 757/1779/593
f 109/1780/594 108/1781/594 758/1782/594
f 110/1783/595 759/1784/595 757/1785/595
f 759/1786/596 755/1787/596 754/1788/596
f 108/1789/597 107/1790/597 760/1791/597
f 107/1792/598 32/1793/598 633/1794/598
f 113/1795/599 111/1796/599 760/1797/599
f 111/1798/600 110/1799/600 758/1800/600
f 110/1801/601 118/1802/601 761/1803/601
f 118/1804/602 117/1805/602 762/1806/602
f 187/1807/603 186/1808/603 761/1809/603
f 186/1810/604 181/1811/604 763/1812/604
f 117/1813/605 192/1814/605 764/1815/605
f 192/1816/606 191/1817/606 765/1818/606
f 189/1819/607 188/1820/607 764/1821/607
f 188/1822/608 187/1823/608 762/1824/608
f 191/1825/609 196/1826/609 766/1827/609
f 196/1828/610 195/1829/610 767/1830/610
f 768/1831/611 769/1832/611 766/1833/611
f 769/1834/612 189/1835/612 765/1836/612
f 195/1837/613 200/1838/613 770/1839/613
f 200/1840/614 199/1841/614 771/1842/614
f 201/1843/615 772/1844/615 770/1845/615
f 772/1846/616 768/1847/616 767/1848/616
f 199/1849/617 198/1850/617 773/1851/617
f 198/1852/618 129/1853/618 774/1854/618
f 204/1855/619 202/1856/619 773/1857/619
f 202/1858/620 201/1859/620 771/1860/620
f 129/1861/621 135/1862/621 775/1863/621
f 135/1864/622 134/1865/622 776/1866/622
f 206/1867/623 205/1868/623 775/1869/623
f 205/1870/624 204/1871/624 774/1872/624
f 134/1873/625 139/1874/625 777/1875/625
f 139/1876/626 138/1877/626 778/1878/626
f 779/1879/627 780/1880/627 777/1881/627
f 780/1882/628 206/1883/628 776/1884/628
f 138/1885/629 143/1886/629 781/1887/629
f 143/1888/630 142/1889/630 782/1890/630
f 783/1891/631 784/1892/631 781/1893/631
f 784/1894/632 779/1895/632 778/1896/632
f 142/1897/633 149/1898/633 785/1899/633
f 149/1900/634 148/1901/634 786/1902/634
f 787/1903/635 788/1904/635 785/1905/635
f 788/1906/636 783/1907/636 782/1908/636
f 148/1909/637 155/1910/637 789/1911/637
f 155/1912/638 154/1913/638 790/1914/638
f 791/1915/639 792/1916/639 789/1917/639
f 792/1918/640 787/1919/640 786/1920/640
f 154/1921/641 664/1922/641 793/1923/641
f 664/1924/642 663/1925/642 794/1926/642
f 795/1927/643 796/1928/643 793/1929/643
f 796/1930/644 791/1931/644 790/1932/644
f 663/1933/645 670/1934/645 797/1935/645
f 670/1936/646 669/1937/646 798/1938/646
f 799/1939/647 800/1940/647 797/1941/647
f 800/1942/648 795/1943/648 794/1944/648
f 669/1945/649 676/1946/649 801/1947/649
f 676/1948/650 675/1949/650 802/1950/650
f 480/1951/651 803/1952/651 801/1953/651
f 803/1954/652 799/1955/652 798/1956/652
f 675/1957/653 681/1958/653 804/1959/653
f 681/1960/654 553/1961/654 805/1962/654
f 482/1963/655 481/1964/655 804/1965/655
f 481/1966/656 480/1967/656 802/1968/656
f 553/1969/657 552/1970/657 806/1971/657
f 552/1972/658 551/1973/658 807/1974/658
f 475/1975/659 483/1976/659 806/1977/659
f 483/1978/660 482/1979/660 805/1980/660
f 551/1981/661 549/1982/661 808/1983/661
f 549/1984/662 548/1985/662 809/1986/662
f 546/1987/663 545/1988/663 808/1989/663
f 545/1990/664 475/1991/664 807/1992/664
f 548/1993/665 697/1994/665 810/1995/665
f 697/1996/666 539/1997/666 811/1998/666
f 541/1999/667 547/2000/667 810/2001/667
f 547/2002/668 546/2003/668 809/2004/668
f 539/2005/669 538/2006/669 812/2007/669
f 538/2008/670 537/2009/670 813/2010/670
f 466/2011/671 542/2012/671 812/2013/671
f 542/2014/672 541/2015/672 811/2016/672
f 537/2017/673 536/2018/673 814/2019/673
f 536/2020/674 458/2021/674 815/2022/674
f 460/2023/675 467/2024/675 814/2025/675
f 467/2026/676 466/2027/676 813/2028/676
f 458/2029/677 457/2030/677 816/2031/677
f 457/2032/678 456/2033/678 817/2034/678
f 371/2035/679 461/2036/679 816/2037/679
f 461/2038/680 460/2039/680 815/2040/680
f 456/2041/681 455/2042/681 818/2043/681
f 455/2044/682 450/2045/682 819/2046/682
f 364/2047/683 372/2048/683 818/2049/683
f 372/2050/684 371/2051/684 817/2052/684
f 450/2053/685 449/2054/685 820/2055/685
f 449/2056/686 448/2057/686 821/2058/686
f 441/2059/687 822/2060/687 820/2061/687
f 822/2062/688 364/2063/688 819/2064/688
f 448/2065/689 446/2066/689 823/2067/689
f 446/2068/690 445/2069/690 824/2070/690
f 443/2071/691 442/2072/691 823/2073/691
f 442/2074/692 441/2075/692 821/2076/692
f 445/2077/693 523/2078/693 825/2079/693
f 523/2080/694 518/2081/694 826/2082/694
f 436/2083/695 444/2084/695 825/2085/695
f 444/2086/696 443/2087/696 824/2088/696
f 518/2089/697 517/2090/697 827/2091/697
f 517/2092/698 512/2093/698 828/2094/698
f 829/2095/699 830/2096/699 827/2097/699
f 830/2098/700 436/2099/700 826/2100/700
f 512/2101/701 511/2102/701 831/2103/701
f 511/2104/702 424/2105/702 832/2106/702
f 833/2107/703 834/2108/703 831/2109/703
f 834/2110/704 829/2111/704 828/2112/704
f 424/2113/705 423/2114/705 835/2115/705
f 423/2116/706 422/2117/706 836/2118/706
f 344/2119/707 837/2120/707 835/2121/707
f 837/2122/708 833/2123/708 832/2124/708
f 422/2125/709 421/2126/709 838/2127/709
f 421/2128/710 338/2129/710 839/2130/710
f 340/2131/711 345/2132/711 838/2133/711
f 345/2134/712 344/2135/712 836/2136/712
f 338/2137/713 337/2138/713 840/2139/713
f 337/2140/714 336/2141/714 841/2142/714
f 265/2143/715 341/2144/715 840/2145/715
f 341/2146/716 340/2147/716 839/2148/716
f 336/2149/717 335/2150/717 842/2151/717
f 335/2152/718 259/2153/718 843/2154/718
f 261/2155/719 266/2156/719 842/2157/719
f 266/2158/720 265/2159/720 841/2160/720
f 259/2161/721 258/2162/721 844/2163/721
f 258/2164/722 257/2165/722 845/2166/722
f 170/2167/723 262/2168/723 844/2169/723
f 262/2170/724 261/2171/724 843/2172/724
f 257/2173/725 752/2174/725 846/2175/725
f 752/2176/726 751/2177/726 847/2178/726
f 173/2179/727 171/2180/727 846/2181/727
f 171/2182/728 170/2183/728 845/2184/728
f 751/2185/729 756/2186/729 848/2187/729
f 756/2188/730 755/2189/730 849/2190/730
f 175/2191/731 174/2192/731 848/2193/731
f 174/2194/732 173/2195/732 847/2196/732
f 755/2197/733 759/2198/733 850/2199/733
f 759/2200/734 110/2201/734 763/2202/734
f 181/2203/735 180/2204/735 850/2205/735
f 180/2206/736 175/2207/736 849/2208/736
f 183/2209/737 190/2210/737 851/2211/737
f 190/2212/738 189/2213/738 852/2214/738
f 276/2215/739 275/2216/739 851/2217/739
f 275/2218/740 274/2219/740 853/2220/740
f 189/2221/741 769/2222/741 854/2223/741
f 769/2224/742 768/2225/742 855/2226/742
f 282/2227/743 281/2228/743 854/2229/743
f 281/2230/744 276/2231/744 852/2232/744
f 768/2233/745 772/2234/745 856/2235/745
f 772/2236/746 201/2237/746 857/2238/746
f 288/2239/747 287/2240/747 856/2241/747
f 287/2242/748 282/2243/748 855/2244/748
f 201/2245/749 209/2246/749 858/2247/749
f 209/2248/750 208/2249/750 859/2250/750
f 210/2251/751 293/2252/751 858/2253/751
f 293/2254/752 288/2255/752 857/2256/752
f 208/2257/753 207/2258/753 860/2259/753
f 207/2260/754 206/2261/754 861/2262/754
f 213/2263/755 211/2264/755 860/2265/755
f 211/2266/756 210/2267/756 859/2268/756
f 206/2269/757 780/2270/757 862/2271/757
f 780/2272/758 779/2273/758 863/2274/758
f 215/2275/759 214/2276/759 862/2277/759
f 214/2278/760 213/2279/760 861/2280/760
f 779/2281/761 784/2282/761 864/2283/761
f 784/2284/762 783/2285/762 865/2286/762
f 866/2287/763 867/2288/763 864/2289/763
f 867/2290/764 215/2291/764 863/2292/764
f 783/2293/765 788/2294/765 868/2295/765
f 788/2296/766 787/2297/766 869/2298/766
f 870/2299/767 871/2300/767 868/2301/767
f 871/2302/768 866/2303/768 865/2304/768
f 787/2305/769 792/2306/769 872/2307/769
f 792/2308/770 791/2309/770 873/2310/770
f 874/2311/771 875/2312/771 872/2313/771
f 875/2314/772 870/2315/772 869/2316/772
f 791/2317/773 796/2318/773 876/2319/773
f 796/2320/774 795/2321/774 877/2322/774
f 878/2323/775 879/2324/775 876/2325/775
f 879/2326/776 874/2327/776 873/2328/776
f 795/2329/777 800/2330/777 880/2331/777
f 800/2332/778 799/2333/778 881/2334/778
f 392/2335/779 882/2336/779 880/2337/779
f 882/2338/780 878/2339/780 877/2340/780
f 799/2341/781 803/2342/781 883/2343/781
f 803/2344/782 480/2345/782 884/2346/782
f 394/2347/783 393/2348/783 883/2349/783
f 393/2350/784 392/2351/784 881/2352/784
f 480/2353/785 479/2354/785 885/2355/785
f 479/2356/786 478/2357/786 886/2358/786
f 387/2359/787 395/2360/787 885/2361/787
f 395/2362/788 394/2363/788 884/2364/788
f 478/2365/789 476/2366/789 887/2367/789
f 476/2368/790 475/2369/790 888/2370/790
f 473/2371/791 472/2372/791 887/2373/791
f 472/2374/792 387/2375/792 886/2376/792
f 475/2377/793 544/2378/793 889/2379/793
f 544/2380/794 466/2381/794 890/2382/794
f 468/2383/795 474/2384/795 889/2385/795
f 474/2386/796 473/2387/796 888/2388/796
f 466/2389/797 465/2390/797 891/2391/797
f 465/2392/798 464/2393/798 892/2394/798
f 379/2395/799 469/2396/799 891/2397/799
f 469/2398/800 468/2399/800 890/2400/800
f 464/2401/801 463/2402/801 893/2403/801
f 463/2404/802 371/2405/802 894/2406/802
f 373/2407/803 380/2408/803 893/2409/803
f 380/2410/804 379/2411/804 892/2412/804
f 371/2413/805 370/2414/805 895/2415/805
f 370/2416/806 369/2417/806 896/2418/806
f 299/2419/807 374/2420/807 895/2421/807
f 374/2422/808 373/2423/808 894/2424/808
f 369/2425/809 368/2426/809 897/2427/809
f 368/2428/810 367/2429/810 898/2430/810
f 295/2431/811 300/2432/811 897/2433/811
f 300/2434/812 299/2435/812 896/2436/812
f 367/2437/813 365/2438/813 899/2439/813
f 365/2440/814 364/2441/814 900/2442/814
f 362/2443/815 361/2444/815 899/2445/815
f 361/2446/816 295/2447/816 898/2448/816
f 364/2449/817 822/2450/817 901/2451/817
f 822/2452/818 441/2453/818 902/2454/818
f 358/2455/819 363/2456/819 901/2457/819
f 363/2458/820 362/2459/820 900/2460/820
f 441/2461/821 440/2462/821 903/2463/821
f 440/2464/822 439/2465/822 904/2466/822
f 354/2467/823 359/2468/823 903/2469/823
f 359/2470/824 358/2471/824 902/2472/824
f 439/2473/825 437/2474/825 905/2475/825
f 437/2476/826 436/2477/826 906/2478/826
f 434/2479/827 433/2480/827 905/2481/827
f 433/2482/828 354/2483/828 904/2484/828
f 436/2485/829 830/2486/829 907/2487/829
f 830/2488/830 829/2489/830 908/2490/830
f 430/2491/831 435/2492/831 907/2493/831
f 435/2494/832 434/2495/832 906/2496/832
f 829/2497/833 834/2498/833 909/2499/833
f 834/2500/834 833/2501/834 910/2502/834
f 426/2503/835 431/2504/835 909/2505/835
f 431/2506/836 430/2507/836 908/2508/836
f 833/2509/837 837/2510/837 911/2511/837
f 837/2512/838 344/2513/838 912/2514/838
f 346/2515/839 427/2516/839 911/2517/839
f 427/2518/840 426/2519/840 910/2520/840
f 344/2521/841 343/2522/841 913/2523/841
f 343/2524/842 269/2525/842 914/2526/842
f 271/2527/843 347/2528/843 913/2529/843
f 347/2530/844 346/2531/844 912/2532/844
f 269/2533/845 268/2534/845 915/2535/845
f 268/2536/846 183/2537/846 853/2538/846
f 274/2539/847 272/2540/847 915/2541/847
f 272/2542/848 271/2543/848 914/2544/848
f 217/2545/849 216/2546/849 916/2547/849
f 216/2548/850 215/2549/850 917/2550/850
f 222/2551/851 220/2552/851 916/2553/851
f 220/2554/852 219/2555/852 918/2556/852
f 215/2557/853 867/2558/853 919/2559/853
f 867/2560/854 866/2561/854 920/2562/854
f 224/2563/855 223/2564/855 919/2565/855
f 223/2566/856 222/2567/856 917/2568/856
f 866/2569/857 871/2570/857 921/2571/857
f 871/2572/858 870/2573/858 922/2574/858
f 230/2575/859 229/2576/859 921/2577/859
f 229/2578/860 224/2579/860 920/2580/860
f 870/2581/861 875/2582/861 923/2583/861
f 875/2584/862 874/2585/862 924/2586/862
f 236/2587/863 235/2588/863 923/2589/863
f 235/2590/864 230/2591/864 922/2592/864
f 874/2593/865 879/2594/865 925/2595/865
f 879/2596/866 878/2597/866 926/2598/866
f 238/2599/867 237/2600/867 925/2601/867
f 237/2602/868 236/2603/868 924/2604/868
f 878/2605/869 882/2606/869 927/2607/869
f 882/2608/870 392/2609/870 928/2610/870
f 313/2611/871 312/2612/871 927/2613/871
f 312/2614/872 238/2615/872 926/2616/872
f 392/2617/873 391/2618/873 929/2619/873
f 391/2620/874 390/2621/874 930/2622/874
f 309/2623/875 314/2624/875 929/2625/875
f 314/2626/876 313/2627/876 928/2628/876
f 390/2629/877 388/2630/877 931/2631/877
f 388/2632/878 387/2633/878 932/2634/878
f 385/2635/879 384/2636/879 931/2637/879
f 384/2638/880 309/2639/880 930/2640/880
f 387/2641/881 471/2642/881 933/2643/881
f 471/2644/882 379/2645/882 934/2646/882
f 381/2647/883 386/2648/883 933/2649/883
f 386/2650/884 385/2651/884 932/2652/884
f 379/2653/885 378/2654/885 935/2655/885
f 378/2656/886 377/2657/886 936/2658/886
f 305/2659/887 382/2660/887 935/2661/887
f 382/2662/888 381/2663/888 934/2664/888
f 377/2665/889 376/2666/889 937/2667/889
f 376/2668/890 299/2669/890 938/2670/890
f 301/2671/891 306/2672/891 937/2673/891
f 306/2674/892 305/2675/892 936/2676/892
f 299/2677/893 298/2678/893 939/2679/893
f 298/2680/894 217/2681/894 918/2682/894
f 219/2683/895 302/2684/895 939/2685/895
f 302/2686/896 301/2687/896 938/2688/896
f 3/2689/897 9/2690/897 1/2691/897
f 5/2692/898 3/2693/898 2/2694/898
f 3/2695/899 5/2696/899 6/2697/899
f 9/2698/900 3/2699/900 7/2700/900
f 10/2701/901 15/2702/901 8/2703/901
f 11/2704/902 10/2705/902 7/2706/902
f 10/2707/903 11/2708/903 12/2709/903
f 15/2710/904 10/2711/904 13/2712/904
f 16/2713/905 21/2714/905 14/2715/905
f 17/2716/906 16/2717/906 13/2718/906
f 16/2719/907 17/2720/907 18/2721/907
f 21/2722/908 16/2723/908 19/2724/908
f 22/2725/909 27/2726/909 20/2727/909
f 23/2728/910 22/2729/910 19/2730/910
f 22/2731/911 23/2732/911 24/2733/911
f 27/2734/912 22/2735/912 25/2736/912
f 28/2737/913 33/2738/913 26/2739/913
f 29/2740/914 28/2741/914 25/2742/914
f 28/2743/915 29/2744/915 30/2745/915
f 33/2746/916 28/2747/916 31/2748/916
f 34/2749/917 39/2750/917 32/2751/917
f 35/2752/918 34/2753/918 31/2754/918
f 34/2755/919 35/2756/919 36/2757/919
f 39/2758/920 34/2759/920 37/2760/920
f 40/2761/921 45/2762/921 38/2763/921
f 41/2764/922 40/2765/922 37/2766/922
f 40/2767/923 41/2768/923 42/2769/923
f 45/2770/924 40/2771/924 43/2772/924
f 46/2773/925 51/2774/925 44/2775/925
f 47/2776/926 46/2777/926 43/2778/926
f 46/2779/927 47/2780/927 48/2781/927
f 51/2782/928 46/2783/928 49/2784/928
f 52/2785/929 57/2786/929 50/2787/929
f 53/2788/930 52/2789/930 49/2790/930
f 52/2791/931 53/2792/931 54/2793/931
f 57/2794/932 52/2795/932 55/2796/932
f 60/2797/933 66/2798/933 58/2799/933
f 62/2800/934 60/2801/934 59/2802/934
f 60/2803/935 62/2804/935 63/2805/935
f 66/2806/936 60/2807/936 64/2808/936
f 67/2809/937 72/2810/937 65/2811/937
f 68/2812/938 67/2813/938 64/2814/938
f 67/2815/939 68/2816/939 69/2817/939
f 72/2818/940 67/2819/940 70/2820/940
f 75/2821/941 81/2822/941 73/2823/941
f 77/2824/942 75/2825/942 74/2826/942
f 75/2827/943 77/2828/943 78/2829/943
f 81/2830/944 75/2831/944 79/2832/944
f 82/2833/945 87/2834/945 80/2835/945
f 83/2836/946 82/2837/946 79/2838/946
f 82/2839/947 83/2840/947 84/2841/947
f 87/2842/948 82/2843/948 85/2844/948
f 90/2845/949 93/2846/949 88/2847/949
f 9/2848/950 90/2849/950 89/2850/950
f 90/2851/951 9/2852/951 8/2853/951
f 93/2854/952 90/2855/952 91/2856/952
f 94/2857/953 97/2858/953 92/2859/953
f 15/2860/954 94/2861/954 91/2862/954
f 94/2863/955 15/2864/955 14/2865/955
f 97/2866/956 94/2867/956 95/2868/956
f 98/2869/957 101/2870/957 96/2871/957
f 21/2872/958 98/2873/958 95/2874/958
f 98/2875/959 21/2876/959 20/2877/959
f 101/2878/960 98/2879/960 99/2880/960
f 102/2881/961 105/2882/961 100/2883/961
f 27/2884/962 102/2885/962 99/2886/962
f 102/2887/963 27/2888/963 26/2889/963
f 105/2890/964 102/2891/964 103/2892/964
f 106/2893/965 109/2894/965 104/2895/965
f 33/2896/966 106/2897/966 103/2898/966
f 106/2899/967 33/2900/967 32/2901/967
f 109/2902/968 106/2903/968 107/2904/968
f 112/2905/969 118/2906/969 110/2907/969
f 114/2908/970 112/2909/970 111/2910/970
f 112/2911/971 114/2912/971 115/2913/971
f 118/2914/972 112/2915/972 116/2916/972
f 119/2917/973 124/2918/973 117/2919/973
f 120/2920/974 119/2921/974 116/2922/974
f 119/2923/975 120/2924/975 121/2925/975
f 124/2926/976 119/2927/976 122/2928/976
f 125/2929/977 130/2930/977 123/2931/977
f 126/2932/978 125/2933/978 122/2934/978
f 125/2935/979 126/2936/979 127/2937/979
f 130/2938/980 125/2939/980 128/2940/980
f 131/2941/981 135/2942/981 129/2943/981
f 132/2944/982 131/2945/982 128/2946/982
f 131/2947/983 132/2948/983 58/2949/983
f 135/2950/984 131/2951/984 133/2952/984
f 136/2953/985 139/2954/985 134/2955/985
f 66/2956/986 136/2957/986 133/2958/986
f 136/2959/987 66/2960/987 65/2961/987
f 139/2962/988 136/2963/988 137/2964/988
f 140/2965/989 143/2966/989 138/2967/989
f 72/2968/990 140/2969/990 137/2970/990
f 140/2971/991 72/2972/991 71/2973/991
f 143/2974/992 140/2975/992 141/2976/992
f 144/2977/993 149/2978/993 142/2979/993
f 145/2980/994 144/2981/994 141/2982/994
f 144/2983/995 145/2984/995 146/2985/995
f 149/2986/996 144/2987/996 147/2988/996
f 150/2989/997 155/2990/997 148/2991/997
f 151/2992/998 150/2993/998 147/2994/998
f 150/2995/999 151/2996/999 152/2997/999
f 155/2998/1000 150/2999/1000 153/3000/1000
f 158/3001/1001 161/3002/1001 156/3003/1001
f 93/3004/1002 158/3005/1002 157/3006/1002
f 158/3007/1003 93/3008/1003 92/3009/1003
f 161/3010/1004 158/3011/1004 159/3012/1004
f 162/3013/1005 165/3014/1005 160/3015/1005
f 97/3016/1006 162/3017/1006 159/3018/1006
f 162/3019/1007 97/3020/1007 96/3021/1007
f 165/3022/1008 162/3023/1008 163/3024/1008
f 166/3025/1009 169/3026/1009 164/3027/1009
f 101/3028/1010 166/3029/1010 163/3030/1010
f 166/3031/1011 101/3032/1011 100/3033/1011
f 169/3034/1012 166/3035/1012 167/3036/1012
f 172/3037/1013 178/3038/1013 170/3039/1013
f 174/3040/1014 172/3041/1014 171/3042/1014
f 172/3043/1015 174/3044/1015 175/3045/1015
f 178/3046/1016 172/3047/1016 176/3048/1016
f 179/3049/1017 184/3050/1017 177/3051/1017
f 180/3052/1018 179/3053/1018 176/3054/1018
f 179/3055/1019 180/3056/1019 181/3057/1019
f 184/3058/1020 179/3059/1020 182/3060/1020
f 185/3061/1021 190/3062/1021 183/3063/1021
f 186/3064/1022 185/3065/1022 182/3066/1022
f 185/3067/1023 186/3068/1023 187/3069/1023
f 190/3070/1024 185/3071/1024 188/3072/1024
f 193/3073/1025 196/3074/1025 191/3075/1025
f 124/3076/1026 193/3077/1026 192/3078/1026
f 193/3079/1027 124/3080/1027 123/3081/1027
f 196/3082/1028 193/3083/1028 194/3084/1028
f 197/3085/1029 200/3086/1029 195/3087/1029
f 130/3088/1030 197/3089/1030 194/3090/1030
f 197/3091/1031 130/3092/1031 129/3093/1031
f 200/3094/1032 197/3095/1032 198/3096/1032
f 203/3097/1033 209/3098/1033 201/3099/1033
f 205/3100/1034 203/3101/1034 202/3102/1034
f 203/3103/1035 205/3104/1035 206/3105/1035
f 209/3106/1036 203/3107/1036 207/3108/1036
f 212/3109/1037 218/3110/1037 210/3111/1037
f 214/3112/1038 212/3113/1038 211/3114/1038
f 212/3115/1039 214/3116/1039 215/3117/1039
f 218/3118/1040 212/3119/1040 216/3120/1040
f 221/3121/1041 227/3122/1041 219/3123/1041
f 223/3124/1042 221/3125/1042 220/3126/1042
f 221/3127/1043 223/3128/1043 224/3129/1043
f 227/3130/1044 221/3131/1044 225/3132/1044
f 228/3133/1045 233/3134/1045 226/3135/1045
f 229/3136/1046 228/3137/1046 225/3138/1046
f 228/3139/1047 229/3140/1047 230/3141/1047
f 233/3142/1048 228/3143/1048 231/3144/1048
f 234/3145/1049 239/3146/1049 232/3147/1049
f 235/3148/1050 234/3149/1050 231/3150/1050
f 234/3151/1051 235/3152/1051 236/3153/1051
f 239/3154/1052 234/3155/1052 237/3156/1052
f 242/3157/1053 248/3158/1053 240/3159/1053
f 244/3160/1054 242/3161/1054 241/3162/1054
f 242/3163/1055 244/3164/1055 245/3165/1055
f 248/3166/1056 242/3167/1056 246/3168/1056
f 249/3169/1057 254/3170/1057 247/3171/1057
f 250/3172/1058 249/3173/1058 246/3174/1058
f 249/3175/1059 250/3176/1059 251/3177/1059
f 254/3178/1060 249/3179/1060 252/3180/1060
f 255/3181/1061 260/3182/1061 253/3183/1061
f 256/3184/1062 255/3185/1062 252/3186/1062
f 255/3187/1063 256/3188/1063 257/3189/1063
f 260/3190/1064 255/3191/1064 258/3192/1064
f 263/3193/1065 266/3194/1065 261/3195/1065
f 178/3196/1066 263/3197/1066 262/3198/1066
f 263/3199/1067 178/3200/1067 177/3201/1067
f 266/3202/1068 263/3203/1068 264/3204/1068
f 267/3205/1069 270/3206/1069 265/3207/1069
f 184/3208/1070 267/3209/1070 264/3210/1070
f 267/3211/1071 184/3212/1071 183/3213/1071
f 270/3214/1072 267/3215/1072 268/3216/1072
f 273/3217/1073 279/3218/1073 271/3219/1073
f 275/3220/1074 273/3221/1074 272/3222/1074
f 273/3223/1075 275/3224/1075 276/3225/1075
f 279/3226/1076 273/3227/1076 277/3228/1076
f 280/3229/1077 285/3230/1077 278/3231/1077
f 281/3232/1078 280/3233/1078 277/3234/1078
f 280/3235/1079 281/3236/1079 282/3237/1079
f 285/3238/1080 280/3239/1080 283/3240/1080
f 286/3241/1081 291/3242/1081 284/3243/1081
f 287/3244/1082 286/3245/1082 283/3246/1082
f 286/3247/1083 287/3248/1083 288/3249/1083
f 291/3250/1084 286/3251/1084 289/3252/1084
f 292/3253/1085 296/3254/1085 290/3255/1085
f 293/3256/1086 292/3257/1086 289/3258/1086
f 292/3259/1087 293/3260/1087 210/3261/1087
f 296/3262/1088 292/3263/1088 294/3264/1088
f 297/3265/1089 300/3266/1089 295/3267/1089
f 218/3268/1090 297/3269/1090 294/3270/1090
f 297/3271/1091 218/3272/1091 217/3273/1091
f 300/3274/1092 297/3275/1092 298/3276/1092
f 303/3277/1093 306/3278/1093 301/3279/1093
f 227/3280/1094 303/3281/1094 302/3282/1094
f 303/3283/1095 227/3284/1095 226/3285/1095
f 306/3286/1096 303/3287/1096 304/3288/1096
f 307/3289/1097 310/3290/1097 305/3291/1097
f 233/3292/1098 307/3293/1098 304/3294/1098
f 307/3295/1099 233/3296/1099 232/3297/1099
f 310/3298/1100 307/3299/1100 308/3300/1100
f 311/3301/1101 314/3302/1101 309/3303/1101
f 239/3304/1102 311/3305/1102 308/3306/1102
f 311/3307/1103 239/3308/1103 238/3309/1103
f 314/3310/1104 311/3311/1104 312/3312/1104
f 317/3313/1105 323/3314/1105 315/3315/1105
f 319/3316/1106 317/3317/1106 316/3318/1106
f 317/3319/1107 319/3320/1107 320/3321/1107
f 323/3322/1108 317/3323/1108 321/3324/1108
f 326/3325/1109 329/3326/1109 324/3327/1109
f 254/3328/1110 326/3329/1110 325/3330/1110
f 326/3331/1111 254/3332/1111 253/3333/1111
f 329/3334/1112 326/3335/1112 327/3336/1112
f 330/3337/1113 333/3338/1113 328/3339/1113
f 260/3340/1114 330/3341/1114 327/3342/1114
f 330/3343/1115 260/3344/1115 259/3345/1115
f 333/3346/1116 330/3347/1116 331/3348/1116
f 334/3349/1117 339/3350/1117 332/3351/1117
f 335/3352/1118 334/3353/1118 331/3354/1118
f 334/3355/1119 335/3356/1119 336/3357/1119
f 339/3358/1120 334/3359/1120 337/3360/1120
f 342/3361/1121 345/3362/1121 340/3363/1121
f 270/3364/1122 342/3365/1122 341/3366/1122
f 342/3367/1123 270/3368/1123 269/3369/1123
f 345/3370/1124 342/3371/1124 343/3372/1124
f 348/3373/1125 351/3374/1125 346/3375/1125
f 279/3376/1126 348/3377/1126 347/3378/1126
f 348/3379/1127 279/3380/1127 278/3381/1127
f 351/3382/1128 348/3383/1128 349/3384/1128
f 352/3385/1129 355/3386/1129 350/3387/1129
f 285/3388/1130 352/3389/1130 349/3390/1130
f 352/3391/1131 285/3392/1131 284/3393/1131
f 355/3394/1132 352/3395/1132 353/3396/1132
f 356/3397/1133 359/3398/1133 354/3399/1133
f 291/3400/1134 356/3401/1134 353/3402/1134
f 356/3403/1135 291/3404/1135 290/3405/1135
f 359/3406/1136 356/3407/1136 357/3408/1136
f 360/3409/1137 363/3410/1137 358/3411/1137
f 296/3412/1138 360/3413/1138 357/3414/1138
f 360/3415/1139 296/3416/1139 295/3417/1139
f 363/3418/1140 360/3419/1140 361/3420/1140
f 366/3421/1141 372/3422/1141 364/3423/1141
f 368/3424/1142 366/3425/1142 365/3426/1142
f 366/3427/1143 368/3428/1143 369/3429/1143
f 372/3430/1144 366/3431/1144 370/3432/1144
f 375/3433/1145 380/3434/1145 373/3435/1145
f 376/3436/1146 375/3437/1146 374/3438/1146
f 375/3439/1147 376/3440/1147 377/3441/1147
f 380/3442/1148 375/3443/1148 378/3444/1148
f 383/3445/1149 386/3446/1149 381/3447/1149
f 310/3448/1150 383/3449/1150 382/3450/1150
f 383/3451/1151 310/3452/1151 309/3453/1151
f 386/3454/1152 383/3455/1152 384/3456/1152
f 389/3457/1153 395/3458/1153 387/3459/1153
f 391/3460/1154 389/3461/1154 388/3462/1154
f 389/3463/1155 391/3464/1155 392/3465/1155
f 395/3466/1156 389/3467/1156 393/3468/1156
f 398/3469/1157 401/3470/1157 396/3471/1157
f 323/3472/1158 398/3473/1158 397/3474/1158
f 398/3475/1159 323/3476/1159 322/3477/1159
f 401/3478/1160 398/3479/1160 399/3480/1160
f 402/3481/1161 407/3482/1161 400/3483/1161
f 403/3484/1162 402/3485/1162 399/3486/1162
f 402/3487/1163 403/3488/1163 404/3489/1163
f 407/3490/1164 402/3491/1164 405/3492/1164
f 408/3493/1165 413/3494/1165 406/3495/1165
f 409/3496/1166 408/3497/1166 405/3498/1166
f 408/3499/1167 409/3500/1167 410/3501/1167
f 413/3502/1168 408/3503/1168 411/3504/1168
f 416/3505/1169 419/3506/1169 414/3507/1169
f 339/3508/1170 416/3509/1170 415/3510/1170
f 416/3511/1171 339/3512/1171 338/3513/1171
f 419/3514/1172 416/3515/1172 417/3516/1172
f 420/3517/1173 425/3518/1173 418/3519/1173
f 421/3520/1174 420/3521/1174 417/3522/1174
f 420/3523/1175 421/3524/1175 422/3525/1175
f 425/3526/1176 420/3527/1176 423/3528/1176
f 428/3529/1177 431/3530/1177 426/3531/1177
f 351/3532/1178 428/3533/1178 427/3534/1178
f 428/3535/1179 351/3536/1179 350/3537/1179
f 431/3538/1180 428/3539/1180 429/3540/1180
f 432/3541/1181 435/3542/1181 430/3543/1181
f 355/3544/1182 432/3545/1182 429/3546/1182
f 432/3547/1183 355/3548/1183 354/3549/1183
f 435/3550/1184 432/3551/1184 433/3552/1184
f 438/3553/1185 444/3554/1185 436/3555/1185
f 440/3556/1186 438/3557/1186 437/3558/1186
f 438/3559/1187 440/3560/1187 441/3561/1187
f 444/3562/1188 438/3563/1188 442/3564/1188
f 447/3565/1189 453/3566/1189 445/3567/1189
f 449/3568/1190 447/3569/1190 446/3570/1190
f 447/3571/1191 449/3572/1191 450/3573/1191
f 453/3574/1192 447/3575/1192 451/3576/1192
f 454/3577/1193 459/3578/1193 452/3579/1193
f 455/3580/1194 454/3581/1194 451/3582/1194
f 454/3583/1195 455/3584/1195 456/3585/1195
f 459/3586/1196 454/3587/1196 457/3588/1196
f 462/3589/1197 467/3590/1197 460/3591/1197
f 463/3592/1198 462/3593/1198 461/3594/1198
f 462/3595/1199 463/3596/1199 464/3597/1199
f 467/3598/1200 462/3599/1200 465/3600/1200
f 470/3601/1201 474/3602/1201 468/3603/1201
f 471/3604/1202 470/3605/1202 469/3606/1202
f 470/3607/1203 471/3608/1203 387/3609/1203
f 474/3610/1204 470/3611/1204 472/3612/1204
f 477/3613/1205 483/3614/1205 475/3615/1205
f 479/3616/1206 477/3617/1206 476/3618/1206
f 477/3619/1207 479/3620/1207 480/3621/1207
f 483/3622/1208 477/3623/1208 481/3624/1208
f 486/3625/1209 489/3626/1209 484/3627/1209
f 401/3628/1210 486/3629/1210 485/3630/1210
f 486/3631/1211 401/3632/1211 400/3633/1211
f 489/3634/1212 486/3635/1212 487/3636/1212
f 490/3637/1213 493/3638/1213 488/3639/1213
f 407/3640/1214 490/3641/1214 487/3642/1214
f 490/3643/1215 407/3644/1215 406/3645/1215
f 493/3646/1216 490/3647/1216 491/3648/1216
f 494/3649/1217 497/3650/1217 492/3651/1217
f 413/3652/1218 494/3653/1218 491/3654/1218
f 494/3655/1219 413/3656/1219 412/3657/1219
f 497/3658/1220 494/3659/1220 495/3660/1220
f 498/3661/1221 503/3662/1221 496/3663/1221
f 499/3664/1222 498/3665/1222 495/3666/1222
f 498/3667/1223 499/3668/1223 500/3669/1223
f 503/3670/1224 498/3671/1224 501/3672/1224
f 506/3673/1225 509/3674/1225 504/3675/1225
f 425/3676/1226 506/3677/1226 505/3678/1226
f 506/3679/1227 425/3680/1227 424/3681/1227
f 509/3682/1228 506/3683/1228 507/3684/1228
f 510/3685/1229 515/3686/1229 508/3687/1229
f 511/3688/1230 510/3689/1230 507/3690/1230
f 510/3691/1231 511/3692/1231 512/3693/1231
f 515/3694/1232 510/3695/1232 513/3696/1232
f 516/3697/1233 521/3698/1233 514/3699/1233
f 517/3700/1234 516/3701/1234 513/3702/1234
f 516/3703/1235 517/3704/1235 518/3705/1235
f 521/3706/1236 516/3707/1236 519/3708/1236
f 522/3709/1237 526/3710/1237 520/3711/1237
f 523/3712/1238 522/3713/1238 519/3714/1238
f 522/3715/1239 523/3716/1239 445/3717/1239
f 526/3718/1240 522/3719/1240 524/3720/1240
f 527/3721/1241 530/3722/1241 525/3723/1241
f 453/3724/1242 527/3725/1242 524/3726/1242
f 527/3727/1243 453/3728/1243 452/3729/1243
f 530/3730/1244 527/3731/1244 528/3732/1244
f 531/3733/1245 534/3734/1245 529/3735/1245
f 459/3736/1246 531/3737/1246 528/3738/1246
f 531/3739/1247 459/3740/1247 458/3741/1247
f 534/3742/1248 531/3743/1248 532/3744/1248
f 535/3745/1249 540/3746/1249 533/3747/1249
f 536/3748/1250 535/3749/1250 532/3750/1250
f 535/3751/1251 536/3752/1251 537/3753/1251
f 540/3754/1252 535/3755/1252 538/3756/1252
f 543/3757/1253 547/3758/1253 541/3759/1253
f 544/3760/1254 543/3761/1254 542/3762/1254
f 543/3763/1255 544/3764/1255 475/3765/1255
f 547/3766/1256 543/3767/1256 545/3768/1256
f 550/3769/1257 556/3770/1257 548/3771/1257
f 552/3772/1258 550/3773/1258 549/3774/1258
f 550/3775/1259 552/3776/1259 553/3777/1259
f 556/3778/1260 550/3779/1260 554/3780/1260
f 559/3781/1261 562/3782/1261 557/3783/1261
f 489/3784/1262 559/3785/1262 558/3786/1262
f 559/3787/1263 489/3788/1263 488/3789/1263
f 562/3790/1264 559/3791/1264 560/3792/1264
f 563/3793/1265 566/3794/1265 561/3795/1265
f 493/3796/1266 563/3797/1266 560/3798/1266
f 563/3799/1267 493/3800/1267 492/3801/1267
f 566/3802/1268 563/3803/1268 564/3804/1268
f 567/3805/1269 570/3806/1269 565/3807/1269
f 497/3808/1270 567/3809/1270 564/3810/1270
f 567/3811/1271 497/3812/1271 496/3813/1271
f 570/3814/1272 567/3815/1272 568/3816/1272
f 571/3817/1273 574/3818/1273 569/3819/1273
f 503/3820/1274 571/3821/1274 568/3822/1274
f 571/3823/1275 503/3824/1275 502/3825/1275
f 574/3826/1276 571/3827/1276 572/3828/1276
f 575/3829/1277 580/3830/1277 573/3831/1277
f 576/3832/1278 575/3833/1278 572/3834/1278
f 575/3835/1279 576/3836/1279 577/3837/1279
f 580/3838/1280 575/3839/1280 578/3840/1280
f 581/3841/1281 586/3842/1281 579/3843/1281
f 582/3844/1282 581/3845/1282 578/3846/1282
f 581/3847/1283 582/3848/1283 583/3849/1283
f 586/3850/1284 581/3851/1284 584/3852/1284
f 589/3853/1285 592/3854/1285 587/3855/1285
f 521/3856/1286 589/3857/1286 588/3858/1286
f 589/3859/1287 521/3860/1287 520/3861/1287
f 592/3862/1288 589/3863/1288 590/3864/1288
f 593/3865/1289 596/3866/1289 591/3867/1289
f 526/3868/1290 593/3869/1290 590/3870/1290
f 593/3871/1291 526/3872/1291 525/3873/1291
f 596/3874/1292 593/3875/1292 594/3876/1292
f 597/3877/1293 600/3878/1293 595/3879/1293
f 530/3880/1294 597/3881/1294 594/3882/1294
f 597/3883/1295 530/3884/1295 529/3885/1295
f 600/3886/1296 597/3887/1296 598/3888/1296
f 603/3889/1297 609/3890/1297 601/3891/1297
f 605/3892/1298 603/3893/1298 602/3894/1298
f 603/3895/1299 605/3896/1299 606/3897/1299
f 609/3898/1300 603/3899/1300 607/3900/1300
f 612/3901/1301 615/3902/1301 610/3903/1301
f 540/3904/1302 612/3905/1302 611/3906/1302
f 612/3907/1303 540/3908/1303 539/3909/1303
f 615/3910/1304 612/3911/1304 613/3912/1304
f 618/3913/1305 624/3914/1305 616/3915/1305
f 620/3916/1306 618/3917/1306 617/3918/1306
f 618/3919/1307 620/3920/1307 621/3921/1307
f 624/3922/1308 618/3923/1308 622/3924/1308
f 627/3925/1309 630/3926/1309 625/3927/1309
f 556/3928/1310 627/3929/1310 626/3930/1310
f 627/3931/1311 556/3932/1311 555/3933/1311
f 630/3934/1312 627/3935/1312 628/3936/1312
f 631/3937/1313 633/3938/1313 32/3939/1313
f 632/3940/1314 631/3941/1314 39/3942/1314
f 631/3943/1315 632/3944/1315 115/3945/1315
f 633/3946/1316 631/3947/1316 114/3948/1316
f 634/3949/1317 632/3950/1317 38/3951/1317
f 635/3952/1318 634/3953/1318 45/3954/1318
f 634/3955/1319 635/3956/1319 121/3957/1319
f 632/3958/1320 634/3959/1320 120/3960/1320
f 636/3961/1321 635/3962/1321 44/3963/1321
f 637/3964/1322 636/3965/1322 51/3966/1322
f 636/3967/1323 637/3968/1323 127/3969/1323
f 635/3970/1324 636/3971/1324 126/3972/1324
f 638/3973/1325 637/3974/1325 50/3975/1325
f 639/3976/1326 638/3977/1326 57/3978/1326
f 638/3979/1327 639/3980/1327 58/3981/1327
f 637/3982/1328 638/3983/1328 132/3984/1328
f 640/3985/1329 639/3986/1329 56/3987/1329
f 641/3988/1330 640/3989/1330 55/3990/1330
f 640/3991/1331 641/3992/1331 61/3993/1331
f 639/3994/1332 640/3995/1332 59/3996/1332
f 643/3997/1333 641/3998/1333 54/3999/1333
f 645/4000/1334 643/4001/1334 642/4002/1334
f 643/4003/1335 645/4004/1335 63/4005/1335
f 641/4006/1336 643/4007/1336 62/4008/1336
f 647/4009/1337 645/4010/1337 644/4011/1337
f 648/4012/1338 647/4013/1338 646/4014/1338
f 647/4015/1339 648/4016/1339 69/4017/1339
f 645/4018/1340 647/4019/1340 68/4020/1340
f 649/4021/1341 648/4022/1341 76/4023/1341
f 650/4024/1342 649/4025/1342 74/4026/1342
f 649/4027/1343 650/4028/1343 71/4029/1343
f 648/4030/1344 649/4031/1344 70/4032/1344
f 651/4033/1345 650/4034/1345 73/4035/1345
f 652/4036/1346 651/4037/1346 81/4038/1346
f 651/4039/1347 652/4040/1347 146/4041/1347
f 650/4042/1348 651/4043/1348 145/4044/1348
f 653/4045/1349 652/4046/1349 80/4047/1349
f 654/4048/1350 653/4049/1350 87/4050/1350
f 653/4051/1351 654/4052/1351 152/4053/1351
f 652/4054/1352 653/4055/1352 151/4056/1352
f 656/4057/1353 654/4058/1353 86/4059/1353
f 658/4060/1354 656/4061/1354 655/4062/1354
f 656/4063/1355 658/4064/1355 154/4065/1355
f 654/4066/1356 656/4067/1356 153/4068/1356
f 660/4069/1357 658/4070/1357 657/4071/1357
f 662/4072/1358 660/4073/1358 659/4074/1358
f 660/4075/1359 662/4076/1359 663/4077/1359
f 658/4078/1360 660/4079/1360 664/4080/1360
f 666/4081/1361 662/4082/1361 661/4083/1361
f 668/4084/1362 666/4085/1362 665/4086/1362
f 666/4087/1363 668/4088/1363 669/4089/1363
f 662/4090/1364 666/4091/1364 670/4092/1364
f 672/4093/1365 668/4094/1365 667/4095/1365
f 674/4096/1366 672/4097/1366 671/4098/1366
f 672/4099/1367 674/4100/1367 675/4101/1367
f 668/4102/1368 672/4103/1368 676/4104/1368
f 678/4105/1369 674/4106/1369 673/4107/1369
f 680/4108/1370 678/4109/1370 677/4110/1370
f 678/4111/1371 680/4112/1371 553/4113/1371
f 674/4114/1372 678/4115/1372 681/4116/1372
f 683/4117/1373 680/4118/1373 679/4119/1373
f 685/4120/1374 683/4121/1374 682/4122/1374
f 683/4123/1375 685/4124/1375 555/4125/1375
f 680/4126/1376 683/4127/1376 554/4128/1376
f 687/4129/1377 685/4130/1377 684/4131/1377
f 689/4132/1378 687/4133/1378 686/4134/1378
f 687/4135/1379 689/4136/1379 629/4137/1379
f 685/4138/1380 687/4139/1380 628/4140/1380
f 691/4141/1381 689/4142/1381 688/4143/1381
f 692/4144/1382 691/4145/1382 690/4146/1382
f 691/4147/1383 692/4148/1383 625/4149/1383
f 689/4150/1384 691/4151/1384 630/4152/1384
f 693/4153/1385 692/4154/1385 623/4155/1385
f 694/4156/1386 693/4157/1386 622/4158/1386
f 693/4159/1387 694/4160/1387 548/4161/1387
f 692/4162/1388 693/4163/1388 626/4164/1388
f 695/4165/1389 694/4166/1389 621/4167/1389
f 696/4168/1390 695/4169/1390 620/4170/1390
f 695/4171/1391 696/4172/1391 539/4173/1391
f 694/4174/1392 695/4175/1392 697/4176/1392
f 698/4177/1393 696/4178/1393 619/4179/1393
f 699/4180/1394 698/4181/1394 617/4182/1394
f 698/4183/1395 699/4184/1395 614/4185/1395
f 696/4186/1396 698/4187/1396 613/4188/1396
f 701/4189/1397 699/4190/1397 616/4191/1397
f 702/4192/1398 701/4193/1398 700/4194/1398
f 701/4195/1399 702/4196/1399 610/4197/1399
f 699/4198/1400 701/4199/1400 615/4200/1400
f 703/4201/1401 702/4202/1401 608/4203/1401
f 704/4204/1402 703/4205/1402 607/4206/1402
f 703/4207/1403 704/4208/1403 533/4209/1403
f 702/4210/1404 703/4211/1404 611/4212/1404
f 705/4213/1405 704/4214/1405 606/4215/1405
f 706/4216/1406 705/4217/1406 605/4218/1406
f 705/4219/1407 706/4220/1407 529/4221/1407
f 704/4222/1408 705/4223/1408 534/4224/1408
f 707/4225/1409 706/4226/1409 604/4227/1409
f 708/4228/1410 707/4229/1410 602/4230/1410
f 707/4231/1411 708/4232/1411 599/4233/1411
f 706/4234/1412 707/4235/1412 598/4236/1412
f 710/4237/1413 708/4238/1413 601/4239/1413
f 712/4240/1414 710/4241/1414 709/4242/1414
f 710/4243/1415 712/4244/1415 595/4245/1415
f 708/4246/1416 710/4247/1416 600/4248/1416
f 714/4249/1417 712/4250/1417 711/4251/1417
f 716/4252/1418 714/4253/1418 713/4254/1418
f 714/4255/1419 716/4256/1419 591/4257/1419
f 712/4258/1420 714/4259/1420 596/4260/1420
f 718/4261/1421 716/4262/1421 715/4263/1421
f 719/4264/1422 718/4265/1422 717/4266/1422
f 718/4267/1423 719/4268/1423 587/4269/1423
f 716/4270/1424 718/4271/1424 592/4272/1424
f 720/4273/1425 719/4274/1425 585/4275/1425
f 721/4276/1426 720/4277/1426 584/4278/1426
f 720/4279/1427 721/4280/1427 514/4281/1427
f 719/4282/1428 720/4283/1428 588/4284/1428
f 722/4285/1429 721/4286/1429 583/4287/1429
f 723/4288/1430 722/4289/1430 582/4290/1430
f 722/4291/1431 723/4292/1431 508/4293/1431
f 721/4294/1432 722/4295/1432 515/4296/1432
f 724/4297/1433 723/4298/1433 577/4299/1433
f 725/4300/1434 724/4301/1434 576/4302/1434
f 724/4303/1435 725/4304/1435 504/4305/1435
f 723/4306/1436 724/4307/1436 509/4308/1436
f 726/4309/1437 725/4310/1437 502/4311/1437
f 727/4312/1438 726/4313/1438 501/4314/1438
f 726/4315/1439 727/4316/1439 418/4317/1439
f 725/4318/1440 726/4319/1440 505/4320/1440
f 728/4321/1441 727/4322/1441 500/4323/1441
f 729/4324/1442 728/4325/1442 499/4326/1442
f 728/4327/1443 729/4328/1443 414/4329/1443
f 727/4330/1444 728/4331/1444 419/4332/1444
f 730/4333/1445 729/4334/1445 412/4335/1445
f 731/4336/1446 730/4337/1446 411/4338/1446
f 730/4339/1447 731/4340/1447 332/4341/1447
f 729/4342/1448 730/4343/1448 415/4344/1448
f 732/4345/1449 731/4346/1449 410/4347/1449
f 733/4348/1450 732/4349/1450 409/4350/1450
f 732/4351/1451 733/4352/1451 328/4353/1451
f 731/4354/1452 732/4355/1452 333/4356/1452
f 734/4357/1453 733/4358/1453 404/4359/1453
f 735/4360/1454 734/4361/1454 403/4362/1454
f 734/4363/1455 735/4364/1455 324/4365/1455
f 733/4366/1456 734/4367/1456 329/4368/1456
f 736/4369/1457 735/4370/1457 322/4371/1457
f 737/4372/1458 736/4373/1458 321/4374/1458
f 736/4375/1459 737/4376/1459 247/4377/1459
f 735/4378/1460 736/4379/1460 325/4380/1460
f 738/4381/1461 737/4382/1461 320/4383/1461
f 739/4384/1462 738/4385/1462 319/4386/1462
f 738/4387/1463 739/4388/1463 240/4389/1463
f 737/4390/1464 738/4391/1464 248/4392/1464
f 741/4393/1465 739/4394/1465 318/4395/1465
f 742/4396/1466 741/4397/1466 740/4398/1466
f 741/4399/1467 742/4400/1467 243/4401/1467
f 739/4402/1468 741/4403/1468 241/4404/1468
f 743/4405/1469 742/4406/1469 156/4407/1469
f 744/4408/1470 743/4409/1470 161/4410/1470
f 743/4411/1471 744/4412/1471 245/4413/1471
f 742/4414/1472 743/4415/1472 244/4416/1472
f 745/4417/1473 744/4418/1473 160/4419/1473
f 746/4420/1474 745/4421/1474 165/4422/1474
f 745/4423/1475 746/4424/1475 251/4425/1475
f 744/4426/1476 745/4427/1476 250/4428/1476
f 747/4429/1477 746/4430/1477 164/4431/1477
f 748/4432/1478 747/4433/1478 169/4434/1478
f 747/4435/1479 748/4436/1479 257/4437/1479
f 746/4438/1480 747/4439/1480 256/4440/1480
f 749/4441/1481 748/4442/1481 168/4443/1481
f 750/4444/1482 749/4445/1482 167/4446/1482
f 749/4447/1483 750/4448/1483 751/4449/1483
f 748/4450/1484 749/4451/1484 752/4452/1484
f 753/4453/1485 750/4454/1485 100/4455/1485
f 754/4456/1486 753/4457/1486 105/4458/1486
f 753/4459/1487 754/4460/1487 755/4461/1487
f 750/4462/1488 753/4463/1488 756/4464/1488
f 757/4465/1489 754/4466/1489 104/4467/1489
f 758/4468/1490 757/4469/1490 109/4470/1490
f 757/4471/1491 758/4472/1491 110/4473/1491
f 754/4474/1492 757/4475/1492 759/4476/1492
f 760/4477/1493 758/4478/1493 108/4479/1493
f 633/4480/1494 760/4481/1494 107/4482/1494
f 760/4483/1495 633/4484/1495 113/4485/1495
f 758/4486/1496 760/4487/1496 111/4488/1496
f 761/4489/1497 763/4490/1497 110/4491/1497
f 762/4492/1498 761/4493/1498 118/4494/1498
f 761/4495/1499 762/4496/1499 187/4497/1499
f 763/4498/1500 761/4499/1500 186/4500/1500
f 764/4501/1501 762/4502/1501 117/4503/1501
f 765/4504/1502 764/4505/1502 192/4506/1502
f 764/4507/1503 765/4508/1503 189/4509/1503
f 762/4510/1504 764/4511/1504 188/4512/1504
f 766/4513/1505 765/4514/1505 191/4515/1505
f 767/4516/1506 766/4517/1506 196/4518/1506
f 766/4519/1507 767/4520/1507 768/4521/1507
f 765/4522/1508 766/4523/1508 769/4524/1508
f 770/4525/1509 767/4526/1509 195/4527/1509
f 771/4528/1510 770/4529/1510 200/4530/1510
f 770/4531/1511 771/4532/1511 201/4533/1511
f 767/4534/1512 770/4535/1512 772/4536/1512
f 773/4537/1513 771/4538/1513 199/4539/1513
f 774/4540/1514 773/4541/1514 198/4542/1514
f 773/4543/1515 774/4544/1515 204/4545/1515
f 771/4546/1516 773/4547/1516 202/4548/1516
f 775/4549/1517 774/4550/1517 129/4551/1517
f 776/4552/1518 775/4553/1518 135/4554/1518
f 775/4555/1519 776/4556/1519 206/4557/1519
f 774/4558/1520 775/4559/1520 205/4560/1520
f 777/4561/1521 776/4562/1521 134/4563/1521
f 778/4564/1522 777/4565/1522 139/4566/1522
f 777/4567/1523 778/4568/1523 779/4569/1523
f 776/4570/1524 777/4571/1524 780/4572/1524
f 781/4573/1525 778/4574/1525 138/4575/1525
f 782/4576/1526 781/4577/1526 143/4578/1526
f 781/4579/1527 782/4580/1527 783/4581/1527
f 778/4582/1528 781/4583/1528 784/4584/1528
f 785/4585/1529 782/4586/1529 142/4587/1529
f 786/4588/1530 785/4589/1530 149/4590/1530
f 785/4591/1531 786/4592/1531 787/4593/1531
f 782/4594/1532 785/4595/1532 788/4596/1532
f 789/4597/1533 786/4598/1533 148/4599/1533
f 790/4600/1534 789/4601/1534 155/4602/1534
f 789/4603/1535 790/4604/1535 791/4605/1535
f 786/4606/1536 789/4607/1536 792/4608/1536
f 793/4609/1537 790/4610/1537 154/4611/1537
f 794/4612/1538 793/4613/1538 664/4614/1538
f 793/4615/1539 794/4616/1539 795/4617/1539
f 790/4618/1540 793/4619/1540 796/4620/1540
f 797/4621/1541 794/4622/1541 663/4623/1541
f 798/4624/1542 797/4625/1542 670/4626/1542
f 797/4627/1543 798/4628/1543 799/4629/1543
f 794/4630/1544 797/4631/1544 800/4632/1544
f 801/4633/1545 798/4634/1545 669/4635/1545
f 802/4636/1546 801/4637/1546 676/4638/1546
f 801/4639/1547 802/4640/1547 480/4641/1547
f 798/4642/1548 801/4643/1548 803/4644/1548
f 804/4645/1549 802/4646/1549 675/4647/1549
f 805/4648/1550 804/4649/1550 681/4650/1550
f 804/4651/1551 805/4652/1551 482/4653/1551
f 802/4654/1552 804/4655/1552 481/4656/1552
f 806/4657/1553 805/4658/1553 553/4659/1553
f 807/4660/1554 806/4661/1554 552/4662/1554
f 806/4663/1555 807/4664/1555 475/4665/1555
f 805/4666/1556 806/4667/1556 483/4668/1556
f 808/4669/1557 807/4670/1557 551/4671/1557
f 809/4672/1558 808/4673/1558 549/4674/1558
f 808/4675/1559 809/4676/1559 546/4677/1559
f 807/4678/1560 808/4679/1560 545/4680/1560
f 810/4681/1561 809/4682/1561 548/4683/1561
f 811/4684/1562 810/4685/1562 697/4686/1562
f 810/4687/1563 811/4688/1563 541/4689/1563
f 809/4690/1564 810/4691/1564 547/4692/1564
f 812/4693/1565 811/4694/1565 539/4695/1565
f 813/4696/1566 812/4697/1566 538/4698/1566
f 812/4699/1567 813/4700/1567 466/4701/1567
f 811/4702/1568 812/4703/1568 542/4704/1568
f 814/4705/1569 813/4706/1569 537/4707/1569
f 815/4708/1570 814/4709/1570 536/4710/1570
f 814/4711/1571 815/4712/1571 460/4713/1571
f 813/4714/1572 814/4715/1572 467/4716/1572
f 816/4717/1573 815/4718/1573 458/4719/1573
f 817/4720/1574 816/4721/1574 457/4722/1574
f 816/4723/1575 817/4724/1575 371/4725/1575
f 815/4726/1576 816/4727/1576 461/4728/1576
f 818/4729/1577 817/4730/1577 456/4731/1577
f 819/4732/1578 818/4733/1578 455/4734/1578
f 818/4735/1579 819/4736/1579 364/4737/1579
f 817/4738/1580 818/4739/1580 372/4740/1580
f 820/4741/1581 819/4742/1581 450/4743/1581
f 821/4744/1582 820/4745/1582 449/4746/1582
f 820/4747/1583 821/4748/1583 441/4749/1583
f 819/4750/1584 820/4751/1584 822/4752/1584
f 823/4753/1585 821/4754/1585 448/4755/1585
f 824/4756/1586 823/4757/1586 446/4758/1586
f 823/4759/1587 824/4760/1587 443/4761/1587
f 821/4762/1588 823/4763/1588 442/4764/1588
f 825/4765/1589 824/4766/1589 445/4767/1589
f 826/4768/1590 825/4769/1590 523/4770/1590
f 825/4771/1591 826/4772/1591 436/4773/1591
f 824/4774/1592 825/4775/1592 444/4776/1592
f 827/4777/1593 826/4778/1593 518/4779/1593
f 828/4780/1594 827/4781/1594 517/4782/1594
f 827/4783/1595 828/4784/1595 829/4785/1595
f 826/4786/1596 827/4787/1596 830/4788/1596
f 831/4789/1597 828/4790/1597 512/4791/1597
f 832/4792/1598 831/4793/1598 511/4794/1598
f 831/4795/1599 832/4796/1599 833/4797/1599
f 828/4798/1600 831/4799/1600 834/4800/1600
f 835/4801/1601 832/4802/1601 424/4803/1601
f 836/4804/1602 835/4805/1602 423/4806/1602
f 835/4807/1603 836/4808/1603 344/4809/1603
f 832/4810/1604 835/4811/1604 837/4812/1604
f 838/4813/1605 836/4814/1605 422/4815/1605
f 839/4816/1606 838/4817/1606 421/4818/1606
f 838/4819/1607 839/4820/1607 340/4821/1607
f 836/4822/1608 838/4823/1608 345/4824/1608
f 840/4825/1609 839/4826/1609 338/4827/1609
f 841/4828/1610 840/4829/1610 337/4830/1610
f 840/4831/1611 841/4832/1611 265/4833/1611
f 839/4834/1612 840/4835/1612 341/4836/1612
f 842/4837/1613 841/4838/1613 336/4839/1613
f 843/4840/1614 842/4841/1614 335/4842/1614
f 842/4843/1615 843/4844/1615 261/4845/1615
f 841/4846/1616 842/4847/1616 266/4848/1616
f 844/4849/1617 843/4850/1617 259/4851/1617
f 845/4852/1618 844/4853/1618 258/4854/1618
f 844/4855/1619 845/4856/1619 170/4857/1619
f 843/4858/1620 844/4859/1620 262/4860/1620
f 846/4861/1621 845/4862/1621 257/4863/1621
f 847/4864/1622 846/4865/1622 752/4866/1622
f 846/4867/1623 847/4868/1623 173/4869/1623
f 845/4870/1624 846/4871/1624 171/4872/1624
f 848/4873/1625 847/4874/1625 751/4875/1625
f 849/4876/1626 848/4877/1626 756/4878/1626
f 848/4879/1627 849/4880/1627 175/4881/1627
f 847/4882/1628 848/4883/1628 174/4884/1628
f 850/4885/1629 849/4886/1629 755/4887/1629
f 763/4888/1630 850/4889/1630 759/4890/1630
f 850/4891/1631 763/4892/1631 181/4893/1631
f 849/4894/1632 850/4895/1632 180/4896/1632
f 851/4897/1633 853/4898/1633 183/4899/1633
f 852/4900/1634 851/4901/1634 190/4902/1634
f 851/4903/1635 852/4904/1635 276/4905/1635
f 853/4906/1636 851/4907/1636 275/4908/1636
f 854/4909/1637 852/4910/1637 189/4911/1637
f 855/4912/1638 854/4913/1638 769/4914/1638
f 854/4915/1639 855/4916/1639 282/4917/1639
f 852/4918/1640 854/4919/1640 281/4920/1640
f 856/4921/1641 855/4922/1641 768/4923/1641
f 857/4924/1642 856/4925/1642 772/4926/1642
f 856/4927/1643 857/4928/1643 288/4929/1643
f 855/4930/1644 856/4931/1644 287/4932/1644
f 858/4933/1645 857/4934/1645 201/4935/1645
f 859/4936/1646 858/4937/1646 209/4938/1646
f 858/4939/1647 859/4940/1647 210/4941/1647
f 857/4942/1648 858/4943/1648 293/4944/1648
f 860/4945/1649 859/4946/1649 208/4947/1649
f 861/4948/1650 860/4949/1650 207/4950/1650
f 860/4951/1651 861/4952/1651 213/4953/1651
f 859/4954/1652 860/4955/1652 211/4956/1652
f 862/4957/1653 861/4958/1653 206/4959/1653
f 863/4960/1654 862/4961/1654 780/4962/1654
f 862/4963/1655 863/4964/1655 215/4965/1655
f 861/4966/1656 862/4967/1656 214/4968/1656
f 864/4969/1657 863/4970/1657 779/4971/1657
f 865/4972/1658 864/4973/1658 784/4974/1658
f 864/4975/1659 865/4976/1659 866/4977/1659
f 863/4978/1660 864/4979/1660 867/4980/1660
f 868/4981/1661 865/4982/1661 783/4983/1661
f 869/4984/1662 868/4985/1662 788/4986/1662
f 868/4987/1663 869/4988/1663 870/4989/1663
f 865/4990/1664 868/4991/1664 871/4992/1664
f 872/4993/1665 869/4994/1665 787/4995/1665
f 873/4996/1666 872/4997/1666 792/4998/1666
f 872/4999/1667 873/5000/1667 874/5001/1667
f 869/5002/1668 872/5003/1668 875/5004/1668
f 876/5005/1669 873/5006/1669 791/5007/1669
f 877/5008/1670 876/5009/1670 796/5010/1670
f 876/5011/1671 877/5012/1671 878/5013/1671
f 873/5014/1672 876/5015/1672 879/5016/1672
f 880/5017/1673 877/5018/1673 795/5019/1673
f 881/5020/1674 880/5021/1674 800/5022/1674
f 880/5023/1675 881/5024/1675 392/5025/1675
f 877/5026/1676 880/5027/1676 882/5028/1676
f 883/5029/1677 881/5030/1677 799/5031/1677
f 884/5032/1678 883/5033/1678 803/5034/1678
f 883/5035/1679 884/5036/1679 394/5037/1679
f 881/5038/1680 883/5039/1680 393/5040/1680
f 885/5041/1681 884/5042/1681 480/5043/1681
f 886/5044/1682 885/5045/1682 479/5046/1682
f 885/5047/1683 886/5048/1683 387/5049/1683
f 884/5050/1684 885/5051/1684 395/5052/1684
f 887/5053/1685 886/5054/1685 478/5055/1685
f 888/5056/1686 887/5057/1686 476/5058/1686
f 887/5059/1687 888/5060/1687 473/5061/1687
f 886/5062/1688 887/5063/1688 472/5064/1688
f 889/5065/1689 888/5066/1689 475/5067/1689
f 890/5068/1690 889/5069/1690 544/5070/1690
f 889/5071/1691 890/5072/1691 468/5073/1691
f 888/5074/1692 889/5075/1692 474/5076/1692
f 891/5077/1693 890/5078/1693 466/5079/1693
f 892/5080/1694 891/5081/1694 465/5082/1694
f 891/5083/1695 892/5084/1695 379/5085/1695
f 890/5086/1696 891/5087/1696 469/5088/1696
f 893/5089/1697 892/5090/1697 464/5091/1697
f 894/5092/1698 893/5093/1698 463/5094/1698
f 893/5095/1699 894/5096/1699 373/5097/1699
f 892/5098/1700 893/5099/1700 380/5100/1700
f 895/5101/1701 894/5102/1701 371/5103/1701
f 896/5104/1702 895/5105/1702 370/5106/1702
f 895/5107/1703 896/5108/1703 299/5109/1703
f 894/5110/1704 895/5111/1704 374/5112/1704
f 897/5113/1705 896/5114/1705 369/5115/1705
f 898/5116/1706 897/5117/1706 368/5118/1706
f 897/5119/1707 898/5120/1707 295/5121/1707
f 896/5122/1708 897/5123/1708 300/5124/1708
f 899/5125/1709 898/5126/1709 367/5127/1709
f 900/5128/1710 899/5129/1710 365/5130/1710
f 899/5131/1711 900/5132/1711 362/5133/1711
f 898/5134/1712 899/5135/1712 361/5136/1712
f 901/5137/1713 900/5138/1713 364/5139/1713
f 902/5140/1714 901/5141/1714 822/5142/1714
f 901/5143/1715 902/5144/1715 358/5145/1715
f 900/5146/1716 901/5147/1716 363/5148/1716
f 903/5149/1717 902/5150/1717 441/5151/1717
f 904/5152/1718 903/5153/1718 440/5154/1718
f 903/5155/1719 904/5156/1719 354/5157/1719
f 902/5158/1720 903/5159/1720 359/5160/1720
f 905/5161/1721 904/5162/1721 439/5163/1721
f 906/5164/1722 905/5165/1722 437/5166/1722
f 905/5167/1723 906/5168/1723 434/5169/1723
f 904/5170/1724 905/5171/1724 433/5172/1724
f 907/5173/1725 906/5174/1725 436/5175/1725
f 908/5176/1726 907/5177/1726 830/5178/1726
f 907/5179/1727 908/5180/1727 430/5181/1727
f 906/5182/1728 907/5183/1728 435/5184/1728
f 909/5185/1729 908/5186/1729 829/5187/1729
f 910/5188/1730 909/5189/1730 834/5190/1730
f 909/5191/1731 910/5192/1731 426/5193/1731
f 908/5194/1732 909/5195/1732 431/5196/1732
f 911/5197/1733 910/5198/1733 833/5199/1733
f 912/5200/1734 911/5201/1734 837/5202/1734
f 911/5203/1735 912/5204/1735 346/5205/1735
f 910/5206/1736 911/5207/1736 427/5208/1736
f 913/5209/1737 912/5210/1737 344/5211/1737
f 914/5212/1738 913/5213/1738 343/5214/1738
f 913/5215/1739 914/5216/1739 271/5217/1739
f 912/5218/1740 913/5219/1740 347/5220/1740
f 915/5221/1741 914/5222/1741 269/5223/1741
f 853/5224/1742 915/5225/1742 268/5226/1742
f 915/5227/1743 853/5228/1743 274/5229/1743
f 914/5230/1744 915/5231/1744 272/5232/1744
f 916/5233/1745 918/5234/1745 217/5235/1745
f 917/5236/1746 916/5237/1746 216/5238/1746
f 916/5239/1747 917/5240/1747 222/5241/1747
f 918/5242/1748 916/5243/1748 220/5244/1748
f 919/5245/1749 917/5246/1749 215/5247/1749
f 920/5248/1750 919/5249/1750 867/5250/1750
f 919/5251/1751 920/5252/1751 224/5253/1751
f 917/5254/1752 919/5255/1752 223/5256/1752
f 921/5257/1753 920/5258/1753 866/5259/1753
f 922/5260/1754 921/5261/1754 871/5262/1754
f 921/5263/1755 922/5264/1755 230/5265/1755
f 920/5266/1756 921/5267/1756 229/5268/1756
f 923/5269/1757 922/5270/1757 870/5271/1757
f 924/5272/1758 923/5273/1758 875/5274/1758
f 923/5275/1759 924/5276/1759 236/5277/1759
f 922/5278/1760 923/5279/1760 235/5280/1760
f 925/5281/1761 924/5282/1761 874/5283/1761
f 926/5284/1762 925/5285/1762 879/5286/1762
f 925/5287/1763 926/5288/1763 238/5289/1763
f 924/5290/1764 925/5291/1764 237/5292/1764
f 927/5293/1765 926/5294/1765 878/5295/1765
f 928/5296/1766 927/5297/1766 882/5298/1766
f 927/5299/1767 928/5300/1767 313/5301/1767
f 926/5302/1768 927/5303/1768 312/5304/1768
f 929/5305/1769 928/5306/1769 392/5307/1769
f 930/5308/1770 929/5309/1770 391/5310/1770
f 929/5311/1771 930/5312/1771 309/5313/1771
f 928/5314/1772 929/5315/1772 314/5316/1772
f 931/5317/1773 930/5318/1773 390/5319/1773
f 932/5320/1774 931/5321/1774 388/5322/1774
f 931/5323/1775 932/5324/1775 385/5325/1775
f 930/5326/1776 931/5327/1776 384/5328/1776
f 933/5329/1777 932/5330/1777 387/5331/1777
f 934/5332/1778 933/5333/1778 471/5334/1778
f 933/5335/1779 934/5336/1779 381/5337/1779
f 932/5338/1780 933/5339/1780 386/5340/1780
f 935/5341/1781 934/5342/1781 379/5343/1781
f 936/5344/1782 935/5345/1782 378/5346/1782
f 935/5347/1783 936/5348/1783 305/5349/1783
f 934/5350/1784 935/5351/1784 382/5352/1784
f 937/5353/1785 936/5354/1785 377/5355/1785
f 938/5356/1786 937/5357/1786 376/5358/1786
f 937/5359/1787 938/5360/1787 301/5361/1787
f 936/5362/1788 937/5363/1788 306/5364/1788
f 939/5365/1789 938/5366/1789 299/5367/1789
f 918/5368/1790 939/5369/1790 298/5370/1790
f 939/5371/1791 918/5372/1791 219/5373/1791
f 938/5374/1792 939/5375/1792 302/5376/1792