# Made in Blockbench 5.0.4
mtllib Mountain_desert_009.mtl

o Mountain_desert_009
v 1150.0001 -0.000037701062 -862.4998
v 1150.0001 -0.000043984575 -1006.2498
v 1006.2501 -0.00004398458 -1006.2498
v 1150.0001 -0.000050268092 -1149.9998
v 1006.2502 -0.000050268092 -1149.9998
v 862.5002 -0.000050268092 -1149.9998
v 862.5001 -0.00004398458 -1006.2498
v 862.5001 21.29527 -898.4374
v 1006.2501 25.964472 -898.4374
v 718.7501 -0.00004398458 -1006.2498
v 718.7502 -0.000050268092 -1149.9998
v 575.0002 -0.000050268092 -1149.9998
v 575.0001 -0.000043984583 -1006.2499
v 575.0001 19.73887 -898.4374
v 718.7501 19.73887 -898.4374
v 431.25015 -0.000043984583 -1006.2499
v 431.25018 -0.000050268092 -1149.9998
v 287.50015 -0.000050268096 -1150
v 323.43765 19.984198 -995.9653
v 351.38904 35.20039 -921.8179
v 431.2501 19.73887 -898.4374
v 287.50012 159.49843 -850.98114
v 251.56264 146.11525 -934.2574
v 143.75014 184.77629 -923.9728
v 223.61128 127.87652 -990.121
v 143.75017 147.34189 -990.64667
v 0.00016865696 152.01108 -990.64655
v 0.00014978088 203.4531 -923.9728
v 0.00012998901 236.22191 -841.93066
v 143.75012 208.2067 -841.93066
v -143.74985 209.6787 -923.9728
v -143.74983 153.5675 -990.64667
v -223.61095 144.47813 -990.1211
v -251.56236 183.46887 -934.2575
v -287.49988 230.22127 -850.98126
v -143.74986 245.56032 -841.93066
v -351.3887 54.568928 -921.818
v -323.43735 26.209799 -995.9654
v -431.24985 -0.000043984586 -1006.25
v -287.49982 -0.000050268096 -1150
v -431.24982 -0.000050268103 -1150.0001
v -574.9998 -0.000050268103 -1150.0001
v -574.9999 -0.000043984586 -1006.25
v -574.9999 32.19007 -898.4375
v -431.24985 32.19007 -898.4375
v -718.7499 -0.000043984586 -1006.2501
v -718.7498 -0.000050268103 -1150.0001
v -862.4998 -0.000050268103 -1150.0001
v -862.4999 -0.000043984586 -1006.2501
v -870.50867 20.601633 -862.5001
v -718.7499 32.19007 -898.4376
v -1006.2498 -0.000043984586 -1006.2501
v -1006.2498 -0.000050268103 -1150.0001
v -1149.9998 -0.000050268103 -1150.0001
v -1149.9998 -0.00004398459 -1006.2502
v -1149.9998 -0.00003770108 -862.5002
v -1014.59235 -0.00003770108 -862.5002
v 1114.0626 223.77437 -574.9998
v 1114.0626 219.10518 -718.7498
v 1006.2501 232.61847 -718.7499
v 1086.1112 183.69238 -798.6109
v 1006.2501 187.97714 -826.5624
v 862.5001 159.96194 -826.5624
v 862.5001 359.3677 -718.7499
v 862.5 392.0521 -574.9999
v 1006.25 251.29529 -574.9999
v 718.7501 207.71606 -718.7499
v 718.7501 150.62354 -826.5624
v 575.0001 150.62352 -826.5624
v 575.0001 207.71606 -718.7499
v 575.00006 390.4957 -575
v 718.75006 390.4957 -574.9999
v 431.2501 207.71606 -718.7499
v 431.2501 150.62354 -826.5624
v 287.50012 213.94167 -718.7499
v 287.5001 271.75403 -574.9999
v 431.2501 245.06967 -574.9999
v 143.7501 309.7802 -718.75
v 0.00010852823 328.457 -718.75
v 0.00009224899 283.5758 -610.9375
v 143.75008 278.90665 -610.9375
v -143.7499 334.68262 -718.7499
v -287.49988 334.68262 -718.75006
v -287.4999 285.13223 -610.93756
v -143.74991 285.13223 -610.9375
v -431.24985 257.52087 -718.75006
v -431.24985 225.33073 -826.5625
v -574.9999 225.33076 -826.5625
v -574.9999 257.52087 -718.75006
v -574.9999 278.7267 -575.00006
v -431.2499 285.13223 -610.93756
v -718.7499 257.52087 -718.7501
v -718.7499 225.33073 -826.5626
v -802.31885 200.29402 -798.6113
v -834.90485 225.33076 -718.7501
v -841.1618 225.33078 -575.0001
v -718.7499 257.52087 -575.0001
v -986.034 32.190086 -575.0001
v -948.49255 32.19008 -718.7501
v -1039.62 -0.000031417567 -718.7502
v -1149.9998 -0.000031417567 -718.7502
v -1149.9998 -0.000025134057 -575.0002
v -1064.6476 -0.000025134057 -575.0002
v 1086.1111 200.29402 -351.3887
v 1114.0626 225.33076 -431.24982
v 1006.25 257.52087 -431.24985
v 862.5 257.52087 -431.24985
v 872.9699 236.91922 -287.49988
v 1006.25 225.33076 -323.43735
v 718.75006 402.9469 -431.24985
v 575.00006 402.9469 -431.2499
v 576.49567 294.53864 -287.49994
v 728.0981 257.52087 -287.49988
v 431.25006 257.52087 -431.24994
v 323.43756 307.22336 -431.24994
v 351.38892 371.7919 -351.38882
v 431.25006 321.3411 -323.43744
v 287.5 752.24945 -301.45636
v 251.56255 605.4381 -431.25
v 143.75005 655.14056 -431.25
v 223.61116 498.05273 -511.11102
v 143.75008 494.98254 -539.0625
v 0.000079488826 494.98254 -539.0625
v 0.00006130224 655.14056 -431.25006
v 0.000036683996 787.68713 -312.42203
v 143.75002 787.68726 -312.42203
v -143.74995 702.102 -481.39273
v -143.74992 494.98254 -539.0626
v -287.4999 494.98254 -539.0626
v -287.49994 655.14056 -431.25015
v -287.49994 787.68713 -312.4221
v -143.74997 834.6487 -362.5647
v -431.24994 655.14056 -431.25015
v -431.2499 494.98254 -539.0627
v -511.11096 498.05273 -511.1112
v -539.0624 605.4381 -431.25015
v -574.9999 761.1795 -301.45648
v -431.24994 787.68726 -312.42212
v -638.88885 375.33563 -351.389
v -610.9374 307.22336 -431.2501
v -718.7499 257.52087 -431.2501
v -843.2475 225.33076 -431.2501
v -850.1784 282.8671 -287.50015
v -718.7499 329.31442 -323.43765
v -998.5477 32.190098 -287.50015
v -998.5477 32.190094 -431.25015
v -1072.9901 -0.000018850542 -431.25015
v -1149.9998 -0.000018850544 -431.25018
v -1150 -0.000012567031 -287.50015
v -1072.9902 -0.000012567031 -287.50015
v 1150 7.590271e-12 0.00017364517
v 1150 -0.0000062835047 -143.74983
v 1043.6423 -0.0000062835047 -143.74985
v 1150 -0.000012567016 -287.49982
v 1015.5981 32.190098 -251.56233
v 955.4719 57.226856 -223.611
v 963.87415 32.190105 -143.74985
v 1010.6147 32.190113 0.00014070107
v 1071.6868 6.90664e-12 0.0001580055
v 947.19 258.7851 0.00012203959
v 891.99915 225.33078 -143.74986
v 756.1424 257.5209 -143.74991
v 620.2856 313.3678 -143.74992
v 663.81714 351.29785 -63.888805
v 774.83856 300.97833 -35.937397
v 576.87616 692.1867 -8.307297
v 539.0625 664.3957 -156.21097
v 431.25 768.08264 -193.59409
v 511.1111 629.81854 -229.14929
v 431.25 704.26245 -264.0235
v 287.5 815.9227 -230.97717
v 298.80643 845.44183 -166.77829
v 438.7876 803.5818 -110.703636
v 143.75 831.8694 -243.43826
v 0.000017684666 831.8694 -243.43826
v 0.87074405 859.39514 -185.46988
v 151.28761 859.3952 -185.46986
v -143.75 831.8694 -243.43826
v -287.50003 831.8694 -243.4383
v -296.24966 859.39514 -185.46992
v -147.80466 859.3952 -185.4699
v -431.25 831.8694 -243.43831
v -574.9999 831.8694 -230.97734
v -592.01965 859.39514 -166.77841
v -445.97525 859.3952 -185.46994
v -718.75 831.8694 -193.59425
v -718.7499 760.0759 -264.02365
v -798.6111 704.2364 -229.14949
v -826.5625 760.0759 -156.21118
v -841.2072 803.53796 -11.96275
v -729.4206 859.3952 -110.70381
v -986.034 32.190113 -0.0001312206
v -998.54785 32.190105 -143.75012
v -1072.9902 -0.0000062835184 -143.75015
v -1150 -0.0000062835193 -143.75017
v -1150 -7.590271e-12 -0.00017364517
v -1064.6477 -6.526689e-12 -0.00014931324
v 1150 0.000012567031 287.50015
v 1150 0.0000062835193 143.75017
v 1081.0348 0.0000062835193 143.75017
v 1019.96277 32.190117 143.75014
v 1012.95154 32.190125 287.50012
v 1081.0348 0.000012567031 287.50015
v 802.76556 476.6784 223.6112
v 835.9105 495.01358 143.75009
v 718.7499 586.13116 143.75008
v 823.53925 487.26138 63.888985
v 728.0981 556.96075 35.937588
v 610.9374 694.4156 143.75005
v 575.8373 638.21387 287.5001
v 718.7498 533.1492 251.56258
v 534.5613 965.6353 223.61116
v 554.13763 1003.84064 143.75003
v 491.55078 1052.0754 143.75003
v 534.5614 976.2182 58.350693
v 484.01328 1016.5763 23.476498
v 373.12726 1069.2986 9.043657
v 413.88882 1105.1724 143.75002
v 368.22952 1068.2604 264.5
v 484.0132 1011.814 251.56253
v 221.66753 1613.341 223.6111
v 251.56247 1592.8046 143.74995
v 143.74997 1675.6938 143.74994
v 223.61111 1588.5371 63.888855
v 143.75 1643.6239 35.937454
v -0.6487504 1747.7933 22.999924
v 35.937466 1783.8895 143.74992
v -4.198124 1797.8615 264.49994
v 139.37698 1682.9939 251.56242
v -63.888954 2046.0713 223.61102
v -35.937542 2038.4341 143.74992
v -143.75003 2076.9893 143.74988
v -63.888912 1972.6488 63.888783
v -143.75 1986.7727 35.937374
v -223.61115 1981.7816 63.88875
v -251.5625 2042.5438 143.74988
v -223.61116 2047.8977 223.61102
v -143.75006 2094.205 251.56241
v -288.1997 1817.321 264.49994
v -323.43753 1835.8713 143.74986
v -431.25 1801.4259 143.74986
v -291.39246 1805.3911 22.999857
v -435.30463 1785.7948 35.937344
v -512.9132 1771.3345 63.888718
v -539.0625 1784.0675 143.74983
v -511.1111 1770.5665 223.61098
v -431.25 1784.0675 251.56238
v -696.2185 1083.2975 264.49988
v -738.9852 1128.386 143.74986
v -804.1152 1052.0754 143.74985
v -700.7597 1083.574 9.043514
v -793.44446 1024.5497 23.476313
v -831.80865 1003.1408 58.350487
v -847.9038 1024.5497 143.74982
v -831.80884 1003.1408 223.61095
v -793.44464 1024.5497 251.56233
v -948.6357 57.22688 223.611
v -948.4926 32.190117 143.74986
v -1039.6201 0.0000062835047 143.74985
v -1150 0.0000062835047 143.74983
v -1150 0.000012567016 287.49982
v -1014.5925 32.190125 251.56233
v 1149.9998 0.000025134057 575.0002
v 1149.9998 0.000018850544 431.25018
v 1081.0347 0.000018850542 431.25015
v 1010.61456 32.19013 431.2501
v 996.5924 32.190136 575.0001
v 1071.6866 0.000025134057 575.0002
v 842.92163 225.33083 575.0001
v 845.2586 225.33081 431.2501
v 718.7499 257.5209 431.2501
v 860.4396 258.02313 287.50012
v 718.7499 296.2161 323.4376
v 638.8888 336.48175 351.38895
v 610.9374 303.8432 431.2501
v 574.9999 289.2049 575.00006
v 718.7499 257.5209 575.0001
v 511.11096 585.37036 511.1111
v 539.0624 607.24805 431.25006
v 431.2499 729.9842 431.25
v 438.7875 770.2456 323.43753
v 297.71307 837.10785 323.43747
v 287.49994 806.39813 431.24994
v 287.4999 747.70715 575
v 431.2499 670.92633 539.0625
v 143.74994 831.8694 431.24994
v 146.91458 859.3952 323.43747
v -4.6751184 857.2197 323.43744
v -0.00006130224 823.1678 431.24994
v -0.000079040605 753.61755 574.99994
v 143.74991 789.10077 574.99994
v -143.75006 797.0628 431.2499
v -148.12303 850.6936 323.4374
v -291.26096 844.16724 320.32217
v -287.50006 770.9578 418.7889
v -287.5001 668.70856 517.25555
v -143.75008 707.86597 539.06244
v -431.25006 762.2563 381.4058
v -441.92072 841.9919 310.97638
v -591.00604 844.16724 304.7458
v -575.00006 770.9578 356.4837
v -575.00006 668.70856 408.22153
v -431.25006 655.6561 451.83514
v -718.75006 797.0628 381.40573
v -729.4207 850.6936 310.9763
v -841.2074 802.1457 285.50607
v -826.5625 751.37427 418.78882
v -798.61127 681.03204 472.34326
v -718.75006 707.86597 451.8351
v -862.5 302.07657 561.04346
v -898.4375 329.31448 431.24985
v -1006.25 257.5209 431.24985
v -886.83484 282.86716 287.49985
v -1006.25 225.33081 323.43735
v -1086.1111 200.29407 351.3887
v -1114.0626 225.33081 431.24982
v -1114.0626 225.33083 574.9998
v -1006.25 257.5209 574.9999
v 1149.9998 0.00003770108 862.5002
v 1149.9998 0.000031417567 718.7502
v 1043.6422 0.000031417567 718.7502
v 954.52594 32.190144 718.7501
v 912.4595 32.19015 859.66565
v 1015.5979 0.00003770108 862.5002
v 828.8994 225.33086 842.6591
v 835.9104 225.33081 718.7501
v 718.7499 257.5209 718.7501
v 574.9999 257.5209 718.75006
v 574.9999 257.52094 839.8246
v 718.7499 257.52094 839.8247
v 431.24985 257.5209 718.75006
v 431.2499 316.57883 610.93756
v 351.3888 369.98947 638.889
v 323.43738 307.93015 718.75006
v 287.49988 258.49017 853.6818
v 431.24985 257.52094 839.8246
v 223.611 504.6492 798.61127
v 251.56238 610.38544 718.75
v 143.7499 660.7947 718.74994
v 35.937397 610.38544 718.74994
v 63.888763 504.6492 798.61115
v 143.74986 503.46368 826.5625
v -0.00012676098 258.9167 839.49994
v -35.937607 307.93015 718.75
v -143.7501 257.5209 718.75
v -63.888977 371.78238 638.88885
v -143.75008 320.61285 610.9375
v -287.5001 314.08664 589.1306
v -287.5001 257.5209 706.2889
v -287.50012 236.91928 860.50616
v -143.75012 225.33083 826.5625
v -431.2501 257.5209 668.9058
v -431.2501 311.9112 523.71027
v -575.00006 314.08664 480.0966
v -575.0001 257.5209 643.98376
v -575.0001 236.91928 850.5373
v -431.2501 257.52094 850.0388
v -718.7501 257.5209 668.90576
v -718.75006 320.61285 523.7102
v -862.5001 257.5209 706.2888
v -862.5001 225.33086 823.44714
v -718.7501 225.33081 814.1013
v -1006.2501 257.5209 718.7499
v -1114.0626 225.33081 718.7498
v -1086.1112 200.29407 798.6109
v -1006.2501 225.33083 826.5624
v 1149.9998 0.000050268103 1150.0001
v 1149.9998 0.00004398459 1006.2502
v 1006.2498 0.000043984586 1006.2501
v 898.4374 32.190155 994.9124
v 862.4998 0.000050268103 1150.0001
v 1006.2498 0.000050268103 1150.0001
v 798.611 200.29408 980.2924
v 826.5624 225.33083 926.886
v 718.7499 257.52094 915.54834
v 574.9999 257.52094 915.5482
v 574.9999 225.33086 978.00977
v 718.7499 225.33083 978.0099
v 431.24985 257.52094 915.5482
v 323.43735 225.33083 926.886
v 351.3887 200.29408 980.2924
v 431.24985 225.33083 978.0099
v 287.49982 0.000050268096 1150
v 251.56233 32.190155 994.91235
v 143.74985 0.000043984586 1006.25
v 223.611 57.22691 921.3499
v 143.74986 32.19015 898.4375
v -0.00013566029 32.19015 898.4375
v -0.00015193953 0.000043984586 1006.25
v -0.00017364517 0.000050268096 1150
v 143.74983 0.000050268096 1150
v -143.75015 0.000043984586 1006.25
v -143.75014 32.19015 898.4375
v -223.61127 57.22691 926.38873
v -251.56264 32.190155 1006.2499
v -287.50015 0.000050268096 1150
v -143.75017 0.000050268096 1150
v -351.38904 163.95235 1086.1112
v -323.43765 225.33083 1006.2499
v -431.25015 257.52094 1006.2499
v -539.0626 225.33083 1006.2499
v -511.1112 163.95235 1086.111
v -431.25018 188.9891 1114.0623
v -575.0002 0.000050268092 1149.9998
v -610.9376 32.190155 1006.2498
v -718.7501 0.00004398458 1006.2498
v -638.88904 57.22691 926.38873
v -718.7501 32.19015 898.4374
v -862.5001 32.19015 898.4374
v -862.5001 0.00004398458 1006.2498
v -862.5002 0.000050268092 1149.9998
v -718.7502 0.000050268092 1149.9998
v -1006.2501 0.00004398458 1006.2498
v -1006.2501 32.19015 898.4374
v -1150.0001 0.000037701062 862.4998
v -1150.0001 0.000043984575 1006.2498
v -1150.0001 0.000050268092 1149.9998
v -1006.2502 0.000050268092 1149.9998
v 1006.2501 103.85801 -862.4999
v 862.5001 85.181206 -862.4999
v 1114.0626 122.53481 -826.5623
v 718.7501 78.955605 -862.4999
v 575.0001 78.955605 -862.4999
v 431.2501 78.955605 -862.4999
v 323.43762 79.20093 -888.1528
v 287.50015 79.93692 -965.1113
v 251.56264 80.672905 -1042.07
v 143.75017 -0.000050268096 -1150
v 143.75018 80.91824 -1067.7228
v 0.00017364517 -0.000050268096 -1150
v 0.0001712481 80.91824 -1067.7228
v -143.74983 -0.000050268096 -1150
v -143.74983 80.91824 -1067.7228
v -251.56233 86.89851 -1042.07
v -287.49985 104.839325 -965.11145
v -323.43738 122.78014 -888.1529
v -431.24985 128.7604 -862.5
v -574.9999 128.7604 -862.5
v -718.7499 128.7604 -862.5001
v -834.90485 128.7604 -826.5626
v -895.87 128.7604 -718.7501
v -920.8976 128.76042 -575.0001
v -929.2401 128.76042 -431.25015
v -929.2401 128.76044 -287.50015
v -929.24023 128.76044 -143.75012
v -920.8977 128.76045 -0.00013275904
v -877.0994 297.1244 -0.00014256504
v -879.185 297.12436 -143.75014
v -895.8701 128.76045 143.74986
v -906.78 128.76045 251.56236
v -870.8425 297.12436 143.74985
v -1006.25 128.76045 287.49985
v -1114.0625 128.76045 323.43732
v -1150.0001 0.00001885053 431.24982
v -1150.0001 128.76047 431.24982
v -1150.0001 0.000025134039 574.9998
v -1150.0001 128.76047 574.9998
v -1150.0001 0.000031417552 718.7498
v -1150.0001 128.76048 718.7498
v -1114.0626 128.76048 826.5623
v -1006.2501 128.76048 862.4999
v -862.5001 128.76048 862.4999
v -718.7501 128.76048 862.4999
v -610.9376 128.76048 898.4374
v -575.0001 128.7605 1006.2499
v -539.0627 128.7605 1114.0623
v -431.25018 0.000050268092 1149.9998
v -431.25018 128.7605 1149.9998
v -323.43765 128.7605 1114.0625
v -287.50015 128.7605 1006.2499
v -251.56264 128.76048 898.4374
v -143.75014 128.76048 862.5
v -0.00013023388 128.76048 862.5
v 143.74986 128.76048 862.5
v 251.56236 128.76048 887.09985
v 143.74986 254.3557 862.5
v 287.49985 128.7605 960.8992
v 323.43735 128.7605 1034.6985
v 431.24982 0.000050268103 1150.0001
v 431.24985 128.7605 1059.2983
v 574.9998 0.000050268103 1150.0001
v 574.9998 128.7605 1059.2983
v 718.7498 0.000050268103 1150.0001
v 718.7498 128.7605 1059.2983
v 826.5623 128.7605 1034.6986
v 862.4999 128.7605 960.8992
v 871.8479 128.76048 851.1624
v 956.41327 128.76048 718.7501
v 984.45776 128.76047 575.0001
v 993.8058 128.76047 431.2501
v 1003.1538 128.76045 287.50015
v 974.6772 128.76045 143.75014
v 984.02527 128.76045 0.0001315113
v 937.2847 256.3988 143.75012
v 937.2847 128.76044 -143.74986
v 917.1337 128.76044 -251.56236
v 1006.25 128.76044 -287.49985
v 1114.0625 128.76044 -323.43732
v 1150.0001 -0.00001885053 -431.24982
v 1150.0001 128.76042 -431.24982
v 1150.0001 -0.000025134039 -574.9998
v 1150.0001 128.76042 -574.9998
v 1150.0001 -0.000031417552 -718.7498
v 1150.0001 128.7604 -718.7498
v 143.75008 367.96628 -575
v 0.00008682258 367.96628 -575
v 251.56258 390.0574 -539.0624
v -143.74991 367.96628 -575.00006
v -287.4999 367.96628 -575.0002
v -431.2499 367.96628 -575.0001
v -539.0624 390.0574 -539.06256
v -574.9999 456.33072 -431.2501
v -610.9374 522.60406 -323.43762
v -718.7499 544.6952 -287.50015
v -826.5624 544.6952 -251.56264
v -954.09296 544.6952 -143.75015
v -954.09296 544.6952 -0.00015261464
v -954.09296 544.6952 143.74985
v -954.0931 544.6952 287.49985
v -862.5 787.6017 143.74982
v -862.5 544.6952 431.24985
v -826.5625 535.9935 514.1403
v -718.75006 509.8886 475.3116
v -575.00006 483.78366 425.46753
v -431.25006 475.08203 475.3117
v -287.5001 483.78372 550.0779
v -143.75008 509.88864 575
v -35.937588 514.60925 610.9375
v -0.00010471354 459.1578 718.75
v 35.93737 395.00476 826.5625
v 143.74986 373.6204 862.5
v 251.56238 395.00476 826.5625
v 287.49988 459.1578 718.75006
v 323.4374 510.57526 610.93756
v 431.2499 493.75262 575.00006
v 539.0624 455.54556 539.06256
v 574.9999 442.80997 431.2501
v 610.9374 435.1828 323.43756
v 718.7498 412.30145 287.5001
v 835.9104 389.4201 251.56259
v 899.89233 381.79294 143.75012
v 882.65106 394.1824 35.93761
v 756.1424 431.3507 0.00009198153
v 620.2856 468.519 -35.937424
v 575 480.90845 -143.74992
v 539.06256 488.88177 -251.56245
v 431.25 512.8018 -287.49994
v 323.43753 514.63074 -323.43744
v 287.50006 456.33072 -431.24994
v 461.40045 910.079 -49.84408
v 332.72568 933.9991 -87.22719
v 546.6001 881.39667 23.476515
v 173.90045 941.9725 -99.68825
v 3.4829557 941.97235 -99.68827
v -1.5541065 1083.0988 7.0498357
v 188.97566 1090.9807 -24.922077
v -159.96863 941.9725 -99.6883
v -322.4986 941.97235 -99.68832
v -344.5044 1084.9558 7.049784
v -172.45093 1024.5497 11.015374
v -490.15115 941.9725 -99.68834
v -643.0785 941.97235 -87.227325
v -523.65643 1102.5874 -24.922176
v -761.43256 941.9725 -49.84427
v -837.23315 941.97235 23.4763
v -862.5 941.9725 143.74982
v -837.23334 941.97235 251.56233
v -761.43274 941.9725 287.49985
v -639.0239 941.97235 287.49985
v -473.93256 941.9725 287.4999
v -302.54367 941.97235 287.49997
v -306.48312 1083.5741 264.49994
v -495.27386 1100.8602 287.49994
v -161.24197 941.9725 287.49994
v -18.700327 941.97235 287.49994
v -43.08976 1081.7169 264.49994
v -174.04257 1024.5497 251.56245
v 156.40848 941.9725 287.49997
v 328.35263 929.2368 287.5
v 158.36476 1089.2534 287.49997
v 461.40036 891.02985 287.5
v 546.6 857.58514 251.56253
v 574.9999 859.1365 143.75005
v 347.80087 1264.4634 143.74998
v 304.3258 1277.7974 35.937492
v 264.75333 1456.8232 35.93748
v 302.5752 1437.0029 143.74998
v 257.1006 1460.3971 251.56247
v 295.5798 1276.0701 251.5625
v 173.90045 1317.7993 -0.0000275299
v 34.729145 1356.0741 35.937443
v -7.584197 1626.8488 22.999926
v 151.28761 1524.5039 -0.00003711867
v -557.20746 1364.2264 -0.00012850943
v -672.70386 1359.0448 35.93735
v -564.8318 1606.1984 35.937336
v -470.3032 1613.9707 -0.00015422977
v -335.96786 1643.7938 22.999865
v -433.60165 1367.6808 35.937386
v -711.20276 1357.3176 143.74985
v -664.5947 1357.3176 251.56238
v -557.7362 1603.6074 251.56233
v -596.34125 1603.6075 143.74983
v -524.77026 1357.3176 287.4999
v -393.0551 1359.0448 251.56245
v -297.94662 1626.7646 264.49994
v -441.92065 1603.6075 287.49994
v 138.91656 1310.8905 287.49997
v 120.6767 1522.36 287.49994
v -49.119858 1613.7651 264.49994
v -9.000715 1347.438 251.56245
v -0.00004077913 1922.7686 143.74992
v -35.937508 1883.5524 35.93741
v -35.93756 1966.0946 251.56241
v -147.80466 1786.9768 -0.000115852614
v -143.75 1881.4396 -0.00012301948
v -251.5625 1904.101 35.93736
v -287.50003 1939.2075 143.74988
v -251.56253 1970.2043 251.56241
v -148.12303 1828.8452 287.49994
v -143.75006 1980.5366 287.4999
v 251.5625 1542.457 35.937477
v 287.49994 1529.8455 143.74997
v 247.1895 1565.3881 251.56245
v -4.054657 1692.1014 -0.00007569473
v 143.75 1613.1697 -0.000041178846
v -311.82794 1739.9736 -0.00014302637
v -159.96863 1729.3715 -0.00011185075
v -172.45093 1696.5347 35.93739
v -543.1172 1733.72 35.937332
v -447.46863 1738.9015 -0.00016260108
v -539.06256 1731.9929 251.56236
v -575 1731.9929 143.74983
v -291.87302 1731.9929 287.49994
v -431.25 1731.9929 287.49988
v -26.237955 1708.7793 287.49994
v -161.24199 1731.9929 287.49994
v -174.04259 1683.3726 251.56242
v 126.25802 1639.1385 287.49994
v -177.46056 1052.0754 143.74992
v -284.3181 1130.1132 143.74992
v -70.603065 1130.1132 143.74992
v -370.77496 1364.2262 143.74992
v -284.3181 1598.3396 143.7499
v -177.46059 1676.3774 143.7499
v -70.603065 1598.3396 143.74991
v -34.983887 1364.2264 143.74994
vt 0.000117718144 0.984681822784
vt 0.0001182169168 0.98465703392
vt 0.00014301244799999998 0.984657005312
vt 0.0001182169168 0.98465703392
vt 0.00011818544640000001 0.984632241248
vt 0.000142978112 0.9846322088
vt 0.000167772688 0.984632173536
vt 0.000167807024 0.984656968112
vt 0.00014301244799999998 0.984657005312
vt 0.000167807024 0.984656968112
vt 0.000167836592 0.98467591952
vt 0.00014303248 0.984676132208
vt 0.000167836592 0.98467591952
vt 0.000167807024 0.984656968112
vt 0.000192593984 0.98465693472
vt 0.000167807024 0.984656968112
vt 0.000167772688 0.984632173536
vt 0.00019256774400000002 0.98463214016
vt 0.000217366144 0.984632121088
vt 0.000217358992 0.984656907088
vt 0.000192593984 0.98465693472
vt 0.000217358992 0.984656907088
vt 0.000217405728 0.98467577744
vt 0.0001926264 0.984675828
vt 0.000217405728 0.98467577744
vt 0.000217358992 0.984656907088
vt 0.00024202052800000002 0.98465685368
vt 0.000217358992 0.984656907088
vt 0.000217366144 0.984632121088
vt 0.000242181232 0.984632182128
vt 0.00026691812799999997 0.9846320896
vt 0.00026083368 0.98465884208
vt 0.00024202052800000002 0.98465685368
vt 0.00026083368 0.98465884208
vt 0.00025633233599999997 0.98467204
vt 0.00024216548800000003 0.984675684928
vt 0.000256892144 0.9840444121664
vt 0.000263484896 0.9840293398208
vt 0.000283756192 0.9840330329232
vt 0.000263484896 0.9840293398208
vt 0.000268237056 0.9840185623472
vt 0.000283068592 0.9840193386368
vt 0.00030914539200000004 0.9840187049216
vt 0.000309617936 0.9840339093504
vt 0.000283756192 0.9840330329232
vt 0.000309617936 0.9840339093504
vt 0.00030975288 0.984049616368
vt 0.00028377432 0.9840482783616
vt 0.00030975288 0.984049616368
vt 0.000309617936 0.9840339093504
vt 0.000335352368 0.984034302264
vt 0.000309617936 0.9840339093504
vt 0.00030914539200000004 0.9840187049216
vt 0.000335471568 0.984018444568
vt 0.000350405632 0.9840177140528
vt 0.000355369024 0.9840305099792
vt 0.000335352368 0.984034302264
vt 0.000355369024 0.9840305099792
vt 0.00036168283200000003 0.9840483208
vt 0.000335326128 0.9840502929984
vt 0.00028306764800000003 0.98458046912
vt 0.000279087488 0.984566473008
vt 0.00029801983999999996 0.984564390176
vt 0.000279087488 0.984566473008
vt 0.000273162304 0.98453958512
vt 0.00029784768 0.984539811136
vt 0.00032256406399999997 0.98453977296
vt 0.00032255072 0.984564469344
vt 0.00029801983999999996 0.984564390176
vt 0.00032255072 0.984564469344
vt 0.00032242864 0.984583866112
vt 0.00029763023999999997 0.9845836048
vt 0.00032242864 0.984583866112
vt 0.00032255072 0.984564469344
vt 0.000347294752 0.98456455424
vt 0.00032255072 0.984564469344
vt 0.00032256406399999997 0.98453977296
vt 0.000347319072 0.984539791104
vt 0.000372091232 0.98453979016
vt 0.000372125088 0.984564615248
vt 0.000347294752 0.98456455424
vt 0.000372125088 0.984564615248
vt 0.000373572768 0.98458969688
vt 0.00034722608 0.984583961488
vt 0.000373572768 0.98458969688
vt 0.000372125088 0.984564615248
vt 0.000397010736 0.984564566608
vt 0.000372125088 0.984564615248
vt 0.000372091232 0.98453979016
vt 0.00039689200000000003 0.98453970912
vt 0.00042172235200000003 0.9845395632
vt 0.000421868272 0.98456439304
vt 0.000397010736 0.984564566608
vt 0.000421868272 0.98456439304
vt 0.000422070448 0.984589221008
vt 0.000398683488 0.984589410784
vt 0.00010792009599999999 0.984106867344
vt 0.0001089266992 0.984080241712
vt 0.000129564208 0.984080553088
vt 0.0001089266992 0.984080241712
vt 0.0001131748416 0.9840639968224
vt 0.000127613952 0.9840585561104
vt 0.000153879088 0.9840535893744
vt 0.00015841380799999999 0.9840884061152
vt 0.000129564208 0.984080553088
vt 0.00015841380799999999 0.9840884061152
vt 0.000160516664 0.98410734752
vt 0.00012823383999999998 0.9841078210176
vt 0.000160516664 0.98410734752
vt 0.00015841380799999999 0.9840884061152
vt 0.000181852736 0.984069900544
vt 0.00015841380799999999 0.9840884061152
vt 0.000153879088 0.9840535893744
vt 0.000180110864 0.9840490932768
vt 0.000205684112 0.984048554928
vt 0.00020610468800000002 0.9840700917536
vt 0.000181852736 0.984069900544
vt 0.00020610468800000002 0.9840700917536
vt 0.00020112507199999998 0.9841051006608
vt 0.000180705472 0.98410515264
vt 0.00020112507199999998 0.9841051006608
vt 0.00020610468800000002 0.9840700917536
vt 0.000231584 0.98407015136
vt 0.00020610468800000002 0.9840700917536
vt 0.000205684112 0.984048554928
vt 0.000231231136 0.984048342736
vt 0.000256892144 0.9840444121664
vt 0.00025765984 0.984070343048
vt 0.000231584 0.98407015136
vt 0.00025765984 0.984070343048
vt 0.000257461968 0.984098170784
vt 0.000231493872 0.9840968938176
vt 0.000257461968 0.984098170784
vt 0.00025765984 0.984070343048
vt 0.000287001552 0.9840747938448
vt 0.00025765984 0.984070343048
vt 0.000256892144 0.9840444121664
vt 0.00028377432 0.9840482783616
vt 0.00030975288 0.984049616368
vt 0.00031047767999999997 0.98407620576
vt 0.000287001552 0.9840747938448
vt 0.00031047767999999997 0.98407620576
vt 0.00030855887999999996 0.9840965519248
vt 0.000283089104 0.984093164
vt 0.00030855887999999996 0.9840965519248
vt 0.00031047767999999997 0.98407620576
vt 0.00033483928000000004 0.9840770035088
vt 0.00031047767999999997 0.98407620576
vt 0.00030975288 0.984049616368
vt 0.000335326128 0.9840502929984
vt 0.00036168283200000003 0.9840483208
vt 0.00035827105599999995 0.984076590568
vt 0.00033483928000000004 0.9840770035088
vt 0.00035827105599999995 0.984076590568
vt 0.00036045449600000004 0.984096922904
vt 0.000334576064 0.984097751648
vt 0.00036045449600000004 0.984096922904
vt 0.00035827105599999995 0.984076590568
vt 0.000386933744 0.984075402768
vt 0.00035827105599999995 0.984076590568
vt 0.00036168283200000003 0.9840483208
vt 0.000387861664 0.984054129632
vt 0.00041479008 0.984054910688
vt 0.00041421456000000003 0.984076075104
vt 0.000386933744 0.984075402768
vt 0.00041421456000000003 0.984076075104
vt 0.00041371816 0.984103300128
vt 0.000386850304 0.9840964112576001
vt 0.00041371816 0.984103300128
vt 0.00041421456000000003 0.984076075104
vt 0.000440950816 0.9840765500368001
vt 0.00041421456000000003 0.984076075104
vt 0.00041479008 0.984054910688
vt 0.000441765248 0.9840556769664
vt 0.00045841591999999995 0.9840601244272
vt 0.000463352624 0.984076294928
vt 0.000440950816 0.9840765500368001
vt 0.000463352624 0.984076294928
vt 0.000464646752 0.9841031747168
vt 0.00044087164800000003 0.984103335888
vt 0.0006416792 0.98439463808
vt 0.00061689896 0.98440129952
vt 0.0006165232000000001 0.984384610208
vt 0.00061689896 0.98440129952
vt 0.00059179536 0.98441438392
vt 0.000591757232 0.984389252688
vt 0.000591453008 0.984365881952
vt 0.000616265712 0.984365555792
vt 0.0006165232000000001 0.984384610208
vt 0.000616265712 0.984365555792
vt 0.000641085088 0.98436520008
vt 0.00064132256 0.984379953408
vt 0.00010992757920000001 0.984149252928
vt 0.000106614992 0.98413327744
vt 0.000126799504 0.984133938336
vt 0.000106614992 0.98413327744
vt 0.00010792009599999999 0.984106867344
vt 0.00012823383999999998 0.9841078210176
vt 0.000160516664 0.98410734752
vt 0.000151373312 0.98413538936
vt 0.000126799504 0.984133938336
vt 0.000151373312 0.98413538936
vt 0.00015013496000000002 0.98416068128
vt 0.00012550203200000003 0.98415413192
vt 0.00015013496000000002 0.98416068128
vt 0.000151373312 0.98413538936
vt 0.000181497504 0.98412615016
vt 0.000151373312 0.98413538936
vt 0.000160516664 0.98410734752
vt 0.000180705472 0.98410515264
vt 0.00020112507199999998 0.9841051006608
vt 0.000201980512 0.984125406288
vt 0.000181497504 0.98412615016
vt 0.000201980512 0.984125406288
vt 0.000204635072 0.984154840016
vt 0.000176614208 0.984158349072
vt 0.000204635072 0.984154840016
vt 0.000201980512 0.984125406288
vt 0.00023171465599999998 0.984120833904
vt 0.000201980512 0.984125406288
vt 0.00020112507199999998 0.9841051006608
vt 0.000231493872 0.9840968938176
vt 0.000257461968 0.984098170784
vt 0.000251175824 0.9841241536432
vt 0.00023171465599999998 0.984120833904
vt 0.000251175824 0.9841241536432
vt 0.000247485088 0.984143116504
vt 0.000229657576 0.984141743696
vt 0.00012141888 0.984502236368
vt 0.00013011829599999999 0.984468592672
vt 0.000149045872 0.984476638816
vt 0.00013011829599999999 0.984468592672
vt 0.000136323376 0.98444570736
vt 0.000150814936 0.984443335568
vt 0.000175545616 0.984444685968
vt 0.00017396585600000001 0.984478117024
vt 0.000149045872 0.984476638816
vt 0.00017396585600000001 0.984478117024
vt 0.000171968384 0.984509305952
vt 0.00014681807999999998 0.984507534976
vt 0.000171968384 0.984509305952
vt 0.00017396585600000001 0.984478117024
vt 0.000200147072 0.984481389072
vt 0.00017396585600000001 0.984478117024
vt 0.000175545616 0.984444685968
vt 0.00020013420800000001 0.984445807488
vt 0.000224724224 0.984444664032
vt 0.00022632592000000002 0.984478105568
vt 0.000200147072 0.984481389072
vt 0.00022632592000000002 0.984478105568
vt 0.00022834198399999999 0.984509279248
vt 0.000200158528 0.98451078416
vt 0.00022834198399999999 0.984509279248
vt 0.00022632592000000002 0.984478105568
vt 0.00025129216 0.9844768496
vt 0.00022632592000000002 0.984478105568
vt 0.000224724224 0.984444664032
vt 0.00024974816 0.984443422352
vt 0.000264265472 0.98444592192
vt 0.0002703008 0.984468929328
vt 0.00025129216 0.9844768496
vt 0.0002703008 0.984468929328
vt 0.000278521008 0.98450386336
vt 0.000253214304 0.98450770664
vt 0.00041949886400000005 0.984151075872
vt 0.00041952224 0.984130784544
vt 0.00044138568 0.984129861856
vt 0.00041952224 0.984130784544
vt 0.00041371816 0.984103300128
vt 0.00044087164800000003 0.984103335888
vt 0.000464646752 0.9841031747168
vt 0.000465073056 0.984130182768
vt 0.00044138568 0.984129861856
vt 0.000465073056 0.984130182768
vt 0.000463488048 0.984158910304
vt 0.000437343536 0.98415338424
vt 0.000691292224 0.984391568208
vt 0.000666470944 0.984392079376
vt 0.0006661676800000001 0.984378072768
vt 0.000666470944 0.984392079376
vt 0.0006416792 0.98439463808
vt 0.00064132256 0.984379953408
vt 0.000641085088 0.98436520008
vt 0.000665916864 0.984364761376
vt 0.0006661676800000001 0.984378072768
vt 0.000665916864 0.984364761376
vt 0.000690739088 0.984364267376
vt 0.0006910080320000001 0.984377564944
vt 0.000559272224 0.984729310032
vt 0.00053456064 0.984729458816
vt 0.000534757072 0.984711421968
vt 0.00053456064 0.984729458816
vt 0.000510030208 0.98472980976
vt 0.000515824736 0.984706137664
vt 0.0005198912 0.98469462872
vt 0.000534205856 0.984696851728
vt 0.000534757072 0.984711421968
vt 0.000534205856 0.984696851728
vt 0.000559215968 0.98470388224
vt 0.000559191168 0.984715824128
vt 0.000143753936 0.984215729744
vt 0.0001490268 0.98418739608
vt 0.00017427008 0.984184576064
vt 0.0001490268 0.98418739608
vt 0.00015013496000000002 0.98416068128
vt 0.000176614208 0.984158349072
vt 0.000204635072 0.984154840016
vt 0.00020087712 0.984182297736
vt 0.00017427008 0.984184576064
vt 0.00020087712 0.984182297736
vt 0.00019757787199999998 0.984200093776
vt 0.00017539063999999998 0.984205953632
vt 0.00052483408 0.984066277536
vt 0.000539880224 0.9840411424928
vt 0.00056880704 0.984047913104
vt 0.000539880224 0.9840411424928
vt 0.000546239312 0.9840259666736
vt 0.000567998352 0.9840297003088
vt 0.0005978388159999999 0.9840295143424
vt 0.000598668512 0.984047635584
vt 0.00056880704 0.984047913104
vt 0.000598668512 0.984047635584
vt 0.00059609168 0.9840613112752
vt 0.000565186912 0.984065119296
vt 0.00059609168 0.9840613112752
vt 0.000598668512 0.984047635584
vt 0.0006262192 0.9840465851136
vt 0.000598668512 0.984047635584
vt 0.0005978388159999999 0.9840295143424
vt 0.00062575 0.984031173736
vt 0.000652617872 0.9840300264656
vt 0.000653315008 0.9840453372304
vt 0.0006262192 0.9840465851136
vt 0.000653315008 0.9840453372304
vt 0.0006536831199999999 0.9840574398336
vt 0.0006251167680000001 0.984058975728
vt 0.0006536831199999999 0.9840574398336
vt 0.000653315008 0.9840453372304
vt 0.000680934368 0.984044169456
vt 0.000653315008 0.9840453372304
vt 0.000652617872 0.9840300264656
vt 0.000680631104 0.984021415264
vt 0.00070853848 0.984029444248
vt 0.00070825808 0.984044433624
vt 0.000680934368 0.984044169456
vt 0.00070825808 0.984044433624
vt 0.00070979064 0.984056420832
vt 0.000681877552 0.9840562901792
vt 0.00070979064 0.984056420832
vt 0.00070825808 0.984044433624
vt 0.000734871328 0.984044882328
vt 0.00070825808 0.984044433624
vt 0.00070853848 0.984029444248
vt 0.00073489136 0.984029713184
vt 0.000761552272 0.9840287056272
vt 0.000761332928 0.9840468736
vt 0.000734871328 0.984044882328
vt 0.000761332928 0.9840468736
vt 0.0007649311359999999 0.9840597939792
vt 0.000737577856 0.9840568561856
vt 0.0007649311359999999 0.9840597939792
vt 0.000761332928 0.9840468736
vt 0.000787819328 0.98405153516
vt 0.000761332928 0.9840468736
vt 0.000761552272 0.9840287056272
vt 0.0007880339200000001 0.9840334053344
vt 0.000806764064 0.9840309520064
vt 0.0008119062719999999 0.9840477042496
vt 0.000787819328 0.98405153516
vt 0.0008119062719999999 0.9840477042496
vt 0.0008221945120000001 0.9840727958976
vt 0.000792365488 0.9840674372
vt 0.00074100632 0.984392597232
vt 0.00071611256 0.984391072304
vt 0.000715843616 0.984377059008
vt 0.00071611256 0.984391072304
vt 0.000691292224 0.984391568208
vt 0.0006910080320000001 0.984377564944
vt 0.000690739088 0.984364267376
vt 0.0007155613280000001 0.9843637581119999
vt 0.000715843616 0.984377059008
vt 0.0007155613280000001 0.9843637581119999
vt 0.000740373072 0.98436320976
vt 0.00074070112 0.984377905872
vt 0.0006088900000000001 0.98472916032
vt 0.0005840772800000001 0.9847291956
vt 0.00058404392 0.984717283248
vt 0.0005840772800000001 0.9847291956
vt 0.000559272224 0.984729310032
vt 0.000559191168 0.984715824128
vt 0.000559215968 0.98470388224
vt 0.000584049648 0.984705365184
vt 0.00058404392 0.984717283248
vt 0.000584049648 0.984705365184
vt 0.000608863296 0.98470425224
vt 0.0006088776000000001 0.984717252736
vt 0.000312517584 0.98426781944
vt 0.000327115952 0.98426568464
vt 0.00032680696 0.984290993248
vt 0.000327115952 0.98426568464
vt 0.000340638096 0.9842666264
vt 0.000345184272 0.984286387472
vt 0.000354021488 0.984319967296
vt 0.00032657569600000005 0.984318505792
vt 0.00032680696 0.984290993248
vt 0.00032657569600000005 0.984318505792
vt 0.00029906982399999997 0.984314069296
vt 0.000307178912 0.984284526384
vt 0.00041443056 0.98450837328
vt 0.000406400624 0.984485428832
vt 0.000437375008 0.984485428832
vt 0.000406400624 0.984485428832
vt 0.00041443056 0.984462484384
vt 0.000437375008 0.984454454448
vt 0.000478674352 0.984450737984
vt 0.000468348928 0.984485428832
vt 0.000437375008 0.984485428832
vt 0.000468348928 0.984485428832
vt 0.000478674352 0.98452011968
vt 0.000437375008 0.9845164032
vt 0.00058458848 0.984259116208
vt 0.00058405152 0.984244170696
vt 0.000605905952 0.98425303272
vt 0.00058405152 0.984244170696
vt 0.0005923780800000001 0.984232375168
vt 0.0006094784 0.984234115152
vt 0.00063842624 0.984241846112
vt 0.00063077872 0.98426354792
vt 0.000605905952 0.98425303272
vt 0.00063077872 0.98426354792
vt 0.000626741824 0.984285627392
vt 0.0005997700160000001 0.984270501168
vt 0.0006705192960000001 0.984297195472
vt 0.00067082256 0.9842833085280001
vt 0.000688024 0.984286966352
vt 0.00067082256 0.9842833085280001
vt 0.00067231984 0.984265569712
vt 0.0006890329600000001 0.984262754464
vt 0.00070488208 0.984268007792
vt 0.0007053760959999999 0.98428523352
vt 0.000688024 0.984286966352
vt 0.0007053760959999999 0.98428523352
vt 0.000704103888 0.984298991232
vt 0.00068701976 0.984305696512
vt 0.000745680272 0.984294938112
vt 0.0007407164 0.984272891552
vt 0.0007603821120000001 0.984266892
vt 0.0007407164 0.984272891552
vt 0.00073327584 0.984251300848
vt 0.0007571520000000001 0.984248492752
vt 0.0007715916000000001 0.984249242336
vt 0.00077832168 0.984261563808
vt 0.0007603821120000001 0.984266892
vt 0.00077832168 0.984261563808
vt 0.00077906936 0.984275708704
vt 0.000767303888 0.984284309888
vt 0.0005124258400000001 0.9840430894192
vt 0.00048808616 0.9840461297328
vt 0.00048827880000000003 0.984027378112
vt 0.00048808616 0.9840461297328
vt 0.000461916384 0.9840418405824
vt 0.000467194016 0.9840244860944
vt 0.000473476832 0.9840177140528
vt 0.00048836464 0.9840183430016
vt 0.00048827880000000003 0.984027378112
vt 0.00048836464 0.9840183430016
vt 0.0005023331199999999 0.984018085032
vt 0.00050732272 0.9840250163376
vt 0.00078048464 0.98439841368
vt 0.000766071744 0.9843978596
vt 0.000765218192 0.984381464032
vt 0.000766071744 0.9843978596
vt 0.00074100632 0.984392597232
vt 0.00074070112 0.984377905872
vt 0.000740373072 0.98436320976
vt 0.00076510376 0.984362694768
vt 0.000765218192 0.984381464032
vt 0.00076510376 0.984362694768
vt 0.0007896799519999999 0.984361912288
vt 0.0007842936 0.984385902432
vt 0.000658562128 0.984729200368
vt 0.000633717952 0.984729148864
vt 0.0006337265600000001 0.98471722224
vt 0.000633717952 0.984729148864
vt 0.0006088900000000001 0.98472916032
vt 0.0006088776000000001 0.984717252736
vt 0.000608863296 0.98470425224
vt 0.000633685536 0.984703844064
vt 0.0006337265600000001 0.98471722224
vt 0.000633685536 0.984703844064
vt 0.00065853256 0.984701523776
vt 0.0006586164799999999 0.984715657232
vt 0.00044269936 0.984163953328
vt 0.00046764224 0.98416333392
vt 0.00046774238400000003 0.984185826808
vt 0.00046764224 0.98416333392
vt 0.00049320168 0.98416205504
vt 0.00048739475199999997 0.984187490976
vt 0.000483778416 0.984203325776
vt 0.000468286928 0.984206011808
vt 0.00046774238400000003 0.984185826808
vt 0.000468286928 0.984206011808
vt 0.000443260608 0.98421179632
vt 0.00044289392 0.984186265968
vt 0.000359296256 0.98469448376
vt 0.000362560688 0.98470926952
vt 0.00033491558399999997 0.98471471216
vt 0.000362560688 0.98470926952
vt 0.00036776631999999997 0.984734958656
vt 0.000334279008 0.98473462296
vt 0.000307277136 0.984736039168
vt 0.00030708784 0.98471668624
vt 0.00033491558399999997 0.98471471216
vt 0.00030708784 0.98471668624
vt 0.000309785312 0.984690062528
vt 0.00033845848 0.98469382
vt 0.000309785312 0.984690062528
vt 0.00030708784 0.98471668624
vt 0.000282189792 0.9847156744
vt 0.00030708784 0.98471668624
vt 0.000307277136 0.984736039168
vt 0.000280880384 0.984734788896
vt 0.000254630976 0.984731819152
vt 0.00025766128 0.984712383264
vt 0.000282189792 0.9847156744
vt 0.00025766128 0.984712383264
vt 0.00026080220799999996 0.984684886928
vt 0.0002847976 0.984690992352
vt 0.00026080220799999996 0.984684886928
vt 0.00025766128 0.984712383264
vt 0.00023263256 0.9847077360000001
vt 0.00025766128 0.984712383264
vt 0.000254630976 0.984731819152
vt 0.000229824944 0.9847285824
vt 0.00020493308800000003 0.98472657968
vt 0.00020697824 0.9847051763520001
vt 0.00023263256 0.9847077360000001
vt 0.00020697824 0.9847051763520001
vt 0.000207828928 0.984680254944
vt 0.00023389523200000002 0.9846833248
vt 0.000207828928 0.984680254944
vt 0.00020697824 0.9847051763520001
vt 0.000180809424 0.98470795248
vt 0.00020697824 0.9847051763520001
vt 0.00020493308800000003 0.98472657968
vt 0.00017858832 0.984726607328
vt 0.00015250056 0.98472759152
vt 0.00015506880000000002 0.9847117176
vt 0.000180809424 0.98470795248
vt 0.00015506880000000002 0.9847117176
vt 0.00015499728 0.9846915264
vt 0.00018063012800000001 0.984685460096
vt 0.00015499728 0.9846915264
vt 0.00015506880000000002 0.9847117176
vt 0.000128989616 0.98471366976
vt 0.00015506880000000002 0.9847117176
vt 0.00015250056 0.98472759152
vt 0.000128313944 0.98472922704
vt 0.000106614992 0.9847290344
vt 0.000109760688 0.98470425224
vt 0.000128989616 0.98471366976
vt 0.000109760688 0.98470425224
vt 0.0001139320576 0.98468867112
vt 0.000128073616 0.98469392016
vt 0.00074365848 0.98444797424
vt 0.000748822624 0.984424894368
vt 0.000771356992 0.984425990128
vt 0.000748822624 0.984424894368
vt 0.00075260016 0.984398922944
vt 0.00077509064 0.98440667632
vt 0.000789014272 0.984412626304
vt 0.00079101888 0.984427642848
vt 0.000771356992 0.984425990128
vt 0.00079101888 0.984427642848
vt 0.0007893700000000001 0.984452392608
vt 0.00076984736 0.984451365504
vt 0.00070819992 0.984729536064
vt 0.0006833881600000001 0.98472935392
vt 0.000683518832 0.98471099472
vt 0.0006833881600000001 0.98472935392
vt 0.000658562128 0.984729200368
vt 0.0006586164799999999 0.984715657232
vt 0.00065853256 0.984701523776
vt 0.000683471136 0.984694624896
vt 0.000683518832 0.98471099472
vt 0.000683471136 0.984694624896
vt 0.000707907136 0.98468771264
vt 0.00070836016 0.984706356048
vt 0.000396356528 0.984166487728
vt 0.00041783708800000003 0.984165244608
vt 0.00041792481599999996 0.98418628028
vt 0.00041783708800000003 0.984165244608
vt 0.00044269936 0.984163953328
vt 0.00044289392 0.984186265968
vt 0.000443260608 0.98421179632
vt 0.000417780336 0.98421116928
vt 0.00041792481599999996 0.98418628028
vt 0.000417780336 0.98421116928
vt 0.000396884864 0.984210996176
vt 0.000397067968 0.984186317952
vt 0.000396884864 0.984210996176
vt 0.000417780336 0.98421116928
vt 0.00041699451199999997 0.984235487008
vt 0.000417780336 0.98421116928
vt 0.000443260608 0.98421179632
vt 0.000437653008 0.984237157856
vt 0.00043668216 0.9842544994719999
vt 0.00041849416 0.98425547888
vt 0.00041699451199999997 0.984235487008
vt 0.00041849416 0.98425547888
vt 0.00039354318399999997 0.984260880976
vt 0.000396377504 0.984235970048
vt 0.000305879056 0.984632967952
vt 0.000307875104 0.98465583232
vt 0.000288492624 0.98465992736
vt 0.000307875104 0.98465583232
vt 0.000309785312 0.984690062528
vt 0.0002847976 0.984690992352
vt 0.00026080220799999996 0.984684886928
vt 0.00027063744 0.984651351936
vt 0.000288492624 0.98465992736
vt 0.00027063744 0.984651351936
vt 0.000277999824 0.984629613872
vt 0.00029228824 0.9846283884
vt 0.00059515424 0.984499417328
vt 0.000600497664 0.984476837184
vt 0.000620561056 0.984479638128
vt 0.000600497664 0.984476837184
vt 0.00060234016 0.984458644896
vt 0.0006193966400000001 0.984458415056
vt 0.000644149248 0.98445458128
vt 0.000645080032 0.984477026016
vt 0.000620561056 0.984479638128
vt 0.000645080032 0.984477026016
vt 0.00064551488 0.98450386336
vt 0.0006205820480000001 0.984498803168
vt 0.00064551488 0.98450386336
vt 0.000645080032 0.984477026016
vt 0.000669793552 0.984470110928
vt 0.000645080032 0.984477026016
vt 0.000644149248 0.98445458128
vt 0.00066894096 0.984443393744
vt 0.000693555296 0.984435421024
vt 0.0006944584 0.984465253856
vt 0.000669793552 0.984470110928
vt 0.0006944584 0.984465253856
vt 0.000695344384 0.98450096704
vt 0.00067039056 0.98450127792
vt 0.000695344384 0.98450096704
vt 0.0006944584 0.984465253856
vt 0.000719361728 0.98446869376
vt 0.0006944584 0.984465253856
vt 0.000693555296 0.984435421024
vt 0.0007187456479999999 0.984441401504
vt 0.00074365848 0.98444797424
vt 0.000744529184 0.98447424416
vt 0.000719361728 0.98446869376
vt 0.000744529184 0.98447424416
vt 0.0007448505600000001 0.984495331792
vt 0.000720076 0.984494305648
vt 0.0007448505600000001 0.984495331792
vt 0.000744529184 0.98447424416
vt 0.0007692636800000001 0.984476297408
vt 0.000744529184 0.98447424416
vt 0.00074365848 0.98444797424
vt 0.00076984736 0.984451365504
vt 0.0007893700000000001 0.984452392608
vt 0.0007884420800000001 0.984477034592
vt 0.0007692636800000001 0.984476297408
vt 0.0007884420800000001 0.984477034592
vt 0.000784422336 0.984491721184
vt 0.0007696699519999999 0.984495512992
vt 0.0007578300799999999 0.98472980976
vt 0.000733017392 0.98472968768
vt 0.00073315088 0.984704882624
vt 0.000733017392 0.98472968768
vt 0.00070819992 0.984729536064
vt 0.00070836016 0.984706356048
vt 0.000707907136 0.98468771264
vt 0.0007312702399999999 0.984685465808
vt 0.00073315088 0.984704882624
vt 0.0007312702399999999 0.984685465808
vt 0.000758800928 0.98468020344
vt 0.00075795216 0.984704996112
vt 0.000370927744 0.984171201736
vt 0.00038162368000000004 0.984167180096
vt 0.000384187168 0.98418632224
vt 0.00038162368000000004 0.984167180096
vt 0.000396356528 0.984166487728
vt 0.000397067968 0.984186317952
vt 0.000396884864 0.984210996176
vt 0.000383765632 0.984210783984
vt 0.000384187168 0.98418632224
vt 0.000383765632 0.984210783984
vt 0.000371595792 0.984210562736
vt 0.000372260992 0.984185702352
vt 0.000371595792 0.984210562736
vt 0.000383765632 0.984210783984
vt 0.00038337844799999997 0.984235320592
vt 0.000383765632 0.984210783984
vt 0.000396884864 0.984210996176
vt 0.000396377504 0.984235970048
vt 0.00039354318399999997 0.984260880976
vt 0.0003799376 0.984254387888
vt 0.00038337844799999997 0.984235320592
vt 0.0003799376 0.984254387888
vt 0.000369389952 0.9842498956
vt 0.00037135024 0.98423542312
vt 0.000273162304 0.98453198816
vt 0.00027948230400000004 0.98450670816
vt 0.000298442304 0.98450670816
vt 0.00027948230400000004 0.98450670816
vt 0.000284398016 0.984492663408
vt 0.000298442304 0.984487748176
vt 0.000323722304 0.984487748176
vt 0.000323722304 0.98450670816
vt 0.000298442304 0.98450670816
vt 0.000323722304 0.98450670816
vt 0.000323722304 0.98453198816
vt 0.000298442304 0.98453198816
vt 0.000323722304 0.98453198816
vt 0.000323722304 0.98450670816
vt 0.000349002304 0.98450670816
vt 0.000323722304 0.98450670816
vt 0.000323722304 0.984487748176
vt 0.000349002304 0.984487748176
vt 0.000363046592 0.984492663408
vt 0.00036796230400000003 0.98450670816
vt 0.000349002304 0.98450670816
vt 0.00036796230400000003 0.98450670816
vt 0.000374282304 0.98453198816
vt 0.000349002304 0.98453198816
vt 0.0006558823040000001 0.984547077184
vt 0.000652160112 0.98452887632
vt 0.00067101328 0.984527407648
vt 0.000652160112 0.98452887632
vt 0.00064551488 0.98450386336
vt 0.00067039056 0.98450127792
vt 0.000695344384 0.98450096704
vt 0.000689917024 0.98452797984
vt 0.00067101328 0.984527407648
vt 0.000689917024 0.98452797984
vt 0.000687061728 0.98454633808
vt 0.00067152448 0.9845489216
vt 0.00046213572800000004 0.984262014896
vt 0.000456151424 0.984287424592
vt 0.000436906752 0.984286762272
vt 0.000456151424 0.984287424592
vt 0.000452118336 0.984302230864
vt 0.000437246736 0.98430602744
vt 0.000412467424 0.984306217216
vt 0.000412383504 0.984286843328
vt 0.000436906752 0.984286762272
vt 0.000412383504 0.984286843328
vt 0.00041246121600000004 0.984261992
vt 0.000437388832 0.98426221184
vt 0.00041246121600000004 0.984261992
vt 0.000412383504 0.984286843328
vt 0.000387588912 0.984286859072
vt 0.000412383504 0.984286843328
vt 0.000412467424 0.984306217216
vt 0.000387634224 0.984306295424
vt 0.00036198752 0.984311741376
vt 0.000362734256 0.984286897216
vt 0.000387588912 0.984286859072
vt 0.000362734256 0.984286897216
vt 0.000362698016 0.984262014896
vt 0.000387576048 0.984261983904
vt 0.00029906982399999997 0.98459877968
vt 0.000324933472 0.984600747104
vt 0.000324693136 0.9846155424
vt 0.000324933472 0.984600747104
vt 0.000349716128 0.984600337984
vt 0.00034956878400000004 0.984612968448
vt 0.00034938664 0.9846272564
vt 0.00032448476799999996 0.98463132288
vt 0.000324693136 0.9846155424
vt 0.00032448476799999996 0.98463132288
vt 0.00030993216 0.984632470128
vt 0.000305511408 0.98462072752
vt 0.000349716128 0.984600337984
vt 0.000374480192 0.984600389488
vt 0.00037434192 0.984612318032
vt 0.000374480192 0.984600389488
vt 0.00039923948799999996 0.9846006832
vt 0.000399096432 0.98461261272
vt 0.00039893288 0.98462642288
vt 0.00037417310399999996 0.984626125328
vt 0.00037434192 0.984612318032
vt 0.00037417310399999996 0.984626125328
vt 0.00034938664 0.9846272564
vt 0.00034956878400000004 0.984612968448
vt 0.00039923948799999996 0.9846006832
vt 0.00042399544 0.984600983616
vt 0.000423843808 0.984612909312
vt 0.00042399544 0.984600983616
vt 0.000438571392 0.98460136416
vt 0.00044284576 0.98461116504
vt 0.000448849616 0.984626478192
vt 0.00042369216 0.98462671184
vt 0.000423843808 0.984612909312
vt 0.00042369216 0.98462671184
vt 0.00039893288 0.98462642288
vt 0.000399096432 0.98461261272
vt 0.0005573925440000001 0.984502019888
vt 0.00054921096 0.98449081232
vt 0.000561920576 0.984487312352
vt 0.00054921096 0.98449081232
vt 0.000532236512 0.984469243072
vt 0.000555768432 0.984474010496
vt 0.000568745072 0.984474585568
vt 0.00057544656 0.98448354248
vt 0.000561920576 0.984487312352
vt 0.00057544656 0.98448354248
vt 0.00058396192 0.984496833824
vt 0.00056797072 0.984500659936
vt 0.00042120451199999996 0.98452845952
vt 0.000445964752 0.98452864552
vt 0.000446025792 0.98454850576
vt 0.000445964752 0.98452864552
vt 0.00047075027200000003 0.98452861216
vt 0.000470763616 0.98454850672
vt 0.00047076648 0.98456657504
vt 0.000445988592 0.98456602192
vt 0.000446025792 0.98454850576
vt 0.000445988592 0.98456602192
vt 0.000431975312 0.98456385136
vt 0.000427220768 0.98455171584
vt 0.00047075027200000003 0.98452861216
vt 0.000495533408 0.9845286064
vt 0.00049553056 0.9845484972
vt 0.000495533408 0.9845286064
vt 0.000520311776 0.98452845952
vt 0.0005142588 0.98455238152
vt 0.000509366448 0.984565725328
vt 0.000495546752 0.98456674864
vt 0.00049553056 0.9845484972
vt 0.000495546752 0.98456674864
vt 0.00047076648 0.98456657504
vt 0.000470763616 0.98454850672
vt 0.000639566832 0.984639492032
vt 0.000666972576 0.984643748288
vt 0.00067093128 0.984659174912
vt 0.000666972576 0.984643748288
vt 0.00068117088 0.98464690688
vt 0.0006859668799999999 0.984660063744
vt 0.0006919312 0.98467980768
vt 0.0006750807199999999 0.984674551008
vt 0.00067093128 0.984659174912
vt 0.0006750807199999999 0.984674551008
vt 0.000663039632 0.984670435904
vt 0.0006559070879999999 0.98465809824
vt 0.000231314112 0.984391132384
vt 0.0002459492 0.984388775856
vt 0.000246156624 0.984406550432
vt 0.0002459492 0.984388775856
vt 0.00027068848000000003 0.98438842776
vt 0.000270955984 0.984406165152
vt 0.00027123158400000003 0.984423909216
vt 0.00024647944 0.984424312624
vt 0.000246156624 0.984406550432
vt 0.00024647944 0.984424312624
vt 0.00022134772799999998 0.984424138096
vt 0.0002271332 0.984404429472
vt 0.00027068848000000003 0.98438842776
vt 0.000295432512 0.984388034848
vt 0.000295734352 0.98440578272
vt 0.000295432512 0.984388034848
vt 0.00032235950400000003 0.984387819312
vt 0.000316609792 0.984407559424
vt 0.00031152816 0.984420983344
vt 0.000295973712 0.984423541104
vt 0.000295734352 0.98440578272
vt 0.000295973712 0.984423541104
vt 0.00027123158400000003 0.984423909216
vt 0.000270955984 0.984406165152
vt 0.0005877518080000001 0.984313333072
vt 0.000615687792 0.98430918744
vt 0.00061529296 0.98432810024
vt 0.000615687792 0.98430918744
vt 0.000641136592 0.98430658248
vt 0.0006403116800000001 0.984326609168
vt 0.00063924256 0.984348126448
vt 0.0006144728000000001 0.98434771064
vt 0.00061529296 0.98432810024
vt 0.0006144728000000001 0.98434771064
vt 0.0005990575999999999 0.984346400288
vt 0.000594517168 0.984332763696
vt 0.000641136592 0.98430658248
vt 0.000665983616 0.984306396512
vt 0.00066509288 0.984326875232
vt 0.000665983616 0.984306396512
vt 0.00069077056 0.984307454144
vt 0.0006899704319999999 0.98432805112
vt 0.0006890558399999999 0.984357981232
vt 0.00066397136 0.98434909728
vt 0.00066509288 0.984326875232
vt 0.00066397136 0.98434909728
vt 0.00063924256 0.984348126448
vt 0.0006403116800000001 0.984326609168
vt 0.00069077056 0.984307454144
vt 0.00071553272 0.98430824712
vt 0.000715028224 0.984328839328
vt 0.00071553272 0.98430824712
vt 0.000740278656 0.984309884096
vt 0.0007400784 0.984329950368
vt 0.000739093248 0.9843600984
vt 0.00071435016 0.984359304928
vt 0.000715028224 0.984328839328
vt 0.00071435016 0.984359304928
vt 0.0006890558399999999 0.984357981232
vt 0.0006899704319999999 0.98432805112
vt 0.000740278656 0.984309884096
vt 0.000765460432 0.984313584832
vt 0.000764928288 0.984332289248
vt 0.000765460432 0.984313584832
vt 0.0007792753599999999 0.9843178487199999
vt 0.0007833876 0.984332388432
vt 0.000788784448 0.98435918
vt 0.0007639688799999999 0.984361274752
vt 0.000764928288 0.984332289248
vt 0.0007639688799999999 0.984361274752
vt 0.000739093248 0.9843600984
vt 0.0007400784 0.984329950368
vt 0.00050367016 0.984339945344
vt 0.00051634736 0.984336895968
vt 0.0005160764799999999 0.984354726352
vt 0.00051634736 0.984336895968
vt 0.000540670816 0.984332304032
vt 0.000535659248 0.98435560848
vt 0.000532031472 0.984369173072
vt 0.000517230448 0.984372464208
vt 0.0005160764799999999 0.984354726352
vt 0.000517230448 0.984372464208
vt 0.000495225376 0.984381151232
vt 0.0004978556 0.984353804144
vt 0.00035088438399999997 0.984354510336
vt 0.000375746192 0.984354822192
vt 0.000376288832 0.984376824416
vt 0.000375746192 0.984354822192
vt 0.000400798736 0.984354631936
vt 0.00040078633600000005 0.984376919296
vt 0.000400774896 0.98439476016
vt 0.000375849184 0.984394521744
vt 0.000376288832 0.984376824416
vt 0.000375849184 0.984394521744
vt 0.00036066144 0.984391531024
vt 0.000356809552 0.984377708464
vt 0.000400798736 0.984354631936
vt 0.00042573636799999996 0.984354841264
vt 0.00042527288000000004 0.984376952672
vt 0.00042573636799999996 0.984354841264
vt 0.000450651104 0.984354510336
vt 0.00044473022400000003 0.984377762832
vt 0.000440905504 0.984391552
vt 0.00042577118400000005 0.984394549392
vt 0.00042527288000000004 0.984376952672
vt 0.00042577118400000005 0.984394549392
vt 0.000400774896 0.98439476016
vt 0.00040078633600000005 0.984376919296
vt 0.000370399888 0.984486675296
vt 0.000344505728 0.984483550096
vt 0.000344559136 0.984465808896
vt 0.000344505728 0.984483550096
vt 0.000319781728 0.984483513856
vt 0.000319793168 0.984465761216
vt 0.00031984992 0.98444785312
vt 0.000344564384 0.984448084864
vt 0.000344559136 0.984465808896
vt 0.000344564384 0.984448084864
vt 0.000359539456 0.984450428032
vt 0.00036400455999999995 0.984463738464
vt 0.000319781728 0.984483513856
vt 0.00029502195199999996 0.984483545328
vt 0.000294898448 0.984465731648
vt 0.00029502195199999996 0.984483545328
vt 0.000280049264 0.984481372864
vt 0.000275395808 0.984468159712
vt 0.000269461088 0.984447679552
vt 0.00029510873599999997 0.984447036768
vt 0.000294898448 0.984465731648
vt 0.00029510873599999997 0.984447036768
vt 0.00031984992 0.98444785312
vt 0.000319793168 0.984465761216
vt 0.0005657486400000001 0.984202975296
vt 0.00058050672 0.984199942144
vt 0.000581467088 0.98421773532
vt 0.00058050672 0.984199942144
vt 0.000606193008 0.984195364976
vt 0.0006010956160000001 0.984218632728
vt 0.00059771104 0.984227014096
vt 0.00058200304 0.984235546624
vt 0.000581467088 0.98421773532
vt 0.00058200304 0.984235546624
vt 0.000554442816 0.984236307648
vt 0.0005618643199999999 0.984216370608
vt 0.000495225376 0.984424830464
vt 0.0005202688640000001 0.984425366432
vt 0.0005202688640000001 0.984447197936
vt 0.0005202688640000001 0.984425366432
vt 0.000545311392 0.984424830464
vt 0.00053954928 0.984448252704
vt 0.00053577656 0.984456989312
vt 0.0005202688640000001 0.984459000624
vt 0.0005202688640000001 0.984447197936
vt 0.0005202688640000001 0.984459000624
vt 0.000504760208 0.984456989312
vt 0.000500988416 0.984448252704
vt 0.00055281392 0.984287890944
vt 0.000543176112 0.984312229184
vt 0.00052587456 0.984307725936
vt 0.000543176112 0.984312229184
vt 0.0005372423520000001 0.98432613184
vt 0.0005232958399999999 0.984327270544
vt 0.0005026277919999999 0.984328962832
vt 0.00050847096 0.984303636576
vt 0.00052587456 0.984307725936
vt 0.00050847096 0.984303636576
vt 0.0005200018239999999 0.984289899856
vt 0.0005289186879999999 0.9842882485760001
vt 0.00031984608 0.984406775504
vt 0.000334812112 0.984404056576
vt 0.000335244112 0.984421852144
vt 0.000334812112 0.984404056576
vt 0.000359609552 0.98440340808
vt 0.000360114512 0.984421205552
vt 0.000360861248 0.984444035552
vt 0.000335710944 0.98443961528
vt 0.000335244112 0.984421852144
vt 0.000335710944 0.98443961528
vt 0.000310172976 0.984440197024
vt 0.000315692368 0.984420235664
vt 0.000359609552 0.98440340808
vt 0.000384369312 0.98440262416
vt 0.00038481372800000004 0.98442027
vt 0.000384369312 0.98440262416
vt 0.000399222784 0.98440503504
vt 0.00040371174399999997 0.984418916736
vt 0.000411011152 0.984441683792
vt 0.00038602918400000005 0.984441908864
vt 0.00038481372800000004 0.98442027
vt 0.00038602918400000005 0.984441908864
vt 0.000360861248 0.984444035552
vt 0.000360114512 0.984421205552
vt 0.000745759424 0.9846436424
vt 0.0007596516 0.984640708928
vt 0.0007551492800000001 0.984658875472
vt 0.0007596516 0.984640708928
vt 0.000787182272 0.984635790832
vt 0.000769234128 0.984660324096
vt 0.000761462624 0.984674530032
vt 0.00075051728 0.9846770096
vt 0.0007551492800000001 0.984658875472
vt 0.00075051728 0.9846770096
vt 0.00073579448 0.984680618288
vt 0.000741074032 0.98465732576
vt 0.00043971008 0.984576573376
vt 0.00046448272 0.984576737408
vt 0.000464574272 0.984603837968
vt 0.00046448272 0.984576737408
vt 0.000489299232 0.98457670784
vt 0.0004892963839999999 0.98460385608
vt 0.000489295424 0.984625619888
vt 0.000464494176 0.98462558272
vt 0.000464574272 0.984603837968
vt 0.000464494176 0.98462558272
vt 0.000450486608 0.984621946336
vt 0.000445705824 0.98460639952
vt 0.000489299232 0.98457670784
vt 0.000514095728 0.984576740272
vt 0.0005140165759999999 0.984603859904
vt 0.000514095728 0.984576740272
vt 0.000538876 0.984576573376
vt 0.00053288024 0.984606410032
vt 0.0005281052 0.984621947296
vt 0.000514108128 0.984625583648
vt 0.0005140165759999999 0.984603859904
vt 0.000514108128 0.984625583648
vt 0.000489295424 0.984625619888
vt 0.0004892963839999999 0.98460385608
vt 0.000310172976 0.98464697648
vt 0.000338312096 0.98465042016
vt 0.000343881552 0.984668601984
vt 0.000338312096 0.98465042016
vt 0.000362066208 0.98464991952
vt 0.000363308368 0.984668386464
vt 0.000364032208 0.9846869736
vt 0.00034945004800000004 0.984686673168
vt 0.000343881552 0.984668601984
vt 0.00034945004800000004 0.984686673168
vt 0.000338293008 0.984684731488
vt 0.00032970564800000003 0.98467080784
vt 0.000362066208 0.98464991952
vt 0.000387247984 0.984646123888
vt 0.000389058528 0.98466219712
vt 0.000387247984 0.984646123888
vt 0.00041263336 0.98464415168
vt 0.000412908016 0.9846604576
vt 0.00041027968 0.98468935584
vt 0.00038544744 0.9846875591199999
vt 0.000389058528 0.98466219712
vt 0.00038544744 0.9846875591199999
vt 0.000364032208 0.9846869736
vt 0.000363308368 0.984668386464
vt 0.00041263336 0.98464415168
vt 0.000437222416 0.98464379312
vt 0.0004371032 0.984660488128
vt 0.000437222416 0.98464379312
vt 0.000461869184 0.984643824576
vt 0.00046190399999999996 0.98466059112
vt 0.00046033424000000003 0.98469378472
vt 0.00043506568 0.984690859792
vt 0.0004371032 0.984660488128
vt 0.00043506568 0.984690859792
vt 0.00041027968 0.98468935584
vt 0.000412908016 0.9846604576
vt 0.000461869184 0.984643824576
vt 0.000486629904 0.984643487936
vt 0.00048726505599999996 0.984661914832
vt 0.000486629904 0.984643487936
vt 0.000511529392 0.98464319232
vt 0.0005122332 0.984660540576
vt 0.0005131496800000001 0.98468392752
vt 0.000487892576 0.98468545152
vt 0.00048726505599999996 0.984661914832
vt 0.000487892576 0.98468545152
vt 0.00046033424000000003 0.98469378472
vt 0.00046190399999999996 0.98466059112
vt 0.000511529392 0.98464319232
vt 0.0005377172799999999 0.984644232752
vt 0.00053856512 0.98466165448
vt 0.0005377172799999999 0.984644232752
vt 0.000551738208 0.9846480484
vt 0.000557671968 0.9846616392
vt 0.00056538912 0.98468139648
vt 0.00054017584 0.984680180544
vt 0.00053856512 0.98466165448
vt 0.00054017584 0.984680180544
vt 0.0005131496800000001 0.98468392752
vt 0.0005122332 0.984660540576
vt 0.00051151888 0.984414945632
vt 0.000506894528 0.984403680832
vt 0.000524614752 0.98440157512
vt 0.000506894528 0.984403680832
vt 0.000498926576 0.984380417856
vt 0.000522706448 0.984382066272
vt 0.0005366510719999999 0.984383732352
vt 0.00054200976 0.98439791872
vt 0.000524614752 0.98440157512
vt 0.00054200976 0.98439791872
vt 0.00054674 0.984421308544
vt 0.0005259308160000001 0.98441809752
vt 0.00036198752 0.984313798464
vt 0.000386681504 0.984314155136
vt 0.000387180752 0.98433608392
vt 0.000386681504 0.984314155136
vt 0.000411626272 0.984313933872
vt 0.000411568112 0.98433622744
vt 0.000411456048 0.984353817008
vt 0.000386573728 0.984353615792
vt 0.000387180752 0.98433608392
vt 0.000386573728 0.984353615792
vt 0.00037156719999999996 0.984350553536
vt 0.000367829744 0.984336851632
vt 0.000411626272 0.984313933872
vt 0.00043668168 0.984314115072
vt 0.000436157648 0.984336297536
vt 0.00043668168 0.984314115072
vt 0.00046179288 0.984313798464
vt 0.00045579665600000005 0.984336185008
vt 0.000452046336 0.984348511248
vt 0.000436498112 0.98435305552
vt 0.000436157648 0.984336297536
vt 0.000436498112 0.98435305552
vt 0.000411456048 0.984353817008
vt 0.000411568112 0.98433622744
vt 0.000125120088 0.98458854864
vt 0.000150683808 0.984587677008
vt 0.000150530736 0.984604265216
vt 0.000150683808 0.984587677008
vt 0.00017539017600000001 0.98458850576
vt 0.000175369664 0.984604271888
vt 0.000175395408 0.984626994128
vt 0.000150658056 0.9846270504
vt 0.000150530736 0.984604265216
vt 0.000150658056 0.9846270504
vt 0.000136237552 0.984629013056
vt 0.000131337568 0.984609861376
vt 0.00017539017600000001 0.98458850576
vt 0.00020009558399999998 0.984588749888
vt 0.00020010177600000002 0.98460427664
vt 0.00020009558399999998 0.984588749888
vt 0.0002248172 0.98458872416
vt 0.00022484342399999997 0.98460427472
vt 0.000224815296 0.984626970288
vt 0.000200110368 0.984626972192
vt 0.00020010177600000002 0.98460427664
vt 0.000200110368 0.984626972192
vt 0.000175395408 0.984626994128
vt 0.000175369664 0.984604271888
vt 0.0002248172 0.98458872416
vt 0.000249569344 0.984588642128
vt 0.000249712864 0.98460423472
vt 0.000249569344 0.984588642128
vt 0.00027512496 0.98458976176
vt 0.00026890176 0.984609930992
vt 0.000263928352 0.98462907984
vt 0.000249502584 0.984627063744
vt 0.000249712864 0.98460423472
vt 0.000249502584 0.984627063744
vt 0.000224815296 0.984626970288
vt 0.00022484342399999997 0.98460427472
vt 0.000498926576 0.984469243072
vt 0.0005244984 0.984474174528
vt 0.000523202352 0.98450065232
vt 0.0005244984 0.984474174528
vt 0.000539641792 0.984485215216
vt 0.0005433058079999999 0.984511282928
vt 0.000546406208 0.98455298328
vt 0.000522016 0.9845271368
vt 0.000523202352 0.98450065232
vt 0.000522016 0.9845271368
vt 0.000506300384 0.984509534832
vt 0.000503144688 0.984489940672
vt 0.000467292256 0.98428821472
vt 0.000482072288 0.984280726944
vt 0.000483270112 0.984318355584
vt 0.000482072288 0.984280726944
vt 0.000505666192 0.98427308704
vt 0.0005028624 0.984318711792
vt 0.000499068672 0.984346603904
vt 0.00048376601600000005 0.984355703856
vt 0.000483270112 0.984318355584
vt 0.00048376601600000005 0.984355703856
vt 0.000458215184 0.984355565104
vt 0.00046373504 0.984314221888
vt 0.0006358656 0.98454807088
vt 0.0006623167359999999 0.984551581376
vt 0.000667220528 0.984593627936
vt 0.0006623167359999999 0.984551581376
vt 0.0006876663520000001 0.984549674992
vt 0.00069014304 0.984593636512
vt 0.0006864504 0.984641711232
vt 0.000660540048 0.984634424208
vt 0.000667220528 0.984593627936
vt 0.000660540048 0.984634424208
vt 0.000644885488 0.984625887872
vt 0.0006396936800000001 0.98459597016
vt 0.0006876663520000001 0.984549674992
vt 0.000712932048 0.98454852104
vt 0.00071383616 0.9845931816
vt 0.000712932048 0.98454852104
vt 0.00073877856 0.98454696464
vt 0.00073758072 0.98459278488
vt 0.0007402223999999999 0.984640757568
vt 0.0007144617599999999 0.98463817408
vt 0.00071383616 0.9845931816
vt 0.0007144617599999999 0.98463817408
vt 0.0006864504 0.984641711232
vt 0.00069014304 0.984593636512
vt 0.00073877856 0.98454696464
vt 0.0007640632960000001 0.984556483264
vt 0.0007660612479999999 0.98459465024
vt 0.0007640632960000001 0.984556483264
vt 0.0007877601920000001 0.984551509856
vt 0.00078196472 0.98459362888
vt 0.00077605576 0.98462020208
vt 0.0007642712 0.984631599424
vt 0.0007660612479999999 0.98459465024
vt 0.0007642712 0.984631599424
vt 0.0007402223999999999 0.984640757568
vt 0.00073758072 0.98459278488
vt 0.00027595703999999996 0.984586756704
vt 0.00025053256 0.984581444736
vt 0.000251205856 0.984547634128
vt 0.00025053256 0.984581444736
vt 0.000224306512 0.984579875952
vt 0.000225254464 0.98454966352
vt 0.000226272032 0.98451818464
vt 0.0002527036 0.984513349536
vt 0.000251205856 0.984547634128
vt 0.0002527036 0.984513349536
vt 0.000266601024 0.984518975264
vt 0.000271322192 0.984545145984
vt 0.000224306512 0.984579875952
vt 0.000198340816 0.984581306464
vt 0.00019981233600000002 0.98455219744
vt 0.000198340816 0.984581306464
vt 0.000171056672 0.98458270264
vt 0.00017191926399999998 0.984552568432
vt 0.000172583984 0.984520014768
vt 0.00020004408 0.984520801552
vt 0.00019981233600000002 0.98455219744
vt 0.00020004408 0.984520801552
vt 0.000226272032 0.98451818464
vt 0.000225254464 0.98454966352
vt 0.000171056672 0.98458270264
vt 0.000145881104 0.98458174704
vt 0.000146580144 0.984548375136
vt 0.000145881104 0.98458174704
vt 0.00013080304 0.984573629376
vt 0.000126865792 0.984548262592
vt 0.00012141888 0.984506253248
vt 0.000147310176 0.984513490672
vt 0.000146580144 0.984548375136
vt 0.000147310176 0.984513490672
vt 0.000172583984 0.984520014768
vt 0.00017191926399999998 0.984552568432
vt 0.000478012496 0.984209935216
vt 0.0004930471840000001 0.98419960168
vt 0.0004943823199999999 0.984226367984
vt 0.0004930471840000001 0.98419960168
vt 0.000514927328 0.984191663776
vt 0.000514349408 0.98421599296
vt 0.0005112165760000001 0.984235811744
vt 0.000495617328 0.98425314048
vt 0.0004943823199999999 0.984226367984
vt 0.000495617328 0.98425314048
vt 0.0004693188 0.984276966608
vt 0.000474448624 0.984235204256
vt 0.000360861248 0.984444035552
vt 0.00038602918400000005 0.984441908864
vt 0.00038678544 0.984462336576
vt 0.00038602918400000005 0.984441908864
vt 0.000411011152 0.984441683792
vt 0.00040610928 0.98446596912
vt 0.000402378016 0.984485958128
vt 0.000387633264 0.98448521712
vt 0.00038678544 0.984462336576
vt 0.000387633264 0.98448521712
vt 0.000372983392 0.984487047232
vt 0.000367782528 0.984467388176
vt 0.000510030208 0.9841233921344
vt 0.000534321248 0.984131461648
vt 0.0005331300799999999 0.9841582928
vt 0.000534321248 0.984131461648
vt 0.0005494427200000001 0.984141451392
vt 0.000552992288 0.98416626408
vt 0.000559030944 0.984207503824
vt 0.00053219168 0.98418512776
vt 0.0005331300799999999 0.9841582928
vt 0.00053219168 0.98418512776
vt 0.000516354032 0.984167909648
vt 0.0005130466879999999 0.984148047472
vt 0.0005494427200000001 0.984141451392
vt 0.0005614055999999999 0.984129015952
vt 0.000571156912 0.98415863088
vt 0.0005614055999999999 0.984129015952
vt 0.0005847916 0.984117642432
vt 0.0005885424 0.9841474252
vt 0.0005915693600000001 0.984170657664
vt 0.00058067552 0.984188340688
vt 0.000571156912 0.98415863088
vt 0.00058067552 0.984188340688
vt 0.000559030944 0.984207503824
vt 0.000552992288 0.98416626408
vt 0.0005470404 0.98452301216
vt 0.0005724195840000001 0.98452696416
vt 0.0005694508 0.984551469808
vt 0.0005724195840000001 0.98452696416
vt 0.000586839136 0.98453301048
vt 0.0005887798400000001 0.98455103112
vt 0.0005923552 0.98458657552
vt 0.00056662696 0.984580409056
vt 0.0005694508 0.984551469808
vt 0.00056662696 0.984580409056
vt 0.00055207104 0.984576289184
vt 0.000549785072 0.984552889824
vt 0.000586839136 0.98453301048
vt 0.0005995115680000001 0.984522881504
vt 0.0006066183520000001 0.984542655952
vt 0.0005995115680000001 0.984522881504
vt 0.000622284352 0.984509954448
vt 0.00062621728 0.984533619888
vt 0.00062653584 0.984550516128
vt 0.00061360304 0.98456335736
vt 0.0006066183520000001 0.984542655952
vt 0.00061360304 0.98456335736
vt 0.0005923552 0.98458657552
vt 0.0005887798400000001 0.98455103112
vt 0.00046033424000000003 0.98469378472
vt 0.000487892576 0.98468545152
vt 0.000490213808 0.984708211904
vt 0.000487892576 0.98468545152
vt 0.0005131496800000001 0.98468392752
vt 0.0005087818560000001 0.984709748272
vt 0.000505649984 0.984729129792
vt 0.0004916414559999999 0.984730275152
vt 0.000490213808 0.984708211904
vt 0.0004916414559999999 0.984730275152
vt 0.00047647232 0.98473123168
vt 0.00047016471999999996 0.984715707776
vt 0.000539638944 0.984583975792
vt 0.000567889632 0.98459803104
vt 0.0005642484800000001 0.984621494288
vt 0.000567889632 0.98459803104
vt 0.0005856356 0.984610664368
vt 0.0005863871040000001 0.984632459648
vt 0.00058675808 0.984671619408
vt 0.0005626377599999999 0.98464471152
vt 0.0005642484800000001 0.984621494288
vt 0.0005626377599999999 0.98464471152
vt 0.000547400896 0.9846299896
vt 0.000543089328 0.98461063576
vt 0.0005856356 0.984610664368
vt 0.000600970688 0.98460342408
vt 0.000606311264 0.98463275528
vt 0.000600970688 0.98460342408
vt 0.00062642712 0.98459760952
vt 0.00062595696 0.984632288
vt 0.000626060896 0.984657507904
vt 0.000613007968 0.984664468768
vt 0.000606311264 0.98463275528
vt 0.000613007968 0.984664468768
vt 0.00058675808 0.984671619408
vt 0.0005863871040000001 0.984632459648
vt 0.000447112016 0.98437301544
vt 0.00047293513599999996 0.98437741664
vt 0.000471724928 0.984411009824
vt 0.00047293513599999996 0.98437741664
vt 0.00048778672000000003 0.984385598688
vt 0.000491341056 0.984410877264
vt 0.0004970392639999999 0.984452089344
vt 0.000471280512 0.98444429496
vt 0.000471724928 0.984411009824
vt 0.000471280512 0.98444429496
vt 0.000455766144 0.98443210032
vt 0.000452021536 0.984407330544
vt 0.00051598208 0.984232192064
vt 0.0005315002720000001 0.984222459344
vt 0.00053161088 0.984248903776
vt 0.0005315002720000001 0.984222459344
vt 0.000557272368 0.984217571288
vt 0.000552077712 0.984239121944
vt 0.0005480598880000001 0.98425850776
vt 0.00053161664 0.984275350128
vt 0.00053161088 0.984248903776
vt 0.00053161664 0.984275350128
vt 0.0005063289920000001 0.984298531088
vt 0.000511236608 0.984257267984
vt 0.00052483408 0.984066277536
vt 0.000565186912 0.984065119296
vt 0.0005665401599999999 0.9840894694624001
vt 0.000565186912 0.984065119296
vt 0.00059609168 0.9840613112752
vt 0.000591984208 0.984084923296
vt 0.000588959152 0.984115522416
vt 0.0005670799680000001 0.984113470584
vt 0.0005665401599999999 0.9840894694624001
vt 0.0005670799680000001 0.984113470584
vt 0.000553533024 0.9841133046448
vt 0.000545672832 0.9840963144608
vt 0.00059609168 0.9840613112752
vt 0.0006251167680000001 0.984058975728
vt 0.000622271952 0.9840820556
vt 0.0006251167680000001 0.984058975728
vt 0.0006536831199999999 0.9840574398336
vt 0.000654342112 0.9840799551312001
vt 0.000657285152 0.9841120686832
vt 0.000622177536 0.98411319688
vt 0.000622271952 0.9840820556
vt 0.000622177536 0.98411319688
vt 0.000588959152 0.984115522416
vt 0.000591984208 0.984084923296
vt 0.0006536831199999999 0.9840574398336
vt 0.000681877552 0.9840562901792
vt 0.000684677536 0.984078156024
vt 0.000681877552 0.9840562901792
vt 0.00070979064 0.984056420832
vt 0.0007145304 0.984078446416
vt 0.0007182191999999999 0.984110264808
vt 0.000687595792 0.98410241464
vt 0.000684677536 0.984078156024
vt 0.000687595792 0.98410241464
vt 0.000657285152 0.9841120686832
vt 0.000654342112 0.9840799551312001
vt 0.00070979064 0.984056420832
vt 0.000737577856 0.9840568561856
vt 0.000745301664 0.984079126864
vt 0.000737577856 0.9840568561856
vt 0.0007649311359999999 0.9840597939792
vt 0.000773697312 0.984081481488
vt 0.000781417312 0.984112148792
vt 0.000749899328 0.984111506016
vt 0.000745301664 0.984079126864
vt 0.000749899328 0.984111506016
vt 0.0007182191999999999 0.984110264808
vt 0.0007145304 0.984078446416
vt 0.0007649311359999999 0.9840597939792
vt 0.000792365488 0.9840674372
vt 0.0007957405440000001 0.9840874328912
vt 0.000792365488 0.9840674372
vt 0.0008221945120000001 0.9840727958976
vt 0.000812385024 0.9840967660256
vt 0.000809565968 0.9841088824576
vt 0.00079979936 0.984107382328
vt 0.0007957405440000001 0.9840874328912
vt 0.00079979936 0.984107382328
vt 0.000781417312 0.984112148792
vt 0.000773697312 0.984081481488
vt 0.0006864504 0.984641711232
vt 0.0007144617599999999 0.98463817408
vt 0.000714810784 0.984665679936
vt 0.0007144617599999999 0.98463817408
vt 0.0007402223999999999 0.984640757568
vt 0.00073441072 0.984665772432
vt 0.0007296480480000001 0.984676901824
vt 0.000715006288 0.984680488592
vt 0.000714810784 0.984665679936
vt 0.000715006288 0.984680488592
vt 0.0006993336 0.98467727664
vt 0.00069308416 0.9846662712
vt 0.000105940744 0.984209530864
vt 0.00012290184 0.984217457808
vt 0.00011692707200000001 0.984231184032
vt 0.00012290184 0.984217457808
vt 0.00014386408 0.984218394784
vt 0.000135347296 0.984232908752
vt 0.0001244835104 0.98425352432
vt 0.000110264704 0.984243866
vt 0.00011692707200000001 0.984231184032
vt 0.000110264704 0.984243866
vt 0.0001029137824 0.98424116328
vt 0.000104341432 0.98423111632
vt 0.00014386408 0.984218394784
vt 0.000166711256 0.984219292672
vt 0.00016077272 0.984235032592
vt 0.000166711256 0.984219292672
vt 0.000190652768 0.984219667464
vt 0.000188131728 0.9842366524
vt 0.000185204912 0.98425965504
vt 0.000155314848 0.984259261168
vt 0.00016077272 0.984235032592
vt 0.000155314848 0.984259261168
vt 0.0001244835104 0.98425352432
vt 0.000135347296 0.984232908752
vt 0.000190652768 0.984219667464
vt 0.000215147904 0.984220372704
vt 0.000212499072 0.984237441088
vt 0.000215147904 0.984220372704
vt 0.00024086897600000002 0.9842212992
vt 0.000238404672 0.984238186864
vt 0.000233337328 0.984263264208
vt 0.000209399152 0.984253326448
vt 0.000212499072 0.984237441088
vt 0.000209399152 0.984253326448
vt 0.000185204912 0.98425965504
vt 0.000188131728 0.9842366524
vt 0.00024086897600000002 0.9842212992
vt 0.00026865 0.984220452336
vt 0.000270818656 0.984237800144
vt 0.00026865 0.984220452336
vt 0.00029832262399999995 0.984214924848
vt 0.00030509513599999996 0.984235715896
vt 0.00031084817599999996 0.984265162016
vt 0.000270366128 0.98426564696
vt 0.000270818656 0.984237800144
vt 0.000270366128 0.98426564696
vt 0.000233337328 0.984263264208
vt 0.000238404672 0.984238186864
vt 0.00029832262399999995 0.984214924848
vt 0.00032988496000000003 0.984199050928
vt 0.000334943712 0.984228527104
vt 0.00032988496000000003 0.984199050928
vt 0.00036857694400000004 0.984169457472
vt 0.00035779088 0.984224436784
vt 0.000352743568 0.984249952816
vt 0.00033746475199999997 0.98425683312
vt 0.000334943712 0.984228527104
vt 0.00033746475199999997 0.98425683312
vt 0.00031084817599999996 0.984265162016
vt 0.00030509513599999996 0.984235715896
vt 0.00029906982399999997 0.984314069296
vt 0.00032657569600000005 0.984318505792
vt 0.000327826912 0.984348698176
vt 0.00032657569600000005 0.984318505792
vt 0.000354021488 0.984319967296
vt 0.00034897894400000003 0.98435264544
vt 0.000343638832 0.984368871712
vt 0.000328952736 0.984373502288
vt 0.000327826912 0.984348698176
vt 0.000328952736 0.984373502288
vt 0.000314728672 0.9843682752
vt 0.000309117264 0.98435042528
vt 0.000478674352 0.98452011968
vt 0.000468348928 0.984485428832
vt 0.000478674352 0.984485428832
vt 0.000468348928 0.984485428832
vt 0.000478674352 0.984450737984
vt 0.000488998832 0.984454454448
vt 0.000488998832 0.984454454448
vt 0.000478674352 0.984485428832
vt 0.000478674352 0.984485428832
vt 0.000478674352 0.984485428832
vt 0.000488998832 0.9845164032
vt 0.000488998832 0.9845164032
vt 0.000588959152 0.984115522416
vt 0.000622177536 0.98411319688
vt 0.000626525344 0.984152063872
vt 0.000622177536 0.98411319688
vt 0.000657285152 0.9841120686832
vt 0.0006490587519999999 0.984157264736
vt 0.0006604017599999999 0.984199515376
vt 0.000632990304 0.98418474152
vt 0.000626525344 0.984152063872
vt 0.000632990304 0.98418474152
vt 0.0006129154559999999 0.98417556528
vt 0.0006041502399999999 0.984147891072
vt 0.0007182191999999999 0.984110264808
vt 0.000749899328 0.984111506016
vt 0.00075556416 0.984156164192
vt 0.000749899328 0.984111506016
vt 0.000781417312 0.984112148792
vt 0.00077500288 0.984156308688
vt 0.000756827776 0.984195469888
vt 0.00074053616 0.984195962936
vt 0.00075556416 0.984156164192
vt 0.00074053616 0.984195962936
vt 0.0007181619999999999 0.984200417552
vt 0.00073515744 0.984156693488
vt 0.000461916384 0.9840418405824
vt 0.00048808616 0.9840461297328
vt 0.000486906464 0.984087610752
vt 0.00048808616 0.9840461297328
vt 0.0005124258400000001 0.9840430894192
vt 0.000505963744 0.984090300592
vt 0.000505581312 0.984135649712
vt 0.000486028128 0.984133469616
vt 0.000486906464 0.984087610752
vt 0.000486028128 0.984133469616
vt 0.000466778224 0.984134819056
vt 0.000468217312 0.9840892949408
vt 0.0001244835104 0.98425352432
vt 0.000155314848 0.984259261168
vt 0.00014487688 0.98429824784
vt 0.000155314848 0.984259261168
vt 0.000185204912 0.98425965504
vt 0.00016552345600000001 0.984301633872
vt 0.000174693504 0.984345871952
vt 0.000151745728 0.984338232064
vt 0.00014487688 0.98429824784
vt 0.000151745728 0.984338232064
vt 0.000132879664 0.984334917568
vt 0.00012313835200000002 0.984295155552
vt 0.000233337328 0.984263264208
vt 0.000270366128 0.98426564696
vt 0.00026508182400000003 0.984304395232
vt 0.000270366128 0.98426564696
vt 0.00031084817599999996 0.984265162016
vt 0.000293696816 0.984301353968
vt 0.000283176832 0.984332402256
vt 0.00025695032 0.984340019728
vt 0.00026508182400000003 0.984304395232
vt 0.00025695032 0.984340019728
vt 0.00022351544 0.984351133376
vt 0.000240223328 0.984308060192
vt 0.000626741824 0.984285627392
vt 0.00063077872 0.98426354792
vt 0.00065337888 0.984274422192
vt 0.00063077872 0.98426354792
vt 0.00063842624 0.984241846112
vt 0.0006587461759999999 0.984254326848
vt 0.00067231984 0.984265569712
vt 0.00067082256 0.9842833085280001
vt 0.00065337888 0.984274422192
vt 0.00067082256 0.9842833085280001
vt 0.0006705192960000001 0.984297195472
vt 0.000654116096 0.98429544832
vt 0.00065999072 0.984221700224
vt 0.000686366496 0.984226721312
vt 0.000686421808 0.984242878464
vt 0.000686366496 0.984226721312
vt 0.000711719936 0.984228850864
vt 0.000705978816 0.984246428048
vt 0.00070255512 0.98426151136
vt 0.000687520448 0.984261938128
vt 0.000686421808 0.984242878464
vt 0.000687520448 0.984261938128
vt 0.00067202896 0.984261588128
vt 0.000666981168 0.98424477104
vt 0.00073327584 0.984251300848
vt 0.0007407164 0.984272891552
vt 0.00072208256 0.984279199152
vt 0.0007407164 0.984272891552
vt 0.000745680272 0.984294938112
vt 0.0007199530079999999 0.98429943136
vt 0.000704103888 0.984298991232
vt 0.0007053760959999999 0.98428523352
vt 0.00072208256 0.984279199152
vt 0.0007053760959999999 0.98428523352
vt 0.00070488208 0.984268007792
vt 0.00071761744 0.984259164832
vt 0.00016898672 0.984380112208
vt 0.000195627616 0.984388627088
vt 0.00018940822399999999 0.984419031168
vt 0.000195627616 0.984388627088
vt 0.000226404112 0.984388834032
vt 0.00021328824 0.98442197136
vt 0.00020456259199999998 0.98444001392
vt 0.000182911792 0.984443926848
vt 0.00018940822399999999 0.984419031168
vt 0.000182911792 0.984443926848
vt 0.000166277328 0.984430492432
vt 0.000167241976 0.984411520992
vt 0.000488998832 0.984454454448
vt 0.000488998832 0.984454454448
vt 0.000478674352 0.984485428832
vt 0.000488998832 0.984454454448
vt 0.000497028768 0.984462484384
vt 0.000488998832 0.984485428832
vt 0.000497028768 0.98450837328
vt 0.000488998832 0.9845164032
vt 0.000478674352 0.984485428832
vt 0.000488998832 0.9845164032
vt 0.000488998832 0.9845164032
vt 0.000478674352 0.984485428832
vt 0.0006604017599999999 0.984199515376
vt 0.00066023392 0.984211254144
vt 0.0006352352479999999 0.984198655632
vt 0.00066023392 0.984211254144
vt 0.00065999072 0.984221700224
vt 0.00063344616 0.984206167248
vt 0.0006183866879999999 0.984199002296
vt 0.000615998688 0.98418921808
vt 0.0006352352479999999 0.984198655632
vt 0.000615998688 0.98418921808
vt 0.0006129154559999999 0.98417556528
vt 0.000632990304 0.98418474152
vt 0.0007181619999999999 0.984200417552
vt 0.00071455616 0.98421693328
vt 0.0006878856960000001 0.984216863184
vt 0.00071455616 0.98421693328
vt 0.000711719936 0.984228850864
vt 0.000686366496 0.984226721312
vt 0.00065999072 0.984221700224
vt 0.00066023392 0.984211254144
vt 0.0006878856960000001 0.984216863184
vt 0.00066023392 0.984211254144
vt 0.0006604017599999999 0.984199515376
vt 0.000690014304 0.98420888856
vt 0.000756827776 0.984195469888
vt 0.0007526287360000001 0.984215554272
vt 0.000736497344 0.984215432672
vt 0.0007526287360000001 0.984215554272
vt 0.00074922128 0.984224060088
vt 0.0007355818079999999 0.984225070976
vt 0.000711719936 0.984228850864
vt 0.00071455616 0.98421693328
vt 0.000736497344 0.984215432672
vt 0.00071455616 0.98421693328
vt 0.0007181619999999999 0.984200417552
vt 0.00074053616 0.984195962936
vt 0.000505581312 0.984135649712
vt 0.00050457424 0.984157590416
vt 0.000485414928 0.984155834704
vt 0.00078820368 0.98427888064
vt 0.00077906936 0.984275708704
vt 0.00077832168 0.984261563808
vt 0.0007715916000000001 0.984249242336
vt 0.000778005056 0.984241774592
vt 0.00078844016 0.984258755232
vt 0.000466407232 0.984156705888
vt 0.000466778224 0.984134819056
vt 0.000486028128 0.984133469616
vt 0.000174693504 0.984345871952
vt 0.000172396112 0.984364301232
vt 0.000149743488 0.98435855488
vt 0.000172396112 0.984364301232
vt 0.00016898672 0.984380112208
vt 0.00014660112 0.984368700064
vt 0.000133062288 0.984364309824
vt 0.000131936952 0.984355202704
vt 0.000149743488 0.98435855488
vt 0.000131936952 0.984355202704
vt 0.000132879664 0.984334917568
vt 0.000151745728 0.984338232064
vt 0.00022351544 0.984351133376
vt 0.00022463219200000002 0.98436974432
vt 0.000197043824 0.98436955408
vt 0.00022463219200000002 0.98436974432
vt 0.000226404112 0.984388834032
vt 0.000195627616 0.984388627088
vt 0.00016898672 0.984380112208
vt 0.000172396112 0.984364301232
vt 0.000197043824 0.98436955408
vt 0.000172396112 0.984364301232
vt 0.000174693504 0.984345871952
vt 0.00019649736 0.98435811952
vt 0.000283176832 0.984332402256
vt 0.000279146128 0.984350904016
vt 0.000254734464 0.984360620528
vt 0.000279146128 0.984350904016
vt 0.0002760448 0.984361841232
vt 0.000257435264 0.984371316944
vt 0.000226404112 0.984388834032
vt 0.00022463219200000002 0.98436974432
vt 0.000254734464 0.984360620528
vt 0.00022463219200000002 0.98436974432
vt 0.00022351544 0.984351133376
vt 0.00025695032 0.984340019728
vt 0.000657285152 0.9841120686832
vt 0.000687595792 0.98410241464
vt 0.00068888992 0.9841226854624
vt 0.000687595792 0.98410241464
vt 0.0007182191999999999 0.984110264808
vt 0.0007032856320000001 0.984127312688
vt 0.000185204912 0.98425965504
vt 0.000209399152 0.984253326448
vt 0.000208202288 0.984269527936
vt 0.000209399152 0.984253326448
vt 0.000233337328 0.984263264208
vt 0.000220443168 0.984277753376
vt 0.0007182191999999999 0.984110264808
vt 0.00073515744 0.984156693488
vt 0.0007165951200000001 0.984156635312
vt 0.00073515744 0.984156693488
vt 0.0007181619999999999 0.984200417552
vt 0.0007047199680000001 0.984186416656
vt 0.000174693504 0.984345871952
vt 0.00016552345600000001 0.984301633872
vt 0.00018124859199999998 0.9843043528
vt 0.00016552345600000001 0.984301633872
vt 0.000185204912 0.98425965504
vt 0.000194972448 0.984275588544
vt 0.0007181619999999999 0.984200417552
vt 0.000690014304 0.98420888856
vt 0.000690354768 0.984192333728
vt 0.000690014304 0.98420888856
vt 0.0006604017599999999 0.984199515376
vt 0.00067596192 0.9841870966240001
vt 0.00022351544 0.984351133376
vt 0.00019649736 0.98435811952
vt 0.000198123376 0.984341302432
vt 0.00019649736 0.98435811952
vt 0.000174693504 0.984345871952
vt 0.000186742704 0.9843343911519999
vt 0.0006604017599999999 0.984199515376
vt 0.0006490587519999999 0.984157264736
vt 0.0006675266560000001 0.984158036736
vt 0.0006490587519999999 0.984157264736
vt 0.000657285152 0.9841120686832
vt 0.0006747039999999999 0.98412845376
vt 0.000233337328 0.984263264208
vt 0.000240223328 0.984308060192
vt 0.000224414272 0.984308168448
vt 0.000240223328 0.984308060192
vt 0.00022351544 0.984351133376
vt 0.000211835312 0.9843364592
vt 0.00014301244799999998 0.984657005312
vt 0.00014303248 0.984676132208
vt 0.000117718144 0.984681822784
vt 0.000142978112 0.9846322088
vt 0.00014301244799999998 0.984657005312
vt 0.0001182169168 0.98465703392
vt 0.00014301244799999998 0.984657005312
vt 0.000142978112 0.9846322088
vt 0.000167772688 0.984632173536
vt 0.00014303248 0.984676132208
vt 0.00014301244799999998 0.984657005312
vt 0.000167807024 0.984656968112
vt 0.000192593984 0.98465693472
vt 0.0001926264 0.984675828
vt 0.000167836592 0.98467591952
vt 0.00019256774400000002 0.98463214016
vt 0.000192593984 0.98465693472
vt 0.000167807024 0.984656968112
vt 0.000192593984 0.98465693472
vt 0.00019256774400000002 0.98463214016
vt 0.000217366144 0.984632121088
vt 0.0001926264 0.984675828
vt 0.000192593984 0.98465693472
vt 0.000217358992 0.984656907088
vt 0.00024202052800000002 0.98465685368
vt 0.00024216548800000003 0.984675684928
vt 0.000217405728 0.98467577744
vt 0.000242181232 0.984632182128
vt 0.00024202052800000002 0.98465685368
vt 0.000217358992 0.984656907088
vt 0.00024202052800000002 0.98465685368
vt 0.000242181232 0.984632182128
vt 0.00026691812799999997 0.9846320896
vt 0.00024216548800000003 0.984675684928
vt 0.00024202052800000002 0.98465685368
vt 0.00026083368 0.98465884208
vt 0.000283756192 0.9840330329232
vt 0.00028377432 0.9840482783616
vt 0.000256892144 0.9840444121664
vt 0.000283068592 0.9840193386368
vt 0.000283756192 0.9840330329232
vt 0.000263484896 0.9840293398208
vt 0.000283756192 0.9840330329232
vt 0.000283068592 0.9840193386368
vt 0.00030914539200000004 0.9840187049216
vt 0.00028377432 0.9840482783616
vt 0.000283756192 0.9840330329232
vt 0.000309617936 0.9840339093504
vt 0.000335352368 0.984034302264
vt 0.000335326128 0.9840502929984
vt 0.00030975288 0.984049616368
vt 0.000335471568 0.984018444568
vt 0.000335352368 0.984034302264
vt 0.000309617936 0.9840339093504
vt 0.000335352368 0.984034302264
vt 0.000335471568 0.984018444568
vt 0.000350405632 0.9840177140528
vt 0.000335326128 0.9840502929984
vt 0.000335352368 0.984034302264
vt 0.000355369024 0.9840305099792
vt 0.00029801983999999996 0.984564390176
vt 0.00029763023999999997 0.9845836048
vt 0.00028306764800000003 0.98458046912
vt 0.00029784768 0.984539811136
vt 0.00029801983999999996 0.984564390176
vt 0.000279087488 0.984566473008
vt 0.00029801983999999996 0.984564390176
vt 0.00029784768 0.984539811136
vt 0.00032256406399999997 0.98453977296
vt 0.00029763023999999997 0.9845836048
vt 0.00029801983999999996 0.984564390176
vt 0.00032255072 0.984564469344
vt 0.000347294752 0.98456455424
vt 0.00034722608 0.984583961488
vt 0.00032242864 0.984583866112
vt 0.000347319072 0.984539791104
vt 0.000347294752 0.98456455424
vt 0.00032255072 0.984564469344
vt 0.000347294752 0.98456455424
vt 0.000347319072 0.984539791104
vt 0.000372091232 0.98453979016
vt 0.00034722608 0.984583961488
vt 0.000347294752 0.98456455424
vt 0.000372125088 0.984564615248
vt 0.000397010736 0.984564566608
vt 0.000398683488 0.984589410784
vt 0.000373572768 0.98458969688
vt 0.00039689200000000003 0.98453970912
vt 0.000397010736 0.984564566608
vt 0.000372125088 0.984564615248
vt 0.000397010736 0.984564566608
vt 0.00039689200000000003 0.98453970912
vt 0.00042172235200000003 0.9845395632
vt 0.000398683488 0.984589410784
vt 0.000397010736 0.984564566608
vt 0.000421868272 0.98456439304
vt 0.000129564208 0.984080553088
vt 0.00012823383999999998 0.9841078210176
vt 0.00010792009599999999 0.984106867344
vt 0.000127613952 0.9840585561104
vt 0.000129564208 0.984080553088
vt 0.0001089266992 0.984080241712
vt 0.000129564208 0.984080553088
vt 0.000127613952 0.9840585561104
vt 0.000153879088 0.9840535893744
vt 0.00012823383999999998 0.9841078210176
vt 0.000129564208 0.984080553088
vt 0.00015841380799999999 0.9840884061152
vt 0.000181852736 0.984069900544
vt 0.000180705472 0.98410515264
vt 0.000160516664 0.98410734752
vt 0.000180110864 0.9840490932768
vt 0.000181852736 0.984069900544
vt 0.00015841380799999999 0.9840884061152
vt 0.000181852736 0.984069900544
vt 0.000180110864 0.9840490932768
vt 0.000205684112 0.984048554928
vt 0.000180705472 0.98410515264
vt 0.000181852736 0.984069900544
vt 0.00020610468800000002 0.9840700917536
vt 0.000231584 0.98407015136
vt 0.000231493872 0.9840968938176
vt 0.00020112507199999998 0.9841051006608
vt 0.000231231136 0.984048342736
vt 0.000231584 0.98407015136
vt 0.00020610468800000002 0.9840700917536
vt 0.000231584 0.98407015136
vt 0.000231231136 0.984048342736
vt 0.000256892144 0.9840444121664
vt 0.000231493872 0.9840968938176
vt 0.000231584 0.98407015136
vt 0.00025765984 0.984070343048
vt 0.000287001552 0.9840747938448
vt 0.000283089104 0.984093164
vt 0.000257461968 0.984098170784
vt 0.00028377432 0.9840482783616
vt 0.000287001552 0.9840747938448
vt 0.00025765984 0.984070343048
vt 0.000287001552 0.9840747938448
vt 0.00028377432 0.9840482783616
vt 0.00030975288 0.984049616368
vt 0.000283089104 0.984093164
vt 0.000287001552 0.9840747938448
vt 0.00031047767999999997 0.98407620576
vt 0.00033483928000000004 0.9840770035088
vt 0.000334576064 0.984097751648
vt 0.00030855887999999996 0.9840965519248
vt 0.000335326128 0.9840502929984
vt 0.00033483928000000004 0.9840770035088
vt 0.00031047767999999997 0.98407620576
vt 0.00033483928000000004 0.9840770035088
vt 0.000335326128 0.9840502929984
vt 0.00036168283200000003 0.9840483208
vt 0.000334576064 0.984097751648
vt 0.00033483928000000004 0.9840770035088
vt 0.00035827105599999995 0.984076590568
vt 0.000386933744 0.984075402768
vt 0.000386850304 0.9840964112576001
vt 0.00036045449600000004 0.984096922904
vt 0.000387861664 0.984054129632
vt 0.000386933744 0.984075402768
vt 0.00035827105599999995 0.984076590568
vt 0.000386933744 0.984075402768
vt 0.000387861664 0.984054129632
vt 0.00041479008 0.984054910688
vt 0.000386850304 0.9840964112576001
vt 0.000386933744 0.984075402768
vt 0.00041421456000000003 0.984076075104
vt 0.000440950816 0.9840765500368001
vt 0.00044087164800000003 0.984103335888
vt 0.00041371816 0.984103300128
vt 0.000441765248 0.9840556769664
vt 0.000440950816 0.9840765500368001
vt 0.00041421456000000003 0.984076075104
vt 0.000440950816 0.9840765500368001
vt 0.000441765248 0.9840556769664
vt 0.00045841591999999995 0.9840601244272
vt 0.00044087164800000003 0.984103335888
vt 0.000440950816 0.9840765500368001
vt 0.000463352624 0.984076294928
vt 0.0006165232000000001 0.984384610208
vt 0.00064132256 0.984379953408
vt 0.0006416792 0.98439463808
vt 0.000591757232 0.984389252688
vt 0.0006165232000000001 0.984384610208
vt 0.00061689896 0.98440129952
vt 0.0006165232000000001 0.984384610208
vt 0.000591757232 0.984389252688
vt 0.000591453008 0.984365881952
vt 0.00064132256 0.984379953408
vt 0.0006165232000000001 0.984384610208
vt 0.000616265712 0.984365555792
vt 0.000126799504 0.984133938336
vt 0.00012550203200000003 0.98415413192
vt 0.00010992757920000001 0.984149252928
vt 0.00012823383999999998 0.9841078210176
vt 0.000126799504 0.984133938336
vt 0.000106614992 0.98413327744
vt 0.000126799504 0.984133938336
vt 0.00012823383999999998 0.9841078210176
vt 0.000160516664 0.98410734752
vt 0.00012550203200000003 0.98415413192
vt 0.000126799504 0.984133938336
vt 0.000151373312 0.98413538936
vt 0.000181497504 0.98412615016
vt 0.000176614208 0.984158349072
vt 0.00015013496000000002 0.98416068128
vt 0.000180705472 0.98410515264
vt 0.000181497504 0.98412615016
vt 0.000151373312 0.98413538936
vt 0.000181497504 0.98412615016
vt 0.000180705472 0.98410515264
vt 0.00020112507199999998 0.9841051006608
vt 0.000176614208 0.984158349072
vt 0.000181497504 0.98412615016
vt 0.000201980512 0.984125406288
vt 0.00023171465599999998 0.984120833904
vt 0.000229657576 0.984141743696
vt 0.000204635072 0.984154840016
vt 0.000231493872 0.9840968938176
vt 0.00023171465599999998 0.984120833904
vt 0.000201980512 0.984125406288
vt 0.00023171465599999998 0.984120833904
vt 0.000231493872 0.9840968938176
vt 0.000257461968 0.984098170784
vt 0.000229657576 0.984141743696
vt 0.00023171465599999998 0.984120833904
vt 0.000251175824 0.9841241536432
vt 0.000149045872 0.984476638816
vt 0.00014681807999999998 0.984507534976
vt 0.00012141888 0.984502236368
vt 0.000150814936 0.984443335568
vt 0.000149045872 0.984476638816
vt 0.00013011829599999999 0.984468592672
vt 0.000149045872 0.984476638816
vt 0.000150814936 0.984443335568
vt 0.000175545616 0.984444685968
vt 0.00014681807999999998 0.984507534976
vt 0.000149045872 0.984476638816
vt 0.00017396585600000001 0.984478117024
vt 0.000200147072 0.984481389072
vt 0.000200158528 0.98451078416
vt 0.000171968384 0.984509305952
vt 0.00020013420800000001 0.984445807488
vt 0.000200147072 0.984481389072
vt 0.00017396585600000001 0.984478117024
vt 0.000200147072 0.984481389072
vt 0.00020013420800000001 0.984445807488
vt 0.000224724224 0.984444664032
vt 0.000200158528 0.98451078416
vt 0.000200147072 0.984481389072
vt 0.00022632592000000002 0.984478105568
vt 0.00025129216 0.9844768496
vt 0.000253214304 0.98450770664
vt 0.00022834198399999999 0.984509279248
vt 0.00024974816 0.984443422352
vt 0.00025129216 0.9844768496
vt 0.00022632592000000002 0.984478105568
vt 0.00025129216 0.9844768496
vt 0.00024974816 0.984443422352
vt 0.000264265472 0.98444592192
vt 0.000253214304 0.98450770664
vt 0.00025129216 0.9844768496
vt 0.0002703008 0.984468929328
vt 0.00044138568 0.984129861856
vt 0.000437343536 0.98415338424
vt 0.00041949886400000005 0.984151075872
vt 0.00044087164800000003 0.984103335888
vt 0.00044138568 0.984129861856
vt 0.00041952224 0.984130784544
vt 0.00044138568 0.984129861856
vt 0.00044087164800000003 0.984103335888
vt 0.000464646752 0.9841031747168
vt 0.000437343536 0.98415338424
vt 0.00044138568 0.984129861856
vt 0.000465073056 0.984130182768
vt 0.0006661676800000001 0.984378072768
vt 0.0006910080320000001 0.984377564944
vt 0.000691292224 0.984391568208
vt 0.00064132256 0.984379953408
vt 0.0006661676800000001 0.984378072768
vt 0.000666470944 0.984392079376
vt 0.0006661676800000001 0.984378072768
vt 0.00064132256 0.984379953408
vt 0.000641085088 0.98436520008
vt 0.0006910080320000001 0.984377564944
vt 0.0006661676800000001 0.984378072768
vt 0.000665916864 0.984364761376
vt 0.000534757072 0.984711421968
vt 0.000559191168 0.984715824128
vt 0.000559272224 0.984729310032
vt 0.000515824736 0.984706137664
vt 0.000534757072 0.984711421968
vt 0.00053456064 0.984729458816
vt 0.000534757072 0.984711421968
vt 0.000515824736 0.984706137664
vt 0.0005198912 0.98469462872
vt 0.000559191168 0.984715824128
vt 0.000534757072 0.984711421968
vt 0.000534205856 0.984696851728
vt 0.00017427008 0.984184576064
vt 0.00017539063999999998 0.984205953632
vt 0.000143753936 0.984215729744
vt 0.000176614208 0.984158349072
vt 0.00017427008 0.984184576064
vt 0.0001490268 0.98418739608
vt 0.00017427008 0.984184576064
vt 0.000176614208 0.984158349072
vt 0.000204635072 0.984154840016
vt 0.00017539063999999998 0.984205953632
vt 0.00017427008 0.984184576064
vt 0.00020087712 0.984182297736
vt 0.00056880704 0.984047913104
vt 0.000565186912 0.984065119296
vt 0.00052483408 0.984066277536
vt 0.000567998352 0.9840297003088
vt 0.00056880704 0.984047913104
vt 0.000539880224 0.9840411424928
vt 0.00056880704 0.984047913104
vt 0.000567998352 0.9840297003088
vt 0.0005978388159999999 0.9840295143424
vt 0.000565186912 0.984065119296
vt 0.00056880704 0.984047913104
vt 0.000598668512 0.984047635584
vt 0.0006262192 0.9840465851136
vt 0.0006251167680000001 0.984058975728
vt 0.00059609168 0.9840613112752
vt 0.00062575 0.984031173736
vt 0.0006262192 0.9840465851136
vt 0.000598668512 0.984047635584
vt 0.0006262192 0.9840465851136
vt 0.00062575 0.984031173736
vt 0.000652617872 0.9840300264656
vt 0.0006251167680000001 0.984058975728
vt 0.0006262192 0.9840465851136
vt 0.000653315008 0.9840453372304
vt 0.000680934368 0.984044169456
vt 0.000681877552 0.9840562901792
vt 0.0006536831199999999 0.9840574398336
vt 0.000680631104 0.984021415264
vt 0.000680934368 0.984044169456
vt 0.000653315008 0.9840453372304
vt 0.000680934368 0.984044169456
vt 0.000680631104 0.984021415264
vt 0.00070853848 0.984029444248
vt 0.000681877552 0.9840562901792
vt 0.000680934368 0.984044169456
vt 0.00070825808 0.984044433624
vt 0.000734871328 0.984044882328
vt 0.000737577856 0.9840568561856
vt 0.00070979064 0.984056420832
vt 0.00073489136 0.984029713184
vt 0.000734871328 0.984044882328
vt 0.00070825808 0.984044433624
vt 0.000734871328 0.984044882328
vt 0.00073489136 0.984029713184
vt 0.000761552272 0.9840287056272
vt 0.000737577856 0.9840568561856
vt 0.000734871328 0.984044882328
vt 0.000761332928 0.9840468736
vt 0.000787819328 0.98405153516
vt 0.000792365488 0.9840674372
vt 0.0007649311359999999 0.9840597939792
vt 0.0007880339200000001 0.9840334053344
vt 0.000787819328 0.98405153516
vt 0.000761332928 0.9840468736
vt 0.000787819328 0.98405153516
vt 0.0007880339200000001 0.9840334053344
vt 0.000806764064 0.9840309520064
vt 0.000792365488 0.9840674372
vt 0.000787819328 0.98405153516
vt 0.0008119062719999999 0.9840477042496
vt 0.000715843616 0.984377059008
vt 0.00074070112 0.984377905872
vt 0.00074100632 0.984392597232
vt 0.0006910080320000001 0.984377564944
vt 0.000715843616 0.984377059008
vt 0.00071611256 0.984391072304
vt 0.000715843616 0.984377059008
vt 0.0006910080320000001 0.984377564944
vt 0.000690739088 0.984364267376
vt 0.00074070112 0.984377905872
vt 0.000715843616 0.984377059008
vt 0.0007155613280000001 0.9843637581119999
vt 0.00058404392 0.984717283248
vt 0.0006088776000000001 0.984717252736
vt 0.0006088900000000001 0.98472916032
vt 0.000559191168 0.984715824128
vt 0.00058404392 0.984717283248
vt 0.0005840772800000001 0.9847291956
vt 0.00058404392 0.984717283248
vt 0.000559191168 0.984715824128
vt 0.000559215968 0.98470388224
vt 0.0006088776000000001 0.984717252736
vt 0.00058404392 0.984717283248
vt 0.000584049648 0.984705365184
vt 0.00032680696 0.984290993248
vt 0.000307178912 0.984284526384
vt 0.000312517584 0.98426781944
vt 0.000345184272 0.984286387472
vt 0.00032680696 0.984290993248
vt 0.000327115952 0.98426568464
vt 0.00032680696 0.984290993248
vt 0.000345184272 0.984286387472
vt 0.000354021488 0.984319967296
vt 0.000307178912 0.984284526384
vt 0.00032680696 0.984290993248
vt 0.00032657569600000005 0.984318505792
vt 0.000437375008 0.984485428832
vt 0.000437375008 0.9845164032
vt 0.00041443056 0.98450837328
vt 0.000437375008 0.984454454448
vt 0.000437375008 0.984485428832
vt 0.000406400624 0.984485428832
vt 0.000437375008 0.984485428832
vt 0.000437375008 0.984454454448
vt 0.000478674352 0.984450737984
vt 0.000437375008 0.9845164032
vt 0.000437375008 0.984485428832
vt 0.000468348928 0.984485428832
vt 0.000605905952 0.98425303272
vt 0.0005997700160000001 0.984270501168
vt 0.00058458848 0.984259116208
vt 0.0006094784 0.984234115152
vt 0.000605905952 0.98425303272
vt 0.00058405152 0.984244170696
vt 0.000605905952 0.98425303272
vt 0.0006094784 0.984234115152
vt 0.00063842624 0.984241846112
vt 0.0005997700160000001 0.984270501168
vt 0.000605905952 0.98425303272
vt 0.00063077872 0.98426354792
vt 0.000688024 0.984286966352
vt 0.00068701976 0.984305696512
vt 0.0006705192960000001 0.984297195472
vt 0.0006890329600000001 0.984262754464
vt 0.000688024 0.984286966352
vt 0.00067082256 0.9842833085280001
vt 0.000688024 0.984286966352
vt 0.0006890329600000001 0.984262754464
vt 0.00070488208 0.984268007792
vt 0.00068701976 0.984305696512
vt 0.000688024 0.984286966352
vt 0.0007053760959999999 0.98428523352
vt 0.0007603821120000001 0.984266892
vt 0.000767303888 0.984284309888
vt 0.000745680272 0.984294938112
vt 0.0007571520000000001 0.984248492752
vt 0.0007603821120000001 0.984266892
vt 0.0007407164 0.984272891552
vt 0.0007603821120000001 0.984266892
vt 0.0007571520000000001 0.984248492752
vt 0.0007715916000000001 0.984249242336
vt 0.000767303888 0.984284309888
vt 0.0007603821120000001 0.984266892
vt 0.00077832168 0.984261563808
vt 0.00048827880000000003 0.984027378112
vt 0.00050732272 0.9840250163376
vt 0.0005124258400000001 0.9840430894192
vt 0.000467194016 0.9840244860944
vt 0.00048827880000000003 0.984027378112
vt 0.00048808616 0.9840461297328
vt 0.00048827880000000003 0.984027378112
vt 0.000467194016 0.9840244860944
vt 0.000473476832 0.9840177140528
vt 0.00050732272 0.9840250163376
vt 0.00048827880000000003 0.984027378112
vt 0.00048836464 0.9840183430016
vt 0.000765218192 0.984381464032
vt 0.0007842936 0.984385902432
vt 0.00078048464 0.98439841368
vt 0.00074070112 0.984377905872
vt 0.000765218192 0.984381464032
vt 0.000766071744 0.9843978596
vt 0.000765218192 0.984381464032
vt 0.00074070112 0.984377905872
vt 0.000740373072 0.98436320976
vt 0.0007842936 0.984385902432
vt 0.000765218192 0.984381464032
vt 0.00076510376 0.984362694768
vt 0.0006337265600000001 0.98471722224
vt 0.0006586164799999999 0.984715657232
vt 0.000658562128 0.984729200368
vt 0.0006088776000000001 0.984717252736
vt 0.0006337265600000001 0.98471722224
vt 0.000633717952 0.984729148864
vt 0.0006337265600000001 0.98471722224
vt 0.0006088776000000001 0.984717252736
vt 0.000608863296 0.98470425224
vt 0.0006586164799999999 0.984715657232
vt 0.0006337265600000001 0.98471722224
vt 0.000633685536 0.984703844064
vt 0.00046774238400000003 0.984185826808
vt 0.00044289392 0.984186265968
vt 0.00044269936 0.984163953328
vt 0.00048739475199999997 0.984187490976
vt 0.00046774238400000003 0.984185826808
vt 0.00046764224 0.98416333392
vt 0.00046774238400000003 0.984185826808
vt 0.00048739475199999997 0.984187490976
vt 0.000483778416 0.984203325776
vt 0.00044289392 0.984186265968
vt 0.00046774238400000003 0.984185826808
vt 0.000468286928 0.984206011808
vt 0.00033491558399999997 0.98471471216
vt 0.00033845848 0.98469382
vt 0.000359296256 0.98469448376
vt 0.000334279008 0.98473462296
vt 0.00033491558399999997 0.98471471216
vt 0.000362560688 0.98470926952
vt 0.00033491558399999997 0.98471471216
vt 0.000334279008 0.98473462296
vt 0.000307277136 0.984736039168
vt 0.00033845848 0.98469382
vt 0.00033491558399999997 0.98471471216
vt 0.00030708784 0.98471668624
vt 0.000282189792 0.9847156744
vt 0.0002847976 0.984690992352
vt 0.000309785312 0.984690062528
vt 0.000280880384 0.984734788896
vt 0.000282189792 0.9847156744
vt 0.00030708784 0.98471668624
vt 0.000282189792 0.9847156744
vt 0.000280880384 0.984734788896
vt 0.000254630976 0.984731819152
vt 0.0002847976 0.984690992352
vt 0.000282189792 0.9847156744
vt 0.00025766128 0.984712383264
vt 0.00023263256 0.9847077360000001
vt 0.00023389523200000002 0.9846833248
vt 0.00026080220799999996 0.984684886928
vt 0.000229824944 0.9847285824
vt 0.00023263256 0.9847077360000001
vt 0.00025766128 0.984712383264
vt 0.00023263256 0.9847077360000001
vt 0.000229824944 0.9847285824
vt 0.00020493308800000003 0.98472657968
vt 0.00023389523200000002 0.9846833248
vt 0.00023263256 0.9847077360000001
vt 0.00020697824 0.9847051763520001
vt 0.000180809424 0.98470795248
vt 0.00018063012800000001 0.984685460096
vt 0.000207828928 0.984680254944
vt 0.00017858832 0.984726607328
vt 0.000180809424 0.98470795248
vt 0.00020697824 0.9847051763520001
vt 0.000180809424 0.98470795248
vt 0.00017858832 0.984726607328
vt 0.00015250056 0.98472759152
vt 0.00018063012800000001 0.984685460096
vt 0.000180809424 0.98470795248
vt 0.00015506880000000002 0.9847117176
vt 0.000128989616 0.98471366976
vt 0.000128073616 0.98469392016
vt 0.00015499728 0.9846915264
vt 0.000128313944 0.98472922704
vt 0.000128989616 0.98471366976
vt 0.00015506880000000002 0.9847117176
vt 0.000128989616 0.98471366976
vt 0.000128313944 0.98472922704
vt 0.000106614992 0.9847290344
vt 0.000128073616 0.98469392016
vt 0.000128989616 0.98471366976
vt 0.000109760688 0.98470425224
vt 0.000771356992 0.984425990128
vt 0.00076984736 0.984451365504
vt 0.00074365848 0.98444797424
vt 0.00077509064 0.98440667632
vt 0.000771356992 0.984425990128
vt 0.000748822624 0.984424894368
vt 0.000771356992 0.984425990128
vt 0.00077509064 0.98440667632
vt 0.000789014272 0.984412626304
vt 0.00076984736 0.984451365504
vt 0.000771356992 0.984425990128
vt 0.00079101888 0.984427642848
vt 0.000683518832 0.98471099472
vt 0.00070836016 0.984706356048
vt 0.00070819992 0.984729536064
vt 0.0006586164799999999 0.984715657232
vt 0.000683518832 0.98471099472
vt 0.0006833881600000001 0.98472935392
vt 0.000683518832 0.98471099472
vt 0.0006586164799999999 0.984715657232
vt 0.00065853256 0.984701523776
vt 0.00070836016 0.984706356048
vt 0.000683518832 0.98471099472
vt 0.000683471136 0.984694624896
vt 0.00041792481599999996 0.98418628028
vt 0.000397067968 0.984186317952
vt 0.000396356528 0.984166487728
vt 0.00044289392 0.984186265968
vt 0.00041792481599999996 0.98418628028
vt 0.00041783708800000003 0.984165244608
vt 0.00041792481599999996 0.98418628028
vt 0.00044289392 0.984186265968
vt 0.000443260608 0.98421179632
vt 0.000397067968 0.984186317952
vt 0.00041792481599999996 0.98418628028
vt 0.000417780336 0.98421116928
vt 0.00041699451199999997 0.984235487008
vt 0.000396377504 0.984235970048
vt 0.000396884864 0.984210996176
vt 0.000437653008 0.984237157856
vt 0.00041699451199999997 0.984235487008
vt 0.000417780336 0.98421116928
vt 0.00041699451199999997 0.984235487008
vt 0.000437653008 0.984237157856
vt 0.00043668216 0.9842544994719999
vt 0.000396377504 0.984235970048
vt 0.00041699451199999997 0.984235487008
vt 0.00041849416 0.98425547888
vt 0.000288492624 0.98465992736
vt 0.00029228824 0.9846283884
vt 0.000305879056 0.984632967952
vt 0.0002847976 0.984690992352
vt 0.000288492624 0.98465992736
vt 0.000307875104 0.98465583232
vt 0.000288492624 0.98465992736
vt 0.0002847976 0.984690992352
vt 0.00026080220799999996 0.984684886928
vt 0.00029228824 0.9846283884
vt 0.000288492624 0.98465992736
vt 0.00027063744 0.984651351936
vt 0.000620561056 0.984479638128
vt 0.0006205820480000001 0.984498803168
vt 0.00059515424 0.984499417328
vt 0.0006193966400000001 0.984458415056
vt 0.000620561056 0.984479638128
vt 0.000600497664 0.984476837184
vt 0.000620561056 0.984479638128
vt 0.0006193966400000001 0.984458415056
vt 0.000644149248 0.98445458128
vt 0.0006205820480000001 0.984498803168
vt 0.000620561056 0.984479638128
vt 0.000645080032 0.984477026016
vt 0.000669793552 0.984470110928
vt 0.00067039056 0.98450127792
vt 0.00064551488 0.98450386336
vt 0.00066894096 0.984443393744
vt 0.000669793552 0.984470110928
vt 0.000645080032 0.984477026016
vt 0.000669793552 0.984470110928
vt 0.00066894096 0.984443393744
vt 0.000693555296 0.984435421024
vt 0.00067039056 0.98450127792
vt 0.000669793552 0.984470110928
vt 0.0006944584 0.984465253856
vt 0.000719361728 0.98446869376
vt 0.000720076 0.984494305648
vt 0.000695344384 0.98450096704
vt 0.0007187456479999999 0.984441401504
vt 0.000719361728 0.98446869376
vt 0.0006944584 0.984465253856
vt 0.000719361728 0.98446869376
vt 0.0007187456479999999 0.984441401504
vt 0.00074365848 0.98444797424
vt 0.000720076 0.984494305648
vt 0.000719361728 0.98446869376
vt 0.000744529184 0.98447424416
vt 0.0007692636800000001 0.984476297408
vt 0.0007696699519999999 0.984495512992
vt 0.0007448505600000001 0.984495331792
vt 0.00076984736 0.984451365504
vt 0.0007692636800000001 0.984476297408
vt 0.000744529184 0.98447424416
vt 0.0007692636800000001 0.984476297408
vt 0.00076984736 0.984451365504
vt 0.0007893700000000001 0.984452392608
vt 0.0007696699519999999 0.984495512992
vt 0.0007692636800000001 0.984476297408
vt 0.0007884420800000001 0.984477034592
vt 0.00073315088 0.984704882624
vt 0.00075795216 0.984704996112
vt 0.0007578300799999999 0.98472980976
vt 0.00070836016 0.984706356048
vt 0.00073315088 0.984704882624
vt 0.000733017392 0.98472968768
vt 0.00073315088 0.984704882624
vt 0.00070836016 0.984706356048
vt 0.000707907136 0.98468771264
vt 0.00075795216 0.984704996112
vt 0.00073315088 0.984704882624
vt 0.0007312702399999999 0.984685465808
vt 0.000384187168 0.98418632224
vt 0.000372260992 0.984185702352
vt 0.000370927744 0.984171201736
vt 0.000397067968 0.984186317952
vt 0.000384187168 0.98418632224
vt 0.00038162368000000004 0.984167180096
vt 0.000384187168 0.98418632224
vt 0.000397067968 0.984186317952
vt 0.000396884864 0.984210996176
vt 0.000372260992 0.984185702352
vt 0.000384187168 0.98418632224
vt 0.000383765632 0.984210783984
vt 0.00038337844799999997 0.984235320592
vt 0.00037135024 0.98423542312
vt 0.000371595792 0.984210562736
vt 0.000396377504 0.984235970048
vt 0.00038337844799999997 0.984235320592
vt 0.000383765632 0.984210783984
vt 0.00038337844799999997 0.984235320592
vt 0.000396377504 0.984235970048
vt 0.00039354318399999997 0.984260880976
vt 0.00037135024 0.98423542312
vt 0.00038337844799999997 0.984235320592
vt 0.0003799376 0.984254387888
vt 0.000298442304 0.98450670816
vt 0.000298442304 0.98453198816
vt 0.000273162304 0.98453198816
vt 0.000298442304 0.984487748176
vt 0.000298442304 0.98450670816
vt 0.00027948230400000004 0.98450670816
vt 0.000298442304 0.98450670816
vt 0.000298442304 0.984487748176
vt 0.000323722304 0.984487748176
vt 0.000298442304 0.98453198816
vt 0.000298442304 0.98450670816
vt 0.000323722304 0.98450670816
vt 0.000349002304 0.98450670816
vt 0.000349002304 0.98453198816
vt 0.000323722304 0.98453198816
vt 0.000349002304 0.984487748176
vt 0.000349002304 0.98450670816
vt 0.000323722304 0.98450670816
vt 0.000349002304 0.98450670816
vt 0.000349002304 0.984487748176
vt 0.000363046592 0.984492663408
vt 0.000349002304 0.98453198816
vt 0.000349002304 0.98450670816
vt 0.00036796230400000003 0.98450670816
vt 0.00067101328 0.984527407648
vt 0.00067152448 0.9845489216
vt 0.0006558823040000001 0.984547077184
vt 0.00067039056 0.98450127792
vt 0.00067101328 0.984527407648
vt 0.000652160112 0.98452887632
vt 0.00067101328 0.984527407648
vt 0.00067039056 0.98450127792
vt 0.000695344384 0.98450096704
vt 0.00067152448 0.9845489216
vt 0.00067101328 0.984527407648
vt 0.000689917024 0.98452797984
vt 0.000436906752 0.984286762272
vt 0.000437388832 0.98426221184
vt 0.00046213572800000004 0.984262014896
vt 0.000437246736 0.98430602744
vt 0.000436906752 0.984286762272
vt 0.000456151424 0.984287424592
vt 0.000436906752 0.984286762272
vt 0.000437246736 0.98430602744
vt 0.000412467424 0.984306217216
vt 0.000437388832 0.98426221184
vt 0.000436906752 0.984286762272
vt 0.000412383504 0.984286843328
vt 0.000387588912 0.984286859072
vt 0.000387576048 0.984261983904
vt 0.00041246121600000004 0.984261992
vt 0.000387634224 0.984306295424
vt 0.000387588912 0.984286859072
vt 0.000412383504 0.984286843328
vt 0.000387588912 0.984286859072
vt 0.000387634224 0.984306295424
vt 0.00036198752 0.984311741376
vt 0.000387576048 0.984261983904
vt 0.000387588912 0.984286859072
vt 0.000362734256 0.984286897216
vt 0.000324693136 0.9846155424
vt 0.000305511408 0.98462072752
vt 0.00029906982399999997 0.98459877968
vt 0.00034956878400000004 0.984612968448
vt 0.000324693136 0.9846155424
vt 0.000324933472 0.984600747104
vt 0.000324693136 0.9846155424
vt 0.00034956878400000004 0.984612968448
vt 0.00034938664 0.9846272564
vt 0.000305511408 0.98462072752
vt 0.000324693136 0.9846155424
vt 0.00032448476799999996 0.98463132288
vt 0.00037434192 0.984612318032
vt 0.00034956878400000004 0.984612968448
vt 0.000349716128 0.984600337984
vt 0.000399096432 0.98461261272
vt 0.00037434192 0.984612318032
vt 0.000374480192 0.984600389488
vt 0.00037434192 0.984612318032
vt 0.000399096432 0.98461261272
vt 0.00039893288 0.98462642288
vt 0.00034956878400000004 0.984612968448
vt 0.00037434192 0.984612318032
vt 0.00037417310399999996 0.984626125328
vt 0.000423843808 0.984612909312
vt 0.000399096432 0.98461261272
vt 0.00039923948799999996 0.9846006832
vt 0.00044284576 0.98461116504
vt 0.000423843808 0.984612909312
vt 0.00042399544 0.984600983616
vt 0.000423843808 0.984612909312
vt 0.00044284576 0.98461116504
vt 0.000448849616 0.984626478192
vt 0.000399096432 0.98461261272
vt 0.000423843808 0.984612909312
vt 0.00042369216 0.98462671184
vt 0.000561920576 0.984487312352
vt 0.00056797072 0.984500659936
vt 0.0005573925440000001 0.984502019888
vt 0.000555768432 0.984474010496
vt 0.000561920576 0.984487312352
vt 0.00054921096 0.98449081232
vt 0.000561920576 0.984487312352
vt 0.000555768432 0.984474010496
vt 0.000568745072 0.984474585568
vt 0.00056797072 0.984500659936
vt 0.000561920576 0.984487312352
vt 0.00057544656 0.98448354248
vt 0.000446025792 0.98454850576
vt 0.000427220768 0.98455171584
vt 0.00042120451199999996 0.98452845952
vt 0.000470763616 0.98454850672
vt 0.000446025792 0.98454850576
vt 0.000445964752 0.98452864552
vt 0.000446025792 0.98454850576
vt 0.000470763616 0.98454850672
vt 0.00047076648 0.98456657504
vt 0.000427220768 0.98455171584
vt 0.000446025792 0.98454850576
vt 0.000445988592 0.98456602192
vt 0.00049553056 0.9845484972
vt 0.000470763616 0.98454850672
vt 0.00047075027200000003 0.98452861216
vt 0.0005142588 0.98455238152
vt 0.00049553056 0.9845484972
vt 0.000495533408 0.9845286064
vt 0.00049553056 0.9845484972
vt 0.0005142588 0.98455238152
vt 0.000509366448 0.984565725328
vt 0.000470763616 0.98454850672
vt 0.00049553056 0.9845484972
vt 0.000495546752 0.98456674864
vt 0.00067093128 0.984659174912
vt 0.0006559070879999999 0.98465809824
vt 0.000639566832 0.984639492032
vt 0.0006859668799999999 0.984660063744
vt 0.00067093128 0.984659174912
vt 0.000666972576 0.984643748288
vt 0.00067093128 0.984659174912
vt 0.0006859668799999999 0.984660063744
vt 0.0006919312 0.98467980768
vt 0.0006559070879999999 0.98465809824
vt 0.00067093128 0.984659174912
vt 0.0006750807199999999 0.984674551008
vt 0.000246156624 0.984406550432
vt 0.0002271332 0.984404429472
vt 0.000231314112 0.984391132384
vt 0.000270955984 0.984406165152
vt 0.000246156624 0.984406550432
vt 0.0002459492 0.984388775856
vt 0.000246156624 0.984406550432
vt 0.000270955984 0.984406165152
vt 0.00027123158400000003 0.984423909216
vt 0.0002271332 0.984404429472
vt 0.000246156624 0.984406550432
vt 0.00024647944 0.984424312624
vt 0.000295734352 0.98440578272
vt 0.000270955984 0.984406165152
vt 0.00027068848000000003 0.98438842776
vt 0.000316609792 0.984407559424
vt 0.000295734352 0.98440578272
vt 0.000295432512 0.984388034848
vt 0.000295734352 0.98440578272
vt 0.000316609792 0.984407559424
vt 0.00031152816 0.984420983344
vt 0.000270955984 0.984406165152
vt 0.000295734352 0.98440578272
vt 0.000295973712 0.984423541104
vt 0.00061529296 0.98432810024
vt 0.000594517168 0.984332763696
vt 0.0005877518080000001 0.984313333072
vt 0.0006403116800000001 0.984326609168
vt 0.00061529296 0.98432810024
vt 0.000615687792 0.98430918744
vt 0.00061529296 0.98432810024
vt 0.0006403116800000001 0.984326609168
vt 0.00063924256 0.984348126448
vt 0.000594517168 0.984332763696
vt 0.00061529296 0.98432810024
vt 0.0006144728000000001 0.98434771064
vt 0.00066509288 0.984326875232
vt 0.0006403116800000001 0.984326609168
vt 0.000641136592 0.98430658248
vt 0.0006899704319999999 0.98432805112
vt 0.00066509288 0.984326875232
vt 0.000665983616 0.984306396512
vt 0.00066509288 0.984326875232
vt 0.0006899704319999999 0.98432805112
vt 0.0006890558399999999 0.984357981232
vt 0.0006403116800000001 0.984326609168
vt 0.00066509288 0.984326875232
vt 0.00066397136 0.98434909728
vt 0.000715028224 0.984328839328
vt 0.0006899704319999999 0.98432805112
vt 0.00069077056 0.984307454144
vt 0.0007400784 0.984329950368
vt 0.000715028224 0.984328839328
vt 0.00071553272 0.98430824712
vt 0.000715028224 0.984328839328
vt 0.0007400784 0.984329950368
vt 0.000739093248 0.9843600984
vt 0.0006899704319999999 0.98432805112
vt 0.000715028224 0.984328839328
vt 0.00071435016 0.984359304928
vt 0.000764928288 0.984332289248
vt 0.0007400784 0.984329950368
vt 0.000740278656 0.984309884096
vt 0.0007833876 0.984332388432
vt 0.000764928288 0.984332289248
vt 0.000765460432 0.984313584832
vt 0.000764928288 0.984332289248
vt 0.0007833876 0.984332388432
vt 0.000788784448 0.98435918
vt 0.0007400784 0.984329950368
vt 0.000764928288 0.984332289248
vt 0.0007639688799999999 0.984361274752
vt 0.0005160764799999999 0.984354726352
vt 0.0004978556 0.984353804144
vt 0.00050367016 0.984339945344
vt 0.000535659248 0.98435560848
vt 0.0005160764799999999 0.984354726352
vt 0.00051634736 0.984336895968
vt 0.0005160764799999999 0.984354726352
vt 0.000535659248 0.98435560848
vt 0.000532031472 0.984369173072
vt 0.0004978556 0.984353804144
vt 0.0005160764799999999 0.984354726352
vt 0.000517230448 0.984372464208
vt 0.000376288832 0.984376824416
vt 0.000356809552 0.984377708464
vt 0.00035088438399999997 0.984354510336
vt 0.00040078633600000005 0.984376919296
vt 0.000376288832 0.984376824416
vt 0.000375746192 0.984354822192
vt 0.000376288832 0.984376824416
vt 0.00040078633600000005 0.984376919296
vt 0.000400774896 0.98439476016
vt 0.000356809552 0.984377708464
vt 0.000376288832 0.984376824416
vt 0.000375849184 0.984394521744
vt 0.00042527288000000004 0.984376952672
vt 0.00040078633600000005 0.984376919296
vt 0.000400798736 0.984354631936
vt 0.00044473022400000003 0.984377762832
vt 0.00042527288000000004 0.984376952672
vt 0.00042573636799999996 0.984354841264
vt 0.00042527288000000004 0.984376952672
vt 0.00044473022400000003 0.984377762832
vt 0.000440905504 0.984391552
vt 0.00040078633600000005 0.984376919296
vt 0.00042527288000000004 0.984376952672
vt 0.00042577118400000005 0.984394549392
vt 0.000344559136 0.984465808896
vt 0.00036400455999999995 0.984463738464
vt 0.000370399888 0.984486675296
vt 0.000319793168 0.984465761216
vt 0.000344559136 0.984465808896
vt 0.000344505728 0.984483550096
vt 0.000344559136 0.984465808896
vt 0.000319793168 0.984465761216
vt 0.00031984992 0.98444785312
vt 0.00036400455999999995 0.984463738464
vt 0.000344559136 0.984465808896
vt 0.000344564384 0.984448084864
vt 0.000294898448 0.984465731648
vt 0.000319793168 0.984465761216
vt 0.000319781728 0.984483513856
vt 0.000275395808 0.984468159712
vt 0.000294898448 0.984465731648
vt 0.00029502195199999996 0.984483545328
vt 0.000294898448 0.984465731648
vt 0.000275395808 0.984468159712
vt 0.000269461088 0.984447679552
vt 0.000319793168 0.984465761216
vt 0.000294898448 0.984465731648
vt 0.00029510873599999997 0.984447036768
vt 0.000581467088 0.98421773532
vt 0.0005618643199999999 0.984216370608
vt 0.0005657486400000001 0.984202975296
vt 0.0006010956160000001 0.984218632728
vt 0.000581467088 0.98421773532
vt 0.00058050672 0.984199942144
vt 0.000581467088 0.98421773532
vt 0.0006010956160000001 0.984218632728
vt 0.00059771104 0.984227014096
vt 0.0005618643199999999 0.984216370608
vt 0.000581467088 0.98421773532
vt 0.00058200304 0.984235546624
vt 0.0005202688640000001 0.984447197936
vt 0.000500988416 0.984448252704
vt 0.000495225376 0.984424830464
vt 0.00053954928 0.984448252704
vt 0.0005202688640000001 0.984447197936
vt 0.0005202688640000001 0.984425366432
vt 0.0005202688640000001 0.984447197936
vt 0.00053954928 0.984448252704
vt 0.00053577656 0.984456989312
vt 0.000500988416 0.984448252704
vt 0.0005202688640000001 0.984447197936
vt 0.0005202688640000001 0.984459000624
vt 0.00052587456 0.984307725936
vt 0.0005289186879999999 0.9842882485760001
vt 0.00055281392 0.984287890944
vt 0.0005232958399999999 0.984327270544
vt 0.00052587456 0.984307725936
vt 0.000543176112 0.984312229184
vt 0.00052587456 0.984307725936
vt 0.0005232958399999999 0.984327270544
vt 0.0005026277919999999 0.984328962832
vt 0.0005289186879999999 0.9842882485760001
vt 0.00052587456 0.984307725936
vt 0.00050847096 0.984303636576
vt 0.000335244112 0.984421852144
vt 0.000315692368 0.984420235664
vt 0.00031984608 0.984406775504
vt 0.000360114512 0.984421205552
vt 0.000335244112 0.984421852144
vt 0.000334812112 0.984404056576
vt 0.000335244112 0.984421852144
vt 0.000360114512 0.984421205552
vt 0.000360861248 0.984444035552
vt 0.000315692368 0.984420235664
vt 0.000335244112 0.984421852144
vt 0.000335710944 0.98443961528
vt 0.00038481372800000004 0.98442027
vt 0.000360114512 0.984421205552
vt 0.000359609552 0.98440340808
vt 0.00040371174399999997 0.984418916736
vt 0.00038481372800000004 0.98442027
vt 0.000384369312 0.98440262416
vt 0.00038481372800000004 0.98442027
vt 0.00040371174399999997 0.984418916736
vt 0.000411011152 0.984441683792
vt 0.000360114512 0.984421205552
vt 0.00038481372800000004 0.98442027
vt 0.00038602918400000005 0.984441908864
vt 0.0007551492800000001 0.984658875472
vt 0.000741074032 0.98465732576
vt 0.000745759424 0.9846436424
vt 0.000769234128 0.984660324096
vt 0.0007551492800000001 0.984658875472
vt 0.0007596516 0.984640708928
vt 0.0007551492800000001 0.984658875472
vt 0.000769234128 0.984660324096
vt 0.000761462624 0.984674530032
vt 0.000741074032 0.98465732576
vt 0.0007551492800000001 0.984658875472
vt 0.00075051728 0.9846770096
vt 0.000464574272 0.984603837968
vt 0.000445705824 0.98460639952
vt 0.00043971008 0.984576573376
vt 0.0004892963839999999 0.98460385608
vt 0.000464574272 0.984603837968
vt 0.00046448272 0.984576737408
vt 0.000464574272 0.984603837968
vt 0.0004892963839999999 0.98460385608
vt 0.000489295424 0.984625619888
vt 0.000445705824 0.98460639952
vt 0.000464574272 0.984603837968
vt 0.000464494176 0.98462558272
vt 0.0005140165759999999 0.984603859904
vt 0.0004892963839999999 0.98460385608
vt 0.000489299232 0.98457670784
vt 0.00053288024 0.984606410032
vt 0.0005140165759999999 0.984603859904
vt 0.000514095728 0.984576740272
vt 0.0005140165759999999 0.984603859904
vt 0.00053288024 0.984606410032
vt 0.0005281052 0.984621947296
vt 0.0004892963839999999 0.98460385608
vt 0.0005140165759999999 0.984603859904
vt 0.000514108128 0.984625583648
vt 0.000343881552 0.984668601984
vt 0.00032970564800000003 0.98467080784
vt 0.000310172976 0.98464697648
vt 0.000363308368 0.984668386464
vt 0.000343881552 0.984668601984
vt 0.000338312096 0.98465042016
vt 0.000343881552 0.984668601984
vt 0.000363308368 0.984668386464
vt 0.000364032208 0.9846869736
vt 0.00032970564800000003 0.98467080784
vt 0.000343881552 0.984668601984
vt 0.00034945004800000004 0.984686673168
vt 0.000389058528 0.98466219712
vt 0.000363308368 0.984668386464
vt 0.000362066208 0.98464991952
vt 0.000412908016 0.9846604576
vt 0.000389058528 0.98466219712
vt 0.000387247984 0.984646123888
vt 0.000389058528 0.98466219712
vt 0.000412908016 0.9846604576
vt 0.00041027968 0.98468935584
vt 0.000363308368 0.984668386464
vt 0.000389058528 0.98466219712
vt 0.00038544744 0.9846875591199999
vt 0.0004371032 0.984660488128
vt 0.000412908016 0.9846604576
vt 0.00041263336 0.98464415168
vt 0.00046190399999999996 0.98466059112
vt 0.0004371032 0.984660488128
vt 0.000437222416 0.98464379312
vt 0.0004371032 0.984660488128
vt 0.00046190399999999996 0.98466059112
vt 0.00046033424000000003 0.98469378472
vt 0.000412908016 0.9846604576
vt 0.0004371032 0.984660488128
vt 0.00043506568 0.984690859792
vt 0.00048726505599999996 0.984661914832
vt 0.00046190399999999996 0.98466059112
vt 0.000461869184 0.984643824576
vt 0.0005122332 0.984660540576
vt 0.00048726505599999996 0.984661914832
vt 0.000486629904 0.984643487936
vt 0.00048726505599999996 0.984661914832
vt 0.0005122332 0.984660540576
vt 0.0005131496800000001 0.98468392752
vt 0.00046190399999999996 0.98466059112
vt 0.00048726505599999996 0.984661914832
vt 0.000487892576 0.98468545152
vt 0.00053856512 0.98466165448
vt 0.0005122332 0.984660540576
vt 0.000511529392 0.98464319232
vt 0.000557671968 0.9846616392
vt 0.00053856512 0.98466165448
vt 0.0005377172799999999 0.984644232752
vt 0.00053856512 0.98466165448
vt 0.000557671968 0.9846616392
vt 0.00056538912 0.98468139648
vt 0.0005122332 0.984660540576
vt 0.00053856512 0.98466165448
vt 0.00054017584 0.984680180544
vt 0.000524614752 0.98440157512
vt 0.0005259308160000001 0.98441809752
vt 0.00051151888 0.984414945632
vt 0.000522706448 0.984382066272
vt 0.000524614752 0.98440157512
vt 0.000506894528 0.984403680832
vt 0.000524614752 0.98440157512
vt 0.000522706448 0.984382066272
vt 0.0005366510719999999 0.984383732352
vt 0.0005259308160000001 0.98441809752
vt 0.000524614752 0.98440157512
vt 0.00054200976 0.98439791872
vt 0.000387180752 0.98433608392
vt 0.000367829744 0.984336851632
vt 0.00036198752 0.984313798464
vt 0.000411568112 0.98433622744
vt 0.000387180752 0.98433608392
vt 0.000386681504 0.984314155136
vt 0.000387180752 0.98433608392
vt 0.000411568112 0.98433622744
vt 0.000411456048 0.984353817008
vt 0.000367829744 0.984336851632
vt 0.000387180752 0.98433608392
vt 0.000386573728 0.984353615792
vt 0.000436157648 0.984336297536
vt 0.000411568112 0.98433622744
vt 0.000411626272 0.984313933872
vt 0.00045579665600000005 0.984336185008
vt 0.000436157648 0.984336297536
vt 0.00043668168 0.984314115072
vt 0.000436157648 0.984336297536
vt 0.00045579665600000005 0.984336185008
vt 0.000452046336 0.984348511248
vt 0.000411568112 0.98433622744
vt 0.000436157648 0.984336297536
vt 0.000436498112 0.98435305552
vt 0.000150530736 0.984604265216
vt 0.000131337568 0.984609861376
vt 0.000125120088 0.98458854864
vt 0.000175369664 0.984604271888
vt 0.000150530736 0.984604265216
vt 0.000150683808 0.984587677008
vt 0.000150530736 0.984604265216
vt 0.000175369664 0.984604271888
vt 0.000175395408 0.984626994128
vt 0.000131337568 0.984609861376
vt 0.000150530736 0.984604265216
vt 0.000150658056 0.9846270504
vt 0.00020010177600000002 0.98460427664
vt 0.000175369664 0.984604271888
vt 0.00017539017600000001 0.98458850576
vt 0.00022484342399999997 0.98460427472
vt 0.00020010177600000002 0.98460427664
vt 0.00020009558399999998 0.984588749888
vt 0.00020010177600000002 0.98460427664
vt 0.00022484342399999997 0.98460427472
vt 0.000224815296 0.984626970288
vt 0.000175369664 0.984604271888
vt 0.00020010177600000002 0.98460427664
vt 0.000200110368 0.984626972192
vt 0.000249712864 0.98460423472
vt 0.00022484342399999997 0.98460427472
vt 0.0002248172 0.98458872416
vt 0.00026890176 0.984609930992
vt 0.000249712864 0.98460423472
vt 0.000249569344 0.984588642128
vt 0.000249712864 0.98460423472
vt 0.00026890176 0.984609930992
vt 0.000263928352 0.98462907984
vt 0.00022484342399999997 0.98460427472
vt 0.000249712864 0.98460423472
vt 0.000249502584 0.984627063744
vt 0.000523202352 0.98450065232
vt 0.000503144688 0.984489940672
vt 0.000498926576 0.984469243072
vt 0.0005433058079999999 0.984511282928
vt 0.000523202352 0.98450065232
vt 0.0005244984 0.984474174528
vt 0.000523202352 0.98450065232
vt 0.0005433058079999999 0.984511282928
vt 0.000546406208 0.98455298328
vt 0.000503144688 0.984489940672
vt 0.000523202352 0.98450065232
vt 0.000522016 0.9845271368
vt 0.000483270112 0.984318355584
vt 0.00046373504 0.984314221888
vt 0.000467292256 0.98428821472
vt 0.0005028624 0.984318711792
vt 0.000483270112 0.984318355584
vt 0.000482072288 0.984280726944
vt 0.000483270112 0.984318355584
vt 0.0005028624 0.984318711792
vt 0.000499068672 0.984346603904
vt 0.00046373504 0.984314221888
vt 0.000483270112 0.984318355584
vt 0.00048376601600000005 0.984355703856
vt 0.000667220528 0.984593627936
vt 0.0006396936800000001 0.98459597016
vt 0.0006358656 0.98454807088
vt 0.00069014304 0.984593636512
vt 0.000667220528 0.984593627936
vt 0.0006623167359999999 0.984551581376
vt 0.000667220528 0.984593627936
vt 0.00069014304 0.984593636512
vt 0.0006864504 0.984641711232
vt 0.0006396936800000001 0.98459597016
vt 0.000667220528 0.984593627936
vt 0.000660540048 0.984634424208
vt 0.00071383616 0.9845931816
vt 0.00069014304 0.984593636512
vt 0.0006876663520000001 0.984549674992
vt 0.00073758072 0.98459278488
vt 0.00071383616 0.9845931816
vt 0.000712932048 0.98454852104
vt 0.00071383616 0.9845931816
vt 0.00073758072 0.98459278488
vt 0.0007402223999999999 0.984640757568
vt 0.00069014304 0.984593636512
vt 0.00071383616 0.9845931816
vt 0.0007144617599999999 0.98463817408
vt 0.0007660612479999999 0.98459465024
vt 0.00073758072 0.98459278488
vt 0.00073877856 0.98454696464
vt 0.00078196472 0.98459362888
vt 0.0007660612479999999 0.98459465024
vt 0.0007640632960000001 0.984556483264
vt 0.0007660612479999999 0.98459465024
vt 0.00078196472 0.98459362888
vt 0.00077605576 0.98462020208
vt 0.00073758072 0.98459278488
vt 0.0007660612479999999 0.98459465024
vt 0.0007642712 0.984631599424
vt 0.000251205856 0.984547634128
vt 0.000271322192 0.984545145984
vt 0.00027595703999999996 0.984586756704
vt 0.000225254464 0.98454966352
vt 0.000251205856 0.984547634128
vt 0.00025053256 0.984581444736
vt 0.000251205856 0.984547634128
vt 0.000225254464 0.98454966352
vt 0.000226272032 0.98451818464
vt 0.000271322192 0.984545145984
vt 0.000251205856 0.984547634128
vt 0.0002527036 0.984513349536
vt 0.00019981233600000002 0.98455219744
vt 0.000225254464 0.98454966352
vt 0.000224306512 0.984579875952
vt 0.00017191926399999998 0.984552568432
vt 0.00019981233600000002 0.98455219744
vt 0.000198340816 0.984581306464
vt 0.00019981233600000002 0.98455219744
vt 0.00017191926399999998 0.984552568432
vt 0.000172583984 0.984520014768
vt 0.000225254464 0.98454966352
vt 0.00019981233600000002 0.98455219744
vt 0.00020004408 0.984520801552
vt 0.000146580144 0.984548375136
vt 0.00017191926399999998 0.984552568432
vt 0.000171056672 0.98458270264
vt 0.000126865792 0.984548262592
vt 0.000146580144 0.984548375136
vt 0.000145881104 0.98458174704
vt 0.000146580144 0.984548375136
vt 0.000126865792 0.984548262592
vt 0.00012141888 0.984506253248
vt 0.00017191926399999998 0.984552568432
vt 0.000146580144 0.984548375136
vt 0.000147310176 0.984513490672
vt 0.0004943823199999999 0.984226367984
vt 0.000474448624 0.984235204256
vt 0.000478012496 0.984209935216
vt 0.000514349408 0.98421599296
vt 0.0004943823199999999 0.984226367984
vt 0.0004930471840000001 0.98419960168
vt 0.0004943823199999999 0.984226367984
vt 0.000514349408 0.98421599296
vt 0.0005112165760000001 0.984235811744
vt 0.000474448624 0.984235204256
vt 0.0004943823199999999 0.984226367984
vt 0.000495617328 0.98425314048
vt 0.00038678544 0.984462336576
vt 0.000367782528 0.984467388176
vt 0.000360861248 0.984444035552
vt 0.00040610928 0.98446596912
vt 0.00038678544 0.984462336576
vt 0.00038602918400000005 0.984441908864
vt 0.00038678544 0.984462336576
vt 0.00040610928 0.98446596912
vt 0.000402378016 0.984485958128
vt 0.000367782528 0.984467388176
vt 0.00038678544 0.984462336576
vt 0.000387633264 0.98448521712
vt 0.0005331300799999999 0.9841582928
vt 0.0005130466879999999 0.984148047472
vt 0.000510030208 0.9841233921344
vt 0.000552992288 0.98416626408
vt 0.0005331300799999999 0.9841582928
vt 0.000534321248 0.984131461648
vt 0.0005331300799999999 0.9841582928
vt 0.000552992288 0.98416626408
vt 0.000559030944 0.984207503824
vt 0.0005130466879999999 0.984148047472
vt 0.0005331300799999999 0.9841582928
vt 0.00053219168 0.98418512776
vt 0.000571156912 0.98415863088
vt 0.000552992288 0.98416626408
vt 0.0005494427200000001 0.984141451392
vt 0.0005885424 0.9841474252
vt 0.000571156912 0.98415863088
vt 0.0005614055999999999 0.984129015952
vt 0.000571156912 0.98415863088
vt 0.0005885424 0.9841474252
vt 0.0005915693600000001 0.984170657664
vt 0.000552992288 0.98416626408
vt 0.000571156912 0.98415863088
vt 0.00058067552 0.984188340688
vt 0.0005694508 0.984551469808
vt 0.000549785072 0.984552889824
vt 0.0005470404 0.98452301216
vt 0.0005887798400000001 0.98455103112
vt 0.0005694508 0.984551469808
vt 0.0005724195840000001 0.98452696416
vt 0.0005694508 0.984551469808
vt 0.0005887798400000001 0.98455103112
vt 0.0005923552 0.98458657552
vt 0.000549785072 0.984552889824
vt 0.0005694508 0.984551469808
vt 0.00056662696 0.984580409056
vt 0.0006066183520000001 0.984542655952
vt 0.0005887798400000001 0.98455103112
vt 0.000586839136 0.98453301048
vt 0.00062621728 0.984533619888
vt 0.0006066183520000001 0.984542655952
vt 0.0005995115680000001 0.984522881504
vt 0.0006066183520000001 0.984542655952
vt 0.00062621728 0.984533619888
vt 0.00062653584 0.984550516128
vt 0.0005887798400000001 0.98455103112
vt 0.0006066183520000001 0.984542655952
vt 0.00061360304 0.98456335736
vt 0.000490213808 0.984708211904
vt 0.00047016471999999996 0.984715707776
vt 0.00046033424000000003 0.98469378472
vt 0.0005087818560000001 0.984709748272
vt 0.000490213808 0.984708211904
vt 0.000487892576 0.98468545152
vt 0.000490213808 0.984708211904
vt 0.0005087818560000001 0.984709748272
vt 0.000505649984 0.984729129792
vt 0.00047016471999999996 0.984715707776
vt 0.000490213808 0.984708211904
vt 0.0004916414559999999 0.984730275152
vt 0.0005642484800000001 0.984621494288
vt 0.000543089328 0.98461063576
vt 0.000539638944 0.984583975792
vt 0.0005863871040000001 0.984632459648
vt 0.0005642484800000001 0.984621494288
vt 0.000567889632 0.98459803104
vt 0.0005642484800000001 0.984621494288
vt 0.0005863871040000001 0.984632459648
vt 0.00058675808 0.984671619408
vt 0.000543089328 0.98461063576
vt 0.0005642484800000001 0.984621494288
vt 0.0005626377599999999 0.98464471152
vt 0.000606311264 0.98463275528
vt 0.0005863871040000001 0.984632459648
vt 0.0005856356 0.984610664368
vt 0.00062595696 0.984632288
vt 0.000606311264 0.98463275528
vt 0.000600970688 0.98460342408
vt 0.000606311264 0.98463275528
vt 0.00062595696 0.984632288
vt 0.000626060896 0.984657507904
vt 0.0005863871040000001 0.984632459648
vt 0.000606311264 0.98463275528
vt 0.000613007968 0.984664468768
vt 0.000471724928 0.984411009824
vt 0.000452021536 0.984407330544
vt 0.000447112016 0.98437301544
vt 0.000491341056 0.984410877264
vt 0.000471724928 0.984411009824
vt 0.00047293513599999996 0.98437741664
vt 0.000471724928 0.984411009824
vt 0.000491341056 0.984410877264
vt 0.0004970392639999999 0.984452089344
vt 0.000452021536 0.984407330544
vt 0.000471724928 0.984411009824
vt 0.000471280512 0.98444429496
vt 0.00053161088 0.984248903776
vt 0.000511236608 0.984257267984
vt 0.00051598208 0.984232192064
vt 0.000552077712 0.984239121944
vt 0.00053161088 0.984248903776
vt 0.0005315002720000001 0.984222459344
vt 0.00053161088 0.984248903776
vt 0.000552077712 0.984239121944
vt 0.0005480598880000001 0.98425850776
vt 0.000511236608 0.984257267984
vt 0.00053161088 0.984248903776
vt 0.00053161664 0.984275350128
vt 0.0005665401599999999 0.9840894694624001
vt 0.000545672832 0.9840963144608
vt 0.00052483408 0.984066277536
vt 0.000591984208 0.984084923296
vt 0.0005665401599999999 0.9840894694624001
vt 0.000565186912 0.984065119296
vt 0.0005665401599999999 0.9840894694624001
vt 0.000591984208 0.984084923296
vt 0.000588959152 0.984115522416
vt 0.000545672832 0.9840963144608
vt 0.0005665401599999999 0.9840894694624001
vt 0.0005670799680000001 0.984113470584
vt 0.000622271952 0.9840820556
vt 0.000591984208 0.984084923296
vt 0.00059609168 0.9840613112752
vt 0.000654342112 0.9840799551312001
vt 0.000622271952 0.9840820556
vt 0.0006251167680000001 0.984058975728
vt 0.000622271952 0.9840820556
vt 0.000654342112 0.9840799551312001
vt 0.000657285152 0.9841120686832
vt 0.000591984208 0.984084923296
vt 0.000622271952 0.9840820556
vt 0.000622177536 0.98411319688
vt 0.000684677536 0.984078156024
vt 0.000654342112 0.9840799551312001
vt 0.0006536831199999999 0.9840574398336
vt 0.0007145304 0.984078446416
vt 0.000684677536 0.984078156024
vt 0.000681877552 0.9840562901792
vt 0.000684677536 0.984078156024
vt 0.0007145304 0.984078446416
vt 0.0007182191999999999 0.984110264808
vt 0.000654342112 0.9840799551312001
vt 0.000684677536 0.984078156024
vt 0.000687595792 0.98410241464
vt 0.000745301664 0.984079126864
vt 0.0007145304 0.984078446416
vt 0.00070979064 0.984056420832
vt 0.000773697312 0.984081481488
vt 0.000745301664 0.984079126864
vt 0.000737577856 0.9840568561856
vt 0.000745301664 0.984079126864
vt 0.000773697312 0.984081481488
vt 0.000781417312 0.984112148792
vt 0.0007145304 0.984078446416
vt 0.000745301664 0.984079126864
vt 0.000749899328 0.984111506016
vt 0.0007957405440000001 0.9840874328912
vt 0.000773697312 0.984081481488
vt 0.0007649311359999999 0.9840597939792
vt 0.000812385024 0.9840967660256
vt 0.0007957405440000001 0.9840874328912
vt 0.000792365488 0.9840674372
vt 0.0007957405440000001 0.9840874328912
vt 0.000812385024 0.9840967660256
vt 0.000809565968 0.9841088824576
vt 0.000773697312 0.984081481488
vt 0.0007957405440000001 0.9840874328912
vt 0.00079979936 0.984107382328
vt 0.000714810784 0.984665679936
vt 0.00069308416 0.9846662712
vt 0.0006864504 0.984641711232
vt 0.00073441072 0.984665772432
vt 0.000714810784 0.984665679936
vt 0.0007144617599999999 0.98463817408
vt 0.000714810784 0.984665679936
vt 0.00073441072 0.984665772432
vt 0.0007296480480000001 0.984676901824
vt 0.00069308416 0.9846662712
vt 0.000714810784 0.984665679936
vt 0.000715006288 0.984680488592
vt 0.00011692707200000001 0.984231184032
vt 0.000104341432 0.98423111632
vt 0.000105940744 0.984209530864
vt 0.000135347296 0.984232908752
vt 0.00011692707200000001 0.984231184032
vt 0.00012290184 0.984217457808
vt 0.00011692707200000001 0.984231184032
vt 0.000135347296 0.984232908752
vt 0.0001244835104 0.98425352432
vt 0.000104341432 0.98423111632
vt 0.00011692707200000001 0.984231184032
vt 0.000110264704 0.984243866
vt 0.00016077272 0.984235032592
vt 0.000135347296 0.984232908752
vt 0.00014386408 0.984218394784
vt 0.000188131728 0.9842366524
vt 0.00016077272 0.984235032592
vt 0.000166711256 0.984219292672
vt 0.00016077272 0.984235032592
vt 0.000188131728 0.9842366524
vt 0.000185204912 0.98425965504
vt 0.000135347296 0.984232908752
vt 0.00016077272 0.984235032592
vt 0.000155314848 0.984259261168
vt 0.000212499072 0.984237441088
vt 0.000188131728 0.9842366524
vt 0.000190652768 0.984219667464
vt 0.000238404672 0.984238186864
vt 0.000212499072 0.984237441088
vt 0.000215147904 0.984220372704
vt 0.000212499072 0.984237441088
vt 0.000238404672 0.984238186864
vt 0.000233337328 0.984263264208
vt 0.000188131728 0.9842366524
vt 0.000212499072 0.984237441088
vt 0.000209399152 0.984253326448
vt 0.000270818656 0.984237800144
vt 0.000238404672 0.984238186864
vt 0.00024086897600000002 0.9842212992
vt 0.00030509513599999996 0.984235715896
vt 0.000270818656 0.984237800144
vt 0.00026865 0.984220452336
vt 0.000270818656 0.984237800144
vt 0.00030509513599999996 0.984235715896
vt 0.00031084817599999996 0.984265162016
vt 0.000238404672 0.984238186864
vt 0.000270818656 0.984237800144
vt 0.000270366128 0.98426564696
vt 0.000334943712 0.984228527104
vt 0.00030509513599999996 0.984235715896
vt 0.00029832262399999995 0.984214924848
vt 0.00035779088 0.984224436784
vt 0.000334943712 0.984228527104
vt 0.00032988496000000003 0.984199050928
vt 0.000334943712 0.984228527104
vt 0.00035779088 0.984224436784
vt 0.000352743568 0.984249952816
vt 0.00030509513599999996 0.984235715896
vt 0.000334943712 0.984228527104
vt 0.00033746475199999997 0.98425683312
vt 0.000327826912 0.984348698176
vt 0.000309117264 0.98435042528
vt 0.00029906982399999997 0.984314069296
vt 0.00034897894400000003 0.98435264544
vt 0.000327826912 0.984348698176
vt 0.00032657569600000005 0.984318505792
vt 0.000327826912 0.984348698176
vt 0.00034897894400000003 0.98435264544
vt 0.000343638832 0.984368871712
vt 0.000309117264 0.98435042528
vt 0.000327826912 0.984348698176
vt 0.000328952736 0.984373502288
vt 0.000478674352 0.984485428832
vt 0.000488998832 0.9845164032
vt 0.000478674352 0.98452011968
vt 0.000488998832 0.984454454448
vt 0.000478674352 0.984485428832
vt 0.000468348928 0.984485428832
vt 0.000478674352 0.984485428832
vt 0.000488998832 0.984454454448
vt 0.000488998832 0.984454454448
vt 0.000488998832 0.9845164032
vt 0.000478674352 0.984485428832
vt 0.000478674352 0.984485428832
vt 0.000626525344 0.984152063872
vt 0.0006041502399999999 0.984147891072
vt 0.000588959152 0.984115522416
vt 0.0006490587519999999 0.984157264736
vt 0.000626525344 0.984152063872
vt 0.000622177536 0.98411319688
vt 0.000626525344 0.984152063872
vt 0.0006490587519999999 0.984157264736
vt 0.0006604017599999999 0.984199515376
vt 0.0006041502399999999 0.984147891072
vt 0.000626525344 0.984152063872
vt 0.000632990304 0.98418474152
vt 0.00075556416 0.984156164192
vt 0.00073515744 0.984156693488
vt 0.0007182191999999999 0.984110264808
vt 0.00077500288 0.984156308688
vt 0.00075556416 0.984156164192
vt 0.000749899328 0.984111506016
vt 0.00075556416 0.984156164192
vt 0.00077500288 0.984156308688
vt 0.000756827776 0.984195469888
vt 0.00073515744 0.984156693488
vt 0.00075556416 0.984156164192
vt 0.00074053616 0.984195962936
vt 0.000486906464 0.984087610752
vt 0.000468217312 0.9840892949408
vt 0.000461916384 0.9840418405824
vt 0.000505963744 0.984090300592
vt 0.000486906464 0.984087610752
vt 0.00048808616 0.9840461297328
vt 0.000486906464 0.984087610752
vt 0.000505963744 0.984090300592
vt 0.000505581312 0.984135649712
vt 0.000468217312 0.9840892949408
vt 0.000486906464 0.984087610752
vt 0.000486028128 0.984133469616
vt 0.00014487688 0.98429824784
vt 0.00012313835200000002 0.984295155552
vt 0.0001244835104 0.98425352432
vt 0.00016552345600000001 0.984301633872
vt 0.00014487688 0.98429824784
vt 0.000155314848 0.984259261168
vt 0.00014487688 0.98429824784
vt 0.00016552345600000001 0.984301633872
vt 0.000174693504 0.984345871952
vt 0.00012313835200000002 0.984295155552
vt 0.00014487688 0.98429824784
vt 0.000151745728 0.984338232064
vt 0.00026508182400000003 0.984304395232
vt 0.000240223328 0.984308060192
vt 0.000233337328 0.984263264208
vt 0.000293696816 0.984301353968
vt 0.00026508182400000003 0.984304395232
vt 0.000270366128 0.98426564696
vt 0.00026508182400000003 0.984304395232
vt 0.000293696816 0.984301353968
vt 0.000283176832 0.984332402256
vt 0.000240223328 0.984308060192
vt 0.00026508182400000003 0.984304395232
vt 0.00025695032 0.984340019728
vt 0.00065337888 0.984274422192
vt 0.000654116096 0.98429544832
vt 0.000626741824 0.984285627392
vt 0.0006587461759999999 0.984254326848
vt 0.00065337888 0.984274422192
vt 0.00063077872 0.98426354792
vt 0.00065337888 0.984274422192
vt 0.0006587461759999999 0.984254326848
vt 0.00067231984 0.984265569712
vt 0.000654116096 0.98429544832
vt 0.00065337888 0.984274422192
vt 0.00067082256 0.9842833085280001
vt 0.000686421808 0.984242878464
vt 0.000666981168 0.98424477104
vt 0.00065999072 0.984221700224
vt 0.000705978816 0.984246428048
vt 0.000686421808 0.984242878464
vt 0.000686366496 0.984226721312
vt 0.000686421808 0.984242878464
vt 0.000705978816 0.984246428048
vt 0.00070255512 0.98426151136
vt 0.000666981168 0.98424477104
vt 0.000686421808 0.984242878464
vt 0.000687520448 0.984261938128
vt 0.00072208256 0.984279199152
vt 0.00071761744 0.984259164832
vt 0.00073327584 0.984251300848
vt 0.0007199530079999999 0.98429943136
vt 0.00072208256 0.984279199152
vt 0.0007407164 0.984272891552
vt 0.00072208256 0.984279199152
vt 0.0007199530079999999 0.98429943136
vt 0.000704103888 0.984298991232
vt 0.00071761744 0.984259164832
vt 0.00072208256 0.984279199152
vt 0.0007053760959999999 0.98428523352
vt 0.00018940822399999999 0.984419031168
vt 0.000167241976 0.984411520992
vt 0.00016898672 0.984380112208
vt 0.00021328824 0.98442197136
vt 0.00018940822399999999 0.984419031168
vt 0.000195627616 0.984388627088
vt 0.00018940822399999999 0.984419031168
vt 0.00021328824 0.98442197136
vt 0.00020456259199999998 0.98444001392
vt 0.000167241976 0.984411520992
vt 0.00018940822399999999 0.984419031168
vt 0.000182911792 0.984443926848
vt 0.000478674352 0.984485428832
vt 0.000478674352 0.984485428832
vt 0.000488998832 0.984454454448
vt 0.000488998832 0.984485428832
vt 0.000478674352 0.984485428832
vt 0.000488998832 0.984454454448
vt 0.000478674352 0.984485428832
vt 0.000488998832 0.984485428832
vt 0.000497028768 0.98450837328
vt 0.000478674352 0.984485428832
vt 0.000478674352 0.984485428832
vt 0.000488998832 0.9845164032
vt 0.0006352352479999999 0.984198655632
vt 0.000632990304 0.98418474152
vt 0.0006604017599999999 0.984199515376
vt 0.00063344616 0.984206167248
vt 0.0006352352479999999 0.984198655632
vt 0.00066023392 0.984211254144
vt 0.0006352352479999999 0.984198655632
vt 0.00063344616 0.984206167248
vt 0.0006183866879999999 0.984199002296
vt 0.000632990304 0.98418474152
vt 0.0006352352479999999 0.984198655632
vt 0.000615998688 0.98418921808
vt 0.0006878856960000001 0.984216863184
vt 0.000690014304 0.98420888856
vt 0.0007181619999999999 0.984200417552
vt 0.000686366496 0.984226721312
vt 0.0006878856960000001 0.984216863184
vt 0.00071455616 0.98421693328
vt 0.0006878856960000001 0.984216863184
vt 0.000686366496 0.984226721312
vt 0.00065999072 0.984221700224
vt 0.000690014304 0.98420888856
vt 0.0006878856960000001 0.984216863184
vt 0.00066023392 0.984211254144
vt 0.000736497344 0.984215432672
vt 0.00074053616 0.984195962936
vt 0.000756827776 0.984195469888
vt 0.0007355818079999999 0.984225070976
vt 0.000736497344 0.984215432672
vt 0.0007526287360000001 0.984215554272
vt 0.000736497344 0.984215432672
vt 0.0007355818079999999 0.984225070976
vt 0.000711719936 0.984228850864
vt 0.00074053616 0.984195962936
vt 0.000736497344 0.984215432672
vt 0.00071455616 0.98421693328
vt 0.000485414928 0.984155834704
vt 0.000486028128 0.984133469616
vt 0.000505581312 0.984135649712
vt 0.00077832168 0.984261563808
vt 0.00078844016 0.984258755232
vt 0.00078820368 0.98427888064
vt 0.00078844016 0.984258755232
vt 0.00077832168 0.984261563808
vt 0.0007715916000000001 0.984249242336
vt 0.000486028128 0.984133469616
vt 0.000485414928 0.984155834704
vt 0.000466407232 0.984156705888
vt 0.000149743488 0.98435855488
vt 0.000151745728 0.984338232064
vt 0.000174693504 0.984345871952
vt 0.00014660112 0.984368700064
vt 0.000149743488 0.98435855488
vt 0.000172396112 0.984364301232
vt 0.000149743488 0.98435855488
vt 0.00014660112 0.984368700064
vt 0.000133062288 0.984364309824
vt 0.000151745728 0.984338232064
vt 0.000149743488 0.98435855488
vt 0.000131936952 0.984355202704
vt 0.000197043824 0.98436955408
vt 0.00019649736 0.98435811952
vt 0.00022351544 0.984351133376
vt 0.000195627616 0.984388627088
vt 0.000197043824 0.98436955408
vt 0.00022463219200000002 0.98436974432
vt 0.000197043824 0.98436955408
vt 0.000195627616 0.984388627088
vt 0.00016898672 0.984380112208
vt 0.00019649736 0.98435811952
vt 0.000197043824 0.98436955408
vt 0.000172396112 0.984364301232
vt 0.000254734464 0.984360620528
vt 0.00025695032 0.984340019728
vt 0.000283176832 0.984332402256
vt 0.000257435264 0.984371316944
vt 0.000254734464 0.984360620528
vt 0.000279146128 0.984350904016
vt 0.000254734464 0.984360620528
vt 0.000257435264 0.984371316944
vt 0.000226404112 0.984388834032
vt 0.00025695032 0.984340019728
vt 0.000254734464 0.984360620528
vt 0.00022463219200000002 0.98436974432
vt 0.00068888992 0.9841226854624
vt 0.0006747039999999999 0.98412845376
vt 0.000657285152 0.9841120686832
vt 0.0007032856320000001 0.984127312688
vt 0.00068888992 0.9841226854624
vt 0.000687595792 0.98410241464
vt 0.000208202288 0.984269527936
vt 0.000194972448 0.984275588544
vt 0.000185204912 0.98425965504
vt 0.000220443168 0.984277753376
vt 0.000208202288 0.984269527936
vt 0.000209399152 0.984253326448
vt 0.0007165951200000001 0.984156635312
vt 0.0007032856320000001 0.984127312688
vt 0.0007182191999999999 0.984110264808
vt 0.0007047199680000001 0.984186416656
vt 0.0007165951200000001 0.984156635312
vt 0.00073515744 0.984156693488
vt 0.00018124859199999998 0.9843043528
vt 0.000186742704 0.9843343911519999
vt 0.000174693504 0.984345871952
vt 0.000194972448 0.984275588544
vt 0.00018124859199999998 0.9843043528
vt 0.00016552345600000001 0.984301633872
vt 0.000690354768 0.984192333728
vt 0.0007047199680000001 0.984186416656
vt 0.0007181619999999999 0.984200417552
vt 0.00067596192 0.9841870966240001
vt 0.000690354768 0.984192333728
vt 0.000690014304 0.98420888856
vt 0.000198123376 0.984341302432
vt 0.000211835312 0.9843364592
vt 0.00022351544 0.984351133376
vt 0.000186742704 0.9843343911519999
vt 0.000198123376 0.984341302432
vt 0.00019649736 0.98435811952
vt 0.0006675266560000001 0.984158036736
vt 0.00067596192 0.9841870966240001
vt 0.0006604017599999999 0.984199515376
vt 0.0006747039999999999 0.98412845376
vt 0.0006675266560000001 0.984158036736
vt 0.0006490587519999999 0.984157264736
vt 0.000224414272 0.984308168448
vt 0.000220443168 0.984277753376
vt 0.000233337328 0.984263264208
vt 0.000211835312 0.9843364592
vt 0.000224414272 0.984308168448
vt 0.000240223328 0.984308060192
vn -3.478260869833132e-14 0.9999999999999991 -4.371139478260864e-8
vn 0 0.9999999999999991 -4.371142260869562e-8
vn 0 0.9999999999999991 -4.371138782608693e-8
vn -0.03184956709255474 0.9805476973484428 -0.19367967962768667
vn 0 0.9810454073397914 -0.19377798826879872
vn 0 0.9999999999999991 -4.371138782608693e-8
vn 9.538363365541815e-15 0.9999999999999991 -4.371139736444366e-8
vn 0 0.9836497552161075 -0.18009208495459125
vn 0 0.9836497552161075 -0.18009208495459128
vn 0 0.9999999999999991 -4.371139736445029e-8
vn 0.16457183846710674 0.9725390705040007 -0.16457176649343888
vn 0.262607271139502 0.9209251062603897 -0.2879832804243233
vn 0.3009042280120259 0.9126818694933337 -0.27652929440231133
vn 0.219492775454544 0.8897087611200791 -0.40030143880510277
vn 0.1023268971563337 0.7875804521958433 -0.6076563481420634
vn 0.17809260454004222 0.9138182481467128 -0.36499210068468224
vn 0.04018658062585756 0.9279139289644937 -0.370622151484876
vn 0.008572538451540865 0.7917073091083876 -0.6108404442150609
vn -0.13154953632421434 0.7807920701256743 -0.6107851199249604
vn -0.059690850034216224 0.8592089861631642 -0.508130810440245
vn -0.17844720412860923 0.8947033546143865 -0.4094661189652275
vn 1.1669181214014152e-7 0.9858304957193058 -0.1677445489719834
vn 0 0.9999999999999991 -4.3711392200770624e-8
vn 0 0.9582012821535204 -0.28609491935256365
vn 1.990225525341131e-7 0.9582012821535014 -0.286094919352558
vn 0 0.9999999999999991 -4.3711392200770624e-8
vn 0 0.9999999999999991 -4.3711422608695626e-8
vn -0.10987522896642618 0.9830144903615443 -0.14700321696755067
vn 0 0.9898858014009867 -0.1418664871797647
vn 0 0.9999999999999991 -4.3711422608695626e-8
vn 2.5818610131516594e-15 0.9999999999999991 -4.371142519055664e-8
vn 0 0.9999999999999991 -4.371137391304341e-8
vn 0.12430303172556492 0.991721289683758 -0.03221241828576362
vn 0.20606382182847138 0.8657775012053739 -0.4560340116044229
vn 0.38672797561406047 0.4385994809950418 -0.8112163510114492
vn 0.6905753144968556 0.705260381070891 -0.16035438846290076
vn -0.7170425814163475 0.6796818753730587 -0.1545395895074874
vn -0.030881851296824844 0.47537759401166946 -0.8792397024544315
vn 0 0.8837359350086658 -0.46798589420447206
vn 5.46804422522304e-7 0.6181866264278876 -0.7860313574568183
vn 0 0.6181866264279061 -0.786031357456994
vn 1.2295456474671707e-7 0.8837359350086592 -0.46798589420446857
vn 0.04001496131569997 0.9239496031445358 -0.3804154751320695
vn 0.16972535871511552 0.9143191110934594 -0.3677143805976203
vn 0.5260508768028426 0.7890333076754102 -0.31732777122994127
vn 0.2779502710969758 0.8882532175351339 -0.365718290950289
vn 0.10344344899662501 0.7961746611344187 -0.5961588394271918
vn 0.029973046413290284 0.9227857436087792 0.38414592003703407
vn 0.0399509230865799 0.9224634868863806 0.38401176948884097
vn 0.05193058187587218 0.7993888279460972 -0.5985655489760486
vn 6.899689943149643e-7 0.7846856138667692 -0.6198939323707369
vn -1.743042794048154e-7 0.9086291437931218 0.41760397393912363
vn -0.43837050284754087 0.816670780966203 0.3753400295055756
vn -0.1308619922329928 0.7779377841679311 -0.6145632131462974
vn 0 0.9582012482141941 -0.28609503302357503
vn -0.08030775383797768 0.9860982267393126 -0.14546804424024562
vn 4.060922759123274e-8 0.9892935298231292 -0.14593941157237705
vn -9.498028522210197e-10 0.9582012482141941 -0.2860950330235751
vn -0.2470079692183061 0.8913047614361639 -0.38021426246771867
vn -0.25430357482282906 0.9670610977122045 -0.011069106738849744
vn -0.3318199167277431 0.9393540501960952 -0.08665743616669921
vn -0.1398402730169816 0.9780137208972641 -0.15470571993053406
vn 0 0.9999999999999991 -4.3711394782608687e-8
vn 0 0.9999999999999992 -4.371137391304344e-8
vn 0.26558327587353947 0.8895040943618371 0.3718171455027426
vn 0.2473215424752782 0.968876675680223 -0.010490088202182255
vn 0 0.7301310762360225 0.6833071136132184
vn 0.12117639070183302 0.9837927027281168 0.13216731969508994
vn 0.7103427225766622 0.7021557540271973 0.0488928785087676
vn -0.007904980698830753 0.7301082634014926 0.6832857637862857
vn 3.0015261979809665e-8 0.9962697258261574 -0.08629387812743561
vn 0.19157532653982964 0.7845777963663838 0.5896919328853221
vn -0.6264205230570119 0.6192009178141374 0.47348447880697137
vn -0.7098784473621869 0.701696885593932 -0.060778867367098796
vn 0.3977213988727375 0.8627201235987774 -0.31230061994242564
vn 0.5601280791010013 0.5373424823190593 -0.6304915476815005
vn 0.2756528319618552 0.597934608184131 -0.7526551139579795
vn 0.2616247745640839 0.5311960374178051 -0.8058431901839924
vn 3.462489461313537e-7 0.5584254629035043 -0.829554701258987
vn -6.036737293749503e-7 0.6675237578052549 -0.7445884989476986
vn 0.43111589688952257 0.6023044352457592 -0.6718396019381634
vn 5.77081533259133e-7 0.5584254629034628 -0.8295547012588864
vn -0.4266900918730514 0.505038776083939 -0.7502475592422837
vn -0.4311161749743944 0.6023043583627741 -0.6718394924181328
vn 0 0.6675238200943048 -0.7445884431057913
vn 5.77081514384297e-7 0.5584254985475121 -0.8295546772646333
vn -0.2471057978909872 0.5360113755111943 -0.8072363532270187
vn -0.1711512437085739 0.6071593141583868 -0.775928359455772
vn -0.307941388574258 0.6679731932074667 -0.6774835159317001
vn -0.14214478019613158 0.9635709243771683 -0.22655227908348896
vn -0.25032617363863985 0.9681547480016036 -0.0036319021722653107
vn -0.39657296671125913 0.8455144804301464 -0.3575404109422741
vn -0.3968987350180622 0.9178624047977242 -2.5540519070909094e-8
vn -0.378729334255836 0.9249200651832761 -0.03296914308100815
vn -8.942488264602163e-15 0.9999999999999992 -4.3711388701024165e-8
vn 0 0.9999999999999992 -4.371138566023252e-8
vn 8.219694253196455e-15 0.9999999999999992 -4.371138873694297e-8
vn 0.23291900387883158 0.972496137592377 -4.250915405119718e-8
vn 0.3629345656482987 0.8993637399338099 0.24376907997108913
vn 0.4610101178589354 0.8746428887961588 -0.14989825986315125
vn 0.21990764024281223 0.9281084470108972 -0.30042526583138485
vn 0.1405269296287325 0.9881921711992878 0.06106074704389687
vn 0.3699564156627452 0.8999799893205501 -0.23058245668861443
vn 0.45373523396914395 0.6834054010495831 -0.5719103035190262
vn 0.7131808289096118 0.6329401622460658 -0.3012637653149197
vn 0.6955962157045026 0.5084263713807128 -0.5075909077024693
vn 0.3882355458241925 0.6838216469066143 -0.6177872742138002
vn 0.4143659957872109 0.7969908385282062 -0.43943876119134045
vn 0.13639755392498012 0.8907294681594092 -0.43358588749605104
vn 0.227905230119646 0.7224983751200514 -0.6527291199517582
vn 0 0.8420903547564305 -0.5393364760761034
vn -3.0329851467598966e-7 0.9033333054338997 -0.4289393188946115
vn 0 0.9033333036686974 -0.4289393226121816
vn 0.42032485327685676 0.7640906871336532 -0.48937964766979275
vn 1.500761591609915e-7 0.8420904612817222 -0.5393363097533059
vn -3.073273602676041e-7 0.9033332856946995 -0.42893936046476794
vn 2.9839263203617285e-8 0.9033333054138377 -0.42893931893696724
vn 8.365807733918988e-7 0.8420904612818437 -0.539336309752488
vn -0.06127170505530371 0.7047237298348533 -0.7068311274747798
vn -0.05184886296177159 0.9127952527208033 -0.4051129743910167
vn -0.10813960200292734 0.9029893235212277 -0.4158318266863708
vn -0.1864970059370341 0.6936630317340846 -0.6957373535911382
vn -0.5709179980981747 0.5315368443751372 -0.6257165672405469
vn -0.6172947171822777 0.7337771819581673 -0.2837574305218852
vn -0.39666226162411117 0.91731493611879 0.03453053976736551
vn -0.3968982621245551 0.917862609284362 -4.588505311421167e-7
vn -3.346608289483359e-16 0.9999999999999992 -4.3711391820715345e-8
vn 4.762949396393622e-21 0.9999999999999992 -4.371138691523083e-8
vn 0 0.9999999999999991 -4.371139182071533e-8
vn 8.513727108081635e-21 0.9999999999999992 -4.371138691523082e-8
vn 0.46606456039888133 0.8842314385330053 -0.030308227431665544
vn 0.42734425794466574 0.903848686736771 0.02084314481880182
vn 0.5627425633173714 0.7235844099528325 0.3996828856783907
vn 0.6131533400310807 0.7714833006705529 -0.16987200591974938
vn 0.6987318866035332 0.6956865319060028 -0.16671532613429765
vn 0.6044960937286119 0.6807329621112657 0.4137476368054219
vn 0.5396848134077956 0.7002662076898843 0.46729812812017624
vn 0.7207684633914174 0.5939690515279117 -0.3573423960397202
vn 0.5257084584951863 0.7689237741645383 -0.36385003255624054
vn 0.4363124503806517 0.8010330368380328 0.4098506063639166
vn 0.6093299757579093 0.7925446047772796 0.024290534808678002
vn 0.6077669259663254 0.7527544656813886 -0.25294283563321257
vn 0.651777910510102 0.6494694405725727 -0.3916312055153863
vn 0.6267920661438307 0.7700089487038321 0.11923893967646337
vn 0.33659924805127656 0.9412375893075362 0.027798321637340317
vn 0.3495665894996898 0.6594287758124325 -0.66555006508607
vn -0.23403642106441766 0.7325207828283722 -0.6392497605317249
vn -0.5309644781320748 0.8374099239043823 0.12969711757934402
vn -0.29625741572774955 0.9272716747497626 0.22890780858914864
vn -0.15420069074859563 0.9475064826436511 -0.2800957199260862
vn -0.15558191323816004 0.966314935209133 -0.20501149788468614
vn -0.244097864525064 0.9385267818952595 0.24409775132030975
vn -0.6771004053565607 0.5778954017510851 0.4556006427793244
vn -0.5358801411649733 0.7437955528207316 -0.3995005005117148
vn -0.5079596848710645 0.8080758130156475 -0.2983126530417196
vn -0.6277441584304703 0.7109080929379721 0.31709139841962986
vn -0.3193579327594373 0.9040755750695658 -0.28400328404131614
vn -0.37709297983072165 0.9209247760869052 0.09848066486204578
vn 7.920171838108146e-15 0.9999999999999991 -4.371138873694296e-8
vn -0.23128212662649575 0.9728867240861723 -4.252622712819283e-8
vn -9.985606321320964e-15 0.9999999999999991 -4.371138870102416e-8
vn 0 0.9999999999999991 -4.371138566023251e-8
vn 0.41572939928721375 0.9094632417367015 0.006758586987142809
vn 0.39369977611591667 0.9184365251516369 0.038403587770729775
vn 0.24659007005737116 0.9691115866984833 0.004008724965497393
vn 0.30924943684424927 0.9197200243246729 0.24182610005484886
vn 0.3511447877827367 0.8172693806833053 0.4569114765581441
vn 0.21275995477063936 0.9652900378034273 0.15148711022213693
vn 0.6867289554719564 0.6032288763199025 0.4056085113631413
vn 0.699823899806109 0.6401568085917967 0.3169318060304692
vn 0.45007850165086916 0.846688341219732 0.28381013934369514
vn 0.5075082698310283 0.7977197345842525 0.3256970695415396
vn 0.1618815692518786 0.9135969890766161 0.3730079075390906
vn 0.14020863975284983 0.9486659993082922 0.28350371971996224
vn -0.057582846213854164 0.9512657693100391 0.30294826614603837
vn -0.21690876186394953 0.8787430267251389 0.4251603015435359
vn -0.1613304022633235 0.888382605718968 0.4298242049507345
vn -0.04331690406543907 0.9521317970974101 0.30260318368821204
vn -0.19348983539613235 0.78378071161042 0.5901266641203748
vn -0.2857845337049759 0.6647281340422543 0.6902635062841816
vn -0.22350741564115506 0.6761098868600603 0.7020825137001265
vn -0.048602783050833806 0.8006609144464641 0.5971430896840936
vn -0.10890027589219627 0.557713783048161 0.8228584727088325
vn -0.22388915358672737 0.44002817484244006 0.8696256966368059
vn 0.23032164202493974 0.4393509147846359 0.8682872306402066
vn 0.06398026389488026 0.5852433958574643 0.8083295698149146
vn -0.25147042180711393 0.894950933113901 0.36854505053617315
vn 0.0006888194543701934 0.6059326019528515 0.795515686469102
vn -0.5266370795763526 0.7908514959391286 0.31178084897269226
vn -0.48621453175690943 0.8192701619813823 -0.3039602454193789
vn -0.2655831282061476 0.8895041524441679 -0.37181711202796935
vn -0.28609431678622255 0.9582014620645322 -1.3331500442740818e-7
vn 0 0.9999999999999992 -4.371139478260869e-8
vn 0 0.9999999999999992 -4.371137391304343e-8
vn 0.3380640648821925 0.9359089664108239 0.09892974591674732
vn 0.29457508454091114 0.9515737321888433 0.08793720359387411
vn 0.2649044540713254 0.9641581707669516 0.014988394060040253
vn 0.2509243667002272 0.9679293245501366 0.01223866299913823
vn -5.989400396757835e-8 0.9765602835710822 0.21524407669333
vn 2.298260803631816e-13 0.9999999999999455 -3.303749905859179e-7
vn 0 0.9999999999999455 -3.303749905859179e-7
vn 0.23316587720637946 0.9496433297478439 0.2093112991981267
vn 0.32237329013429983 0.6894738698037652 0.6486148662078348
vn 0.0403514102797018 0.9346706816591153 0.3532173276261008
vn 0.2523977668626331 0.539815053328256 0.8030535944026203
vn 0.1969248504778084 0.683873201674419 0.7025226311627778
vn -0.2982276280750111 0.637832553910135 0.7100914835605534
vn -0.2724547740276951 0.5329989814778335 0.8010496126040572
vn -0.37978066563412893 0.8122537104839851 0.44273079384146824
vn -0.5638430694374049 0.5374629209848015 0.6270682591344349
vn -0.037663423015646236 0.8998929480271562 0.4344814710177394
vn 0.11049119991769175 0.9851257774046729 0.13160128203626267
vn -0.03441418630426157 0.9906076360557993 0.13233357536527457
vn -0.20692277497760853 0.8810419314252542 0.4253799246156588
vn -0.05647425959889685 0.9437702545708706 0.32574278900689546
vn -0.14084598438036597 0.9851435225758455 0.09825807147904116
vn 0.017204021343734294 0.9949155176076416 0.09923272884045435
vn 0.1404959084616664 0.9359028762841406 0.3230274073025442
vn 0.07604648766423323 0.9532603937180115 0.29242358571516697
vn 0.017222626816375368 0.9641223260680394 0.2648990779574312
vn 0.02296037032531256 0.9640111427879297 0.2648685296052262
vn -0.2587298184839588 0.9234758176175701 0.2832865956991584
vn -0.2860947236334922 0.9582013405903052 1.333149689784717e-7
vn -0.39844992116760874 0.826120897498704 0.3984493983399426
vn 2.5818610131516594e-15 0.9999999999999991 -4.371142519055664e-8
vn 0 0.9999999999999991 -4.3711373913043406e-8
vn 0.2831362611688169 0.9586303485356716 0.02935493957957242
vn 0 0.979131209977633 0.2032291161416995
vn 0.19920104734896033 0.8431010644390783 0.49949928716342573
vn 0.2803141623404262 0.9598768004117325 0.007778073201003414
vn 0 1 0
vn -2.2877380519006232e-7 0.8888997623771085 0.4581017490098326
vn 0 0.8888997623771319 0.45810174900984457
vn 0 1 0
vn -0.202982402023911 0.8506495939377334 0.484967434785237
vn -0.24335839626512706 0.8230410659356274 0.5132057041292623
vn -0.25237128166761175 0.9341399892805079 0.2523711881662801
vn -0.3794584933556083 0.822308428217292 0.4240520023571386
vn 0 0.9582013015698745 0.286094854322476
vn 0 0.9999999999999991 -4.371137391304346e-8
vn 0 0.9999999999999991 -4.371137391304346e-8
vn 0 0.9582013015698745 0.28609485432247606
vn 0.265583359005397 0.8895042457261906 0.37181672401129495
vn 0 0.9758326516757506 0.21851918891363564
vn 0.21943432041425975 0.7349388576075814 0.6416490120017292
vn 0.13305494551566824 0.9848600417590564 0.11111741366758138
vn -0.28343437824247364 0.9492901618710765 0.1360630067471981
vn -0.4247524630294306 0.6398617939809982 0.6404390913692345
vn -0.27505943943876277 0.9212408680506283 0.275059207824349
vn -0.398449418424891 0.8261209705182089 0.39844974968861374
vn 0 0.9582012288239988 0.2860950979660061
vn 0 0.9999999999999991 -4.371138782608693e-8
vn 0 0.9999999999999991 -4.371138782608693e-8
vn 0 0.9582012288239988 0.2860950979660061
vn -3.478260869833132e-14 0.9999999999999991 -4.371139478260864e-8
vn 0 0.9999999999999991 -4.371142260869562e-8
vn 0.28969460390956864 0.4009656769561288 -0.8690820228084295
vn -0.01592291418412913 0.49021629691081287 -0.8714553591819462
vn -0.07634239405935507 0.3917237480379328 -0.9169102159385076
vn 0.3086368576778393 0.5084603624461427 -0.8038727199649747
vn -0.005617182996016567 0.5188062552540359 -0.8548733922426603
vn 0 0.5188144403284217 -0.8548868793628234
vn -6.236471383024611e-8 0.44824638114961085 -0.893910052402519
vn -0.028127481298526425 0.4329783942284728 -0.900965346129991
vn 0 0.5188144403284217 -0.8548868793628234
vn 0.3225769676557684 0.6958562247806841 -0.6416605133339464
vn 0.1766973357663491 0.44119332938489414 -0.8798445872080743
vn 6.2364727737192e-8 0.4482464811057845 -0.8939100022800271
vn 0.6901481506809587 0.6122479008990479 -0.3858082917154095
vn 0.7134738699675424 0.6540606457389095 -0.2513159536701542
vn 0.6353326852907125 0.5817738181005532 -0.5078302901304695
vn 0.7484880194634979 0.523459832345353 -0.4071308004076643
vn 0 0.7129700593617162 -0.7011944769133247
vn 0 0.7129700593617162 -0.7011944769133247
vn 0.02459704809847237 0.7572842424142385 -0.6526220662955969
vn 0.19301061013107376 0.7756413617445513 -0.6009387508955374
vn 0 0.7129700593617162 -0.7011944769133247
vn 0 0.7789127188693739 -0.6271323435954486
vn -0.08700520463521848 0.7249359954471514 -0.6832992732847237
vn 0.007959031472233672 0.7350390036566 -0.6779781094707532
vn -0.8285496416744278 0.48706073693977164 -0.2761835074961286
vn -0.7120635308096525 0.5229881748905204 -0.4684537298555468
vn -0.6422521774812268 0.5159619443413053 -0.5668292622229048
vn -0.28242381225569285 0.7145512934585323 -0.6400415918420457
vn -0.34875132537069653 0.3268733549129145 -0.8783657113640982
vn 0 0.3487708277240473 -0.9372080397268703
vn 7.278693005701584e-8 0.3487708277240465 -0.9372080397268678
vn -0.16773971082968162 0.37196678739918004 -0.9129644563085182
vn 6.519708100809828e-7 0.3487708277239732 -0.9372080397266711
vn -0.240604442926776 0.3764619973278704 -0.8946428709892046
vn -0.3856298465673929 0.32179465142879793 -0.8647183493763893
vn 5.791838992047872e-7 0.3487707325562848 -0.937208075142237
vn -0.7806722692620163 0.42539949668649685 -0.4578057188635472
vn -0.8102680423607509 0.5465233589688815 -0.2116079337601678
vn -0.8450220955201304 0.5334649141485965 -0.03678102031208997
vn -0.7283165583337758 0.5104190418513583 -0.4571951362081459
vn -0.810398954714743 0.5816155844165577 -0.07054676577305614
vn -0.8124231745830006 0.5830682510654127 -1.622450784359079e-8
vn -0.714896421209629 0.6365910739655594 -0.2892661602902084
vn -0.7710691816559547 0.6366530895678851 -0.011187521802560068
vn -0.8124230748599764 0.583068390014665 -8.761385303571402e-7
vn -0.8268917374794045 0.5577351189187802 0.07198327314693044
vn -0.9584419812172044 0.2849484265369494 0.013905497278314497
vn -0.868075399831176 0.4453507514784401 -0.2193349228133372
vn -0.8558788995959711 0.4663801603955227 0.22351925021312286
vn -0.8191635453022915 0.5468743068392347 -0.1729149460483029
vn -0.9846550228936076 0.1463707459674949 -0.09502678893505813
vn -0.9669318479240517 0.2515382394368697 0.042087000025883135
vn -0.47386712223219457 0.3427916582689824 -0.8111373678290131
vn -0.3153843196418079 0.3357524107240028 -0.887582700156495
vn -0.4007136965826113 0.3195449049507267 -0.8586731549845554
vn -0.3898313310206955 0.256691668478035 -0.884387313731148
vn -0.9999999999997581 0 -6.956521737382521e-7
vn -1 0 0
vn -0.9372080515320471 0.34877079600147354 -4.852463918486039e-8
vn -0.7781879031581177 0.4678048755745335 -0.4190252805822906
vn -1 0 0
vn -0.9631878704826518 0.26882917653241156 -1.175089265414382e-8
vn -0.8586729320587789 0.3195449212595873 0.4007141612755705
vn -0.9372080751423932 0.34877073255634294 4.852462360645767e-8
vn -0.2981909356090674 0.33290393207250274 0.8945709239245683
vn 0 0.3487708277240474 0.9372080397268704
vn 0.020306325667921808 0.34869884959956665 0.9370148160118958
vn -0.41902549214958773 0.4678051602134158 0.7781876181272073
vn 0 0.3487708277240474 0.9372080397268704
vn -0.41902423107990006 0.46780465504572394 0.7781886008452256
vn -0.25409897498490114 0.4333475911746211 0.8646638515254215
vn 0.06016361653936763 0.3742228472789054 0.9253851089245889
vn -0.8586728892168896 0.31954444073662935 0.400714636266551
vn -0.8945713377403208 0.33290387032984675 0.2981897630920648
vn -0.8050395061584703 0.2995858795612485 0.5120153262272911
vn -0.8867718772498672 0.39841364611646013 0.23431219410635604
vn 0 0 1
vn -0.0000013400873386009552 0.2688288181848212 0.9631879704977409
vn 0.4188029277106995 0.4652996439285316 0.779807892433084
vn -0.4160827216195577 0.7448110490076638 0.5216624100371476
vn 0.8945711187037033 0.3329040454823429 0.29819022465985556
vn 0.7781888276497864 0.4678044564939719 0.4190240315368925
vn 0.9073093136799982 0.3376443723488875 0.2505715209888318
vn 0.2612287086509027 0.7190114491882 0.6440357891552817
vn 0.40071256773953573 0.3195451643366252 0.858673585249172
vn 0 0.3487708277240474 0.9372080397268703
vn -0.16360107005721053 0.3440716584884234 0.92458065289144
vn 0.24124086057034932 0.39156464631277366 0.8879639491270072
vn 0 0.3487708277240474 0.9372080397268703
vn -0.38179370927615197 0.516244902709715 0.7666320916733098
vn 0.06122889486632557 0 0.998123751061685
vn -0.1503106969603223 0.1720380856858567 0.9735551301558881
vn -0.7757224606863061 0.4459474555260569 0.4465260696718817
vn -0.8209353921059506 0.4906707161232451 0.29207418634133187
vn -0.6831252425796792 0.45532347406300133 0.5709819935143786
vn -0.7679575590507361 0.3507854243339563 0.5359018320286669
vn -5.687162936942024e-7 0.5758865345475147 0.8175296320785753
vn 0 0.5758865345475193 0.81752963207877
vn 5.574700753883253e-7 0.6439782147839789 0.7650438280800186
vn -0.1789267963474733 0.6389396313622976 0.7481586389419299
vn 0 0.5758865345475191 0.81752963207877
vn 0 0.6670993649024066 0.7449687492417422
vn 0.17717577491399195 0.6337898722611639 0.7529403313694943
vn -5.574697982046677e-7 0.6439787004730146 0.7650434192493762
vn 0.860419800468524 0.4212117957038202 0.2868072351278277
vn 0.9146394709987944 0.3929914872454607 0.09482789169673046
vn 0.9338758806074323 0.35665727707464534 0.02591189551910227
vn 0.51927250262174 0.6365771337818679 0.5701978786062054
vn 0.9580471270848763 -0.018723669806441544 0.28599847285150765
vn 0.9528454352144631 0.11973072736779418 0.2788371021132939
vn 0.6250676286432342 0.7799750005576654 0.03048701571806845
vn 0.9108051524059441 0.4096072891542463 0.05153487190723508
vn 0.9806697822470145 0.1706926061256731 0.09565987874558016
vn 0.9947625212277335 0.10092566282210062 0.016172103900331074
vn 0.5289917413439841 0.8137099030589834 0.24092308161236808
vn 0.5635858635165647 0.8260066758044886 0.009162203376200214
vn 0.9045117597985155 0.4241606023475022 0.044116434606580726
vn 0.962232801293837 0.26493871651980666 -0.06257405694897077
vn 0.9572707260373589 0.2804388104022167 0.07061749565155762
vn 0.6335278917462369 0.69945506445619 0.3307643015595176
vn 0.919976660295772 0.2533041893121911 -0.2991319645038486
vn 0.8693599111444751 0.49024590091175074 0.06222781961547668
vn 0.9020923547994807 0.42302583213323747 -0.08531429399760686
vn 0.8829749414332834 0.2501419277696192 -0.3972206801924951
vn 0.509638965826655 0.34297741896523615 0.78907199582236
vn 0.31758360423713067 0.336109476157407 0.8866628865340801
vn 0.40071371446645027 0.3195450184800326 0.8586731043901957
vn 0.2708237968764895 0.4013125854085188 0.8749872455288319
vn 0.9999999999997581 0 6.956521737382522e-7
vn 1 0 0
vn 0.9372013695874045 0.3487683093954868 -0.0037761362405757492
vn 0.7781877641619954 0.46780509012131327 0.41902529919462456
vn 1 0 0
vn 0.9595817874578726 0.2814299081106242 -1.2301687943736968e-8
vn 0.8346922286632088 0.3320252920820003 -0.43937238059203065
vn 0.9352692218393035 0.3537505562062199 -0.01149028563153061
vn 0.242952462741385 0.362992565104706 -0.8995612811402023
vn 0.012725083164255658 0.39176949744436 -0.9199753981116323
vn 0 0.2722488331745029 -0.9622268822035279
vn 0.3032161240412899 0.31155925375151483 -0.9005502837283303
vn 0.004309299352614331 0.398001703661514 -0.9173745548147836
vn 3.829078787569323e-7 0.39800465352352754 -0.9173833962817676
vn 0 0.27224855260970354 -0.9622269615854263
vn 6.693752246145637e-7 0.2722488331744777 -0.9622268822033021
vn 0 0.39800558558264093 -0.9173829919096054
vn -0.24093227197658545 0.3677076938916144 -0.8981885615911126
vn -0.31021628042017646 0.25881704469327976 -0.9147565778602019
vn 6.693750841785924e-7 0.27224953458613593 -0.9622266837482654
vn -0.9338205015899498 0.22506718833925318 -0.2780719898575867
vn -0.8257782977803809 0.25245492836111366 -0.5043378947304293
vn -0.8517076736941754 0.2052763613481563 -0.48213655124053556
vn -0.6410445417711563 0.343549203900713 -0.6863205081917593
vn -0.40279163049073125 0.15063903130090267 -0.9028104921052614
vn -0.31165363560478937 0.1567435752007454 -0.9371784584846183
vn -0.45423998348653344 0.09653409803673356 -0.8856337873626933
vn -0.25089047081964133 0.12621921767318903 -0.959751364021884
vn -0.944465789217238 -0.28576874070636016 -0.16223624697755148
vn -0.9547962902895815 -0.2969379479525596 0.013852765607504371
vn -0.8428388215405258 0.48564240976463646 -0.23189258449155858
vn -0.8445794488741121 0.21674967058940656 -0.48959691056917937
vn -0.9470395366531539 -0.3184602720763152 0.04122100344313555
vn -0.9601715409548126 -0.2466484000191099 -0.1312828195480053
vn -0.9306377706169832 0.3509163863960725 0.10378357124214765
vn -0.9147592346601119 0.39502958588904946 -0.08465913344921785
vn -0.9777804738439762 0.16314824176819492 -0.13163584685561933
vn -0.9317725245762948 0.2034424203673213 0.3006844592588792
vn -0.763894777937342 0.1703551101070982 0.6224499214398358
vn -0.8869085276899158 0.3907950983640585 0.24631779189805117
vn 0.21455375942226193 0.24196425588467171 0.9462663384015894
vn 0.28973100306059657 0.29329063720557147 0.9110634160106806
vn 0.31625454278144866 0.11171276308336901 0.942073947593487
vn 0.16350057181953537 0.2439618197085581 0.9559028159489719
vn -0.2754818463813288 0.2733641671238563 0.921619110287441
vn -0.40800913643418757 0.20475327709451702 0.889721664401449
vn -0.42015641171872314 0.11699380756441732 0.8998783466020434
vn -0.281759363655402 0.08909447833222094 0.955339643751484
vn -0.15558810299937273 0.1842642713728666 0.9704839104799643
vn -0.4615806750524831 0.2565210634653552 0.8491997553089009
vn -0.2898275326790974 0.17093895263419326 0.9416899042537688
vn -0.1932565845656983 0.17146435666223234 0.966049619282782
vn -0.8612777913608143 0.2046727076451065 0.4650910113664409
vn -0.8874373952396168 0.2698731215976807 0.3736621037373844
vn -0.8169844425311549 0.1941471306639754 0.5429947626975823
vn -0.8873453783973078 0.1961672853711824 0.417296747635349
vn -0.15799091715548738 0 0.9874405653488053
vn 0.05392029359649834 0.20820070819925082 0.9765987236546021
vn 0.3162474814554751 0.2530570532562648 0.9143028263493037
vn -0.31017486611427414 0.3083261814813988 0.8992922318379558
vn 0.9200401997327514 0.21863690057933027 0.325152174498008
vn 0.8285083885315555 0.2630151112392394 0.4943651498565164
vn 0.8825013475555611 0.2097164078973748 0.42096365617620846
vn 0.6527574289010981 0.3391016039227679 0.6774347505342742
vn 0.4297673493146312 0.17949481450935295 0.8849190002634867
vn 0.2805271102735955 0.2602138286397875 0.9239011331231116
vn 0.48592680435727365 0.17374217415315116 0.8565563599248236
vn 0.332602846442109 0.19038614074925023 0.9236495352400789
vn 0.9352588666150102 0.24186260872996426 0.25844405761468575
vn 0.8263797147878564 0.35728462045061443 0.43525195803879146
vn 0.9367856690590345 0.2047320567841946 0.28375587248642176
vn 0.8824043200898624 0.27255238624471606 0.3835072523943439
vn 0.43525463917257634 0.26624931845809696 0.8600376151653771
vn 0.31043560420259203 0.30426515676941374 0.9005845046520932
vn 0.45466524628744237 0.25387597983163734 0.8537133597894
vn 0.3902382208426869 0.22547298690605713 0.8926791490615179
vn 0.8540144754536607 0.2546660095242029 0.45365680784997336
vn 0.9075482601173257 0.41417173429224324 0.06941131083166854
vn 0.8564394575943344 0.483980291858081 -0.17965114129470236
vn 0.7905085723013459 0.4375473113634152 0.42854235197554796
vn 0.263084823585204 0.2912613898497826 -0.9197571301065925
vn 0.37286336204756254 0.34395895045624697 -0.8617802235161965
vn 0.5314653196977788 0.34056088224589764 -0.7756048603782945
vn 0.57758132934512 0.5483953534829327 -0.6047002102449224
vn 0.8093468564988656 0.21876337476704943 -0.5450690339176645
vn 0.9208239084671039 0.23492395535903227 -0.3112781148648814
vn 0.8981005644994668 0.14776968723721273 -0.4142215537361081
vn 0.9354305026339205 0.2161080443805906 -0.2797625562795129
vn 0.26714612344197564 0.1777753867727035 -0.9471160755618819
vn 0.4595555544595268 0.25632955290223725 -0.8503551332674697
vn 0.28655228863606763 0.11660226412088567 -0.9509425313231683
vn 0.5662898388414264 0.23780907658638945 -0.789153129321604
vn 0.8590839664191746 0.20705436702245347 -0.4680846373663956
vn 0.8798036196069434 0.36114648351717393 -0.3090611725366044
vn 0.8131209483776101 0.1959762778124258 -0.5481127820478947
vn 0.8806848878023938 0.17395368485191645 -0.44060667712022383
vn 0.6955090022646572 0.2394560196874944 -0.6774422797583891
vn 0.4466527225909064 0.4971453370949878 -0.7438735505493133
vn 0.33562761304116595 0.4847940045976332 -0.8076687925569983
vn 0.6985816625882391 0.32343625974810863 -0.6382575080448374
vn 0.15482325266619887 0.6910405864897512 -0.7060401321863788
vn -1.9516184339663024e-7 0.7204347782231528 -0.6935226963312149
vn -0.1656165750175459 0.45561198947164944 -0.8746364188216402
vn 0.21376202648231352 0.5231749179934 -0.8249810914298424
vn 3.840347742589914e-7 0.7204343844103104 -0.6935231054256157
vn -1.977542313454207e-7 0.7204347046250952 -0.6935227727852294
vn 0.2876010621878052 0.7829562221644826 -0.5516023778070286
vn -0.21813500640546937 0.5837349684364713 -0.7820937319816326
vn 3.813411455827385e-7 0.7204344553222702 -0.6935230317620017
vn -0.09544198602879439 0.6593831238161213 -0.7457242944476015
vn -0.21328914111989605 0.375384595193975 -0.9019945387702702
vn 0.19718060825165967 0.6057692574874206 -0.7708199623859288
vn -0.33304709024176804 0.47233790921129354 -0.8160738540128558
vn -0.7022951265480813 0.19540311534052734 -0.6845430430163111
vn -0.7263656243386625 0.2769456554143958 -0.629042195505354
vn -0.3871006447709738 0.4053539048178035 -0.828155361430967
vn -0.9907796131408776 0 -0.135483424020849
vn -0.987893179929012 0.06254142526698918 0.14197054333670214
vn -0.9564210144073789 0.16905528899615063 0.2380738382569329
vn -0.9479610258719157 0.21693314685056073 -0.23304485238978895
vn -0.27962009772262403 0.1459992680304583 0.9489451062543928
vn 0.0534221281011638 0.19878177283453347 0.978586676292858
vn -0.29296675278670115 0.28378171668053265 0.9130380162071379
vn -0.6719013380028812 0.3562924472558967 0.6493106221357711
vn -0.037599484736494236 0.21700616196247807 0.9754458490443562
vn -0.06331606368928254 0.3109399231745029 0.9483182167685746
vn 0.12240067005125503 0.01644022618479024 0.9923445948530163
vn -0.12257774337466808 0.11089876759806976 0.9862434588753445
vn -0.03675928992144566 0.36151395789825913 0.9316417835462334
vn -0.017645113832775543 0.38784540032097836 0.9215555302897861
vn -0.24409713980490785 0.3549152729195152 0.9024697974932621
vn 0.16745249116760488 0.16259980847613772 0.9723790235732601
vn -0.005734855497319464 0.3995943530141205 0.9166741321056527
vn 0.051437799781833445 0.3480334151894592 0.9360699197523472
vn 0.1087989948112948 -0.0014451384909342489 0.9940627195015382
vn -0.11751081940337299 0.14127434569455868 0.9829713966193128
vn 0.12397790230462853 0.26158511463954714 0.9571847823378509
vn 0.4252564317152858 0.20123556806509343 0.8824178224799756
vn 0.5706191041474761 0.13422448466579326 0.8101713557625535
vn 0.16533833832876918 0.11463179682422334 0.9795523390996174
vn 0.9300207431775394 0.20290455223315826 0.30641664436280064
vn 0.9575004845243842 0.18970882504682393 -0.21726339736578604
vn 0.9548148233753397 0.13765742553928803 -0.26339910071337413
vn 0.9301604917523203 0.18558752916893084 0.31679445796928496
vn 0.8370869069296866 0.34729755327400574 0.4226936476182006
vn 0.8738561381718066 0.3339380812839646 -0.35335648805114755
vn 0.9283619217008943 0.2433401621739399 -0.2809443144272253
vn 0.9185034178861086 0.19174232256750826 0.34581259819149757
vn 0.19370794216456963 0.11986241342671178 -0.9737095229019237
vn -0.169238851467493 0.12593830437111517 -0.9774956545407721
vn -0.15386948442155948 -0.01683288860195347 -0.9879477899287784
vn 0.341752309487866 0.07554202675620397 -0.9367490385120633
vn 0.18560870420012754 0.11673691217440146 -0.9756648514019227
vn -0.19901947421922273 0.1152808552924666 -0.9731914371204372
vn -0.36155914607957895 0.12581270633714103 -0.9238214907709879
vn 0.19211563673813314 -0.11360617784915457 -0.9747744449231361
vn -0.9449979246208632 0.11468204947584817 -0.30631185088122354
vn -0.9199401414859698 0.1237319476733923 0.37202223214174035
vn -0.8620315152226505 0.40202317545105215 0.3086730198174018
vn -0.887394546487202 0.38731005440231764 -0.2500436774318582
vn -0.11259044366244592 -0.012949413899388912 0.9935570968371954
vn 0.12829855119378145 0.08671878163099116 0.9879369082456699
vn 0.1662699254383342 -0.0559318017385383 0.9844927350920432
vn -0.2939406135740737 0.12753309483165196 0.947277269554357
vn -0.11306098824541455 -0.009920869347209782 0.99353851927762
vn 0.11853094575253016 0.10292271439714103 0.9876018072888159
vn 0.2643396167261911 0.02280019826188993 0.9641601101416035
vn -0.17273823493307564 -0.07373400993642713 0.9822040510865859
vn 0.9291043682324428 0.24042274562459495 0.2810017372147808
vn 0.8973291506243276 0.26675769916030534 -0.351625831500649
vn 0.8265597506800558 0.2568137607945891 -0.5008449568701515
vn 0.8762869178403595 0.40007579063274284 0.26844105381150035
vn 0.15271492473861317 -0.006555111423603221 -0.9882485427645741
vn -0.13283020903989898 0.18131014993449351 -0.9744140624483764
vn -0.33155324722898744 0.3046386833041742 -0.8928984919276173
vn 0.3647385209588646 0.3809651617669414 -0.8496065894569254
vn -0.8959786768742289 0.31159690436477505 -0.31643258330487334
vn -0.9195642263848551 0.2462761942521465 0.306185678466355
vn -0.9025254031428106 0.3138735734800535 0.2948411039064415
vn -0.6764872606478329 0.45249161889318756 -0.5810476064941781
vn -0.1623994710299509 0.0046819231900375935 0.9867139866265376
vn 0.17971854483144403 0.10908999891611228 0.9776505596480529
vn 0.458137865278234 0.26795613817785285 0.8475312409646704
vn -0.5155029712537108 0.4482043135498561 0.7303215592763903
vn 0.9435849668223627 0.14534760801614105 -0.29752560096708863
vn 0.7307924380758594 0.6184832465909554 -0.28882674068973013
vn 0.8381012848427487 0.5273763565872608 0.13950059088649225
vn 0.9245158340480221 0.08727392160448594 0.37101716294837944
vn -0.1705374948797167 -0.31934277496795127 -0.9321679864251502
vn 0.32676973738617204 0.34361937006197835 -0.8804244812854658
vn 0.58704738182467 0.6493458957276123 -0.48345142382095146
vn 0.3288937860907985 0.05066199551297533 -0.943007019953459
vn -0.015970389466466534 -0.22875493248442835 -0.9733530333462438
vn -0.10268340188480367 0.35832653083423294 -0.9279322261230437
vn 0.08975601376364492 0.3754801665018295 -0.9224741202640965
vn -0.20599319762106738 -0.3153711256475821 -0.9263411119245571
vn -0.35393783937844514 0.06026912204416357 -0.933325044549938
vn -0.3493214212302196 0.7232144401525775 -0.5957645661035016
vn -0.002627252627458867 0.3324137866698865 -0.943129986786243
vn 0.22192309026863125 -0.2791150756325238 -0.9342616959718898
vn -0.9397789467572879 0.1366905478699207 0.3132590387439499
vn -0.6283530718720888 0.7004955931283883 0.338346480810156
vn -0.6901192088347492 0.6975103294602797 -0.1929114249947685
vn -0.9482880629203655 0.16147613328267513 -0.2732676492064449
vn -4.205585022458486e-7 -0.21353125356428027 0.9769362332061855
vn -0.14743672507067046 0.26332681971463134 0.9533736927980622
vn -0.23311793338821982 0.6756924532122996 0.699353800164659
vn -0.29608558703946597 0.04306535423284879 0.9541900756203107
vn -0.03890077048091557 -0.2262363864085055 0.9732953444462852
vn 0.19633002567861738 0.19930471436594566 0.9600688266205409
vn 0 0.2602588618824994 0.9655388779389601
vn 0.20029547574673365 -0.22022387843626298 0.9546639019895325
vn 0.3006080246073676 0.028377434820092626 0.9533255145723772
vn 0.6629186642828602 0.6077161574512396 0.4372869955968604
vn 0.10265271730926061 0.22478383666579216 0.9689864015572313
vn -0.22537283821356996 -0.17761343794616455 0.9579460060235672
vn -0.32152842242316315 0.9246879495440959 -0.20389131796623305
vn 0.30945454635150943 0.8539496097119507 -0.4183395126152788
vn 0.4150157541803563 0.8846039734033417 0.21269164069405827
vn -0.3978295476215507 0.8167137514536412 0.41798361119277416
vn 0.8261212362284899 0.3085204659271225 -0.4715281806598873
vn 0.8246137505745432 -0.3136432475313162 -0.47078665618451293
vn 0.9250703885019274 -0.33709022634800784 0.17497129941090953
vn 0.911192356211973 0.2996389208460325 0.2827454811223308
vn 0.3144645727275537 -0.9356332589445137 -0.16031979683166447
vn -0.383585675783593 -0.8337939357286277 -0.39705125875107034
vn -0.491155048280576 -0.8681000329670493 0.07189611471500694
vn 0.4237754942798601 -0.8698342955627444 0.2525918223354122
vn -0.8348275674682242 -0.15568608474450968 -0.5280386118571376
vn -0.8561813463477055 0.1655945296191637 -0.48942001790531486
vn -0.9582384825595306 0.13520031568854418 0.2519918355418015
vn -0.9689818944844963 -0.15530440876475404 0.19223586756759667
vn 0.22797099928452977 0.9466036277686298 -0.22797104066192758
vn -3.478260869833132e-14 0.9999999999999991 -4.371138782611113e-8
vn 0 0.9999999999999991 -4.371138782608693e-8
vn 0 0.9722037727692437 -0.23413633680667537
vn -0.01064949994036956 0.983593945276357 -0.1800820339920426
vn 0 0.9999999999999991 -4.371138782608693e-8
vn 0 0.9999999999999991 -4.371138782608693e-8
vn 1.2528154225442276e-7 0.983649725624998 -0.18009224657894218
vn 0 0.9836497552161075 -0.18009208495459125
vn 0 0.9999999999999991 -4.371139736445029e-8
vn 3.298976331968987e-14 0.9999999999999991 -4.37113973644434e-8
vn 0.16294362333116666 0.9705036646813718 -0.17768514978956065
vn 0.2948119109284292 0.9188194991832898 -0.2624055355652711
vn 0.2570436100236557 0.8426663665150887 -0.4731194112380777
vn 0.028310798122049598 0.8716149894975126 -0.4893728729639025
vn 0.12396704768611119 0.9541384150918518 -0.27249230435738686
vn 0.05941419936412085 0.9145872331368434 -0.40000018237122553
vn 0.033117619103038766 0.7646905902732434 -0.64354605464761
vn -0.0909399453790348 0.7619399371102308 -0.6412312052379516
vn -0.18144680839261731 0.9009974575272659 -0.39405664218933795
vn -0.3322550895232788 0.903765450477005 -0.269841742526938
vn -0.23622546692430557 0.9716982704401534 -9.177347775372662e-8
vn 0 0.9999999999999991 -4.371139220077062e-8
vn 0 0.9582012821535204 -0.28609491935256365
vn 1.990225525341131e-7 0.9582012821535014 -0.286094919352558
vn 3.0407946151589484e-14 0.9999999999999991 -4.371142260867447e-8
vn 0 0.9999999999999991 -4.3711422608695626e-8
vn 0 0.9582012821535204 -0.28609491935256365
vn -0.14153970842735966 0.9898984977322418 -0.008214324424391347
vn 0 0.9999999999999991 -4.371142260869562e-8
vn 0 0.9999999999999991 -4.3711422608695626e-8
vn 2.581827035548606e-15 0.9999999999999991 -4.371137634503377e-8
vn 0.24539836232746184 0.9613422439357396 -0.12490289745076638
vn 0.11503731078192189 0.9177944132085185 -0.3800260941189365
vn -0.17721290549759092 0.9093047761671772 -0.3765108367161053
vn 0.6582421898242347 0.7465316735039237 -0.09699319559034839
vn -0.006693042979451978 0.6181730446631013 -0.7860135431578942
vn -0.6819193505468131 0.6463887013757607 -0.34229759871137067
vn -1.2295457417995498e-7 0.8837360028100566 -0.46798576616953713
vn 0 0.6181868921279491 -0.7860311484929765
vn -0.699616012771913 0.6915526462576437 -0.17970078499322423
vn 0 0.8837360028100634 -0.46798576616954074
vn 0.13286835108978853 0.8759005298314739 -0.4638364616107968
vn 0.04187977862400553 0.9670084280263671 -0.25127830043276517
vn -0.020985380489242735 0.9611472386634583 0.2752373510541966
vn 0.4574148314808119 0.6860845486658392 -0.5657381585357066
vn 0.1486905544468253 0.7629521862038409 -0.6291224686697142
vn 0.12394202525863716 0.9539463438020956 0.27317530547507635
vn 0.009837558072683219 0.9085850279632235 0.4175840866367338
vn 0.03506601222380296 0.8096861256683349 -0.5858146060716833
vn -0.049485185271472415 0.8091917862851384 -0.5854569748899701
vn -4.6481180011340946e-7 0.9086289968167484 0.417604293732205
vn 0 0.9687348867400538 -0.24809820477531683
vn -0.4573867761257559 0.8520975139427778 -0.254415337112025
vn 1.9997234965818818e-7 0.9582011751210862 -0.28609527782983374
vn 0 0.9687348867400539 -0.24809820477531683
vn -0.14593941157237716 0.9892935298231301 0
vn 7.960908012700627e-8 0.9582012187686773 -0.286095131643681
vn -0.3574699517638102 0.8948877284845537 -0.26719129288533133
vn -0.26706496620158826 0.9636785272214715 0
vn -0.37811329573298913 0.9234156988396777 -0.06583147215706979
vn -0.3325142853348614 0.94131965892666 -0.057892570908906565
vn 0 0.9999999999999991 -4.3711394782608687e-8
vn 0 0.9999999999999991 -4.371137391304344e-8
vn 0.371816866835749 0.8895041054187691 0.2655836289751353
vn 0.28584863037091396 0.9573773684791277 -0.04146245095327823
vn 0.6992941367340232 0.7141646088421287 -0.03092930336730585
vn 0 0.9582012918616979 0.2860948868375204
vn 0.09993095477238705 0.7027193110063653 0.7044142064275951
vn 0.7098784744706125 0.7016968565561618 -0.06077888599240209
vn 6.003054461853337e-8 0.996269723245685 -0.08629390791917427
vn -2.4737155655339405e-7 0.7029965843138665 0.7111932244073869
vn 0.2739378680131308 0.8276142010881277 -0.4899109905132572
vn -0.7098783089314477 0.7016970025246574 -0.06077913422005362
vn 0.18185413451583105 0.9796574411621906 -0.08485500418388495
vn 0.3687549004360027 0.7998872431392577 -0.47349785814458745
vn 0.21612804656608856 0.651746342615206 -0.7269906274328639
vn 0.24930994480053342 0.5407927177811213 -0.8033603100841264
vn 0 0.5584256767674357 -0.8295545572937512
vn 3.1078499508644066e-7 0.6675232079658929 -0.7445889918786249
vn 0.43111634780056235 0.6023039555943847 -0.6718397425982345
vn 0.39009889547027105 0.2469826945402211 -0.8870301011524504
vn 0 0.26823402910696287 -0.9633537800979685
vn -0.4311156018098382 0.6023041213915652 -0.6718400726593164
vn 7.072682979427708e-7 0.667523394832463 -0.7445888243526381
vn 0 0.5584258549872879 -0.829554437322661
vn -0.25965509592782793 0.5392725960850796 -0.8011019275163237
vn -0.29412221211771233 0.6379973793862985 -0.7116540368993904
vn -0.5586988900332691 0.6903185399109428 -0.4596910524807039
vn -0.4186614515257526 0.9081423836636796 0
vn -0.25431915554313483 0.9671203477974325 0
vn -0.21039291022034814 0.8137099369790534 -0.5418588024481636
vn -0.39689826212457696 0.9178626092844129 -3.162241809003273e-7
vn -0.3967934869070916 0.9176190095038805 -0.023027855853929878
vn 0 0.9999999999999991 -4.371139349168921e-8
vn -8.942491320649036e-15 0.9999999999999992 -4.3711380869571404e-8
vn 7.656575527220815e-21 0.9999999999999992 -4.371138265536511e-8
vn -5.379862518578943e-8 0.958201287404102 0.2860949017670858
vn 0.43880120135350464 0.8859132213146766 0.15037044254298848
vn 0.3732302852981982 0.9248768704153435 -0.0728143441015974
vn 0.29584328464582943 0.8670806545138477 -0.4008090436826545
vn 0.23032522050440404 0.9720757068949955 -0.04493453976834099
vn 0.23695400362978877 0.9704204217282558 -0.046227754180453016
vn 0.3481652565475094 0.8469693681827463 -0.40177586225820805
vn 0.7279449404764595 0.6038257061412757 -0.3247932884739362
vn 0.6870272364305269 0.5384491671217704 -0.48792014800426614
vn 0.38897429429614794 0.6826643674534317 -0.618601939688375
vn 0.3807634813908379 0.836968079064363 -0.3930694669730017
vn 0.13961653114575343 0.8873284124819784 -0.4394946104709805
vn 0.13881189655980078 0.8339386126243924 -0.5341138902402514
vn -7.615433219817955e-7 0.8420910754876219 -0.5393353507638088
vn 0 0.9033329987250672 -0.4289399648136995
vn 4.222539554867865e-7 0.9033328954832109 -0.42894018223726765
vn 0 0.9997279509084158 0.023324325766468645
vn -0.3034481992715191 0.9525887170062156 0.022224459303319382
vn 1.1935724794758004e-7 0.9033328872740527 -0.428940199525656
vn 4.1929224316491237e-7 0.9033329539804484 -0.4289400590441293
vn 3.7518973348872127e-8 0.8420912175211037 -0.5393351290003496
vn -0.19274206209675326 0.8263014740724207 -0.5292224215246706
vn -0.03783451069228325 0.8989281212894106 -0.436459371025261
vn -0.13377276652467965 0.935232646945542 -0.3277876492846686
vn -0.18252410084954054 0.6885284325032727 -0.7018643389171821
vn -0.6253510494177483 0.5464683035896397 -0.5570533710193147
vn -0.5995141808228855 0.7333083503342657 -0.3206892737874191
vn -0.37884338403078915 0.9251996021694445 0.021986052888174058
vn -0.3968989433275997 0.9178623147212404 -4.0121039440807495e-8
vn 0 0.9999999999999992 -4.371139199999996e-8
vn -3.3466215698043526e-16 0.9999999999999992 -4.371138671652065e-8
vn 0 0.9999999999999991 -4.371139182071533e-8
vn 0 0.9999999999999991 -4.37113869152262e-8
vn 0.4660641666978055 0.8842316543135068 -0.030307986245860754
vn 0.4662787571383855 0.8846378471676877 -3.866875155698092e-8
vn 0.5999859371275563 0.7179962103280451 0.35284319067219316
vn 0.6061666203021377 0.7794197711497519 -0.1583251362619095
vn 0.6821545496805127 0.7185856775054817 -0.13527673278936306
vn 0.6695439356885974 0.6666259288442775 0.3275985182737063
vn 0.7275645948446302 0.6244646509850305 0.2840662950768944
vn 0.5890280338930394 0.7642913368504083 -0.26249710037163526
vn 0.44171925037461923 0.8525637233531497 -0.2793191749069485
vn 0.5330827177929572 0.7797098139323756 0.32844394049520015
vn 0.6406913976068083 0.7673591139139494 -0.02597158689478787
vn 0.593237744800443 0.7716136971530356 -0.2295240303539217
vn 0.5826996970918535 0.7789559889499811 -0.23170807126213608
vn 0.7082314061760001 0.7057230641338121 -0.019058647789102098
vn 0.47514077429706725 0.8689017931087111 -0.13874767937825216
vn 0.2644925144928216 0.739603770414389 -0.6188941529583912
vn -0.26295083029420974 0.7399269508212816 -0.6191647343768106
vn -0.30087822579826484 0.9417318573551959 -0.15037753184176617
vn -0.23693635345460012 0.9591725234226615 0.15443197441799694
vn -0.30192590556792487 0.9450137793802562 -0.12565709024338056
vn -0.22710826791205604 0.9649690784774849 -0.13136404465568005
vn -0.1569873709252662 0.975043564974967 0.15698729811956277
vn -0.5245282296025975 0.8110472740578302 0.2589835044811305
vn -0.7434746185093094 0.6345449258076935 -0.21118292725536736
vn -0.6235169711392852 0.7482611767245076 -0.22656521822236322
vn -0.5139448935221372 0.8175966306484056 0.25960815852914504
vn -0.4123034058668927 0.8947697628001348 -0.17144378988213968
vn -0.3325141829835609 0.9413197083346334 0.05789235541568371
vn 3.543493067613017e-21 0.9999999999999992 -4.3711382655362166e-8
vn 5.183824549884219e-8 0.9582012527764823 -0.28609501774336665
vn 0 0.9999999999999992 -4.37113934916892e-8
vn -9.985609733847461e-15 0.9999999999999991 -4.3711380869572126e-8
vn 0.42743712272059886 0.9040450796947405 2.5783050475528726e-7
vn 0.4155870296588257 0.9091518207614386 0.027025683812176342
vn 0.2509431611486713 0.9680018232796425 0
vn 0.23290522302536334 0.9153294379776136 0.32852271924342125
vn 0.5099282861194667 0.8096476313057726 0.29059225064721744
vn 0.39476108273642135 0.9187838089326391 0
vn 0.7422782630387804 0.5876943585556622 0.32192906228232976
vn 0.7198225763164918 0.632298542003841 0.286450715490301
vn 0.4020090086607975 0.8482097512921767 0.34486080491761706
vn 0.4225457732405287 0.7948938646037782 0.43542945873222044
vn 0.2660516217399813 0.9239330712794278 0.27488945844773666
vn 0.16900197486018725 0.9537818053890484 0.24847253410017806
vn -0.013905301453903823 0.9689234863130906 0.2469694723287928
vn -0.05792200277305854 0.9568686188810716 0.2846884047434817
vn -0.3750544835203244 0.7142466631407541 0.590919485703087
vn -0.16002573434538903 0.8811982880756754 0.44483855660196364
vn -0.05045027063587982 0.8933826622892755 0.4464551365072341
vn -0.1915639951044312 0.7562209197630699 0.625646190983631
vn -0.39484338724621393 0.5064520618605581 0.7665539828251667
vn -0.23147949317243166 0.6264498729154514 0.7442968500301805
vn -0.02174212363827704 0.6602226470544121 0.7507551773888496
vn -0.11060092022267803 0.5478593530921281 0.8292270893279908
vn 0.3769137060099169 0.5739988400794014 0.7269534990694877
vn 0.24122442073644965 0.7893682109497894 0.5645428295375765
vn -0.43129067282783196 0.6851066769758086 0.5870410519673058
vn 0.009518839779541946 0.6196748609032876 0.7848009037034444
vn -0.29605736672917704 0.9551701605501428 0
vn -0.5379033059173867 0.8077700007329099 -0.24117972427030643
vn -0.37181683336119314 0.8895041635011008 -0.26558348130759535
vn -0.286094479990388 0.9582014133359591 0
vn 0 0.9999999999999991 -4.3711394782608687e-8
vn 0 0.9999999999999992 -4.3711373913043426e-8
vn 0.39283164151525124 0.9164114296136632 0.07663806559325168
vn 0.3389869366669819 0.9384637758124171 0.06613318574692531
vn 0.28050705953076904 0.9598519623115332 -3.1711092586428635e-7
vn 0.26493421473770945 0.9642664890274437 0
vn 0.21524407669333037 0.9765602835710838 0
vn 9.193038665779156e-14 0.9999999999999455 -3.3037482686454757e-7
vn 0 0.9999999999999455 -3.303749905859179e-7
vn 0 0.8770354256819758 0.4804257092400819
vn 0.6024010801951672 0.7000438996141306 0.3834729158529148
vn 0.4235529919974748 0.905871328042729 -2.9927723147418586e-7
vn 0.2699185450310565 0.5442919012487722 0.7942860349290515
vn 0.3293612056556454 0.7044199046349006 0.6287398461710672
vn -0.18110859782332292 0.7337090306985116 0.6548822291572131
vn -0.25552714012702826 0.5465071409801818 0.7975185424278047
vn -0.24219169180610325 0.9296742310552704 0.2775770317081181
vn -0.3742218434047368 0.8003648114685351 0.46837397502604405
vn -0.11503432967990973 0.8573470984290845 0.5017200970763713
vn -0.02479274450247698 0.9579068516098018 0.28600661436238134
vn 0.14186640751296853 0.989885812818487 -2.1859866796943463e-7
vn -0.09084929837421575 0.9325795988777235 0.3493446675447865
vn -0.09186918154114025 0.9324919778021089 0.3493118446569951
vn 3.828583705862641e-8 0.999999999999975 -2.2083220623903726e-7
vn -0.13239083744925426 0.9677008235138425 0.2145408640099046
vn 0.06892931715465053 0.9149730507992581 0.3975840358310332
vn -0.014761088292731723 0.9170545441373107 0.39848848584309643
vn 0.056199135940798534 0.9747516109738836 0.21610403518520102
vn 0.0061997430684647015 0.9581829740376735 0.2860890620946633
vn 0 1 0
vn -0.2860943167861635 0.9582014620645384 -1.9902213336650295e-7
vn -0.2750595182686998 0.9212408790231715 0.2750590922445673
vn 0 0.9999999999999991 -4.3711422608695626e-8
vn 2.5818270229849685e-15 0.9999999999999991 -4.371137632697354e-8
vn 0.297392231501263 0.9545595034845941 0.01933946612356995
vn 0.2860951428111124 0.9582012154343614 -4.1884338272017214e-8
vn 0.2566822903091031 0.8591177224531642 0.4427538151259245
vn 0.2860948868375203 0.9582012918616978 0
vn 0 1 0
vn -4.4615165389652256e-7 0.8888995586614039 0.45810214429902274
vn 2.2877330465365352e-7 0.8888999767722784 0.4581013329976139
vn 0 1 0
vn 0.006742317718117681 0.9999772703175748 0
vn -0.2122775460995972 0.8686414275037516 0.4476609362521795
vn 0 0.9999999999999991 -4.371137391304345e-8
vn -0.24801057776127466 0.9282645353229841 0.2771564644386328
vn 0 0.9582013015698744 0.28609485432247594
vn 0 0.9999999999999991 -4.371137391304346e-8
vn 0 0.9999999999999991 -4.371137391304345e-8
vn 0 0.9582013015698744 0.286094854322476
vn 0.37181659486702817 0.8895042093557592 0.2655836616207291
vn 0.2860949194878429 0.9582012821131293 -2.079783976331159e-9
vn 0.41213043885551237 0.7689264775792506 0.4887745630107291
vn 0.2860948868375191 0.9582012918616937 9.157316192349829e-8
vn -0.14186637272936986 0.9898858178035532 -4.5408544224783605e-8
vn -0.24433930764029155 0.8183513317600821 0.5201916959625202
vn 0 0.9999999999999991 -4.371138782608693e-8
vn -0.2750594058453922 0.9212407555382712 0.27505961824894504
vn 0 0.9582012288239988 0.2860950979660061
vn 0 0.9999999999999991 -4.371138782608693e-8
vn 0 0.9999999999999991 -4.371138782608693e-8
vn 0 0.9582012288239988 0.2860950979660061
vn -0.27505963940107164 0.921240691512114 0.27505959913232403
vn -3.478260869833132e-14 0.9999999999999991 -4.371138782611113e-8
vn 0.24434634725246576 0.33819908341343385 -0.9087993411984246
vn -0.05434924809063705 0.4183105638967502 -0.9066765858697164
vn -0.05618833358741714 0.4324654771336262 -0.8998980399224427
vn 0.23196883691901965 0.38215403973693807 -0.8945103401365331
vn -0.02122845357227896 0.490167969488424 -0.8713694477353019
vn 0 0.5188144403284217 -0.8548868793628234
vn 0 0.44824648110578535 -0.8939100022800288
vn -0.019409234319855362 0.4481619418718304 -0.8937416603699232
vn 0 0.5188144403284217 -0.8548868793628234
vn 0.2004403096949988 0.5082855766029484 -0.8375377333987893
vn 0.20349510450755554 0.48483871637584725 -0.8506004711640359
vn 0 0.44824638114961163 -0.8939100524025206
vn 0.6772517185392758 0.6673133396920529 -0.30987580803385806
vn 0.723772456053741 0.6048128697208246 -0.33219696638891305
vn 0.6446362416219139 0.7055806273928141 -0.2942789395038936
vn 0.748487375897466 0.5668870679993676 -0.34410129360001823
vn 0.13597764107752555 0.8147175047843545 -0.563689159488585
vn 0 0.7129700593617162 -0.7011944769133247
vn 0 0.7350622855866193 -0.6779995842979369
vn 0.15515320777210007 0.748340269474351 -0.6449141983249272
vn 0 0.7129700593617162 -0.7011944769133246
vn -0.12627471835739862 0.7072629552159969 -0.6955816326520522
vn -0.12887535854278862 0.6980436594959442 -0.7043622586410903
vn 0 0.727695520916406 -0.6859003053200957
vn -0.5281822773721149 0.7386441789651111 -0.4188415676015971
vn -0.7263984551710632 0.5119333023233712 -0.4585516091972427
vn -0.7802768774532707 0.42100850576189786 -0.46251468364572795
vn -0.7263986118512108 0.5119331341349536 -0.45855154876567344
vn -0.1754912620672158 0.49259721776517934 -0.8523794917688132
vn 0 0.3487708277240473 -0.9372080397268703
vn 0 0.34877073255634333 -0.9372080751423942
vn -0.19955704754877565 0.3417557245772022 -0.9183572341373085
vn 6.519708100809828e-7 0.3487708277239732 -0.9372080397266711
vn -0.2784937769688085 0.33497276792077957 -0.9001302466538602
vn -0.2635244473075843 0.4528591208307455 -0.8517473113263327
vn 6.519708100809827e-7 0.3487708277239733 -0.9372080397266711
vn -0.793770561461991 0.41043408566189726 -0.4488564994329461
vn -0.8680097050402017 0.47299091588350645 -0.15112493324300855
vn -0.764260476414843 0.631031307073088 -0.13306169127058276
vn -0.7628690445666338 0.48160145341035815 -0.43138249954654156
vn -0.8280840939905053 0.5585402322394695 -0.04805769709217826
vn -0.8124231288218011 0.5830683148271638 -8.11225480603336e-8
vn -0.8897409246005136 0.4564658662934386 -6.350829437073393e-8
vn -0.7461237118189433 0.6643977857592593 -0.04330114247587228
vn -0.8124231745827816 0.5830682510652555 -7.34712978537777e-7
vn -0.8115215606355577 0.5824213817456079 0.047096610378731724
vn -0.9662664761484081 0.2513651500346981 0.05607725403201958
vn -0.9585346586472693 0.28497597823537996 -8.668485539547683e-7
vn -0.820538845375613 0.553450120131827 0.14285995854585
vn -0.8746489716273909 0.47660823028809934 -0.08850859423125952
vn -0.9835852179695238 0.1505106581053921 -0.09953220980429638
vn -0.9747820667283452 0.14490312888549073 0.16971448265840774
vn -0.29567209742858647 0.49278096160000195 -0.8183794564178392
vn -0.2955689881573022 0.35551149025124057 -0.886707704680077
vn -0.28349070561125284 0.4430902737790529 -0.850472826793683
vn -0.3207169478284748 0.3303469478367876 -0.8877001371130379
vn -0.8945707774595955 0.33290413302586813 -0.2981911506561354
vn -1 0 0
vn -0.9372080751423942 0.34877073255634333 0
vn -0.8945708638029393 0.3329038752262664 -0.2981911794372823
vn -1 0 0
vn -0.948683298050514 0 0.316227766016838
vn -0.8504725752591514 0.44309065880981885 0.28349085841971716
vn -0.9372080397268701 0.3487708277240472 -2.4262318458069692e-8
vn -0.29819109735114463 0.33290411264376596 0.8945708028129397
vn 0 0.3487708277240474 0.9372080397268704
vn 0 0.3749019713621012 0.927064459392555
vn -0.29819112659449326 0.3329038507044841 0.8945708905427414
vn 0 0.3487708277240474 0.9372080397268704
vn -0.29819036378257024 0.3329039943770344 0.8945710913477107
vn -0.27996279879505964 0.4649820565445182 0.839888396385179
vn 0 0.4480535043355019 0.8940067434044758
vn -0.8504724858252407 0.44309090213306523 0.2834907464118404
vn -0.8945713462616979 0.3329037287512042 0.2981898955884959
vn -0.6692570061263687 0.7087510344338865 0.22308525486832478
vn -0.8945711078213031 0.3329040005074859 0.29819030751766323
vn -0.2981903174150586 0.33290396376736714 0.8945711181945694
vn 0.31622610293277487 0 0.9486838524102484
vn 0.22308503229772064 0.7087492144525653 0.669259007692535
vn -0.2751961104802474 0.4926162348962764 0.82558848459336
vn 0.8945711956090405 0.3329039308202118 0.2981901219542048
vn 0.8945710734998441 0.33290402866026225 0.2981903790518802
vn 0.8727515530760271 0.3920100938236357 0.29091719258883153
vn 0.8945711651266489 0.332904021832989 0.29819011179341703
vn 0.28349027560272144 0.4430898453416645 0.8504731933422669
vn 0 0.3487708277240474 0.9372080397268704
vn 0 0.17401510061640538 0.9847429841118251
vn 0.29818962078875105 0.3329039605285676 0.8945713516082743
vn 0 0.3487708277240474 0.9372080397268703
vn -0.20911713432523393 0.3410597137293509 0.9164869316048403
vn -0.21231286798262236 0.2985072255204092 0.9304927094830465
vn 0 0 1
vn -0.7841307315386581 0.4892195778091003 0.38184185279371197
vn -0.8077423250769009 0.43913065704320414 0.3933403136269737
vn -0.7419785058277002 0.5647289571997004 0.36131579233384287
vn -0.8077425070719247 0.4391306862356221 0.3933399073007888
vn -0.1624815918060759 0.6830165746566048 0.7121011803588886
vn 0 0.5758865345475193 0.8175296320787699
vn 0 0.6439787004727767 0.7650434192497795
vn -0.1719613032843182 0.6343853255087477 0.7536475097496966
vn 0 0.5758865345475191 0.81752963207877
vn 0.18337361302410587 0.5661213959410807 0.8036670225312271
vn 0.17130588289388632 0.6379549915304845 0.7507780785740122
vn 0 0.6439782147840789 0.7650438280801375
vn 0.7562324251871936 0.54083174289899 0.3682574438736259
vn 0.9249058376944215 0.3719429296213088 0.07878863181638998
vn 0.9084243335933953 0.41082459525082715 0.07738463718587672
vn 0.8077420394243702 0.4391308041011645 0.39334073604957803
vn 0.7820165287870403 0.3728451035307068 0.4994363597867547
vn 0.9813155782495158 -0.01917841862223277 0.19144692252415266
vn 0.5602330145496011 0.8210926497279727 0.10929698061411926
vn 0.5807534417300675 0.724678651205302 0.3708993022451584
vn 0.9901386579962956 0.12441684384013996 0.06438856195127417
vn 0.9831721298321203 0.17112815766245576 0.0639352545660543
vn 0.6706751308014972 0.7404679065963956 0.043613624306473205
vn 0.5447044675119564 0.8378796582510952 0.03542204626421184
vn 0.9761155898449458 0.09903386532297505 -0.19336661754513026
vn 0.9038280082773542 0.4238399647726669 0.058775979063691405
vn 0.9602587806323944 0.272036048902514 0.06244567491745165
vn 0.9427812146720201 0.2761939717519115 -0.1867631420528549
vn 0.9199766696034631 0.2533039986087989 -0.2991320973652181
vn 0.9488394821516566 0.2612512237349291 -0.17734552491444028
vn 0.9305634808375587 0.3221802342411393 -0.17392959723925988
vn 0.8685389990396524 0.4072913719467092 -0.282407056365393
vn 0.3259227350112467 0.49048082715231944 0.8082097060780483
vn 0.29524471969360283 0.35819581950822166 0.8857348984768972
vn 0.2834906744888342 0.4430904729016183 0.8504727334263492
vn 0.3535360203889465 0.3262475553630493 0.8766839880522405
vn 0.8945708323257179 0.3329040798426154 0.29819104543264563
vn 1 0 0
vn 0.9353309681910954 0.35377391077170767 0
vn 0.8945708967501916 0.33290388748719346 0.29819106690756564
vn 1 0 0
vn 0.9486832980505139 0 -0.3162277660168379
vn 0.8089099888812427 0.5063000152447281 -0.2988727562882512
vn 0.9291857542077164 0.36961308712954766 -5.1424429529999016e-8
vn 0.2319548138940078 0.34656104858512643 -0.9088962558592558
vn 0 0.37420440428600954 -0.9273462480718584
vn 0 0.2722488331745029 -0.9622268822035279
vn 0.2561207956732465 0.26316791448038346 -0.9301315965022093
vn 3.840208328263694e-7 0.3918012197793069 -0.920049892222862
vn 8.934514025242149e-7 0.3980053991707642 -0.9173830727837321
vn 9.371251831933431e-7 0.2722495345860774 -0.9622266837480585
vn 4.0162517519917535e-7 0.27224855260971087 -0.9622269615853404
vn -6.381797537748632e-7 0.39800465352347564 -0.9173833962816479
vn -0.2188082160998651 0.38836106829284944 -0.8951528613603553
vn -0.24522415263890404 0.301909141668614 -0.921257827722214
vn -6.693753602896631e-7 0.2722481317623138 -0.9622270806579296
vn -0.7606364451335178 0.4084192717900888 -0.5046046935622963
vn -0.8804777589328066 0.2122106478288378 -0.4239405111247656
vn -0.8977347127582276 0.17257395839869305 -0.4053277863550792
vn -0.8804778153021963 0.21221049079126084 -0.4239404726595513
vn -0.2654865327417656 0.22817828526219916 -0.9367238499512852
vn -0.3123389593672727 0.15634651655833856 -0.9370166173667586
vn -0.31074503176133916 0.18540694703352026 -0.9322348358795405
vn -0.2953729773824462 0.10352349098371422 -0.9497566483298625
vn -0.6371859055666932 0.16092498926777737 -0.7537222761576833
vn -0.957146115804343 -0.2896054436654458 0
vn -0.9166221873074769 0.39975463191269817 0
vn -0.6115923052791237 0.32027820148178787 -0.7234478044606664
vn -0.9548879155989987 -0.296966443631262 0
vn -0.9478451545776738 -0.31873117660933914 -9.231187599086845e-7
vn -0.9158290136474426 0.40156844716779877 -8.919378226323365e-7
vn -0.9356905932653424 0.3528216457004185 0
vn -0.8242334537537775 -0.21172869007181047 0.525176328020975
vn -0.9011915706546941 0.1503689469995414 0.4065008398013155
vn -0.8683286756294429 0.28443559903645815 0.40632708632379994
vn -0.8301529276799111 0.17623873660158412 0.5289480356193316
vn 0.3635379728508108 0.1291378027791063 0.922585264454678
vn 0.3559698029346478 0.23150625795751503 0.9053675231226139
vn 0.34047184492928617 0.08730881058935908 0.9361923383599758
vn 0.36023190050962994 0.10985084291714958 0.9263723712231555
vn -0.2974150945708399 0.29256750010962745 0.9088170989814296
vn -0.4584498508268887 0.25272312226921995 0.8520297868896958
vn -0.4632266844205255 0.15487826862871426 0.872601719427219
vn -0.3185393185967625 0.12220987511353067 0.9399986430483002
vn -0.20521922579708846 0.21949636116321555 0.9537853095950634
vn -0.31820394735561647 0.17684019151203742 0.9313827325827391
vn -0.31799725539444096 0.187553300629627 0.9293554244660843
vn -0.19895921042554696 0.17503416265116672 0.964250109925764
vn -0.871363964360719 0.2528165073861522 0.42048621286153937
vn -0.8832460089155498 0.20989320051531085 0.41931054376463267
vn -0.8199327312715604 0.32853397380159133 0.46880245759562145
vn -0.8894581230576322 0.21136960897831106 0.4052001181233169
vn -0.2824179514885933 0.16442662312571904 0.9450946969930893
vn 0.31622771322055854 0 0.948683315649272
vn 0.24808359820271036 0.29820810233478284 0.9216975946614399
vn -0.259177312154445 0.2576325799194568 0.9308343432794269
vn 0.8309235757674971 0.31046245450258086 0.4617131962354873
vn 0.8922941549993979 0.2120433743121107 0.39855833746673114
vn 0.8985358732330586 0.19571043180482497 0.3928494767669595
vn 0.8832457780523387 0.2098933125413739 0.4193109739836628
vn 0.34096020200680266 0.2480723542586834 0.9067558920128587
vn 0.369088953529105 0.18475367147244817 0.9108454453200285
vn 0.38996198452935943 0.2732832868526666 0.8793440144499348
vn 0.33680085098132306 0.1871756716735574 0.9227840780549963
vn 0.9248983720269209 0.259799092142943 0.27761021801017
vn 0.9260348390551774 0.23947722918612438 0.2917364110929388
vn 0.9312827911091779 0.21327702084344785 0.2953392546954145
vn 0.9356302749770566 0.20447954948074437 0.287722266066617
vn 0.3620686982781997 0.3474859257923908 0.864962305018742
vn 0.3310003505123365 0.2790612697289341 0.9014230836283179
vn 0.3393410525664265 0.4014074568889509 0.8507171701553079
vn 0.35521796006007467 0.2664523367740211 0.8960041032709745
vn 0.8329735290411069 0.28518337612729255 0.4741577183780138
vn 0.9514275692104586 0.28371446780621573 -0.11954782015458872
vn 0.8324466553338556 0.5496712620804953 -0.06995762764926006
vn 0.7842995321974408 0.44321364338602764 0.4340920525779742
vn 0.35652143262511715 0.39470519383870273 -0.846817736018611
vn 0.3188065556224272 0.2940926075488906 -0.9010393544553192
vn 0.29593392619590914 0.173471557958384 -0.939324613701656
vn 0.3461840794451716 0.3286908538614695 -0.8787029678603101
vn 0.8620882175043121 0.3956512203049086 -0.31664493855338116
vn 0.9240093292054354 0.2497562047101148 -0.2895316869534678
vn 0.9281126229703544 0.23055660712796797 -0.2923193630136886
vn 0.917095231058625 0.15466677622005953 -0.36744322759199344
vn 0.3539640081837397 0.23554932277408963 -0.9051110415032894
vn 0.314012420730381 0.17514892950479313 -0.9331232780937208
vn 0.3154045038603327 0.13459831217754795 -0.9393632382117011
vn 0.33693320075988786 0.11458972668476321 -0.9345294071156929
vn 0.8683058107628269 0.2533623793617941 -0.42644170025882816
vn 0.8804778052398176 0.2122106589896431 -0.423940409363457
vn 0.8134260362875585 0.3338187873406304 -0.476343469261354
vn 0.8862845876428178 0.21361006125220267 -0.41093840346045907
vn 0.6780087680990051 0.22598555449646746 -0.6994531003146628
vn 0.3241895856882453 0.4165390756538466 -0.8493505230378815
vn 0.32588255350042883 0.4815721436578034 -0.813565505522984
vn 0.6778266291241287 0.31382688297977945 -0.664878747118162
vn 0.09188937409743642 0.6457309391260614 -0.7580157631496568
vn -5.527291114838397e-7 0.7204344703956211 -0.6935230161036298
vn -4.373523521754097e-7 0.6032259886790101 -0.7975703145065265
vn 0.09216136288565091 0.43909775798913664 -0.8936998613180899
vn 7.884346625495912e-7 0.7204347632576058 -0.6935227118770775
vn -5.795527056497473e-7 0.7204343161405858 -0.6935231763443169
vn -4.534806623662417e-7 0.5982068835434236 -0.801341702696833
vn 8.45337681499152e-7 0.8015632256179874 -0.5979100227761471
vn 7.273118088163322e-7 0.7204348460562695 -0.6935226258654799
vn -0.05766003479208789 0.7042344502069475 -0.7076221869963475
vn -0.06826367840478659 0.5417594748471175 -0.8377569705016028
vn 4.857321618584196e-7 0.4220164827671974 -0.9065881580257752
vn -0.24299029313573808 0.5908682754101213 -0.7693051400814095
vn -0.6728451434884166 0.25182462086583296 -0.6956031722252506
vn -0.6288677007956502 0.42643425323709844 -0.6501378642735022
vn -0.2432770736312659 0.5895660116450262 -0.7702130765952916
vn -0.9754649245481088 0.08046310156692049 -0.2049240597455166
vn -0.9736201165467304 0 0.22817508333630868
vn -0.9564012905986933 0.18723738594645775 0.22413998448534653
vn -0.9643168208107484 0.1704509377881278 -0.20258219790642779
vn -0.4173577782952464 0.22556078455282375 0.8803038210574634
vn 3.0523315341895117e-7 0.2490882416595651 0.9684807937521802
vn 1.968384765926029e-7 0.16063179728743962 0.9870143999456991
vn -0.4177543284820767 0.22152465492781112 0.8811402546096755
vn -4.5603819248456617e-7 0.17365059969583035 0.9848073259399883
vn -1.975483683405686e-7 0.2285930002108079 0.9735220800036241
vn -2.6282637347733203e-7 0.16032642059295651 0.9870640500290654
vn -3.0286238018201457e-7 -2.92429664914452e-7 0.9999999999999114
vn -1.364555208542057e-7 0.3181506794786435 0.9480401600919968
vn 3.855085817870216e-7 0.36634017768210514 0.9304809907868593
vn 1.708986322053302e-7 0.16240114551410256 0.9867248187492186
vn -2.2893655117812292e-7 0.3990469270485665 0.9169305044620578
vn -4.921337746224862e-7 0.39038250255963686 0.9206527584790223
vn 0.02933387207332451 0.3960375348686079 0.9177656535981189
vn 0.011843572614561263 0.15990190080087852 0.9870618581973422
vn -1.713220533749921e-7 2.2756101203647526e-9 0.9999999999999853
vn 0.0958839210868471 0.3338957452532625 0.9377205900367016
vn 0.4412014611244158 0.1790418060593655 0.8793664210013259
vn 0.4622594685006391 0.2700025301396247 0.8446388680967196
vn 0.07779560903522333 0.27090697336751435 0.9594567499349264
vn 0.9525917107910159 0.16846409123264913 0.25335524959511585
vn 0.9596256568748583 0.20936351758605157 -0.18784439350561313
vn 0.9623823970991354 0.19264962844663328 -0.1915887324794865
vn 0.9572676366271183 0.13801112380442235 0.2541487784203806
vn 0.8641200029796408 0.32596697734671604 0.3834607543542249
vn 0.8784138077947247 0.3644434113859313 -0.30914427404200356
vn 0.9166339117886565 0.20261584553951822 -0.3445708793489834
vn 0.8849976450014921 0.23197361441069808 0.40369222256448006
vn 0.3223596039008083 0.22497747850263272 -0.9194941108781022
vn -0.22527921427713177 0.09160498489771823 -0.969978248393523
vn -0.2717321373918881 -0.08825104539499501 -0.9583180048893617
vn 0.2740578198487753 0.02998102806528971 -0.9612457798793629
vn 0.26985278721740197 0.1816590841656125 -0.9456106230215006
vn -0.2988417170588635 0.05244169250868402 -0.9528606913038942
vn -0.29989936031369563 0.13089329291761936 -0.9449483158102451
vn 0.28036365649296824 -0.09755906605022306 -0.9549232685139165
vn -0.9347066829096309 0.12758345838120577 -0.33173163562067143
vn -0.9122567146659083 0.11070870680826915 0.3943745285687254
vn -0.8527610637833719 0.3699900952739574 0.36865417059111083
vn -0.8639547276782966 0.402920048900314 -0.3020557278326119
vn -0.24824127691102507 0.07425001541528872 0.9658484372034846
vn 0.26273154964360784 0.030218170568422634 0.9643956630913301
vn 0.26235280209768574 -0.1393451028636086 0.9548580782186551
vn -0.24806023830235602 0.08344497843433678 0.9651440585464284
vn -0.21780673189228775 0.07531977210021949 0.973081270744213
vn 0.2277590580136281 0.019985389233393876 0.9735124014155826
vn 0.2336044313035946 0.04876627279920144 0.9711080374050038
vn -0.24088233032156178 -0.02077666458558536 0.9703319190604585
vn 0.9510406465424485 0.19769605744658522 0.23756674324113244
vn 0.894541050513459 0.23147885511237826 -0.38237919475586013
vn 0.8225339786825284 0.3883810578760272 -0.4154491639127318
vn 0.9365870773942985 0.2909994703460298 0.19525356518214193
vn 0.3086663531807208 0.16942811354778833 -0.9359589717256588
vn -0.31365101309798343 0.01346288075557724 -0.9494428854988434
vn -0.2137457964486563 0.397934317750693 -0.8921664717174818
vn 0.2953575518868898 0.30849746753724383 -0.9042086203230374
vn -0.8293500309390096 0.38741449256808497 -0.40260220706011696
vn -0.9223756775911166 0.32077695530482353 0.215233023334469
vn -0.900794303370783 0.3915945952116243 0.1876787042149161
vn -0.8702640440065665 0.30265395789676336 -0.38864003329399943
vn -0.3258141616449008 0.15697406873707723 0.9323112537215016
vn 0.31511926402629853 -0.009084029336303702 0.9490086036757209
vn 0.3372988679724304 0.4134651729509255 0.8457399271768942
vn -0.327585681896531 0.28481953329214543 0.9008692771271697
vn 0.9409785826464638 0.15279078534699272 -0.30201702421171744
vn 0.8460989740862656 0.4829588095684223 -0.22553783343470643
vn 0.8519975589764389 0.4863258940054264 0.19387440346268586
vn 0.9411380154972436 0.15281673816299668 0.3015066837122061
vn -0.1513803071064125 -0.012869107702102839 -0.9883918194154179
vn 0.37730244854430245 0.7065227066808059 -0.5987224125309676
vn 0.6012871595559056 0.6095896812562401 -0.5165792991004444
vn 0.3327504249935763 0.028287559621096872 -0.9425905625653576
vn 0.28995000548943034 -0.754538834247657 -0.5887275617200762
vn 1.9753064088338873e-7 -1.1118110295035714e-7 -0.9999999999999744
vn 0.14631300820467488 -0.030895612023156244 -0.988755765994724
vn -0.16692821387646234 -0.6983202673892281 -0.696048687640061
vn -0.3593075645299911 0.06567336430160482 -0.9309055179194262
vn -0.30330635431242 0.62794760913894 -0.7167196492425738
vn -0.15395902264644962 0.6258800266896033 -0.7645723062842203
vn 1.4505214226090693e-7 -9.351987897385211e-8 -0.9999999999999851
vn -0.9301419488760859 0.1546156484027914 0.3330614901335511
vn -0.7937081932559229 0.5477505001504505 0.2645688824169432
vn -0.7743714103313517 0.5344058823069764 -0.3387613788747703
vn -0.9476579229760881 0.15752729398135148 -0.27772218613492095
vn 0.15981978945181283 -0.013282832883674895 0.9870568379025408
vn -3.5430625311400054e-7 0.5679897997257988 0.8230355930379448
vn -0.35854748837569395 0.5302250032178221 0.7683131812888168
vn -0.31611859428844064 0.02627438773794291 0.9483557828653215
vn -0.35674960012140006 -0.49273042344580953 0.793691660926417
vn 0 0 1
vn -0.16376309391649752 0.02218224532165753 0.9862502710080167
vn 0 -0.5943993669429849 0.8041700022866924
vn 0.24964565536167657 -0.011931582347634476 0.9682637471793112
vn 0.4974005824256221 0.45598118784430747 0.7380202008988281
vn 0.4521501033275859 0.4805158700910207 0.7514418025712456
vn 0 0 1
vn -0.5111319035842435 0.6998951127734732 -0.49888977565606096
vn 0.5836469176199729 0.7991905697681498 -0.1437035446548373
vn 0.5438507342635599 0.7446974618787009 0.38684889700296116
vn -0.5753986730050985 0.7878958764041131 0.21940021661194029
vn 0.8297314087901199 0.3064160138367803 -0.46653511736153486
vn 0.8192604817466141 -0.30254867306231953 -0.4871104222622787
vn 0.9220219885522972 -0.3404979052749999 0.18421897060130657
vn 0.9179581011573289 0.33899772775379844 0.20599384723188496
vn 0.5153951160096657 -0.7057328469402518 -0.486116265046738
vn -0.580602069632692 -0.7950211554789243 -0.17562061120264535
vn -0.5773992432392353 -0.7906354616880963 0.20372942995063129
vn 0.5894337432826138 -0.8071142717652126 0.03368107172814358
vn -0.8657090230741231 -0.1317134543302218 -0.48290729267267046
vn -0.8286657549218934 0.12607748702024224 -0.5453600039298713
vn -0.9506268205492616 0.14463319642495356 0.27457218822069845
vn -0.9665682943894652 -0.14705861021771618 0.21004641735072319
usemtl m_31c1b5cb-8651-aefd-9fb5-f87bd4552fef
f 1/1/1 2/2/1 3/3/1
f 2/4/2 4/5/2 5/6/2
f 6/7/3 7/8/3 3/9/3
f 7/10/4 8/11/4 9/12/4
f 8/13/5 7/14/5 10/15/5
f 7/16/6 6/17/6 11/18/6
f 12/19/7 13/20/7 10/21/7
f 13/22/8 14/23/8 15/24/8
f 14/25/9 13/26/9 16/27/9
f 13/28/10 12/29/10 17/30/10
f 18/31/11 19/32/11 16/33/11
f 19/34/12 20/35/12 21/36/12
f 22/37/13 23/38/13 24/39/13
f 23/40/14 25/41/14 26/42/14
f 27/43/15 28/44/15 24/45/15
f 28/46/16 29/47/16 30/48/16
f 29/49/17 28/50/17 31/51/17
f 28/52/18 27/53/18 32/54/18
f 33/55/19 34/56/19 31/57/19
f 34/58/20 35/59/20 36/60/20
f 37/61/21 38/62/21 39/63/21
f 38/64/22 40/65/22 41/66/22
f 42/67/23 43/68/23 39/69/23
f 43/70/24 44/71/24 45/72/24
f 44/73/25 43/74/25 46/75/25
f 43/76/26 42/77/26 47/78/26
f 48/79/27 49/80/27 46/81/27
f 49/82/28 50/83/28 51/84/28
f 50/85/29 49/86/29 52/87/29
f 49/88/30 48/89/30 53/90/30
f 54/91/31 55/92/31 52/93/31
f 55/94/32 56/95/32 57/96/32
f 58/97/33 59/98/33 60/99/33
f 59/100/34 61/101/34 62/102/34
f 63/103/35 64/104/35 60/105/35
f 64/106/36 65/107/36 66/108/36
f 65/109/37 64/110/37 67/111/37
f 64/112/38 63/113/38 68/114/38
f 69/115/39 70/116/39 67/117/39
f 70/118/40 71/119/40 72/120/40
f 71/121/41 70/122/41 73/123/41
f 70/124/42 69/125/42 74/126/42
f 22/127/43 75/128/43 73/129/43
f 75/130/44 76/131/44 77/132/44
f 76/133/45 75/134/45 78/135/45
f 75/136/46 22/137/46 30/138/46
f 29/139/47 79/140/47 78/141/47
f 79/142/48 80/143/48 81/144/48
f 80/145/49 79/146/49 82/147/49
f 79/148/50 29/149/50 36/150/50
f 35/151/51 83/152/51 82/153/51
f 83/154/52 84/155/52 85/156/52
f 84/157/53 83/158/53 86/159/53
f 83/160/54 35/161/54 87/162/54
f 88/163/55 89/164/55 86/165/55
f 89/166/56 90/167/56 91/168/56
f 90/169/57 89/170/57 92/171/57
f 89/172/58 88/173/58 93/174/58
f 94/175/59 95/176/59 92/177/59
f 95/178/60 96/179/60 97/180/60
f 98/181/61 99/182/61 100/183/61
f 99/184/62 50/185/62 57/186/62
f 56/187/63 101/188/63 100/189/63
f 101/190/64 102/191/64 103/192/64
f 104/193/65 105/194/65 106/195/65
f 105/196/66 58/197/66 66/198/66
f 65/199/67 107/200/67 106/201/67
f 107/202/68 108/203/68 109/204/68
f 108/205/69 107/206/69 110/207/69
f 107/208/70 65/209/70 72/210/70
f 71/211/71 111/212/71 110/213/71
f 111/214/72 112/215/72 113/216/72
f 112/217/73 111/218/73 114/219/73
f 111/220/74 71/221/74 77/222/74
f 76/223/75 115/224/75 114/225/75
f 115/226/76 116/227/76 117/228/76
f 118/229/77 119/230/77 120/231/77
f 119/232/78 121/233/78 122/234/78
f 123/235/79 124/236/79 120/237/79
f 124/238/80 125/239/80 126/240/80
f 125/241/81 124/242/81 127/243/81
f 124/244/82 123/245/82 128/246/82
f 129/247/83 130/248/83 127/249/83
f 130/250/84 131/251/84 132/252/84
f 131/253/85 130/254/85 133/255/85
f 130/256/86 129/257/86 134/258/86
f 135/259/87 136/260/87 133/261/87
f 136/262/88 137/263/88 138/264/88
f 139/265/89 140/266/89 141/267/89
f 140/268/90 90/269/90 97/270/90
f 96/271/91 142/272/91 141/273/91
f 142/274/92 143/275/92 144/276/92
f 145/277/93 146/278/93 147/279/93
f 146/280/94 98/281/94 103/282/94
f 102/283/95 148/284/95 147/285/95
f 148/286/96 149/287/96 150/288/96
f 151/289/97 152/290/97 153/291/97
f 152/292/98 154/293/98 155/294/98
f 156/295/99 157/296/99 153/297/99
f 157/298/100 158/299/100 159/300/100
f 160/301/101 161/302/101 162/303/101
f 161/304/102 108/305/102 113/306/102
f 112/307/103 163/308/103 162/309/103
f 163/310/104 164/311/104 165/312/104
f 166/313/105 167/314/105 168/315/105
f 167/316/106 169/317/106 170/318/106
f 118/319/107 171/320/107 168/321/107
f 171/322/108 172/323/108 173/324/108
f 172/325/109 171/326/109 174/327/109
f 171/328/110 118/329/110 126/330/110
f 125/331/111 175/332/111 174/333/111
f 175/334/112 176/335/112 177/336/112
f 176/337/113 175/338/113 178/339/113
f 175/340/114 125/341/114 132/342/114
f 131/343/115 179/344/115 178/345/115
f 179/346/116 180/347/116 181/348/116
f 180/349/117 179/350/117 182/351/117
f 179/352/118 131/353/118 138/354/118
f 137/355/119 183/356/119 182/357/119
f 183/358/120 184/359/120 185/360/120
f 184/361/121 183/362/121 186/363/121
f 183/364/122 137/365/122 187/366/122
f 188/367/123 189/368/123 186/369/123
f 189/370/124 190/371/124 191/372/124
f 192/373/125 193/374/125 194/375/125
f 193/376/126 145/377/126 150/378/126
f 149/379/127 195/380/127 194/381/127
f 195/382/128 196/383/128 197/384/128
f 198/385/129 199/386/129 200/387/129
f 199/388/130 151/389/130 159/390/130
f 158/391/131 201/392/131 200/393/131
f 201/394/132 202/395/132 203/396/132
f 204/397/133 205/398/133 206/399/133
f 205/400/134 207/401/134 208/402/134
f 166/403/135 209/404/135 206/405/135
f 209/406/136 210/407/136 211/408/136
f 212/409/137 213/410/137 214/411/137
f 213/412/138 215/413/138 216/414/138
f 217/415/139 218/416/139 214/417/139
f 218/418/140 219/419/140 220/420/140
f 221/421/141 222/422/141 223/423/141
f 222/424/142 224/425/142 225/426/142
f 226/427/143 227/428/143 223/429/143
f 227/430/144 228/431/144 229/432/144
f 230/433/145 231/434/145 232/435/145
f 231/436/146 233/437/146 234/438/146
f 235/439/147 236/440/147 232/441/147
f 236/442/148 237/443/148 238/444/148
f 239/445/149 240/446/149 241/447/149
f 240/448/150 242/449/150 243/450/150
f 244/451/151 245/452/151 241/453/151
f 245/454/152 246/455/152 247/456/152
f 248/457/153 249/458/153 250/459/153
f 249/460/154 251/461/154 252/462/154
f 253/463/155 254/464/155 250/465/155
f 254/466/156 255/467/156 256/468/156
f 257/469/157 258/470/157 259/471/157
f 258/472/158 192/473/158 197/474/158
f 196/475/159 260/476/159 259/477/159
f 260/478/160 261/479/160 262/480/160
f 263/481/161 264/482/161 265/483/161
f 264/484/162 198/485/162 203/486/162
f 202/487/163 266/488/163 265/489/163
f 266/490/164 267/491/164 268/492/164
f 269/493/165 270/494/165 271/495/165
f 270/496/166 272/497/166 273/498/166
f 274/499/167 275/500/167 271/501/167
f 275/502/168 276/503/168 277/504/168
f 278/505/169 279/506/169 280/507/169
f 279/508/170 210/509/170 281/510/170
f 282/511/171 283/512/171 280/513/171
f 283/514/172 284/515/172 285/516/172
f 284/517/173 283/518/173 286/519/173
f 283/520/174 282/521/174 287/522/174
f 288/523/175 289/524/175 286/525/175
f 289/526/176 290/527/176 291/528/176
f 290/529/177 289/530/177 292/531/177
f 289/532/178 288/533/178 293/534/178
f 294/535/179 295/536/179 292/537/179
f 295/538/180 296/539/180 297/540/180
f 296/541/181 295/542/181 298/543/181
f 295/544/182 294/545/182 299/546/182
f 300/547/183 301/548/183 298/549/183
f 301/550/184 302/551/184 303/552/184
f 302/553/185 301/554/185 304/555/185
f 301/556/186 300/557/186 305/558/186
f 306/559/187 307/560/187 304/561/187
f 307/562/188 308/563/188 309/564/188
f 310/565/189 311/566/189 312/567/189
f 311/568/190 313/569/190 314/570/190
f 315/571/191 316/572/191 312/573/191
f 316/574/192 317/575/192 318/576/192
f 319/577/193 320/578/193 321/579/193
f 320/580/194 263/581/194 268/582/194
f 267/583/195 322/584/195 321/585/195
f 322/586/196 323/587/196 324/588/196
f 325/589/197 326/590/197 327/591/197
f 326/592/198 269/593/198 277/594/198
f 276/595/199 328/596/199 327/597/199
f 328/598/200 329/599/200 330/600/200
f 329/601/201 328/602/201 331/603/201
f 328/604/202 276/605/202 332/606/202
f 333/607/203 334/608/203 331/609/203
f 334/610/204 335/611/204 336/612/204
f 337/613/205 338/614/205 339/615/205
f 338/616/206 284/617/206 291/618/206
f 290/619/207 340/620/207 339/621/207
f 340/622/208 341/623/208 342/624/208
f 343/625/209 344/626/209 345/627/209
f 344/628/210 346/629/210 347/630/210
f 348/631/211 349/632/211 345/633/211
f 349/634/212 350/635/212 351/636/212
f 350/637/213 349/638/213 352/639/213
f 349/640/214 348/641/214 353/642/214
f 354/643/215 355/644/215 352/645/215
f 355/646/216 356/647/216 357/648/216
f 356/649/217 355/650/217 358/651/217
f 355/652/218 354/653/218 359/654/218
f 310/655/219 360/656/219 358/657/219
f 360/658/220 361/659/220 362/660/220
f 361/661/221 360/662/221 363/663/221
f 360/664/222 310/665/222 318/666/222
f 317/667/223 364/668/223 363/669/223
f 364/670/224 365/671/224 366/672/224
f 367/673/225 368/674/225 369/675/225
f 368/676/226 319/677/226 324/678/226
f 323/679/227 370/680/227 369/681/227
f 370/682/228 371/683/228 372/684/228
f 373/685/229 374/686/229 375/687/229
f 374/688/230 325/689/230 330/690/230
f 329/691/231 376/692/231 375/693/231
f 376/694/232 377/695/232 378/696/232
f 377/697/233 376/698/233 379/699/233
f 376/700/234 329/701/234 336/702/234
f 335/703/235 380/704/235 379/705/235
f 380/706/236 381/707/236 382/708/236
f 383/709/237 384/710/237 385/711/237
f 384/712/238 386/713/238 387/714/238
f 388/715/239 389/716/239 385/717/239
f 389/718/240 390/719/240 391/720/240
f 390/721/241 389/722/241 392/723/241
f 389/724/242 388/725/242 393/726/242
f 394/727/243 395/728/243 392/729/243
f 395/730/244 396/731/244 397/732/244
f 398/733/245 399/734/245 400/735/245
f 399/736/246 350/737/246 357/738/246
f 356/739/247 401/740/247 400/741/247
f 401/742/248 402/743/248 403/744/248
f 404/745/249 405/746/249 406/747/249
f 405/748/250 407/749/250 408/750/250
f 409/751/251 410/752/251 406/753/251
f 410/754/252 411/755/252 412/756/252
f 411/757/253 410/758/253 413/759/253
f 410/760/254 409/761/254 414/762/254
f 415/763/255 416/764/255 413/765/255
f 416/766/256 417/767/256 418/768/256
f 1/769/257 9/770/257 419/771/257
f 9/772/258 8/773/258 420/774/258
f 63/775/259 62/776/259 419/777/259
f 62/778/260 61/779/260 421/780/260
f 8/781/261 15/782/261 422/783/261
f 15/784/262 14/785/262 423/786/262
f 69/787/263 68/788/263 422/789/263
f 68/790/264 63/791/264 420/792/264
f 14/793/265 21/794/265 424/795/265
f 21/796/266 20/797/266 425/798/266
f 22/799/267 74/800/267 424/801/267
f 74/802/268 69/803/268 423/804/268
f 20/805/269 19/806/269 426/807/269
f 19/808/270 18/809/270 427/810/270
f 25/811/271 23/812/271 426/813/271
f 23/814/272 22/815/272 425/816/272
f 18/817/273 428/818/273 429/819/273
f 428/820/274 430/821/274 431/822/274
f 27/823/275 26/824/275 429/825/275
f 26/826/276 25/827/276 427/828/276
f 430/829/277 432/830/277 433/831/277
f 432/832/278 40/833/278 434/834/278
f 33/835/279 32/836/279 433/837/279
f 32/838/280 27/839/280 431/840/280
f 40/841/281 38/842/281 435/843/281
f 38/844/282 37/845/282 436/846/282
f 35/847/283 34/848/283 435/849/283
f 34/850/284 33/851/284 434/852/284
f 37/853/285 45/854/285 437/855/285
f 45/856/286 44/857/286 438/858/286
f 88/859/287 87/860/287 437/861/287
f 87/862/288 35/863/288 436/864/288
f 44/865/289 51/866/289 439/867/289
f 51/868/290 50/869/290 440/870/290
f 94/871/291 93/872/291 439/873/291
f 93/874/292 88/875/292 438/876/292
f 50/877/293 99/878/293 441/879/293
f 99/880/294 98/881/294 442/882/294
f 96/883/295 95/884/295 441/885/295
f 95/886/296 94/887/296 440/888/296
f 98/889/297 146/890/297 443/891/297
f 146/892/298 145/893/298 444/894/298
f 143/895/299 142/896/299 443/897/299
f 142/898/300 96/899/300 442/900/300
f 145/901/301 193/902/301 445/903/301
f 193/904/302 192/905/302 446/906/302
f 447/907/303 448/908/303 445/909/303
f 448/910/304 143/911/304 444/912/304
f 192/913/305 258/914/305 449/915/305
f 258/916/306 257/917/306 450/918/306
f 313/919/307 451/920/307 449/921/307
f 451/922/308 447/923/308 446/924/308
f 257/925/309 262/926/309 452/927/309
f 262/928/310 261/929/310 453/930/310
f 315/931/311 314/932/311 452/933/311
f 314/934/312 313/935/312 450/936/312
f 261/937/313 454/938/313 455/939/313
f 454/940/314 456/941/314 457/942/314
f 317/943/315 316/944/315 455/945/315
f 316/946/316 315/947/316 453/948/316
f 456/949/317 458/950/317 459/951/317
f 458/952/318 415/953/318 460/954/318
f 365/955/319 364/956/319 459/957/319
f 364/958/320 317/959/320 457/960/320
f 415/961/321 414/962/321 461/963/321
f 414/964/322 409/965/322 462/966/322
f 361/967/323 366/968/323 461/969/323
f 366/970/324 365/971/324 460/972/324
f 409/973/325 408/974/325 463/975/325
f 408/976/326 407/977/326 464/978/326
f 356/979/327 362/980/327 463/981/327
f 362/982/328 361/983/328 462/984/328
f 407/985/329 405/986/329 465/987/329
f 405/988/330 404/989/330 466/990/330
f 402/991/331 401/992/331 465/993/331
f 401/994/332 356/995/332 464/996/332
f 404/997/333 467/998/333 468/999/333
f 467/1000/334 396/1001/334 469/1002/334
f 398/1003/335 403/1004/335 468/1005/335
f 403/1006/336 402/1007/336 466/1008/336
f 396/1009/337 395/1010/337 470/1011/337
f 395/1012/338 394/1013/338 471/1014/338
f 350/1015/339 399/1016/339 470/1017/339
f 399/1018/340 398/1019/340 469/1020/340
f 394/1021/341 393/1022/341 472/1023/341
f 393/1024/342 388/1025/342 473/1026/342
f 343/1027/343 351/1028/343 472/1029/343
f 351/1030/344 350/1031/344 471/1032/344
f 388/1033/345 387/1034/345 474/1035/345
f 387/1036/346 386/1037/346 475/1038/346
f 335/1039/347 476/1040/347 474/1041/347
f 476/1042/348 343/1043/348 473/1044/348
f 386/1045/349 384/1046/349 477/1047/349
f 384/1048/350 383/1049/350 478/1050/350
f 381/1051/351 380/1052/351 477/1053/351
f 380/1054/352 335/1055/352 475/1056/352
f 383/1057/353 479/1058/353 480/1059/353
f 479/1060/354 481/1061/354 482/1062/354
f 377/1063/355 382/1064/355 480/1065/355
f 382/1066/356 381/1067/356 478/1068/356
f 481/1069/357 483/1070/357 484/1071/357
f 483/1072/358 371/1073/358 485/1074/358
f 373/1075/359 378/1076/359 484/1077/359
f 378/1078/360 377/1079/360 482/1080/360
f 371/1081/361 370/1082/361 486/1083/361
f 370/1084/362 323/1085/362 487/1086/362
f 325/1087/363 374/1088/363 486/1089/363
f 374/1090/364 373/1091/364 485/1092/364
f 323/1093/365 322/1094/365 488/1095/365
f 322/1096/366 267/1097/366 489/1098/366
f 269/1099/367 326/1100/367 488/1101/367
f 326/1102/368 325/1103/368 487/1104/368
f 267/1105/369 266/1106/369 490/1107/369
f 266/1108/370 202/1109/370 491/1110/370
f 272/1111/371 270/1112/371 490/1113/371
f 270/1114/372 269/1115/372 489/1116/372
f 202/1117/373 201/1118/373 492/1119/373
f 201/1120/374 158/1121/374 493/1122/374
f 160/1123/375 494/1124/375 492/1125/375
f 494/1126/376 272/1127/376 491/1128/376
f 158/1129/377 157/1130/377 495/1131/377
f 157/1132/378 156/1133/378 496/1134/378
f 108/1135/379 161/1136/379 495/1137/379
f 161/1138/380 160/1139/380 493/1140/380
f 156/1141/381 155/1142/381 497/1143/381
f 155/1144/382 154/1145/382 498/1146/382
f 104/1147/383 109/1148/383 497/1149/383
f 109/1150/384 108/1151/384 496/1152/384
f 154/1153/385 499/1154/385 500/1155/385
f 499/1156/386 501/1157/386 502/1158/386
f 58/1159/387 105/1160/387 500/1161/387
f 105/1162/388 104/1163/388 498/1164/388
f 501/1165/389 503/1166/389 504/1167/389
f 503/1168/390 1/1169/390 421/1170/390
f 61/1171/391 59/1172/391 504/1173/391
f 59/1174/392 58/1175/392 502/1176/392
f 76/1177/393 81/1178/393 505/1179/393
f 81/1180/394 80/1181/394 506/1182/394
f 123/1183/395 122/1184/395 505/1185/395
f 122/1186/396 121/1187/396 507/1188/396
f 80/1189/397 85/1190/397 508/1191/397
f 85/1192/398 84/1193/398 509/1194/398
f 129/1195/399 128/1196/399 508/1197/399
f 128/1198/400 123/1199/400 506/1200/400
f 84/1201/401 91/1202/401 510/1203/401
f 91/1204/402 90/1205/402 511/1206/402
f 135/1207/403 134/1208/403 510/1209/403
f 134/1210/404 129/1211/404 509/1212/404
f 90/1213/405 140/1214/405 512/1215/405
f 140/1216/406 139/1217/406 513/1218/406
f 137/1219/407 136/1220/407 512/1221/407
f 136/1222/408 135/1223/408 511/1224/408
f 139/1225/409 144/1226/409 514/1227/409
f 144/1228/410 143/1229/410 515/1230/410
f 188/1231/411 187/1232/411 514/1233/411
f 187/1234/412 137/1235/412 513/1236/412
f 143/1237/413 448/1238/413 516/1239/413
f 448/1240/414 447/1241/414 517/1242/414
f 190/1243/415 189/1244/415 516/1245/415
f 189/1246/416 188/1247/416 515/1248/416
f 447/1249/417 451/1250/417 518/1251/417
f 451/1252/418 313/1253/418 519/1254/418
f 306/1255/419 520/1256/419 518/1257/419
f 520/1258/420 190/1259/420 517/1260/420
f 313/1261/421 311/1262/421 521/1263/421
f 311/1264/422 310/1265/422 522/1266/422
f 308/1267/423 307/1268/423 521/1269/423
f 307/1270/424 306/1271/424 519/1272/424
f 310/1273/425 359/1274/425 523/1275/425
f 359/1276/426 354/1277/426 524/1278/426
f 302/1279/427 309/1280/427 523/1281/427
f 309/1282/428 308/1283/428 522/1284/428
f 354/1285/429 353/1286/429 525/1287/429
f 353/1288/430 348/1289/430 526/1290/430
f 296/1291/431 303/1292/431 525/1293/431
f 303/1294/432 302/1295/432 524/1296/432
f 348/1297/433 347/1298/433 527/1299/433
f 347/1300/434 346/1301/434 528/1302/434
f 290/1303/435 297/1304/435 527/1305/435
f 297/1306/436 296/1307/436 526/1308/436
f 346/1309/437 344/1310/437 529/1311/437
f 344/1312/438 343/1313/438 530/1314/438
f 341/1315/439 340/1316/439 529/1317/439
f 340/1318/440 290/1319/440 528/1320/440
f 343/1321/441 476/1322/441 531/1323/441
f 476/1324/442 335/1325/442 532/1326/442
f 337/1327/443 342/1328/443 531/1329/443
f 342/1330/444 341/1331/444 530/1332/444
f 335/1333/445 334/1334/445 533/1335/445
f 334/1336/446 333/1337/446 534/1338/446
f 284/1339/447 338/1340/447 533/1341/447
f 338/1342/448 337/1343/448 532/1344/448
f 333/1345/449 332/1346/449 535/1347/449
f 332/1348/450 276/1349/450 536/1350/450
f 278/1351/451 285/1352/451 535/1353/451
f 285/1354/452 284/1355/452 534/1356/452
f 276/1357/453 275/1358/453 537/1359/453
f 275/1360/454 274/1361/454 538/1362/454
f 210/1363/455 279/1364/455 537/1365/455
f 279/1366/456 278/1367/456 536/1368/456
f 274/1369/457 273/1370/457 539/1371/457
f 273/1372/458 272/1373/458 540/1374/458
f 204/1375/459 211/1376/459 539/1377/459
f 211/1378/460 210/1379/460 538/1380/460
f 272/1381/461 494/1382/461 541/1383/461
f 494/1384/462 160/1385/462 542/1386/462
f 207/1387/463 205/1388/463 541/1389/463
f 205/1390/464 204/1391/464 540/1392/464
f 160/1393/465 165/1394/465 543/1395/465
f 165/1396/466 164/1397/466 544/1398/466
f 166/1399/467 208/1400/467 543/1401/467
f 208/1402/468 207/1403/468 542/1404/468
f 164/1405/469 163/1406/469 545/1407/469
f 163/1408/470 112/1409/470 546/1410/470
f 169/1411/471 167/1412/471 545/1413/471
f 167/1414/472 166/1415/472 544/1416/472
f 112/1417/473 117/1418/473 547/1419/473
f 117/1420/474 116/1421/474 548/1422/474
f 118/1423/475 170/1424/475 547/1425/475
f 170/1426/476 169/1427/476 546/1428/476
f 116/1429/477 115/1430/477 549/1431/477
f 115/1432/478 76/1433/478 507/1434/478
f 121/1435/479 119/1436/479 549/1437/479
f 119/1438/480 118/1439/480 548/1440/480
f 166/1441/481 173/1442/481 550/1443/481
f 173/1444/482 172/1445/482 551/1446/482
f 217/1447/483 216/1448/483 550/1449/483
f 216/1450/484 215/1451/484 552/1452/484
f 172/1453/485 177/1454/485 553/1455/485
f 177/1456/486 176/1457/486 554/1458/486
f 555/1459/487 556/1460/487 553/1461/487
f 556/1462/488 217/1463/488 551/1464/488
f 176/1465/489 181/1466/489 557/1467/489
f 181/1468/490 180/1469/490 558/1470/490
f 559/1471/491 560/1472/491 557/1473/491
f 560/1474/492 555/1475/492 554/1476/492
f 180/1477/493 185/1478/493 561/1479/493
f 185/1480/494 184/1481/494 562/1482/494
f 251/1483/495 563/1484/495 561/1485/495
f 563/1486/496 559/1487/496 558/1488/496
f 184/1489/497 191/1490/497 564/1491/497
f 191/1492/498 190/1493/498 565/1494/498
f 253/1495/499 252/1496/499 564/1497/499
f 252/1498/500 251/1499/500 562/1500/500
f 190/1501/501 520/1502/501 566/1503/501
f 520/1504/502 306/1505/502 567/1506/502
f 255/1507/503 254/1508/503 566/1509/503
f 254/1510/504 253/1511/504 565/1512/504
f 306/1513/505 305/1514/505 568/1515/505
f 305/1516/506 300/1517/506 569/1518/506
f 248/1519/507 256/1520/507 568/1521/507
f 256/1522/508 255/1523/508 567/1524/508
f 300/1525/509 299/1526/509 570/1527/509
f 299/1528/510 294/1529/510 571/1530/510
f 572/1531/511 573/1532/511 570/1533/511
f 573/1534/512 248/1535/512 569/1536/512
f 294/1537/513 293/1538/513 574/1539/513
f 293/1540/514 288/1541/514 575/1542/514
f 576/1543/515 577/1544/515 574/1545/515
f 577/1546/516 572/1547/516 571/1548/516
f 288/1549/517 287/1550/517 578/1551/517
f 287/1552/518 282/1553/518 579/1554/518
f 219/1555/519 580/1556/519 578/1557/519
f 580/1558/520 576/1559/520 575/1560/520
f 282/1561/521 281/1562/521 581/1563/521
f 281/1564/522 210/1565/522 582/1566/522
f 212/1567/523 220/1568/523 581/1569/523
f 220/1570/524 219/1571/524 579/1572/524
f 210/1573/525 209/1574/525 583/1575/525
f 209/1576/526 166/1577/526 552/1578/526
f 215/1579/527 213/1580/527 583/1581/527
f 213/1582/528 212/1583/528 582/1584/528
f 219/1585/529 218/1586/529 584/1587/529
f 218/1588/530 217/1589/530 585/1590/530
f 586/1591/531 587/1592/531 584/1593/531
f 587/1594/532 588/1595/532 589/1596/532
f 217/1597/533 556/1598/533 590/1599/533
f 556/1600/534 555/1601/534 591/1602/534
f 592/1603/535 593/1604/535 590/1605/535
f 593/1606/536 586/1607/536 585/1608/536
f 559/1609/537 563/1610/537 594/1611/537
f 563/1612/538 251/1613/538 595/1614/538
f 596/1615/539 597/1616/539 594/1617/539
f 597/1618/540 598/1619/540 599/1620/540
f 251/1621/541 249/1622/541 600/1623/541
f 249/1624/542 248/1625/542 601/1626/542
f 602/1627/543 603/1628/543 600/1629/543
f 603/1630/544 596/1631/544 595/1632/544
f 248/1633/545 573/1634/545 604/1635/545
f 573/1636/546 572/1637/546 605/1638/546
f 606/1639/547 607/1640/547 604/1641/547
f 607/1642/548 602/1643/548 601/1644/548
f 576/1645/549 580/1646/549 608/1647/549
f 580/1648/550 219/1649/550 589/1650/550
f 588/1651/551 609/1652/551 608/1653/551
f 609/1654/552 610/1655/552 611/1656/552
f 228/1657/553 227/1658/553 612/1659/553
f 227/1660/554 226/1661/554 613/1662/554
f 233/1663/555 231/1664/555 612/1665/555
f 231/1666/556 230/1667/556 614/1668/556
f 226/1669/557 615/1670/557 616/1671/557
f 615/1672/558 242/1673/558 617/1674/558
f 235/1675/559 234/1676/559 616/1677/559
f 234/1678/560 233/1679/560 613/1680/560
f 242/1681/561 240/1682/561 618/1683/561
f 240/1684/562 239/1685/562 619/1686/562
f 237/1687/563 236/1688/563 618/1689/563
f 236/1690/564 235/1691/564 617/1692/564
f 239/1693/565 620/1694/565 621/1695/565
f 620/1696/566 228/1697/566 614/1698/566
f 230/1699/567 238/1700/567 621/1701/567
f 238/1702/568 237/1703/568 619/1704/568
f 586/1705/569 622/1706/569 623/1707/569
f 622/1708/570 224/1709/570 222/1710/570
f 221/1711/571 624/1712/571 623/1713/571
f 624/1714/572 588/1715/572 587/1716/572
f 592/1717/573 625/1718/573 626/1719/573
f 625/1720/574 226/1721/574 225/1722/574
f 224/1723/575 622/1724/575 626/1725/575
f 622/1726/576 586/1727/576 593/1728/576
f 598/1729/577 627/1730/577 628/1731/577
f 627/1732/578 242/1733/578 615/1734/578
f 226/1735/579 625/1736/579 628/1737/579
f 625/1738/580 592/1739/580 629/1740/580
f 596/1741/581 630/1742/581 631/1743/581
f 630/1744/582 244/1745/582 243/1746/582
f 242/1747/583 627/1748/583 631/1749/583
f 627/1750/584 598/1751/584 597/1752/584
f 602/1753/585 632/1754/585 633/1755/585
f 632/1756/586 246/1757/586 245/1758/586
f 244/1759/587 630/1760/587 633/1761/587
f 630/1762/588 596/1763/588 603/1764/588
f 606/1765/589 634/1766/589 635/1767/589
f 634/1768/590 239/1769/590 247/1770/590
f 246/1771/591 632/1772/591 635/1773/591
f 632/1774/592 602/1775/592 607/1776/592
f 610/1777/593 636/1778/593 637/1779/593
f 636/1780/594 228/1781/594 620/1782/594
f 239/1783/595 634/1784/595 637/1785/595
f 634/1786/596 606/1787/596 638/1788/596
f 588/1789/597 624/1790/597 639/1791/597
f 624/1792/598 221/1793/598 229/1794/598
f 228/1795/599 636/1796/599 639/1797/599
f 636/1798/600 610/1799/600 609/1800/600
f 555/1801/601 560/1802/601 640/1803/601
f 560/1804/602 559/1805/602 641/1806/602
f 572/1807/603 577/1808/603 640/1809/603
f 577/1810/604 576/1811/604 642/1812/604
f 559/1813/605 599/1814/605 643/1815/605
f 599/1816/606 598/1817/606 644/1818/606
f 606/1819/607 605/1820/607 643/1821/607
f 605/1822/608 572/1823/608 641/1824/608
f 598/1825/609 629/1826/609 645/1827/609
f 629/1828/610 592/1829/610 646/1830/610
f 610/1831/611 638/1832/611 645/1833/611
f 638/1834/612 606/1835/612 644/1836/612
f 592/1837/613 591/1838/613 647/1839/613
f 591/1840/614 555/1841/614 642/1842/614
f 576/1843/615 611/1844/615 647/1845/615
f 611/1846/616 610/1847/616 646/1848/616
f 3/1849/617 9/1850/617 1/1851/617
f 5/1852/618 3/1853/618 2/1854/618
f 3/1855/619 5/1856/619 6/1857/619
f 9/1858/620 3/1859/620 7/1860/620
f 10/1861/621 15/1862/621 8/1863/621
f 11/1864/622 10/1865/622 7/1866/622
f 10/1867/623 11/1868/623 12/1869/623
f 15/1870/624 10/1871/624 13/1872/624
f 16/1873/625 21/1874/625 14/1875/625
f 17/1876/626 16/1877/626 13/1878/626
f 16/1879/627 17/1880/627 18/1881/627
f 21/1882/628 16/1883/628 19/1884/628
f 24/1885/629 30/1886/629 22/1887/629
f 26/1888/630 24/1889/630 23/1890/630
f 24/1891/631 26/1892/631 27/1893/631
f 30/1894/632 24/1895/632 28/1896/632
f 31/1897/633 36/1898/633 29/1899/633
f 32/1900/634 31/1901/634 28/1902/634
f 31/1903/635 32/1904/635 33/1905/635
f 36/1906/636 31/1907/636 34/1908/636
f 39/1909/637 45/1910/637 37/1911/637
f 41/1912/638 39/1913/638 38/1914/638
f 39/1915/639 41/1916/639 42/1917/639
f 45/1918/640 39/1919/640 43/1920/640
f 46/1921/641 51/1922/641 44/1923/641
f 47/1924/642 46/1925/642 43/1926/642
f 46/1927/643 47/1928/643 48/1929/643
f 51/1930/644 46/1931/644 49/1932/644
f 52/1933/645 57/1934/645 50/1935/645
f 53/1936/646 52/1937/646 49/1938/646
f 52/1939/647 53/1940/647 54/1941/647
f 57/1942/648 52/1943/648 55/1944/648
f 60/1945/649 66/1946/649 58/1947/649
f 62/1948/650 60/1949/650 59/1950/650
f 60/1951/651 62/1952/651 63/1953/651
f 66/1954/652 60/1955/652 64/1956/652
f 67/1957/653 72/1958/653 65/1959/653
f 68/1960/654 67/1961/654 64/1962/654
f 67/1963/655 68/1964/655 69/1965/655
f 72/1966/656 67/1967/656 70/1968/656
f 73/1969/657 77/1970/657 71/1971/657
f 74/1972/658 73/1973/658 70/1974/658
f 73/1975/659 74/1976/659 22/1977/659
f 77/1978/660 73/1979/660 75/1980/660
f 78/1981/661 81/1982/661 76/1983/661
f 30/1984/662 78/1985/662 75/1986/662
f 78/1987/663 30/1988/663 29/1989/663
f 81/1990/664 78/1991/664 79/1992/664
f 82/1993/665 85/1994/665 80/1995/665
f 36/1996/666 82/1997/666 79/1998/666
f 82/1999/667 36/2000/667 35/2001/667
f 85/2002/668 82/2003/668 83/2004/668
f 86/2005/669 91/2006/669 84/2007/669
f 87/2008/670 86/2009/670 83/2010/670
f 86/2011/671 87/2012/671 88/2013/671
f 91/2014/672 86/2015/672 89/2016/672
f 92/2017/673 97/2018/673 90/2019/673
f 93/2020/674 92/2021/674 89/2022/674
f 92/2023/675 93/2024/675 94/2025/675
f 97/2026/676 92/2027/676 95/2028/676
f 100/2029/677 103/2030/677 98/2031/677
f 57/2032/678 100/2033/678 99/2034/678
f 100/2035/679 57/2036/679 56/2037/679
f 103/2038/680 100/2039/680 101/2040/680
f 106/2041/681 109/2042/681 104/2043/681
f 66/2044/682 106/2045/682 105/2046/682
f 106/2047/683 66/2048/683 65/2049/683
f 109/2050/684 106/2051/684 107/2052/684
f 110/2053/685 113/2054/685 108/2055/685
f 72/2056/686 110/2057/686 107/2058/686
f 110/2059/687 72/2060/687 71/2061/687
f 113/2062/688 110/2063/688 111/2064/688
f 114/2065/689 117/2066/689 112/2067/689
f 77/2068/690 114/2069/690 111/2070/690
f 114/2071/691 77/2072/691 76/2073/691
f 117/2074/692 114/2075/692 115/2076/692
f 120/2077/693 126/2078/693 118/2079/693
f 122/2080/694 120/2081/694 119/2082/694
f 120/2083/695 122/2084/695 123/2085/695
f 126/2086/696 120/2087/696 124/2088/696
f 127/2089/697 132/2090/697 125/2091/697
f 128/2092/698 127/2093/698 124/2094/698
f 127/2095/699 128/2096/699 129/2097/699
f 132/2098/700 127/2099/700 130/2100/700
f 133/2101/701 138/2102/701 131/2103/701
f 134/2104/702 133/2105/702 130/2106/702
f 133/2107/703 134/2108/703 135/2109/703
f 138/2110/704 133/2111/704 136/2112/704
f 141/2113/705 144/2114/705 139/2115/705
f 97/2116/706 141/2117/706 140/2118/706
f 141/2119/707 97/2120/707 96/2121/707
f 144/2122/708 141/2123/708 142/2124/708
f 147/2125/709 150/2126/709 145/2127/709
f 103/2128/710 147/2129/710 146/2130/710
f 147/2131/711 103/2132/711 102/2133/711
f 150/2134/712 147/2135/712 148/2136/712
f 153/2137/713 159/2138/713 151/2139/713
f 155/2140/714 153/2141/714 152/2142/714
f 153/2143/715 155/2144/715 156/2145/715
f 159/2146/716 153/2147/716 157/2148/716
f 162/2149/717 165/2150/717 160/2151/717
f 113/2152/718 162/2153/718 161/2154/718
f 162/2155/719 113/2156/719 112/2157/719
f 165/2158/720 162/2159/720 163/2160/720
f 168/2161/721 173/2162/721 166/2163/721
f 170/2164/722 168/2165/722 167/2166/722
f 168/2167/723 170/2168/723 118/2169/723
f 173/2170/724 168/2171/724 171/2172/724
f 174/2173/725 177/2174/725 172/2175/725
f 126/2176/726 174/2177/726 171/2178/726
f 174/2179/727 126/2180/727 125/2181/727
f 177/2182/728 174/2183/728 175/2184/728
f 178/2185/729 181/2186/729 176/2187/729
f 132/2188/730 178/2189/730 175/2190/730
f 178/2191/731 132/2192/731 131/2193/731
f 181/2194/732 178/2195/732 179/2196/732
f 182/2197/733 185/2198/733 180/2199/733
f 138/2200/734 182/2201/734 179/2202/734
f 182/2203/735 138/2204/735 137/2205/735
f 185/2206/736 182/2207/736 183/2208/736
f 186/2209/737 191/2210/737 184/2211/737
f 187/2212/738 186/2213/738 183/2214/738
f 186/2215/739 187/2216/739 188/2217/739
f 191/2218/740 186/2219/740 189/2220/740
f 194/2221/741 197/2222/741 192/2223/741
f 150/2224/742 194/2225/742 193/2226/742
f 194/2227/743 150/2228/743 149/2229/743
f 197/2230/744 194/2231/744 195/2232/744
f 200/2233/745 203/2234/745 198/2235/745
f 159/2236/746 200/2237/746 199/2238/746
f 200/2239/747 159/2240/747 158/2241/747
f 203/2242/748 200/2243/748 201/2244/748
f 206/2245/749 211/2246/749 204/2247/749
f 208/2248/750 206/2249/750 205/2250/750
f 206/2251/751 208/2252/751 166/2253/751
f 211/2254/752 206/2255/752 209/2256/752
f 214/2257/753 220/2258/753 212/2259/753
f 216/2260/754 214/2261/754 213/2262/754
f 214/2263/755 216/2264/755 217/2265/755
f 220/2266/756 214/2267/756 218/2268/756
f 223/2269/757 229/2270/757 221/2271/757
f 225/2272/758 223/2273/758 222/2274/758
f 223/2275/759 225/2276/759 226/2277/759
f 229/2278/760 223/2279/760 227/2280/760
f 232/2281/761 238/2282/761 230/2283/761
f 234/2284/762 232/2285/762 231/2286/762
f 232/2287/763 234/2288/763 235/2289/763
f 238/2290/764 232/2291/764 236/2292/764
f 241/2293/765 247/2294/765 239/2295/765
f 243/2296/766 241/2297/766 240/2298/766
f 241/2299/767 243/2300/767 244/2301/767
f 247/2302/768 241/2303/768 245/2304/768
f 250/2305/769 256/2306/769 248/2307/769
f 252/2308/770 250/2309/770 249/2310/770
f 250/2311/771 252/2312/771 253/2313/771
f 256/2314/772 250/2315/772 254/2316/772
f 259/2317/773 262/2318/773 257/2319/773
f 197/2320/774 259/2321/774 258/2322/774
f 259/2323/775 197/2324/775 196/2325/775
f 262/2326/776 259/2327/776 260/2328/776
f 265/2329/777 268/2330/777 263/2331/777
f 203/2332/778 265/2333/778 264/2334/778
f 265/2335/779 203/2336/779 202/2337/779
f 268/2338/780 265/2339/780 266/2340/780
f 271/2341/781 277/2342/781 269/2343/781
f 273/2344/782 271/2345/782 270/2346/782
f 271/2347/783 273/2348/783 274/2349/783
f 277/2350/784 271/2351/784 275/2352/784
f 280/2353/785 285/2354/785 278/2355/785
f 281/2356/786 280/2357/786 279/2358/786
f 280/2359/787 281/2360/787 282/2361/787
f 285/2362/788 280/2363/788 283/2364/788
f 286/2365/789 291/2366/789 284/2367/789
f 287/2368/790 286/2369/790 283/2370/790
f 286/2371/791 287/2372/791 288/2373/791
f 291/2374/792 286/2375/792 289/2376/792
f 292/2377/793 297/2378/793 290/2379/793
f 293/2380/794 292/2381/794 289/2382/794
f 292/2383/795 293/2384/795 294/2385/795
f 297/2386/796 292/2387/796 295/2388/796
f 298/2389/797 303/2390/797 296/2391/797
f 299/2392/798 298/2393/798 295/2394/798
f 298/2395/799 299/2396/799 300/2397/799
f 303/2398/800 298/2399/800 301/2400/800
f 304/2401/801 309/2402/801 302/2403/801
f 305/2404/802 304/2405/802 301/2406/802
f 304/2407/803 305/2408/803 306/2409/803
f 309/2410/804 304/2411/804 307/2412/804
f 312/2413/805 318/2414/805 310/2415/805
f 314/2416/806 312/2417/806 311/2418/806
f 312/2419/807 314/2420/807 315/2421/807
f 318/2422/808 312/2423/808 316/2424/808
f 321/2425/809 324/2426/809 319/2427/809
f 268/2428/810 321/2429/810 320/2430/810
f 321/2431/811 268/2432/811 267/2433/811
f 324/2434/812 321/2435/812 322/2436/812
f 327/2437/813 330/2438/813 325/2439/813
f 277/2440/814 327/2441/814 326/2442/814
f 327/2443/815 277/2444/815 276/2445/815
f 330/2446/816 327/2447/816 328/2448/816
f 331/2449/817 336/2450/817 329/2451/817
f 332/2452/818 331/2453/818 328/2454/818
f 331/2455/819 332/2456/819 333/2457/819
f 336/2458/820 331/2459/820 334/2460/820
f 339/2461/821 342/2462/821 337/2463/821
f 291/2464/822 339/2465/822 338/2466/822
f 339/2467/823 291/2468/823 290/2469/823
f 342/2470/824 339/2471/824 340/2472/824
f 345/2473/825 351/2474/825 343/2475/825
f 347/2476/826 345/2477/826 344/2478/826
f 345/2479/827 347/2480/827 348/2481/827
f 351/2482/828 345/2483/828 349/2484/828
f 352/2485/829 357/2486/829 350/2487/829
f 353/2488/830 352/2489/830 349/2490/830
f 352/2491/831 353/2492/831 354/2493/831
f 357/2494/832 352/2495/832 355/2496/832
f 358/2497/833 362/2498/833 356/2499/833
f 359/2500/834 358/2501/834 355/2502/834
f 358/2503/835 359/2504/835 310/2505/835
f 362/2506/836 358/2507/836 360/2508/836
f 363/2509/837 366/2510/837 361/2511/837
f 318/2512/838 363/2513/838 360/2514/838
f 363/2515/839 318/2516/839 317/2517/839
f 366/2518/840 363/2519/840 364/2520/840
f 369/2521/841 372/2522/841 367/2523/841
f 324/2524/842 369/2525/842 368/2526/842
f 369/2527/843 324/2528/843 323/2529/843
f 372/2530/844 369/2531/844 370/2532/844
f 375/2533/845 378/2534/845 373/2535/845
f 330/2536/846 375/2537/846 374/2538/846
f 375/2539/847 330/2540/847 329/2541/847
f 378/2542/848 375/2543/848 376/2544/848
f 379/2545/849 382/2546/849 377/2547/849
f 336/2548/850 379/2549/850 376/2550/850
f 379/2551/851 336/2552/851 335/2553/851
f 382/2554/852 379/2555/852 380/2556/852
f 385/2557/853 391/2558/853 383/2559/853
f 387/2560/854 385/2561/854 384/2562/854
f 385/2563/855 387/2564/855 388/2565/855
f 391/2566/856 385/2567/856 389/2568/856
f 392/2569/857 397/2570/857 390/2571/857
f 393/2572/858 392/2573/858 389/2574/858
f 392/2575/859 393/2576/859 394/2577/859
f 397/2578/860 392/2579/860 395/2580/860
f 400/2581/861 403/2582/861 398/2583/861
f 357/2584/862 400/2585/862 399/2586/862
f 400/2587/863 357/2588/863 356/2589/863
f 403/2590/864 400/2591/864 401/2592/864
f 406/2593/865 412/2594/865 404/2595/865
f 408/2596/866 406/2597/866 405/2598/866
f 406/2599/867 408/2600/867 409/2601/867
f 412/2602/868 406/2603/868 410/2604/868
f 413/2605/869 418/2606/869 411/2607/869
f 414/2608/870 413/2609/870 410/2610/870
f 413/2611/871 414/2612/871 415/2613/871
f 418/2614/872 413/2615/872 416/2616/872
f 419/2617/873 421/2618/873 1/2619/873
f 420/2620/874 419/2621/874 9/2622/874
f 419/2623/875 420/2624/875 63/2625/875
f 421/2626/876 419/2627/876 62/2628/876
f 422/2629/877 420/2630/877 8/2631/877
f 423/2632/878 422/2633/878 15/2634/878
f 422/2635/879 423/2636/879 69/2637/879
f 420/2638/880 422/2639/880 68/2640/880
f 424/2641/881 423/2642/881 14/2643/881
f 425/2644/882 424/2645/882 21/2646/882
f 424/2647/883 425/2648/883 22/2649/883
f 423/2650/884 424/2651/884 74/2652/884
f 426/2653/885 425/2654/885 20/2655/885
f 427/2656/886 426/2657/886 19/2658/886
f 426/2659/887 427/2660/887 25/2661/887
f 425/2662/888 426/2663/888 23/2664/888
f 429/2665/889 427/2666/889 18/2667/889
f 431/2668/890 429/2669/890 428/2670/890
f 429/2671/891 431/2672/891 27/2673/891
f 427/2674/892 429/2675/892 26/2676/892
f 433/2677/893 431/2678/893 430/2679/893
f 434/2680/894 433/2681/894 432/2682/894
f 433/2683/895 434/2684/895 33/2685/895
f 431/2686/896 433/2687/896 32/2688/896
f 435/2689/897 434/2690/897 40/2691/897
f 436/2692/898 435/2693/898 38/2694/898
f 435/2695/899 436/2696/899 35/2697/899
f 434/2698/900 435/2699/900 34/2700/900
f 437/2701/901 436/2702/901 37/2703/901
f 438/2704/902 437/2705/902 45/2706/902
f 437/2707/903 438/2708/903 88/2709/903
f 436/2710/904 437/2711/904 87/2712/904
f 439/2713/905 438/2714/905 44/2715/905
f 440/2716/906 439/2717/906 51/2718/906
f 439/2719/907 440/2720/907 94/2721/907
f 438/2722/908 439/2723/908 93/2724/908
f 441/2725/909 440/2726/909 50/2727/909
f 442/2728/910 441/2729/910 99/2730/910
f 441/2731/911 442/2732/911 96/2733/911
f 440/2734/912 441/2735/912 95/2736/912
f 443/2737/913 442/2738/913 98/2739/913
f 444/2740/914 443/2741/914 146/2742/914
f 443/2743/915 444/2744/915 143/2745/915
f 442/2746/916 443/2747/916 142/2748/916
f 445/2749/917 444/2750/917 145/2751/917
f 446/2752/918 445/2753/918 193/2754/918
f 445/2755/919 446/2756/919 447/2757/919
f 444/2758/920 445/2759/920 448/2760/920
f 449/2761/921 446/2762/921 192/2763/921
f 450/2764/922 449/2765/922 258/2766/922
f 449/2767/923 450/2768/923 313/2769/923
f 446/2770/924 449/2771/924 451/2772/924
f 452/2773/925 450/2774/925 257/2775/925
f 453/2776/926 452/2777/926 262/2778/926
f 452/2779/927 453/2780/927 315/2781/927
f 450/2782/928 452/2783/928 314/2784/928
f 455/2785/929 453/2786/929 261/2787/929
f 457/2788/930 455/2789/930 454/2790/930
f 455/2791/931 457/2792/931 317/2793/931
f 453/2794/932 455/2795/932 316/2796/932
f 459/2797/933 457/2798/933 456/2799/933
f 460/2800/934 459/2801/934 458/2802/934
f 459/2803/935 460/2804/935 365/2805/935
f 457/2806/936 459/2807/936 364/2808/936
f 461/2809/937 460/2810/937 415/2811/937
f 462/2812/938 461/2813/938 414/2814/938
f 461/2815/939 462/2816/939 361/2817/939
f 460/2818/940 461/2819/940 366/2820/940
f 463/2821/941 462/2822/941 409/2823/941
f 464/2824/942 463/2825/942 408/2826/942
f 463/2827/943 464/2828/943 356/2829/943
f 462/2830/944 463/2831/944 362/2832/944
f 465/2833/945 464/2834/945 407/2835/945
f 466/2836/946 465/2837/946 405/2838/946
f 465/2839/947 466/2840/947 402/2841/947
f 464/2842/948 465/2843/948 401/2844/948
f 468/2845/949 466/2846/949 404/2847/949
f 469/2848/950 468/2849/950 467/2850/950
f 468/2851/951 469/2852/951 398/2853/951
f 466/2854/952 468/2855/952 403/2856/952
f 470/2857/953 469/2858/953 396/2859/953
f 471/2860/954 470/2861/954 395/2862/954
f 470/2863/955 471/2864/955 350/2865/955
f 469/2866/956 470/2867/956 399/2868/956
f 472/2869/957 471/2870/957 394/2871/957
f 473/2872/958 472/2873/958 393/2874/958
f 472/2875/959 473/2876/959 343/2877/959
f 471/2878/960 472/2879/960 351/2880/960
f 474/2881/961 473/2882/961 388/2883/961
f 475/2884/962 474/2885/962 387/2886/962
f 474/2887/963 475/2888/963 335/2889/963
f 473/2890/964 474/2891/964 476/2892/964
f 477/2893/965 475/2894/965 386/2895/965
f 478/2896/966 477/2897/966 384/2898/966
f 477/2899/967 478/2900/967 381/2901/967
f 475/2902/968 477/2903/968 380/2904/968
f 480/2905/969 478/2906/969 383/2907/969
f 482/2908/970 480/2909/970 479/2910/970
f 480/2911/971 482/2912/971 377/2913/971
f 478/2914/972 480/2915/972 382/2916/972
f 484/2917/973 482/2918/973 481/2919/973
f 485/2920/974 484/2921/974 483/2922/974
f 484/2923/975 485/2924/975 373/2925/975
f 482/2926/976 484/2927/976 378/2928/976
f 486/2929/977 485/2930/977 371/2931/977
f 487/2932/978 486/2933/978 370/2934/978
f 486/2935/979 487/2936/979 325/2937/979
f 485/2938/980 486/2939/980 374/2940/980
f 488/2941/981 487/2942/981 323/2943/981
f 489/2944/982 488/2945/982 322/2946/982
f 488/2947/983 489/2948/983 269/2949/983
f 487/2950/984 488/2951/984 326/2952/984
f 490/2953/985 489/2954/985 267/2955/985
f 491/2956/986 490/2957/986 266/2958/986
f 490/2959/987 491/2960/987 272/2961/987
f 489/2962/988 490/2963/988 270/2964/988
f 492/2965/989 491/2966/989 202/2967/989
f 493/2968/990 492/2969/990 201/2970/990
f 492/2971/991 493/2972/991 160/2973/991
f 491/2974/992 492/2975/992 494/2976/992
f 495/2977/993 493/2978/993 158/2979/993
f 496/2980/994 495/2981/994 157/2982/994
f 495/2983/995 496/2984/995 108/2985/995
f 493/2986/996 495/2987/996 161/2988/996
f 497/2989/997 496/2990/997 156/2991/997
f 498/2992/998 497/2993/998 155/2994/998
f 497/2995/999 498/2996/999 104/2997/999
f 496/2998/1000 497/2999/1000 109/3000/1000
f 500/3001/1001 498/3002/1001 154/3003/1001
f 502/3004/1002 500/3005/1002 499/3006/1002
f 500/3007/1003 502/3008/1003 58/3009/1003
f 498/3010/1004 500/3011/1004 105/3012/1004
f 504/3013/1005 502/3014/1005 501/3015/1005
f 421/3016/1006 504/3017/1006 503/3018/1006
f 504/3019/1007 421/3020/1007 61/3021/1007
f 502/3022/1008 504/3023/1008 59/3024/1008
f 505/3025/1009 507/3026/1009 76/3027/1009
f 506/3028/1010 505/3029/1010 81/3030/1010
f 505/3031/1011 506/3032/1011 123/3033/1011
f 507/3034/1012 505/3035/1012 122/3036/1012
f 508/3037/1013 506/3038/1013 80/3039/1013
f 509/3040/1014 508/3041/1014 85/3042/1014
f 508/3043/1015 509/3044/1015 129/3045/1015
f 506/3046/1016 508/3047/1016 128/3048/1016
f 510/3049/1017 509/3050/1017 84/3051/1017
f 511/3052/1018 510/3053/1018 91/3054/1018
f 510/3055/1019 511/3056/1019 135/3057/1019
f 509/3058/1020 510/3059/1020 134/3060/1020
f 512/3061/1021 511/3062/1021 90/3063/1021
f 513/3064/1022 512/3065/1022 140/3066/1022
f 512/3067/1023 513/3068/1023 137/3069/1023
f 511/3070/1024 512/3071/1024 136/3072/1024
f 514/3073/1025 513/3074/1025 139/3075/1025
f 515/3076/1026 514/3077/1026 144/3078/1026
f 514/3079/1027 515/3080/1027 188/3081/1027
f 513/3082/1028 514/3083/1028 187/3084/1028
f 516/3085/1029 515/3086/1029 143/3087/1029
f 517/3088/1030 516/3089/1030 448/3090/1030
f 516/3091/1031 517/3092/1031 190/3093/1031
f 515/3094/1032 516/3095/1032 189/3096/1032
f 518/3097/1033 517/3098/1033 447/3099/1033
f 519/3100/1034 518/3101/1034 451/3102/1034
f 518/3103/1035 519/3104/1035 306/3105/1035
f 517/3106/1036 518/3107/1036 520/3108/1036
f 521/3109/1037 519/3110/1037 313/3111/1037
f 522/3112/1038 521/3113/1038 311/3114/1038
f 521/3115/1039 522/3116/1039 308/3117/1039
f 519/3118/1040 521/3119/1040 307/3120/1040
f 523/3121/1041 522/3122/1041 310/3123/1041
f 524/3124/1042 523/3125/1042 359/3126/1042
f 523/3127/1043 524/3128/1043 302/3129/1043
f 522/3130/1044 523/3131/1044 309/3132/1044
f 525/3133/1045 524/3134/1045 354/3135/1045
f 526/3136/1046 525/3137/1046 353/3138/1046
f 525/3139/1047 526/3140/1047 296/3141/1047
f 524/3142/1048 525/3143/1048 303/3144/1048
f 527/3145/1049 526/3146/1049 348/3147/1049
f 528/3148/1050 527/3149/1050 347/3150/1050
f 527/3151/1051 528/3152/1051 290/3153/1051
f 526/3154/1052 527/3155/1052 297/3156/1052
f 529/3157/1053 528/3158/1053 346/3159/1053
f 530/3160/1054 529/3161/1054 344/3162/1054
f 529/3163/1055 530/3164/1055 341/3165/1055
f 528/3166/1056 529/3167/1056 340/3168/1056
f 531/3169/1057 530/3170/1057 343/3171/1057
f 532/3172/1058 531/3173/1058 476/3174/1058
f 531/3175/1059 532/3176/1059 337/3177/1059
f 530/3178/1060 531/3179/1060 342/3180/1060
f 533/3181/1061 532/3182/1061 335/3183/1061
f 534/3184/1062 533/3185/1062 334/3186/1062
f 533/3187/1063 534/3188/1063 284/3189/1063
f 532/3190/1064 533/3191/1064 338/3192/1064
f 535/3193/1065 534/3194/1065 333/3195/1065
f 536/3196/1066 535/3197/1066 332/3198/1066
f 535/3199/1067 536/3200/1067 278/3201/1067
f 534/3202/1068 535/3203/1068 285/3204/1068
f 537/3205/1069 536/3206/1069 276/3207/1069
f 538/3208/1070 537/3209/1070 275/3210/1070
f 537/3211/1071 538/3212/1071 210/3213/1071
f 536/3214/1072 537/3215/1072 279/3216/1072
f 539/3217/1073 538/3218/1073 274/3219/1073
f 540/3220/1074 539/3221/1074 273/3222/1074
f 539/3223/1075 540/3224/1075 204/3225/1075
f 538/3226/1076 539/3227/1076 211/3228/1076
f 541/3229/1077 540/3230/1077 272/3231/1077
f 542/3232/1078 541/3233/1078 494/3234/1078
f 541/3235/1079 542/3236/1079 207/3237/1079
f 540/3238/1080 541/3239/1080 205/3240/1080
f 543/3241/1081 542/3242/1081 160/3243/1081
f 544/3244/1082 543/3245/1082 165/3246/1082
f 543/3247/1083 544/3248/1083 166/3249/1083
f 542/3250/1084 543/3251/1084 208/3252/1084
f 545/3253/1085 544/3254/1085 164/3255/1085
f 546/3256/1086 545/3257/1086 163/3258/1086
f 545/3259/1087 546/3260/1087 169/3261/1087
f 544/3262/1088 545/3263/1088 167/3264/1088
f 547/3265/1089 546/3266/1089 112/3267/1089
f 548/3268/1090 547/3269/1090 117/3270/1090
f 547/3271/1091 548/3272/1091 118/3273/1091
f 546/3274/1092 547/3275/1092 170/3276/1092
f 549/3277/1093 548/3278/1093 116/3279/1093
f 507/3280/1094 549/3281/1094 115/3282/1094
f 549/3283/1095 507/3284/1095 121/3285/1095
f 548/3286/1096 549/3287/1096 119/3288/1096
f 550/3289/1097 552/3290/1097 166/3291/1097
f 551/3292/1098 550/3293/1098 173/3294/1098
f 550/3295/1099 551/3296/1099 217/3297/1099
f 552/3298/1100 550/3299/1100 216/3300/1100
f 553/3301/1101 551/3302/1101 172/3303/1101
f 554/3304/1102 553/3305/1102 177/3306/1102
f 553/3307/1103 554/3308/1103 555/3309/1103
f 551/3310/1104 553/3311/1104 556/3312/1104
f 557/3313/1105 554/3314/1105 176/3315/1105
f 558/3316/1106 557/3317/1106 181/3318/1106
f 557/3319/1107 558/3320/1107 559/3321/1107
f 554/3322/1108 557/3323/1108 560/3324/1108
f 561/3325/1109 558/3326/1109 180/3327/1109
f 562/3328/1110 561/3329/1110 185/3330/1110
f 561/3331/1111 562/3332/1111 251/3333/1111
f 558/3334/1112 561/3335/1112 563/3336/1112
f 564/3337/1113 562/3338/1113 184/3339/1113
f 565/3340/1114 564/3341/1114 191/3342/1114
f 564/3343/1115 565/3344/1115 253/3345/1115
f 562/3346/1116 564/3347/1116 252/3348/1116
f 566/3349/1117 565/3350/1117 190/3351/1117
f 567/3352/1118 566/3353/1118 520/3354/1118
f 566/3355/1119 567/3356/1119 255/3357/1119
f 565/3358/1120 566/3359/1120 254/3360/1120
f 568/3361/1121 567/3362/1121 306/3363/1121
f 569/3364/1122 568/3365/1122 305/3366/1122
f 568/3367/1123 569/3368/1123 248/3369/1123
f 567/3370/1124 568/3371/1124 256/3372/1124
f 570/3373/1125 569/3374/1125 300/3375/1125
f 571/3376/1126 570/3377/1126 299/3378/1126
f 570/3379/1127 571/3380/1127 572/3381/1127
f 569/3382/1128 570/3383/1128 573/3384/1128
f 574/3385/1129 571/3386/1129 294/3387/1129
f 575/3388/1130 574/3389/1130 293/3390/1130
f 574/3391/1131 575/3392/1131 576/3393/1131
f 571/3394/1132 574/3395/1132 577/3396/1132
f 578/3397/1133 575/3398/1133 288/3399/1133
f 579/3400/1134 578/3401/1134 287/3402/1134
f 578/3403/1135 579/3404/1135 219/3405/1135
f 575/3406/1136 578/3407/1136 580/3408/1136
f 581/3409/1137 579/3410/1137 282/3411/1137
f 582/3412/1138 581/3413/1138 281/3414/1138
f 581/3415/1139 582/3416/1139 212/3417/1139
f 579/3418/1140 581/3419/1140 220/3420/1140
f 583/3421/1141 582/3422/1141 210/3423/1141
f 552/3424/1142 583/3425/1142 209/3426/1142
f 583/3427/1143 552/3428/1143 215/3429/1143
f 582/3430/1144 583/3431/1144 213/3432/1144
f 584/3433/1145 589/3434/1145 219/3435/1145
f 585/3436/1146 584/3437/1146 218/3438/1146
f 584/3439/1147 585/3440/1147 586/3441/1147
f 589/3442/1148 584/3443/1148 587/3444/1148
f 590/3445/1149 585/3446/1149 217/3447/1149
f 591/3448/1150 590/3449/1150 556/3450/1150
f 590/3451/1151 591/3452/1151 592/3453/1151
f 585/3454/1152 590/3455/1152 593/3456/1152
f 594/3457/1153 599/3458/1153 559/3459/1153
f 595/3460/1154 594/3461/1154 563/3462/1154
f 594/3463/1155 595/3464/1155 596/3465/1155
f 599/3466/1156 594/3467/1156 597/3468/1156
f 600/3469/1157 595/3470/1157 251/3471/1157
f 601/3472/1158 600/3473/1158 249/3474/1158
f 600/3475/1159 601/3476/1159 602/3477/1159
f 595/3478/1160 600/3479/1160 603/3480/1160
f 604/3481/1161 601/3482/1161 248/3483/1161
f 605/3484/1162 604/3485/1162 573/3486/1162
f 604/3487/1163 605/3488/1163 606/3489/1163
f 601/3490/1164 604/3491/1164 607/3492/1164
f 608/3493/1165 611/3494/1165 576/3495/1165
f 589/3496/1166 608/3497/1166 580/3498/1166
f 608/3499/1167 589/3500/1167 588/3501/1167
f 611/3502/1168 608/3503/1168 609/3504/1168
f 612/3505/1169 614/3506/1169 228/3507/1169
f 613/3508/1170 612/3509/1170 227/3510/1170
f 612/3511/1171 613/3512/1171 233/3513/1171
f 614/3514/1172 612/3515/1172 231/3516/1172
f 616/3517/1173 613/3518/1173 226/3519/1173
f 617/3520/1174 616/3521/1174 615/3522/1174
f 616/3523/1175 617/3524/1175 235/3525/1175
f 613/3526/1176 616/3527/1176 234/3528/1176
f 618/3529/1177 617/3530/1177 242/3531/1177
f 619/3532/1178 618/3533/1178 240/3534/1178
f 618/3535/1179 619/3536/1179 237/3537/1179
f 617/3538/1180 618/3539/1180 236/3540/1180
f 621/3541/1181 619/3542/1181 239/3543/1181
f 614/3544/1182 621/3545/1182 620/3546/1182
f 621/3547/1183 614/3548/1183 230/3549/1183
f 619/3550/1184 621/3551/1184 238/3552/1184
f 623/3553/1185 587/3554/1185 586/3555/1185
f 222/3556/1186 623/3557/1186 622/3558/1186
f 623/3559/1187 222/3560/1187 221/3561/1187
f 587/3562/1188 623/3563/1188 624/3564/1188
f 626/3565/1189 593/3566/1189 592/3567/1189
f 225/3568/1190 626/3569/1190 625/3570/1190
f 626/3571/1191 225/3572/1191 224/3573/1191
f 593/3574/1192 626/3575/1192 622/3576/1192
f 628/3577/1193 629/3578/1193 598/3579/1193
f 615/3580/1194 628/3581/1194 627/3582/1194
f 628/3583/1195 615/3584/1195 226/3585/1195
f 629/3586/1196 628/3587/1196 625/3588/1196
f 631/3589/1197 597/3590/1197 596/3591/1197
f 243/3592/1198 631/3593/1198 630/3594/1198
f 631/3595/1199 243/3596/1199 242/3597/1199
f 597/3598/1200 631/3599/1200 627/3600/1200
f 633/3601/1201 603/3602/1201 602/3603/1201
f 245/3604/1202 633/3605/1202 632/3606/1202
f 633/3607/1203 245/3608/1203 244/3609/1203
f 603/3610/1204 633/3611/1204 630/3612/1204
f 635/3613/1205 607/3614/1205 606/3615/1205
f 247/3616/1206 635/3617/1206 634/3618/1206
f 635/3619/1207 247/3620/1207 246/3621/1207
f 607/3622/1208 635/3623/1208 632/3624/1208
f 637/3625/1209 638/3626/1209 610/3627/1209
f 620/3628/1210 637/3629/1210 636/3630/1210
f 637/3631/1211 620/3632/1211 239/3633/1211
f 638/3634/1212 637/3635/1212 634/3636/1212
f 639/3637/1213 609/3638/1213 588/3639/1213
f 229/3640/1214 639/3641/1214 624/3642/1214
f 639/3643/1215 229/3644/1215 228/3645/1215
f 609/3646/1216 639/3647/1216 636/3648/1216
f 640/3649/1217 642/3650/1217 555/3651/1217
f 641/3652/1218 640/3653/1218 560/3654/1218
f 640/3655/1219 641/3656/1219 572/3657/1219
f 642/3658/1220 640/3659/1220 577/3660/1220
f 643/3661/1221 641/3662/1221 559/3663/1221
f 644/3664/1222 643/3665/1222 599/3666/1222
f 643/3667/1223 644/3668/1223 606/3669/1223
f 641/3670/1224 643/3671/1224 605/3672/1224
f 645/3673/1225 644/3674/1225 598/3675/1225
f 646/3676/1226 645/3677/1226 629/3678/1226
f 645/3679/1227 646/3680/1227 610/3681/1227
f 644/3682/1228 645/3683/1228 638/3684/1228
f 647/3685/1229 646/3686/1229 592/3687/1229
f 642/3688/1230 647/3689/1230 591/3690/1230
f 647/3691/1231 642/3692/1231 576/3693/1231
f 646/3694/1232 647/3695/1232 611/3696/1232