mtllib Mountain_desert_005.mtl
o Mountain_desert_005
usemtl Material_25.004
v 1086.1112060546875 1108.7384033203125 -926.3887329101562
v 1114.0626220703125 1118.179931640625 -1006.2498779296875
v 1006.2501220703125 1183.7548828125 -1006.2498779296875
v 1114.0626220703125 1118.179931640625 -1006.2498779296875
v 1086.1112060546875 1114.1796875 -1086.111083984375
v 1006.2501831054688 1158.8551025390625 -1114.0623779296875
v 862.5001831054688 1201.56396484375 -1114.0623779296875
v 862.5001220703125 1232.5650634765625 -1006.2498779296875
v 1006.2501220703125 1183.7548828125 -1006.2498779296875
v 862.5001220703125 1232.5650634765625 -1006.2498779296875
v 862.5001220703125 1183.1998291015625 -898.4375
v 1006.2501220703125 1146.6123046875 -898.4375
v 862.5001220703125 1183.1998291015625 -898.4375
v 862.5001220703125 1232.5650634765625 -1006.2498779296875
v 718.7501220703125 1248.835205078125 -1006.2498779296875
v 862.5001220703125 1232.5650634765625 -1006.2498779296875
v 862.5001831054688 1201.56396484375 -1114.0623779296875
v 718.7501831054688 1215.80029296875 -1114.0623779296875
v 638.8890991210938 1190.1068115234375 -1086.111083984375
v 610.9376220703125 1215.8004150390625 -1006.2498779296875
v 718.7501220703125 1248.835205078125 -1006.2498779296875
v 610.9376220703125 1215.8004150390625 -1006.2498779296875
v 638.8890380859375 1184.66552734375 -926.3888549804688
v 718.7501220703125 1203.5576171875 -898.4375
v 539.0626220703125 70.50413513183594 -862.4998779296875
v 539.0626220703125 70.5041275024414 -1006.2498779296875
v 431.2501525878906 -0.000043984582589473575 -1006.2498779296875
v 539.0626220703125 70.5041275024414 -1006.2498779296875
v 575.0001831054688 -0.00005026809230912477 -1149.999755859375
v 431.25018310546875 -0.00005026809230912477 -1149.999755859375
v 287.5001525878906 -0.000050268095947103575 -1150
v 287.5001525878906 -0.000043984582589473575 -1006.2498779296875
v 431.2501525878906 -0.000043984582589473575 -1006.2498779296875
v 287.5001525878906 -0.000043984582589473575 -1006.2498779296875
v 287.5001220703125 -0.000037701069231843576 -862.4998779296875
v 431.2500915527344 -0.000037701069231843576 -862.4998779296875
v 287.5001220703125 -0.000037701069231843576 -862.4998779296875
v 287.5001525878906 -0.000043984582589473575 -1006.2498779296875
v 143.75015258789062 -0.00004398458622745238 -1006.25
v 287.5001525878906 -0.000043984582589473575 -1006.2498779296875
v 287.5001525878906 -0.000050268095947103575 -1150
v 143.7501678466797 -0.000050268095947103575 -1150
v 0.0001736451667966321 -0.000050268095947103575 -1150
v 0.00015193953004200011 208.34368896484375 -1006.25
v 143.75015258789062 -0.00004398458622745238 -1006.25
v 0.00015193953004200011 208.34368896484375 -1006.25
v 0.0001302338787354529 208.34368896484375 -862.5
v 143.75013732910156 208.34368896484375 -862.5
v 0.0001302338787354529 208.34368896484375 -862.5
v 0.00015193953004200011 208.34368896484375 -1006.25
v -143.74984741210938 208.34368896484375 -1006.25
v 0.00015193953004200011 208.34368896484375 -1006.25
v 0.0001736451667966321 -0.000050268095947103575 -1150
v -143.7498321533203 -0.000050268095947103575 -1150
v -287.49981689453125 -0.000050268095947103575 -1150
v -287.4998474121094 -0.00004398458622745238 -1006.25
v -143.74984741210938 208.34368896484375 -1006.25
v -287.4998474121094 -0.00004398458622745238 -1006.25
v -287.4998779296875 208.34368896484375 -862.5
v -143.74986267089844 -0.000037701069231843576 -862.5
v -287.4998779296875 208.34368896484375 -862.5
v -287.4998474121094 -0.00004398458622745238 -1006.25
v -431.2498474121094 -0.00004398458622745238 -1006.25
v -287.4998474121094 -0.00004398458622745238 -1006.25
v -287.49981689453125 -0.000050268095947103575 -1150
v -431.24981689453125 -0.00005026810322306119 -1150.0001220703125
v -574.9998168945312 -0.00005026810322306119 -1150.0001220703125
v -539.0623779296875 70.5041275024414 -1006.25
v -431.2498474121094 -0.00004398458622745238 -1006.25
v -539.0623779296875 70.5041275024414 -1006.25
v -539.0623779296875 70.50413513183594 -862.5
v -431.2498474121094 -0.00003770107286982238 -862.5
v -638.8887939453125 1225.26220703125 -926.3890380859375
v -610.9373779296875 1299.5267333984375 -1006.2501831054688
v -718.7498779296875 1344.5224609375 -1006.2501831054688
v -610.9373779296875 1299.5267333984375 -1006.2501831054688
v -638.8887329101562 1301.741943359375 -1086.1112060546875
v -718.7498168945312 1359.3314208984375 -1114.062744140625
v -798.6109008789062 1299.685791015625 -1086.1112060546875
v -826.5623779296875 1294.9002685546875 -1006.2501831054688
v -718.7498779296875 1344.5224609375 -1006.2501831054688
v -826.5623779296875 1294.9002685546875 -1006.2501831054688
v -798.611083984375 1214.9808349609375 -926.3890380859375
v -718.7498779296875 1235.095703125 -898.4376831054688
v -863.3276977539062 920.257080078125 -885.5001220703125
v -898.4373779296875 997.1668090820312 -1006.2501220703125
v -1006.2498168945312 947.5445556640625 -1006.2501220703125
v -898.4373779296875 997.1668090820312 -1006.2501220703125
v -862.4998168945312 980.2717895507812 -1127.0001220703125
v -1006.2498168945312 922.7384643554688 -1114.0626220703125
v -1088.41064453125 873.5014038085938 -1086.1112060546875
v -1119.236572265625 892.3781127929688 -1006.2501831054688
v -1006.2498168945312 947.5445556640625 -1006.2501220703125
v -1119.236572265625 892.3781127929688 -1006.2501831054688
v -1099.908935546875 828.6526489257812 -926.3890380859375
v -1011.424072265625 869.245361328125 -898.4376831054688
v 1150.0001220703125 -0.00002513403887860477 -574.9998168945312
v 1150.0001220703125 -0.00003141755223623477 -718.7498168945312
v 1006.2501220703125 -0.00003141755223623477 -718.7498779296875
v 1150.0001220703125 -0.00003141755223623477 -718.7498168945312
v 1150.0001220703125 -0.00003770106195588596 -862.4998168945312
v 1006.2501220703125 70.50413513183594 -826.5623779296875
v 926.388916015625 125.34071350097656 -798.6110229492188
v 898.4376220703125 70.50414276123047 -718.7498779296875
v 1006.2501220703125 -0.00003141755223623477 -718.7498779296875
v 898.4376220703125 70.50414276123047 -718.7498779296875
v 926.388916015625 118.32101440429688 -638.8887939453125
v 1006.2501220703125 54.70980453491211 -610.9373779296875
v 798.6111450195312 776.8406982421875 -638.8888549804688
v 826.5626220703125 785.077392578125 -718.7498779296875
v 718.7501220703125 886.6143188476562 -718.7498779296875
v 826.5626220703125 785.077392578125 -718.7498779296875
v 862.5001220703125 831.6770629882812 -839.4998779296875
v 718.7501220703125 931.8919067382812 -826.5623779296875
v 598.0001220703125 958.3453979492188 -862.4998779296875
v 610.9376220703125 907.5059204101562 -718.7498779296875
v 718.7501220703125 886.6143188476562 -718.7498779296875
v 610.9376220703125 907.5059204101562 -718.7498779296875
v 638.8889770507812 853.0185546875 -638.8888549804688
v 718.7500610351562 846.2916259765625 -610.9373779296875
v 511.1111755371094 125.3407211303711 -638.8888549804688
v 539.0626220703125 70.50414276123047 -718.7498779296875
v 431.2500915527344 -0.000031417555874213576 -718.7498779296875
v 539.0626220703125 70.50414276123047 -718.7498779296875
v 539.0626220703125 70.50413513183594 -862.4998779296875
v 431.2500915527344 -0.000037701069231843576 -862.4998779296875
v 287.5001220703125 -0.000037701069231843576 -862.4998779296875
v 287.5001220703125 -0.000031417555874213576 -718.7498779296875
v 431.2500915527344 -0.000031417555874213576 -718.7498779296875
v 287.5001220703125 -0.000031417555874213576 -718.7498779296875
v 287.5000915527344 70.504150390625 -610.9373779296875
v 431.2500915527344 70.504150390625 -610.9373779296875
v 287.5000915527344 70.504150390625 -610.9373779296875
v 287.5001220703125 -0.000031417555874213576 -718.7498779296875
v 143.75010681152344 -0.000031417559512192383 -718.75
v 287.5001220703125 -0.000031417555874213576 -718.7498779296875
v 287.5001220703125 -0.000037701069231843576 -862.4998779296875
v 143.75013732910156 208.34368896484375 -862.5
v 0.0001302338787354529 208.34368896484375 -862.5
v 0.00010852822742890567 -0.000031417559512192383 -718.75
v 143.75010681152344 -0.000031417559512192383 -718.75
v 0.00010852822742890567 -0.000031417559512192383 -718.75
v 0.00009224899258697405 67.97418212890625 -610.9375
v 143.7500762939453 70.504150390625 -610.9375
v 0.00009224899258697405 67.97418212890625 -610.9375
v 0.00010852822742890567 -0.000031417559512192383 -718.75
v -143.74989318847656 -0.000031417559512192383 -718.75
v 0.00010852822742890567 -0.000031417559512192383 -718.75
v 0.0001302338787354529 208.34368896484375 -862.5
v -143.74986267089844 -0.000037701069231843576 -862.5
v -287.4998779296875 208.34368896484375 -862.5
v -287.4998779296875 208.34371948242188 -718.7500610351562
v -143.74989318847656 -0.000031417559512192383 -718.75
v -287.4998779296875 208.34371948242188 -718.7500610351562
v -287.4999084472656 52.794456481933594 -610.9375610351562
v -143.74990844726562 60.38432312011719 -610.9375
v -287.4999084472656 52.794456481933594 -610.9375610351562
v -287.4998779296875 208.34371948242188 -718.7500610351562
v -431.2498474121094 -0.00003141756315017119 -718.7500610351562
v -287.4998779296875 208.34371948242188 -718.7500610351562
v -287.4998779296875 208.34368896484375 -862.5
v -431.2498474121094 -0.00003770107286982238 -862.5
v -539.0623779296875 70.50413513183594 -862.5
v -539.0623779296875 70.50414276123047 -718.7500610351562
v -431.2498474121094 -0.00003141756315017119 -718.7500610351562
v -539.0623779296875 70.50414276123047 -718.7500610351562
v -575 54.79937744140625 -575.0001220703125
v -431.2499084472656 50.264495849609375 -610.9375610351562
v -638.8887939453125 438.6925354003906 -638.8890380859375
v -610.9373779296875 493.52911376953125 -718.7501220703125
v -718.7498779296875 564.0333251953125 -718.7501220703125
v -610.9373779296875 493.52911376953125 -718.7501220703125
v -597.9998779296875 551.8123168945312 -862.5
v -718.7498779296875 611.9722290039062 -826.5626220703125
v -871.5547485351562 595.8541259765625 -826.5626220703125
v -872.8483276367188 549.5783081054688 -718.7501220703125
v -718.7498779296875 564.0333251953125 -718.7501220703125
v -872.8483276367188 549.5783081054688 -718.7501220703125
v -871.5547485351562 480.8809814453125 -610.9376220703125
v -718.7498779296875 493.52911376953125 -610.9376220703125
v -871.5547485351562 480.8809814453125 -610.9376220703125
v -872.8483276367188 549.5783081054688 -718.7501220703125
v -1047.6436767578125 506.213134765625 -718.7501831054688
v -872.8483276367188 549.5783081054688 -718.7501220703125
v -871.5547485351562 595.8541259765625 -826.5626220703125
v -1042.469482421875 556.7529907226562 -826.5626831054688
v -1185.7791748046875 465.2661437988281 -862.5001831054688
v -1176.1531982421875 406.798828125 -718.7501831054688
v -1047.6436767578125 506.213134765625 -718.7501831054688
v -1176.1531982421875 406.798828125 -718.7501831054688
v -1134.4036865234375 371.2357177734375 -638.8890991210938
v -1042.469482421875 442.9365234375 -610.9376831054688
v 1086.111083984375 291.27874755859375 -351.38873291015625
v 1114.0626220703125 303.9970703125 -431.24981689453125
v 1006.25 437.6786193847656 -431.2498474121094
v 1114.0626220703125 303.9970703125 -431.24981689453125
v 1086.1112060546875 291.27874755859375 -511.1109313964844
v 1006.25 382.9687805175781 -539.0623779296875
v 863.3875732421875 534.2538452148438 -574.9998779296875
v 870.4883422851562 532.4446411132812 -431.2498474121094
v 1006.25 437.6786193847656 -431.2498474121094
v 870.4883422851562 532.4446411132812 -431.2498474121094
v 874.482421875 465.8890686035156 -323.4374084472656
v 1006.25 382.9687805175781 -323.4373474121094
v 874.482421875 465.8890686035156 -323.4374084472656
v 870.4883422851562 532.4446411132812 -431.2498474121094
v 750.703125 564.0333862304688 -431.2499084472656
v 870.4883422851562 532.4446411132812 -431.2498474121094
v 863.3875732421875 534.2538452148438 -574.9998779296875
v 726.73828125 604.35595703125 -539.0623779296875
v 580.3255615234375 554.7001953125 -575.0000610351562
v 622.9296264648438 564.0333862304688 -431.24993896484375
v 750.703125 564.0333862304688 -431.2499084472656
v 622.9296264648438 564.0333862304688 -431.24993896484375
v 670.8592529296875 559.6495361328125 -287.49993896484375
v 766.6796264648438 493.5291748046875 -323.4374084472656
v 670.8592529296875 559.6495361328125 -287.49993896484375
v 622.9296264648438 564.0333862304688 -431.24993896484375
v 463.2030944824219 564.0333862304688 -431.25
v 622.9296264648438 564.0333862304688 -431.24993896484375
v 580.3255615234375 554.7001953125 -575.0000610351562
v 439.2383117675781 493.5291748046875 -539.0623779296875
v 288.7782287597656 557.7206420898438 -552
v 331.42584228515625 648.8992919921875 -431.25
v 463.2030944824219 564.0333862304688 -431.25
v 331.42584228515625 648.8992919921875 -431.25
v 372.69097900390625 743.61767578125 -351.3888244628906
v 479.1796569824219 648.8992919921875 -323.43743896484375
v 251.5625 2102.600830078125 -287.50006103515625
v 251.56253051757812 2026.341796875 -431.25006103515625
v 143.7500457763672 2105.216064453125 -431.25006103515625
v 251.56253051757812 2026.341796875 -431.25006103515625
v 223.6111602783203 1865.3974609375 -511.1111145019531
v 143.7500762939453 1936.22607421875 -539.0626220703125
v 63.88896560668945 1825.345947265625 -511.1111755371094
v 35.93757247924805 1936.22607421875 -431.2500915527344
v 143.7500457763672 2105.216064453125 -431.25006103515625
v 35.93757247924805 1936.22607421875 -431.2500915527344
v -2.0869808197021484 1971.0035400390625 -287.5000915527344
v 143.75001525878906 2139.9052734375 -287.50006103515625
v -98.67259979248047 1217.378173828125 -351.3888854980469
v -48.98133850097656 1118.85791015625 -431.25006103515625
v -195.92559814453125 984.5570678710938 -431.25006103515625
v -48.98133850097656 1118.85791015625 -431.25006103515625
v -2.086933135986328 1035.2484130859375 -552.0000610351562
v -156.79383850097656 921.871826171875 -539.0625610351562
v -258.394775390625 864.1211547851562 -511.1111755371094
v -329.825927734375 921.871826171875 -431.25006103515625
v -195.92559814453125 984.5570678710938 -431.25006103515625
v -329.825927734375 921.871826171875 -431.25006103515625
v -412.6788635253906 1020.2901000976562 -287.50006103515625
v -222.01344299316406 1105.5020751953125 -323.4375
v -346.2643127441406 598.88916015625 -287.50006103515625
v -336.4813537597656 545.760009765625 -431.2500915527344
v -431.24993896484375 483.07476806640625 -431.25006103515625
v -336.4813537597656 545.760009765625 -431.2500915527344
v -289.5869445800781 437.59130859375 -552.0000610351562
v -431.24993896484375 372.09124755859375 -539.0625610351562
v -511.111083984375 344.24090576171875 -511.1111755371094
v -539.0623779296875 422.6904296875 -431.2500915527344
v -431.24993896484375 483.07476806640625 -431.25006103515625
v -539.0623779296875 422.6904296875 -431.2500915527344
v -539.0623779296875 475.8194885253906 -287.5001220703125
v -431.24993896484375 543.793701171875 -287.50006103515625
v -610.9373779296875 67.97421264648438 -287.5000915527344
v -610.9373779296875 60.38432693481445 -431.2500915527344
v -718.7498779296875 -0.000018850541891879402 -431.2500915527344
v -610.9373779296875 60.38432693481445 -431.2500915527344
v -575 54.79937744140625 -575.0001220703125
v -718.7498779296875 70.504150390625 -539.0626220703125
v -863.79345703125 68.69727325439453 -539.0626220703125
v -862.4998779296875 -0.000018850541891879402 -431.2500915527344
v -718.7498779296875 -0.000018850541891879402 -431.2500915527344
v -862.4998779296875 -0.000018850541891879402 -431.2500915527344
v -862.4998779296875 250.69918823242188 -287.5000915527344
v -718.7498779296875 -0.000012567029443744104 -287.5001220703125
v -862.4998779296875 250.69918823242188 -287.5000915527344
v -862.4998779296875 -0.000018850541891879402 -431.2500915527344
v -1006.2498779296875 -0.000018850541891879402 -431.2501525878906
v -862.4998779296875 -0.000018850541891879402 -431.2500915527344
v -863.79345703125 68.69727325439453 -539.0626220703125
v -1011.424072265625 63.27662658691406 -539.0626831054688
v -1149.999755859375 -0.000025134057068498805 -575.0001831054688
v -1149.999755859375 -0.000018850543710868806 -431.25018310546875
v -1006.2498779296875 -0.000018850541891879402 -431.2501525878906
v -1149.999755859375 -0.000018850543710868806 -431.25018310546875
v -1150 -0.000012567031262733508 -287.5001525878906
v -1006.2498779296875 250.69918823242188 -287.5001525878906
v 1150 7.590271293433926e-12 0.0001736451667966321
v 1150 -0.000006283504717430333 -143.7498321533203
v 1006.25 -0.000006283504717430333 -143.74984741210938
v 1150 -0.000006283504717430333 -143.7498321533203
v 1150 -0.000012567015801323578 -287.49981689453125
v 1006.25 54.709815979003906 -251.5623321533203
v 864.4970703125 66.55557250976562 -251.56236267089844
v 862.5 -0.0000062835056269250344 -143.74986267089844
v 1006.25 -0.000006283504717430333 -143.74984741210938
v 862.5 -0.0000062835056269250344 -143.74986267089844
v 862.5 148.19676208496094 0.0001237559918081388
v 1006.25 148.19676208496094 0.000145461643114686
v 862.5 148.19676208496094 0.0001237559918081388
v 862.5 -0.0000062835056269250344 -143.74986267089844
v 718.75 -0.000006283506991167087 -143.74989318847656
v 862.5 -0.0000062835056269250344 -143.74986267089844
v 864.4970703125 66.55557250976562 -251.56236267089844
v 726.73828125 70.50415802001953 -251.5623779296875
v 663.7413330078125 125.34073638916016 -223.61102294921875
v 626.9140625 70.50416564941406 -143.74990844726562
v 718.75 -0.000006283506991167087 -143.74989318847656
v 626.9140625 70.50416564941406 -143.74990844726562
v 624.9169921875 70.5041732788086 0.00009032433445099741
v 718.75 148.19676208496094 0.00010205035505350679
v 447.548095703125 988.5174560546875 0.000050787970394594595
v 555.0390625 996.592529296875 -143.74996948242188
v 431.25 1242.9609375 -143.75
v 555.0390625 996.592529296875 -143.74996948242188
v 535.9635620117188 991.5977783203125 -223.61109924316406
v 439.2382507324219 1158.094970703125 -251.56246948242188
v 311.7781066894531 1416.751708984375 -287.5
v 323.4375305175781 1529.58984375 -143.75003051757812
v 431.25 1242.9609375 -143.75
v 323.4375305175781 1529.58984375 -143.75003051757812
v 334.608154296875 1475.9522705078125 -0.000013770869372820016
v 442.4206237792969 1210.660400390625 0.000019826682546408847
v 251.5625 2086.5283203125 -0.00005322016659192741
v 251.56246948242188 2128.020263671875 -143.75006103515625
v 143.75 2151.4677734375 -143.7500762939453
v 251.56246948242188 2128.020263671875 -143.75006103515625
v 251.5625 2102.600830078125 -287.50006103515625
v 143.75001525878906 2139.9052734375 -287.50006103515625
v -2.0869808197021484 1971.0035400390625 -287.5000915527344
v 0.000017890948583954014 2055.37841796875 -143.75009155273438
v 143.75 2151.4677734375 -143.7500762939453
v 0.000017890948583954014 2055.37841796875 -143.75009155273438
v -2.087026357650757 1960.7171630859375 -0.00007886824460001662
v 143.75 2121.53662109375 -0.00006721496902173385
v -2.087026357650757 1960.7171630859375 -0.00007886824460001662
v 0.000017890948583954014 2055.37841796875 -143.75009155273438
v -143.75 1952.1175537109375 -143.75006103515625
v 0.000017890948583954014 2055.37841796875 -143.75009155273438
v -2.0869808197021484 1971.0035400390625 -287.5000915527344
v -156.79391479492188 1831.172607421875 -251.5625762939453
v -264.19219970703125 1695.5526123046875 -223.6111602783203
v -277.6502990722656 1764.3934326171875 -143.7500762939453
v -143.75 1952.1175537109375 -143.75006103515625
v -277.6502990722656 1764.3934326171875 -143.7500762939453
v -264.19219970703125 1695.5526123046875 -63.88896179199219
v -156.79391479492188 1831.172607421875 -35.93758010864258
v -302.109130859375 583.2125854492188 1.5843312740325928
v -349.5252990722656 616.5988159179688 -143.75003051757812
v -431.24993896484375 564.0333862304688 -143.7500762939453
v -349.5252990722656 616.5988159179688 -143.75003051757812
v -346.2643127441406 598.88916015625 -287.50006103515625
v -431.24993896484375 543.793701171875 -287.50006103515625
v -539.0623779296875 475.8194885253906 -287.5001220703125
v -539.0625 493.5291748046875 -143.75009155273438
v -431.24993896484375 564.0333862304688 -143.7500762939453
v -539.0625 493.5291748046875 -143.75009155273438
v -539.0625 470.93133544921875 -0.0001010275591397658
v -431.25 538.207275390625 -0.00007719863060628995
v -610.9375 67.27590942382812 -0.00009518972365185618
v -610.9375 70.50416564941406 -143.7500762939453
v -718.75 -0.000006283516086114105 -143.75010681152344
v -610.9375 70.50416564941406 -143.7500762939453
v -610.9373779296875 67.97421264648438 -287.5000915527344
v -718.7498779296875 -0.000012567029443744104 -287.5001220703125
v -862.4998779296875 250.69918823242188 -287.5000915527344
v -862.5 250.69920349121094 -143.75013732910156
v -718.75 -0.000006283516086114105 -143.75010681152344
v -862.5 250.69920349121094 -143.75013732910156
v -862.5 250.69920349121094 -0.00014119228580966592
v -718.75 -4.743919666816421e-12 -0.00010852822742890567
v -862.5 250.69920349121094 -0.00014119228580966592
v -862.5 250.69920349121094 -143.75013732910156
v -1006.25 -0.000006283518359850859 -143.75015258789062
v -862.5 250.69920349121094 -143.75013732910156
v -862.4998779296875 250.69918823242188 -287.5000915527344
v -1006.2498779296875 250.69918823242188 -287.5001525878906
v -1150 -0.000012567031262733508 -287.5001525878906
v -1150 -0.000006283519269345561 -143.7501678466797
v -1006.25 -0.000006283518359850859 -143.75015258789062
v -1150 -0.000006283519269345561 -143.7501678466797
v -1150 -7.590271293433926e-12 -0.0001736451667966321
v -1006.25 -6.641487707015337e-12 -0.00015193953004200011
v 1150 0.000012567031262733508 287.5001525878906
v 1150 0.000006283519269345561 143.7501678466797
v 1006.25 148.19677734375 143.75013732910156
v 1150 0.000006283519269345561 143.7501678466797
v 1150 7.590271293433926e-12 0.0001736451667966321
v 1006.25 148.19676208496094 0.000145461643114686
v 862.5 148.19676208496094 0.0001237559918081388
v 862.5 0.000006283517905103508 143.75013732910156
v 1006.25 148.19677734375 143.75013732910156
v 862.5 0.000006283517905103508 143.75013732910156
v 862.4998779296875 148.19677734375 287.5001220703125
v 1006.2498779296875 0.000012567031262733508 287.5001525878906
v 862.4998779296875 148.19677734375 287.5001220703125
v 862.5 0.000006283517905103508 143.75013732910156
v 718.75 0.000006283516086114105 143.75010681152344
v 862.5 0.000006283517905103508 143.75013732910156
v 862.5 148.19676208496094 0.0001237559918081388
v 718.75 148.19676208496094 0.00010205035505350679
v 624.9169921875 70.5041732788086 0.00009032433445099741
v 618.92578125 70.5041732788086 143.7500762939453
v 718.75 0.000006283516086114105 143.75010681152344
v 618.92578125 70.5041732788086 143.7500762939453
v 576.278076171875 45.1226806640625 289.08447265625
v 718.7498779296875 0.000012567029443744104 287.5001220703125
v 514.661376953125 905.4631958007812 228.01220703125
v 547.05078125 964.2920532226562 143.75003051757812
v 431.24993896484375 1113.759033203125 143.75001525878906
v 547.05078125 964.2920532226562 143.75003051757812
v 447.548095703125 988.5174560546875 0.000050787970394594595
v 442.4206237792969 1210.660400390625 0.000019826682546408847
v 334.608154296875 1475.9522705078125 -0.000013770869372820016
v 323.43743896484375 1315.03955078125 143.7499542236328
v 431.24993896484375 1113.759033203125 143.75001525878906
v 323.43743896484375 1315.03955078125 143.7499542236328
v 287.49993896484375 1059.439697265625 275.590576171875
v 431.24993896484375 964.2920532226562 261.46484375
v 223.61109924316406 1779.67724609375 223.6110382080078
v 251.56246948242188 1962.0513916015625 143.7499237060547
v 143.74996948242188 2031.7415771484375 143.7499237060547
v 251.56246948242188 1962.0513916015625 143.7499237060547
v 251.5625 2086.5283203125 -0.00005322016659192741
v 143.75 2121.53662109375 -0.00006721496902173385
v -2.087026357650757 1960.7171630859375 -0.00007886824460001662
v 35.937477111816406 1871.93603515625 143.74993896484375
v 143.74996948242188 2031.7415771484375 143.7499237060547
v 35.937477111816406 1871.93603515625 143.74993896484375
v 63.88885498046875 1739.625732421875 223.61109924316406
v 143.74996948242188 1826.0145263671875 251.5624237060547
v -0.000037750403862446547 535.7174682617188 406.3281555175781
v -35.93751907348633 603.685791015625 203.16403198242188
v -143.75003051757812 512.3812255859375 183.35934448242188
v -35.93751907348633 603.685791015625 203.16403198242188
v -69.68619537353516 651.7439575195312 90.29511260986328
v -156.79391479492188 603.685791015625 45.839805603027344
v -302.109130859375 583.2125854492188 1.5843312740325928
v -287.5000305175781 473.6420593261719 153.65228271484375
v -143.75003051757812 512.3812255859375 183.35934448242188
v -287.5000305175781 473.6420593261719 153.65228271484375
v -287.5000305175781 355.321044921875 297.0061950683594
v -143.7500457763672 456.3809509277344 346.91400146484375
v -287.5000305175781 355.321044921875 297.0061950683594
v -287.5000305175781 473.6420593261719 153.65228271484375
v -431.25006103515625 460.72906494140625 143.7499237060547
v -287.5000305175781 473.6420593261719 153.65228271484375
v -302.109130859375 583.2125854492188 1.5843312740325928
v -431.25 538.207275390625 -0.00007719863060628995
v -539.0625 470.93133544921875 -0.0001010275591397658
v -539.0625 403.1379089355469 143.74990844726562
v -431.25006103515625 460.72906494140625 143.7499237060547
v -539.0625 403.1379089355469 143.74990844726562
v -511.1111755371094 318.1709289550781 223.61102294921875
v -431.2500915527344 338.5727233886719 251.56240844726562
v -575.0001220703125 52.62690734863281 287.49993896484375
v -610.9375 57.59114074707031 143.74990844726562
v -718.75 0.000006283506991167087 143.74989318847656
v -610.9375 57.59114074707031 143.74990844726562
v -610.9375 67.27590942382812 -0.00009518972365185618
v -718.75 -4.743919666816421e-12 -0.00010852822742890567
v -862.5 250.69920349121094 -0.00014119228580966592
v -862.5 0.0000062835056269250344 143.74986267089844
v -718.75 0.000006283506991167087 143.74989318847656
v -862.5 0.0000062835056269250344 143.74986267089844
v -862.5 70.50418090820312 251.56236267089844
v -718.7500610351562 70.50418090820312 251.5623779296875
v -862.5 70.50418090820312 251.56236267089844
v -862.5 0.0000062835056269250344 143.74986267089844
v -1006.25 0.000006283504717430333 143.74984741210938
v -862.5 0.0000062835056269250344 143.74986267089844
v -862.5 250.69920349121094 -0.00014119228580966592
v -1006.25 -6.641487707015337e-12 -0.00015193953004200011
v -1150 -7.590271293433926e-12 -0.0001736451667966321
v -1150 0.000006283504717430333 143.7498321533203
v -1006.25 0.000006283504717430333 143.74984741210938
v -1150 0.000006283504717430333 143.7498321533203
v -1150 0.000012567015801323578 287.49981689453125
v -1006.25 70.50418090820312 251.5623321533203
v 1149.999755859375 0.000025134057068498805 575.0001831054688
v 1149.999755859375 0.000018850543710868806 431.25018310546875
v 1006.2498779296875 0.000018850541891879402 431.2501525878906
v 1149.999755859375 0.000018850543710868806 431.25018310546875
v 1150 0.000012567031262733508 287.5001525878906
v 1006.2498779296875 0.000012567031262733508 287.5001525878906
v 862.4998779296875 148.19677734375 287.5001220703125
v 862.4998779296875 148.19679260253906 431.2500915527344
v 1006.2498779296875 0.000018850541891879402 431.2501525878906
v 862.4998779296875 148.19679260253906 431.2500915527344
v 864.7291259765625 70.50419616699219 539.0626220703125
v 1015.166748046875 70.50419616699219 539.0626831054688
v 864.7291259765625 70.50419616699219 539.0626220703125
v 862.4998779296875 148.19679260253906 431.2500915527344
v 718.7498779296875 0.000018850541891879402 431.2500915527344
v 862.4998779296875 148.19679260253906 431.2500915527344
v 862.4998779296875 148.19677734375 287.5001220703125
v 718.7498779296875 0.000012567029443744104 287.5001220703125
v 576.278076171875 45.1226806640625 289.08447265625
v 574.9998779296875 0.00001885054007289 431.2500915527344
v 718.7498779296875 0.000018850541891879402 431.2500915527344
v 574.9998779296875 0.00001885054007289 431.2500915527344
v 574.9998779296875 70.50419616699219 539.0625610351562
v 718.7498779296875 70.50419616699219 539.0626220703125
v 574.9998779296875 70.50419616699219 539.0625610351562
v 574.9998779296875 0.00001885054007289 431.2500915527344
v 431.24993896484375 0.000018850538253900595 431.25006103515625
v 574.9998779296875 0.00001885054007289 431.2500915527344
v 576.278076171875 45.1226806640625 289.08447265625
v 431.24993896484375 70.50418090820312 333.33990478515625
v 287.49993896484375 70.50418090820312 340.7666320800781
v 287.49993896484375 0.00001885053643491119 431.25
v 431.24993896484375 0.000018850538253900595 431.25006103515625
v 287.49993896484375 0.00001885053643491119 431.25
v 287.4999084472656 44.67341613769531 575.0000610351562
v 431.2499084472656 70.50419616699219 539.0625610351562
v 287.4999084472656 44.67341613769531 575.0000610351562
v 287.49993896484375 0.00001885053643491119 431.25
v 143.74993896484375 0.00001885053643491119 431.25
v 287.49993896484375 0.00001885053643491119 431.25
v 287.49993896484375 70.50418090820312 340.7666320800781
v 143.7499542236328 70.50418853759766 343.2422180175781
v 63.88883590698242 118.63538360595703 382.1961975097656
v 35.937435150146484 55.417091369628906 441.15234375
v 143.74993896484375 0.00001885053643491119 431.25
v 35.937435150146484 55.417091369628906 441.15234375
v -0.00008690921822562814 42.64558410644531 576.5843505859375
v 143.74990844726562 12.875421524047852 575
v -63.88896560668945 292.1405944824219 537.517333984375
v -35.93756866455078 375.0065002441406 490.6640625
v -143.7500762939453 391.6844482421875 470.8593444824219
v -35.93756866455078 375.0065002441406 490.6640625
v -0.000037750403862446547 535.7174682617188 406.3281555175781
v -143.7500457763672 456.3809509277344 346.91400146484375
v -287.5000305175781 355.321044921875 297.0061950683594
v -251.5625457763672 310.4413146972656 441.15228271484375
v -143.7500762939453 391.6844482421875 470.8593444824219
v -251.5625457763672 310.4413146972656 441.15228271484375
v -223.6112060546875 263.4449768066406 515.5120849609375
v -143.7500762939453 299.571044921875 548.96484375
v -287.5000915527344 40.579505920410156 574.9998779296875
v -323.43756103515625 42.50405502319336 431.24993896484375
v -431.25006103515625 0.000018850532796932384 431.24993896484375
v -323.43756103515625 42.50405502319336 431.24993896484375
v -351.38897705078125 78.46148681640625 351.3888244628906
v -431.25006103515625 44.67810821533203 323.43743896484375
v -575.0001220703125 52.62690734863281 287.49993896484375
v -539.0625610351562 70.50418853759766 431.2499084472656
v -431.25006103515625 0.000018850532796932384 431.24993896484375
v -539.0625610351562 70.50418853759766 431.2499084472656
v -539.0625610351562 73.7230453491211 574.9998779296875
v -431.2500915527344 12.875421524047852 574.9998779296875
v -598 964.3488159179688 574.9998779296875
v -610.9375610351562 931.9915771484375 431.2498474121094
v -718.75 984.5570678710938 431.24981689453125
v -610.9375610351562 931.9915771484375 431.2498474121094
v -638.8889770507812 891.1073608398438 351.38873291015625
v -718.7500610351562 931.9915771484375 323.4373474121094
v -798.6111450195312 891.1073608398438 351.3887023925781
v -826.5625 931.9915771484375 431.24981689453125
v -718.75 984.5570678710938 431.24981689453125
v -826.5625 931.9915771484375 431.24981689453125
v -863.4148559570312 965.347412109375 574.9998779296875
v -718.7498779296875 1010.7091064453125 539.0623168945312
v -948.3456420898438 657.483154296875 511.1108703613281
v -906.6713256835938 616.5988159179688 431.24981689453125
v -1039.1851806640625 564.0333862304688 431.24981689453125
v -906.6713256835938 616.5988159179688 431.24981689453125
v -863.8173828125 552.5526123046875 310.4998474121094
v -1014.4838256835938 493.5291748046875 323.43731689453125
v -1108.06787109375 438.69256591796875 351.3887023925781
v -1163.4654541015625 493.5291748046875 431.24981689453125
v -1039.1851806640625 564.0333862304688 431.24981689453125
v -1163.4654541015625 493.5291748046875 431.24981689453125
v -1220.535888671875 550.5439453125 574.999755859375
v -1055.6529541015625 616.5988159179688 539.062255859375
v 1113.8521728515625 757.1228637695312 798.611328125
v 1131.8958740234375 847.1328735351562 718.7501220703125
v 1006.2498168945312 905.4383544921875 718.7500610351562
v 1131.8958740234375 847.1328735351562 718.7501220703125
v 1113.8521728515625 853.392333984375 638.8890380859375
v 1015.1666870117188 912.2119140625 610.9376220703125
v 863.9265747070312 960.9807739257812 598.0000610351562
v 898.4373779296875 948.3629150390625 718.7500610351562
v 1006.2498168945312 905.4383544921875 718.7500610351562
v 898.4373779296875 948.3629150390625 718.7500610351562
v 886.9265747070312 855.6810302734375 864.25732421875
v 1015.1666870117188 797.683837890625 826.5626831054688
v 826.5623779296875 1184.264404296875 862.5
v 826.5623779296875 1205.91064453125 718.7500610351562
v 718.7498779296875 1248.835205078125 718.7500610351562
v 826.5623779296875 1205.91064453125 718.7500610351562
v 798.611083984375 1185.7113037109375 638.8889770507812
v 718.7498779296875 1215.8004150390625 610.9375610351562
v 638.8887939453125 1190.1068115234375 638.8889770507812
v 610.9373779296875 1215.8004150390625 718.7500610351562
v 718.7498779296875 1248.835205078125 718.7500610351562
v 610.9373779296875 1215.8004150390625 718.7500610351562
v 610.9373779296875 1199.09912109375 862.5
v 718.7498779296875 1229.748046875 862.5
v 551.9998779296875 374.3894958496094 873.0433349609375
v 539.0623779296875 506.81524658203125 718.7500610351562
v 431.2498474121094 438.56640625 718.7500610351562
v 539.0623779296875 506.81524658203125 718.7500610351562
v 574.9998779296875 534.9872436523438 598.0000610351562
v 431.2499084472656 462.1625061035156 610.9375610351562
v 351.3887939453125 389.89990234375 638.8889770507812
v 323.4373779296875 383.74554443359375 718.7500610351562
v 431.2498474121094 438.56640625 718.7500610351562
v 323.4373779296875 383.74554443359375 718.7500610351562
v 351.3887634277344 292.3144226074219 798.6112060546875
v 431.2498474121094 305.32867431640625 826.5625
v 287.4998779296875 39.917701721191406 862.5
v 251.5623779296875 67.69622039794922 718.7500610351562
v 143.74989318847656 51.50161361694336 718.75
v 251.5623779296875 67.69622039794922 718.7500610351562
v 287.4999084472656 44.67341613769531 575.0000610351562
v 143.74990844726562 12.875421524047852 575
v -0.00008690921822562814 42.64558410644531 576.5843505859375
v -0.00010852822742890567 90.1278076171875 718.75
v 143.74989318847656 51.50161361694336 718.75
v -0.00010852822742890567 90.1278076171875 718.75
v -0.0001302338787354529 293.66363525390625 862.5
v 143.74986267089844 77.25241088867188 862.5
v -0.0001302338787354529 293.66363525390625 862.5
v -0.00010852822742890567 90.1278076171875 718.75
v -143.75010681152344 103.00320434570312 718.75
v -0.00010852822742890567 90.1278076171875 718.75
v -0.00008690921822562814 42.64558410644531 576.5843505859375
v -143.7500762939453 66.08079528808594 610.9375
v -287.5000915527344 40.579505920410156 574.9998779296875
v -287.5001220703125 90.1278076171875 718.7498779296875
v -143.75010681152344 103.00320434570312 718.75
v -287.5001220703125 90.1278076171875 718.7498779296875
v -287.5000915527344 293.66363525390625 862.4998779296875
v -143.75013732910156 312.9767150878906 862.5
v -287.5000915527344 293.66363525390625 862.4998779296875
v -287.5001220703125 90.1278076171875 718.7498779296875
v -431.2500915527344 51.50161361694336 718.7498779296875
v -287.5001220703125 90.1278076171875 718.7498779296875
v -287.5000915527344 40.579505920410156 574.9998779296875
v -431.2500915527344 12.875421524047852 574.9998779296875
v -539.0625610351562 73.7230453491211 574.9998779296875
v -539.0626220703125 83.37959289550781 718.7498779296875
v -431.2500915527344 51.50161361694336 718.7498779296875
v -539.0626220703125 83.37959289550781 718.7498779296875
v -539.0626220703125 89.81730651855469 864.5343627929688
v -431.2500915527344 77.25241088867188 862.4998779296875
v -638.8889770507812 1120.2886962890625 798.6110229492188
v -610.9375 1133.2083740234375 718.7498168945312
v -718.75 1193.7738037109375 718.7498168945312
v -610.9375 1133.2083740234375 718.7498168945312
v -638.8888549804688 1125.868408203125 638.8887329101562
v -718.75 1167.6217041015625 610.9373168945312
v -798.611083984375 1163.1142578125 638.8887329101562
v -826.5625 1189.4803466796875 718.7498168945312
v -718.75 1193.7738037109375 718.7498168945312
v -826.5625 1189.4803466796875 718.7498168945312
v -798.6112060546875 1135.215087890625 798.6109619140625
v -718.7501220703125 1155.067138671875 826.5623168945312
v -863.4150390625 814.1598510742188 863.404052734375
v -898.4376220703125 929.7098388671875 718.7498168945312
v -1006.2501220703125 884.1204833984375 718.7498168945312
v -898.4376220703125 929.7098388671875 718.7498168945312
v -863.4148559570312 965.347412109375 574.9998779296875
v -1014.4838256835938 906.8823852539062 610.937255859375
v -1111.7275390625 852.0487060546875 638.888671875
v -1130.5301513671875 844.109619140625 718.749755859375
v -1006.2501220703125 884.1204833984375 718.7498168945312
v -1130.5301513671875 844.109619140625 718.749755859375
v -1111.7274169921875 773.931396484375 798.6109008789062
v -1014.4838256835938 781.3368530273438 826.5623168945312
v 1109.88916015625 292.81463623046875 1115.3980712890625
v 1167.5631103515625 305.97174072265625 1017.2327880859375
v 1041.9171142578125 438.9950866699219 1050.1805419921875
v 1167.5631103515625 305.97174072265625 1017.2327880859375
v 1093.4393310546875 363.921630859375 864.25732421875
v 1059.7506103515625 487.41064453125 909.4202880859375
v 950.1668701171875 578.0886840820312 955.6759033203125
v 907.3540649414062 575.4495239257812 1072.1456298828125
v 1041.9171142578125 438.9950866699219 1050.1805419921875
v 907.3540649414062 575.4495239257812 1072.1456298828125
v 863.926513671875 533.46484375 1251.7623291015625
v 1015.1665649414062 384.1206970214844 1179.9580078125
v 798.6109008789062 1096.637939453125 1086.111083984375
v 826.5623779296875 1139.105712890625 1006.25
v 718.7498779296875 1172.4866943359375 1006.25
v 826.5623779296875 1139.105712890625 1006.25
v 826.5623779296875 1184.264404296875 862.5
v 718.7498779296875 1229.748046875 862.5
v 610.9373779296875 1199.09912109375 862.5
v 610.9373779296875 1148.99560546875 1006.25
v 718.7498779296875 1172.4866943359375 1006.25
v 610.9373779296875 1148.99560546875 1006.25
v 638.8887329101562 1101.033447265625 1086.111083984375
v 718.7498168945312 1101.27783203125 1114.0625
v 574.9998168945312 0.00005026810322306119 1150.0001220703125
v 539.0623168945312 54.82083511352539 1017.2326049804688
v 431.2498474121094 0.00004398458622745238 1006.25
v 539.0623168945312 54.82083511352539 1017.2326049804688
v 511.1109313964844 76.54804992675781 931.27001953125
v 431.2498474121094 39.137451171875 898.4375
v 287.4998779296875 39.917701721191406 862.5
v 287.4998474121094 12.87544059753418 1006.25
v 431.2498474121094 0.00004398458622745238 1006.25
v 287.4998474121094 12.87544059753418 1006.25
v 287.49981689453125 0.000050268095947103575 1150
v 431.24981689453125 0.00005026810322306119 1150.0001220703125
v 287.49981689453125 0.000050268095947103575 1150
v 287.4998474121094 12.87544059753418 1006.25
v 143.74984741210938 51.501625061035156 1006.25
v 287.4998474121094 12.87544059753418 1006.25
v 287.4998779296875 39.917701721191406 862.5
v 143.74986267089844 77.25241088867188 862.5
v -0.0001302338787354529 293.66363525390625 862.5
v -0.00015193953004200011 90.12782287597656 1006.25
v 143.74984741210938 51.501625061035156 1006.25
v -0.00015193953004200011 90.12782287597656 1006.25
v -0.0001736451667966321 0.000050268095947103575 1150
v 143.7498321533203 0.000050268095947103575 1150
v -0.0001736451667966321 0.000050268095947103575 1150
v -0.00015193953004200011 90.12782287597656 1006.25
v -143.75015258789062 103.00321960449219 1006.25
v -0.00015193953004200011 90.12782287597656 1006.25
v -0.0001302338787354529 293.66363525390625 862.5
v -143.75013732910156 312.9767150878906 862.5
v -287.5000915527344 293.66363525390625 862.4998779296875
v -287.5001525878906 248.59974670410156 1006.2498779296875
v -143.75015258789062 103.00321960449219 1006.25
v -287.5001525878906 248.59974670410156 1006.2498779296875
v -287.5001525878906 0.000050268095947103575 1150
v -143.7501678466797 0.000050268095947103575 1150
v -287.5001525878906 0.000050268095947103575 1150
v -287.5001525878906 248.59974670410156 1006.2498779296875
v -431.2501525878906 51.501625061035156 1006.2498779296875
v -287.5001525878906 248.59974670410156 1006.2498779296875
v -287.5000915527344 293.66363525390625 862.4998779296875
v -431.2500915527344 77.25241088867188 862.4998779296875
v -539.0626220703125 89.81730651855469 864.5343627929688
v -539.0626831054688 83.37960815429688 1014.3876953125
v -431.2501525878906 51.501625061035156 1006.2498779296875
v -539.0626831054688 83.37960815429688 1014.3876953125
v -575.0001831054688 0.00005026809230912477 1149.999755859375
v -431.25018310546875 0.00005026809230912477 1149.999755859375
v -638.8890991210938 761.9605712890625 1111.428466796875
v -610.9376831054688 826.76171875 1014.3876342773438
v -718.7501220703125 828.4241943359375 1006.2498168945312
v -610.9376831054688 826.76171875 1014.3876342773438
v -598.0001220703125 937.4683227539062 863.8019409179688
v -718.7501220703125 908.9030151367188 898.4373779296875
v -863.4150390625 814.1598510742188 863.404052734375
v -826.5626831054688 763.9889526367188 1014.3876342773438
v -718.7501220703125 828.4241943359375 1006.2498168945312
v -826.5626831054688 763.9889526367188 1014.3876342773438
v -798.611328125 734.0615844726562 1111.4285888671875
v -718.7501831054688 760.5652465820312 1130.337890625
v -862.5001831054688 0.00005026809230912477 1149.999755859375
v -898.4376831054688 70.50421142578125 1014.3876342773438
v -1006.2501220703125 0.00004398457895149477 1006.2498168945312
v -898.4376831054688 70.50421142578125 1014.3876342773438
v -930.0484619140625 125.34078216552734 930.0055541992188
v -1014.4838256835938 70.50421142578125 898.4373168945312
v -1150.0001220703125 0.00003770106195588596 862.4998168945312
v -1150.0001220703125 0.00004398457531351596 1006.2498168945312
v -1006.2501220703125 0.00004398457895149477 1006.2498168945312
v -1150.0001220703125 0.00004398457531351596 1006.2498168945312
v -1150.0001220703125 0.00005026809230912477 1149.999755859375
v -1006.2501831054688 0.00005026809230912477 1149.999755859375
v 1150.0001220703125 -0.00003770106195588596 -862.4998168945312
v 1150.0001220703125 -0.00004398457531351596 -1006.2498168945312
v 1150.0001220703125 282.0166320800781 -1006.2498168945312
v 1150.0001220703125 -0.00004398457531351596 -1006.2498168945312
v 1114.0626220703125 -0.000048697213060222566 -1114.062255859375
v 1114.0626220703125 282.0166320800781 -1114.062255859375
v 1114.0626220703125 546.0946044921875 -1114.062255859375
v 1150.0001220703125 546.0946044921875 -1006.2498168945312
v 1150.0001220703125 282.0166320800781 -1006.2498168945312
v 1150.0001220703125 546.0946044921875 -1006.2498168945312
v 1114.0626220703125 543.0338745117188 -898.4373168945312
v 1114.0626220703125 282.0166320800781 -898.4373168945312
v 1114.0626220703125 -0.000048697213060222566 -1114.062255859375
v 1006.2501831054688 -0.00005026809230912477 -1149.999755859375
v 1006.2501831054688 282.0166320800781 -1149.999755859375
v 1006.2501831054688 -0.00005026809230912477 -1149.999755859375
v 862.5001831054688 -0.00005026809230912477 -1149.999755859375
v 862.5001831054688 282.0166320800781 -1149.999755859375
v 862.5001831054688 546.0946044921875 -1149.999755859375
v 1006.2501831054688 546.0946044921875 -1149.999755859375
v 1006.2501831054688 282.0166320800781 -1149.999755859375
v 1006.2501831054688 546.0946044921875 -1149.999755859375
v 1114.0626220703125 546.0946044921875 -1114.062255859375
v 1114.0626220703125 282.0166320800781 -1114.062255859375
v 862.5001831054688 -0.00005026809230912477 -1149.999755859375
v 718.7501831054688 -0.00005026809230912477 -1149.999755859375
v 718.7501831054688 282.0166320800781 -1076.7764892578125
v 718.7501831054688 -0.00005026809230912477 -1149.999755859375
v 575.0001831054688 -0.00005026809230912477 -1149.999755859375
v 610.9376831054688 282.0166320800781 -1114.062255859375
v 610.9376831054688 546.0946044921875 -1114.062255859375
v 718.7501831054688 546.0946044921875 -1076.7764892578125
v 718.7501831054688 282.0166320800781 -1076.7764892578125
v 718.7501831054688 546.0946044921875 -1076.7764892578125
v 862.5001831054688 546.0946044921875 -1149.999755859375
v 862.5001831054688 282.0166320800781 -1149.999755859375
v 575.0001831054688 -0.00005026809230912477 -1149.999755859375
v 539.0626220703125 70.5041275024414 -1006.2498779296875
v 575.0001220703125 282.0166320800781 -1006.2498779296875
v 539.0626220703125 70.5041275024414 -1006.2498779296875
v 539.0626220703125 70.50413513183594 -862.4998779296875
v 575.0001220703125 282.0166320800781 -862.4998779296875
v 575.0001220703125 546.0946044921875 -862.4998779296875
v 575.0001220703125 546.0946044921875 -1006.2498779296875
v 575.0001220703125 282.0166320800781 -1006.2498779296875
v 575.0001220703125 546.0946044921875 -1006.2498779296875
v 610.9376831054688 546.0946044921875 -1114.062255859375
v 610.9376831054688 282.0166320800781 -1114.062255859375
v 539.0626220703125 70.50413513183594 -862.4998779296875
v 539.0626220703125 70.50414276123047 -718.7498779296875
v 575.0001220703125 282.01666259765625 -718.7498779296875
v 539.0626220703125 70.50414276123047 -718.7498779296875
v 511.1111755371094 125.3407211303711 -638.8888549804688
v 539.0626220703125 282.01666259765625 -610.9373779296875
v 580.3255615234375 554.7001953125 -575.0000610351562
v 575.0001220703125 546.0946044921875 -718.7499389648438
v 575.0001220703125 282.01666259765625 -718.7498779296875
v 575.0001220703125 546.0946044921875 -718.7499389648438
v 575.0001220703125 546.0946044921875 -862.4998779296875
v 575.0001220703125 282.0166320800781 -862.4998779296875
v 511.1111755371094 125.3407211303711 -638.8888549804688
v 431.2500915527344 70.504150390625 -610.9373779296875
v 431.2500915527344 282.01666259765625 -574.9998779296875
v 431.2500915527344 70.504150390625 -610.9373779296875
v 287.5000915527344 70.504150390625 -610.9373779296875
v 287.5000915527344 282.01666259765625 -574.9998779296875
v 288.7782287597656 557.7206420898438 -552
v 439.2383117675781 493.5291748046875 -539.0623779296875
v 431.2500915527344 282.01666259765625 -574.9998779296875
v 439.2383117675781 493.5291748046875 -539.0623779296875
v 580.3255615234375 554.7001953125 -575.0000610351562
v 539.0626220703125 282.01666259765625 -610.9373779296875
v 287.5000915527344 70.504150390625 -610.9373779296875
v 143.7500762939453 70.504150390625 -610.9375
v 143.7500762939453 282.01666259765625 -575
v 143.7500762939453 70.504150390625 -610.9375
v 0.00009224899258697405 67.97418212890625 -610.9375
v 0.00008682258339831606 271.8968200683594 -575
v 0.00009262022649636492 530.9149169921875 -461.814453125
v 143.75010681152344 546.0946655273438 -461.814453125
v 143.7500762939453 282.01666259765625 -575
v 143.75010681152344 546.0946655273438 -461.814453125
v 288.7782287597656 557.7206420898438 -552
v 287.5000915527344 282.01666259765625 -574.9998779296875
v 0.00009224899258697405 67.97418212890625 -610.9375
v -143.74990844726562 60.38432312011719 -610.9375
v -143.74990844726562 241.537353515625 -461.814453125
v -143.74990844726562 60.38432312011719 -610.9375
v -287.4999084472656 52.794456481933594 -610.9375610351562
v -287.4999084472656 211.17787170410156 -575.0000610351562
v -289.5869445800781 437.59130859375 -552.0000610351562
v -143.74990844726562 485.3757019042969 -461.814453125
v -143.74990844726562 241.537353515625 -461.814453125
v -143.74990844726562 485.3757019042969 -461.814453125
v 0.00009262022649636492 530.9149169921875 -461.814453125
v 0.00008682258339831606 271.8968200683594 -575
v -287.4999084472656 52.794456481933594 -610.9375610351562
v -431.2499084472656 50.264495849609375 -610.9375610351562
v -431.24993896484375 201.0580596923828 -575.0000610351562
v -431.2499084472656 50.264495849609375 -610.9375610351562
v -575 54.79937744140625 -575.0001220703125
v -539.0623779296875 211.17787170410156 -539.0625610351562
v -511.111083984375 344.24090576171875 -511.1111755371094
v -431.24993896484375 372.09124755859375 -539.0625610351562
v -431.24993896484375 201.0580596923828 -575.0000610351562
v -431.24993896484375 372.09124755859375 -539.0625610351562
v -289.5869445800781 437.59130859375 -552.0000610351562
v -287.4999084472656 211.17787170410156 -575.0000610351562
v -575 54.79937744140625 -575.0001220703125
v -610.9373779296875 60.38432693481445 -431.2500915527344
v -574.9998779296875 241.537353515625 -431.2500915527344
v -610.9373779296875 60.38432693481445 -431.2500915527344
v -610.9373779296875 67.97421264648438 -287.5000915527344
v -574.9998779296875 271.8968200683594 -287.5000915527344
v -539.0623779296875 475.8194885253906 -287.5001220703125
v -539.0623779296875 422.6904296875 -431.2500915527344
v -574.9998779296875 241.537353515625 -431.2500915527344
v -539.0623779296875 422.6904296875 -431.2500915527344
v -511.111083984375 344.24090576171875 -511.1111755371094
v -539.0623779296875 211.17787170410156 -539.0625610351562
v -610.9373779296875 67.97421264648438 -287.5000915527344
v -610.9375 70.50416564941406 -143.7500762939453
v -575 282.0166931152344 -143.75009155273438
v -610.9375 70.50416564941406 -143.7500762939453
v -610.9375 67.27590942382812 -0.00009518972365185618
v -575 269.1036376953125 -0.0000985854712780565
v -539.0625 470.93133544921875 -0.0001010275591397658
v -539.0625 493.5291748046875 -143.75009155273438
v -575 282.0166931152344 -143.75009155273438
v -539.0625 493.5291748046875 -143.75009155273438
v -539.0623779296875 475.8194885253906 -287.5001220703125
v -574.9998779296875 271.8968200683594 -287.5000915527344
v -610.9375 67.27590942382812 -0.00009518972365185618
v -610.9375 57.59114074707031 143.74990844726562
v -575 230.36453247070312 143.74989318847656
v -610.9375 57.59114074707031 143.74990844726562
v -575.0001220703125 52.62690734863281 287.49993896484375
v -539.0625610351562 191.6254119873047 251.5624237060547
v -511.1111755371094 318.1709289550781 223.61102294921875
v -539.0625 403.1379089355469 143.74990844726562
v -575 230.36453247070312 143.74989318847656
v -539.0625 403.1379089355469 143.74990844726562
v -539.0625 470.93133544921875 -0.0001010275591397658
v -575 269.1036376953125 -0.0000985854712780565
v -575.0001220703125 52.62690734863281 287.49993896484375
v -431.25006103515625 44.67810821533203 323.43743896484375
v -431.25006103515625 178.71238708496094 287.49993896484375
v -431.25006103515625 44.67810821533203 323.43743896484375
v -351.38897705078125 78.46148681640625 351.3888244628906
v -323.43756103515625 176.538330078125 323.43743896484375
v -287.5000305175781 355.321044921875 297.0061950683594
v -431.2500915527344 338.5727233886719 251.56240844726562
v -431.25006103515625 178.71238708496094 287.49993896484375
v -431.2500915527344 338.5727233886719 251.56240844726562
v -511.1111755371094 318.1709289550781 223.61102294921875
v -539.0625610351562 191.6254119873047 251.5624237060547
v -351.38897705078125 78.46148681640625 351.3888244628906
v -323.43756103515625 42.50405502319336 431.24993896484375
v -287.50006103515625 170.01617431640625 431.24993896484375
v -323.43756103515625 42.50405502319336 431.24993896484375
v -287.5000915527344 40.579505920410156 574.9998779296875
v -251.5625762939453 163.49398803710938 539.0623779296875
v -223.6112060546875 263.4449768066406 515.5120849609375
v -251.5625457763672 310.4413146972656 441.15228271484375
v -287.50006103515625 170.01617431640625 431.24993896484375
v -251.5625457763672 310.4413146972656 441.15228271484375
v -287.5000305175781 355.321044921875 297.0061950683594
v -323.43756103515625 176.538330078125 323.43743896484375
v -287.5000915527344 40.579505920410156 574.9998779296875
v -143.7500762939453 66.08079528808594 610.9375
v -143.7500762939453 161.31993103027344 575
v -143.7500762939453 66.08079528808594 610.9375
v -0.00008690921822562814 42.64558410644531 576.5843505859375
v -35.93758773803711 176.4070281982422 548.96484375
v -63.88896560668945 292.1405944824219 537.517333984375
v -143.7500762939453 299.571044921875 548.96484375
v -143.7500762939453 161.31993103027344 575
v -143.7500762939453 299.571044921875 548.96484375
v -223.6112060546875 263.4449768066406 515.5120849609375
v -251.5625762939453 163.49398803710938 539.0623779296875
v -0.00008690921822562814 42.64558410644531 576.5843505859375
v 35.937435150146484 55.417091369628906 441.15234375
v -0.00006728309381287545 221.66831970214844 470.859375
v 35.937435150146484 55.417091369628906 441.15234375
v 63.88883590698242 118.63538360595703 382.1961975097656
v 35.93745422363281 266.9295959472656 392.7538757324219
v -0.000037750403862446547 535.7174682617188 406.3281555175781
v -35.93756866455078 375.0065002441406 490.6640625
v -0.00006728309381287545 221.66831970214844 470.859375
v -35.93756866455078 375.0065002441406 490.6640625
v -63.88896560668945 292.1405944824219 537.517333984375
v -35.93758773803711 176.4070281982422 548.96484375
v 63.88883590698242 118.63538360595703 382.1961975097656
v 143.7499542236328 70.50418853759766 343.2422180175781
v 143.74996948242188 282.0166931152344 366.71875
v 143.7499542236328 70.50418853759766 343.2422180175781
v 287.49993896484375 70.50418090820312 340.7666320800781
v 287.49993896484375 282.0166931152344 356.81640625
v 287.49993896484375 546.0946655273438 292.35150146484375
v 143.74996948242188 546.0946655273438 406.3280944824219
v 143.74996948242188 282.0166931152344 366.71875
v 143.74996948242188 546.0946655273438 406.3280944824219
v -0.000037750403862446547 535.7174682617188 406.3281555175781
v 35.93745422363281 266.9295959472656 392.7538757324219
v 287.49993896484375 70.50418090820312 340.7666320800781
v 431.24993896484375 70.50418090820312 333.33990478515625
v 431.24993896484375 282.0166931152344 327.1094055175781
v 431.24993896484375 70.50418090820312 333.33990478515625
v 576.278076171875 45.1226806640625 289.08447265625
v 547.0507202148438 282.0166931152344 261.46490478515625
v 551.0448608398438 546.0946655273438 266.41607666015625
v 431.24993896484375 546.0946655273438 247.79104614257812
v 431.24993896484375 282.0166931152344 327.1094055175781
v 431.24993896484375 546.0946655273438 247.79104614257812
v 287.49993896484375 546.0946655273438 292.35150146484375
v 287.49993896484375 282.0166931152344 356.81640625
v 576.278076171875 45.1226806640625 289.08447265625
v 618.92578125 70.5041732788086 143.7500762939453
v 606.9530639648438 282.0166931152344 143.7500762939453
v 618.92578125 70.5041732788086 143.7500762939453
v 624.9169921875 70.5041732788086 0.00009032433445099741
v 630.9178466796875 282.0166931152344 0.0000791239071986638
v 658.8768310546875 546.0946655273438 0.00007180238753790036
v 622.9295654296875 546.0946655273438 143.75006103515625
v 606.9530639648438 282.0166931152344 143.7500762939453
v 622.9295654296875 546.0946655273438 143.75006103515625
v 551.0448608398438 546.0946655273438 266.41607666015625
v 547.0507202148438 282.0166931152344 261.46490478515625
v 624.9169921875 70.5041732788086 0.00009032433445099741
v 626.9140625 70.50416564941406 -143.74990844726562
v 638.9061279296875 282.0166931152344 -143.7499237060547
v 626.9140625 70.50416564941406 -143.74990844726562
v 663.7413330078125 125.34073638916016 -223.61102294921875
v 666.8554077148438 282.0166931152344 -251.56240844726562
v 670.8592529296875 559.6495361328125 -287.49993896484375
v 670.8591918945312 546.0946655273438 -143.7499237060547
v 638.9061279296875 282.0166931152344 -143.7499237060547
v 670.8591918945312 546.0946655273438 -143.7499237060547
v 658.8768310546875 546.0946655273438 0.00007180238753790036
v 630.9178466796875 282.0166931152344 0.0000791239071986638
v 663.7413330078125 125.34073638916016 -223.61102294921875
v 726.73828125 70.50415802001953 -251.5623779296875
v 750.703125 282.01666259765625 -287.4999084472656
v 726.73828125 70.50415802001953 -251.5623779296875
v 864.4970703125 66.55557250976562 -251.56236267089844
v 870.4883422851562 266.2223205566406 -287.4998779296875
v 874.482421875 465.8890686035156 -323.4374084472656
v 766.6796264648438 493.5291748046875 -323.4374084472656
v 750.703125 282.01666259765625 -287.4999084472656
v 766.6796264648438 493.5291748046875 -323.4374084472656
v 670.8592529296875 559.6495361328125 -287.49993896484375
v 666.8554077148438 282.0166931152344 -251.56240844726562
v 864.4970703125 66.55557250976562 -251.56236267089844
v 1006.25 54.709815979003906 -251.5623321533203
v 1006.25 218.83929443359375 -287.4998474121094
v 1006.25 54.709815979003906 -251.5623321533203
v 1150 -0.000012567015801323578 -287.49981689453125
v 1114.0625 171.45628356933594 -323.43731689453125
v 1086.111083984375 291.27874755859375 -351.38873291015625
v 1006.25 382.9687805175781 -323.4373474121094
v 1006.25 218.83929443359375 -287.4998474121094
v 1006.25 382.9687805175781 -323.4373474121094
v 874.482421875 465.8890686035156 -323.4374084472656
v 870.4883422851562 266.2223205566406 -287.4998779296875
v 1150 -0.000012567015801323578 -287.49981689453125
v 1150.0001220703125 -0.000018850529158953577 -431.24981689453125
v 1150.0001220703125 155.66192626953125 -431.24981689453125
v 1150.0001220703125 -0.000018850529158953577 -431.24981689453125
v 1150.0001220703125 -0.00002513403887860477 -574.9998168945312
v 1114.0626220703125 171.45626831054688 -539.0623168945312
v 1086.1112060546875 291.27874755859375 -511.1109313964844
v 1114.0626220703125 303.9970703125 -431.24981689453125
v 1150.0001220703125 155.66192626953125 -431.24981689453125
v 1114.0626220703125 303.9970703125 -431.24981689453125
v 1086.111083984375 291.27874755859375 -351.38873291015625
v 1114.0625 171.45628356933594 -323.43731689453125
v 1150.0001220703125 -0.00002513403887860477 -574.9998168945312
v 1006.2501220703125 54.70980453491211 -610.9373779296875
v 1006.25 218.83929443359375 -574.9998779296875
v 1006.2501220703125 54.70980453491211 -610.9373779296875
v 926.388916015625 118.32101440429688 -638.8887939453125
v 898.4376220703125 266.2223205566406 -610.9373779296875
v 863.3875732421875 534.2538452148438 -574.9998779296875
v 1006.25 382.9687805175781 -539.0623779296875
v 1006.25 218.83929443359375 -574.9998779296875
v 1006.25 382.9687805175781 -539.0623779296875
v 1086.1112060546875 291.27874755859375 -511.1109313964844
v 1114.0626220703125 171.45626831054688 -539.0623168945312
v 926.388916015625 118.32101440429688 -638.8887939453125
v 898.4376220703125 70.50414276123047 -718.7498779296875
v 862.5001220703125 282.01666259765625 -718.7498779296875
v 898.4376220703125 70.50414276123047 -718.7498779296875
v 926.388916015625 125.34071350097656 -798.6110229492188
v 898.4376220703125 282.0166320800781 -826.5623779296875
v 898.4376220703125 524.6696166992188 -826.5623779296875
v 862.5001220703125 521.6089477539062 -718.7498779296875
v 862.5001220703125 282.01666259765625 -718.7498779296875
v 862.5001220703125 521.6089477539062 -718.7498779296875
v 863.3875732421875 534.2538452148438 -574.9998779296875
v 898.4376220703125 266.2223205566406 -610.9373779296875
v 926.388916015625 125.34071350097656 -798.6110229492188
v 1006.2501220703125 70.50413513183594 -826.5623779296875
v 1006.2501220703125 282.0166320800781 -862.4998779296875
v 1006.2501220703125 70.50413513183594 -826.5623779296875
v 1150.0001220703125 -0.00003770106195588596 -862.4998168945312
v 1114.0626220703125 282.0166320800781 -898.4373168945312
v 1114.0626220703125 543.0338745117188 -898.4373168945312
v 1006.2501220703125 533.8517456054688 -862.4998779296875
v 1006.2501220703125 282.0166320800781 -862.4998779296875
v 1006.2501220703125 533.8517456054688 -862.4998779296875
v 898.4376220703125 524.6696166992188 -826.5623779296875
v 898.4376220703125 282.0166320800781 -826.5623779296875
v -539.0623779296875 70.50413513183594 -862.5
v -539.0623779296875 70.5041275024414 -1006.25
v -574.9998779296875 282.0166320800781 -1006.25
v -539.0623779296875 70.5041275024414 -1006.25
v -574.9998168945312 -0.00005026810322306119 -1150.0001220703125
v -610.9373168945312 282.0166320800781 -1114.0626220703125
v -610.9373168945312 546.0946044921875 -1114.0626220703125
v -574.9998779296875 546.0946044921875 -1006.25
v -574.9998779296875 282.0166320800781 -1006.25
v -574.9998779296875 546.0946044921875 -1006.25
v -597.9998779296875 551.8123168945312 -862.5
v -574.9998779296875 282.0166320800781 -862.5
v -574.9998168945312 -0.00005026810322306119 -1150.0001220703125
v -718.7498168945312 -0.00005026810322306119 -1150.0001220703125
v -718.7498168945312 282.0166320800781 -1150.0001220703125
v -718.7498168945312 -0.00005026810322306119 -1150.0001220703125
v -862.4998168945312 -0.00005026810322306119 -1150.0001220703125
v -862.4998168945312 282.0166320800781 -1150.0001220703125
v -862.4998168945312 546.0946044921875 -1089.1114501953125
v -718.7498168945312 546.0946044921875 -1150.0001220703125
v -718.7498168945312 282.0166320800781 -1150.0001220703125
v -718.7498168945312 546.0946044921875 -1150.0001220703125
v -610.9373168945312 546.0946044921875 -1114.0626220703125
v -610.9373168945312 282.0166320800781 -1114.0626220703125
v -862.4998168945312 -0.00005026810322306119 -1150.0001220703125
v -1006.2498168945312 -0.00005026810322306119 -1150.0001220703125
v -1006.2498168945312 282.0166320800781 -1150.0001220703125
v -1006.2498168945312 -0.00005026810322306119 -1150.0001220703125
v -1114.062255859375 -0.00004869722397415899 -1114.0626220703125
v -1119.236572265625 274.7891540527344 -1114.0626220703125
v -1121.82373046875 534.0966186523438 -1114.0626220703125
v -1006.2498168945312 546.0946044921875 -1089.1114501953125
v -1006.2498168945312 282.0166320800781 -1150.0001220703125
v -1006.2498168945312 546.0946044921875 -1089.1114501953125
v -862.4998168945312 546.0946044921875 -1089.1114501953125
v -862.4998168945312 282.0166320800781 -1150.0001220703125
v -1114.062255859375 -0.00004869722397415899 -1114.0626220703125
v -1149.999755859375 -0.00004398458986543119 -1006.2501831054688
v -1170.69677734375 253.10655212402344 -1006.2501831054688
v -1149.999755859375 -0.00004398458986543119 -1006.2501831054688
v -1149.999755859375 -0.00003770108014578 -862.5001831054688
v -1186.219482421875 231.42398071289062 -862.5001831054688
v -1185.7791748046875 465.2661437988281 -862.5001831054688
v -1181.0452880859375 498.1029052734375 -1006.2501831054688
v -1170.69677734375 253.10655212402344 -1006.2501831054688
v -1181.0452880859375 498.1029052734375 -1006.2501831054688
v -1121.82373046875 534.0966186523438 -1114.0626220703125
v -1119.236572265625 274.7891540527344 -1114.0626220703125
v -1149.999755859375 -0.00003770108014578 -862.5001831054688
v -1149.999755859375 -0.00003141756678815 -718.7501831054688
v -1191.3936767578125 224.1964874267578 -718.7501831054688
v -1149.999755859375 -0.00003141756678815 -718.7501831054688
v -1149.999755859375 -0.000025134057068498805 -575.0001831054688
v -1150.281982421875 231.4239959716797 -610.9376831054688
v -1134.4036865234375 371.2357177734375 -638.8890991210938
v -1176.1531982421875 406.798828125 -718.7501831054688
v -1191.3936767578125 224.1964874267578 -718.7501831054688
v -1176.1531982421875 406.798828125 -718.7501831054688
v -1185.7791748046875 465.2661437988281 -862.5001831054688
v -1186.219482421875 231.42398071289062 -862.5001831054688
v -1149.999755859375 -0.000025134057068498805 -575.0001831054688
v -1011.424072265625 63.27662658691406 -539.0626831054688
v -1026.94677734375 253.1065673828125 -575.0001831054688
v -1011.424072265625 63.27662658691406 -539.0626831054688
v -863.79345703125 68.69727325439453 -539.0626220703125
v -867.6741333007812 274.7891540527344 -575.0001220703125
v -871.5547485351562 480.8809814453125 -610.9376220703125
v -1042.469482421875 442.9365234375 -610.9376831054688
v -1026.94677734375 253.1065673828125 -575.0001831054688
v -1042.469482421875 442.9365234375 -610.9376831054688
v -1134.4036865234375 371.2357177734375 -638.8890991210938
v -1150.281982421875 231.4239959716797 -610.9376831054688
v -863.79345703125 68.69727325439453 -539.0626220703125
v -718.7498779296875 70.504150390625 -539.0626220703125
v -718.7498779296875 282.01666259765625 -575.0001220703125
v -718.7498779296875 70.504150390625 -539.0626220703125
v -575 54.79937744140625 -575.0001220703125
v -610.9373779296875 282.01666259765625 -610.9376220703125
v -638.8887939453125 438.6925354003906 -638.8890380859375
v -718.7498779296875 493.52911376953125 -610.9376220703125
v -718.7498779296875 282.01666259765625 -575.0001220703125
v -718.7498779296875 493.52911376953125 -610.9376220703125
v -871.5547485351562 480.8809814453125 -610.9376220703125
v -867.6741333007812 274.7891540527344 -575.0001220703125
v -575 54.79937744140625 -575.0001220703125
v -539.0623779296875 70.50414276123047 -718.7500610351562
v -574.9998779296875 282.01666259765625 -718.7500610351562
v -539.0623779296875 70.50414276123047 -718.7500610351562
v -539.0623779296875 70.50413513183594 -862.5
v -574.9998779296875 282.0166320800781 -862.5
v -597.9998779296875 551.8123168945312 -862.5
v -610.9373779296875 493.52911376953125 -718.7501220703125
v -574.9998779296875 282.01666259765625 -718.7500610351562
v -610.9373779296875 493.52911376953125 -718.7501220703125
v -638.8887939453125 438.6925354003906 -638.8890380859375
v -610.9373779296875 282.01666259765625 -610.9376220703125
v -575.0001220703125 52.62690734863281 287.49993896484375
v -718.7500610351562 70.50418090820312 251.5623779296875
v -718.7500610351562 282.0166931152344 287.4998474121094
v -718.7500610351562 70.50418090820312 251.5623779296875
v -862.5 70.50418090820312 251.56236267089844
v -862.5 282.0166931152344 287.4998474121094
v -863.8173828125 552.5526123046875 310.4998474121094
v -718.7500610351562 546.0946655273438 287.4998474121094
v -718.7500610351562 282.0166931152344 287.4998474121094
v -718.7500610351562 546.0946655273438 287.4998474121094
v -610.9375610351562 546.0946655273438 323.4373779296875
v -610.9375610351562 282.0166931152344 323.4373779296875
v -862.5 70.50418090820312 251.56236267089844
v -1006.25 70.50418090820312 251.5623321533203
v -1006.25 282.0166931152344 287.49981689453125
v -1006.25 70.50418090820312 251.5623321533203
v -1150 0.000012567015801323578 287.49981689453125
v -1122.2962646484375 282.0166931152344 323.4372863769531
v -1108.06787109375 438.69256591796875 351.3887023925781
v -1014.4838256835938 493.5291748046875 323.43731689453125
v -1006.25 282.0166931152344 287.49981689453125
v -1014.4838256835938 493.5291748046875 323.43731689453125
v -863.8173828125 552.5526123046875 310.4998474121094
v -862.5 282.0166931152344 287.4998474121094
v -1150 0.000012567015801323578 287.49981689453125
v -1150.0001220703125 0.000018850529158953577 431.24981689453125
v -1182.9351806640625 282.0166931152344 431.24981689453125
v -1150.0001220703125 0.000018850529158953577 431.24981689453125
v -1150.0001220703125 0.00002513403887860477 574.9998168945312
v -1207.63671875 282.0166931152344 574.9998168945312
v -1220.535888671875 550.5439453125 574.999755859375
v -1163.4654541015625 493.5291748046875 431.24981689453125
v -1182.9351806640625 282.0166931152344 431.24981689453125
v -1163.4654541015625 493.5291748046875 431.24981689453125
v -1108.06787109375 438.69256591796875 351.3887023925781
v -1122.2962646484375 282.0166931152344 323.4372863769531
v -1150.0001220703125 0.00002513403887860477 574.9998168945312
v -1150.0001220703125 0.00003141755223623477 718.7498168945312
v -1215.8704833984375 282.0166931152344 718.7498168945312
v -1150.0001220703125 0.00003141755223623477 718.7498168945312
v -1150.0001220703125 0.00003770106195588596 862.4998168945312
v -1171.69921875 282.0167236328125 826.5623168945312
v -1200.5174560546875 524.1242065429688 826.5623168945312
v -1248.8056640625 533.5401611328125 718.7498168945312
v -1215.8704833984375 282.0166931152344 718.7498168945312
v -1248.8056640625 533.5401611328125 718.7498168945312
v -1220.535888671875 550.5439453125 574.999755859375
v -1207.63671875 282.0166931152344 574.9998168945312
v -1150.0001220703125 0.00003770106195588596 862.4998168945312
v -1014.4838256835938 70.50421142578125 898.4373168945312
v -1039.1851806640625 282.0167236328125 862.4998168945312
v -1014.4838256835938 70.50421142578125 898.4373168945312
v -930.0484619140625 125.34078216552734 930.0055541992188
v -906.6713256835938 282.0167236328125 906.5751342773438
v -910.788330078125 520.8143920898438 910.6439819335938
v -1055.6529541015625 520.9855346679688 862.4998168945312
v -1039.1851806640625 282.0167236328125 862.4998168945312
v -1055.6529541015625 520.9855346679688 862.4998168945312
v -1200.5174560546875 524.1242065429688 826.5623168945312
v -1171.69921875 282.0167236328125 826.5623168945312
v -930.0484619140625 125.34078216552734 930.0055541992188
v -898.4376831054688 70.50421142578125 1014.3876342773438
v -862.5001831054688 282.0167236328125 1038.8009033203125
v -898.4376831054688 70.50421142578125 1014.3876342773438
v -862.5001831054688 0.00005026809230912477 1149.999755859375
v -826.5626831054688 282.0167236328125 1171.0267333984375
v -826.5626831054688 519.7872314453125 1199.5087890625
v -862.5001831054688 520.3008422851562 1055.0765380859375
v -862.5001831054688 282.0167236328125 1038.8009033203125
v -862.5001831054688 520.3008422851562 1055.0765380859375
v -910.788330078125 520.8143920898438 910.6439819335938
v -906.6713256835938 282.0167236328125 906.5751342773438
v -862.5001831054688 0.00005026809230912477 1149.999755859375
v -718.7501831054688 0.00005026809230912477 1149.999755859375
v -718.7501831054688 282.0167236328125 1215.10205078125
v -718.7501831054688 0.00005026809230912477 1149.999755859375
v -575.0001831054688 0.00005026809230912477 1149.999755859375
v -610.9376831054688 282.0167236328125 1171.0267333984375
v -610.9376831054688 522.9259033203125 1199.5089111328125
v -718.7501831054688 519.6160888671875 1247.6531982421875
v -718.7501831054688 282.0167236328125 1215.10205078125
v -718.7501831054688 519.6160888671875 1247.6531982421875
v -826.5626831054688 519.7872314453125 1199.5087890625
v -826.5626831054688 282.0167236328125 1171.0267333984375
v -575.0001831054688 0.00005026809230912477 1149.999755859375
v -539.0626831054688 83.37960815429688 1014.3876953125
v -575.0001831054688 282.0167236328125 1038.8009033203125
v -539.0626831054688 83.37960815429688 1014.3876953125
v -539.0626220703125 89.81730651855469 864.5343627929688
v -575.0001220703125 282.0167236328125 870.6376953125
v -575.0001220703125 542.7848510742188 874.70654296875
v -575.0001831054688 532.8553466796875 1055.0765380859375
v -575.0001831054688 282.0167236328125 1038.8009033203125
v -575.0001831054688 532.8553466796875 1055.0765380859375
v -610.9376831054688 522.9259033203125 1199.5089111328125
v -610.9376831054688 282.0167236328125 1171.0267333984375
v -539.0626220703125 89.81730651855469 864.5343627929688
v -539.0626220703125 83.37959289550781 718.7498779296875
v -575.0001220703125 282.0166931152344 718.7498779296875
v -539.0626220703125 83.37959289550781 718.7498779296875
v -539.0625610351562 73.7230453491211 574.9998779296875
v -575.0000610351562 282.0166931152344 574.9998779296875
v -575.0000610351562 546.0947265625 574.9998779296875
v -575.0001220703125 546.0947265625 718.7498779296875
v -575.0001220703125 282.0166931152344 718.7498779296875
v -575.0001220703125 546.0947265625 718.7498779296875
v -575.0001220703125 542.7848510742188 874.70654296875
v -575.0001220703125 282.0167236328125 870.6376953125
v -539.0625610351562 73.7230453491211 574.9998779296875
v -539.0625610351562 70.50418853759766 431.2499084472656
v -575.0000610351562 282.0166931152344 431.2499084472656
v -539.0625610351562 70.50418853759766 431.2499084472656
v -575.0001220703125 52.62690734863281 287.49993896484375
v -610.9375610351562 282.0166931152344 323.4373779296875
v -610.9375610351562 546.0946655273438 323.4373779296875
v -575.0000610351562 546.0946655273438 431.2498474121094
v -575.0000610351562 282.0166931152344 431.2499084472656
v -575.0000610351562 546.0946655273438 431.2498474121094
v -575.0000610351562 546.0947265625 574.9998779296875
v -575.0000610351562 282.0166931152344 574.9998779296875
v 1149.999755859375 0.000025134057068498805 575.0001831054688
v 1015.166748046875 70.50419616699219 539.0626831054688
v 1041.9171142578125 282.0166931152344 575.0001831054688
v 1015.166748046875 70.50419616699219 539.0626831054688
v 864.7291259765625 70.50419616699219 539.0626220703125
v 871.416748046875 282.0166931152344 575.0001220703125
v 875.8751220703125 546.0947265625 575.0000610351562
v 1059.7506103515625 546.0947265625 575.0001220703125
v 1041.9171142578125 282.0166931152344 575.0001831054688
v 1059.7506103515625 546.0947265625 575.0001220703125
v 1207.688720703125 520.177490234375 610.9376831054688
v 1176.4798583984375 266.38690185546875 610.9376831054688
v 864.7291259765625 70.50419616699219 539.0626220703125
v 718.7498779296875 70.50419616699219 539.0626220703125
v 718.7498779296875 282.0166931152344 575.0001220703125
v 718.7498779296875 70.50419616699219 539.0626220703125
v 574.9998779296875 70.50419616699219 539.0625610351562
v 574.9998779296875 282.0166931152344 575.0000610351562
v 574.9998779296875 534.9872436523438 598.0000610351562
v 718.7498779296875 546.0947265625 575.0000610351562
v 718.7498779296875 282.0166931152344 575.0001220703125
v 718.7498779296875 546.0947265625 575.0000610351562
v 875.8751220703125 546.0947265625 575.0000610351562
v 871.416748046875 282.0166931152344 575.0001220703125
v 574.9998779296875 70.50419616699219 539.0625610351562
v 431.2499084472656 70.50419616699219 539.0625610351562
v 431.2499084472656 282.0166931152344 575.0000610351562
v 431.2499084472656 70.50419616699219 539.0625610351562
v 287.4999084472656 44.67341613769531 575.0000610351562
v 323.4374084472656 266.3333435058594 610.9375610351562
v 351.3887939453125 389.89990234375 638.8889770507812
v 431.2499084472656 462.1625061035156 610.9375610351562
v 431.2499084472656 282.0166931152344 575.0000610351562
v 431.2499084472656 462.1625061035156 610.9375610351562
v 574.9998779296875 534.9872436523438 598.0000610351562
v 574.9998779296875 282.0166931152344 575.0000610351562
v 287.4999084472656 44.67341613769531 575.0000610351562
v 251.5623779296875 67.69622039794922 718.7500610351562
v 287.4998779296875 219.283203125 718.7500610351562
v 251.5623779296875 67.69622039794922 718.7500610351562
v 287.4998779296875 39.917701721191406 862.5
v 323.4373779296875 172.23306274414062 826.5625
v 351.3887634277344 292.3144226074219 798.6112060546875
v 323.4373779296875 383.74554443359375 718.7500610351562
v 287.4998779296875 219.283203125 718.7500610351562
v 323.4373779296875 383.74554443359375 718.7500610351562
v 351.3887939453125 389.89990234375 638.8889770507812
v 323.4374084472656 266.3333435058594 610.9375610351562
v 287.4998779296875 39.917701721191406 862.5
v 431.2498474121094 39.137451171875 898.4375
v 431.2498474121094 156.5496826171875 862.5
v 431.2498474121094 39.137451171875 898.4375
v 511.1109313964844 76.54804992675781 931.27001953125
v 539.0623779296875 172.23306274414062 909.4201049804688
v 551.9998779296875 374.3894958496094 873.0433349609375
v 431.2498474121094 305.32867431640625 826.5625
v 431.2498474121094 156.5496826171875 862.5
v 431.2498474121094 305.32867431640625 826.5625
v 351.3887634277344 292.3144226074219 798.6112060546875
v 323.4373779296875 172.23306274414062 826.5625
v 511.1109313964844 76.54804992675781 931.27001953125
v 539.0623168945312 54.82083511352539 1017.2326049804688
v 574.9998168945312 219.28321838378906 1050.1805419921875
v 539.0623168945312 54.82083511352539 1017.2326049804688
v 574.9998168945312 0.00005026810322306119 1150.0001220703125
v 610.9373168945312 266.3333740234375 1190.9407958984375
v 610.9373168945312 522.569580078125 1229.3798828125
v 574.9998168945312 451.9944152832031 1072.1456298828125
v 574.9998168945312 219.28321838378906 1050.1805419921875
v 574.9998168945312 451.9944152832031 1072.1456298828125
v 551.9998779296875 374.3894958496094 873.0433349609375
v 539.0623779296875 172.23306274414062 909.4201049804688
v 574.9998168945312 0.00005026810322306119 1150.0001220703125
v 718.7498168945312 0.00005026810322306119 1150.0001220703125
v 718.7498168945312 282.0167236328125 1237.8607177734375
v 718.7498168945312 0.00005026810322306119 1150.0001220703125
v 862.4998168945312 0.00005026810322306119 1150.0001220703125
v 862.4998168945312 266.3869323730469 1226.8782958984375
v 863.926513671875 533.46484375 1251.7623291015625
v 718.7498168945312 546.0947265625 1281.7911376953125
v 718.7498168945312 282.0167236328125 1237.8607177734375
v 718.7498168945312 546.0947265625 1281.7911376953125
v 610.9373168945312 522.569580078125 1229.3798828125
v 610.9373168945312 266.3333740234375 1190.9407958984375
v 862.4998168945312 0.00005026810322306119 1150.0001220703125
v 1006.2498168945312 0.00005026810322306119 1150.0001220703125
v 1006.2498168945312 219.49755859375 1193.9305419921875
v 1006.2498168945312 0.00005026810322306119 1150.0001220703125
v 1114.062255859375 0.00004869722397415899 1114.0626220703125
v 1122.9791259765625 172.6082000732422 1125.0452880859375
v 1109.88916015625 292.81463623046875 1115.3980712890625
v 1015.1665649414062 384.1206970214844 1179.9580078125
v 1006.2498168945312 219.49755859375 1193.9305419921875
v 1015.1665649414062 384.1206970214844 1179.9580078125
v 863.926513671875 533.46484375 1251.7623291015625
v 862.4998168945312 266.3869323730469 1226.8782958984375
v 1114.062255859375 0.00004869722397415899 1114.0626220703125
v 1149.999755859375 0.00004398458986543119 1006.2501831054688
v 1185.6671142578125 156.97840881347656 1006.2501831054688
v 1149.999755859375 0.00004398458986543119 1006.2501831054688
v 1149.999755859375 0.00003770108014578 862.5001831054688
v 1212.4173583984375 172.60818481445312 862.5001831054688
v 1093.4393310546875 363.921630859375 864.25732421875
v 1167.5631103515625 305.97174072265625 1017.2327880859375
v 1185.6671142578125 156.97840881347656 1006.2501831054688
v 1167.5631103515625 305.97174072265625 1017.2327880859375
v 1109.88916015625 292.81463623046875 1115.3980712890625
v 1122.9791259765625 172.6082000732422 1125.0452880859375
v 1149.999755859375 0.00003770108014578 862.5001831054688
v 1149.999755859375 0.00003141756678815 718.7501831054688
v 1221.334228515625 219.49754333496094 718.7501831054688
v 1149.999755859375 0.00003141756678815 718.7501831054688
v 1149.999755859375 0.000025134057068498805 575.0001831054688
v 1176.4798583984375 266.38690185546875 610.9376831054688
v 1207.688720703125 520.177490234375 610.9376831054688
v 1122.1461181640625 442.4261169433594 718.7501831054688
v 1221.334228515625 219.49754333496094 718.7501831054688
v 1122.1461181640625 442.4261169433594 718.7501831054688
v 1093.4393310546875 363.921630859375 864.25732421875
v 1212.4173583984375 172.60818481445312 862.5001831054688
v 580.3255615234375 554.7001953125 -575.0000610351562
v 726.73828125 604.35595703125 -539.0623779296875
v 718.75 725.3237915039062 -574.9998779296875
v 726.73828125 604.35595703125 -539.0623779296875
v 863.3875732421875 534.2538452148438 -574.9998779296875
v 826.5625 688.59521484375 -610.9373779296875
v 798.6111450195312 776.8406982421875 -638.8888549804688
v 718.7500610351562 846.2916259765625 -610.9373779296875
v 718.75 725.3237915039062 -574.9998779296875
v 718.7500610351562 846.2916259765625 -610.9373779296875
v 638.8889770507812 853.0185546875 -638.8888549804688
v 610.9376220703125 762.0523071289062 -610.9373779296875
v 863.3875732421875 534.2538452148438 -574.9998779296875
v 862.5001220703125 521.6089477539062 -718.7498779296875
v 862.5001220703125 676.3523559570312 -718.7498779296875
v 862.5001220703125 521.6089477539062 -718.7498779296875
v 898.4376220703125 524.6696166992188 -826.5623779296875
v 898.4376220703125 688.59521484375 -826.5623779296875
v 862.5001220703125 831.6770629882812 -839.4998779296875
v 826.5626220703125 785.077392578125 -718.7498779296875
v 862.5001220703125 676.3523559570312 -718.7498779296875
v 826.5626220703125 785.077392578125 -718.7498779296875
v 798.6111450195312 776.8406982421875 -638.8888549804688
v 826.5625 688.59521484375 -610.9373779296875
v 898.4376220703125 524.6696166992188 -826.5623779296875
v 1006.2501220703125 533.8517456054688 -862.4998779296875
v 1006.2501220703125 725.3237915039062 -862.4998779296875
v 1006.2501220703125 533.8517456054688 -862.4998779296875
v 1114.0626220703125 543.0338745117188 -898.4373168945312
v 1114.0626220703125 762.0523071289062 -898.4373168945312
v 1114.0626220703125 932.42578125 -898.4373168945312
v 1006.2501220703125 883.4342041015625 -862.4998779296875
v 1006.2501220703125 725.3237915039062 -862.4998779296875
v 1006.2501220703125 883.4342041015625 -862.4998779296875
v 862.5001220703125 831.6770629882812 -839.4998779296875
v 898.4376220703125 688.59521484375 -826.5623779296875
v 1114.0626220703125 543.0338745117188 -898.4373168945312
v 1150.0001220703125 546.0946044921875 -1006.2498168945312
v 1150.0001220703125 774.295166015625 -1006.2498168945312
v 1150.0001220703125 546.0946044921875 -1006.2498168945312
v 1114.0626220703125 546.0946044921875 -1114.062255859375
v 1114.0626220703125 774.295166015625 -1114.062255859375
v 1114.0626220703125 950.7899169921875 -1114.062255859375
v 1150.0001220703125 948.7562255859375 -1006.2498168945312
v 1150.0001220703125 774.295166015625 -1006.2498168945312
v 1150.0001220703125 948.7562255859375 -1006.2498168945312
v 1114.0626220703125 932.42578125 -898.4373168945312
v 1114.0626220703125 762.0523071289062 -898.4373168945312
v 1114.0626220703125 546.0946044921875 -1114.062255859375
v 1006.2501831054688 546.0946044921875 -1149.999755859375
v 1006.2501831054688 774.295166015625 -1149.999755859375
v 1006.2501831054688 546.0946044921875 -1149.999755859375
v 862.5001831054688 546.0946044921875 -1149.999755859375
v 862.5001831054688 774.295166015625 -1076.7764892578125
v 862.5001831054688 962.9924926757812 -1149.999755859375
v 1006.2501831054688 956.8912353515625 -1149.999755859375
v 1006.2501831054688 774.295166015625 -1149.999755859375
v 1006.2501831054688 956.8912353515625 -1149.999755859375
v 1114.0626220703125 950.7899169921875 -1114.062255859375
v 1114.0626220703125 774.295166015625 -1114.062255859375
v 862.5001831054688 546.0946044921875 -1149.999755859375
v 718.7501831054688 546.0946044921875 -1076.7764892578125
v 718.7501831054688 774.295166015625 -1076.7764892578125
v 718.7501831054688 546.0946044921875 -1076.7764892578125
v 610.9376831054688 546.0946044921875 -1114.062255859375
v 610.9376831054688 774.295166015625 -1114.062255859375
v 610.9376831054688 965.0263061523438 -1114.062255859375
v 718.7501831054688 965.0263061523438 -1149.999755859375
v 718.7501831054688 774.295166015625 -1076.7764892578125
v 718.7501831054688 965.0263061523438 -1149.999755859375
v 862.5001831054688 962.9924926757812 -1149.999755859375
v 862.5001831054688 774.295166015625 -1076.7764892578125
v 610.9376831054688 546.0946044921875 -1114.062255859375
v 575.0001220703125 546.0946044921875 -1006.2498779296875
v 575.0001220703125 774.295166015625 -1006.2498779296875
v 575.0001220703125 546.0946044921875 -1006.2498779296875
v 575.0001220703125 546.0946044921875 -862.4998779296875
v 575.0001220703125 774.295166015625 -862.4998779296875
v 598.0001220703125 958.3453979492188 -862.4998779296875
v 575.0001220703125 965.0263671875 -1006.2498779296875
v 575.0001220703125 774.295166015625 -1006.2498779296875
v 575.0001220703125 965.0263671875 -1006.2498779296875
v 610.9376831054688 965.0263061523438 -1114.062255859375
v 610.9376831054688 774.295166015625 -1114.062255859375
v 575.0001220703125 546.0946044921875 -862.4998779296875
v 575.0001220703125 546.0946044921875 -718.7499389648438
v 575.0001220703125 774.295166015625 -718.7499389648438
v 575.0001220703125 546.0946044921875 -718.7499389648438
v 580.3255615234375 554.7001953125 -575.0000610351562
v 610.9376220703125 762.0523071289062 -610.9373779296875
v 638.8889770507812 853.0185546875 -638.8888549804688
v 610.9376220703125 907.5059204101562 -718.7498779296875
v 575.0001220703125 774.295166015625 -718.7499389648438
v 610.9376220703125 907.5059204101562 -718.7498779296875
v 598.0001220703125 958.3453979492188 -862.4998779296875
v 575.0001220703125 774.295166015625 -862.4998779296875
v -871.5547485351562 595.8541259765625 -826.5626220703125
v -718.7498779296875 611.9722290039062 -826.5626220703125
v -718.7498779296875 755.7888793945312 -862.5001220703125
v -718.7498779296875 611.9722290039062 -826.5626220703125
v -597.9998779296875 551.8123168945312 -862.5
v -610.9373779296875 769.6686401367188 -898.4376220703125
v -610.9373779296875 961.0768432617188 -898.4376220703125
v -718.7498779296875 937.2669067382812 -862.5001220703125
v -718.7498779296875 755.7888793945312 -862.5001220703125
v -718.7498779296875 937.2669067382812 -862.5001220703125
v -863.3276977539062 920.257080078125 -885.5001220703125
v -867.674072265625 734.6817016601562 -862.5001220703125
v -597.9998779296875 551.8123168945312 -862.5
v -574.9998779296875 546.0946044921875 -1006.25
v -574.9998779296875 774.295166015625 -1006.25
v -574.9998779296875 546.0946044921875 -1006.25
v -610.9373168945312 546.0946044921875 -1114.0626220703125
v -610.9373168945312 774.295166015625 -1114.0626220703125
v -610.9373168945312 985.9578857421875 -1114.0626220703125
v -574.9998779296875 976.9872436523438 -1006.25
v -574.9998779296875 774.295166015625 -1006.25
v -574.9998779296875 976.9872436523438 -1006.25
v -610.9373779296875 961.0768432617188 -898.4376220703125
v -610.9373779296875 769.6686401367188 -898.4376220703125
v -610.9373168945312 546.0946044921875 -1114.0626220703125
v -718.7498168945312 546.0946044921875 -1150.0001220703125
v -718.7498168945312 774.295166015625 -1150.0001220703125
v -718.7498168945312 546.0946044921875 -1150.0001220703125
v -862.4998168945312 546.0946044921875 -1089.1114501953125
v -862.4998168945312 774.295166015625 -1150.0001220703125
v -862.4998168945312 980.2717895507812 -1127.0001220703125
v -718.7498168945312 988.9481811523438 -1150.0001220703125
v -718.7498168945312 774.295166015625 -1150.0001220703125
v -718.7498168945312 988.9481811523438 -1150.0001220703125
v -610.9373168945312 985.9578857421875 -1114.0626220703125
v -610.9373168945312 774.295166015625 -1114.0626220703125
v -862.4998168945312 546.0946044921875 -1089.1114501953125
v -1006.2498168945312 546.0946044921875 -1089.1114501953125
v -1006.2498168945312 774.295166015625 -1150.0001220703125
v -1006.2498168945312 546.0946044921875 -1089.1114501953125
v -1121.82373046875 534.0966186523438 -1114.0626220703125
v -1119.236572265625 762.4411010742188 -1114.0626220703125
v -1088.41064453125 873.5014038085938 -1086.1112060546875
v -1006.2498168945312 922.7384643554688 -1114.0626220703125
v -1006.2498168945312 774.295166015625 -1150.0001220703125
v -1006.2498168945312 922.7384643554688 -1114.0626220703125
v -862.4998168945312 980.2717895507812 -1127.0001220703125
v -862.4998168945312 774.295166015625 -1150.0001220703125
v -1121.82373046875 534.0966186523438 -1114.0626220703125
v -1181.0452880859375 498.1029052734375 -1006.2501831054688
v -1170.69677734375 726.8788452148438 -1006.2501831054688
v -1181.0452880859375 498.1029052734375 -1006.2501831054688
v -1185.7791748046875 465.2661437988281 -862.5001831054688
v -1145.1077880859375 698.5441284179688 -898.4376831054688
v -1099.908935546875 828.6526489257812 -926.3890380859375
v -1119.236572265625 892.3781127929688 -1006.2501831054688
v -1170.69677734375 726.8788452148438 -1006.2501831054688
v -1119.236572265625 892.3781127929688 -1006.2501831054688
v -1088.41064453125 873.5014038085938 -1086.1112060546875
v -1119.236572265625 762.4411010742188 -1114.0626220703125
v -1185.7791748046875 465.2661437988281 -862.5001831054688
v -1042.469482421875 556.7529907226562 -826.5626831054688
v -1026.94677734375 708.3726196289062 -862.5001831054688
v -1042.469482421875 556.7529907226562 -826.5626831054688
v -871.5547485351562 595.8541259765625 -826.5626220703125
v -867.674072265625 734.6817016601562 -862.5001220703125
v -863.3276977539062 920.257080078125 -885.5001220703125
v -1011.424072265625 869.245361328125 -898.4376831054688
v -1026.94677734375 708.3726196289062 -862.5001831054688
v -1011.424072265625 869.245361328125 -898.4376831054688
v -1099.908935546875 828.6526489257812 -926.3890380859375
v -1145.1077880859375 698.5441284179688 -898.4376831054688
v 670.8592529296875 559.6495361328125 -287.49993896484375
v 479.1796569824219 648.8992919921875 -323.43743896484375
v 463.2030944824219 903.4971923828125 -287.4999694824219
v 479.1796569824219 648.8992919921875 -323.43743896484375
v 372.69097900390625 743.61767578125 -351.3888244628906
v 331.4257507324219 968.09814453125 -323.4374694824219
v 311.7781066894531 1416.751708984375 -287.5
v 439.2382507324219 1158.094970703125 -251.56246948242188
v 463.2030944824219 903.4971923828125 -287.4999694824219
v 439.2382507324219 1158.094970703125 -251.56246948242188
v 535.9635620117188 991.5977783203125 -223.61109924316406
v 594.9804077148438 806.595703125 -251.5624237060547
v 372.69097900390625 743.61767578125 -351.3888244628906
v 331.42584228515625 648.8992919921875 -431.25
v 287.50006103515625 903.4971923828125 -431.25
v 331.42584228515625 648.8992919921875 -431.25
v 288.7782287597656 557.7206420898438 -552
v 251.5625762939453 806.595703125 -539.0624389648438
v 251.5625762939453 1117.634033203125 -539.0624389648438
v 287.50006103515625 1271.658447265625 -431.25
v 287.50006103515625 903.4971923828125 -431.25
v 287.50006103515625 1271.658447265625 -431.25
v 311.7781066894531 1416.751708984375 -287.5
v 331.4257507324219 968.09814453125 -323.4374694824219
v 288.7782287597656 557.7206420898438 -552
v 143.75010681152344 546.0946655273438 -461.814453125
v 143.7500762939453 774.295166015625 -575.0000610351562
v 143.75010681152344 546.0946655273438 -461.814453125
v 0.00009262022649636492 530.9149169921875 -461.814453125
v 0.00009063728066394106 764.1753540039062 -575.0000610351562
v -2.086933135986328 1035.2484130859375 -552.0000610351562
v 143.7500762939453 1066.29248046875 -575.0000610351562
v 143.7500762939453 774.295166015625 -575.0000610351562
v 143.7500762939453 1066.29248046875 -575.0000610351562
v 251.5625762939453 1117.634033203125 -539.0624389648438
v 251.5625762939453 806.595703125 -539.0624389648438
v 0.00009262022649636492 530.9149169921875 -461.814453125
v -143.74990844726562 485.3757019042969 -461.814453125
v -143.74990844726562 733.8158569335938 -575.0000610351562
v -143.74990844726562 485.3757019042969 -461.814453125
v -289.5869445800781 437.59130859375 -552.0000610351562
v -264.6063232421875 713.5762939453125 -539.0626220703125
v -258.394775390625 864.1211547851562 -511.1111755371094
v -156.79383850097656 921.871826171875 -539.0625610351562
v -143.74990844726562 733.8158569335938 -575.0000610351562
v -156.79383850097656 921.871826171875 -539.0625610351562
v -2.086933135986328 1035.2484130859375 -552.0000610351562
v 0.00009063728066394106 764.1753540039062 -575.0000610351562
v -289.5869445800781 437.59130859375 -552.0000610351562
v -336.4813537597656 545.760009765625 -431.2500915527344
v -339.67559814453125 733.81591796875 -431.25006103515625
v -336.4813537597656 545.760009765625 -431.2500915527344
v -346.2643127441406 598.88916015625 -287.50006103515625
v -378.8073425292969 764.1754150390625 -287.5000305175781
v -412.6788635253906 1020.2901000976562 -287.50006103515625
v -329.825927734375 921.871826171875 -431.25006103515625
v -339.67559814453125 733.81591796875 -431.25006103515625
v -329.825927734375 921.871826171875 -431.25006103515625
v -258.394775390625 864.1211547851562 -511.1111755371094
v -264.6063232421875 713.5762939453125 -539.0626220703125
v -346.2643127441406 598.88916015625 -287.50006103515625
v -349.5252990722656 616.5988159179688 -143.75003051757812
v -391.8512878417969 774.295166015625 -143.75003051757812
v -349.5252990722656 616.5988159179688 -143.75003051757812
v -302.109130859375 583.2125854492188 1.5843312740325928
v -342.8699035644531 774.295166015625 -35.937538146972656
v -388.5235900878906 1042.919677734375 -35.93754577636719
v -444.0269470214844 1039.580810546875 -143.75003051757812
v -391.8512878417969 774.295166015625 -143.75003051757812
v -444.0269470214844 1039.580810546875 -143.75003051757812
v -412.6788635253906 1020.2901000976562 -287.50006103515625
v -378.8073425292969 764.1754150390625 -287.5000305175781
v -302.109130859375 583.2125854492188 1.5843312740325928
v -156.79391479492188 603.685791015625 45.839805603027344
v -195.9256591796875 774.295166015625 -0.00004054128658026457
v -156.79391479492188 603.685791015625 45.839805603027344
v -69.68619537353516 651.7439575195312 90.29511260986328
v -48.981422424316406 774.295166015625 45.83980941772461
v -55.503379821777344 1060.6573486328125 38.41304397583008
v -222.0134735107422 1052.9366455078125 -0.00005284554208628833
v -195.9256591796875 774.295166015625 -0.00004054128658026457
v -222.0134735107422 1052.9366455078125 -0.00005284554208628833
v -388.5235900878906 1042.919677734375 -35.93754577636719
v -342.8699035644531 774.295166015625 -35.937538146972656
v -69.68619537353516 651.7439575195312 90.29511260986328
v -35.93751907348633 603.685791015625 203.16403198242188
v -0.00002005710302910302 774.295166015625 183.35934448242188
v -35.93751907348633 603.685791015625 203.16403198242188
v -0.000037750403862446547 535.7174682617188 406.3281555175781
v 35.93746566772461 774.295166015625 320.8788757324219
v 35.937461853027344 1050.219970703125 268.8915710449219
v -0.000021293515601428226 1057.108154296875 153.65232849121094
v -0.00002005710302910302 774.295166015625 183.35934448242188
v -0.000021293515601428226 1057.108154296875 153.65232849121094
v -55.503379821777344 1060.6573486328125 38.41304397583008
v -48.981422424316406 774.295166015625 45.83980941772461
v -0.000037750403862446547 535.7174682617188 406.3281555175781
v 143.74996948242188 546.0946655273438 406.3280944824219
v 143.74996948242188 774.295166015625 267.595703125
v 143.74996948242188 546.0946655273438 406.3280944824219
v 287.49993896484375 546.0946655273438 292.35150146484375
v 287.49993896484375 774.295166015625 257.6933288574219
v 287.49993896484375 1059.439697265625 275.590576171875
v 143.7499542236328 1047.923828125 307.3046569824219
v 143.74996948242188 774.295166015625 267.595703125
v 143.7499542236328 1047.923828125 307.3046569824219
v 35.937461853027344 1050.219970703125 268.8915710449219
v 35.93746566772461 774.295166015625 320.8788757324219
v 287.49993896484375 546.0946655273438 292.35150146484375
v 431.24993896484375 546.0946655273438 247.79104614257812
v 431.24993896484375 774.295166015625 327.1094055175781
v 431.24993896484375 546.0946655273438 247.79104614257812
v 551.0448608398438 546.0946655273438 266.41607666015625
v 547.0507202148438 774.295166015625 261.4649353027344
v 514.661376953125 905.4631958007812 228.01220703125
v 431.24993896484375 964.2920532226562 261.46484375
v 431.24993896484375 774.295166015625 327.1094055175781
v 431.24993896484375 964.2920532226562 261.46484375
v 287.49993896484375 1059.439697265625 275.590576171875
v 287.49993896484375 774.295166015625 257.6933288574219
v 551.0448608398438 546.0946655273438 266.41607666015625
v 622.9295654296875 546.0946655273438 143.75006103515625
v 606.9530639648438 774.295166015625 143.7500762939453
v 622.9295654296875 546.0946655273438 143.75006103515625
v 658.8768310546875 546.0946655273438 0.00007180238753790036
v 525.4239501953125 774.295166015625 0.00006523512274725363
v 447.548095703125 988.5174560546875 0.000050787970394594595
v 547.05078125 964.2920532226562 143.75003051757812
v 606.9530639648438 774.295166015625 143.7500762939453
v 547.05078125 964.2920532226562 143.75003051757812
v 514.661376953125 905.4631958007812 228.01220703125
v 547.0507202148438 774.295166015625 261.4649353027344
v 658.8768310546875 546.0946655273438 0.00007180238753790036
v 670.8591918945312 546.0946655273438 -143.7499237060547
v 638.9061279296875 774.295166015625 -143.74993896484375
v 670.8591918945312 546.0946655273438 -143.7499237060547
v 670.8592529296875 559.6495361328125 -287.49993896484375
v 594.9804077148438 806.595703125 -251.5624237060547
v 535.9635620117188 991.5977783203125 -223.61109924316406
v 555.0390625 996.592529296875 -143.74996948242188
v 638.9061279296875 774.295166015625 -143.74993896484375
v 555.0390625 996.592529296875 -143.74996948242188
v 447.548095703125 988.5174560546875 0.000050787970394594595
v 525.4239501953125 774.295166015625 0.00006523512274725363
v -863.8173828125 552.5526123046875 310.4998474121094
v -906.6713256835938 616.5988159179688 431.24981689453125
v -862.5 774.295166015625 431.24981689453125
v -906.6713256835938 616.5988159179688 431.24981689453125
v -948.3456420898438 657.483154296875 511.1108703613281
v -906.6713256835938 774.295166015625 539.0623168945312
v -863.4148559570312 965.347412109375 574.9998779296875
v -826.5625 931.9915771484375 431.24981689453125
v -862.5 774.295166015625 431.24981689453125
v -826.5625 931.9915771484375 431.24981689453125
v -798.6111450195312 891.1073608398438 351.3887023925781
v -826.5625 774.295166015625 323.4373474121094
v -948.3456420898438 657.483154296875 511.1108703613281
v -1055.6529541015625 616.5988159179688 539.062255859375
v -1039.1851806640625 774.2952270507812 574.999755859375
v -1055.6529541015625 616.5988159179688 539.062255859375
v -1220.535888671875 550.5439453125 574.999755859375
v -1171.69921875 761.7406616210938 610.937255859375
v -1111.7275390625 852.0487060546875 638.888671875
v -1014.4838256835938 906.8823852539062 610.937255859375
v -1039.1851806640625 774.2952270507812 574.999755859375
v -1014.4838256835938 906.8823852539062 610.937255859375
v -863.4148559570312 965.347412109375 574.9998779296875
v -906.6713256835938 774.295166015625 539.0623168945312
v -1220.535888671875 550.5439453125 574.999755859375
v -1248.8056640625 533.5401611328125 718.7498168945312
v -1215.8704833984375 724.0769653320312 718.749755859375
v -1248.8056640625 533.5401611328125 718.7498168945312
v -1200.5174560546875 524.1242065429688 826.5623168945312
v -1171.69921875 686.4132690429688 826.5623168945312
v -1111.7274169921875 773.931396484375 798.6109008789062
v -1130.5301513671875 844.109619140625 718.749755859375
v -1215.8704833984375 724.0769653320312 718.749755859375
v -1130.5301513671875 844.109619140625 718.749755859375
v -1111.7275390625 852.0487060546875 638.888671875
v -1171.69921875 761.7406616210938 610.937255859375
v -1200.5174560546875 524.1242065429688 826.5623168945312
v -1055.6529541015625 520.9855346679688 862.4998168945312
v -1039.1851806640625 673.8587036132812 862.4998168945312
v -1055.6529541015625 520.9855346679688 862.4998168945312
v -910.788330078125 520.8143920898438 910.6439819335938
v -906.6713256835938 673.1738891601562 906.5751342773438
v -863.4150390625 814.1598510742188 863.404052734375
v -1014.4838256835938 781.3368530273438 826.5623168945312
v -1039.1851806640625 673.8587036132812 862.4998168945312
v -1014.4838256835938 781.3368530273438 826.5623168945312
v -1111.7274169921875 773.931396484375 798.6109008789062
v -1171.69921875 686.4132690429688 826.5623168945312
v -910.788330078125 520.8143920898438 910.6439819335938
v -862.5001831054688 520.3008422851562 1055.0765380859375
v -862.5001831054688 671.11962890625 1038.8009033203125
v -862.5001831054688 520.3008422851562 1055.0765380859375
v -826.5626831054688 519.7872314453125 1199.5087890625
v -826.5626831054688 669.0653686523438 1171.0267333984375
v -798.611328125 734.0615844726562 1111.4285888671875
v -826.5626831054688 763.9889526367188 1014.3876342773438
v -862.5001831054688 671.11962890625 1038.8009033203125
v -826.5626831054688 763.9889526367188 1014.3876342773438
v -863.4150390625 814.1598510742188 863.404052734375
v -906.6713256835938 673.1738891601562 906.5751342773438
v -826.5626831054688 519.7872314453125 1199.5087890625
v -718.7501831054688 519.6160888671875 1247.6531982421875
v -718.7501831054688 668.380615234375 1215.10205078125
v -718.7501831054688 519.6160888671875 1247.6531982421875
v -610.9376831054688 522.9259033203125 1199.5089111328125
v -610.9376831054688 681.6199951171875 1171.0267333984375
v -638.8890991210938 761.9605712890625 1111.428466796875
v -718.7501831054688 760.5652465820312 1130.337890625
v -718.7501831054688 668.380615234375 1215.10205078125
v -718.7501831054688 760.5652465820312 1130.337890625
v -798.611328125 734.0615844726562 1111.4285888671875
v -826.5626831054688 669.0653686523438 1171.0267333984375
v -610.9376831054688 522.9259033203125 1199.5089111328125
v -575.0001831054688 532.8553466796875 1055.0765380859375
v -575.0001831054688 721.3379516601562 1038.8009033203125
v -575.0001831054688 532.8553466796875 1055.0765380859375
v -575.0001220703125 542.7848510742188 874.70654296875
v -575.0001220703125 761.0559692382812 870.6376953125
v -598.0001220703125 937.4683227539062 863.8019409179688
v -610.9376831054688 826.76171875 1014.3876342773438
v -575.0001831054688 721.3379516601562 1038.8009033203125
v -610.9376831054688 826.76171875 1014.3876342773438
v -638.8890991210938 761.9605712890625 1111.428466796875
v -610.9376831054688 681.6199951171875 1171.0267333984375
v -575.0001220703125 542.7848510742188 874.70654296875
v -575.0001220703125 546.0947265625 718.7498779296875
v -575.0001220703125 774.2952270507812 718.7498779296875
v -575.0001220703125 546.0947265625 718.7498779296875
v -575.0000610351562 546.0947265625 574.9998779296875
v -575 774.2952270507812 574.9998779296875
v -598 964.3488159179688 574.9998779296875
v -575.0001220703125 951.2609252929688 718.7498779296875
v -575.0001220703125 774.2952270507812 718.7498779296875
v -575.0001220703125 951.2609252929688 718.7498779296875
v -598.0001220703125 937.4683227539062 863.8019409179688
v -575.0001220703125 761.0559692382812 870.6376953125
v -575.0000610351562 546.0947265625 574.9998779296875
v -575.0000610351562 546.0946655273438 431.2498474121094
v -575.0000610351562 774.295166015625 431.2498474121094
v -575.0000610351562 546.0946655273438 431.2498474121094
v -610.9375610351562 546.0946655273438 323.4373779296875
v -610.9375610351562 774.295166015625 323.4373779296875
v -638.8889770507812 891.1073608398438 351.38873291015625
v -610.9375610351562 931.9915771484375 431.2498474121094
v -575.0000610351562 774.295166015625 431.2498474121094
v -610.9375610351562 931.9915771484375 431.2498474121094
v -598 964.3488159179688 574.9998779296875
v -575 774.2952270507812 574.9998779296875
v -610.9375610351562 546.0946655273438 323.4373779296875
v -718.7500610351562 546.0946655273438 287.4998474121094
v -718.7500610351562 774.295166015625 287.4998474121094
v -718.7500610351562 546.0946655273438 287.4998474121094
v -863.8173828125 552.5526123046875 310.4998474121094
v -826.5625 774.295166015625 323.4373474121094
v -798.6111450195312 891.1073608398438 351.3887023925781
v -718.7500610351562 931.9915771484375 323.4373474121094
v -718.7500610351562 774.295166015625 287.4998474121094
v -718.7500610351562 931.9915771484375 323.4373474121094
v -638.8889770507812 891.1073608398438 351.38873291015625
v -610.9375610351562 774.295166015625 323.4373779296875
v 950.1668701171875 578.0886840820312 955.6759033203125
v 1059.7506103515625 487.41064453125 909.4202880859375
v 1041.9171142578125 632.6574096679688 862.5001831054688
v 1059.7506103515625 487.41064453125 909.4202880859375
v 1093.4393310546875 363.921630859375 864.25732421875
v 1176.4798583984375 611.2876586914062 826.5626831054688
v 1113.8521728515625 757.1228637695312 798.611328125
v 1015.1666870117188 797.683837890625 826.5626831054688
v 1041.9171142578125 632.6574096679688 862.5001831054688
v 1015.1666870117188 797.683837890625 826.5626831054688
v 886.9265747070312 855.6810302734375 864.25732421875
v 907.3541870117188 689.4366455078125 909.4202270507812
v 1093.4393310546875 363.921630859375 864.25732421875
v 1122.1461181640625 442.4261169433594 718.7501831054688
v 1221.334228515625 672.2166748046875 718.7501220703125
v 1122.1461181640625 442.4261169433594 718.7501831054688
v 1207.688720703125 520.177490234375 610.9376831054688
v 1176.4798583984375 748.7756958007812 610.9376220703125
v 1113.8521728515625 853.392333984375 638.8890380859375
v 1131.8958740234375 847.1328735351562 718.7501220703125
v 1221.334228515625 672.2166748046875 718.7501220703125
v 1131.8958740234375 847.1328735351562 718.7501220703125
v 1113.8521728515625 757.1228637695312 798.611328125
v 1176.4798583984375 611.2876586914062 826.5626831054688
v 1207.688720703125 520.177490234375 610.9376831054688
v 1059.7506103515625 546.0947265625 575.0001220703125
v 1041.9171142578125 774.2952270507812 575.0001220703125
v 1059.7506103515625 546.0947265625 575.0001220703125
v 875.8751220703125 546.0947265625 575.0000610351562
v 871.416748046875 774.2952270507812 575.0000610351562
v 863.9265747070312 960.9807739257812 598.0000610351562
v 1015.1666870117188 912.2119140625 610.9376220703125
v 1041.9171142578125 774.2952270507812 575.0001220703125
v 1015.1666870117188 912.2119140625 610.9376220703125
v 1113.8521728515625 853.392333984375 638.8890380859375
v 1176.4798583984375 748.7756958007812 610.9376220703125
v 875.8751220703125 546.0947265625 575.0000610351562
v 718.7498779296875 546.0947265625 575.0000610351562
v 718.7498779296875 774.2952270507812 575.0000610351562
v 718.7498779296875 546.0947265625 575.0000610351562
v 574.9998779296875 534.9872436523438 598.0000610351562
v 610.9373779296875 758.6118774414062 610.9375610351562
v 610.9373779296875 961.1055297851562 610.9375610351562
v 718.7498779296875 965.0263671875 575.0000610351562
v 718.7498779296875 774.2952270507812 575.0000610351562
v 718.7498779296875 965.0263671875 575.0000610351562
v 863.9265747070312 960.9807739257812 598.0000610351562
v 871.416748046875 774.2952270507812 575.0000610351562
v 574.9998779296875 534.9872436523438 598.0000610351562
v 539.0623779296875 506.81524658203125 718.7500610351562
v 574.9998779296875 711.5617065429688 718.75
v 539.0623779296875 506.81524658203125 718.7500610351562
v 551.9998779296875 374.3894958496094 873.0433349609375
v 574.9998779296875 680.1950073242188 873.4826049804688
v 574.9998779296875 939.1154174804688 865.2457275390625
v 574.9998779296875 949.343017578125 718.75
v 574.9998779296875 711.5617065429688 718.75
v 574.9998779296875 949.343017578125 718.75
v 610.9373779296875 961.1055297851562 610.9375610351562
v 610.9373779296875 758.6118774414062 610.9375610351562
v 551.9998779296875 374.3894958496094 873.0433349609375
v 574.9998168945312 451.9944152832031 1072.1456298828125
v 574.9998168945312 711.5617065429688 1050.1805419921875
v 574.9998168945312 451.9944152832031 1072.1456298828125
v 610.9373168945312 522.569580078125 1229.3798828125
v 610.9373168945312 758.6118774414062 1190.9407958984375
v 610.9373168945312 944.4044189453125 1133.2821044921875
v 574.9998168945312 939.7993774414062 1017.2326049804688
v 574.9998168945312 711.5617065429688 1050.1805419921875
v 574.9998168945312 939.7993774414062 1017.2326049804688
v 574.9998779296875 939.1154174804688 865.2457275390625
v 574.9998779296875 680.1950073242188 873.4826049804688
v 610.9373168945312 522.569580078125 1229.3798828125
v 718.7498168945312 546.0947265625 1281.7911376953125
v 718.7498168945312 774.2952270507812 1154.44287109375
v 718.7498168945312 546.0947265625 1281.7911376953125
v 863.926513671875 533.46484375 1251.7623291015625
v 826.5623168945312 764.4054565429688 1107.5228271484375
v 826.5623168945312 933.490478515625 1133.2821044921875
v 718.7498168945312 945.9392700195312 1171.96533203125
v 718.7498168945312 774.2952270507812 1154.44287109375
v 718.7498168945312 945.9392700195312 1171.96533203125
v 610.9373168945312 944.4044189453125 1133.2821044921875
v 610.9373168945312 758.6118774414062 1190.9407958984375
v 863.926513671875 533.46484375 1251.7623291015625
v 907.3540649414062 575.4495239257812 1072.1456298828125
v 862.4998168945312 734.7359008789062 1050.1805419921875
v 907.3540649414062 575.4495239257812 1072.1456298828125
v 950.1668701171875 578.0886840820312 955.6759033203125
v 907.3541870117188 689.4366455078125 909.4202270507812
v 886.9265747070312 855.6810302734375 864.25732421875
v 862.4998168945312 896.143798828125 1017.2327270507812
v 862.4998168945312 734.7359008789062 1050.1805419921875
v 862.4998168945312 896.143798828125 1017.2327270507812
v 826.5623168945312 933.490478515625 1133.2821044921875
v 826.5623168945312 764.4054565429688 1107.5228271484375
v 598.0001220703125 958.3453979492188 -862.4998779296875
v 718.7501220703125 931.8919067382812 -826.5623779296875
v 718.7501220703125 1067.7247314453125 -862.4998779296875
v 718.7501220703125 931.8919067382812 -826.5623779296875
v 862.5001220703125 831.6770629882812 -839.4998779296875
v 862.5001220703125 1035.10400390625 -862.4998779296875
v 862.5001220703125 1183.1998291015625 -898.4375
v 718.7501220703125 1203.5576171875 -898.4375
v 718.7501220703125 1067.7247314453125 -862.4998779296875
v 718.7501220703125 1203.5576171875 -898.4375
v 638.8890380859375 1184.66552734375 -926.3888549804688
v 610.9376220703125 1104.453369140625 -898.4375
v 862.5001220703125 831.6770629882812 -839.4998779296875
v 1006.2501220703125 883.4342041015625 -862.4998779296875
v 1006.2501220703125 1035.1845703125 -862.4998779296875
v 1006.2501220703125 883.4342041015625 -862.4998779296875
v 1114.0626220703125 932.42578125 -898.4373168945312
v 1114.0626220703125 1047.508056640625 -898.4373168945312
v 1086.1112060546875 1108.7384033203125 -926.3887329101562
v 1006.2501220703125 1146.6123046875 -898.4375
v 1006.2501220703125 1035.1845703125 -862.4998779296875
v 1006.2501220703125 1146.6123046875 -898.4375
v 862.5001220703125 1183.1998291015625 -898.4375
v 862.5001220703125 1035.10400390625 -862.4998779296875
v 1114.0626220703125 932.42578125 -898.4373168945312
v 1150.0001220703125 948.7562255859375 -1006.2498168945312
v 1150.0001220703125 1051.61572265625 -1006.2498168945312
v 1150.0001220703125 948.7562255859375 -1006.2498168945312
v 1114.0626220703125 950.7899169921875 -1114.062255859375
v 1114.0626220703125 1059.750732421875 -1114.062255859375
v 1086.1112060546875 1114.1796875 -1086.111083984375
v 1114.0626220703125 1118.179931640625 -1006.2498779296875
v 1150.0001220703125 1051.61572265625 -1006.2498168945312
v 1114.0626220703125 1118.179931640625 -1006.2498779296875
v 1086.1112060546875 1108.7384033203125 -926.3887329101562
v 1114.0626220703125 1047.508056640625 -898.4373168945312
v 1114.0626220703125 950.7899169921875 -1114.062255859375
v 1006.2501831054688 956.8912353515625 -1149.999755859375
v 1006.2501831054688 1084.1558837890625 -1149.999755859375
v 1006.2501831054688 956.8912353515625 -1149.999755859375
v 862.5001831054688 962.9924926757812 -1149.999755859375
v 862.5001831054688 1108.5609130859375 -1149.9998779296875
v 862.5001831054688 1201.56396484375 -1114.0623779296875
v 1006.2501831054688 1158.8551025390625 -1114.0623779296875
v 1006.2501831054688 1084.1558837890625 -1149.999755859375
v 1006.2501831054688 1158.8551025390625 -1114.0623779296875
v 1086.1112060546875 1114.1796875 -1086.111083984375
v 1114.0626220703125 1059.750732421875 -1114.062255859375
v 862.5001831054688 962.9924926757812 -1149.999755859375
v 718.7501831054688 965.0263061523438 -1149.999755859375
v 718.7501831054688 1116.6959228515625 -1149.9998779296875
v 718.7501831054688 965.0263061523438 -1149.999755859375
v 610.9376831054688 965.0263061523438 -1114.062255859375
v 610.9376831054688 1116.6959228515625 -1114.0623779296875
v 638.8890991210938 1190.1068115234375 -1086.111083984375
v 718.7501831054688 1215.80029296875 -1114.0623779296875
v 718.7501831054688 1116.6959228515625 -1149.9998779296875
v 718.7501831054688 1215.80029296875 -1114.0623779296875
v 862.5001831054688 1201.56396484375 -1114.0623779296875
v 862.5001831054688 1108.5609130859375 -1149.9998779296875
v 610.9376831054688 965.0263061523438 -1114.062255859375
v 575.0001220703125 965.0263671875 -1006.2498779296875
v 575.0001220703125 1116.6959228515625 -1006.25
v 575.0001220703125 965.0263671875 -1006.2498779296875
v 598.0001220703125 958.3453979492188 -862.4998779296875
v 610.9376220703125 1104.453369140625 -898.4375
v 638.8890380859375 1184.66552734375 -926.3888549804688
v 610.9376220703125 1215.8004150390625 -1006.2498779296875
v 575.0001220703125 1116.6959228515625 -1006.25
v 610.9376220703125 1215.8004150390625 -1006.2498779296875
v 638.8890991210938 1190.1068115234375 -1086.111083984375
v 610.9376831054688 1116.6959228515625 -1114.0623779296875
v -862.4998168945312 980.2717895507812 -1127.0001220703125
v -898.4373779296875 997.1668090820312 -1006.2501220703125
v -862.4998779296875 1146.0335693359375 -1006.2501831054688
v -898.4373779296875 997.1668090820312 -1006.2501220703125
v -863.3276977539062 920.257080078125 -885.5001220703125
v -826.5623779296875 1100.897705078125 -898.4376831054688
v -798.611083984375 1214.9808349609375 -926.3890380859375
v -826.5623779296875 1294.9002685546875 -1006.2501831054688
v -862.4998779296875 1146.0335693359375 -1006.2501831054688
v -826.5623779296875 1294.9002685546875 -1006.2501831054688
v -798.6109008789062 1299.685791015625 -1086.1112060546875
v -826.5623168945312 1195.7958984375 -1114.062744140625
v -863.3276977539062 920.257080078125 -885.5001220703125
v -718.7498779296875 937.2669067382812 -862.5001220703125
v -718.7498779296875 1098.18994140625 -862.5001831054688
v -718.7498779296875 937.2669067382812 -862.5001220703125
v -610.9373779296875 961.0768432617188 -898.4376220703125
v -610.9373779296875 1124.030517578125 -898.4376831054688
v -638.8887939453125 1225.26220703125 -926.3890380859375
v -718.7498779296875 1235.095703125 -898.4376831054688
v -718.7498779296875 1098.18994140625 -862.5001831054688
v -718.7498779296875 1235.095703125 -898.4376831054688
v -798.611083984375 1214.9808349609375 -926.3890380859375
v -826.5623779296875 1100.897705078125 -898.4376831054688
v -610.9373779296875 961.0768432617188 -898.4376220703125
v -574.9998779296875 976.9872436523438 -1006.25
v -574.9998779296875 1164.539794921875 -1006.2501220703125
v -574.9998779296875 976.9872436523438 -1006.25
v -610.9373168945312 985.9578857421875 -1114.0626220703125
v -610.9373168945312 1200.4224853515625 -1114.062744140625
v -638.8887329101562 1301.741943359375 -1086.1112060546875
v -610.9373779296875 1299.5267333984375 -1006.2501831054688
v -574.9998779296875 1164.539794921875 -1006.2501220703125
v -610.9373779296875 1299.5267333984375 -1006.2501831054688
v -638.8887939453125 1225.26220703125 -926.3890380859375
v -610.9373779296875 1124.030517578125 -898.4376831054688
v -610.9373168945312 985.9578857421875 -1114.0626220703125
v -718.7498168945312 988.9481811523438 -1150.0001220703125
v -718.7498168945312 1212.3834228515625 -1150.000244140625
v -718.7498168945312 988.9481811523438 -1150.0001220703125
v -862.4998168945312 980.2717895507812 -1127.0001220703125
v -826.5623168945312 1195.7958984375 -1114.062744140625
v -798.6109008789062 1299.685791015625 -1086.1112060546875
v -718.7498168945312 1359.3314208984375 -1114.062744140625
v -718.7498168945312 1212.3834228515625 -1150.000244140625
v -718.7498168945312 1359.3314208984375 -1114.062744140625
v -638.8887329101562 1301.741943359375 -1086.1112060546875
v -610.9373168945312 1200.4224853515625 -1114.062744140625
v 886.9265747070312 855.6810302734375 864.25732421875
v 898.4373779296875 948.3629150390625 718.7500610351562
v 862.4998779296875 1077.13671875 718.7500610351562
v 898.4373779296875 948.3629150390625 718.7500610351562
v 863.9265747070312 960.9807739257812 598.0000610351562
v 826.5623779296875 1106.8062744140625 610.9375610351562
v 798.611083984375 1185.7113037109375 638.8889770507812
v 826.5623779296875 1205.91064453125 718.7500610351562
v 862.4998779296875 1077.13671875 718.7500610351562
v 826.5623779296875 1205.91064453125 718.7500610351562
v 826.5623779296875 1184.264404296875 862.5
v 862.4998779296875 1047.8134765625 862.5001220703125
v 863.9265747070312 960.9807739257812 598.0000610351562
v 718.7498779296875 965.0263671875 575.0000610351562
v 718.7498779296875 1116.6959228515625 575.0000610351562
v 718.7498779296875 965.0263671875 575.0000610351562
v 610.9373779296875 961.1055297851562 610.9375610351562
v 610.9373779296875 1116.6959228515625 610.9375610351562
v 638.8887939453125 1190.1068115234375 638.8889770507812
v 718.7498779296875 1215.8004150390625 610.9375610351562
v 718.7498779296875 1116.6959228515625 575.0000610351562
v 718.7498779296875 1215.8004150390625 610.9375610351562
v 798.611083984375 1185.7113037109375 638.8889770507812
v 826.5623779296875 1106.8062744140625 610.9375610351562
v 610.9373779296875 961.1055297851562 610.9375610351562
v 574.9998779296875 949.343017578125 718.75
v 574.9998779296875 1116.6959228515625 718.75
v 574.9998779296875 949.343017578125 718.75
v 574.9998779296875 939.1154174804688 865.2457275390625
v 574.9998779296875 1107.152587890625 862.4998779296875
v 610.9373779296875 1199.09912109375 862.5
v 610.9373779296875 1215.8004150390625 718.7500610351562
v 574.9998779296875 1116.6959228515625 718.75
v 610.9373779296875 1215.8004150390625 718.7500610351562
v 638.8887939453125 1190.1068115234375 638.8889770507812
v 610.9373779296875 1116.6959228515625 610.9375610351562
v 574.9998779296875 939.1154174804688 865.2457275390625
v 574.9998168945312 939.7993774414062 1017.2326049804688
v 574.9998779296875 1078.52197265625 1006.25
v 574.9998168945312 939.7993774414062 1017.2326049804688
v 610.9373168945312 944.4044189453125 1133.2821044921875
v 610.9373168945312 1049.8912353515625 1114.0626220703125
v 638.8887329101562 1101.033447265625 1086.111083984375
v 610.9373779296875 1148.99560546875 1006.25
v 574.9998779296875 1078.52197265625 1006.25
v 610.9373779296875 1148.99560546875 1006.25
v 610.9373779296875 1199.09912109375 862.5
v 574.9998779296875 1107.152587890625 862.4998779296875
v 610.9373168945312 944.4044189453125 1133.2821044921875
v 718.7498168945312 945.9392700195312 1171.96533203125
v 718.7498168945312 1040.3477783203125 1150.0001220703125
v 718.7498168945312 945.9392700195312 1171.96533203125
v 826.5623168945312 933.490478515625 1133.2821044921875
v 826.5623168945312 1040.0013427734375 1114.0626220703125
v 798.6109008789062 1096.637939453125 1086.111083984375
v 718.7498168945312 1101.27783203125 1114.0625
v 718.7498168945312 1040.3477783203125 1150.0001220703125
v 718.7498168945312 1101.27783203125 1114.0625
v 638.8887329101562 1101.033447265625 1086.111083984375
v 610.9373168945312 1049.8912353515625 1114.0626220703125
v 826.5623168945312 933.490478515625 1133.2821044921875
v 862.4998168945312 896.143798828125 1017.2327270507812
v 862.4998779296875 1038.96240234375 1006.2501220703125
v 862.4998168945312 896.143798828125 1017.2327270507812
v 886.9265747070312 855.6810302734375 864.25732421875
v 862.4998779296875 1047.8134765625 862.5001220703125
v 826.5623779296875 1184.264404296875 862.5
v 826.5623779296875 1139.105712890625 1006.25
v 862.4998779296875 1038.96240234375 1006.2501220703125
v 826.5623779296875 1139.105712890625 1006.25
v 798.6109008789062 1096.637939453125 1086.111083984375
v 826.5623168945312 1040.0013427734375 1114.0626220703125
v -598 964.3488159179688 574.9998779296875
v -718.7498779296875 1010.7091064453125 539.0623168945312
v -718.7498779296875 1089.1654052734375 574.9998168945312
v -718.7498779296875 1010.7091064453125 539.0623168945312
v -863.4148559570312 965.347412109375 574.9998779296875
v -826.5625 1097.2587890625 610.9373168945312
v -798.611083984375 1163.1142578125 638.8887329101562
v -718.75 1167.6217041015625 610.9373168945312
v -718.7498779296875 1089.1654052734375 574.9998168945312
v -718.75 1167.6217041015625 610.9373168945312
v -638.8888549804688 1125.868408203125 638.8887329101562
v -610.9375 1068.5174560546875 610.9373168945312
v -863.4148559570312 965.347412109375 574.9998779296875
v -898.4376220703125 929.7098388671875 718.7498168945312
v -862.5001220703125 1066.477783203125 718.7498168945312
v -898.4376220703125 929.7098388671875 718.7498168945312
v -863.4150390625 814.1598510742188 863.404052734375
v -826.5626220703125 1034.4859619140625 826.5623779296875
v -798.6112060546875 1135.215087890625 798.6109619140625
v -826.5625 1189.4803466796875 718.7498168945312
v -862.5001220703125 1066.477783203125 718.7498168945312
v -826.5625 1189.4803466796875 718.7498168945312
v -798.611083984375 1163.1142578125 638.8887329101562
v -826.5625 1097.2587890625 610.9373168945312
v -863.4150390625 814.1598510742188 863.404052734375
v -718.7501220703125 908.9030151367188 898.4373779296875
v -718.7501220703125 1038.9471435546875 862.4998779296875
v -718.7501220703125 908.9030151367188 898.4373779296875
v -598.0001220703125 937.4683227539062 863.8019409179688
v -610.9376220703125 1055.962890625 826.5623779296875
v -638.8889770507812 1120.2886962890625 798.6110229492188
v -718.7501220703125 1155.067138671875 826.5623168945312
v -718.7501220703125 1038.9471435546875 862.4998779296875
v -718.7501220703125 1155.067138671875 826.5623168945312
v -798.6112060546875 1135.215087890625 798.6109619140625
v -826.5626220703125 1034.4859619140625 826.5623779296875
v -598.0001220703125 937.4683227539062 863.8019409179688
v -575.0001220703125 951.2609252929688 718.7498779296875
v -575.0000610351562 1061.634765625 718.7498779296875
v -575.0001220703125 951.2609252929688 718.7498779296875
v -598 964.3488159179688 574.9998779296875
v -610.9375 1068.5174560546875 610.9373168945312
v -638.8888549804688 1125.868408203125 638.8887329101562
v -610.9375 1133.2083740234375 718.7498168945312
v -575.0000610351562 1061.634765625 718.7498779296875
v -610.9375 1133.2083740234375 718.7498168945312
v -638.8889770507812 1120.2886962890625 798.6110229492188
v -610.9376220703125 1055.962890625 826.5623779296875
v -2.086933135986328 1035.2484130859375 -552.0000610351562
v -48.98133850097656 1118.85791015625 -431.25006103515625
v 0.00007846837979741395 1521.760498046875 -431.25006103515625
v -48.98133850097656 1118.85791015625 -431.25006103515625
v -98.67259979248047 1217.378173828125 -351.3888854980469
v -48.98135757446289 1508.40478515625 -323.43756103515625
v -2.0869808197021484 1971.0035400390625 -287.5000915527344
v 35.93757247924805 1936.22607421875 -431.2500915527344
v 0.00007846837979741395 1521.760498046875 -431.25006103515625
v 35.93757247924805 1936.22607421875 -431.2500915527344
v 63.88896560668945 1825.345947265625 -511.1111755371094
v 35.93758773803711 1521.760498046875 -539.0625610351562
v -98.67259979248047 1217.378173828125 -351.3888854980469
v -222.01344299316406 1105.5020751953125 -323.4375
v -195.92562866210938 1468.33740234375 -287.5000305175781
v -222.01344299316406 1105.5020751953125 -323.4375
v -412.6788635253906 1020.2901000976562 -287.50006103515625
v -342.8699035644531 1428.27001953125 -251.56253051757812
v -264.19219970703125 1695.5526123046875 -223.6111602783203
v -156.79391479492188 1831.172607421875 -251.5625762939453
v -195.92562866210938 1468.33740234375 -287.5000305175781
v -156.79391479492188 1831.172607421875 -251.5625762939453
v -2.0869808197021484 1971.0035400390625 -287.5000915527344
v -48.98135757446289 1508.40478515625 -323.43756103515625
v -412.6788635253906 1020.2901000976562 -287.50006103515625
v -444.0269470214844 1039.580810546875 -143.75003051757812
v -285.01239013671875 1414.9140625 -143.75006103515625
v -444.0269470214844 1039.580810546875 -143.75003051757812
v -388.5235900878906 1042.919677734375 -35.93754577636719
v -236.031005859375 1428.27001953125 -35.93756866455078
v -264.19219970703125 1695.5526123046875 -63.88896179199219
v -277.6502990722656 1764.3934326171875 -143.7500762939453
v -285.01239013671875 1414.9140625 -143.75006103515625
v -277.6502990722656 1764.3934326171875 -143.7500762939453
v -264.19219970703125 1695.5526123046875 -223.6111602783203
v -342.8699035644531 1428.27001953125 -251.56253051757812
v -388.5235900878906 1042.919677734375 -35.93754577636719
v -222.0134735107422 1052.9366455078125 -0.00005284554208628833
v -195.9256591796875 1468.33740234375 -0.00007087882841005921
v -222.0134735107422 1052.9366455078125 -0.00005284554208628833
v -55.503379821777344 1060.6573486328125 38.41304397583008
v -48.981414794921875 1499.220458984375 35.93743896484375
v -2.087026357650757 1960.7171630859375 -0.00007886824460001662
v -156.79391479492188 1831.172607421875 -35.93758010864258
v -195.9256591796875 1468.33740234375 -0.00007087882841005921
v -156.79391479492188 1831.172607421875 -35.93758010864258
v -264.19219970703125 1695.5526123046875 -63.88896179199219
v -236.031005859375 1428.27001953125 -35.93756866455078
v -55.503379821777344 1060.6573486328125 38.41304397583008
v -0.000021293515601428226 1057.108154296875 153.65232849121094
v -0.000021705651306547225 1485.0234375 143.74996948242188
v -0.000021293515601428226 1057.108154296875 153.65232849121094
v 35.937461853027344 1050.219970703125 268.8915710449219
v 35.937461853027344 1457.470458984375 251.5624542236328
v 63.88885498046875 1739.625732421875 223.61109924316406
v 35.937477111816406 1871.93603515625 143.74993896484375
v -0.000021705651306547225 1485.0234375 143.74996948242188
v 35.937477111816406 1871.93603515625 143.74993896484375
v -2.087026357650757 1960.7171630859375 -0.00007886824460001662
v -48.981414794921875 1499.220458984375 35.93743896484375
v 35.937461853027344 1050.219970703125 268.8915710449219
v 143.7499542236328 1047.923828125 307.3046569824219
v 143.7499542236328 1448.2860107421875 287.49993896484375
v 143.7499542236328 1047.923828125 307.3046569824219
v 287.49993896484375 1059.439697265625 275.590576171875
v 251.5624542236328 1501.3338623046875 251.5624237060547
v 223.61109924316406 1779.67724609375 223.6110382080078
v 143.74996948242188 1826.0145263671875 251.5624237060547
v 143.7499542236328 1448.2860107421875 287.49993896484375
v 143.74996948242188 1826.0145263671875 251.5624237060547
v 63.88885498046875 1739.625732421875 223.61109924316406
v 35.937461853027344 1457.470458984375 251.5624542236328
v 287.49993896484375 1059.439697265625 275.590576171875
v 323.43743896484375 1315.03955078125 143.7499542236328
v 287.49993896484375 1660.4774169921875 143.74993896484375
v 323.43743896484375 1315.03955078125 143.7499542236328
v 334.608154296875 1475.9522705078125 -0.000013770869372820016
v 287.5 1819.620849609375 -0.00003612686487031169
v 251.5625 2086.5283203125 -0.00005322016659192741
v 251.56246948242188 1962.0513916015625 143.7499237060547
v 287.49993896484375 1660.4774169921875 143.74993896484375
v 251.56246948242188 1962.0513916015625 143.7499237060547
v 223.61109924316406 1779.67724609375 223.6110382080078
v 251.5624542236328 1501.3338623046875 251.5624237060547
v 334.608154296875 1475.9522705078125 -0.000013770869372820016
v 323.4375305175781 1529.58984375 -143.75003051757812
v 287.5 1872.66845703125 -143.75003051757812
v 323.4375305175781 1529.58984375 -143.75003051757812
v 311.7781066894531 1416.751708984375 -287.5
v 287.49993896484375 1828.80517578125 -287.5000305175781
v 251.5625 2102.600830078125 -287.50006103515625
v 251.56246948242188 2128.020263671875 -143.75006103515625
v 287.5 1872.66845703125 -143.75003051757812
v 251.56246948242188 2128.020263671875 -143.75006103515625
v 251.5625 2086.5283203125 -0.00005322016659192741
v 287.5 1819.620849609375 -0.00003612686487031169
v 311.7781066894531 1416.751708984375 -287.5
v 287.50006103515625 1271.658447265625 -431.25
v 287.5000305175781 1697.2144775390625 -431.25006103515625
v 287.50006103515625 1271.658447265625 -431.25
v 251.5625762939453 1117.634033203125 -539.0624389648438
v 251.5625762939453 1565.6239013671875 -539.0624389648438
v 223.6111602783203 1865.3974609375 -511.1111145019531
v 251.56253051757812 2026.341796875 -431.25006103515625
v 287.5000305175781 1697.2144775390625 -431.25006103515625
v 251.56253051757812 2026.341796875 -431.25006103515625
v 251.5625 2102.600830078125 -287.50006103515625
v 287.49993896484375 1828.80517578125 -287.5000305175781
v 251.5625762939453 1117.634033203125 -539.0624389648438
v 143.7500762939453 1066.29248046875 -575.0000610351562
v 143.7500762939453 1521.760498046875 -575.0000610351562
v 143.7500762939453 1066.29248046875 -575.0000610351562
v -2.086933135986328 1035.2484130859375 -552.0000610351562
v 35.93758773803711 1521.760498046875 -539.0625610351562
v 63.88896560668945 1825.345947265625 -511.1111755371094
v 143.7500762939453 1936.22607421875 -539.0626220703125
v 143.7500762939453 1521.760498046875 -575.0000610351562
v 143.7500762939453 1936.22607421875 -539.0626220703125
v 223.6111602783203 1865.3974609375 -511.1111145019531
v 251.5625762939453 1565.6239013671875 -539.0624389648438
v 1006.2501220703125 1183.7548828125 -1006.2498779296875
v 1006.2501220703125 1146.6123046875 -898.4375
v 1086.1112060546875 1108.7384033203125 -926.3887329101562
v 1006.2501831054688 1158.8551025390625 -1114.0623779296875
v 1006.2501220703125 1183.7548828125 -1006.2498779296875
v 1114.0626220703125 1118.179931640625 -1006.2498779296875
v 1006.2501220703125 1183.7548828125 -1006.2498779296875
v 1006.2501831054688 1158.8551025390625 -1114.0623779296875
v 862.5001831054688 1201.56396484375 -1114.0623779296875
v 1006.2501220703125 1146.6123046875 -898.4375
v 1006.2501220703125 1183.7548828125 -1006.2498779296875
v 862.5001220703125 1232.5650634765625 -1006.2498779296875
v 718.7501220703125 1248.835205078125 -1006.2498779296875
v 718.7501220703125 1203.5576171875 -898.4375
v 862.5001220703125 1183.1998291015625 -898.4375
v 718.7501831054688 1215.80029296875 -1114.0623779296875
v 718.7501220703125 1248.835205078125 -1006.2498779296875
v 862.5001220703125 1232.5650634765625 -1006.2498779296875
v 718.7501220703125 1248.835205078125 -1006.2498779296875
v 718.7501831054688 1215.80029296875 -1114.0623779296875
v 638.8890991210938 1190.1068115234375 -1086.111083984375
v 718.7501220703125 1203.5576171875 -898.4375
v 718.7501220703125 1248.835205078125 -1006.2498779296875
v 610.9376220703125 1215.8004150390625 -1006.2498779296875
v 431.2501525878906 -0.000043984582589473575 -1006.2498779296875
v 431.2500915527344 -0.000037701069231843576 -862.4998779296875
v 539.0626220703125 70.50413513183594 -862.4998779296875
v 431.25018310546875 -0.00005026809230912477 -1149.999755859375
v 431.2501525878906 -0.000043984582589473575 -1006.2498779296875
v 539.0626220703125 70.5041275024414 -1006.2498779296875
v 431.2501525878906 -0.000043984582589473575 -1006.2498779296875
v 431.25018310546875 -0.00005026809230912477 -1149.999755859375
v 287.5001525878906 -0.000050268095947103575 -1150
v 431.2500915527344 -0.000037701069231843576 -862.4998779296875
v 431.2501525878906 -0.000043984582589473575 -1006.2498779296875
v 287.5001525878906 -0.000043984582589473575 -1006.2498779296875
v 143.75015258789062 -0.00004398458622745238 -1006.25
v 143.75013732910156 208.34368896484375 -862.5
v 287.5001220703125 -0.000037701069231843576 -862.4998779296875
v 143.7501678466797 -0.000050268095947103575 -1150
v 143.75015258789062 -0.00004398458622745238 -1006.25
v 287.5001525878906 -0.000043984582589473575 -1006.2498779296875
v 143.75015258789062 -0.00004398458622745238 -1006.25
v 143.7501678466797 -0.000050268095947103575 -1150
v 0.0001736451667966321 -0.000050268095947103575 -1150
v 143.75013732910156 208.34368896484375 -862.5
v 143.75015258789062 -0.00004398458622745238 -1006.25
v 0.00015193953004200011 208.34368896484375 -1006.25
v -143.74984741210938 208.34368896484375 -1006.25
v -143.74986267089844 -0.000037701069231843576 -862.5
v 0.0001302338787354529 208.34368896484375 -862.5
v -143.7498321533203 -0.000050268095947103575 -1150
v -143.74984741210938 208.34368896484375 -1006.25
v 0.00015193953004200011 208.34368896484375 -1006.25
v -143.74984741210938 208.34368896484375 -1006.25
v -143.7498321533203 -0.000050268095947103575 -1150
v -287.49981689453125 -0.000050268095947103575 -1150
v -143.74986267089844 -0.000037701069231843576 -862.5
v -143.74984741210938 208.34368896484375 -1006.25
v -287.4998474121094 -0.00004398458622745238 -1006.25
v -431.2498474121094 -0.00004398458622745238 -1006.25
v -431.2498474121094 -0.00003770107286982238 -862.5
v -287.4998779296875 208.34368896484375 -862.5
v -431.24981689453125 -0.00005026810322306119 -1150.0001220703125
v -431.2498474121094 -0.00004398458622745238 -1006.25
v -287.4998474121094 -0.00004398458622745238 -1006.25
v -431.2498474121094 -0.00004398458622745238 -1006.25
v -431.24981689453125 -0.00005026810322306119 -1150.0001220703125
v -574.9998168945312 -0.00005026810322306119 -1150.0001220703125
v -431.2498474121094 -0.00003770107286982238 -862.5
v -431.2498474121094 -0.00004398458622745238 -1006.25
v -539.0623779296875 70.5041275024414 -1006.25
v -718.7498779296875 1344.5224609375 -1006.2501831054688
v -718.7498779296875 1235.095703125 -898.4376831054688
v -638.8887939453125 1225.26220703125 -926.3890380859375
v -718.7498168945312 1359.3314208984375 -1114.062744140625
v -718.7498779296875 1344.5224609375 -1006.2501831054688
v -610.9373779296875 1299.5267333984375 -1006.2501831054688
v -718.7498779296875 1344.5224609375 -1006.2501831054688
v -718.7498168945312 1359.3314208984375 -1114.062744140625
v -798.6109008789062 1299.685791015625 -1086.1112060546875
v -718.7498779296875 1235.095703125 -898.4376831054688
v -718.7498779296875 1344.5224609375 -1006.2501831054688
v -826.5623779296875 1294.9002685546875 -1006.2501831054688
v -1006.2498168945312 947.5445556640625 -1006.2501220703125
v -1011.424072265625 869.245361328125 -898.4376831054688
v -863.3276977539062 920.257080078125 -885.5001220703125
v -1006.2498168945312 922.7384643554688 -1114.0626220703125
v -1006.2498168945312 947.5445556640625 -1006.2501220703125
v -898.4373779296875 997.1668090820312 -1006.2501220703125
v -1006.2498168945312 947.5445556640625 -1006.2501220703125
v -1006.2498168945312 922.7384643554688 -1114.0626220703125
v -1088.41064453125 873.5014038085938 -1086.1112060546875
v -1011.424072265625 869.245361328125 -898.4376831054688
v -1006.2498168945312 947.5445556640625 -1006.2501220703125
v -1119.236572265625 892.3781127929688 -1006.2501831054688
v 1006.2501220703125 -0.00003141755223623477 -718.7498779296875
v 1006.2501220703125 54.70980453491211 -610.9373779296875
v 1150.0001220703125 -0.00002513403887860477 -574.9998168945312
v 1006.2501220703125 70.50413513183594 -826.5623779296875
v 1006.2501220703125 -0.00003141755223623477 -718.7498779296875
v 1150.0001220703125 -0.00003141755223623477 -718.7498168945312
v 1006.2501220703125 -0.00003141755223623477 -718.7498779296875
v 1006.2501220703125 70.50413513183594 -826.5623779296875
v 926.388916015625 125.34071350097656 -798.6110229492188
v 1006.2501220703125 54.70980453491211 -610.9373779296875
v 1006.2501220703125 -0.00003141755223623477 -718.7498779296875
v 898.4376220703125 70.50414276123047 -718.7498779296875
v 718.7501220703125 886.6143188476562 -718.7498779296875
v 718.7500610351562 846.2916259765625 -610.9373779296875
v 798.6111450195312 776.8406982421875 -638.8888549804688
v 718.7501220703125 931.8919067382812 -826.5623779296875
v 718.7501220703125 886.6143188476562 -718.7498779296875
v 826.5626220703125 785.077392578125 -718.7498779296875
v 718.7501220703125 886.6143188476562 -718.7498779296875
v 718.7501220703125 931.8919067382812 -826.5623779296875
v 598.0001220703125 958.3453979492188 -862.4998779296875
v 718.7500610351562 846.2916259765625 -610.9373779296875
v 718.7501220703125 886.6143188476562 -718.7498779296875
v 610.9376220703125 907.5059204101562 -718.7498779296875
v 431.2500915527344 -0.000031417555874213576 -718.7498779296875
v 431.2500915527344 70.504150390625 -610.9373779296875
v 511.1111755371094 125.3407211303711 -638.8888549804688
v 431.2500915527344 -0.000037701069231843576 -862.4998779296875
v 431.2500915527344 -0.000031417555874213576 -718.7498779296875
v 539.0626220703125 70.50414276123047 -718.7498779296875
v 431.2500915527344 -0.000031417555874213576 -718.7498779296875
v 431.2500915527344 -0.000037701069231843576 -862.4998779296875
v 287.5001220703125 -0.000037701069231843576 -862.4998779296875
v 431.2500915527344 70.504150390625 -610.9373779296875
v 431.2500915527344 -0.000031417555874213576 -718.7498779296875
v 287.5001220703125 -0.000031417555874213576 -718.7498779296875
v 143.75010681152344 -0.000031417559512192383 -718.75
v 143.7500762939453 70.504150390625 -610.9375
v 287.5000915527344 70.504150390625 -610.9373779296875
v 143.75013732910156 208.34368896484375 -862.5
v 143.75010681152344 -0.000031417559512192383 -718.75
v 287.5001220703125 -0.000031417555874213576 -718.7498779296875
v 143.75010681152344 -0.000031417559512192383 -718.75
v 143.75013732910156 208.34368896484375 -862.5
v 0.0001302338787354529 208.34368896484375 -862.5
v 143.7500762939453 70.504150390625 -610.9375
v 143.75010681152344 -0.000031417559512192383 -718.75
v 0.00010852822742890567 -0.000031417559512192383 -718.75
v -143.74989318847656 -0.000031417559512192383 -718.75
v -143.74990844726562 60.38432312011719 -610.9375
v 0.00009224899258697405 67.97418212890625 -610.9375
v -143.74986267089844 -0.000037701069231843576 -862.5
v -143.74989318847656 -0.000031417559512192383 -718.75
v 0.00010852822742890567 -0.000031417559512192383 -718.75
v -143.74989318847656 -0.000031417559512192383 -718.75
v -143.74986267089844 -0.000037701069231843576 -862.5
v -287.4998779296875 208.34368896484375 -862.5
v -143.74990844726562 60.38432312011719 -610.9375
v -143.74989318847656 -0.000031417559512192383 -718.75
v -287.4998779296875 208.34371948242188 -718.7500610351562
v -431.2498474121094 -0.00003141756315017119 -718.7500610351562
v -431.2499084472656 50.264495849609375 -610.9375610351562
v -287.4999084472656 52.794456481933594 -610.9375610351562
v -431.2498474121094 -0.00003770107286982238 -862.5
v -431.2498474121094 -0.00003141756315017119 -718.7500610351562
v -287.4998779296875 208.34371948242188 -718.7500610351562
v -431.2498474121094 -0.00003141756315017119 -718.7500610351562
v -431.2498474121094 -0.00003770107286982238 -862.5
v -539.0623779296875 70.50413513183594 -862.5
v -431.2499084472656 50.264495849609375 -610.9375610351562
v -431.2498474121094 -0.00003141756315017119 -718.7500610351562
v -539.0623779296875 70.50414276123047 -718.7500610351562
v -718.7498779296875 564.0333251953125 -718.7501220703125
v -718.7498779296875 493.52911376953125 -610.9376220703125
v -638.8887939453125 438.6925354003906 -638.8890380859375
v -718.7498779296875 611.9722290039062 -826.5626220703125
v -718.7498779296875 564.0333251953125 -718.7501220703125
v -610.9373779296875 493.52911376953125 -718.7501220703125
v -718.7498779296875 564.0333251953125 -718.7501220703125
v -718.7498779296875 611.9722290039062 -826.5626220703125
v -871.5547485351562 595.8541259765625 -826.5626220703125
v -718.7498779296875 493.52911376953125 -610.9376220703125
v -718.7498779296875 564.0333251953125 -718.7501220703125
v -872.8483276367188 549.5783081054688 -718.7501220703125
v -1047.6436767578125 506.213134765625 -718.7501831054688
v -1042.469482421875 442.9365234375 -610.9376831054688
v -871.5547485351562 480.8809814453125 -610.9376220703125
v -1042.469482421875 556.7529907226562 -826.5626831054688
v -1047.6436767578125 506.213134765625 -718.7501831054688
v -872.8483276367188 549.5783081054688 -718.7501220703125
v -1047.6436767578125 506.213134765625 -718.7501831054688
v -1042.469482421875 556.7529907226562 -826.5626831054688
v -1185.7791748046875 465.2661437988281 -862.5001831054688
v -1042.469482421875 442.9365234375 -610.9376831054688
v -1047.6436767578125 506.213134765625 -718.7501831054688
v -1176.1531982421875 406.798828125 -718.7501831054688
v 1006.25 437.6786193847656 -431.2498474121094
v 1006.25 382.9687805175781 -323.4373474121094
v 1086.111083984375 291.27874755859375 -351.38873291015625
v 1006.25 382.9687805175781 -539.0623779296875
v 1006.25 437.6786193847656 -431.2498474121094
v 1114.0626220703125 303.9970703125 -431.24981689453125
v 1006.25 437.6786193847656 -431.2498474121094
v 1006.25 382.9687805175781 -539.0623779296875
v 863.3875732421875 534.2538452148438 -574.9998779296875
v 1006.25 382.9687805175781 -323.4373474121094
v 1006.25 437.6786193847656 -431.2498474121094
v 870.4883422851562 532.4446411132812 -431.2498474121094
v 750.703125 564.0333862304688 -431.2499084472656
v 766.6796264648438 493.5291748046875 -323.4374084472656
v 874.482421875 465.8890686035156 -323.4374084472656
v 726.73828125 604.35595703125 -539.0623779296875
v 750.703125 564.0333862304688 -431.2499084472656
v 870.4883422851562 532.4446411132812 -431.2498474121094
v 750.703125 564.0333862304688 -431.2499084472656
v 726.73828125 604.35595703125 -539.0623779296875
v 580.3255615234375 554.7001953125 -575.0000610351562
v 766.6796264648438 493.5291748046875 -323.4374084472656
v 750.703125 564.0333862304688 -431.2499084472656
v 622.9296264648438 564.0333862304688 -431.24993896484375
v 463.2030944824219 564.0333862304688 -431.25
v 479.1796569824219 648.8992919921875 -323.43743896484375
v 670.8592529296875 559.6495361328125 -287.49993896484375
v 439.2383117675781 493.5291748046875 -539.0623779296875
v 463.2030944824219 564.0333862304688 -431.25
v 622.9296264648438 564.0333862304688 -431.24993896484375
v 463.2030944824219 564.0333862304688 -431.25
v 439.2383117675781 493.5291748046875 -539.0623779296875
v 288.7782287597656 557.7206420898438 -552
v 479.1796569824219 648.8992919921875 -323.43743896484375
v 463.2030944824219 564.0333862304688 -431.25
v 331.42584228515625 648.8992919921875 -431.25
v 143.7500457763672 2105.216064453125 -431.25006103515625
v 143.75001525878906 2139.9052734375 -287.50006103515625
v 251.5625 2102.600830078125 -287.50006103515625
v 143.7500762939453 1936.22607421875 -539.0626220703125
v 143.7500457763672 2105.216064453125 -431.25006103515625
v 251.56253051757812 2026.341796875 -431.25006103515625
v 143.7500457763672 2105.216064453125 -431.25006103515625
v 143.7500762939453 1936.22607421875 -539.0626220703125
v 63.88896560668945 1825.345947265625 -511.1111755371094
v 143.75001525878906 2139.9052734375 -287.50006103515625
v 143.7500457763672 2105.216064453125 -431.25006103515625
v 35.93757247924805 1936.22607421875 -431.2500915527344
v -195.92559814453125 984.5570678710938 -431.25006103515625
v -222.01344299316406 1105.5020751953125 -323.4375
v -98.67259979248047 1217.378173828125 -351.3888854980469
v -156.79383850097656 921.871826171875 -539.0625610351562
v -195.92559814453125 984.5570678710938 -431.25006103515625
v -48.98133850097656 1118.85791015625 -431.25006103515625
v -195.92559814453125 984.5570678710938 -431.25006103515625
v -156.79383850097656 921.871826171875 -539.0625610351562
v -258.394775390625 864.1211547851562 -511.1111755371094
v -222.01344299316406 1105.5020751953125 -323.4375
v -195.92559814453125 984.5570678710938 -431.25006103515625
v -329.825927734375 921.871826171875 -431.25006103515625
v -431.24993896484375 483.07476806640625 -431.25006103515625
v -431.24993896484375 543.793701171875 -287.50006103515625
v -346.2643127441406 598.88916015625 -287.50006103515625
v -431.24993896484375 372.09124755859375 -539.0625610351562
v -431.24993896484375 483.07476806640625 -431.25006103515625
v -336.4813537597656 545.760009765625 -431.2500915527344
v -431.24993896484375 483.07476806640625 -431.25006103515625
v -431.24993896484375 372.09124755859375 -539.0625610351562
v -511.111083984375 344.24090576171875 -511.1111755371094
v -431.24993896484375 543.793701171875 -287.50006103515625
v -431.24993896484375 483.07476806640625 -431.25006103515625
v -539.0623779296875 422.6904296875 -431.2500915527344
v -718.7498779296875 -0.000018850541891879402 -431.2500915527344
v -718.7498779296875 -0.000012567029443744104 -287.5001220703125
v -610.9373779296875 67.97421264648438 -287.5000915527344
v -718.7498779296875 70.504150390625 -539.0626220703125
v -718.7498779296875 -0.000018850541891879402 -431.2500915527344
v -610.9373779296875 60.38432693481445 -431.2500915527344
v -718.7498779296875 -0.000018850541891879402 -431.2500915527344
v -718.7498779296875 70.504150390625 -539.0626220703125
v -863.79345703125 68.69727325439453 -539.0626220703125
v -718.7498779296875 -0.000012567029443744104 -287.5001220703125
v -718.7498779296875 -0.000018850541891879402 -431.2500915527344
v -862.4998779296875 -0.000018850541891879402 -431.2500915527344
v -1006.2498779296875 -0.000018850541891879402 -431.2501525878906
v -1006.2498779296875 250.69918823242188 -287.5001525878906
v -862.4998779296875 250.69918823242188 -287.5000915527344
v -1011.424072265625 63.27662658691406 -539.0626831054688
v -1006.2498779296875 -0.000018850541891879402 -431.2501525878906
v -862.4998779296875 -0.000018850541891879402 -431.2500915527344
v -1006.2498779296875 -0.000018850541891879402 -431.2501525878906
v -1011.424072265625 63.27662658691406 -539.0626831054688
v -1149.999755859375 -0.000025134057068498805 -575.0001831054688
v -1006.2498779296875 250.69918823242188 -287.5001525878906
v -1006.2498779296875 -0.000018850541891879402 -431.2501525878906
v -1149.999755859375 -0.000018850543710868806 -431.25018310546875
v 1006.25 -0.000006283504717430333 -143.74984741210938
v 1006.25 148.19676208496094 0.000145461643114686
v 1150 7.590271293433926e-12 0.0001736451667966321
v 1006.25 54.709815979003906 -251.5623321533203
v 1006.25 -0.000006283504717430333 -143.74984741210938
v 1150 -0.000006283504717430333 -143.7498321533203
v 1006.25 -0.000006283504717430333 -143.74984741210938
v 1006.25 54.709815979003906 -251.5623321533203
v 864.4970703125 66.55557250976562 -251.56236267089844
v 1006.25 148.19676208496094 0.000145461643114686
v 1006.25 -0.000006283504717430333 -143.74984741210938
v 862.5 -0.0000062835056269250344 -143.74986267089844
v 718.75 -0.000006283506991167087 -143.74989318847656
v 718.75 148.19676208496094 0.00010205035505350679
v 862.5 148.19676208496094 0.0001237559918081388
v 726.73828125 70.50415802001953 -251.5623779296875
v 718.75 -0.000006283506991167087 -143.74989318847656
v 862.5 -0.0000062835056269250344 -143.74986267089844
v 718.75 -0.000006283506991167087 -143.74989318847656
v 726.73828125 70.50415802001953 -251.5623779296875
v 663.7413330078125 125.34073638916016 -223.61102294921875
v 718.75 148.19676208496094 0.00010205035505350679
v 718.75 -0.000006283506991167087 -143.74989318847656
v 626.9140625 70.50416564941406 -143.74990844726562
v 431.25 1242.9609375 -143.75
v 442.4206237792969 1210.660400390625 0.000019826682546408847
v 447.548095703125 988.5174560546875 0.000050787970394594595
v 439.2382507324219 1158.094970703125 -251.56246948242188
v 431.25 1242.9609375 -143.75
v 555.0390625 996.592529296875 -143.74996948242188
v 431.25 1242.9609375 -143.75
v 439.2382507324219 1158.094970703125 -251.56246948242188
v 311.7781066894531 1416.751708984375 -287.5
v 442.4206237792969 1210.660400390625 0.000019826682546408847
v 431.25 1242.9609375 -143.75
v 323.4375305175781 1529.58984375 -143.75003051757812
v 143.75 2151.4677734375 -143.7500762939453
v 143.75 2121.53662109375 -0.00006721496902173385
v 251.5625 2086.5283203125 -0.00005322016659192741
v 143.75001525878906 2139.9052734375 -287.50006103515625
v 143.75 2151.4677734375 -143.7500762939453
v 251.56246948242188 2128.020263671875 -143.75006103515625
v 143.75 2151.4677734375 -143.7500762939453
v 143.75001525878906 2139.9052734375 -287.50006103515625
v -2.0869808197021484 1971.0035400390625 -287.5000915527344
v 143.75 2121.53662109375 -0.00006721496902173385
v 143.75 2151.4677734375 -143.7500762939453
v 0.000017890948583954014 2055.37841796875 -143.75009155273438
v -143.75 1952.1175537109375 -143.75006103515625
v -156.79391479492188 1831.172607421875 -35.93758010864258
v -2.087026357650757 1960.7171630859375 -0.00007886824460001662
v -156.79391479492188 1831.172607421875 -251.5625762939453
v -143.75 1952.1175537109375 -143.75006103515625
v 0.000017890948583954014 2055.37841796875 -143.75009155273438
v -143.75 1952.1175537109375 -143.75006103515625
v -156.79391479492188 1831.172607421875 -251.5625762939453
v -264.19219970703125 1695.5526123046875 -223.6111602783203
v -156.79391479492188 1831.172607421875 -35.93758010864258
v -143.75 1952.1175537109375 -143.75006103515625
v -277.6502990722656 1764.3934326171875 -143.7500762939453
v -431.24993896484375 564.0333862304688 -143.7500762939453
v -431.25 538.207275390625 -0.00007719863060628995
v -302.109130859375 583.2125854492188 1.5843312740325928
v -431.24993896484375 543.793701171875 -287.50006103515625
v -431.24993896484375 564.0333862304688 -143.7500762939453
v -349.5252990722656 616.5988159179688 -143.75003051757812
v -431.24993896484375 564.0333862304688 -143.7500762939453
v -431.24993896484375 543.793701171875 -287.50006103515625
v -539.0623779296875 475.8194885253906 -287.5001220703125
v -431.25 538.207275390625 -0.00007719863060628995
v -431.24993896484375 564.0333862304688 -143.7500762939453
v -539.0625 493.5291748046875 -143.75009155273438
v -718.75 -0.000006283516086114105 -143.75010681152344
v -718.75 -4.743919666816421e-12 -0.00010852822742890567
v -610.9375 67.27590942382812 -0.00009518972365185618
v -718.7498779296875 -0.000012567029443744104 -287.5001220703125
v -718.75 -0.000006283516086114105 -143.75010681152344
v -610.9375 70.50416564941406 -143.7500762939453
v -718.75 -0.000006283516086114105 -143.75010681152344
v -718.7498779296875 -0.000012567029443744104 -287.5001220703125
v -862.4998779296875 250.69918823242188 -287.5000915527344
v -718.75 -4.743919666816421e-12 -0.00010852822742890567
v -718.75 -0.000006283516086114105 -143.75010681152344
v -862.5 250.69920349121094 -143.75013732910156
v -1006.25 -0.000006283518359850859 -143.75015258789062
v -1006.25 -6.641487707015337e-12 -0.00015193953004200011
v -862.5 250.69920349121094 -0.00014119228580966592
v -1006.2498779296875 250.69918823242188 -287.5001525878906
v -1006.25 -0.000006283518359850859 -143.75015258789062
v -862.5 250.69920349121094 -143.75013732910156
v -1006.25 -0.000006283518359850859 -143.75015258789062
v -1006.2498779296875 250.69918823242188 -287.5001525878906
v -1150 -0.000012567031262733508 -287.5001525878906
v -1006.25 -6.641487707015337e-12 -0.00015193953004200011
v -1006.25 -0.000006283518359850859 -143.75015258789062
v -1150 -0.000006283519269345561 -143.7501678466797
v 1006.25 148.19677734375 143.75013732910156
v 1006.2498779296875 0.000012567031262733508 287.5001525878906
v 1150 0.000012567031262733508 287.5001525878906
v 1006.25 148.19676208496094 0.000145461643114686
v 1006.25 148.19677734375 143.75013732910156
v 1150 0.000006283519269345561 143.7501678466797
v 1006.25 148.19677734375 143.75013732910156
v 1006.25 148.19676208496094 0.000145461643114686
v 862.5 148.19676208496094 0.0001237559918081388
v 1006.2498779296875 0.000012567031262733508 287.5001525878906
v 1006.25 148.19677734375 143.75013732910156
v 862.5 0.000006283517905103508 143.75013732910156
v 718.75 0.000006283516086114105 143.75010681152344
v 718.7498779296875 0.000012567029443744104 287.5001220703125
v 862.4998779296875 148.19677734375 287.5001220703125
v 718.75 148.19676208496094 0.00010205035505350679
v 718.75 0.000006283516086114105 143.75010681152344
v 862.5 0.000006283517905103508 143.75013732910156
v 718.75 0.000006283516086114105 143.75010681152344
v 718.75 148.19676208496094 0.00010205035505350679
v 624.9169921875 70.5041732788086 0.00009032433445099741
v 718.7498779296875 0.000012567029443744104 287.5001220703125
v 718.75 0.000006283516086114105 143.75010681152344
v 618.92578125 70.5041732788086 143.7500762939453
v 431.24993896484375 1113.759033203125 143.75001525878906
v 431.24993896484375 964.2920532226562 261.46484375
v 514.661376953125 905.4631958007812 228.01220703125
v 442.4206237792969 1210.660400390625 0.000019826682546408847
v 431.24993896484375 1113.759033203125 143.75001525878906
v 547.05078125 964.2920532226562 143.75003051757812
v 431.24993896484375 1113.759033203125 143.75001525878906
v 442.4206237792969 1210.660400390625 0.000019826682546408847
v 334.608154296875 1475.9522705078125 -0.000013770869372820016
v 431.24993896484375 964.2920532226562 261.46484375
v 431.24993896484375 1113.759033203125 143.75001525878906
v 323.43743896484375 1315.03955078125 143.7499542236328
v 143.74996948242188 2031.7415771484375 143.7499237060547
v 143.74996948242188 1826.0145263671875 251.5624237060547
v 223.61109924316406 1779.67724609375 223.6110382080078
v 143.75 2121.53662109375 -0.00006721496902173385
v 143.74996948242188 2031.7415771484375 143.7499237060547
v 251.56246948242188 1962.0513916015625 143.7499237060547
v 143.74996948242188 2031.7415771484375 143.7499237060547
v 143.75 2121.53662109375 -0.00006721496902173385
v -2.087026357650757 1960.7171630859375 -0.00007886824460001662
v 143.74996948242188 1826.0145263671875 251.5624237060547
v 143.74996948242188 2031.7415771484375 143.7499237060547
v 35.937477111816406 1871.93603515625 143.74993896484375
v -143.75003051757812 512.3812255859375 183.35934448242188
v -143.7500457763672 456.3809509277344 346.91400146484375
v -0.000037750403862446547 535.7174682617188 406.3281555175781
v -156.79391479492188 603.685791015625 45.839805603027344
v -143.75003051757812 512.3812255859375 183.35934448242188
v -35.93751907348633 603.685791015625 203.16403198242188
v -143.75003051757812 512.3812255859375 183.35934448242188
v -156.79391479492188 603.685791015625 45.839805603027344
v -302.109130859375 583.2125854492188 1.5843312740325928
v -143.7500457763672 456.3809509277344 346.91400146484375
v -143.75003051757812 512.3812255859375 183.35934448242188
v -287.5000305175781 473.6420593261719 153.65228271484375
v -431.25006103515625 460.72906494140625 143.7499237060547
v -431.2500915527344 338.5727233886719 251.56240844726562
v -287.5000305175781 355.321044921875 297.0061950683594
v -431.25 538.207275390625 -0.00007719863060628995
v -431.25006103515625 460.72906494140625 143.7499237060547
v -287.5000305175781 473.6420593261719 153.65228271484375
v -431.25006103515625 460.72906494140625 143.7499237060547
v -431.25 538.207275390625 -0.00007719863060628995
v -539.0625 470.93133544921875 -0.0001010275591397658
v -431.2500915527344 338.5727233886719 251.56240844726562
v -431.25006103515625 460.72906494140625 143.7499237060547
v -539.0625 403.1379089355469 143.74990844726562
v -718.75 0.000006283506991167087 143.74989318847656
v -718.7500610351562 70.50418090820312 251.5623779296875
v -575.0001220703125 52.62690734863281 287.49993896484375
v -718.75 -4.743919666816421e-12 -0.00010852822742890567
v -718.75 0.000006283506991167087 143.74989318847656
v -610.9375 57.59114074707031 143.74990844726562
v -718.75 0.000006283506991167087 143.74989318847656
v -718.75 -4.743919666816421e-12 -0.00010852822742890567
v -862.5 250.69920349121094 -0.00014119228580966592
v -718.7500610351562 70.50418090820312 251.5623779296875
v -718.75 0.000006283506991167087 143.74989318847656
v -862.5 0.0000062835056269250344 143.74986267089844
v -1006.25 0.000006283504717430333 143.74984741210938
v -1006.25 70.50418090820312 251.5623321533203
v -862.5 70.50418090820312 251.56236267089844
v -1006.25 -6.641487707015337e-12 -0.00015193953004200011
v -1006.25 0.000006283504717430333 143.74984741210938
v -862.5 0.0000062835056269250344 143.74986267089844
v -1006.25 0.000006283504717430333 143.74984741210938
v -1006.25 -6.641487707015337e-12 -0.00015193953004200011
v -1150 -7.590271293433926e-12 -0.0001736451667966321
v -1006.25 70.50418090820312 251.5623321533203
v -1006.25 0.000006283504717430333 143.74984741210938
v -1150 0.000006283504717430333 143.7498321533203
v 1006.2498779296875 0.000018850541891879402 431.2501525878906
v 1015.166748046875 70.50419616699219 539.0626831054688
v 1149.999755859375 0.000025134057068498805 575.0001831054688
v 1006.2498779296875 0.000012567031262733508 287.5001525878906
v 1006.2498779296875 0.000018850541891879402 431.2501525878906
v 1149.999755859375 0.000018850543710868806 431.25018310546875
v 1006.2498779296875 0.000018850541891879402 431.2501525878906
v 1006.2498779296875 0.000012567031262733508 287.5001525878906
v 862.4998779296875 148.19677734375 287.5001220703125
v 1015.166748046875 70.50419616699219 539.0626831054688
v 1006.2498779296875 0.000018850541891879402 431.2501525878906
v 862.4998779296875 148.19679260253906 431.2500915527344
v 718.7498779296875 0.000018850541891879402 431.2500915527344
v 718.7498779296875 70.50419616699219 539.0626220703125
v 864.7291259765625 70.50419616699219 539.0626220703125
v 718.7498779296875 0.000012567029443744104 287.5001220703125
v 718.7498779296875 0.000018850541891879402 431.2500915527344
v 862.4998779296875 148.19679260253906 431.2500915527344
v 718.7498779296875 0.000018850541891879402 431.2500915527344
v 718.7498779296875 0.000012567029443744104 287.5001220703125
v 576.278076171875 45.1226806640625 289.08447265625
v 718.7498779296875 70.50419616699219 539.0626220703125
v 718.7498779296875 0.000018850541891879402 431.2500915527344
v 574.9998779296875 0.00001885054007289 431.2500915527344
v 431.24993896484375 0.000018850538253900595 431.25006103515625
v 431.2499084472656 70.50419616699219 539.0625610351562
v 574.9998779296875 70.50419616699219 539.0625610351562
v 431.24993896484375 70.50418090820312 333.33990478515625
v 431.24993896484375 0.000018850538253900595 431.25006103515625
v 574.9998779296875 0.00001885054007289 431.2500915527344
v 431.24993896484375 0.000018850538253900595 431.25006103515625
v 431.24993896484375 70.50418090820312 333.33990478515625
v 287.49993896484375 70.50418090820312 340.7666320800781
v 431.2499084472656 70.50419616699219 539.0625610351562
v 431.24993896484375 0.000018850538253900595 431.25006103515625
v 287.49993896484375 0.00001885053643491119 431.25
v 143.74993896484375 0.00001885053643491119 431.25
v 143.74990844726562 12.875421524047852 575
v 287.4999084472656 44.67341613769531 575.0000610351562
v 143.7499542236328 70.50418853759766 343.2422180175781
v 143.74993896484375 0.00001885053643491119 431.25
v 287.49993896484375 0.00001885053643491119 431.25
v 143.74993896484375 0.00001885053643491119 431.25
v 143.7499542236328 70.50418853759766 343.2422180175781
v 63.88883590698242 118.63538360595703 382.1961975097656
v 143.74990844726562 12.875421524047852 575
v 143.74993896484375 0.00001885053643491119 431.25
v 35.937435150146484 55.417091369628906 441.15234375
v -143.7500762939453 391.6844482421875 470.8593444824219
v -143.7500762939453 299.571044921875 548.96484375
v -63.88896560668945 292.1405944824219 537.517333984375
v -143.7500457763672 456.3809509277344 346.91400146484375
v -143.7500762939453 391.6844482421875 470.8593444824219
v -35.93756866455078 375.0065002441406 490.6640625
v -143.7500762939453 391.6844482421875 470.8593444824219
v -143.7500457763672 456.3809509277344 346.91400146484375
v -287.5000305175781 355.321044921875 297.0061950683594
v -143.7500762939453 299.571044921875 548.96484375
v -143.7500762939453 391.6844482421875 470.8593444824219
v -251.5625457763672 310.4413146972656 441.15228271484375
v -431.25006103515625 0.000018850532796932384 431.24993896484375
v -431.2500915527344 12.875421524047852 574.9998779296875
v -287.5000915527344 40.579505920410156 574.9998779296875
v -431.25006103515625 44.67810821533203 323.43743896484375
v -431.25006103515625 0.000018850532796932384 431.24993896484375
v -323.43756103515625 42.50405502319336 431.24993896484375
v -431.25006103515625 0.000018850532796932384 431.24993896484375
v -431.25006103515625 44.67810821533203 323.43743896484375
v -575.0001220703125 52.62690734863281 287.49993896484375
v -431.2500915527344 12.875421524047852 574.9998779296875
v -431.25006103515625 0.000018850532796932384 431.24993896484375
v -539.0625610351562 70.50418853759766 431.2499084472656
v -718.75 984.5570678710938 431.24981689453125
v -718.7498779296875 1010.7091064453125 539.0623168945312
v -598 964.3488159179688 574.9998779296875
v -718.7500610351562 931.9915771484375 323.4373474121094
v -718.75 984.5570678710938 431.24981689453125
v -610.9375610351562 931.9915771484375 431.2498474121094
v -718.75 984.5570678710938 431.24981689453125
v -718.7500610351562 931.9915771484375 323.4373474121094
v -798.6111450195312 891.1073608398438 351.3887023925781
v -718.7498779296875 1010.7091064453125 539.0623168945312
v -718.75 984.5570678710938 431.24981689453125
v -826.5625 931.9915771484375 431.24981689453125
v -1039.1851806640625 564.0333862304688 431.24981689453125
v -1055.6529541015625 616.5988159179688 539.062255859375
v -948.3456420898438 657.483154296875 511.1108703613281
v -1014.4838256835938 493.5291748046875 323.43731689453125
v -1039.1851806640625 564.0333862304688 431.24981689453125
v -906.6713256835938 616.5988159179688 431.24981689453125
v -1039.1851806640625 564.0333862304688 431.24981689453125
v -1014.4838256835938 493.5291748046875 323.43731689453125
v -1108.06787109375 438.69256591796875 351.3887023925781
v -1055.6529541015625 616.5988159179688 539.062255859375
v -1039.1851806640625 564.0333862304688 431.24981689453125
v -1163.4654541015625 493.5291748046875 431.24981689453125
v 1006.2498168945312 905.4383544921875 718.7500610351562
v 1015.1666870117188 797.683837890625 826.5626831054688
v 1113.8521728515625 757.1228637695312 798.611328125
v 1015.1666870117188 912.2119140625 610.9376220703125
v 1006.2498168945312 905.4383544921875 718.7500610351562
v 1131.8958740234375 847.1328735351562 718.7501220703125
v 1006.2498168945312 905.4383544921875 718.7500610351562
v 1015.1666870117188 912.2119140625 610.9376220703125
v 863.9265747070312 960.9807739257812 598.0000610351562
v 1015.1666870117188 797.683837890625 826.5626831054688
v 1006.2498168945312 905.4383544921875 718.7500610351562
v 898.4373779296875 948.3629150390625 718.7500610351562
v 718.7498779296875 1248.835205078125 718.7500610351562
v 718.7498779296875 1229.748046875 862.5
v 826.5623779296875 1184.264404296875 862.5
v 718.7498779296875 1215.8004150390625 610.9375610351562
v 718.7498779296875 1248.835205078125 718.7500610351562
v 826.5623779296875 1205.91064453125 718.7500610351562
v 718.7498779296875 1248.835205078125 718.7500610351562
v 718.7498779296875 1215.8004150390625 610.9375610351562
v 638.8887939453125 1190.1068115234375 638.8889770507812
v 718.7498779296875 1229.748046875 862.5
v 718.7498779296875 1248.835205078125 718.7500610351562
v 610.9373779296875 1215.8004150390625 718.7500610351562
v 431.2498474121094 438.56640625 718.7500610351562
v 431.2498474121094 305.32867431640625 826.5625
v 551.9998779296875 374.3894958496094 873.0433349609375
v 431.2499084472656 462.1625061035156 610.9375610351562
v 431.2498474121094 438.56640625 718.7500610351562
v 539.0623779296875 506.81524658203125 718.7500610351562
v 431.2498474121094 438.56640625 718.7500610351562
v 431.2499084472656 462.1625061035156 610.9375610351562
v 351.3887939453125 389.89990234375 638.8889770507812
v 431.2498474121094 305.32867431640625 826.5625
v 431.2498474121094 438.56640625 718.7500610351562
v 323.4373779296875 383.74554443359375 718.7500610351562
v 143.74989318847656 51.50161361694336 718.75
v 143.74986267089844 77.25241088867188 862.5
v 287.4998779296875 39.917701721191406 862.5
v 143.74990844726562 12.875421524047852 575
v 143.74989318847656 51.50161361694336 718.75
v 251.5623779296875 67.69622039794922 718.7500610351562
v 143.74989318847656 51.50161361694336 718.75
v 143.74990844726562 12.875421524047852 575
v -0.00008690921822562814 42.64558410644531 576.5843505859375
v 143.74986267089844 77.25241088867188 862.5
v 143.74989318847656 51.50161361694336 718.75
v -0.00010852822742890567 90.1278076171875 718.75
v -143.75010681152344 103.00320434570312 718.75
v -143.75013732910156 312.9767150878906 862.5
v -0.0001302338787354529 293.66363525390625 862.5
v -143.7500762939453 66.08079528808594 610.9375
v -143.75010681152344 103.00320434570312 718.75
v -0.00010852822742890567 90.1278076171875 718.75
v -143.75010681152344 103.00320434570312 718.75
v -143.7500762939453 66.08079528808594 610.9375
v -287.5000915527344 40.579505920410156 574.9998779296875
v -143.75013732910156 312.9767150878906 862.5
v -143.75010681152344 103.00320434570312 718.75
v -287.5001220703125 90.1278076171875 718.7498779296875
v -431.2500915527344 51.50161361694336 718.7498779296875
v -431.2500915527344 77.25241088867188 862.4998779296875
v -287.5000915527344 293.66363525390625 862.4998779296875
v -431.2500915527344 12.875421524047852 574.9998779296875
v -431.2500915527344 51.50161361694336 718.7498779296875
v -287.5001220703125 90.1278076171875 718.7498779296875
v -431.2500915527344 51.50161361694336 718.7498779296875
v -431.2500915527344 12.875421524047852 574.9998779296875
v -539.0625610351562 73.7230453491211 574.9998779296875
v -431.2500915527344 77.25241088867188 862.4998779296875
v -431.2500915527344 51.50161361694336 718.7498779296875
v -539.0626220703125 83.37959289550781 718.7498779296875
v -718.75 1193.7738037109375 718.7498168945312
v -718.7501220703125 1155.067138671875 826.5623168945312
v -638.8889770507812 1120.2886962890625 798.6110229492188
v -718.75 1167.6217041015625 610.9373168945312
v -718.75 1193.7738037109375 718.7498168945312
v -610.9375 1133.2083740234375 718.7498168945312
v -718.75 1193.7738037109375 718.7498168945312
v -718.75 1167.6217041015625 610.9373168945312
v -798.611083984375 1163.1142578125 638.8887329101562
v -718.7501220703125 1155.067138671875 826.5623168945312
v -718.75 1193.7738037109375 718.7498168945312
v -826.5625 1189.4803466796875 718.7498168945312
v -1006.2501220703125 884.1204833984375 718.7498168945312
v -1014.4838256835938 781.3368530273438 826.5623168945312
v -863.4150390625 814.1598510742188 863.404052734375
v -1014.4838256835938 906.8823852539062 610.937255859375
v -1006.2501220703125 884.1204833984375 718.7498168945312
v -898.4376220703125 929.7098388671875 718.7498168945312
v -1006.2501220703125 884.1204833984375 718.7498168945312
v -1014.4838256835938 906.8823852539062 610.937255859375
v -1111.7275390625 852.0487060546875 638.888671875
v -1014.4838256835938 781.3368530273438 826.5623168945312
v -1006.2501220703125 884.1204833984375 718.7498168945312
v -1130.5301513671875 844.109619140625 718.749755859375
v 1041.9171142578125 438.9950866699219 1050.1805419921875
v 1015.1665649414062 384.1206970214844 1179.9580078125
v 1109.88916015625 292.81463623046875 1115.3980712890625
v 1059.7506103515625 487.41064453125 909.4202880859375
v 1041.9171142578125 438.9950866699219 1050.1805419921875
v 1167.5631103515625 305.97174072265625 1017.2327880859375
v 1041.9171142578125 438.9950866699219 1050.1805419921875
v 1059.7506103515625 487.41064453125 909.4202880859375
v 950.1668701171875 578.0886840820312 955.6759033203125
v 1015.1665649414062 384.1206970214844 1179.9580078125
v 1041.9171142578125 438.9950866699219 1050.1805419921875
v 907.3540649414062 575.4495239257812 1072.1456298828125
v 718.7498779296875 1172.4866943359375 1006.25
v 718.7498168945312 1101.27783203125 1114.0625
v 798.6109008789062 1096.637939453125 1086.111083984375
v 718.7498779296875 1229.748046875 862.5
v 718.7498779296875 1172.4866943359375 1006.25
v 826.5623779296875 1139.105712890625 1006.25
v 718.7498779296875 1172.4866943359375 1006.25
v 718.7498779296875 1229.748046875 862.5
v 610.9373779296875 1199.09912109375 862.5
v 718.7498168945312 1101.27783203125 1114.0625
v 718.7498779296875 1172.4866943359375 1006.25
v 610.9373779296875 1148.99560546875 1006.25
v 431.2498474121094 0.00004398458622745238 1006.25
v 431.24981689453125 0.00005026810322306119 1150.0001220703125
v 574.9998168945312 0.00005026810322306119 1150.0001220703125
v 431.2498474121094 39.137451171875 898.4375
v 431.2498474121094 0.00004398458622745238 1006.25
v 539.0623168945312 54.82083511352539 1017.2326049804688
v 431.2498474121094 0.00004398458622745238 1006.25
v 431.2498474121094 39.137451171875 898.4375
v 287.4998779296875 39.917701721191406 862.5
v 431.24981689453125 0.00005026810322306119 1150.0001220703125
v 431.2498474121094 0.00004398458622745238 1006.25
v 287.4998474121094 12.87544059753418 1006.25
v 143.74984741210938 51.501625061035156 1006.25
v 143.7498321533203 0.000050268095947103575 1150
v 287.49981689453125 0.000050268095947103575 1150
v 143.74986267089844 77.25241088867188 862.5
v 143.74984741210938 51.501625061035156 1006.25
v 287.4998474121094 12.87544059753418 1006.25
v 143.74984741210938 51.501625061035156 1006.25
v 143.74986267089844 77.25241088867188 862.5
v -0.0001302338787354529 293.66363525390625 862.5
v 143.7498321533203 0.000050268095947103575 1150
v 143.74984741210938 51.501625061035156 1006.25
v -0.00015193953004200011 90.12782287597656 1006.25
v -143.75015258789062 103.00321960449219 1006.25
v -143.7501678466797 0.000050268095947103575 1150
v -0.0001736451667966321 0.000050268095947103575 1150
v -143.75013732910156 312.9767150878906 862.5
v -143.75015258789062 103.00321960449219 1006.25
v -0.00015193953004200011 90.12782287597656 1006.25
v -143.75015258789062 103.00321960449219 1006.25
v -143.75013732910156 312.9767150878906 862.5
v -287.5000915527344 293.66363525390625 862.4998779296875
v -143.7501678466797 0.000050268095947103575 1150
v -143.75015258789062 103.00321960449219 1006.25
v -287.5001525878906 248.59974670410156 1006.2498779296875
v -431.2501525878906 51.501625061035156 1006.2498779296875
v -431.25018310546875 0.00005026809230912477 1149.999755859375
v -287.5001525878906 0.000050268095947103575 1150
v -431.2500915527344 77.25241088867188 862.4998779296875
v -431.2501525878906 51.501625061035156 1006.2498779296875
v -287.5001525878906 248.59974670410156 1006.2498779296875
v -431.2501525878906 51.501625061035156 1006.2498779296875
v -431.2500915527344 77.25241088867188 862.4998779296875
v -539.0626220703125 89.81730651855469 864.5343627929688
v -431.25018310546875 0.00005026809230912477 1149.999755859375
v -431.2501525878906 51.501625061035156 1006.2498779296875
v -539.0626831054688 83.37960815429688 1014.3876953125
v -718.7501220703125 828.4241943359375 1006.2498168945312
v -718.7501831054688 760.5652465820312 1130.337890625
v -638.8890991210938 761.9605712890625 1111.428466796875
v -718.7501220703125 908.9030151367188 898.4373779296875
v -718.7501220703125 828.4241943359375 1006.2498168945312
v -610.9376831054688 826.76171875 1014.3876342773438
v -718.7501220703125 828.4241943359375 1006.2498168945312
v -718.7501220703125 908.9030151367188 898.4373779296875
v -863.4150390625 814.1598510742188 863.404052734375
v -718.7501831054688 760.5652465820312 1130.337890625
v -718.7501220703125 828.4241943359375 1006.2498168945312
v -826.5626831054688 763.9889526367188 1014.3876342773438
v -1006.2501220703125 0.00004398457895149477 1006.2498168945312
v -1006.2501831054688 0.00005026809230912477 1149.999755859375
v -862.5001831054688 0.00005026809230912477 1149.999755859375
v -1014.4838256835938 70.50421142578125 898.4373168945312
v -1006.2501220703125 0.00004398457895149477 1006.2498168945312
v -898.4376831054688 70.50421142578125 1014.3876342773438
v -1006.2501220703125 0.00004398457895149477 1006.2498168945312
v -1014.4838256835938 70.50421142578125 898.4373168945312
v -1150.0001220703125 0.00003770106195588596 862.4998168945312
v -1006.2501831054688 0.00005026809230912477 1149.999755859375
v -1006.2501220703125 0.00004398457895149477 1006.2498168945312
v -1150.0001220703125 0.00004398457531351596 1006.2498168945312
v 1150.0001220703125 282.0166320800781 -1006.2498168945312
v 1114.0626220703125 282.0166320800781 -898.4373168945312
v 1150.0001220703125 -0.00003770106195588596 -862.4998168945312
v 1114.0626220703125 282.0166320800781 -1114.062255859375
v 1150.0001220703125 282.0166320800781 -1006.2498168945312
v 1150.0001220703125 -0.00004398457531351596 -1006.2498168945312
v 1150.0001220703125 282.0166320800781 -1006.2498168945312
v 1114.0626220703125 282.0166320800781 -1114.062255859375
v 1114.0626220703125 546.0946044921875 -1114.062255859375
v 1114.0626220703125 282.0166320800781 -898.4373168945312
v 1150.0001220703125 282.0166320800781 -1006.2498168945312
v 1150.0001220703125 546.0946044921875 -1006.2498168945312
v 1006.2501831054688 282.0166320800781 -1149.999755859375
v 1114.0626220703125 282.0166320800781 -1114.062255859375
v 1114.0626220703125 -0.000048697213060222566 -1114.062255859375
v 862.5001831054688 282.0166320800781 -1149.999755859375
v 1006.2501831054688 282.0166320800781 -1149.999755859375
v 1006.2501831054688 -0.00005026809230912477 -1149.999755859375
v 1006.2501831054688 282.0166320800781 -1149.999755859375
v 862.5001831054688 282.0166320800781 -1149.999755859375
v 862.5001831054688 546.0946044921875 -1149.999755859375
v 1114.0626220703125 282.0166320800781 -1114.062255859375
v 1006.2501831054688 282.0166320800781 -1149.999755859375
v 1006.2501831054688 546.0946044921875 -1149.999755859375
v 718.7501831054688 282.0166320800781 -1076.7764892578125
v 862.5001831054688 282.0166320800781 -1149.999755859375
v 862.5001831054688 -0.00005026809230912477 -1149.999755859375
v 610.9376831054688 282.0166320800781 -1114.062255859375
v 718.7501831054688 282.0166320800781 -1076.7764892578125
v 718.7501831054688 -0.00005026809230912477 -1149.999755859375
v 718.7501831054688 282.0166320800781 -1076.7764892578125
v 610.9376831054688 282.0166320800781 -1114.062255859375
v 610.9376831054688 546.0946044921875 -1114.062255859375
v 862.5001831054688 282.0166320800781 -1149.999755859375
v 718.7501831054688 282.0166320800781 -1076.7764892578125
v 718.7501831054688 546.0946044921875 -1076.7764892578125
v 575.0001220703125 282.0166320800781 -1006.2498779296875
v 610.9376831054688 282.0166320800781 -1114.062255859375
v 575.0001831054688 -0.00005026809230912477 -1149.999755859375
v 575.0001220703125 282.0166320800781 -862.4998779296875
v 575.0001220703125 282.0166320800781 -1006.2498779296875
v 539.0626220703125 70.5041275024414 -1006.2498779296875
v 575.0001220703125 282.0166320800781 -1006.2498779296875
v 575.0001220703125 282.0166320800781 -862.4998779296875
v 575.0001220703125 546.0946044921875 -862.4998779296875
v 610.9376831054688 282.0166320800781 -1114.062255859375
v 575.0001220703125 282.0166320800781 -1006.2498779296875
v 575.0001220703125 546.0946044921875 -1006.2498779296875
v 575.0001220703125 282.01666259765625 -718.7498779296875
v 575.0001220703125 282.0166320800781 -862.4998779296875
v 539.0626220703125 70.50413513183594 -862.4998779296875
v 539.0626220703125 282.01666259765625 -610.9373779296875
v 575.0001220703125 282.01666259765625 -718.7498779296875
v 539.0626220703125 70.50414276123047 -718.7498779296875
v 575.0001220703125 282.01666259765625 -718.7498779296875
v 539.0626220703125 282.01666259765625 -610.9373779296875
v 580.3255615234375 554.7001953125 -575.0000610351562
v 575.0001220703125 282.0166320800781 -862.4998779296875
v 575.0001220703125 282.01666259765625 -718.7498779296875
v 575.0001220703125 546.0946044921875 -718.7499389648438
v 431.2500915527344 282.01666259765625 -574.9998779296875
v 539.0626220703125 282.01666259765625 -610.9373779296875
v 511.1111755371094 125.3407211303711 -638.8888549804688
v 287.5000915527344 282.01666259765625 -574.9998779296875
v 431.2500915527344 282.01666259765625 -574.9998779296875
v 431.2500915527344 70.504150390625 -610.9373779296875
v 431.2500915527344 282.01666259765625 -574.9998779296875
v 287.5000915527344 282.01666259765625 -574.9998779296875
v 288.7782287597656 557.7206420898438 -552
v 539.0626220703125 282.01666259765625 -610.9373779296875
v 431.2500915527344 282.01666259765625 -574.9998779296875
v 439.2383117675781 493.5291748046875 -539.0623779296875
v 143.7500762939453 282.01666259765625 -575
v 287.5000915527344 282.01666259765625 -574.9998779296875
v 287.5000915527344 70.504150390625 -610.9373779296875
v 0.00008682258339831606 271.8968200683594 -575
v 143.7500762939453 282.01666259765625 -575
v 143.7500762939453 70.504150390625 -610.9375
v 143.7500762939453 282.01666259765625 -575
v 0.00008682258339831606 271.8968200683594 -575
v 0.00009262022649636492 530.9149169921875 -461.814453125
v 287.5000915527344 282.01666259765625 -574.9998779296875
v 143.7500762939453 282.01666259765625 -575
v 143.75010681152344 546.0946655273438 -461.814453125
v -143.74990844726562 241.537353515625 -461.814453125
v 0.00008682258339831606 271.8968200683594 -575
v 0.00009224899258697405 67.97418212890625 -610.9375
v -287.4999084472656 211.17787170410156 -575.0000610351562
v -143.74990844726562 241.537353515625 -461.814453125
v -143.74990844726562 60.38432312011719 -610.9375
v -143.74990844726562 241.537353515625 -461.814453125
v -287.4999084472656 211.17787170410156 -575.0000610351562
v -289.5869445800781 437.59130859375 -552.0000610351562
v 0.00008682258339831606 271.8968200683594 -575
v -143.74990844726562 241.537353515625 -461.814453125
v -143.74990844726562 485.3757019042969 -461.814453125
v -431.24993896484375 201.0580596923828 -575.0000610351562
v -287.4999084472656 211.17787170410156 -575.0000610351562
v -287.4999084472656 52.794456481933594 -610.9375610351562
v -539.0623779296875 211.17787170410156 -539.0625610351562
v -431.24993896484375 201.0580596923828 -575.0000610351562
v -431.2499084472656 50.264495849609375 -610.9375610351562
v -431.24993896484375 201.0580596923828 -575.0000610351562
v -539.0623779296875 211.17787170410156 -539.0625610351562
v -511.111083984375 344.24090576171875 -511.1111755371094
v -287.4999084472656 211.17787170410156 -575.0000610351562
v -431.24993896484375 201.0580596923828 -575.0000610351562
v -431.24993896484375 372.09124755859375 -539.0625610351562
v -574.9998779296875 241.537353515625 -431.2500915527344
v -539.0623779296875 211.17787170410156 -539.0625610351562
v -575 54.79937744140625 -575.0001220703125
v -574.9998779296875 271.8968200683594 -287.5000915527344
v -574.9998779296875 241.537353515625 -431.2500915527344
v -610.9373779296875 60.38432693481445 -431.2500915527344
v -574.9998779296875 241.537353515625 -431.2500915527344
v -574.9998779296875 271.8968200683594 -287.5000915527344
v -539.0623779296875 475.8194885253906 -287.5001220703125
v -539.0623779296875 211.17787170410156 -539.0625610351562
v -574.9998779296875 241.537353515625 -431.2500915527344
v -539.0623779296875 422.6904296875 -431.2500915527344
v -575 282.0166931152344 -143.75009155273438
v -574.9998779296875 271.8968200683594 -287.5000915527344
v -610.9373779296875 67.97421264648438 -287.5000915527344
v -575 269.1036376953125 -0.0000985854712780565
v -575 282.0166931152344 -143.75009155273438
v -610.9375 70.50416564941406 -143.7500762939453
v -575 282.0166931152344 -143.75009155273438
v -575 269.1036376953125 -0.0000985854712780565
v -539.0625 470.93133544921875 -0.0001010275591397658
v -574.9998779296875 271.8968200683594 -287.5000915527344
v -575 282.0166931152344 -143.75009155273438
v -539.0625 493.5291748046875 -143.75009155273438
v -575 230.36453247070312 143.74989318847656
v -575 269.1036376953125 -0.0000985854712780565
v -610.9375 67.27590942382812 -0.00009518972365185618
v -539.0625610351562 191.6254119873047 251.5624237060547
v -575 230.36453247070312 143.74989318847656
v -610.9375 57.59114074707031 143.74990844726562
v -575 230.36453247070312 143.74989318847656
v -539.0625610351562 191.6254119873047 251.5624237060547
v -511.1111755371094 318.1709289550781 223.61102294921875
v -575 269.1036376953125 -0.0000985854712780565
v -575 230.36453247070312 143.74989318847656
v -539.0625 403.1379089355469 143.74990844726562
v -431.25006103515625 178.71238708496094 287.49993896484375
v -539.0625610351562 191.6254119873047 251.5624237060547
v -575.0001220703125 52.62690734863281 287.49993896484375
v -323.43756103515625 176.538330078125 323.43743896484375
v -431.25006103515625 178.71238708496094 287.49993896484375
v -431.25006103515625 44.67810821533203 323.43743896484375
v -431.25006103515625 178.71238708496094 287.49993896484375
v -323.43756103515625 176.538330078125 323.43743896484375
v -287.5000305175781 355.321044921875 297.0061950683594
v -539.0625610351562 191.6254119873047 251.5624237060547
v -431.25006103515625 178.71238708496094 287.49993896484375
v -431.2500915527344 338.5727233886719 251.56240844726562
v -287.50006103515625 170.01617431640625 431.24993896484375
v -323.43756103515625 176.538330078125 323.43743896484375
v -351.38897705078125 78.46148681640625 351.3888244628906
v -251.5625762939453 163.49398803710938 539.0623779296875
v -287.50006103515625 170.01617431640625 431.24993896484375
v -323.43756103515625 42.50405502319336 431.24993896484375
v -287.50006103515625 170.01617431640625 431.24993896484375
v -251.5625762939453 163.49398803710938 539.0623779296875
v -223.6112060546875 263.4449768066406 515.5120849609375
v -323.43756103515625 176.538330078125 323.43743896484375
v -287.50006103515625 170.01617431640625 431.24993896484375
v -251.5625457763672 310.4413146972656 441.15228271484375
v -143.7500762939453 161.31993103027344 575
v -251.5625762939453 163.49398803710938 539.0623779296875
v -287.5000915527344 40.579505920410156 574.9998779296875
v -35.93758773803711 176.4070281982422 548.96484375
v -143.7500762939453 161.31993103027344 575
v -143.7500762939453 66.08079528808594 610.9375
v -143.7500762939453 161.31993103027344 575
v -35.93758773803711 176.4070281982422 548.96484375
v -63.88896560668945 292.1405944824219 537.517333984375
v -251.5625762939453 163.49398803710938 539.0623779296875
v -143.7500762939453 161.31993103027344 575
v -143.7500762939453 299.571044921875 548.96484375
v -0.00006728309381287545 221.66831970214844 470.859375
v -35.93758773803711 176.4070281982422 548.96484375
v -0.00008690921822562814 42.64558410644531 576.5843505859375
v 35.93745422363281 266.9295959472656 392.7538757324219
v -0.00006728309381287545 221.66831970214844 470.859375
v 35.937435150146484 55.417091369628906 441.15234375
v -0.00006728309381287545 221.66831970214844 470.859375
v 35.93745422363281 266.9295959472656 392.7538757324219
v -0.000037750403862446547 535.7174682617188 406.3281555175781
v -35.93758773803711 176.4070281982422 548.96484375
v -0.00006728309381287545 221.66831970214844 470.859375
v -35.93756866455078 375.0065002441406 490.6640625
v 143.74996948242188 282.0166931152344 366.71875
v 35.93745422363281 266.9295959472656 392.7538757324219
v 63.88883590698242 118.63538360595703 382.1961975097656
v 287.49993896484375 282.0166931152344 356.81640625
v 143.74996948242188 282.0166931152344 366.71875
v 143.7499542236328 70.50418853759766 343.2422180175781
v 143.74996948242188 282.0166931152344 366.71875
v 287.49993896484375 282.0166931152344 356.81640625
v 287.49993896484375 546.0946655273438 292.35150146484375
v 35.93745422363281 266.9295959472656 392.7538757324219
v 143.74996948242188 282.0166931152344 366.71875
v 143.74996948242188 546.0946655273438 406.3280944824219
v 431.24993896484375 282.0166931152344 327.1094055175781
v 287.49993896484375 282.0166931152344 356.81640625
v 287.49993896484375 70.50418090820312 340.7666320800781
v 547.0507202148438 282.0166931152344 261.46490478515625
v 431.24993896484375 282.0166931152344 327.1094055175781
v 431.24993896484375 70.50418090820312 333.33990478515625
v 431.24993896484375 282.0166931152344 327.1094055175781
v 547.0507202148438 282.0166931152344 261.46490478515625
v 551.0448608398438 546.0946655273438 266.41607666015625
v 287.49993896484375 282.0166931152344 356.81640625
v 431.24993896484375 282.0166931152344 327.1094055175781
v 431.24993896484375 546.0946655273438 247.79104614257812
v 606.9530639648438 282.0166931152344 143.7500762939453
v 547.0507202148438 282.0166931152344 261.46490478515625
v 576.278076171875 45.1226806640625 289.08447265625
v 630.9178466796875 282.0166931152344 0.0000791239071986638
v 606.9530639648438 282.0166931152344 143.7500762939453
v 618.92578125 70.5041732788086 143.7500762939453
v 606.9530639648438 282.0166931152344 143.7500762939453
v 630.9178466796875 282.0166931152344 0.0000791239071986638
v 658.8768310546875 546.0946655273438 0.00007180238753790036
v 547.0507202148438 282.0166931152344 261.46490478515625
v 606.9530639648438 282.0166931152344 143.7500762939453
v 622.9295654296875 546.0946655273438 143.75006103515625
v 638.9061279296875 282.0166931152344 -143.7499237060547
v 630.9178466796875 282.0166931152344 0.0000791239071986638
v 624.9169921875 70.5041732788086 0.00009032433445099741
v 666.8554077148438 282.0166931152344 -251.56240844726562
v 638.9061279296875 282.0166931152344 -143.7499237060547
v 626.9140625 70.50416564941406 -143.74990844726562
v 638.9061279296875 282.0166931152344 -143.7499237060547
v 666.8554077148438 282.0166931152344 -251.56240844726562
v 670.8592529296875 559.6495361328125 -287.49993896484375
v 630.9178466796875 282.0166931152344 0.0000791239071986638
v 638.9061279296875 282.0166931152344 -143.7499237060547
v 670.8591918945312 546.0946655273438 -143.7499237060547
v 750.703125 282.01666259765625 -287.4999084472656
v 666.8554077148438 282.0166931152344 -251.56240844726562
v 663.7413330078125 125.34073638916016 -223.61102294921875
v 870.4883422851562 266.2223205566406 -287.4998779296875
v 750.703125 282.01666259765625 -287.4999084472656
v 726.73828125 70.50415802001953 -251.5623779296875
v 750.703125 282.01666259765625 -287.4999084472656
v 870.4883422851562 266.2223205566406 -287.4998779296875
v 874.482421875 465.8890686035156 -323.4374084472656
v 666.8554077148438 282.0166931152344 -251.56240844726562
v 750.703125 282.01666259765625 -287.4999084472656
v 766.6796264648438 493.5291748046875 -323.4374084472656
v 1006.25 218.83929443359375 -287.4998474121094
v 870.4883422851562 266.2223205566406 -287.4998779296875
v 864.4970703125 66.55557250976562 -251.56236267089844
v 1114.0625 171.45628356933594 -323.43731689453125
v 1006.25 218.83929443359375 -287.4998474121094
v 1006.25 54.709815979003906 -251.5623321533203
v 1006.25 218.83929443359375 -287.4998474121094
v 1114.0625 171.45628356933594 -323.43731689453125
v 1086.111083984375 291.27874755859375 -351.38873291015625
v 870.4883422851562 266.2223205566406 -287.4998779296875
v 1006.25 218.83929443359375 -287.4998474121094
v 1006.25 382.9687805175781 -323.4373474121094
v 1150.0001220703125 155.66192626953125 -431.24981689453125
v 1114.0625 171.45628356933594 -323.43731689453125
v 1150 -0.000012567015801323578 -287.49981689453125
v 1114.0626220703125 171.45626831054688 -539.0623168945312
v 1150.0001220703125 155.66192626953125 -431.24981689453125
v 1150.0001220703125 -0.000018850529158953577 -431.24981689453125
v 1150.0001220703125 155.66192626953125 -431.24981689453125
v 1114.0626220703125 171.45626831054688 -539.0623168945312
v 1086.1112060546875 291.27874755859375 -511.1109313964844
v 1114.0625 171.45628356933594 -323.43731689453125
v 1150.0001220703125 155.66192626953125 -431.24981689453125
v 1114.0626220703125 303.9970703125 -431.24981689453125
v 1006.25 218.83929443359375 -574.9998779296875
v 1114.0626220703125 171.45626831054688 -539.0623168945312
v 1150.0001220703125 -0.00002513403887860477 -574.9998168945312
v 898.4376220703125 266.2223205566406 -610.9373779296875
v 1006.25 218.83929443359375 -574.9998779296875
v 1006.2501220703125 54.70980453491211 -610.9373779296875
v 1006.25 218.83929443359375 -574.9998779296875
v 898.4376220703125 266.2223205566406 -610.9373779296875
v 863.3875732421875 534.2538452148438 -574.9998779296875
v 1114.0626220703125 171.45626831054688 -539.0623168945312
v 1006.25 218.83929443359375 -574.9998779296875
v 1006.25 382.9687805175781 -539.0623779296875
v 862.5001220703125 282.01666259765625 -718.7498779296875
v 898.4376220703125 266.2223205566406 -610.9373779296875
v 926.388916015625 118.32101440429688 -638.8887939453125
v 898.4376220703125 282.0166320800781 -826.5623779296875
v 862.5001220703125 282.01666259765625 -718.7498779296875
v 898.4376220703125 70.50414276123047 -718.7498779296875
v 862.5001220703125 282.01666259765625 -718.7498779296875
v 898.4376220703125 282.0166320800781 -826.5623779296875
v 898.4376220703125 524.6696166992188 -826.5623779296875
v 898.4376220703125 266.2223205566406 -610.9373779296875
v 862.5001220703125 282.01666259765625 -718.7498779296875
v 862.5001220703125 521.6089477539062 -718.7498779296875
v 1006.2501220703125 282.0166320800781 -862.4998779296875
v 898.4376220703125 282.0166320800781 -826.5623779296875
v 926.388916015625 125.34071350097656 -798.6110229492188
v 1114.0626220703125 282.0166320800781 -898.4373168945312
v 1006.2501220703125 282.0166320800781 -862.4998779296875
v 1006.2501220703125 70.50413513183594 -826.5623779296875
v 1006.2501220703125 282.0166320800781 -862.4998779296875
v 1114.0626220703125 282.0166320800781 -898.4373168945312
v 1114.0626220703125 543.0338745117188 -898.4373168945312
v 898.4376220703125 282.0166320800781 -826.5623779296875
v 1006.2501220703125 282.0166320800781 -862.4998779296875
v 1006.2501220703125 533.8517456054688 -862.4998779296875
v -574.9998779296875 282.0166320800781 -1006.25
v -574.9998779296875 282.0166320800781 -862.5
v -539.0623779296875 70.50413513183594 -862.5
v -610.9373168945312 282.0166320800781 -1114.0626220703125
v -574.9998779296875 282.0166320800781 -1006.25
v -539.0623779296875 70.5041275024414 -1006.25
v -574.9998779296875 282.0166320800781 -1006.25
v -610.9373168945312 282.0166320800781 -1114.0626220703125
v -610.9373168945312 546.0946044921875 -1114.0626220703125
v -574.9998779296875 282.0166320800781 -862.5
v -574.9998779296875 282.0166320800781 -1006.25
v -574.9998779296875 546.0946044921875 -1006.25
v -718.7498168945312 282.0166320800781 -1150.0001220703125
v -610.9373168945312 282.0166320800781 -1114.0626220703125
v -574.9998168945312 -0.00005026810322306119 -1150.0001220703125
v -862.4998168945312 282.0166320800781 -1150.0001220703125
v -718.7498168945312 282.0166320800781 -1150.0001220703125
v -718.7498168945312 -0.00005026810322306119 -1150.0001220703125
v -718.7498168945312 282.0166320800781 -1150.0001220703125
v -862.4998168945312 282.0166320800781 -1150.0001220703125
v -862.4998168945312 546.0946044921875 -1089.1114501953125
v -610.9373168945312 282.0166320800781 -1114.0626220703125
v -718.7498168945312 282.0166320800781 -1150.0001220703125
v -718.7498168945312 546.0946044921875 -1150.0001220703125
v -1006.2498168945312 282.0166320800781 -1150.0001220703125
v -862.4998168945312 282.0166320800781 -1150.0001220703125
v -862.4998168945312 -0.00005026810322306119 -1150.0001220703125
v -1119.236572265625 274.7891540527344 -1114.0626220703125
v -1006.2498168945312 282.0166320800781 -1150.0001220703125
v -1006.2498168945312 -0.00005026810322306119 -1150.0001220703125
v -1006.2498168945312 282.0166320800781 -1150.0001220703125
v -1119.236572265625 274.7891540527344 -1114.0626220703125
v -1121.82373046875 534.0966186523438 -1114.0626220703125
v -862.4998168945312 282.0166320800781 -1150.0001220703125
v -1006.2498168945312 282.0166320800781 -1150.0001220703125
v -1006.2498168945312 546.0946044921875 -1089.1114501953125
v -1170.69677734375 253.10655212402344 -1006.2501831054688
v -1119.236572265625 274.7891540527344 -1114.0626220703125
v -1114.062255859375 -0.00004869722397415899 -1114.0626220703125
v -1186.219482421875 231.42398071289062 -862.5001831054688
v -1170.69677734375 253.10655212402344 -1006.2501831054688
v -1149.999755859375 -0.00004398458986543119 -1006.2501831054688
v -1170.69677734375 253.10655212402344 -1006.2501831054688
v -1186.219482421875 231.42398071289062 -862.5001831054688
v -1185.7791748046875 465.2661437988281 -862.5001831054688
v -1119.236572265625 274.7891540527344 -1114.0626220703125
v -1170.69677734375 253.10655212402344 -1006.2501831054688
v -1181.0452880859375 498.1029052734375 -1006.2501831054688
v -1191.3936767578125 224.1964874267578 -718.7501831054688
v -1186.219482421875 231.42398071289062 -862.5001831054688
v -1149.999755859375 -0.00003770108014578 -862.5001831054688
v -1150.281982421875 231.4239959716797 -610.9376831054688
v -1191.3936767578125 224.1964874267578 -718.7501831054688
v -1149.999755859375 -0.00003141756678815 -718.7501831054688
v -1191.3936767578125 224.1964874267578 -718.7501831054688
v -1150.281982421875 231.4239959716797 -610.9376831054688
v -1134.4036865234375 371.2357177734375 -638.8890991210938
v -1186.219482421875 231.42398071289062 -862.5001831054688
v -1191.3936767578125 224.1964874267578 -718.7501831054688
v -1176.1531982421875 406.798828125 -718.7501831054688
v -1026.94677734375 253.1065673828125 -575.0001831054688
v -1150.281982421875 231.4239959716797 -610.9376831054688
v -1149.999755859375 -0.000025134057068498805 -575.0001831054688
v -867.6741333007812 274.7891540527344 -575.0001220703125
v -1026.94677734375 253.1065673828125 -575.0001831054688
v -1011.424072265625 63.27662658691406 -539.0626831054688
v -1026.94677734375 253.1065673828125 -575.0001831054688
v -867.6741333007812 274.7891540527344 -575.0001220703125
v -871.5547485351562 480.8809814453125 -610.9376220703125
v -1150.281982421875 231.4239959716797 -610.9376831054688
v -1026.94677734375 253.1065673828125 -575.0001831054688
v -1042.469482421875 442.9365234375 -610.9376831054688
v -718.7498779296875 282.01666259765625 -575.0001220703125
v -867.6741333007812 274.7891540527344 -575.0001220703125
v -863.79345703125 68.69727325439453 -539.0626220703125
v -610.9373779296875 282.01666259765625 -610.9376220703125
v -718.7498779296875 282.01666259765625 -575.0001220703125
v -718.7498779296875 70.504150390625 -539.0626220703125
v -718.7498779296875 282.01666259765625 -575.0001220703125
v -610.9373779296875 282.01666259765625 -610.9376220703125
v -638.8887939453125 438.6925354003906 -638.8890380859375
v -867.6741333007812 274.7891540527344 -575.0001220703125
v -718.7498779296875 282.01666259765625 -575.0001220703125
v -718.7498779296875 493.52911376953125 -610.9376220703125
v -574.9998779296875 282.01666259765625 -718.7500610351562
v -610.9373779296875 282.01666259765625 -610.9376220703125
v -575 54.79937744140625 -575.0001220703125
v -574.9998779296875 282.0166320800781 -862.5
v -574.9998779296875 282.01666259765625 -718.7500610351562
v -539.0623779296875 70.50414276123047 -718.7500610351562
v -574.9998779296875 282.01666259765625 -718.7500610351562
v -574.9998779296875 282.0166320800781 -862.5
v -597.9998779296875 551.8123168945312 -862.5
v -610.9373779296875 282.01666259765625 -610.9376220703125
v -574.9998779296875 282.01666259765625 -718.7500610351562
v -610.9373779296875 493.52911376953125 -718.7501220703125
v -718.7500610351562 282.0166931152344 287.4998474121094
v -610.9375610351562 282.0166931152344 323.4373779296875
v -575.0001220703125 52.62690734863281 287.49993896484375
v -862.5 282.0166931152344 287.4998474121094
v -718.7500610351562 282.0166931152344 287.4998474121094
v -718.7500610351562 70.50418090820312 251.5623779296875
v -718.7500610351562 282.0166931152344 287.4998474121094
v -862.5 282.0166931152344 287.4998474121094
v -863.8173828125 552.5526123046875 310.4998474121094
v -610.9375610351562 282.0166931152344 323.4373779296875
v -718.7500610351562 282.0166931152344 287.4998474121094
v -718.7500610351562 546.0946655273438 287.4998474121094
v -1006.25 282.0166931152344 287.49981689453125
v -862.5 282.0166931152344 287.4998474121094
v -862.5 70.50418090820312 251.56236267089844
v -1122.2962646484375 282.0166931152344 323.4372863769531
v -1006.25 282.0166931152344 287.49981689453125
v -1006.25 70.50418090820312 251.5623321533203
v -1006.25 282.0166931152344 287.49981689453125
v -1122.2962646484375 282.0166931152344 323.4372863769531
v -1108.06787109375 438.69256591796875 351.3887023925781
v -862.5 282.0166931152344 287.4998474121094
v -1006.25 282.0166931152344 287.49981689453125
v -1014.4838256835938 493.5291748046875 323.43731689453125
v -1182.9351806640625 282.0166931152344 431.24981689453125
v -1122.2962646484375 282.0166931152344 323.4372863769531
v -1150 0.000012567015801323578 287.49981689453125
v -1207.63671875 282.0166931152344 574.9998168945312
v -1182.9351806640625 282.0166931152344 431.24981689453125
v -1150.0001220703125 0.000018850529158953577 431.24981689453125
v -1182.9351806640625 282.0166931152344 431.24981689453125
v -1207.63671875 282.0166931152344 574.9998168945312
v -1220.535888671875 550.5439453125 574.999755859375
v -1122.2962646484375 282.0166931152344 323.4372863769531
v -1182.9351806640625 282.0166931152344 431.24981689453125
v -1163.4654541015625 493.5291748046875 431.24981689453125
v -1215.8704833984375 282.0166931152344 718.7498168945312
v -1207.63671875 282.0166931152344 574.9998168945312
v -1150.0001220703125 0.00002513403887860477 574.9998168945312
v -1171.69921875 282.0167236328125 826.5623168945312
v -1215.8704833984375 282.0166931152344 718.7498168945312
v -1150.0001220703125 0.00003141755223623477 718.7498168945312
v -1215.8704833984375 282.0166931152344 718.7498168945312
v -1171.69921875 282.0167236328125 826.5623168945312
v -1200.5174560546875 524.1242065429688 826.5623168945312
v -1207.63671875 282.0166931152344 574.9998168945312
v -1215.8704833984375 282.0166931152344 718.7498168945312
v -1248.8056640625 533.5401611328125 718.7498168945312
v -1039.1851806640625 282.0167236328125 862.4998168945312
v -1171.69921875 282.0167236328125 826.5623168945312
v -1150.0001220703125 0.00003770106195588596 862.4998168945312
v -906.6713256835938 282.0167236328125 906.5751342773438
v -1039.1851806640625 282.0167236328125 862.4998168945312
v -1014.4838256835938 70.50421142578125 898.4373168945312
v -1039.1851806640625 282.0167236328125 862.4998168945312
v -906.6713256835938 282.0167236328125 906.5751342773438
v -910.788330078125 520.8143920898438 910.6439819335938
v -1171.69921875 282.0167236328125 826.5623168945312
v -1039.1851806640625 282.0167236328125 862.4998168945312
v -1055.6529541015625 520.9855346679688 862.4998168945312
v -862.5001831054688 282.0167236328125 1038.8009033203125
v -906.6713256835938 282.0167236328125 906.5751342773438
v -930.0484619140625 125.34078216552734 930.0055541992188
v -826.5626831054688 282.0167236328125 1171.0267333984375
v -862.5001831054688 282.0167236328125 1038.8009033203125
v -898.4376831054688 70.50421142578125 1014.3876342773438
v -862.5001831054688 282.0167236328125 1038.8009033203125
v -826.5626831054688 282.0167236328125 1171.0267333984375
v -826.5626831054688 519.7872314453125 1199.5087890625
v -906.6713256835938 282.0167236328125 906.5751342773438
v -862.5001831054688 282.0167236328125 1038.8009033203125
v -862.5001831054688 520.3008422851562 1055.0765380859375
v -718.7501831054688 282.0167236328125 1215.10205078125
v -826.5626831054688 282.0167236328125 1171.0267333984375
v -862.5001831054688 0.00005026809230912477 1149.999755859375
v -610.9376831054688 282.0167236328125 1171.0267333984375
v -718.7501831054688 282.0167236328125 1215.10205078125
v -718.7501831054688 0.00005026809230912477 1149.999755859375
v -718.7501831054688 282.0167236328125 1215.10205078125
v -610.9376831054688 282.0167236328125 1171.0267333984375
v -610.9376831054688 522.9259033203125 1199.5089111328125
v -826.5626831054688 282.0167236328125 1171.0267333984375
v -718.7501831054688 282.0167236328125 1215.10205078125
v -718.7501831054688 519.6160888671875 1247.6531982421875
v -575.0001831054688 282.0167236328125 1038.8009033203125
v -610.9376831054688 282.0167236328125 1171.0267333984375
v -575.0001831054688 0.00005026809230912477 1149.999755859375
v -575.0001220703125 282.0167236328125 870.6376953125
v -575.0001831054688 282.0167236328125 1038.8009033203125
v -539.0626831054688 83.37960815429688 1014.3876953125
v -575.0001831054688 282.0167236328125 1038.8009033203125
v -575.0001220703125 282.0167236328125 870.6376953125
v -575.0001220703125 542.7848510742188 874.70654296875
v -610.9376831054688 282.0167236328125 1171.0267333984375
v -575.0001831054688 282.0167236328125 1038.8009033203125
v -575.0001831054688 532.8553466796875 1055.0765380859375
v -575.0001220703125 282.0166931152344 718.7498779296875
v -575.0001220703125 282.0167236328125 870.6376953125
v -539.0626220703125 89.81730651855469 864.5343627929688
v -575.0000610351562 282.0166931152344 574.9998779296875
v -575.0001220703125 282.0166931152344 718.7498779296875
v -539.0626220703125 83.37959289550781 718.7498779296875
v -575.0001220703125 282.0166931152344 718.7498779296875
v -575.0000610351562 282.0166931152344 574.9998779296875
v -575.0000610351562 546.0947265625 574.9998779296875
v -575.0001220703125 282.0167236328125 870.6376953125
v -575.0001220703125 282.0166931152344 718.7498779296875
v -575.0001220703125 546.0947265625 718.7498779296875
v -575.0000610351562 282.0166931152344 431.2499084472656
v -575.0000610351562 282.0166931152344 574.9998779296875
v -539.0625610351562 73.7230453491211 574.9998779296875
v -610.9375610351562 282.0166931152344 323.4373779296875
v -575.0000610351562 282.0166931152344 431.2499084472656
v -539.0625610351562 70.50418853759766 431.2499084472656
v -575.0000610351562 282.0166931152344 431.2499084472656
v -610.9375610351562 282.0166931152344 323.4373779296875
v -610.9375610351562 546.0946655273438 323.4373779296875
v -575.0000610351562 282.0166931152344 574.9998779296875
v -575.0000610351562 282.0166931152344 431.2499084472656
v -575.0000610351562 546.0946655273438 431.2498474121094
v 1041.9171142578125 282.0166931152344 575.0001831054688
v 1176.4798583984375 266.38690185546875 610.9376831054688
v 1149.999755859375 0.000025134057068498805 575.0001831054688
v 871.416748046875 282.0166931152344 575.0001220703125
v 1041.9171142578125 282.0166931152344 575.0001831054688
v 1015.166748046875 70.50419616699219 539.0626831054688
v 1041.9171142578125 282.0166931152344 575.0001831054688
v 871.416748046875 282.0166931152344 575.0001220703125
v 875.8751220703125 546.0947265625 575.0000610351562
v 1176.4798583984375 266.38690185546875 610.9376831054688
v 1041.9171142578125 282.0166931152344 575.0001831054688
v 1059.7506103515625 546.0947265625 575.0001220703125
v 718.7498779296875 282.0166931152344 575.0001220703125
v 871.416748046875 282.0166931152344 575.0001220703125
v 864.7291259765625 70.50419616699219 539.0626220703125
v 574.9998779296875 282.0166931152344 575.0000610351562
v 718.7498779296875 282.0166931152344 575.0001220703125
v 718.7498779296875 70.50419616699219 539.0626220703125
v 718.7498779296875 282.0166931152344 575.0001220703125
v 574.9998779296875 282.0166931152344 575.0000610351562
v 574.9998779296875 534.9872436523438 598.0000610351562
v 871.416748046875 282.0166931152344 575.0001220703125
v 718.7498779296875 282.0166931152344 575.0001220703125
v 718.7498779296875 546.0947265625 575.0000610351562
v 431.2499084472656 282.0166931152344 575.0000610351562
v 574.9998779296875 282.0166931152344 575.0000610351562
v 574.9998779296875 70.50419616699219 539.0625610351562
v 323.4374084472656 266.3333435058594 610.9375610351562
v 431.2499084472656 282.0166931152344 575.0000610351562
v 431.2499084472656 70.50419616699219 539.0625610351562
v 431.2499084472656 282.0166931152344 575.0000610351562
v 323.4374084472656 266.3333435058594 610.9375610351562
v 351.3887939453125 389.89990234375 638.8889770507812
v 574.9998779296875 282.0166931152344 575.0000610351562
v 431.2499084472656 282.0166931152344 575.0000610351562
v 431.2499084472656 462.1625061035156 610.9375610351562
v 287.4998779296875 219.283203125 718.7500610351562
v 323.4374084472656 266.3333435058594 610.9375610351562
v 287.4999084472656 44.67341613769531 575.0000610351562
v 323.4373779296875 172.23306274414062 826.5625
v 287.4998779296875 219.283203125 718.7500610351562
v 251.5623779296875 67.69622039794922 718.7500610351562
v 287.4998779296875 219.283203125 718.7500610351562
v 323.4373779296875 172.23306274414062 826.5625
v 351.3887634277344 292.3144226074219 798.6112060546875
v 323.4374084472656 266.3333435058594 610.9375610351562
v 287.4998779296875 219.283203125 718.7500610351562
v 323.4373779296875 383.74554443359375 718.7500610351562
v 431.2498474121094 156.5496826171875 862.5
v 323.4373779296875 172.23306274414062 826.5625
v 287.4998779296875 39.917701721191406 862.5
v 539.0623779296875 172.23306274414062 909.4201049804688
v 431.2498474121094 156.5496826171875 862.5
v 431.2498474121094 39.137451171875 898.4375
v 431.2498474121094 156.5496826171875 862.5
v 539.0623779296875 172.23306274414062 909.4201049804688
v 551.9998779296875 374.3894958496094 873.0433349609375
v 323.4373779296875 172.23306274414062 826.5625
v 431.2498474121094 156.5496826171875 862.5
v 431.2498474121094 305.32867431640625 826.5625
v 574.9998168945312 219.28321838378906 1050.1805419921875
v 539.0623779296875 172.23306274414062 909.4201049804688
v 511.1109313964844 76.54804992675781 931.27001953125
v 610.9373168945312 266.3333740234375 1190.9407958984375
v 574.9998168945312 219.28321838378906 1050.1805419921875
v 539.0623168945312 54.82083511352539 1017.2326049804688
v 574.9998168945312 219.28321838378906 1050.1805419921875
v 610.9373168945312 266.3333740234375 1190.9407958984375
v 610.9373168945312 522.569580078125 1229.3798828125
v 539.0623779296875 172.23306274414062 909.4201049804688
v 574.9998168945312 219.28321838378906 1050.1805419921875
v 574.9998168945312 451.9944152832031 1072.1456298828125
v 718.7498168945312 282.0167236328125 1237.8607177734375
v 610.9373168945312 266.3333740234375 1190.9407958984375
v 574.9998168945312 0.00005026810322306119 1150.0001220703125
v 862.4998168945312 266.3869323730469 1226.8782958984375
v 718.7498168945312 282.0167236328125 1237.8607177734375
v 718.7498168945312 0.00005026810322306119 1150.0001220703125
v 718.7498168945312 282.0167236328125 1237.8607177734375
v 862.4998168945312 266.3869323730469 1226.8782958984375
v 863.926513671875 533.46484375 1251.7623291015625
v 610.9373168945312 266.3333740234375 1190.9407958984375
v 718.7498168945312 282.0167236328125 1237.8607177734375
v 718.7498168945312 546.0947265625 1281.7911376953125
v 1006.2498168945312 219.49755859375 1193.9305419921875
v 862.4998168945312 266.3869323730469 1226.8782958984375
v 862.4998168945312 0.00005026810322306119 1150.0001220703125
v 1122.9791259765625 172.6082000732422 1125.0452880859375
v 1006.2498168945312 219.49755859375 1193.9305419921875
v 1006.2498168945312 0.00005026810322306119 1150.0001220703125
v 1006.2498168945312 219.49755859375 1193.9305419921875
v 1122.9791259765625 172.6082000732422 1125.0452880859375
v 1109.88916015625 292.81463623046875 1115.3980712890625
v 862.4998168945312 266.3869323730469 1226.8782958984375
v 1006.2498168945312 219.49755859375 1193.9305419921875
v 1015.1665649414062 384.1206970214844 1179.9580078125
v 1185.6671142578125 156.97840881347656 1006.2501831054688
v 1122.9791259765625 172.6082000732422 1125.0452880859375
v 1114.062255859375 0.00004869722397415899 1114.0626220703125
v 1212.4173583984375 172.60818481445312 862.5001831054688
v 1185.6671142578125 156.97840881347656 1006.2501831054688
v 1149.999755859375 0.00004398458986543119 1006.2501831054688
v 1185.6671142578125 156.97840881347656 1006.2501831054688
v 1212.4173583984375 172.60818481445312 862.5001831054688
v 1093.4393310546875 363.921630859375 864.25732421875
v 1122.9791259765625 172.6082000732422 1125.0452880859375
v 1185.6671142578125 156.97840881347656 1006.2501831054688
v 1167.5631103515625 305.97174072265625 1017.2327880859375
v 1221.334228515625 219.49754333496094 718.7501831054688
v 1212.4173583984375 172.60818481445312 862.5001831054688
v 1149.999755859375 0.00003770108014578 862.5001831054688
v 1176.4798583984375 266.38690185546875 610.9376831054688
v 1221.334228515625 219.49754333496094 718.7501831054688
v 1149.999755859375 0.00003141756678815 718.7501831054688
v 1221.334228515625 219.49754333496094 718.7501831054688
v 1176.4798583984375 266.38690185546875 610.9376831054688
v 1207.688720703125 520.177490234375 610.9376831054688
v 1212.4173583984375 172.60818481445312 862.5001831054688
v 1221.334228515625 219.49754333496094 718.7501831054688
v 1122.1461181640625 442.4261169433594 718.7501831054688
v 718.75 725.3237915039062 -574.9998779296875
v 610.9376220703125 762.0523071289062 -610.9373779296875
v 580.3255615234375 554.7001953125 -575.0000610351562
v 826.5625 688.59521484375 -610.9373779296875
v 718.75 725.3237915039062 -574.9998779296875
v 726.73828125 604.35595703125 -539.0623779296875
v 718.75 725.3237915039062 -574.9998779296875
v 826.5625 688.59521484375 -610.9373779296875
v 798.6111450195312 776.8406982421875 -638.8888549804688
v 610.9376220703125 762.0523071289062 -610.9373779296875
v 718.75 725.3237915039062 -574.9998779296875
v 718.7500610351562 846.2916259765625 -610.9373779296875
v 862.5001220703125 676.3523559570312 -718.7498779296875
v 826.5625 688.59521484375 -610.9373779296875
v 863.3875732421875 534.2538452148438 -574.9998779296875
v 898.4376220703125 688.59521484375 -826.5623779296875
v 862.5001220703125 676.3523559570312 -718.7498779296875
v 862.5001220703125 521.6089477539062 -718.7498779296875
v 862.5001220703125 676.3523559570312 -718.7498779296875
v 898.4376220703125 688.59521484375 -826.5623779296875
v 862.5001220703125 831.6770629882812 -839.4998779296875
v 826.5625 688.59521484375 -610.9373779296875
v 862.5001220703125 676.3523559570312 -718.7498779296875
v 826.5626220703125 785.077392578125 -718.7498779296875
v 1006.2501220703125 725.3237915039062 -862.4998779296875
v 898.4376220703125 688.59521484375 -826.5623779296875
v 898.4376220703125 524.6696166992188 -826.5623779296875
v 1114.0626220703125 762.0523071289062 -898.4373168945312
v 1006.2501220703125 725.3237915039062 -862.4998779296875
v 1006.2501220703125 533.8517456054688 -862.4998779296875
v 1006.2501220703125 725.3237915039062 -862.4998779296875
v 1114.0626220703125 762.0523071289062 -898.4373168945312
v 1114.0626220703125 932.42578125 -898.4373168945312
v 898.4376220703125 688.59521484375 -826.5623779296875
v 1006.2501220703125 725.3237915039062 -862.4998779296875
v 1006.2501220703125 883.4342041015625 -862.4998779296875
v 1150.0001220703125 774.295166015625 -1006.2498168945312
v 1114.0626220703125 762.0523071289062 -898.4373168945312
v 1114.0626220703125 543.0338745117188 -898.4373168945312
v 1114.0626220703125 774.295166015625 -1114.062255859375
v 1150.0001220703125 774.295166015625 -1006.2498168945312
v 1150.0001220703125 546.0946044921875 -1006.2498168945312
v 1150.0001220703125 774.295166015625 -1006.2498168945312
v 1114.0626220703125 774.295166015625 -1114.062255859375
v 1114.0626220703125 950.7899169921875 -1114.062255859375
v 1114.0626220703125 762.0523071289062 -898.4373168945312
v 1150.0001220703125 774.295166015625 -1006.2498168945312
v 1150.0001220703125 948.7562255859375 -1006.2498168945312
v 1006.2501831054688 774.295166015625 -1149.999755859375
v 1114.0626220703125 774.295166015625 -1114.062255859375
v 1114.0626220703125 546.0946044921875 -1114.062255859375
v 862.5001831054688 774.295166015625 -1076.7764892578125
v 1006.2501831054688 774.295166015625 -1149.999755859375
v 1006.2501831054688 546.0946044921875 -1149.999755859375
v 1006.2501831054688 774.295166015625 -1149.999755859375
v 862.5001831054688 774.295166015625 -1076.7764892578125
v 862.5001831054688 962.9924926757812 -1149.999755859375
v 1114.0626220703125 774.295166015625 -1114.062255859375
v 1006.2501831054688 774.295166015625 -1149.999755859375
v 1006.2501831054688 956.8912353515625 -1149.999755859375
v 718.7501831054688 774.295166015625 -1076.7764892578125
v 862.5001831054688 774.295166015625 -1076.7764892578125
v 862.5001831054688 546.0946044921875 -1149.999755859375
v 610.9376831054688 774.295166015625 -1114.062255859375
v 718.7501831054688 774.295166015625 -1076.7764892578125
v 718.7501831054688 546.0946044921875 -1076.7764892578125
v 718.7501831054688 774.295166015625 -1076.7764892578125
v 610.9376831054688 774.295166015625 -1114.062255859375
v 610.9376831054688 965.0263061523438 -1114.062255859375
v 862.5001831054688 774.295166015625 -1076.7764892578125
v 718.7501831054688 774.295166015625 -1076.7764892578125
v 718.7501831054688 965.0263061523438 -1149.999755859375
v 575.0001220703125 774.295166015625 -1006.2498779296875
v 610.9376831054688 774.295166015625 -1114.062255859375
v 610.9376831054688 546.0946044921875 -1114.062255859375
v 575.0001220703125 774.295166015625 -862.4998779296875
v 575.0001220703125 774.295166015625 -1006.2498779296875
v 575.0001220703125 546.0946044921875 -1006.2498779296875
v 575.0001220703125 774.295166015625 -1006.2498779296875
v 575.0001220703125 774.295166015625 -862.4998779296875
v 598.0001220703125 958.3453979492188 -862.4998779296875
v 610.9376831054688 774.295166015625 -1114.062255859375
v 575.0001220703125 774.295166015625 -1006.2498779296875
v 575.0001220703125 965.0263671875 -1006.2498779296875
v 575.0001220703125 774.295166015625 -718.7499389648438
v 575.0001220703125 774.295166015625 -862.4998779296875
v 575.0001220703125 546.0946044921875 -862.4998779296875
v 610.9376220703125 762.0523071289062 -610.9373779296875
v 575.0001220703125 774.295166015625 -718.7499389648438
v 575.0001220703125 546.0946044921875 -718.7499389648438
v 575.0001220703125 774.295166015625 -718.7499389648438
v 610.9376220703125 762.0523071289062 -610.9373779296875
v 638.8889770507812 853.0185546875 -638.8888549804688
v 575.0001220703125 774.295166015625 -862.4998779296875
v 575.0001220703125 774.295166015625 -718.7499389648438
v 610.9376220703125 907.5059204101562 -718.7498779296875
v -718.7498779296875 755.7888793945312 -862.5001220703125
v -867.674072265625 734.6817016601562 -862.5001220703125
v -871.5547485351562 595.8541259765625 -826.5626220703125
v -610.9373779296875 769.6686401367188 -898.4376220703125
v -718.7498779296875 755.7888793945312 -862.5001220703125
v -718.7498779296875 611.9722290039062 -826.5626220703125
v -718.7498779296875 755.7888793945312 -862.5001220703125
v -610.9373779296875 769.6686401367188 -898.4376220703125
v -610.9373779296875 961.0768432617188 -898.4376220703125
v -867.674072265625 734.6817016601562 -862.5001220703125
v -718.7498779296875 755.7888793945312 -862.5001220703125
v -718.7498779296875 937.2669067382812 -862.5001220703125
v -574.9998779296875 774.295166015625 -1006.25
v -610.9373779296875 769.6686401367188 -898.4376220703125
v -597.9998779296875 551.8123168945312 -862.5
v -610.9373168945312 774.295166015625 -1114.0626220703125
v -574.9998779296875 774.295166015625 -1006.25
v -574.9998779296875 546.0946044921875 -1006.25
v -574.9998779296875 774.295166015625 -1006.25
v -610.9373168945312 774.295166015625 -1114.0626220703125
v -610.9373168945312 985.9578857421875 -1114.0626220703125
v -610.9373779296875 769.6686401367188 -898.4376220703125
v -574.9998779296875 774.295166015625 -1006.25
v -574.9998779296875 976.9872436523438 -1006.25
v -718.7498168945312 774.295166015625 -1150.0001220703125
v -610.9373168945312 774.295166015625 -1114.0626220703125
v -610.9373168945312 546.0946044921875 -1114.0626220703125
v -862.4998168945312 774.295166015625 -1150.0001220703125
v -718.7498168945312 774.295166015625 -1150.0001220703125
v -718.7498168945312 546.0946044921875 -1150.0001220703125
v -718.7498168945312 774.295166015625 -1150.0001220703125
v -862.4998168945312 774.295166015625 -1150.0001220703125
v -862.4998168945312 980.2717895507812 -1127.0001220703125
v -610.9373168945312 774.295166015625 -1114.0626220703125
v -718.7498168945312 774.295166015625 -1150.0001220703125
v -718.7498168945312 988.9481811523438 -1150.0001220703125
v -1006.2498168945312 774.295166015625 -1150.0001220703125
v -862.4998168945312 774.295166015625 -1150.0001220703125
v -862.4998168945312 546.0946044921875 -1089.1114501953125
v -1119.236572265625 762.4411010742188 -1114.0626220703125
v -1006.2498168945312 774.295166015625 -1150.0001220703125
v -1006.2498168945312 546.0946044921875 -1089.1114501953125
v -1006.2498168945312 774.295166015625 -1150.0001220703125
v -1119.236572265625 762.4411010742188 -1114.0626220703125
v -1088.41064453125 873.5014038085938 -1086.1112060546875
v -862.4998168945312 774.295166015625 -1150.0001220703125
v -1006.2498168945312 774.295166015625 -1150.0001220703125
v -1006.2498168945312 922.7384643554688 -1114.0626220703125
v -1170.69677734375 726.8788452148438 -1006.2501831054688
v -1119.236572265625 762.4411010742188 -1114.0626220703125
v -1121.82373046875 534.0966186523438 -1114.0626220703125
v -1145.1077880859375 698.5441284179688 -898.4376831054688
v -1170.69677734375 726.8788452148438 -1006.2501831054688
v -1181.0452880859375 498.1029052734375 -1006.2501831054688
v -1170.69677734375 726.8788452148438 -1006.2501831054688
v -1145.1077880859375 698.5441284179688 -898.4376831054688
v -1099.908935546875 828.6526489257812 -926.3890380859375
v -1119.236572265625 762.4411010742188 -1114.0626220703125
v -1170.69677734375 726.8788452148438 -1006.2501831054688
v -1119.236572265625 892.3781127929688 -1006.2501831054688
v -1026.94677734375 708.3726196289062 -862.5001831054688
v -1145.1077880859375 698.5441284179688 -898.4376831054688
v -1185.7791748046875 465.2661437988281 -862.5001831054688
v -867.674072265625 734.6817016601562 -862.5001220703125
v -1026.94677734375 708.3726196289062 -862.5001831054688
v -1042.469482421875 556.7529907226562 -826.5626831054688
v -1026.94677734375 708.3726196289062 -862.5001831054688
v -867.674072265625 734.6817016601562 -862.5001220703125
v -863.3276977539062 920.257080078125 -885.5001220703125
v -1145.1077880859375 698.5441284179688 -898.4376831054688
v -1026.94677734375 708.3726196289062 -862.5001831054688
v -1011.424072265625 869.245361328125 -898.4376831054688
v 463.2030944824219 903.4971923828125 -287.4999694824219
v 594.9804077148438 806.595703125 -251.5624237060547
v 670.8592529296875 559.6495361328125 -287.49993896484375
v 331.4257507324219 968.09814453125 -323.4374694824219
v 463.2030944824219 903.4971923828125 -287.4999694824219
v 479.1796569824219 648.8992919921875 -323.43743896484375
v 463.2030944824219 903.4971923828125 -287.4999694824219
v 331.4257507324219 968.09814453125 -323.4374694824219
v 311.7781066894531 1416.751708984375 -287.5
v 594.9804077148438 806.595703125 -251.5624237060547
v 463.2030944824219 903.4971923828125 -287.4999694824219
v 439.2382507324219 1158.094970703125 -251.56246948242188
v 287.50006103515625 903.4971923828125 -431.25
v 331.4257507324219 968.09814453125 -323.4374694824219
v 372.69097900390625 743.61767578125 -351.3888244628906
v 251.5625762939453 806.595703125 -539.0624389648438
v 287.50006103515625 903.4971923828125 -431.25
v 331.42584228515625 648.8992919921875 -431.25
v 287.50006103515625 903.4971923828125 -431.25
v 251.5625762939453 806.595703125 -539.0624389648438
v 251.5625762939453 1117.634033203125 -539.0624389648438
v 331.4257507324219 968.09814453125 -323.4374694824219
v 287.50006103515625 903.4971923828125 -431.25
v 287.50006103515625 1271.658447265625 -431.25
v 143.7500762939453 774.295166015625 -575.0000610351562
v 251.5625762939453 806.595703125 -539.0624389648438
v 288.7782287597656 557.7206420898438 -552
v 0.00009063728066394106 764.1753540039062 -575.0000610351562
v 143.7500762939453 774.295166015625 -575.0000610351562
v 143.75010681152344 546.0946655273438 -461.814453125
v 143.7500762939453 774.295166015625 -575.0000610351562
v 0.00009063728066394106 764.1753540039062 -575.0000610351562
v -2.086933135986328 1035.2484130859375 -552.0000610351562
v 251.5625762939453 806.595703125 -539.0624389648438
v 143.7500762939453 774.295166015625 -575.0000610351562
v 143.7500762939453 1066.29248046875 -575.0000610351562
v -143.74990844726562 733.8158569335938 -575.0000610351562
v 0.00009063728066394106 764.1753540039062 -575.0000610351562
v 0.00009262022649636492 530.9149169921875 -461.814453125
v -264.6063232421875 713.5762939453125 -539.0626220703125
v -143.74990844726562 733.8158569335938 -575.0000610351562
v -143.74990844726562 485.3757019042969 -461.814453125
v -143.74990844726562 733.8158569335938 -575.0000610351562
v -264.6063232421875 713.5762939453125 -539.0626220703125
v -258.394775390625 864.1211547851562 -511.1111755371094
v 0.00009063728066394106 764.1753540039062 -575.0000610351562
v -143.74990844726562 733.8158569335938 -575.0000610351562
v -156.79383850097656 921.871826171875 -539.0625610351562
v -339.67559814453125 733.81591796875 -431.25006103515625
v -264.6063232421875 713.5762939453125 -539.0626220703125
v -289.5869445800781 437.59130859375 -552.0000610351562
v -378.8073425292969 764.1754150390625 -287.5000305175781
v -339.67559814453125 733.81591796875 -431.25006103515625
v -336.4813537597656 545.760009765625 -431.2500915527344
v -339.67559814453125 733.81591796875 -431.25006103515625
v -378.8073425292969 764.1754150390625 -287.5000305175781
v -412.6788635253906 1020.2901000976562 -287.50006103515625
v -264.6063232421875 713.5762939453125 -539.0626220703125
v -339.67559814453125 733.81591796875 -431.25006103515625
v -329.825927734375 921.871826171875 -431.25006103515625
v -391.8512878417969 774.295166015625 -143.75003051757812
v -378.8073425292969 764.1754150390625 -287.5000305175781
v -346.2643127441406 598.88916015625 -287.50006103515625
v -342.8699035644531 774.295166015625 -35.937538146972656
v -391.8512878417969 774.295166015625 -143.75003051757812
v -349.5252990722656 616.5988159179688 -143.75003051757812
v -391.8512878417969 774.295166015625 -143.75003051757812
v -342.8699035644531 774.295166015625 -35.937538146972656
v -388.5235900878906 1042.919677734375 -35.93754577636719
v -378.8073425292969 764.1754150390625 -287.5000305175781
v -391.8512878417969 774.295166015625 -143.75003051757812
v -444.0269470214844 1039.580810546875 -143.75003051757812
v -195.9256591796875 774.295166015625 -0.00004054128658026457
v -342.8699035644531 774.295166015625 -35.937538146972656
v -302.109130859375 583.2125854492188 1.5843312740325928
v -48.981422424316406 774.295166015625 45.83980941772461
v -195.9256591796875 774.295166015625 -0.00004054128658026457
v -156.79391479492188 603.685791015625 45.839805603027344
v -195.9256591796875 774.295166015625 -0.00004054128658026457
v -48.981422424316406 774.295166015625 45.83980941772461
v -55.503379821777344 1060.6573486328125 38.41304397583008
v -342.8699035644531 774.295166015625 -35.937538146972656
v -195.9256591796875 774.295166015625 -0.00004054128658026457
v -222.0134735107422 1052.9366455078125 -0.00005284554208628833
v -0.00002005710302910302 774.295166015625 183.35934448242188
v -48.981422424316406 774.295166015625 45.83980941772461
v -69.68619537353516 651.7439575195312 90.29511260986328
v 35.93746566772461 774.295166015625 320.8788757324219
v -0.00002005710302910302 774.295166015625 183.35934448242188
v -35.93751907348633 603.685791015625 203.16403198242188
v -0.00002005710302910302 774.295166015625 183.35934448242188
v 35.93746566772461 774.295166015625 320.8788757324219
v 35.937461853027344 1050.219970703125 268.8915710449219
v -48.981422424316406 774.295166015625 45.83980941772461
v -0.00002005710302910302 774.295166015625 183.35934448242188
v -0.000021293515601428226 1057.108154296875 153.65232849121094
v 143.74996948242188 774.295166015625 267.595703125
v 35.93746566772461 774.295166015625 320.8788757324219
v -0.000037750403862446547 535.7174682617188 406.3281555175781
v 287.49993896484375 774.295166015625 257.6933288574219
v 143.74996948242188 774.295166015625 267.595703125
v 143.74996948242188 546.0946655273438 406.3280944824219
v 143.74996948242188 774.295166015625 267.595703125
v 287.49993896484375 774.295166015625 257.6933288574219
v 287.49993896484375 1059.439697265625 275.590576171875
v 35.93746566772461 774.295166015625 320.8788757324219
v 143.74996948242188 774.295166015625 267.595703125
v 143.7499542236328 1047.923828125 307.3046569824219
v 431.24993896484375 774.295166015625 327.1094055175781
v 287.49993896484375 774.295166015625 257.6933288574219
v 287.49993896484375 546.0946655273438 292.35150146484375
v 547.0507202148438 774.295166015625 261.4649353027344
v 431.24993896484375 774.295166015625 327.1094055175781
v 431.24993896484375 546.0946655273438 247.79104614257812
v 431.24993896484375 774.295166015625 327.1094055175781
v 547.0507202148438 774.295166015625 261.4649353027344
v 514.661376953125 905.4631958007812 228.01220703125
v 287.49993896484375 774.295166015625 257.6933288574219
v 431.24993896484375 774.295166015625 327.1094055175781
v 431.24993896484375 964.2920532226562 261.46484375
v 606.9530639648438 774.295166015625 143.7500762939453
v 547.0507202148438 774.295166015625 261.4649353027344
v 551.0448608398438 546.0946655273438 266.41607666015625
v 525.4239501953125 774.295166015625 0.00006523512274725363
v 606.9530639648438 774.295166015625 143.7500762939453
v 622.9295654296875 546.0946655273438 143.75006103515625
v 606.9530639648438 774.295166015625 143.7500762939453
v 525.4239501953125 774.295166015625 0.00006523512274725363
v 447.548095703125 988.5174560546875 0.000050787970394594595
v 547.0507202148438 774.295166015625 261.4649353027344
v 606.9530639648438 774.295166015625 143.7500762939453
v 547.05078125 964.2920532226562 143.75003051757812
v 638.9061279296875 774.295166015625 -143.74993896484375
v 525.4239501953125 774.295166015625 0.00006523512274725363
v 658.8768310546875 546.0946655273438 0.00007180238753790036
v 594.9804077148438 806.595703125 -251.5624237060547
v 638.9061279296875 774.295166015625 -143.74993896484375
v 670.8591918945312 546.0946655273438 -143.7499237060547
v 638.9061279296875 774.295166015625 -143.74993896484375
v 594.9804077148438 806.595703125 -251.5624237060547
v 535.9635620117188 991.5977783203125 -223.61109924316406
v 525.4239501953125 774.295166015625 0.00006523512274725363
v 638.9061279296875 774.295166015625 -143.74993896484375
v 555.0390625 996.592529296875 -143.74996948242188
v -862.5 774.295166015625 431.24981689453125
v -826.5625 774.295166015625 323.4373474121094
v -863.8173828125 552.5526123046875 310.4998474121094
v -906.6713256835938 774.295166015625 539.0623168945312
v -862.5 774.295166015625 431.24981689453125
v -906.6713256835938 616.5988159179688 431.24981689453125
v -862.5 774.295166015625 431.24981689453125
v -906.6713256835938 774.295166015625 539.0623168945312
v -863.4148559570312 965.347412109375 574.9998779296875
v -826.5625 774.295166015625 323.4373474121094
v -862.5 774.295166015625 431.24981689453125
v -826.5625 931.9915771484375 431.24981689453125
v -1039.1851806640625 774.2952270507812 574.999755859375
v -906.6713256835938 774.295166015625 539.0623168945312
v -948.3456420898438 657.483154296875 511.1108703613281
v -1171.69921875 761.7406616210938 610.937255859375
v -1039.1851806640625 774.2952270507812 574.999755859375
v -1055.6529541015625 616.5988159179688 539.062255859375
v -1039.1851806640625 774.2952270507812 574.999755859375
v -1171.69921875 761.7406616210938 610.937255859375
v -1111.7275390625 852.0487060546875 638.888671875
v -906.6713256835938 774.295166015625 539.0623168945312
v -1039.1851806640625 774.2952270507812 574.999755859375
v -1014.4838256835938 906.8823852539062 610.937255859375
v -1215.8704833984375 724.0769653320312 718.749755859375
v -1171.69921875 761.7406616210938 610.937255859375
v -1220.535888671875 550.5439453125 574.999755859375
v -1171.69921875 686.4132690429688 826.5623168945312
v -1215.8704833984375 724.0769653320312 718.749755859375
v -1248.8056640625 533.5401611328125 718.7498168945312
v -1215.8704833984375 724.0769653320312 718.749755859375
v -1171.69921875 686.4132690429688 826.5623168945312
v -1111.7274169921875 773.931396484375 798.6109008789062
v -1171.69921875 761.7406616210938 610.937255859375
v -1215.8704833984375 724.0769653320312 718.749755859375
v -1130.5301513671875 844.109619140625 718.749755859375
v -1039.1851806640625 673.8587036132812 862.4998168945312
v -1171.69921875 686.4132690429688 826.5623168945312
v -1200.5174560546875 524.1242065429688 826.5623168945312
v -906.6713256835938 673.1738891601562 906.5751342773438
v -1039.1851806640625 673.8587036132812 862.4998168945312
v -1055.6529541015625 520.9855346679688 862.4998168945312
v -1039.1851806640625 673.8587036132812 862.4998168945312
v -906.6713256835938 673.1738891601562 906.5751342773438
v -863.4150390625 814.1598510742188 863.404052734375
v -1171.69921875 686.4132690429688 826.5623168945312
v -1039.1851806640625 673.8587036132812 862.4998168945312
v -1014.4838256835938 781.3368530273438 826.5623168945312
v -862.5001831054688 671.11962890625 1038.8009033203125
v -906.6713256835938 673.1738891601562 906.5751342773438
v -910.788330078125 520.8143920898438 910.6439819335938
v -826.5626831054688 669.0653686523438 1171.0267333984375
v -862.5001831054688 671.11962890625 1038.8009033203125
v -862.5001831054688 520.3008422851562 1055.0765380859375
v -862.5001831054688 671.11962890625 1038.8009033203125
v -826.5626831054688 669.0653686523438 1171.0267333984375
v -798.611328125 734.0615844726562 1111.4285888671875
v -906.6713256835938 673.1738891601562 906.5751342773438
v -862.5001831054688 671.11962890625 1038.8009033203125
v -826.5626831054688 763.9889526367188 1014.3876342773438
v -718.7501831054688 668.380615234375 1215.10205078125
v -826.5626831054688 669.0653686523438 1171.0267333984375
v -826.5626831054688 519.7872314453125 1199.5087890625
v -610.9376831054688 681.6199951171875 1171.0267333984375
v -718.7501831054688 668.380615234375 1215.10205078125
v -718.7501831054688 519.6160888671875 1247.6531982421875
v -718.7501831054688 668.380615234375 1215.10205078125
v -610.9376831054688 681.6199951171875 1171.0267333984375
v -638.8890991210938 761.9605712890625 1111.428466796875
v -826.5626831054688 669.0653686523438 1171.0267333984375
v -718.7501831054688 668.380615234375 1215.10205078125
v -718.7501831054688 760.5652465820312 1130.337890625
v -575.0001831054688 721.3379516601562 1038.8009033203125
v -610.9376831054688 681.6199951171875 1171.0267333984375
v -610.9376831054688 522.9259033203125 1199.5089111328125
v -575.0001220703125 761.0559692382812 870.6376953125
v -575.0001831054688 721.3379516601562 1038.8009033203125
v -575.0001831054688 532.8553466796875 1055.0765380859375
v -575.0001831054688 721.3379516601562 1038.8009033203125
v -575.0001220703125 761.0559692382812 870.6376953125
v -598.0001220703125 937.4683227539062 863.8019409179688
v -610.9376831054688 681.6199951171875 1171.0267333984375
v -575.0001831054688 721.3379516601562 1038.8009033203125
v -610.9376831054688 826.76171875 1014.3876342773438
v -575.0001220703125 774.2952270507812 718.7498779296875
v -575.0001220703125 761.0559692382812 870.6376953125
v -575.0001220703125 542.7848510742188 874.70654296875
v -575 774.2952270507812 574.9998779296875
v -575.0001220703125 774.2952270507812 718.7498779296875
v -575.0001220703125 546.0947265625 718.7498779296875
v -575.0001220703125 774.2952270507812 718.7498779296875
v -575 774.2952270507812 574.9998779296875
v -598 964.3488159179688 574.9998779296875
v -575.0001220703125 761.0559692382812 870.6376953125
v -575.0001220703125 774.2952270507812 718.7498779296875
v -575.0001220703125 951.2609252929688 718.7498779296875
v -575.0000610351562 774.295166015625 431.2498474121094
v -575 774.2952270507812 574.9998779296875
v -575.0000610351562 546.0947265625 574.9998779296875
v -610.9375610351562 774.295166015625 323.4373779296875
v -575.0000610351562 774.295166015625 431.2498474121094
v -575.0000610351562 546.0946655273438 431.2498474121094
v -575.0000610351562 774.295166015625 431.2498474121094
v -610.9375610351562 774.295166015625 323.4373779296875
v -638.8889770507812 891.1073608398438 351.38873291015625
v -575 774.2952270507812 574.9998779296875
v -575.0000610351562 774.295166015625 431.2498474121094
v -610.9375610351562 931.9915771484375 431.2498474121094
v -718.7500610351562 774.295166015625 287.4998474121094
v -610.9375610351562 774.295166015625 323.4373779296875
v -610.9375610351562 546.0946655273438 323.4373779296875
v -826.5625 774.295166015625 323.4373474121094
v -718.7500610351562 774.295166015625 287.4998474121094
v -718.7500610351562 546.0946655273438 287.4998474121094
v -718.7500610351562 774.295166015625 287.4998474121094
v -826.5625 774.295166015625 323.4373474121094
v -798.6111450195312 891.1073608398438 351.3887023925781
v -610.9375610351562 774.295166015625 323.4373779296875
v -718.7500610351562 774.295166015625 287.4998474121094
v -718.7500610351562 931.9915771484375 323.4373474121094
v 1041.9171142578125 632.6574096679688 862.5001831054688
v 907.3541870117188 689.4366455078125 909.4202270507812
v 950.1668701171875 578.0886840820312 955.6759033203125
v 1176.4798583984375 611.2876586914062 826.5626831054688
v 1041.9171142578125 632.6574096679688 862.5001831054688
v 1059.7506103515625 487.41064453125 909.4202880859375
v 1041.9171142578125 632.6574096679688 862.5001831054688
v 1176.4798583984375 611.2876586914062 826.5626831054688
v 1113.8521728515625 757.1228637695312 798.611328125
v 907.3541870117188 689.4366455078125 909.4202270507812
v 1041.9171142578125 632.6574096679688 862.5001831054688
v 1015.1666870117188 797.683837890625 826.5626831054688
v 1221.334228515625 672.2166748046875 718.7501220703125
v 1176.4798583984375 611.2876586914062 826.5626831054688
v 1093.4393310546875 363.921630859375 864.25732421875
v 1176.4798583984375 748.7756958007812 610.9376220703125
v 1221.334228515625 672.2166748046875 718.7501220703125
v 1122.1461181640625 442.4261169433594 718.7501831054688
v 1221.334228515625 672.2166748046875 718.7501220703125
v 1176.4798583984375 748.7756958007812 610.9376220703125
v 1113.8521728515625 853.392333984375 638.8890380859375
v 1176.4798583984375 611.2876586914062 826.5626831054688
v 1221.334228515625 672.2166748046875 718.7501220703125
v 1131.8958740234375 847.1328735351562 718.7501220703125
v 1041.9171142578125 774.2952270507812 575.0001220703125
v 1176.4798583984375 748.7756958007812 610.9376220703125
v 1207.688720703125 520.177490234375 610.9376831054688
v 871.416748046875 774.2952270507812 575.0000610351562
v 1041.9171142578125 774.2952270507812 575.0001220703125
v 1059.7506103515625 546.0947265625 575.0001220703125
v 1041.9171142578125 774.2952270507812 575.0001220703125
v 871.416748046875 774.2952270507812 575.0000610351562
v 863.9265747070312 960.9807739257812 598.0000610351562
v 1176.4798583984375 748.7756958007812 610.9376220703125
v 1041.9171142578125 774.2952270507812 575.0001220703125
v 1015.1666870117188 912.2119140625 610.9376220703125
v 718.7498779296875 774.2952270507812 575.0000610351562
v 871.416748046875 774.2952270507812 575.0000610351562
v 875.8751220703125 546.0947265625 575.0000610351562
v 610.9373779296875 758.6118774414062 610.9375610351562
v 718.7498779296875 774.2952270507812 575.0000610351562
v 718.7498779296875 546.0947265625 575.0000610351562
v 718.7498779296875 774.2952270507812 575.0000610351562
v 610.9373779296875 758.6118774414062 610.9375610351562
v 610.9373779296875 961.1055297851562 610.9375610351562
v 871.416748046875 774.2952270507812 575.0000610351562
v 718.7498779296875 774.2952270507812 575.0000610351562
v 718.7498779296875 965.0263671875 575.0000610351562
v 574.9998779296875 711.5617065429688 718.75
v 610.9373779296875 758.6118774414062 610.9375610351562
v 574.9998779296875 534.9872436523438 598.0000610351562
v 574.9998779296875 680.1950073242188 873.4826049804688
v 574.9998779296875 711.5617065429688 718.75
v 539.0623779296875 506.81524658203125 718.7500610351562
v 574.9998779296875 711.5617065429688 718.75
v 574.9998779296875 680.1950073242188 873.4826049804688
v 574.9998779296875 939.1154174804688 865.2457275390625
v 610.9373779296875 758.6118774414062 610.9375610351562
v 574.9998779296875 711.5617065429688 718.75
v 574.9998779296875 949.343017578125 718.75
v 574.9998168945312 711.5617065429688 1050.1805419921875
v 574.9998779296875 680.1950073242188 873.4826049804688
v 551.9998779296875 374.3894958496094 873.0433349609375
v 610.9373168945312 758.6118774414062 1190.9407958984375
v 574.9998168945312 711.5617065429688 1050.1805419921875
v 574.9998168945312 451.9944152832031 1072.1456298828125
v 574.9998168945312 711.5617065429688 1050.1805419921875
v 610.9373168945312 758.6118774414062 1190.9407958984375
v 610.9373168945312 944.4044189453125 1133.2821044921875
v 574.9998779296875 680.1950073242188 873.4826049804688
v 574.9998168945312 711.5617065429688 1050.1805419921875
v 574.9998168945312 939.7993774414062 1017.2326049804688
v 718.7498168945312 774.2952270507812 1154.44287109375
v 610.9373168945312 758.6118774414062 1190.9407958984375
v 610.9373168945312 522.569580078125 1229.3798828125
v 826.5623168945312 764.4054565429688 1107.5228271484375
v 718.7498168945312 774.2952270507812 1154.44287109375
v 718.7498168945312 546.0947265625 1281.7911376953125
v 718.7498168945312 774.2952270507812 1154.44287109375
v 826.5623168945312 764.4054565429688 1107.5228271484375
v 826.5623168945312 933.490478515625 1133.2821044921875
v 610.9373168945312 758.6118774414062 1190.9407958984375
v 718.7498168945312 774.2952270507812 1154.44287109375
v 718.7498168945312 945.9392700195312 1171.96533203125
v 862.4998168945312 734.7359008789062 1050.1805419921875
v 826.5623168945312 764.4054565429688 1107.5228271484375
v 863.926513671875 533.46484375 1251.7623291015625
v 907.3541870117188 689.4366455078125 909.4202270507812
v 862.4998168945312 734.7359008789062 1050.1805419921875
v 907.3540649414062 575.4495239257812 1072.1456298828125
v 862.4998168945312 734.7359008789062 1050.1805419921875
v 907.3541870117188 689.4366455078125 909.4202270507812
v 886.9265747070312 855.6810302734375 864.25732421875
v 826.5623168945312 764.4054565429688 1107.5228271484375
v 862.4998168945312 734.7359008789062 1050.1805419921875
v 862.4998168945312 896.143798828125 1017.2327270507812
v 718.7501220703125 1067.7247314453125 -862.4998779296875
v 610.9376220703125 1104.453369140625 -898.4375
v 598.0001220703125 958.3453979492188 -862.4998779296875
v 862.5001220703125 1035.10400390625 -862.4998779296875
v 718.7501220703125 1067.7247314453125 -862.4998779296875
v 718.7501220703125 931.8919067382812 -826.5623779296875
v 718.7501220703125 1067.7247314453125 -862.4998779296875
v 862.5001220703125 1035.10400390625 -862.4998779296875
v 862.5001220703125 1183.1998291015625 -898.4375
v 610.9376220703125 1104.453369140625 -898.4375
v 718.7501220703125 1067.7247314453125 -862.4998779296875
v 718.7501220703125 1203.5576171875 -898.4375
v 1006.2501220703125 1035.1845703125 -862.4998779296875
v 862.5001220703125 1035.10400390625 -862.4998779296875
v 862.5001220703125 831.6770629882812 -839.4998779296875
v 1114.0626220703125 1047.508056640625 -898.4373168945312
v 1006.2501220703125 1035.1845703125 -862.4998779296875
v 1006.2501220703125 883.4342041015625 -862.4998779296875
v 1006.2501220703125 1035.1845703125 -862.4998779296875
v 1114.0626220703125 1047.508056640625 -898.4373168945312
v 1086.1112060546875 1108.7384033203125 -926.3887329101562
v 862.5001220703125 1035.10400390625 -862.4998779296875
v 1006.2501220703125 1035.1845703125 -862.4998779296875
v 1006.2501220703125 1146.6123046875 -898.4375
v 1150.0001220703125 1051.61572265625 -1006.2498168945312
v 1114.0626220703125 1047.508056640625 -898.4373168945312
v 1114.0626220703125 932.42578125 -898.4373168945312
v 1114.0626220703125 1059.750732421875 -1114.062255859375
v 1150.0001220703125 1051.61572265625 -1006.2498168945312
v 1150.0001220703125 948.7562255859375 -1006.2498168945312
v 1150.0001220703125 1051.61572265625 -1006.2498168945312
v 1114.0626220703125 1059.750732421875 -1114.062255859375
v 1086.1112060546875 1114.1796875 -1086.111083984375
v 1114.0626220703125 1047.508056640625 -898.4373168945312
v 1150.0001220703125 1051.61572265625 -1006.2498168945312
v 1114.0626220703125 1118.179931640625 -1006.2498779296875
v 1006.2501831054688 1084.1558837890625 -1149.999755859375
v 1114.0626220703125 1059.750732421875 -1114.062255859375
v 1114.0626220703125 950.7899169921875 -1114.062255859375
v 862.5001831054688 1108.5609130859375 -1149.9998779296875
v 1006.2501831054688 1084.1558837890625 -1149.999755859375
v 1006.2501831054688 956.8912353515625 -1149.999755859375
v 1006.2501831054688 1084.1558837890625 -1149.999755859375
v 862.5001831054688 1108.5609130859375 -1149.9998779296875
v 862.5001831054688 1201.56396484375 -1114.0623779296875
v 1114.0626220703125 1059.750732421875 -1114.062255859375
v 1006.2501831054688 1084.1558837890625 -1149.999755859375
v 1006.2501831054688 1158.8551025390625 -1114.0623779296875
v 718.7501831054688 1116.6959228515625 -1149.9998779296875
v 862.5001831054688 1108.5609130859375 -1149.9998779296875
v 862.5001831054688 962.9924926757812 -1149.999755859375
v 610.9376831054688 1116.6959228515625 -1114.0623779296875
v 718.7501831054688 1116.6959228515625 -1149.9998779296875
v 718.7501831054688 965.0263061523438 -1149.999755859375
v 718.7501831054688 1116.6959228515625 -1149.9998779296875
v 610.9376831054688 1116.6959228515625 -1114.0623779296875
v 638.8890991210938 1190.1068115234375 -1086.111083984375
v 862.5001831054688 1108.5609130859375 -1149.9998779296875
v 718.7501831054688 1116.6959228515625 -1149.9998779296875
v 718.7501831054688 1215.80029296875 -1114.0623779296875
v 575.0001220703125 1116.6959228515625 -1006.25
v 610.9376831054688 1116.6959228515625 -1114.0623779296875
v 610.9376831054688 965.0263061523438 -1114.062255859375
v 610.9376220703125 1104.453369140625 -898.4375
v 575.0001220703125 1116.6959228515625 -1006.25
v 575.0001220703125 965.0263671875 -1006.2498779296875
v 575.0001220703125 1116.6959228515625 -1006.25
v 610.9376220703125 1104.453369140625 -898.4375
v 638.8890380859375 1184.66552734375 -926.3888549804688
v 610.9376831054688 1116.6959228515625 -1114.0623779296875
v 575.0001220703125 1116.6959228515625 -1006.25
v 610.9376220703125 1215.8004150390625 -1006.2498779296875
v -862.4998779296875 1146.0335693359375 -1006.2501831054688
v -826.5623168945312 1195.7958984375 -1114.062744140625
v -862.4998168945312 980.2717895507812 -1127.0001220703125
v -826.5623779296875 1100.897705078125 -898.4376831054688
v -862.4998779296875 1146.0335693359375 -1006.2501831054688
v -898.4373779296875 997.1668090820312 -1006.2501220703125
v -862.4998779296875 1146.0335693359375 -1006.2501831054688
v -826.5623779296875 1100.897705078125 -898.4376831054688
v -798.611083984375 1214.9808349609375 -926.3890380859375
v -826.5623168945312 1195.7958984375 -1114.062744140625
v -862.4998779296875 1146.0335693359375 -1006.2501831054688
v -826.5623779296875 1294.9002685546875 -1006.2501831054688
v -718.7498779296875 1098.18994140625 -862.5001831054688
v -826.5623779296875 1100.897705078125 -898.4376831054688
v -863.3276977539062 920.257080078125 -885.5001220703125
v -610.9373779296875 1124.030517578125 -898.4376831054688
v -718.7498779296875 1098.18994140625 -862.5001831054688
v -718.7498779296875 937.2669067382812 -862.5001220703125
v -718.7498779296875 1098.18994140625 -862.5001831054688
v -610.9373779296875 1124.030517578125 -898.4376831054688
v -638.8887939453125 1225.26220703125 -926.3890380859375
v -826.5623779296875 1100.897705078125 -898.4376831054688
v -718.7498779296875 1098.18994140625 -862.5001831054688
v -718.7498779296875 1235.095703125 -898.4376831054688
v -574.9998779296875 1164.539794921875 -1006.2501220703125
v -610.9373779296875 1124.030517578125 -898.4376831054688
v -610.9373779296875 961.0768432617188 -898.4376220703125
v -610.9373168945312 1200.4224853515625 -1114.062744140625
v -574.9998779296875 1164.539794921875 -1006.2501220703125
v -574.9998779296875 976.9872436523438 -1006.25
v -574.9998779296875 1164.539794921875 -1006.2501220703125
v -610.9373168945312 1200.4224853515625 -1114.062744140625
v -638.8887329101562 1301.741943359375 -1086.1112060546875
v -610.9373779296875 1124.030517578125 -898.4376831054688
v -574.9998779296875 1164.539794921875 -1006.2501220703125
v -610.9373779296875 1299.5267333984375 -1006.2501831054688
v -718.7498168945312 1212.3834228515625 -1150.000244140625
v -610.9373168945312 1200.4224853515625 -1114.062744140625
v -610.9373168945312 985.9578857421875 -1114.0626220703125
v -826.5623168945312 1195.7958984375 -1114.062744140625
v -718.7498168945312 1212.3834228515625 -1150.000244140625
v -718.7498168945312 988.9481811523438 -1150.0001220703125
v -718.7498168945312 1212.3834228515625 -1150.000244140625
v -826.5623168945312 1195.7958984375 -1114.062744140625
v -798.6109008789062 1299.685791015625 -1086.1112060546875
v -610.9373168945312 1200.4224853515625 -1114.062744140625
v -718.7498168945312 1212.3834228515625 -1150.000244140625
v -718.7498168945312 1359.3314208984375 -1114.062744140625
v 862.4998779296875 1077.13671875 718.7500610351562
v 862.4998779296875 1047.8134765625 862.5001220703125
v 886.9265747070312 855.6810302734375 864.25732421875
v 826.5623779296875 1106.8062744140625 610.9375610351562
v 862.4998779296875 1077.13671875 718.7500610351562
v 898.4373779296875 948.3629150390625 718.7500610351562
v 862.4998779296875 1077.13671875 718.7500610351562
v 826.5623779296875 1106.8062744140625 610.9375610351562
v 798.611083984375 1185.7113037109375 638.8889770507812
v 862.4998779296875 1047.8134765625 862.5001220703125
v 862.4998779296875 1077.13671875 718.7500610351562
v 826.5623779296875 1205.91064453125 718.7500610351562
v 718.7498779296875 1116.6959228515625 575.0000610351562
v 826.5623779296875 1106.8062744140625 610.9375610351562
v 863.9265747070312 960.9807739257812 598.0000610351562
v 610.9373779296875 1116.6959228515625 610.9375610351562
v 718.7498779296875 1116.6959228515625 575.0000610351562
v 718.7498779296875 965.0263671875 575.0000610351562
v 718.7498779296875 1116.6959228515625 575.0000610351562
v 610.9373779296875 1116.6959228515625 610.9375610351562
v 638.8887939453125 1190.1068115234375 638.8889770507812
v 826.5623779296875 1106.8062744140625 610.9375610351562
v 718.7498779296875 1116.6959228515625 575.0000610351562
v 718.7498779296875 1215.8004150390625 610.9375610351562
v 574.9998779296875 1116.6959228515625 718.75
v 610.9373779296875 1116.6959228515625 610.9375610351562
v 610.9373779296875 961.1055297851562 610.9375610351562
v 574.9998779296875 1107.152587890625 862.4998779296875
v 574.9998779296875 1116.6959228515625 718.75
v 574.9998779296875 949.343017578125 718.75
v 574.9998779296875 1116.6959228515625 718.75
v 574.9998779296875 1107.152587890625 862.4998779296875
v 610.9373779296875 1199.09912109375 862.5
v 610.9373779296875 1116.6959228515625 610.9375610351562
v 574.9998779296875 1116.6959228515625 718.75
v 610.9373779296875 1215.8004150390625 718.7500610351562
v 574.9998779296875 1078.52197265625 1006.25
v 574.9998779296875 1107.152587890625 862.4998779296875
v 574.9998779296875 939.1154174804688 865.2457275390625
v 610.9373168945312 1049.8912353515625 1114.0626220703125
v 574.9998779296875 1078.52197265625 1006.25
v 574.9998168945312 939.7993774414062 1017.2326049804688
v 574.9998779296875 1078.52197265625 1006.25
v 610.9373168945312 1049.8912353515625 1114.0626220703125
v 638.8887329101562 1101.033447265625 1086.111083984375
v 574.9998779296875 1107.152587890625 862.4998779296875
v 574.9998779296875 1078.52197265625 1006.25
v 610.9373779296875 1148.99560546875 1006.25
v 718.7498168945312 1040.3477783203125 1150.0001220703125
v 610.9373168945312 1049.8912353515625 1114.0626220703125
v 610.9373168945312 944.4044189453125 1133.2821044921875
v 826.5623168945312 1040.0013427734375 1114.0626220703125
v 718.7498168945312 1040.3477783203125 1150.0001220703125
v 718.7498168945312 945.9392700195312 1171.96533203125
v 718.7498168945312 1040.3477783203125 1150.0001220703125
v 826.5623168945312 1040.0013427734375 1114.0626220703125
v 798.6109008789062 1096.637939453125 1086.111083984375
v 610.9373168945312 1049.8912353515625 1114.0626220703125
v 718.7498168945312 1040.3477783203125 1150.0001220703125
v 718.7498168945312 1101.27783203125 1114.0625
v 862.4998779296875 1038.96240234375 1006.2501220703125
v 826.5623168945312 1040.0013427734375 1114.0626220703125
v 826.5623168945312 933.490478515625 1133.2821044921875
v 862.4998779296875 1047.8134765625 862.5001220703125
v 862.4998779296875 1038.96240234375 1006.2501220703125
v 862.4998168945312 896.143798828125 1017.2327270507812
v 862.4998779296875 1038.96240234375 1006.2501220703125
v 862.4998779296875 1047.8134765625 862.5001220703125
v 826.5623779296875 1184.264404296875 862.5
v 826.5623168945312 1040.0013427734375 1114.0626220703125
v 862.4998779296875 1038.96240234375 1006.2501220703125
v 826.5623779296875 1139.105712890625 1006.25
v -718.7498779296875 1089.1654052734375 574.9998168945312
v -610.9375 1068.5174560546875 610.9373168945312
v -598 964.3488159179688 574.9998779296875
v -826.5625 1097.2587890625 610.9373168945312
v -718.7498779296875 1089.1654052734375 574.9998168945312
v -718.7498779296875 1010.7091064453125 539.0623168945312
v -718.7498779296875 1089.1654052734375 574.9998168945312
v -826.5625 1097.2587890625 610.9373168945312
v -798.611083984375 1163.1142578125 638.8887329101562
v -610.9375 1068.5174560546875 610.9373168945312
v -718.7498779296875 1089.1654052734375 574.9998168945312
v -718.75 1167.6217041015625 610.9373168945312
v -862.5001220703125 1066.477783203125 718.7498168945312
v -826.5625 1097.2587890625 610.9373168945312
v -863.4148559570312 965.347412109375 574.9998779296875
v -826.5626220703125 1034.4859619140625 826.5623779296875
v -862.5001220703125 1066.477783203125 718.7498168945312
v -898.4376220703125 929.7098388671875 718.7498168945312
v -862.5001220703125 1066.477783203125 718.7498168945312
v -826.5626220703125 1034.4859619140625 826.5623779296875
v -798.6112060546875 1135.215087890625 798.6109619140625
v -826.5625 1097.2587890625 610.9373168945312
v -862.5001220703125 1066.477783203125 718.7498168945312
v -826.5625 1189.4803466796875 718.7498168945312
v -718.7501220703125 1038.9471435546875 862.4998779296875
v -826.5626220703125 1034.4859619140625 826.5623779296875
v -863.4150390625 814.1598510742188 863.404052734375
v -610.9376220703125 1055.962890625 826.5623779296875
v -718.7501220703125 1038.9471435546875 862.4998779296875
v -718.7501220703125 908.9030151367188 898.4373779296875
v -718.7501220703125 1038.9471435546875 862.4998779296875
v -610.9376220703125 1055.962890625 826.5623779296875
v -638.8889770507812 1120.2886962890625 798.6110229492188
v -826.5626220703125 1034.4859619140625 826.5623779296875
v -718.7501220703125 1038.9471435546875 862.4998779296875
v -718.7501220703125 1155.067138671875 826.5623168945312
v -575.0000610351562 1061.634765625 718.7498779296875
v -610.9376220703125 1055.962890625 826.5623779296875
v -598.0001220703125 937.4683227539062 863.8019409179688
v -610.9375 1068.5174560546875 610.9373168945312
v -575.0000610351562 1061.634765625 718.7498779296875
v -575.0001220703125 951.2609252929688 718.7498779296875
v -575.0000610351562 1061.634765625 718.7498779296875
v -610.9375 1068.5174560546875 610.9373168945312
v -638.8888549804688 1125.868408203125 638.8887329101562
v -610.9376220703125 1055.962890625 826.5623779296875
v -575.0000610351562 1061.634765625 718.7498779296875
v -610.9375 1133.2083740234375 718.7498168945312
v 0.00007846837979741395 1521.760498046875 -431.25006103515625
v 35.93758773803711 1521.760498046875 -539.0625610351562
v -2.086933135986328 1035.2484130859375 -552.0000610351562
v -48.98135757446289 1508.40478515625 -323.43756103515625
v 0.00007846837979741395 1521.760498046875 -431.25006103515625
v -48.98133850097656 1118.85791015625 -431.25006103515625
v 0.00007846837979741395 1521.760498046875 -431.25006103515625
v -48.98135757446289 1508.40478515625 -323.43756103515625
v -2.0869808197021484 1971.0035400390625 -287.5000915527344
v 35.93758773803711 1521.760498046875 -539.0625610351562
v 0.00007846837979741395 1521.760498046875 -431.25006103515625
v 35.93757247924805 1936.22607421875 -431.2500915527344
v -195.92562866210938 1468.33740234375 -287.5000305175781
v -48.98135757446289 1508.40478515625 -323.43756103515625
v -98.67259979248047 1217.378173828125 -351.3888854980469
v -342.8699035644531 1428.27001953125 -251.56253051757812
v -195.92562866210938 1468.33740234375 -287.5000305175781
v -222.01344299316406 1105.5020751953125 -323.4375
v -195.92562866210938 1468.33740234375 -287.5000305175781
v -342.8699035644531 1428.27001953125 -251.56253051757812
v -264.19219970703125 1695.5526123046875 -223.6111602783203
v -48.98135757446289 1508.40478515625 -323.43756103515625
v -195.92562866210938 1468.33740234375 -287.5000305175781
v -156.79391479492188 1831.172607421875 -251.5625762939453
v -285.01239013671875 1414.9140625 -143.75006103515625
v -342.8699035644531 1428.27001953125 -251.56253051757812
v -412.6788635253906 1020.2901000976562 -287.50006103515625
v -236.031005859375 1428.27001953125 -35.93756866455078
v -285.01239013671875 1414.9140625 -143.75006103515625
v -444.0269470214844 1039.580810546875 -143.75003051757812
v -285.01239013671875 1414.9140625 -143.75006103515625
v -236.031005859375 1428.27001953125 -35.93756866455078
v -264.19219970703125 1695.5526123046875 -63.88896179199219
v -342.8699035644531 1428.27001953125 -251.56253051757812
v -285.01239013671875 1414.9140625 -143.75006103515625
v -277.6502990722656 1764.3934326171875 -143.7500762939453
v -195.9256591796875 1468.33740234375 -0.00007087882841005921
v -236.031005859375 1428.27001953125 -35.93756866455078
v -388.5235900878906 1042.919677734375 -35.93754577636719
v -48.981414794921875 1499.220458984375 35.93743896484375
v -195.9256591796875 1468.33740234375 -0.00007087882841005921
v -222.0134735107422 1052.9366455078125 -0.00005284554208628833
v -195.9256591796875 1468.33740234375 -0.00007087882841005921
v -48.981414794921875 1499.220458984375 35.93743896484375
v -2.087026357650757 1960.7171630859375 -0.00007886824460001662
v -236.031005859375 1428.27001953125 -35.93756866455078
v -195.9256591796875 1468.33740234375 -0.00007087882841005921
v -156.79391479492188 1831.172607421875 -35.93758010864258
v -0.000021705651306547225 1485.0234375 143.74996948242188
v -48.981414794921875 1499.220458984375 35.93743896484375
v -55.503379821777344 1060.6573486328125 38.41304397583008
v 35.937461853027344 1457.470458984375 251.5624542236328
v -0.000021705651306547225 1485.0234375 143.74996948242188
v -0.000021293515601428226 1057.108154296875 153.65232849121094
v -0.000021705651306547225 1485.0234375 143.74996948242188
v 35.937461853027344 1457.470458984375 251.5624542236328
v 63.88885498046875 1739.625732421875 223.61109924316406
v -48.981414794921875 1499.220458984375 35.93743896484375
v -0.000021705651306547225 1485.0234375 143.74996948242188
v 35.937477111816406 1871.93603515625 143.74993896484375
v 143.7499542236328 1448.2860107421875 287.49993896484375
v 35.937461853027344 1457.470458984375 251.5624542236328
v 35.937461853027344 1050.219970703125 268.8915710449219
v 251.5624542236328 1501.3338623046875 251.5624237060547
v 143.7499542236328 1448.2860107421875 287.49993896484375
v 143.7499542236328 1047.923828125 307.3046569824219
v 143.7499542236328 1448.2860107421875 287.49993896484375
v 251.5624542236328 1501.3338623046875 251.5624237060547
v 223.61109924316406 1779.67724609375 223.6110382080078
v 35.937461853027344 1457.470458984375 251.5624542236328
v 143.7499542236328 1448.2860107421875 287.49993896484375
v 143.74996948242188 1826.0145263671875 251.5624237060547
v 287.49993896484375 1660.4774169921875 143.74993896484375
v 251.5624542236328 1501.3338623046875 251.5624237060547
v 287.49993896484375 1059.439697265625 275.590576171875
v 287.5 1819.620849609375 -0.00003612686487031169
v 287.49993896484375 1660.4774169921875 143.74993896484375
v 323.43743896484375 1315.03955078125 143.7499542236328
v 287.49993896484375 1660.4774169921875 143.74993896484375
v 287.5 1819.620849609375 -0.00003612686487031169
v 251.5625 2086.5283203125 -0.00005322016659192741
v 251.5624542236328 1501.3338623046875 251.5624237060547
v 287.49993896484375 1660.4774169921875 143.74993896484375
v 251.56246948242188 1962.0513916015625 143.7499237060547
v 287.5 1872.66845703125 -143.75003051757812
v 287.5 1819.620849609375 -0.00003612686487031169
v 334.608154296875 1475.9522705078125 -0.000013770869372820016
v 287.49993896484375 1828.80517578125 -287.5000305175781
v 287.5 1872.66845703125 -143.75003051757812
v 323.4375305175781 1529.58984375 -143.75003051757812
v 287.5 1872.66845703125 -143.75003051757812
v 287.49993896484375 1828.80517578125 -287.5000305175781
v 251.5625 2102.600830078125 -287.50006103515625
v 287.5 1819.620849609375 -0.00003612686487031169
v 287.5 1872.66845703125 -143.75003051757812
v 251.56246948242188 2128.020263671875 -143.75006103515625
v 287.5000305175781 1697.2144775390625 -431.25006103515625
v 287.49993896484375 1828.80517578125 -287.5000305175781
v 311.7781066894531 1416.751708984375 -287.5
v 251.5625762939453 1565.6239013671875 -539.0624389648438
v 287.5000305175781 1697.2144775390625 -431.25006103515625
v 287.50006103515625 1271.658447265625 -431.25
v 287.5000305175781 1697.2144775390625 -431.25006103515625
v 251.5625762939453 1565.6239013671875 -539.0624389648438
v 223.6111602783203 1865.3974609375 -511.1111145019531
v 287.49993896484375 1828.80517578125 -287.5000305175781
v 287.5000305175781 1697.2144775390625 -431.25006103515625
v 251.56253051757812 2026.341796875 -431.25006103515625
v 143.7500762939453 1521.760498046875 -575.0000610351562
v 251.5625762939453 1565.6239013671875 -539.0624389648438
v 251.5625762939453 1117.634033203125 -539.0624389648438
v 35.93758773803711 1521.760498046875 -539.0625610351562
v 143.7500762939453 1521.760498046875 -575.0000610351562
v 143.7500762939453 1066.29248046875 -575.0000610351562
v 143.7500762939453 1521.760498046875 -575.0000610351562
v 35.93758773803711 1521.760498046875 -539.0625610351562
v 63.88896560668945 1825.345947265625 -511.1111755371094
v 251.5625762939453 1565.6239013671875 -539.0624389648438
v 143.7500762939453 1521.760498046875 -575.0000610351562
v 143.7500762939453 1936.22607421875 -539.0626220703125
vt 0.016406739130616188 0.03764146566390991
vt 0.01626252569258213 0.03702867031097412
vt 0.017176205292344093 0.03703022003173828
vt 0.01626252569258213 0.03702867031097412
vt 0.01642959751188755 0.03642529249191284
vt 0.017109030857682228 0.03623300790786743
vt 0.018212223425507545 0.03623008728027344
vt 0.01825069822371006 0.03704214096069336
vt 0.017176205292344093 0.03703022003173828
vt 0.01825069822371006 0.03704214096069336
vt 0.01815190352499485 0.03789597749710083
vt 0.017059797421097755 0.037847161293029785
vt 0.01815190352499485 0.03789597749710083
vt 0.01825069822371006 0.03704214096069336
vt 0.01926671899855137 0.03706854581832886
vt 0.01825069822371006 0.03704214096069336
vt 0.018212223425507545 0.03623008728027344
vt 0.019294822588562965 0.03624218702316284
vt 0.019955569878220558 0.03643423318862915
vt 0.020092183724045753 0.037108540534973145
vt 0.01926671899855137 0.03706854581832886
vt 0.020092183724045753 0.037108540534973145
vt 0.01990109123289585 0.03778320550918579
vt 0.019241297617554665 0.037925541400909424
vt 0.02872493304312229 0.007580816745758057
vt 0.02872493304312229 0.006317317485809326
vt 0.02967255748808384 0.006317317485809326
vt 0.02872493304312229 0.006317317485809326
vt 0.028409088030457497 0.005053877830505371
vt 0.02967255748808384 0.005053877830505371
vt 0.030936026945710182 0.005053877830505371
vt 0.030936026945710182 0.006317317485809326
vt 0.02967255748808384 0.006317317485809326
vt 0.030936026945710182 0.006317317485809326
vt 0.030936026945710182 0.007580816745758057
vt 0.02967255748808384 0.007580816745758057
vt 0.030936026945710182 0.007580816745758057
vt 0.030936026945710182 0.006317317485809326
vt 0.032199468463659286 0.006317317485809326
vt 0.030936026945710182 0.006317317485809326
vt 0.030936026945710182 0.005053877830505371
vt 0.032199468463659286 0.005053877830505371
vt 0.03346296772360802 0.005053877830505371
vt 0.03346296772360802 0.006317317485809326
vt 0.032199468463659286 0.006317317485809326
vt 0.03346296772360802 0.006317317485809326
vt 0.03346296772360802 0.007580816745758057
vt 0.032199468463659286 0.007580816745758057
vt 0.03346296772360802 0.007580816745758057
vt 0.03346296772360802 0.006317317485809326
vt 0.03472640737891197 0.006317317485809326
vt 0.03346296772360802 0.006317317485809326
vt 0.03346296772360802 0.005053877830505371
vt 0.03472640737891197 0.005053877830505371
vt 0.03598984703421593 0.005053877830505371
vt 0.03598984703421593 0.006317317485809326
vt 0.03472640737891197 0.006317317485809326
vt 0.03598984703421593 0.006317317485809326
vt 0.03598984703421593 0.007580816745758057
vt 0.03472640737891197 0.007580816745758057
vt 0.03598984703421593 0.007580816745758057
vt 0.03598984703421593 0.006317317485809326
vt 0.03725334629416466 0.006317317485809326
vt 0.03598984703421593 0.006317317485809326
vt 0.03598984703421593 0.005053877830505371
vt 0.03725334629416466 0.005053877830505371
vt 0.03851678594946861 0.005053877830505371
vt 0.03820094093680382 0.006317317485809326
vt 0.03725334629416466 0.006317317485809326
vt 0.03820094093680382 0.006317317485809326
vt 0.03820094093680382 0.007580816745758057
vt 0.03725334629416466 0.007580816745758057
vt 0.015737170353531837 0.03826111555099487
vt 0.015095675364136696 0.03876447677612305
vt 0.01464768685400486 0.03814554214477539
vt 0.015095675364136696 0.03876447677612305
vt 0.014506841078400612 0.03892141580581665
vt 0.013991648331284523 0.03840392827987671
vt 0.014021510258316994 0.037670910358428955
vt 0.014523917809128761 0.03747284412384033
vt 0.01464768685400486 0.03814554214477539
vt 0.014523917809128761 0.03747284412384033
vt 0.015176767483353615 0.037164390087127686
vt 0.015550339594483376 0.03766542673110962
vt 0.01584496535360813 0.035057246685028076
vt 0.01466294564306736 0.03524351119995117
vt 0.014631116762757301 0.034255921840667725
vt 0.01466294564306736 0.03524351119995117
vt 0.01363077200949192 0.035256385803222656
vt 0.013823235407471657 0.034165918827056885
vt 0.013999337330460548 0.03346753120422363
vt 0.014615768566727638 0.03331679105758667
vt 0.014631116762757301 0.034255921840667725
vt 0.014615768566727638 0.03331679105758667
vt 0.015371019020676613 0.03319340944290161
vt 0.015584850683808327 0.033907532691955566
vt 0.038328733295202255 0.021950840950012207
vt 0.039444711059331894 0.021944165229797363
vt 0.03946670517325401 0.02296316623687744
vt 0.039444711059331894 0.021944165229797363
vt 0.040553417056798935 0.021856606006622314
vt 0.04037376865744591 0.023113369941711426
vt 0.04016241058707237 0.023885011672973633
vt 0.03950658068060875 0.023722589015960693
vt 0.03946670517325401 0.02296316623687744
vt 0.03950658068060875 0.023722589015960693
vt 0.038888778537511826 0.02393120527267456
vt 0.03861483559012413 0.023143231868743896
vt 0.030159765854477882 0.04289728403091431
vt 0.030030453577637672 0.04229229688644409
vt 0.03111734427511692 0.04224926233291626
vt 0.030030453577637672 0.04229229688644409
vt 0.030028605833649635 0.04131418466567993
vt 0.031306710094213486 0.04141145944595337
vt 0.03224083408713341 0.041291117668151855
vt 0.03191622719168663 0.04236257076263428
vt 0.03111734427511692 0.04224926233291626
vt 0.03191622719168663 0.04236257076263428
vt 0.031550850719213486 0.04299873113632202
vt 0.030937278643250465 0.04307585954666138
vt 0.02897062338888645 0.009546160697937012
vt 0.02872493304312229 0.008844256401062012
vt 0.02967255748808384 0.008844256401062012
vt 0.02872493304312229 0.008844256401062012
vt 0.02872493304312229 0.007580816745758057
vt 0.02967255748808384 0.007580816745758057
vt 0.030936026945710182 0.007580816745758057
vt 0.030936026945710182 0.008844256401062012
vt 0.02967255748808384 0.008844256401062012
vt 0.030936026945710182 0.008844256401062012
vt 0.030936026945710182 0.009791851043701172
vt 0.02967255748808384 0.009791851043701172
vt 0.030936026945710182 0.009791851043701172
vt 0.030936026945710182 0.008844256401062012
vt 0.032199468463659286 0.008844256401062012
vt 0.030936026945710182 0.008844256401062012
vt 0.030936026945710182 0.007580816745758057
vt 0.032199468463659286 0.007580816745758057
vt 0.03346296772360802 0.007580816745758057
vt 0.03346296772360802 0.008844256401062012
vt 0.032199468463659286 0.008844256401062012
vt 0.03346296772360802 0.008844256401062012
vt 0.03346296772360802 0.009791851043701172
vt 0.032199468463659286 0.009791851043701172
vt 0.03346296772360802 0.009791851043701172
vt 0.03346296772360802 0.008844256401062012
vt 0.03472640737891197 0.008844256401062012
vt 0.03346296772360802 0.008844256401062012
vt 0.03346296772360802 0.007580816745758057
vt 0.03472640737891197 0.007580816745758057
vt 0.03598984703421593 0.007580816745758057
vt 0.03598984703421593 0.008844256401062012
vt 0.03472640737891197 0.008844256401062012
vt 0.03598984703421593 0.008844256401062012
vt 0.03598984703421593 0.009791851043701172
vt 0.03472640737891197 0.009791851043701172
vt 0.03598984703421593 0.009791851043701172
vt 0.03598984703421593 0.008844256401062012
vt 0.03725334629416466 0.008844256401062012
vt 0.03598984703421593 0.008844256401062012
vt 0.03598984703421593 0.007580816745758057
vt 0.03725334629416466 0.007580816745758057
vt 0.03820094093680382 0.007580816745758057
vt 0.03820094093680382 0.008844256401062012
vt 0.03725334629416466 0.008844256401062012
vt 0.03820094093680382 0.008844256401062012
vt 0.03851678594946861 0.010107696056365967
vt 0.03725334629416466 0.009791851043701172
vt 0.03268780931830406 0.02556169033050537
vt 0.03289088234305382 0.026253938674926758
vt 0.032016243785619736 0.026597797870635986
vt 0.03289088234305382 0.026253938674926758
vt 0.03317364677786827 0.02733844518661499
vt 0.03211250528693199 0.027502238750457764
vt 0.030868256464600563 0.027469933032989502
vt 0.030873382464051247 0.02657526731491089
vt 0.032016243785619736 0.026597797870635986
vt 0.030873382464051247 0.02657526731491089
vt 0.030879640951752663 0.02564007043838501
vt 0.03197362646460533 0.025663435459136963
vt 0.030879640951752663 0.02564007043838501
vt 0.030873382464051247 0.02657526731491089
vt 0.02955424226820469 0.026369869709014893
vt 0.030873382464051247 0.02657526731491089
vt 0.030868256464600563 0.027469933032989502
vt 0.029488736763596535 0.0272865891456604
vt 0.028206640854477882 0.02700650691986084
vt 0.028455549851059914 0.025912463665008545
vt 0.02955424226820469 0.026369869709014893
vt 0.028455549851059914 0.025912463665008545
vt 0.028787577524781227 0.02529817819595337
vt 0.029636556282639503 0.02545928955078125
vt 0.02572762407362461 0.025089561939239502
vt 0.025592321529984474 0.02448856830596924
vt 0.026794010773301125 0.02433645725250244
vt 0.025592321529984474 0.02448856830596924
vt 0.025574887171387672 0.023873329162597656
vt 0.026420289650559425 0.023571908473968506
vt 0.02788611687719822 0.02319347858428955
vt 0.027932072058320045 0.02421623468399048
vt 0.026794010773301125 0.02433645725250244
vt 0.027932072058320045 0.02421623468399048
vt 0.027747178450226784 0.025102198123931885
vt 0.026621991768479347 0.025172650814056396
vt 0.027747178450226784 0.025102198123931885
vt 0.027932072058320045 0.02421623468399048
vt 0.028841430321335793 0.024180591106414795
vt 0.027932072058320045 0.02421623468399048
vt 0.02788611687719822 0.02319347858428955
vt 0.029019737616181374 0.023322999477386475
vt 0.030150407925248146 0.0230712890625
vt 0.0298421923071146 0.024174034595489502
vt 0.028841430321335793 0.024180591106414795
vt 0.0298421923071146 0.024174034595489502
vt 0.029449665918946266 0.02526170015335083
vt 0.0285696629434824 0.025124073028564453
vt 0.029449665918946266 0.02526170015335083
vt 0.0298421923071146 0.024174034595489502
vt 0.031085753813385963 0.024103403091430664
vt 0.0298421923071146 0.024174034595489502
vt 0.030150407925248146 0.0230712890625
vt 0.031308021396398544 0.023145735263824463
vt 0.03248497471213341 0.023368537425994873
vt 0.03219350799918175 0.024476230144500732
vt 0.031085753813385963 0.024103403091430664
vt 0.03219350799918175 0.024476230144500732
vt 0.03204628452658653 0.025419652462005615
vt 0.031025374308228493 0.02512747049331665
vt 0.02008121646940708 0.044197916984558105
vt 0.01883610524237156 0.04413849115371704
vt 0.019237929955124855 0.0433502197265625
vt 0.01883610524237156 0.04413849115371704
vt 0.01747717894613743 0.043865978717803955
vt 0.017917418852448463 0.04314929246902466
vt 0.017517024651169777 0.04211646318435669
vt 0.018623704090714455 0.04216563701629639
vt 0.019237929955124855 0.0433502197265625
vt 0.018623704090714455 0.04216563701629639
vt 0.019784176722168922 0.041783154010772705
vt 0.020144546404480934 0.04335552453994751
vt 0.025221729651093483 0.04325300455093384
vt 0.025146538391709328 0.04225730895996094
vt 0.02653401531279087 0.04182326793670654
vt 0.025146538391709328 0.04225730895996094
vt 0.02496754564344883 0.04113948345184326
vt 0.02635415829718113 0.04088622331619263
vt 0.027235472574830055 0.04091233015060425
vt 0.027609044685959816 0.041723787784576416
vt 0.02653401531279087 0.04182326793670654
vt 0.027609044685959816 0.041723787784576416
vt 0.02798553742468357 0.04308366775512695
vt 0.026436978951096535 0.04301762580871582
vt 0.021057123318314552 0.007248818874359131
vt 0.01993083395063877 0.007147431373596191
vt 0.01988714374601841 0.006309568881988525
vt 0.01993083395063877 0.007147431373596191
vt 0.018691832199692726 0.007065773010253906
vt 0.018812591210007668 0.005920827388763428
vt 0.019028717651963234 0.005301773548126221
vt 0.019872749224305153 0.005396842956542969
vt 0.01988714374601841 0.006309568881988525
vt 0.019872749224305153 0.005396842956542969
vt 0.02098759450018406 0.005566120147705078
vt 0.021024102345108986 0.006503462791442871
vt 0.022456878796219826 0.012298285961151123
vt 0.022456878796219826 0.011004149913787842
vt 0.0234274510294199 0.011004149913787842
vt 0.022456878796219826 0.011004149913787842
vt 0.022133344784379005 0.009710073471069336
vt 0.0234274510294199 0.010033607482910156
vt 0.024721557274460793 0.010033607482910156
vt 0.024721557274460793 0.011004149913787842
vt 0.0234274510294199 0.011004149913787842
vt 0.024721557274460793 0.011004149913787842
vt 0.024721557274460793 0.012298285961151123
vt 0.0234274510294199 0.012298285961151123
vt 0.024721557274460793 0.012298285961151123
vt 0.024721557274460793 0.011004149913787842
vt 0.026015663519501686 0.011004149913787842
vt 0.024721557274460793 0.011004149913787842
vt 0.024721557274460793 0.010033607482910156
vt 0.026015663519501686 0.010033607482910156
vt 0.027309710159897804 0.009710073471069336
vt 0.027309710159897804 0.011004149913787842
vt 0.026015663519501686 0.011004149913787842
vt 0.027309710159897804 0.011004149913787842
vt 0.027309710159897804 0.012298285961151123
vt 0.026015663519501686 0.012298285961151123
vt 0.029302263632416725 0.022877156734466553
vt 0.028037959709763527 0.02290487289428711
vt 0.027997398748993874 0.0216485857963562
vt 0.028037959709763527 0.02290487289428711
vt 0.02678954042494297 0.023034870624542236
vt 0.026962602511048317 0.02166658639907837
vt 0.026939833536744118 0.02045053243637085
vt 0.027958983555436134 0.020501554012298584
vt 0.027997398748993874 0.0216485857963562
vt 0.027958983555436134 0.020501554012298584
vt 0.029424721375107765 0.020406901836395264
vt 0.0295045617967844 0.02134186029434204
vt 0.029424721375107765 0.020406901836395264
vt 0.027958983555436134 0.020501554012298584
vt 0.02804204262793064 0.019423961639404297
vt 0.027958983555436134 0.020501554012298584
vt 0.026939833536744118 0.02045053243637085
vt 0.027051055803894997 0.01928889751434326
vt 0.027176523581147194 0.018558025360107422
vt 0.028049105778336525 0.018557965755462646
vt 0.02804204262793064 0.019423961639404297
vt 0.028049105778336525 0.018557965755462646
vt 0.029228204861283302 0.018703937530517578
vt 0.029295766726136208 0.019556939601898193
vt 0.02693348564207554 0.03170102834701538
vt 0.028195971623063087 0.03144359588623047
vt 0.028384530916810036 0.03344923257827759
vt 0.028195971623063087 0.03144359588623047
vt 0.0287893358618021 0.03141683340072632
vt 0.02913602627813816 0.032778263092041016
vt 0.029653752222657204 0.034823834896087646
vt 0.02864542044699192 0.03567296266555786
vt 0.028384530916810036 0.03344923257827759
vt 0.02864542044699192 0.03567296266555786
vt 0.027569347992539406 0.03540915250778198
vt 0.027287477627396584 0.03331476449966431
vt 0.022388869896531105 0.043894052505493164
vt 0.021233821287751198 0.044120728969573975
vt 0.021121138706803322 0.04329335689544678
vt 0.021233821287751198 0.044120728969573975
vt 0.02008121646940708 0.044197916984558105
vt 0.020144546404480934 0.04335552453994751
vt 0.019784176722168922 0.041783154010772705
vt 0.02102276124060154 0.04207795858383179
vt 0.021121138706803322 0.04329335689544678
vt 0.02102276124060154 0.04207795858383179
vt 0.022239023819565773 0.041571855545043945
vt 0.022088104858994484 0.043124377727508545
vt 0.022239023819565773 0.041571855545043945
vt 0.02102276124060154 0.04207795858383179
vt 0.020938629284501076 0.04081052541732788
vt 0.02102276124060154 0.04207795858383179
vt 0.019784176722168922 0.041783154010772705
vt 0.019930178299546242 0.04013979434967041
vt 0.02005022205412388 0.038756489753723145
vt 0.02082749642431736 0.03908073902130127
vt 0.020938629284501076 0.04081052541732788
vt 0.02082749642431736 0.03908073902130127
vt 0.021556729450821877 0.03865939378738403
vt 0.021853351965546608 0.0400158166885376
vt 0.023265177384018898 0.007380545139312744
vt 0.02212321199476719 0.0072522759437561035
vt 0.022090965881943703 0.006539463996887207
vt 0.02212321199476719 0.0072522759437561035
vt 0.021057123318314552 0.007248818874359131
vt 0.021024102345108986 0.006503462791442871
vt 0.02098759450018406 0.005566120147705078
vt 0.022052699699997902 0.00559312105178833
vt 0.022090965881943703 0.006539463996887207
vt 0.022052699699997902 0.00559312105178833
vt 0.023115450516343117 0.005462944507598877
vt 0.023145372048020363 0.00639265775680542
vt 0.022456878796219826 0.01488649845123291
vt 0.022456878796219826 0.013592362403869629
vt 0.0234274510294199 0.013592362403869629
vt 0.022456878796219826 0.013592362403869629
vt 0.022456878796219826 0.012298285961151123
vt 0.0234274510294199 0.012298285961151123
vt 0.024721557274460793 0.012298285961151123
vt 0.024721557274460793 0.013592362403869629
vt 0.0234274510294199 0.013592362403869629
vt 0.024721557274460793 0.013592362403869629
vt 0.024721557274460793 0.01488649845123291
vt 0.0234274510294199 0.01488649845123291
vt 0.024721557274460793 0.01488649845123291
vt 0.024721557274460793 0.013592362403869629
vt 0.026015663519501686 0.013592362403869629
vt 0.024721557274460793 0.013592362403869629
vt 0.024721557274460793 0.012298285961151123
vt 0.026015663519501686 0.012298285961151123
vt 0.027309710159897804 0.012298285961151123
vt 0.027309710159897804 0.013592362403869629
vt 0.026015663519501686 0.013592362403869629
vt 0.027309710159897804 0.013592362403869629
vt 0.027309710159897804 0.01488649845123291
vt 0.026015663519501686 0.01488649845123291
vt 0.031698670238256454 0.02308577299118042
vt 0.030483627691864967 0.02292776107788086
vt 0.030478740110993385 0.02133190631866455
vt 0.030483627691864967 0.02292776107788086
vt 0.029302263632416725 0.022877156734466553
vt 0.0295045617967844 0.02134186029434204
vt 0.029424721375107765 0.020406901836395264
vt 0.030607188120484352 0.020080864429473877
vt 0.030478740110993385 0.02133190631866455
vt 0.030607188120484352 0.020080864429473877
vt 0.03163006529211998 0.02062833309173584
vt 0.03173932060599327 0.021985948085784912
vt 0.03163006529211998 0.02062833309173584
vt 0.030607188120484352 0.020080864429473877
vt 0.030515754595398903 0.019235432147979736
vt 0.030607188120484352 0.020080864429473877
vt 0.029424721375107765 0.020406901836395264
vt 0.029295766726136208 0.019556939601898193
vt 0.029228204861283302 0.018703937530517578
vt 0.030352318659424782 0.018338918685913086
vt 0.030515754595398903 0.019235432147979736
vt 0.030352318659424782 0.018338918685913086
vt 0.0315563939511776 0.018010199069976807
vt 0.03158041462302208 0.019189894199371338
vt 0.024951541796326637 0.03137141466140747
vt 0.025712722912430763 0.03142446279525757
vt 0.026018137112259865 0.03282666206359863
vt 0.025712722912430763 0.03142446279525757
vt 0.02693348564207554 0.03170102834701538
vt 0.027287477627396584 0.03331476449966431
vt 0.027569347992539406 0.03540915250778198
vt 0.0262888316065073 0.03454184532165527
vt 0.026018137112259865 0.03282666206359863
vt 0.0262888316065073 0.03454184532165527
vt 0.0245626512914896 0.03331714868545532
vt 0.024764442816376686 0.03210872411727905
vt 0.025134975090622902 0.0427858829498291
vt 0.023757660761475563 0.043478965759277344
vt 0.023140007629990578 0.042824387550354004
vt 0.023757660761475563 0.043478965759277344
vt 0.022388869896531105 0.043894052505493164
vt 0.022088104858994484 0.043124377727508545
vt 0.022239023819565773 0.041571855545043945
vt 0.023605341091752052 0.04154425859451294
vt 0.023140007629990578 0.042824387550354004
vt 0.023605341091752052 0.04154425859451294
vt 0.024813199415802956 0.041262805461883545
vt 0.024673664942383766 0.04220747947692871
vt 0.026581788435578346 0.009164273738861084
vt 0.024999702349305153 0.009146690368652344
vt 0.024946117773652077 0.008112072944641113
vt 0.024999702349305153 0.009146690368652344
vt 0.02407052554190159 0.009117305278778076
vt 0.023770475760102272 0.00837928056716919
vt 0.023265177384018898 0.007380545139312744
vt 0.024602318182587624 0.007058084011077881
vt 0.024946117773652077 0.008112072944641113
vt 0.024602318182587624 0.007058084011077881
vt 0.025893235579133034 0.006621718406677246
vt 0.0262067262083292 0.007934808731079102
vt 0.025893235579133034 0.006621718406677246
vt 0.024602318182587624 0.007058084011077881
vt 0.02427091635763645 0.0060613155364990234
vt 0.024602318182587624 0.007058084011077881
vt 0.023265177384018898 0.007380545139312744
vt 0.023145372048020363 0.00639265775680542
vt 0.023115450516343117 0.005462944507598877
vt 0.024248147383332253 0.005178272724151611
vt 0.02427091635763645 0.0060613155364990234
vt 0.024248147383332253 0.005178272724151611
vt 0.02512052096426487 0.005053877830505371
vt 0.025373363867402077 0.0056414008140563965
vt 0.022133344784379005 0.017474651336669922
vt 0.022456878796219826 0.016180574893951416
vt 0.0234274510294199 0.016180574893951416
vt 0.022456878796219826 0.016180574893951416
vt 0.022456878796219826 0.01488649845123291
vt 0.0234274510294199 0.01488649845123291
vt 0.024721557274460793 0.01488649845123291
vt 0.024721557274460793 0.016180574893951416
vt 0.0234274510294199 0.016180574893951416
vt 0.024721557274460793 0.016180574893951416
vt 0.024721557274460793 0.017151176929473877
vt 0.0234274510294199 0.017151176929473877
vt 0.024721557274460793 0.017151176929473877
vt 0.024721557274460793 0.016180574893951416
vt 0.026015663519501686 0.016180574893951416
vt 0.024721557274460793 0.016180574893951416
vt 0.024721557274460793 0.01488649845123291
vt 0.026015663519501686 0.01488649845123291
vt 0.027309710159897804 0.01488649845123291
vt 0.027309710159897804 0.016180574893951416
vt 0.026015663519501686 0.016180574893951416
vt 0.027309710159897804 0.016180574893951416
vt 0.027309710159897804 0.017474651336669922
vt 0.026015663519501686 0.017151176929473877
vt 0.03404947742819786 0.023034870624542236
vt 0.03288557752966881 0.02302682399749756
vt 0.03277715668082237 0.021923959255218506
vt 0.03288557752966881 0.02302682399749756
vt 0.031698670238256454 0.02308577299118042
vt 0.03173932060599327 0.021985948085784912
vt 0.03163006529211998 0.02062833309173584
vt 0.03251233324408531 0.020624518394470215
vt 0.03277715668082237 0.021923959255218506
vt 0.03251233324408531 0.020624518394470215
vt 0.03345617279410362 0.02059483528137207
vt 0.033767011016607285 0.0218009352684021
vt 0.03345617279410362 0.02059483528137207
vt 0.03251233324408531 0.020624518394470215
vt 0.0326705239713192 0.019224941730499268
vt 0.03251233324408531 0.020624518394470215
vt 0.03163006529211998 0.02062833309173584
vt 0.03158041462302208 0.019189894199371338
vt 0.0315563939511776 0.018010199069976807
vt 0.032758619636297226 0.01809382438659668
vt 0.0326705239713192 0.019224941730499268
vt 0.032758619636297226 0.01809382438659668
vt 0.03382458910346031 0.01820075511932373
vt 0.03368654474616051 0.01938563585281372
vt 0.02942129410803318 0.03787374496459961
vt 0.02945157326757908 0.03692495822906494
vt 0.030510390177369118 0.03695935010910034
vt 0.02945157326757908 0.03692495822906494
vt 0.02943291701376438 0.03582519292831421
vt 0.03053983487188816 0.036070048809051514
vt 0.03159930929541588 0.03614974021911621
vt 0.031566884368658066 0.036993324756622314
vt 0.030510390177369118 0.03695935010910034
vt 0.031566884368658066 0.036993324756622314
vt 0.031572069972753525 0.03810042142868042
vt 0.03048011101782322 0.037907540798187256
vt 0.031572069972753525 0.03810042142868042
vt 0.031566884368658066 0.036993324756622314
vt 0.03258242830634117 0.03700530529022217
vt 0.031566884368658066 0.036993324756622314
vt 0.03159930929541588 0.03614974021911621
vt 0.03265878185629845 0.036206960678100586
vt 0.03341224417090416 0.03629261255264282
vt 0.033445920795202255 0.036973536014556885
vt 0.03258242830634117 0.03700530529022217
vt 0.033445920795202255 0.036973536014556885
vt 0.03374394401907921 0.03797590732574463
vt 0.032653894275426865 0.0380244255065918
vt 0.028192276135087013 0.007848978042602539
vt 0.02761104144155979 0.008298516273498535
vt 0.02717527188360691 0.007636845111846924
vt 0.02761104144155979 0.008298516273498535
vt 0.026581788435578346 0.009164273738861084
vt 0.0262067262083292 0.007934808731079102
vt 0.025893235579133034 0.006621718406677246
vt 0.02702229656279087 0.006663382053375244
vt 0.02717527188360691 0.007636845111846924
vt 0.02702229656279087 0.006663382053375244
vt 0.027707094326615334 0.006646931171417236
vt 0.027965718880295753 0.007293343544006348
vt 0.03205301985144615 0.043288350105285645
vt 0.03230258449912071 0.04221266508102417
vt 0.03313085064291954 0.04225081205368042
vt 0.03230258449912071 0.04221266508102417
vt 0.03247037157416344 0.041511595249176025
vt 0.03317871317267418 0.04141730070114136
vt 0.03425272926688194 0.04108870029449463
vt 0.034049179404973984 0.04219985008239746
vt 0.03313085064291954 0.04225081205368042
vt 0.034049179404973984 0.04219985008239746
vt 0.03406723961234093 0.04327207803726196
vt 0.03314390406012535 0.04327750205993652
vt 0.003913516644388437 0.0318831205368042
vt 0.004185969475656748 0.030849218368530273
vt 0.00501185143366456 0.031060218811035156
vt 0.004185969475656748 0.030849218368530273
vt 0.004422421101480722 0.030197501182556152
vt 0.005045468453317881 0.030306220054626465
vt 0.005675131920725107 0.0302543044090271
vt 0.005850548390299082 0.03092437982559204
vt 0.00501185143366456 0.031060218811035156
vt 0.005850548390299082 0.03092437982559204
vt 0.006187612656503916 0.031957387924194336
vt 0.004975075367838144 0.03193497657775879
vt 0.03532668575644493 0.020784318447113037
vt 0.03485002741217613 0.02023369073867798
vt 0.03578254207968712 0.01976311206817627
vt 0.03485002741217613 0.02023369073867798
vt 0.03427990898489952 0.019340038299560547
vt 0.03536989912390709 0.01892232894897461
vt 0.03611626848578453 0.01862049102783203
vt 0.036669399589300156 0.01922023296356201
vt 0.03578254207968712 0.01976311206817627
vt 0.036669399589300156 0.01922023296356201
vt 0.03742733225226402 0.020161211490631104
vt 0.036163534969091415 0.020558595657348633
vt 0.0260253194719553 0.02090388536453247
vt 0.0261304322630167 0.021786510944366455
vt 0.025167012587189674 0.02209240198135376
vt 0.0261304322630167 0.021786510944366455
vt 0.026174569502472878 0.022384941577911377
vt 0.025437766686081886 0.022835850715637207
vt 0.02435355819761753 0.023260831832885742
vt 0.02435615099966526 0.022338926792144775
vt 0.025167012587189674 0.02209240198135376
vt 0.02435615099966526 0.022338926792144775
vt 0.02415778674185276 0.021090328693389893
vt 0.025219732895493507 0.020975470542907715
vt 0.02688782848417759 0.03729730844497681
vt 0.025796884670853615 0.037300050258636475
vt 0.025793815031647682 0.0364493727684021
vt 0.025796884670853615 0.037300050258636475
vt 0.02513834275305271 0.0371394157409668
vt 0.02496754564344883 0.03646141290664673
vt 0.02512749470770359 0.03579151630401611
vt 0.02579524554312229 0.03562271595001221
vt 0.025793815031647682 0.0364493727684021
vt 0.02579524554312229 0.03562271595001221
vt 0.02687966264784336 0.035646021366119385
vt 0.026810044422745705 0.03645402193069458
vt 0.027630919590592384 0.03813987970352173
vt 0.02911197580397129 0.038137853145599365
vt 0.02885025180876255 0.03903919458389282
vt 0.02911197580397129 0.038137853145599365
vt 0.03004910983145237 0.0380520224571228
vt 0.02965288795530796 0.03916192054748535
vt 0.029241317883133888 0.03985494375228882
vt 0.028629863634705544 0.039901554584503174
vt 0.02885025180876255 0.03903919458389282
vt 0.028629863634705544 0.039901554584503174
vt 0.027728790417313576 0.039808809757232666
vt 0.02759929932653904 0.03919994831085205
vt 0.017252111807465553 0.04184967279434204
vt 0.017019445076584816 0.042913854122161865
vt 0.016237014904618263 0.04300189018249512
vt 0.017019445076584816 0.042913854122161865
vt 0.01738845743238926 0.04392975568771362
vt 0.01633858121931553 0.044084370136260986
vt 0.015280568972229958 0.044132232666015625
vt 0.015162492170929909 0.0430719256401062
vt 0.016237014904618263 0.04300189018249512
vt 0.020769739523530006 0.02758002281188965
vt 0.021457070484757423 0.02912318706512451
vt 0.01974775828421116 0.029199719429016113
vt 0.021457070484757423 0.02912318706512451
vt 0.020769739523530006 0.02758002281188965
vt 0.02222898043692112 0.027322590351104736
vt 0.015162492170929909 0.0430719256401062
vt 0.015280568972229958 0.044132232666015625
vt 0.01421707309782505 0.04395747184753418
vt 0.013180667534470558 0.04424089193344116
vt 0.013206744566559792 0.043159425258636475
vt 0.014180535450577736 0.043181657791137695
vt 0.023661846294999123 0.027647078037261963
vt 0.02294068969786167 0.029215991497039795
vt 0.022194737568497658 0.02914220094680786
vt 0.02294068969786167 0.029215991497039795
vt 0.023661846294999123 0.027647078037261963
vt 0.024811172857880592 0.028040587902069092
vt 0.013206744566559792 0.043159425258636475
vt 0.013180667534470558 0.04424089193344116
vt 0.012122178450226784 0.0442812442779541
vt 0.011240387335419655 0.04417836666107178
vt 0.01129826344549656 0.04314291477203369
vt 0.012116337195038795 0.04318845272064209
vt 0.01129826344549656 0.04314291477203369
vt 0.0113063994795084 0.04207348823547363
vt 0.012118363752961159 0.0420682430267334
vt 0.004027123097330332 0.034306228160858154
vt 0.004026258829981089 0.03367269039154053
vt 0.004861528519541025 0.03387266397476196
vt 0.004026258829981089 0.03367269039154053
vt 0.004332298878580332 0.03312563896179199
vt 0.004954541567713022 0.033197879791259766
vt 0.005498523358255625 0.03335350751876831
vt 0.005604083184152842 0.03400468826293945
vt 0.004861528519541025 0.03387266397476196
vt 0.005604083184152842 0.03400468826293945
vt 0.005263383034616709 0.03466689586639404
vt 0.004619682673364878 0.03463226556777954
vt 0.02316376008093357 0.03382152318954468
vt 0.021814072504639626 0.03421127796173096
vt 0.021702969446778297 0.033307671546936035
vt 0.021814072504639626 0.03421127796173096
vt 0.020716244354844093 0.034513652324676514
vt 0.02091052569448948 0.033393681049346924
vt 0.020995700731873512 0.032585859298706055
vt 0.021527672186493874 0.03235983848571777
vt 0.021702969446778297 0.033307671546936035
vt 0.021527672186493874 0.03235983848571777
vt 0.022266501560807228 0.03218120336532593
vt 0.022664422169327736 0.032799482345581055
vt 0.034317102283239365 0.02320963144302368
vt 0.035138990730047226 0.0230712890625
vt 0.03479727730154991 0.02440589666366577
vt 0.035138990730047226 0.0230712890625
vt 0.036213960498571396 0.02381730079650879
vt 0.035860683768987656 0.024741828441619873
vt 0.035359468311071396 0.02571350336074829
vt 0.034453775733709335 0.02580392360687256
vt 0.03479727730154991 0.02440589666366577
vt 0.034453775733709335 0.02580392360687256
vt 0.033065225929021835 0.02562028169631958
vt 0.03377064689993858 0.0241280198097229
vt 0.028670841827988625 0.037100017070770264
vt 0.027997756376862526 0.03728765249252319
vt 0.02790629304945469 0.03647434711456299
vt 0.027997756376862526 0.03728765249252319
vt 0.02688782848417759 0.03729730844497681
vt 0.026810044422745705 0.03645402193069458
vt 0.02687966264784336 0.035646021366119385
vt 0.027998769655823708 0.03568023443222046
vt 0.02790629304945469 0.03647434711456299
vt 0.027998769655823708 0.03568023443222046
vt 0.028683537617325783 0.03589397668838501
vt 0.028843605890870094 0.036498188972473145
vt 0.01944386400282383 0.039739906787872314
vt 0.01919465698301792 0.04079604148864746
vt 0.01831909455358982 0.040783703327178955
vt 0.01919465698301792 0.04079604148864746
vt 0.019004041329026222 0.04146522283554077
vt 0.018315518274903297 0.04161179065704346
vt 0.017252111807465553 0.04184967279434204
vt 0.01728215254843235 0.04077190160751343
vt 0.01831909455358982 0.040783703327178955
vt 0.01728215254843235 0.04077190160751343
vt 0.01732327975332737 0.03970742225646973
vt 0.01839047111570835 0.03975403308868408
vt 0.01732327975332737 0.03970742225646973
vt 0.01728215254843235 0.04077190160751343
vt 0.01618402637541294 0.04078114032745361
vt 0.01728215254843235 0.04077190160751343
vt 0.017252111807465553 0.04184967279434204
vt 0.016130799427628517 0.04188328981399536
vt 0.021457070484757423 0.02912318706512451
vt 0.02076401747763157 0.030692577362060547
vt 0.019683891907334328 0.030491769313812256
vt 0.02076401747763157 0.030692577362060547
vt 0.020603740587830544 0.031943678855895996
vt 0.019501591101288795 0.03168290853500366
vt 0.020603740587830544 0.031943678855895996
vt 0.02076401747763157 0.030692577362060547
vt 0.021848434582352638 0.03090202808380127
vt 0.02076401747763157 0.030692577362060547
vt 0.021457070484757423 0.02912318706512451
vt 0.022194737568497658 0.02914220094680786
vt 0.02294068969786167 0.029215991497039795
vt 0.02300884760916233 0.03010016679763794
vt 0.021848434582352638 0.03090202808380127
vt 0.02300884760916233 0.03010016679763794
vt 0.02322014607489109 0.032067716121673584
vt 0.021877074614167213 0.03215128183364868
vt 0.02322014607489109 0.032067716121673584
vt 0.02300884760916233 0.03010016679763794
vt 0.024585986509919167 0.030706346035003662
vt 0.02300884760916233 0.03010016679763794
vt 0.02294068969786167 0.029215991497039795
vt 0.024720454588532448 0.029240548610687256
vt 0.0113063994795084 0.04207348823547363
vt 0.011253351345658302 0.04095953702926636
vt 0.012124473229050636 0.04093879461288452
vt 0.011253351345658302 0.04095953702926636
vt 0.01099901832640171 0.039739906787872314
vt 0.012096220627427101 0.03975790739059448
vt 0.014614099636673927 0.03908884525299072
vt 0.014737540856003761 0.03992342948913574
vt 0.013959014788269997 0.039931535720825195
vt 0.014737540856003761 0.03992342948913574
vt 0.014816218987107277 0.04126012325286865
vt 0.013887429609894753 0.04096919298171997
vt 0.01261853612959385 0.040585875511169434
vt 0.013128632679581642 0.039534568786621094
vt 0.013959014788269997 0.039931535720825195
vt 0.013128632679581642 0.039534568786621094
vt 0.013454640284180641 0.03886181116104126
vt 0.014064693823456764 0.038912296295166016
vt 0.03164812549948692 0.04091346263885498
vt 0.03192993625998497 0.039786458015441895
vt 0.032775189727544785 0.039786458015441895
vt 0.03192993625998497 0.039786458015441895
vt 0.032149042934179306 0.039160311222076416
vt 0.032775189727544785 0.038941144943237305
vt 0.03390219435095787 0.03865939378738403
vt 0.03390219435095787 0.039786458015441895
vt 0.032775189727544785 0.039786458015441895
vt 0.03390219435095787 0.039786458015441895
vt 0.03390219435095787 0.04091346263885498
vt 0.032775189727544785 0.04091346263885498
vt 0.04104342684149742 0.02084439992904663
vt 0.042096879333257675 0.020911037921905518
vt 0.04200872406363487 0.022980093955993652
vt 0.042096879333257675 0.020911037921905518
vt 0.042930688709020615 0.02094656229019165
vt 0.042842473834753036 0.023015618324279785
vt 0.042759861797094345 0.024953067302703857
vt 0.04192599281668663 0.024917304515838623
vt 0.04200872406363487 0.022980093955993652
vt 0.04192599281668663 0.024917304515838623
vt 0.041093435138463974 0.02485942840576172
vt 0.04117497429251671 0.02294456958770752
vt 0.0070053585804998875 0.03521782159805298
vt 0.007848674431443214 0.03523457050323486
vt 0.007805431727319956 0.03732192516326904
vt 0.007848674431443214 0.03523457050323486
vt 0.008916432037949562 0.03525763750076294
vt 0.00886266864836216 0.037337660789489746
vt 0.008827799931168556 0.0392611026763916
vt 0.0077925571240484715 0.039267659187316895
vt 0.007805431727319956 0.03732192516326904
vt 0.0077925571240484715 0.039267659187316895
vt 0.006950164679437876 0.039273083209991455
vt 0.006963843945413828 0.03731060028076172
vt 0.008916432037949562 0.03525763750076294
vt 0.009979898110032082 0.03528553247451782
vt 0.010026359930634499 0.037400007247924805
vt 0.009979898110032082 0.03528553247451782
vt 0.011043870821595192 0.03524482250213623
vt 0.010858321562409401 0.03735923767089844
vt 0.010862672701478004 0.03932124376296997
vt 0.010015541687607765 0.0393100380897522
vt 0.010026359930634499 0.037400007247924805
vt 0.010015541687607765 0.0393100380897522
vt 0.008827799931168556 0.0392611026763916
vt 0.00886266864836216 0.037337660789489746
vt 0.01788204349577427 0.007078289985656738
vt 0.018981153145432472 0.007571160793304443
vt 0.01894667185842991 0.009152233600616455
vt 0.018981153145432472 0.007571160793304443
vt 0.020028049126267433 0.007589578628540039
vt 0.020006323233246803 0.009157538414001465
vt 0.0200116578489542 0.011098265647888184
vt 0.018956059589982033 0.0111006498336792
vt 0.01894667185842991 0.009152233600616455
vt 0.018956059589982033 0.0111006498336792
vt 0.01812540926039219 0.011104226112365723
vt 0.018109077587723732 0.009169518947601318
vt 0.020028049126267433 0.007589578628540039
vt 0.021077686920762062 0.007603764533996582
vt 0.02105378545820713 0.009164392948150635
vt 0.021077686920762062 0.007603764533996582
vt 0.02171649970114231 0.007976710796356201
vt 0.021878862753510475 0.009147167205810547
vt 0.02212926186621189 0.011163592338562012
vt 0.0210722628980875 0.011095881462097168
vt 0.02105378545820713 0.009164392948150635
vt 0.0210722628980875 0.011095881462097168
vt 0.0200116578489542 0.011098265647888184
vt 0.020006323233246803 0.009157538414001465
vt 0.004352683667093515 0.0057675838470458984
vt 0.00499724829569459 0.005390763282775879
vt 0.005024696234613657 0.006979465484619141
vt 0.00499724829569459 0.005390763282775879
vt 0.006061697844415903 0.005372345447540283
vt 0.006085927132517099 0.006957888603210449
vt 0.006139720324426889 0.009000599384307861
vt 0.005003149155527353 0.008569300174713135
vt 0.005024696234613657 0.006979465484619141
vt 0.005003149155527353 0.008569300174713135
vt 0.003913516644388437 0.008995234966278076
vt 0.004183406475931406 0.006952643394470215
vt 0.006061697844415903 0.005372345447540283
vt 0.007127667311578989 0.005357027053833008
vt 0.007138247136026621 0.006935060024261475
vt 0.007127667311578989 0.005357027053833008
vt 0.008191252127289772 0.0053473711013793945
vt 0.008159393444657326 0.0068378448486328125
vt 0.008280867710709572 0.008775770664215088
vt 0.007329548243433237 0.008901715278625488
vt 0.007138247136026621 0.006935060024261475
vt 0.007329548243433237 0.008901715278625488
vt 0.006139720324426889 0.009000599384307861
vt 0.006085927132517099 0.006957888603210449
vt 0.008191252127289772 0.0053473711013793945
vt 0.009255820885300636 0.005326986312866211
vt 0.00935172475874424 0.006882965564727783
vt 0.009255820885300636 0.005326986312866211
vt 0.010335171595215797 0.0051670074462890625
vt 0.010453486815094948 0.0063893795013427734
vt 0.010577822104096413 0.008102059364318848
vt 0.00927879847586155 0.008441388607025146
vt 0.00935172475874424 0.006882965564727783
vt 0.00927879847586155 0.008441388607025146
vt 0.008280867710709572 0.008775770664215088
vt 0.008159393444657326 0.0068378448486328125
vt 0.010335171595215797 0.0051670074462890625
vt 0.011426741257309914 0.005053877830505371
vt 0.011528993025422096 0.00623089075088501
vt 0.011426741257309914 0.005053877830505371
vt 0.012555951252579689 0.005054593086242676
vt 0.012394005432724953 0.006297111511230469
vt 0.01226820982992649 0.007344543933868408
vt 0.011625194922089577 0.007554471492767334
vt 0.011528993025422096 0.00623089075088501
vt 0.011625194922089577 0.007554471492767334
vt 0.010577822104096413 0.008102059364318848
vt 0.010453486815094948 0.0063893795013427734
vt 0.013225877657532692 0.028964996337890625
vt 0.014310264959931374 0.02896207571029663
vt 0.014307046309113503 0.030313611030578613
vt 0.014310264959931374 0.02896207571029663
vt 0.015360886231064796 0.0290183424949646
vt 0.01535993255674839 0.03053271770477295
vt 0.015359992161393166 0.032047152519226074
vt 0.014306807890534401 0.03166484832763672
vt 0.014307046309113503 0.030313611030578613
vt 0.014306807890534401 0.03166484832763672
vt 0.013644957914948463 0.031142234802246094
vt 0.013463163748383522 0.030143797397613525
vt 0.015360886231064796 0.0290183424949646
vt 0.016411805525422096 0.029037058353424072
vt 0.016411567106842995 0.030605852603912354
vt 0.016411805525422096 0.029037058353424072
vt 0.01746269501745701 0.029013633728027344
vt 0.01746332086622715 0.03051292896270752
vt 0.01746266521513462 0.032012343406677246
vt 0.016411209478974342 0.032174885272979736
vt 0.016411567106842995 0.030605852603912354
vt 0.016411209478974342 0.032174885272979736
vt 0.015359992161393166 0.032047152519226074
vt 0.01535993255674839 0.03053271770477295
vt 0.01746269501745701 0.029013633728027344
vt 0.01851331628859043 0.028942108154296875
vt 0.018516922369599342 0.03023374080657959
vt 0.01851331628859043 0.028942108154296875
vt 0.0195974949747324 0.02894890308380127
vt 0.019365722313523293 0.030006110668182373
vt 0.01918616332113743 0.030958592891693115
vt 0.01851745881140232 0.03152507543563843
vt 0.018516922369599342 0.03023374080657959
vt 0.01851745881140232 0.03152507543563843
vt 0.01746266521513462 0.032012343406677246
vt 0.01746332086622715 0.03051292896270752
vt 0.02155705727636814 0.02712196111679077
vt 0.020526522770524025 0.02744913101196289
vt 0.02033534087240696 0.02646082639694214
vt 0.020526522770524025 0.02744913101196289
vt 0.01986696757376194 0.02738744020462036
vt 0.01955699361860752 0.026694655418395996
vt 0.018981629982590675 0.025501787662506104
vt 0.020077431574463844 0.02529585361480713
vt 0.02033534087240696 0.02646082639694214
vt 0.020077431574463844 0.02529585361480713
vt 0.020711267367005348 0.025259315967559814
vt 0.02110385335981846 0.026144087314605713
vt 0.01986696757376194 0.02738744020462036
vt 0.019479984417557716 0.02793300151824951
vt 0.01889261044561863 0.027167916297912598
vt 0.019479984417557716 0.02793300151824951
vt 0.018595749512314796 0.028551459312438965
vt 0.018207157030701637 0.02765023708343506
vt 0.017889076843857765 0.026936590671539307
vt 0.018218183889985085 0.02634894847869873
vt 0.01889261044561863 0.027167916297912598
vt 0.018218183889985085 0.02634894847869873
vt 0.018981629982590675 0.025501787662506104
vt 0.01955699361860752 0.026694655418395996
vt 0.018595749512314796 0.028551459312438965
vt 0.017498278990387917 0.028616487979888916
vt 0.017381275072693825 0.027872741222381592
vt 0.017498278990387917 0.028616487979888916
vt 0.016441846266388893 0.02888709306716919
vt 0.016531700268387794 0.027837097644805908
vt 0.016639912500977516 0.026958048343658447
vt 0.017215872183442116 0.026834428310394287
vt 0.017381275072693825 0.027872741222381592
vt 0.017215872183442116 0.026834428310394287
vt 0.017889076843857765 0.026936590671539307
vt 0.018207157030701637 0.02765023708343506
vt 0.016441846266388893 0.02888709306716919
vt 0.015461200848221779 0.028604507446289062
vt 0.015931779518723488 0.02742701768875122
vt 0.015461200848221779 0.028604507446289062
vt 0.015047872439026833 0.028086721897125244
vt 0.015344256535172462 0.02702486515045166
vt 0.01575341261923313 0.025095701217651367
vt 0.016295576468110085 0.0263252854347229
vt 0.015931779518723488 0.02742701768875122
vt 0.016295576468110085 0.0263252854347229
vt 0.016639912500977516 0.026958048343658447
vt 0.016531700268387794 0.027837097644805908
vt 0.0393885038793087 0.005590617656707764
vt 0.040037836879491806 0.005216658115386963
vt 0.0400027297437191 0.006793498992919922
vt 0.040037836879491806 0.005216658115386963
vt 0.04110434278845787 0.00523221492767334
vt 0.04108848795294762 0.006816744804382324
vt 0.04125937446951866 0.008828699588775635
vt 0.03996404632925987 0.008692324161529541
vt 0.0400027297437191 0.006793498992919922
vt 0.03996404632925987 0.008692324161529541
vt 0.038936104625463486 0.00866842269897461
vt 0.03918429836630821 0.006692707538604736
vt 0.04110434278845787 0.00523221492767334
vt 0.04217967018485069 0.0052356719970703125
vt 0.04217090830206871 0.006795346736907959
vt 0.04217967018485069 0.0052356719970703125
vt 0.043302085250616074 0.005053877830505371
vt 0.04314878210425377 0.00682443380355835
vt 0.0432722233235836 0.008785009384155273
vt 0.04237201437354088 0.00882720947265625
vt 0.04217090830206871 0.006795346736907959
vt 0.04237201437354088 0.00882720947265625
vt 0.04125937446951866 0.008828699588775635
vt 0.04108848795294762 0.006816744804382324
vt 0.03853121027350426 0.029144585132598877
vt 0.039648737758398056 0.029331088066101074
vt 0.0396437905728817 0.030901312828063965
vt 0.039648737758398056 0.029331088066101074
vt 0.0407085083425045 0.029321372509002686
vt 0.04073395952582359 0.030889034271240234
vt 0.04079272970557213 0.032886505126953125
vt 0.03968694433569908 0.03286629915237427
vt 0.0396437905728817 0.030901312828063965
vt 0.03968694433569908 0.03286629915237427
vt 0.038643207401037216 0.03285890817642212
vt 0.0386638306081295 0.030912280082702637
vt 0.0407085083425045 0.029321372509002686
vt 0.04176255688071251 0.029303312301635742
vt 0.04179605469107628 0.03086310625076294
vt 0.04176255688071251 0.029303312301635742
vt 0.04240885004401207 0.029706835746765137
vt 0.042617764323949814 0.030858099460601807
vt 0.04294100031256676 0.03289520740509033
vt 0.041877176612615585 0.032831549644470215
vt 0.04179605469107628 0.03086310625076294
vt 0.041877176612615585 0.032831549644470215
vt 0.04079272970557213 0.032886505126953125
vt 0.04073395952582359 0.030889034271240234
vt 0.03969511017203331 0.04024726152420044
vt 0.039991047233343124 0.04081851243972778
vt 0.03841271623969078 0.04078686237335205
vt 0.039991047233343124 0.04081851243972778
vt 0.0398881696164608 0.04182028770446777
vt 0.03841134533286095 0.041671156883239746
vt 0.036936547607183456 0.041507184505462646
vt 0.03684129938483238 0.04069972038269043
vt 0.03841271623969078 0.04078686237335205
vt 0.03684129938483238 0.04069972038269043
vt 0.03650679811835289 0.03987401723861694
vt 0.038537707179784775 0.04013139009475708
vt 0.0398881696164608 0.04182028770446777
vt 0.03984030708670616 0.04285836219787598
vt 0.03862055763602257 0.04270315170288086
vt 0.03984030708670616 0.04285836219787598
vt 0.040035929530858994 0.04399615526199341
vt 0.03879442438483238 0.04358726739883423
vt 0.037919964641332626 0.04329496622085571
vt 0.03740152344107628 0.042545318603515625
vt 0.03862055763602257 0.04270315170288086
vt 0.03740152344107628 0.042545318603515625
vt 0.036936547607183456 0.041507184505462646
vt 0.03841134533286095 0.041671156883239746
vt 0.027801746502518654 0.040076494216918945
vt 0.028852904215455055 0.04011082649230957
vt 0.028844529762864113 0.04123622179031372
vt 0.028852904215455055 0.04011082649230957
vt 0.02990438975393772 0.04009205102920532
vt 0.029664361849427223 0.0413782000541687
vt 0.02947601117193699 0.04230093955993652
vt 0.02883630432188511 0.042346179485321045
vt 0.028844529762864113 0.04123622179031372
vt 0.02883630432188511 0.042346179485321045
vt 0.02819734252989292 0.042291462421417236
vt 0.02802267111837864 0.04136604070663452
vt 0.008974576368927956 0.030764102935791016
vt 0.010064506903290749 0.031149089336395264
vt 0.010011965408921242 0.03237879276275635
vt 0.010064506903290749 0.031149089336395264
vt 0.010702842846512794 0.031587302684783936
vt 0.010855967178940773 0.032697081565856934
vt 0.011075610294938087 0.03468042612075806
vt 0.00996258296072483 0.03360861539840698
vt 0.010011965408921242 0.03237879276275635
vt 0.00996258296072483 0.03360861539840698
vt 0.009309912100434303 0.0329706072807312
vt 0.00916873849928379 0.03205829858779907
vt 0.038888778537511826 0.02393120527267456
vt 0.03950658068060875 0.023722589015960693
vt 0.039613571017980576 0.02514749765396118
vt 0.03950658068060875 0.023722589015960693
vt 0.04016241058707237 0.023885011672973633
vt 0.04044171795248985 0.025062620639801025
vt 0.04058512672781944 0.026853740215301514
vt 0.039740826934576035 0.026907503604888916
vt 0.039613571017980576 0.02514749765396118
vt 0.039740826934576035 0.026907503604888916
vt 0.03868117555975914 0.027080237865447998
vt 0.03877850994467735 0.02506875991821289
vt 0.0416317842900753 0.012855172157287598
vt 0.04225512966513634 0.012460172176361084
vt 0.042338695377111435 0.014029264450073242
vt 0.04225512966513634 0.012460172176361084
vt 0.043336715549230576 0.011936962604522705
vt 0.043170955032110214 0.014028549194335938
vt 0.04317399486899376 0.01593959331512451
vt 0.04234185442328453 0.015874147415161133
vt 0.042338695377111435 0.014029264450073242
vt 0.04234185442328453 0.015874147415161133
vt 0.04150959476828575 0.015808165073394775
vt 0.041506197303533554 0.014031469821929932
vt 0.01597159542143345 0.005290210247039795
vt 0.017020517960190773 0.005307674407958984
vt 0.01700463332235813 0.0068874359130859375
vt 0.017020517960190773 0.005307674407958984
vt 0.01812979020178318 0.0048514604568481445
vt 0.01783856190741062 0.006925702095031738
vt 0.017783397808670998 0.008857786655426025
vt 0.0169502142816782 0.008837461471557617
vt 0.01700463332235813 0.0068874359130859375
vt 0.0169502142816782 0.008837461471557617
vt 0.015882456675171852 0.008855938911437988
vt 0.015941167250275612 0.006866514682769775
vt 0.010594123974442482 0.00849539041519165
vt 0.011652911081910133 0.008513152599334717
vt 0.011661404743790627 0.010591626167297363
vt 0.011652911081910133 0.008513152599334717
vt 0.012711549177765846 0.008508801460266113
vt 0.012716436758637428 0.010588765144348145
vt 0.012787515297532082 0.012526452541351318
vt 0.011664772406220436 0.012535333633422852
vt 0.011661404743790627 0.010591626167297363
vt 0.011664772406220436 0.012535333633422852
vt 0.010826373472809792 0.012539505958557129
vt 0.010823691263794899 0.010593831539154053
vt 0.012711549177765846 0.008508801460266113
vt 0.013767952099442482 0.008502721786499023
vt 0.013780558481812477 0.010574579238891602
vt 0.013767952099442482 0.008502721786499023
vt 0.01460489071905613 0.008498609066009521
vt 0.01465105451643467 0.010522127151489258
vt 0.014655256643891335 0.012431144714355469
vt 0.0137993935495615 0.012537121772766113
vt 0.013780558481812477 0.010574579238891602
vt 0.0137993935495615 0.012537121772766113
vt 0.012787515297532082 0.012526452541351318
vt 0.012716436758637428 0.010588765144348145
vt 0.020338738337159157 0.018035709857940674
vt 0.021177614107728004 0.018047630786895752
vt 0.021197641268372536 0.01991581916809082
vt 0.021177614107728004 0.018047630786895752
vt 0.02223804034292698 0.018035411834716797
vt 0.022253120318055153 0.019753336906433105
vt 0.022269004955887794 0.021465301513671875
vt 0.021217430010437965 0.021709024906158447
vt 0.021197641268372536 0.01991581916809082
vt 0.021217430010437965 0.021709024906158447
vt 0.020311379805207253 0.021975159645080566
vt 0.02031632699072361 0.02006363868713379
vt 0.02223804034292698 0.018035411834716797
vt 0.023303711786866188 0.01803421974182129
vt 0.023291731253266335 0.019687533378601074
vt 0.023303711786866188 0.01803421974182129
vt 0.024355674162507057 0.018010199069976807
vt 0.02413141168653965 0.01970982551574707
vt 0.02399834431707859 0.0207635760307312
vt 0.023325646296143532 0.02102184295654297
vt 0.023291731253266335 0.019687533378601074
vt 0.023325646296143532 0.02102184295654297
vt 0.022269004955887794 0.021465301513671875
vt 0.022253120318055153 0.019753336906433105
vt 0.015857631340622902 0.032586097717285156
vt 0.016938233748078346 0.03296351432800293
vt 0.016868168488144875 0.03437972068786621
vt 0.016938233748078346 0.03296351432800293
vt 0.01801818050444126 0.03296881914138794
vt 0.018038297072052956 0.03449898958206177
vt 0.018058205023407936 0.03602898120880127
vt 0.016799742355942726 0.03579568862915039
vt 0.016868168488144875 0.03437972068786621
vt 0.016799742355942726 0.03579568862915039
vt 0.016052717342972755 0.035337746143341064
vt 0.015918726101517677 0.0342976450920105
vt 0.01801818050444126 0.03296881914138794
vt 0.019078576937317848 0.03294795751571655
vt 0.019129151478409767 0.03451657295227051
vt 0.019078576937317848 0.03294795751571655
vt 0.02016308344900608 0.03284257650375366
vt 0.01996033824980259 0.03453308343887329
vt 0.019808674231171608 0.03570467233657837
vt 0.019177520647644997 0.03608518838882446
vt 0.019129151478409767 0.03451657295227051
vt 0.019177520647644997 0.03608518838882446
vt 0.018058205023407936 0.03602898120880127
vt 0.018038297072052956 0.03449898958206177
vt 0.013833219185471535 0.005169093608856201
vt 0.014920080080628395 0.005266129970550537
vt 0.01488226093351841 0.0068395137786865234
vt 0.014920080080628395 0.005266129970550537
vt 0.01597159542143345 0.005290210247039795
vt 0.015941167250275612 0.006866514682769775
vt 0.015882456675171852 0.008855938911437988
vt 0.014836693182587624 0.008410394191741943
vt 0.01488226093351841 0.0068395137786865234
vt 0.014836693182587624 0.008410394191741943
vt 0.014204764738678932 0.008031249046325684
vt 0.014049464836716652 0.0068604350090026855
vt 0.00425111735239625 0.023881077766418457
vt 0.005349630955606699 0.0240442156791687
vt 0.005243296269327402 0.02564328908920288
vt 0.005349630955606699 0.0240442156791687
vt 0.0064088949002325535 0.024110376834869385
vt 0.006314838770776987 0.025696158409118652
vt 0.006254429463297129 0.027714312076568604
vt 0.005166585091501474 0.027615606784820557
vt 0.005243296269327402 0.02564328908920288
vt 0.005166585091501474 0.027615606784820557
vt 0.004325444344431162 0.027584552764892578
vt 0.00439425790682435 0.025623440742492676
vt 0.03436794504523277 0.01576918363571167
vt 0.03542688116431236 0.015805363655090332
vt 0.03537389263510704 0.017381012439727783
vt 0.03542688116431236 0.015805363655090332
vt 0.036555495113134384 0.015378475189208984
vt 0.03626057133078575 0.017458081245422363
vt 0.03611626848578453 0.01862049102783203
vt 0.03536989912390709 0.01892232894897461
vt 0.03537389263510704 0.017381012439727783
vt 0.03536989912390709 0.01892232894897461
vt 0.03427990898489952 0.019340038299560547
vt 0.034313883632421494 0.017349600791931152
vt 0.03164812549948692 0.03218120336532593
vt 0.032708730548620224 0.032233595848083496
vt 0.03271838650107384 0.03431731462478638
vt 0.032708730548620224 0.032233595848083496
vt 0.03377821668982506 0.03223294019699097
vt 0.03378191217780113 0.03435152769088745
vt 0.03377470001578331 0.03632974624633789
vt 0.03263672813773155 0.03587949275970459
vt 0.03271838650107384 0.03431731462478638
vt 0.03263672813773155 0.03587949275970459
vt 0.03191199526190758 0.03546971082687378
vt 0.03181007131934166 0.034285128116607666
vt 0.03377821668982506 0.03223294019699097
vt 0.03484382852911949 0.03223341703414917
vt 0.03483959659934044 0.034358859062194824
vt 0.03484382852911949 0.03223341703414917
vt 0.03590616211295128 0.03220909833908081
vt 0.03568842634558678 0.034305453300476074
vt 0.03568258509039879 0.036097168922424316
vt 0.03483470901846886 0.03616762161254883
vt 0.03483959659934044 0.034358859062194824
vt 0.03483470901846886 0.03616762161254883
vt 0.03377470001578331 0.03632974624633789
vt 0.03378191217780113 0.03435152769088745
vt 0.02607175149023533 0.02529817819595337
vt 0.027087146416306496 0.02583026885986328
vt 0.026814037933945656 0.02738356590270996
vt 0.027087146416306496 0.02583026885986328
vt 0.02774437703192234 0.026233911514282227
vt 0.027833634987473488 0.027400672435760498
vt 0.027783775702118874 0.029145419597625732
vt 0.026667827740311623 0.02912890911102295
vt 0.026814037933945656 0.02738356590270996
vt 0.026667827740311623 0.02912890911102295
vt 0.025574887171387672 0.029130518436431885
vt 0.025811458006501198 0.027364730834960938
vt 0.02234017290174961 0.02172333002090454
vt 0.02301003970205784 0.021342098712921143
vt 0.023229116573929787 0.0229032039642334
vt 0.02301003970205784 0.021342098712921143
vt 0.024043017998337746 0.02084439992904663
vt 0.02422943152487278 0.022917866706848145
vt 0.02440490759909153 0.024658203125
vt 0.023315513506531715 0.024647176265716553
vt 0.023229116573929787 0.0229032039642334
vt 0.023315513506531715 0.024647176265716553
vt 0.02220233716070652 0.024631083011627197
vt 0.022211575880646706 0.022886157035827637
vt 0.011403882876038551 0.033427298069000244
vt 0.012469017878174782 0.03344088792800903
vt 0.012500697746872902 0.03556954860687256
vt 0.012469017878174782 0.03344088792800903
vt 0.013533229008316994 0.03339588642120361
vt 0.013355815783143044 0.03550070524215698
vt 0.013388091698288918 0.03730762004852295
vt 0.012526387348771095 0.037268996238708496
vt 0.012500697746872902 0.03556954860687256
vt 0.012526387348771095 0.037268996238708496
vt 0.01166524924337864 0.03731197118759155
vt 0.01164337433874607 0.035526156425476074
vt 0.027790332213044167 0.009710073471069336
vt 0.028858209028840065 0.010247945785522461
vt 0.028718376532197 0.011737346649169922
vt 0.028858209028840065 0.010247945785522461
vt 0.0299548152834177 0.010258674621582031
vt 0.02996000088751316 0.011693477630615234
vt 0.030006611719727516 0.013604402542114258
vt 0.02868794836103916 0.013586103916168213
vt 0.028718376532197 0.011737346649169922
vt 0.02868794836103916 0.013586103916168213
vt 0.02759929932653904 0.013569414615631104
vt 0.02771284617483616 0.01179724931716919
vt 0.0299548152834177 0.010258674621582031
vt 0.031017983332276344 0.010172784328460693
vt 0.031075501814484596 0.011651158332824707
vt 0.031017983332276344 0.010172784328460693
vt 0.032065119594335556 0.010059833526611328
vt 0.03213271126151085 0.011610150337219238
vt 0.03219940885901451 0.013550400733947754
vt 0.031147444620728493 0.01358717679977417
vt 0.031075501814484596 0.011651158332824707
vt 0.031147444620728493 0.01358717679977417
vt 0.030006611719727516 0.013604402542114258
vt 0.02996000088751316 0.011693477630615234
vt 0.032065119594335556 0.010059833526611328
vt 0.03311147913336754 0.00998544692993164
vt 0.033197250217199326 0.011567652225494385
vt 0.03311147913336754 0.00998544692993164
vt 0.034198012202978134 0.009837985038757324
vt 0.03403499349951744 0.011556386947631836
vt 0.03408404812216759 0.013495564460754395
vt 0.03324892744421959 0.013517022132873535
vt 0.033197250217199326 0.011567652225494385
vt 0.03324892744421959 0.013517022132873535
vt 0.03219940885901451 0.013550400733947754
vt 0.03213271126151085 0.011610150337219238
vt 0.008988404646515846 0.02428591251373291
vt 0.010025376453995705 0.024777531623840332
vt 0.009805256500840187 0.026355266571044922
vt 0.010025376453995705 0.024777531623840332
vt 0.011127764359116554 0.024789035320281982
vt 0.011065417900681496 0.02636474370956421
vt 0.011025452986359596 0.028303682804107666
vt 0.009680414572358131 0.02830064296722412
vt 0.009805256500840187 0.026355266571044922
vt 0.009680414572358131 0.02830064296722412
vt 0.008569711819291115 0.028117775917053223
vt 0.008777076378464699 0.02625727653503418
vt 0.011127764359116554 0.024789035320281982
vt 0.01219671405851841 0.024796247482299805
vt 0.012188607826828957 0.02637183666229248
vt 0.01219671405851841 0.024796247482299805
vt 0.013248855248093605 0.024800479412078857
vt 0.013245368376374245 0.02637380361557007
vt 0.013242596760392189 0.02823561429977417
vt 0.012176508083939552 0.02831113338470459
vt 0.012188607826828957 0.02637183666229248
vt 0.012176508083939552 0.02831113338470459
vt 0.011025452986359596 0.028303682804107666
vt 0.011065417900681496 0.02636474370956421
vt 0.013248855248093605 0.024800479412078857
vt 0.014300340786576271 0.02480173110961914
vt 0.014299923554062843 0.026372015476226807
vt 0.014300340786576271 0.02480173110961914
vt 0.01539149321615696 0.024658262729644775
vt 0.01513662375509739 0.026302635669708252
vt 0.01496153511106968 0.02723550796508789
vt 0.014304453507065773 0.027716219425201416
vt 0.014299923554062843 0.026372015476226807
vt 0.014304453507065773 0.027716219425201416
vt 0.013242596760392189 0.02823561429977417
vt 0.013245368376374245 0.02637380361557007
vt 0.025372439995408058 0.03791677951812744
vt 0.026463234797120094 0.03800845146179199
vt 0.0264775101095438 0.03914940357208252
vt 0.026463234797120094 0.03800845146179199
vt 0.027553463354706764 0.037849605083465576
vt 0.027331018820405006 0.03886127471923828
vt 0.02715861238539219 0.039768338203430176
vt 0.026487315073609352 0.04038161039352417
vt 0.0264775101095438 0.03914940357208252
vt 0.026487315073609352 0.04038161039352417
vt 0.025875145569443703 0.04047638177871704
vt 0.025671744719147682 0.03955119848251343
vt 0.023550445213913918 0.03764718770980835
vt 0.02462747134268284 0.03777128458023071
vt 0.024456674233078957 0.03865271806716919
vt 0.02462747134268284 0.03777128458023071
vt 0.025240326300263405 0.03808528184890747
vt 0.025305891409516335 0.03882908821105957
vt 0.025174403563141823 0.04032868146896362
vt 0.024267518892884254 0.03975570201873779
vt 0.024456674233078957 0.03865271806716919
vt 0.024267518892884254 0.03975570201873779
vt 0.023659253492951393 0.03960603475570679
vt 0.02361842431128025 0.038681983947753906
vt 0.012827003374695778 0.016089916229248047
vt 0.013496184721589088 0.015961110591888428
vt 0.013776475563645363 0.017189443111419678
vt 0.013496184721589088 0.015961110591888428
vt 0.014512324705719948 0.015580892562866211
vt 0.014838868752121925 0.01754748821258545
vt 0.015094393864274025 0.019429564476013184
vt 0.013916278257966042 0.018900930881500244
vt 0.013776475563645363 0.017189443111419678
vt 0.013916278257966042 0.018900930881500244
vt 0.012453699484467506 0.01831507682800293
vt 0.012714290991425514 0.016829311847686768
vt 0.01559632457792759 0.016593098640441895
vt 0.016652042046189308 0.016623258590698242
vt 0.016645396128296852 0.018775463104248047
vt 0.016652042046189308 0.016623258590698242
vt 0.01770877279341221 0.01663142442703247
vt 0.01768817938864231 0.018655478954315186
vt 0.017690593376755714 0.020618021488189697
vt 0.01662343181669712 0.020659267902374268
vt 0.016645396128296852 0.018775463104248047
vt 0.01662343181669712 0.020659267902374268
vt 0.01576622761785984 0.02048492431640625
vt 0.015803778544068336 0.018579602241516113
vt 0.01770877279341221 0.01663142442703247
vt 0.018770629540085793 0.016644179821014404
vt 0.01874067820608616 0.018274307250976562
vt 0.018770629540085793 0.016644179821014404
vt 0.019605929031968117 0.01660299301147461
vt 0.019705289974808693 0.01787358522415161
vt 0.019709402695298195 0.018769681453704834
vt 0.018885726109147072 0.019472777843475342
vt 0.01874067820608616 0.018274307250976562
vt 0.018885726109147072 0.019472777843475342
vt 0.017690593376755714 0.020618021488189697
vt 0.01768817938864231 0.018655478954315186
vt 0.03846630081534386 0.03744471073150635
vt 0.039328720420598984 0.03748166561126709
vt 0.039352502673864365 0.03868156671524048
vt 0.039328720420598984 0.03748166561126709
vt 0.040418591350317 0.037472426891326904
vt 0.04042473062872887 0.03884381055831909
vt 0.04033705219626427 0.04052746295928955
vt 0.03918739780783653 0.03979593515396118
vt 0.039352502673864365 0.03868156671524048
vt 0.03918739780783653 0.03979593515396118
vt 0.038328733295202255 0.039670586585998535
vt 0.03834434971213341 0.03875237703323364
vt 0.040418591350317 0.037472426891326904
vt 0.0415051244199276 0.03747665882110596
vt 0.04146930202841759 0.03916597366333008
vt 0.0415051244199276 0.03747665882110596
vt 0.042610373347997665 0.03752422332763672
vt 0.04231354221701622 0.03953993320465088
vt 0.042594101279973984 0.04145383834838867
vt 0.04153534397482872 0.04092049598693848
vt 0.04146930202841759 0.03916597366333008
vt 0.04153534397482872 0.04092049598693848
vt 0.04033705219626427 0.04052746295928955
vt 0.04042473062872887 0.03884381055831909
vt 0.02982615865767002 0.03887695074081421
vt 0.030936503782868385 0.039216816425323486
vt 0.030829036608338356 0.04013603925704956
vt 0.030936503782868385 0.039216816425323486
vt 0.03203275427222252 0.03886181116104126
vt 0.03169265016913414 0.04000061750411987
vt 0.031473781913518906 0.040671706199645996
vt 0.030774259939789772 0.04105806350708008
vt 0.030829036608338356 0.04013603925704956
vt 0.030774259939789772 0.04105806350708008
vt 0.03015863336622715 0.04113006591796875
vt 0.03000318445265293 0.04042261838912964
vt 0.03868117555975914 0.027080237865447998
vt 0.039740826934576035 0.026907503604888916
vt 0.03985419496893883 0.0280570387840271
vt 0.039740826934576035 0.026907503604888916
vt 0.04058512672781944 0.026853740215301514
vt 0.04070254787802696 0.028062105178833008
vt 0.04081794247031212 0.029151558876037598
vt 0.03985532745718956 0.028904974460601807
vt 0.03985419496893883 0.0280570387840271
vt 0.03985532745718956 0.028904974460601807
vt 0.039228882640600204 0.028913497924804688
vt 0.039027001708745956 0.028230011463165283
vt 0.04150959476828575 0.015808165073394775
vt 0.04234185442328453 0.015874147415161133
vt 0.04234394058585167 0.017278671264648438
vt 0.04234185442328453 0.015874147415161133
vt 0.04317399486899376 0.01593959331512451
vt 0.043178822845220566 0.0175439715385437
vt 0.04318728670477867 0.018793344497680664
vt 0.042350973933935165 0.018438339233398438
vt 0.04234394058585167 0.017278671264648438
vt 0.042350973933935165 0.018438339233398438
vt 0.041284289211034775 0.01806819438934326
vt 0.04151090607047081 0.017008543014526367
vt 0.041093435138463974 0.02485942840576172
vt 0.04192599281668663 0.024917304515838623
vt 0.04185345396399498 0.026589572429656982
vt 0.04192599281668663 0.024917304515838623
vt 0.042759861797094345 0.024953067302703857
vt 0.04268738254904747 0.026627540588378906
vt 0.0426233671605587 0.027923941612243652
vt 0.04179408773779869 0.027856171131134033
vt 0.04185345396399498 0.026589572429656982
vt 0.04179408773779869 0.027856171131134033
vt 0.040976908057928085 0.027712762355804443
vt 0.041025545448064804 0.02646571397781372
vt 0.006950164679437876 0.039273083209991455
vt 0.0077925571240484715 0.039267659187316895
vt 0.007829779759049416 0.04096001386642456
vt 0.0077925571240484715 0.039267659187316895
vt 0.008827799931168556 0.0392611026763916
vt 0.008996034041047096 0.040924668312072754
vt 0.008907699957489967 0.04237043857574463
vt 0.007843637838959694 0.04232567548751831
vt 0.007829779759049416 0.04096001386642456
vt 0.007843637838959694 0.04232567548751831
vt 0.0070043751038610935 0.04229694604873657
vt 0.006979877594858408 0.04097926616668701
vt 0.008827799931168556 0.0392611026763916
vt 0.010015541687607765 0.0393100380897522
vt 0.00998612679541111 0.04095470905303955
vt 0.010015541687607765 0.0393100380897522
vt 0.010862672701478004 0.03932124376296997
vt 0.010807329788804054 0.04102081060409546
vt 0.010798091068863869 0.04242706298828125
vt 0.009962702170014381 0.04240989685058594
vt 0.00998612679541111 0.04095470905303955
vt 0.009962702170014381 0.04240989685058594
vt 0.008907699957489967 0.04237043857574463
vt 0.008996034041047096 0.040924668312072754
vt 0.01812540926039219 0.011104226112365723
vt 0.018956059589982033 0.0111006498336792
vt 0.018958503380417824 0.012772083282470703
vt 0.018956059589982033 0.0111006498336792
vt 0.0200116578489542 0.011098265647888184
vt 0.020010286942124367 0.012769699096679688
vt 0.020016128197312355 0.014124691486358643
vt 0.01895325817167759 0.014164745807647705
vt 0.018958503380417824 0.012772083282470703
vt 0.01895325817167759 0.014164745807647705
vt 0.01812540926039219 0.014164984226226807
vt 0.01812761463224888 0.012771964073181152
vt 0.0200116578489542 0.011098265647888184
vt 0.0210722628980875 0.011095881462097168
vt 0.02105301059782505 0.012762367725372314
vt 0.0210722628980875 0.011095881462097168
vt 0.02212926186621189 0.011163592338562012
vt 0.021878832951188087 0.012698352336883545
vt 0.021726781502366066 0.013411998748779297
vt 0.02107411064207554 0.013763189315795898
vt 0.02105301059782505 0.012762367725372314
vt 0.02107411064207554 0.013763189315795898
vt 0.020016128197312355 0.014124691486358643
vt 0.020010286942124367 0.012769699096679688
vt 0.030868256464600563 0.027469933032989502
vt 0.03211250528693199 0.027502238750457764
vt 0.032074954360723495 0.028701722621917725
vt 0.03211250528693199 0.027502238750457764
vt 0.03317364677786827 0.02733844518661499
vt 0.03287627920508385 0.028884410858154297
vt 0.03282025083899498 0.03021770715713501
vt 0.03203054890036583 0.030021727085113525
vt 0.032074954360723495 0.028701722621917725
vt 0.03203054890036583 0.030021727085113525
vt 0.031021738424897194 0.029895007610321045
vt 0.03095611371099949 0.028558313846588135
vt 0.015882456675171852 0.008855938911437988
vt 0.0169502142816782 0.008837461471557617
vt 0.016915882006287575 0.01051032543182373
vt 0.0169502142816782 0.008837461471557617
vt 0.017783397808670998 0.008857786655426025
vt 0.01774766482412815 0.010528147220611572
vt 0.017713213339447975 0.012077033519744873
vt 0.016883427277207375 0.011989116668701172
vt 0.016915882006287575 0.01051032543182373
vt 0.016883427277207375 0.011989116668701172
vt 0.016058797016739845 0.011858582496643066
vt 0.016086334362626076 0.010460197925567627
vt 0.010826373472809792 0.012539505958557129
vt 0.011664772406220436 0.012535333633422852
vt 0.01166808046400547 0.014223754405975342
vt 0.011664772406220436 0.012535333633422852
vt 0.012787515297532082 0.012526452541351318
vt 0.012723410502076149 0.01421964168548584
vt 0.012739205732941628 0.01574307680130005
vt 0.011668020859360695 0.015804827213287354
vt 0.01166808046400547 0.014223754405975342
vt 0.011668020859360695 0.015804827213287354
vt 0.01083272136747837 0.015782654285430908
vt 0.01083272136747837 0.014225661754608154
vt 0.012787515297532082 0.012526452541351318
vt 0.0137993935495615 0.012537121772766113
vt 0.013766223564743996 0.01421588659286499
vt 0.0137993935495615 0.012537121772766113
vt 0.014655256643891335 0.012431144714355469
vt 0.014624351635575294 0.014112234115600586
vt 0.014470839872956276 0.01498568058013916
vt 0.01380353607237339 0.015323936939239502
vt 0.013766223564743996 0.01421588659286499
vt 0.01380353607237339 0.015323936939239502
vt 0.012739205732941628 0.01574307680130005
vt 0.012723410502076149 0.01421964168548584
vt 0.020311379805207253 0.021975159645080566
vt 0.021217430010437965 0.021709024906158447
vt 0.02118321694433689 0.023351609706878662
vt 0.021217430010437965 0.021709024906158447
vt 0.022269004955887794 0.021465301513671875
vt 0.021993810310959816 0.023198425769805908
vt 0.021801376715302467 0.02421700954437256
vt 0.021132195368409157 0.024603307247161865
vt 0.02118321694433689 0.023351609706878662
vt 0.021132195368409157 0.024603307247161865
vt 0.020492637529969215 0.024507582187652588
vt 0.020333969965577126 0.02364712953567505
vt 0.028206640854477882 0.02700650691986084
vt 0.029488736763596535 0.0272865891456604
vt 0.029764438048005104 0.02845865488052368
vt 0.029488736763596535 0.0272865891456604
vt 0.030868256464600563 0.027469933032989502
vt 0.03095611371099949 0.028558313846588135
vt 0.031021738424897194 0.029895007610321045
vt 0.029979998245835304 0.029610395431518555
vt 0.029764438048005104 0.02845865488052368
vt 0.029979998245835304 0.029610395431518555
vt 0.0293003860861063 0.029449939727783203
vt 0.02889280952513218 0.028573036193847656
vt 0.02840905822813511 0.029144585132598877
vt 0.029838914051651955 0.029803037643432617
vt 0.02990012802183628 0.031695425510406494
vt 0.029838914051651955 0.029803037643432617
vt 0.030659163370728493 0.030483543872833252
vt 0.0309120062738657 0.032153308391571045
vt 0.031053686514496803 0.035457074642181396
vt 0.030024254694581032 0.033589065074920654
vt 0.02990012802183628 0.031695425510406494
vt 0.030024254694581032 0.033589065074920654
vt 0.029239678755402565 0.03239554166793823
vt 0.028884822502732277 0.030998945236206055
vt 0.00861063040792942 0.013815462589263916
vt 0.009317243471741676 0.013168632984161377
vt 0.009353095665574074 0.015063166618347168
vt 0.009317243471741676 0.013168632984161377
vt 0.010286683216691017 0.01254427433013916
vt 0.010218257084488869 0.014391303062438965
vt 0.01011388935148716 0.016670703887939453
vt 0.0092292670160532 0.017763853073120117
vt 0.009353095665574074 0.015063166618347168
vt 0.0092292670160532 0.017763853073120117
vt 0.008114660158753395 0.01878589391708374
vt 0.008478397503495216 0.015496671199798584
vt 0.006139720324426889 0.009000599384307861
vt 0.007329548243433237 0.008901715278625488
vt 0.007186646107584238 0.010660767555236816
vt 0.007329548243433237 0.008901715278625488
vt 0.008280867710709572 0.008775770664215088
vt 0.008271956816315651 0.010619103908538818
vt 0.008274013176560402 0.012652456760406494
vt 0.007158870343118906 0.012868940830230713
vt 0.007186646107584238 0.010660767555236816
vt 0.007158870343118906 0.012868940830230713
vt 0.006291384343057871 0.013244450092315674
vt 0.006326789502054453 0.0108870267868042
vt 0.008280867710709572 0.008775770664215088
vt 0.00927879847586155 0.008441388607025146
vt 0.009310239925980568 0.010395288467407227
vt 0.00927879847586155 0.008441388607025146
vt 0.010577822104096413 0.008102059364318848
vt 0.010221803560853004 0.010190725326538086
vt 0.01027255691587925 0.01135796308517456
vt 0.009462261572480202 0.011801600456237793
vt 0.009310239925980568 0.010395288467407227
vt 0.009462261572480202 0.011801600456237793
vt 0.008274013176560402 0.012652456760406494
vt 0.008271956816315651 0.010619103908538818
vt 0.03481486067175865 0.009912490844726562
vt 0.03570922836661339 0.010773062705993652
vt 0.035640742629766464 0.012154698371887207
vt 0.03570922836661339 0.010773062705993652
vt 0.03674736246466637 0.01121675968170166
vt 0.036718036979436874 0.01245349645614624
vt 0.03668537363409996 0.01435476541519165
vt 0.03552534803748131 0.013535737991333008
vt 0.035640742629766464 0.012154698371887207
vt 0.03552534803748131 0.013535737991333008
vt 0.03475853428244591 0.013073503971099854
vt 0.03468480333685875 0.011948645114898682
vt 0.03674736246466637 0.01121675968170166
vt 0.03779896721243858 0.01137453317642212
vt 0.03776928409934044 0.012565135955810547
vt 0.03779896721243858 0.01137453317642212
vt 0.038904812186956406 0.011070966720581055
vt 0.038629259914159775 0.012502670288085938
vt 0.038613345474004745 0.014494657516479492
vt 0.03774389252066612 0.014475464820861816
vt 0.03776928409934044 0.012565135955810547
vt 0.03774389252066612 0.014475464820861816
vt 0.03668537363409996 0.01435476541519165
vt 0.036718036979436874 0.01245349645614624
vt 0.0044103809632360935 0.034812986850738525
vt 0.005530203226953745 0.03488558530807495
vt 0.005244667176157236 0.03618311882019043
vt 0.005530203226953745 0.03488558530807495
vt 0.0062785097397863865 0.035163283348083496
vt 0.006374324206262827 0.03612560033798218
vt 0.006425137165933847 0.038227975368499756
vt 0.005167181137949228 0.03824275732040405
vt 0.005244667176157236 0.03618311882019043
vt 0.005167181137949228 0.03824275732040405
vt 0.003913516644388437 0.038229286670684814
vt 0.004136765841394663 0.03624403476715088
vt 0.0067463465966284275 0.024512112140655518
vt 0.007616723421961069 0.024180352687835693
vt 0.007536555174738169 0.02545863389968872
vt 0.007616723421961069 0.024180352687835693
vt 0.009123111143708229 0.023678600788116455
vt 0.008573824539780617 0.025466978549957275
vt 0.008183563128113747 0.027482032775878906
vt 0.007299626711755991 0.027519643306732178
vt 0.007536555174738169 0.02545863389968872
vt 0.007299626711755991 0.027519643306732178
vt 0.006364727858453989 0.027529537677764893
vt 0.0064713009633123875 0.025438308715820312
vt 0.038936104625463486 0.00866842269897461
vt 0.03996404632925987 0.008692324161529541
vt 0.04028620943427086 0.010517239570617676
vt 0.03996404632925987 0.008692324161529541
vt 0.04125937446951866 0.008828699588775635
vt 0.04131319746375084 0.010508239269256592
vt 0.041315820068120956 0.012612342834472656
vt 0.04022642597556114 0.012541115283966064
vt 0.04028620943427086 0.010517239570617676
vt 0.04022642597556114 0.012541115283966064
vt 0.039375629276037216 0.012597441673278809
vt 0.03940090164542198 0.010501980781555176
vt 0.04125937446951866 0.008828699588775635
vt 0.04237201437354088 0.00882720947265625
vt 0.04240443930029869 0.010501325130462646
vt 0.04237201437354088 0.00882720947265625
vt 0.0432722233235836 0.008785009384155273
vt 0.043320026248693466 0.010475873947143555
vt 0.04315229877829552 0.011540055274963379
vt 0.042384590953588486 0.011902451515197754
vt 0.04240443930029869 0.010501325130462646
vt 0.042384590953588486 0.011902451515197754
vt 0.041315820068120956 0.012612342834472656
vt 0.04131319746375084 0.010508239269256592
vt 0.038643207401037216 0.03285890817642212
vt 0.03968694433569908 0.03286629915237427
vt 0.03960510715842247 0.034514009952545166
vt 0.03968694433569908 0.03286629915237427
vt 0.04079272970557213 0.032886505126953125
vt 0.04071899875998497 0.03480488061904907
vt 0.040677156299352646 0.036416471004486084
vt 0.03946736082434654 0.03594571352005005
vt 0.03960510715842247 0.034514009952545166
vt 0.03946736082434654 0.03594571352005005
vt 0.03879144415259361 0.03553658723831177
vt 0.03865453228354454 0.0345267653465271
vt 0.04079272970557213 0.032886505126953125
vt 0.041877176612615585 0.032831549644470215
vt 0.04195621237158775 0.03449606895446777
vt 0.041877176612615585 0.032831549644470215
vt 0.04294100031256676 0.03289520740509033
vt 0.042775239795446396 0.03479278087615967
vt 0.04258444532752037 0.036213815212249756
vt 0.04198327288031578 0.03620946407318115
vt 0.04195621237158775 0.03449606895446777
vt 0.04198327288031578 0.03620946407318115
vt 0.040677156299352646 0.036416471004486084
vt 0.04071899875998497 0.03480488061904907
vt 0.021728480234742165 0.03744471073150635
vt 0.022687578573822975 0.03786712884902954
vt 0.022626155987381935 0.03906506299972534
vt 0.022687578573822975 0.03786712884902954
vt 0.023368770256638527 0.03810703754425049
vt 0.02347891964018345 0.03902918100357056
vt 0.023669326677918434 0.04047369956970215
vt 0.022579485550522804 0.040248870849609375
vt 0.022626155987381935 0.03906506299972534
vt 0.022579485550522804 0.040248870849609375
vt 0.02194886840879917 0.03997856378555298
vt 0.021794045343995094 0.03909116983413696
vt 0.03532668575644493 0.020784318447113037
vt 0.036163534969091415 0.020558595657348633
vt 0.036024775356054306 0.02174323797225952
vt 0.036163534969091415 0.020558595657348633
vt 0.03742733225226402 0.020161211490631104
vt 0.0370388887822628 0.02172631025314331
vt 0.03662111982703209 0.0224342942237854
vt 0.03583839163184166 0.022753119468688965
vt 0.036024775356054306 0.02174323797225952
vt 0.03583839163184166 0.022753119468688965
vt 0.03466501459479332 0.023086488246917725
vt 0.035017337650060654 0.02166539430618286
vt 0.03377470001578331 0.03632974624633789
vt 0.03483470901846886 0.03616762161254883
vt 0.03486534580588341 0.03750181198120117
vt 0.03483470901846886 0.03616762161254883
vt 0.03568258509039879 0.036097168922424316
vt 0.03572603687644005 0.03731304407119751
vt 0.03564688190817833 0.03814119100570679
vt 0.03494009003043175 0.03855675458908081
vt 0.03486534580588341 0.03750181198120117
vt 0.03494009003043175 0.03855675458908081
vt 0.03434261307120323 0.03871464729309082
vt 0.034094180911779404 0.037912845611572266
vt 0.025574887171387672 0.029130518436431885
vt 0.026667827740311623 0.02912890911102295
vt 0.02676292695105076 0.030254244804382324
vt 0.026667827740311623 0.02912890911102295
vt 0.027783775702118874 0.029145419597625732
vt 0.027788007631897926 0.030258893966674805
vt 0.02798064984381199 0.03136676549911499
vt 0.026848459616303444 0.031100928783416748
vt 0.02676292695105076 0.030254244804382324
vt 0.026848459616303444 0.031100928783416748
vt 0.026110822334885597 0.031038880348205566
vt 0.025754356756806374 0.03032243251800537
vt 0.02220233716070652 0.024631083011627197
vt 0.023315513506531715 0.024647176265716553
vt 0.023184532299637794 0.02575451135635376
vt 0.023315513506531715 0.024647176265716553
vt 0.02440490759909153 0.024658203125
vt 0.02418973483145237 0.025748014450073242
vt 0.02382131852209568 0.026313066482543945
vt 0.02307533659040928 0.02649933099746704
vt 0.023184532299637794 0.02575451135635376
vt 0.02307533659040928 0.02649933099746704
vt 0.02193089760839939 0.026844441890716553
vt 0.02216043509542942 0.025743484497070312
vt 0.01166524924337864 0.03731197118759155
vt 0.012526387348771095 0.037268996238708496
vt 0.012542033568024635 0.038300931453704834
vt 0.012526387348771095 0.037268996238708496
vt 0.013388091698288918 0.03730762004852295
vt 0.013350242748856544 0.03851878643035889
vt 0.013163352385163307 0.03927183151245117
vt 0.012555116787552834 0.03919440507888794
vt 0.012542033568024635 0.038300931453704834
vt 0.012555116787552834 0.03919440507888794
vt 0.01190110482275486 0.03913348913192749
vt 0.011727029457688332 0.03845268487930298
vt 0.02759929932653904 0.013569414615631104
vt 0.02868794836103916 0.013586103916168213
vt 0.02886980213224888 0.014938771724700928
vt 0.02868794836103916 0.013586103916168213
vt 0.030006611719727516 0.013604402542114258
vt 0.03009136952459812 0.015198230743408203
vt 0.030182981863617897 0.01649552583694458
vt 0.0290409866720438 0.015743255615234375
vt 0.02886980213224888 0.014938771724700928
vt 0.0290409866720438 0.015743255615234375
vt 0.02824896015226841 0.015371501445770264
vt 0.027862781658768654 0.01471710205078125
vt 0.030006611719727516 0.013604402542114258
vt 0.031147444620728493 0.01358717679977417
vt 0.03120567835867405 0.015256881713867188
vt 0.031147444620728493 0.01358717679977417
vt 0.03219940885901451 0.013550400733947754
vt 0.032255496829748154 0.015217900276184082
vt 0.032318200916051865 0.016615629196166992
vt 0.03125711902976036 0.01654672622680664
vt 0.03120567835867405 0.015256881713867188
vt 0.03125711902976036 0.01654672622680664
vt 0.030182981863617897 0.01649552583694458
vt 0.03009136952459812 0.015198230743408203
vt 0.03219940885901451 0.013550400733947754
vt 0.03324892744421959 0.013517022132873535
vt 0.03329923376441002 0.015172779560089111
vt 0.03324892744421959 0.013517022132873535
vt 0.03408404812216759 0.013495564460754395
vt 0.03412291035056114 0.015164613723754883
vt 0.0339939258992672 0.016060233116149902
vt 0.033364202827215195 0.016345441341400146
vt 0.03329923376441002 0.015172779560089111
vt 0.033364202827215195 0.016345441341400146
vt 0.032318200916051865 0.016615629196166992
vt 0.032255496829748154 0.015217900276184082
vt 0.004325444344431162 0.027584552764892578
vt 0.005166585091501474 0.027615606784820557
vt 0.005092109087854624 0.029274404048919678
vt 0.005166585091501474 0.027615606784820557
vt 0.006254429463297129 0.027714312076568604
vt 0.005919808987528086 0.029350578784942627
vt 0.005675131920725107 0.0302543044090271
vt 0.005045468453317881 0.030306220054626465
vt 0.005092109087854624 0.029274404048919678
vt 0.005045468453317881 0.030306220054626465
vt 0.004422421101480722 0.030197501182556152
vt 0.00426107132807374 0.029275119304656982
vt 0.024969423189759254 0.01904815435409546
vt 0.02601625956594944 0.0187341570854187
vt 0.025676632300019264 0.019806265830993652
vt 0.02601625956594944 0.0187341570854187
vt 0.02669503726065159 0.018010199069976807
vt 0.026699626818299294 0.019937753677368164
vt 0.0260253194719553 0.02090388536453247
vt 0.025219732895493507 0.020975470542907715
vt 0.025676632300019264 0.019806265830993652
vt 0.025219732895493507 0.020975470542907715
vt 0.02415778674185276 0.021090328693389893
vt 0.024557316675782204 0.019887030124664307
vt 0.04033705219626427 0.04052746295928955
vt 0.04153534397482872 0.04092049598693848
vt 0.04197349771857262 0.04264938831329346
vt 0.04153534397482872 0.04092049598693848
vt 0.042594101279973984 0.04145383834838867
vt 0.04285034164786339 0.04315072298049927
vt 0.04275384172797203 0.044109046459198
vt 0.04212256893515587 0.04407316446304321
vt 0.04197349771857262 0.04264938831329346
vt 0.04212256893515587 0.04407316446304321
vt 0.04131462797522545 0.04358643293380737
vt 0.04105975851416588 0.04238945245742798
vt 0.008569711819291115 0.028117775917053223
vt 0.009680414572358131 0.02830064296722412
vt 0.009813273325562477 0.029950320720672607
vt 0.009680414572358131 0.02830064296722412
vt 0.011025452986359596 0.028303682804107666
vt 0.011045718565583229 0.029971182346343994
vt 0.011083060875535011 0.031342923641204834
vt 0.009976530447602272 0.030987203121185303
vt 0.009813273325562477 0.029950320720672607
vt 0.009976530447602272 0.030987203121185303
vt 0.009198212996125221 0.030608832836151123
vt 0.008801901713013649 0.02978384494781494
vt 0.011025452986359596 0.028303682804107666
vt 0.012176508083939552 0.02831113338470459
vt 0.012160921469330788 0.029982388019561768
vt 0.012176508083939552 0.02831113338470459
vt 0.013242596760392189 0.02823561429977417
vt 0.012992287054657936 0.029874801635742188
vt 0.01298149861395359 0.031352341175079346
vt 0.012154186144471169 0.03137326240539551
vt 0.012160921469330788 0.029982388019561768
vt 0.012154186144471169 0.03137326240539551
vt 0.011083060875535011 0.031342923641204834
vt 0.011045718565583229 0.029971182346343994
vt 0.010391676798462868 0.019509732723236084
vt 0.011304045096039772 0.0192682147026062
vt 0.011298710480332375 0.020803332328796387
vt 0.011304045096039772 0.0192682147026062
vt 0.012453699484467506 0.01831507682800293
vt 0.012444192543625832 0.02057015895843506
vt 0.012391472235321999 0.022465884685516357
vt 0.011329883709549904 0.022554874420166016
vt 0.011298710480332375 0.020803332328796387
vt 0.011329883709549904 0.022554874420166016
vt 0.010498816147446632 0.022662341594696045
vt 0.010469073429703712 0.021174728870391846
vt 0.012453699484467506 0.01831507682800293
vt 0.013916278257966042 0.018900930881500244
vt 0.013743126764893532 0.02080434560775757
vt 0.013916278257966042 0.018900930881500244
vt 0.015094393864274025 0.019429564476013184
vt 0.014805102720856667 0.021158456802368164
vt 0.014383072033524513 0.02251988649368286
vt 0.013497645035386086 0.02247035503387451
vt 0.013743126764893532 0.02080434560775757
vt 0.013497645035386086 0.02247035503387451
vt 0.012391472235321999 0.022465884685516357
vt 0.012444192543625832 0.02057015895843506
vt 0.01576622761785984 0.02048492431640625
vt 0.01662343181669712 0.020659267902374268
vt 0.016585374251008034 0.02256941795349121
vt 0.01662343181669712 0.020659267902374268
vt 0.017690593376755714 0.020618021488189697
vt 0.017481738701462746 0.02265346050262451
vt 0.017211729660630226 0.023913562297821045
vt 0.016382241621613503 0.023836493492126465
vt 0.016585374251008034 0.02256941795349121
vt 0.016382241621613503 0.023836493492126465
vt 0.0155577901750803 0.023733198642730713
vt 0.015746140852570534 0.0222741961479187
vt 0.033065225929021835 0.02562028169631958
vt 0.034453775733709335 0.02580392360687256
vt 0.034628357738256454 0.02702808380126953
vt 0.034453775733709335 0.02580392360687256
vt 0.035359468311071396 0.02571350336074829
vt 0.035678353160619736 0.02659153938293457
vt 0.036082055419683456 0.027785003185272217
vt 0.0349903367459774 0.028188705444335938
vt 0.034628357738256454 0.02702808380126953
vt 0.0349903367459774 0.028188705444335938
vt 0.03413739427924156 0.028565049171447754
vt 0.034167613834142685 0.02731555700302124
vt 0.039340998977422714 0.01909548044204712
vt 0.04023626074194908 0.018808603286743164
vt 0.040274228900671005 0.01983422040939331
vt 0.04023626074194908 0.018808603286743164
vt 0.041284289211034775 0.01806819438934326
vt 0.04131897911429405 0.0195656418800354
vt 0.04135629162192345 0.0206795334815979
vt 0.04031100496649742 0.020860493183135986
vt 0.040274228900671005 0.01983422040939331
vt 0.04031100496649742 0.020860493183135986
vt 0.03967955335974693 0.02081120014190674
vt 0.03947731480002403 0.020190000534057617
vt 0.041284289211034775 0.01806819438934326
vt 0.042350973933935165 0.018438339233398438
vt 0.04236337170004845 0.019538402557373047
vt 0.042350973933935165 0.018438339233398438
vt 0.04318728670477867 0.018793344497680664
vt 0.043185021728277206 0.01963794231414795
vt 0.043038513511419296 0.0201532244682312
vt 0.04239824041724205 0.02038627862930298
vt 0.04236337170004845 0.019538402557373047
vt 0.04239824041724205 0.02038627862930298
vt 0.04135629162192345 0.0206795334815979
vt 0.04131897911429405 0.0195656418800354
vt 0.040976908057928085 0.027712762355804443
vt 0.04179408773779869 0.027856171131134033
vt 0.04176565632224083 0.028575420379638672
vt 0.04179408773779869 0.027856171131134033
vt 0.0426233671605587 0.027923941612243652
vt 0.04255404695868492 0.02873021364212036
vt 0.042350318282842636 0.02918916940689087
vt 0.04173251613974571 0.029103755950927734
vt 0.04176565632224083 0.028575420379638672
vt 0.04173251613974571 0.029103755950927734
vt 0.041104163974523544 0.029076337814331055
vt 0.04096051678061485 0.02855020761489868
vt 0.0070043751038610935 0.04229694604873657
vt 0.007843637838959694 0.04232567548751831
vt 0.007858389988541603 0.04324740171432495
vt 0.007843637838959694 0.04232567548751831
vt 0.008907699957489967 0.04237043857574463
vt 0.008894676342606544 0.04344058036804199
vt 0.008883679285645485 0.044175803661346436
vt 0.007821852341294289 0.04385095834732056
vt 0.007858389988541603 0.04324740171432495
vt 0.007821852341294289 0.04385095834732056
vt 0.007159496191889048 0.04358762502670288
vt 0.007022554520517588 0.04310327768325806
vt 0.008907699957489967 0.04237043857574463
vt 0.009962702170014381 0.04240989685058594
vt 0.009937131777405739 0.04350918531417847
vt 0.009962702170014381 0.04240989685058594
vt 0.010798091068863869 0.04242706298828125
vt 0.010762566700577736 0.04355067014694214
vt 0.010595167055726051 0.04414784908294678
vt 0.009950542822480202 0.04427593946456909
vt 0.009937131777405739 0.04350918531417847
vt 0.009950542822480202 0.04427593946456909
vt 0.008883679285645485 0.044175803661346436
vt 0.008894676342606544 0.04344058036804199
vt 0.01812540926039219 0.014164984226226807
vt 0.01895325817167759 0.014164745807647705
vt 0.01894342340528965 0.015248000621795654
vt 0.01895325817167759 0.014164745807647705
vt 0.020016128197312355 0.014124691486358643
vt 0.019761765375733376 0.015200138092041016
vt 0.019591504707932472 0.0158463716506958
vt 0.018937284126877785 0.01600325107574463
vt 0.01894342340528965 0.015248000621795654
vt 0.018937284126877785 0.01600325107574463
vt 0.018289679661393166 0.015874147415161133
vt 0.018128300085663795 0.015271544456481934
vt 0.01363077200949192 0.035256385803222656
vt 0.01466294564306736 0.03524351119995117
vt 0.014588797464966774 0.03649526834487915
vt 0.01466294564306736 0.03524351119995117
vt 0.01584496535360813 0.035057246685028076
vt 0.01544850505888462 0.036343157291412354
vt 0.015176767483353615 0.037164390087127686
vt 0.014523917809128761 0.03747284412384033
vt 0.014588797464966774 0.03649526834487915
vt 0.014523917809128761 0.03747284412384033
vt 0.014021510258316994 0.037670910358428955
vt 0.013756448403000832 0.03691399097442627
vt 0.031021738424897194 0.029895007610321045
vt 0.03203054890036583 0.030021727085113525
vt 0.03201111778616905 0.031118035316467285
vt 0.03203054890036583 0.030021727085113525
vt 0.03282025083899498 0.03021770715713501
vt 0.03276875242590904 0.03134649991989136
vt 0.03257712349295616 0.03207385540008545
vt 0.03198757395148277 0.03207963705062866
vt 0.03201111778616905 0.031118035316467285
vt 0.03198757395148277 0.03207963705062866
vt 0.031388428062200546 0.03197216987609863
vt 0.031239593401551247 0.03114396333694458
vt 0.016058797016739845 0.011858582496643066
vt 0.016883427277207375 0.011989116668701172
vt 0.016857529059052467 0.013325214385986328
vt 0.016883427277207375 0.011989116668701172
vt 0.017713213339447975 0.012077033519744873
vt 0.017652178183197975 0.013633549213409424
vt 0.017449313774704933 0.01440119743347168
vt 0.01683616079390049 0.014324307441711426
vt 0.016857529059052467 0.013325214385986328
vt 0.01683616079390049 0.014324307441711426
vt 0.01617434062063694 0.013830184936523438
vt 0.016042524948716164 0.013044774532318115
vt 0.01083272136747837 0.015782654285430908
vt 0.011668020859360695 0.015804827213287354
vt 0.011660480871796608 0.017427921295166016
vt 0.011668020859360695 0.015804827213287354
vt 0.012739205732941628 0.01574307680130005
vt 0.012490475550293922 0.01733386516571045
vt 0.012326681986451149 0.01814579963684082
vt 0.011655444279313087 0.018531501293182373
vt 0.011660480871796608 0.017427921295166016
vt 0.011655444279313087 0.018531501293182373
vt 0.010989094153046608 0.018154680728912354
vt 0.010832095518708229 0.01735919713973999
vt 0.036082055419683456 0.027785003185272217
vt 0.03720172867178917 0.028346240520477295
vt 0.03727206215262413 0.02931278944015503
vt 0.03720172867178917 0.028346240520477295
vt 0.038112130016088486 0.028435230255126953
vt 0.03809573873877525 0.029530227184295654
vt 0.037962403148412704 0.03015613555908203
vt 0.037343885749578476 0.03028017282485962
vt 0.03727206215262413 0.02931278944015503
vt 0.037343885749578476 0.03028017282485962
vt 0.03629174456000328 0.03020709753036499
vt 0.03621366247534752 0.029184818267822266
vt 0.011083060875535011 0.031342923641204834
vt 0.012154186144471169 0.03137326240539551
vt 0.012154364958405495 0.03245556354522705
vt 0.012154186144471169 0.03137326240539551
vt 0.01298149861395359 0.031352341175079346
vt 0.01296844519674778 0.03248631954193115
vt 0.012801909819245338 0.03308683633804321
vt 0.012153888121247292 0.03321009874343872
vt 0.012154364958405495 0.03245556354522705
vt 0.012153888121247292 0.03321009874343872
vt 0.011502617970108986 0.033055007457733154
vt 0.011337930336594582 0.03241699934005737
vt 0.010498816147446632 0.022662341594696045
vt 0.011329883709549904 0.022554874420166016
vt 0.011355603113770485 0.023758649826049805
vt 0.011329883709549904 0.022554874420166016
vt 0.012391472235321999 0.022465884685516357
vt 0.012382442131638527 0.023681819438934326
vt 0.01239403523504734 0.024399638175964355
vt 0.011343086138367653 0.024515748023986816
vt 0.011355603113770485 0.023758649826049805
vt 0.011343086138367653 0.024515748023986816
vt 0.010706538334488869 0.024390876293182373
vt 0.010539466515183449 0.023801863193511963
vt 0.012391472235321999 0.022465884685516357
vt 0.013497645035386086 0.02247035503387451
vt 0.013404393568634987 0.02346062660217285
vt 0.013497645035386086 0.02247035503387451
vt 0.014383072033524513 0.02251988649368286
vt 0.014231527224183083 0.02329099178314209
vt 0.014100098982453346 0.023750007152557373
vt 0.013442272320389748 0.024028539657592773
vt 0.013404393568634987 0.02346062660217285
vt 0.013442272320389748 0.024028539657592773
vt 0.01239403523504734 0.024399638175964355
vt 0.012382442131638527 0.023681819438934326
vt 0.0155577901750803 0.023733198642730713
vt 0.016382241621613503 0.023836493492126465
vt 0.01627817191183567 0.024506866931915283
vt 0.016382241621613503 0.023836493492126465
vt 0.017211729660630226 0.023913562297821045
vt 0.017072254791855812 0.024710476398468018
vt 0.01681354083120823 0.025158226490020752
vt 0.01620304025709629 0.025008440017700195
vt 0.01627817191183567 0.024506866931915283
vt 0.01620304025709629 0.025008440017700195
vt 0.01557343639433384 0.02500241994857788
vt 0.015452736988663673 0.0245322585105896
vt 0.03413739427924156 0.028565049171447754
vt 0.0349903367459774 0.028188705444335938
vt 0.03517397865653038 0.029208779335021973
vt 0.0349903367459774 0.028188705444335938
vt 0.036082055419683456 0.027785003185272217
vt 0.03621366247534752 0.029184818267822266
vt 0.03629174456000328 0.03020709753036499
vt 0.03522440418601036 0.029973089694976807
vt 0.03517397865653038 0.029208779335021973
vt 0.03522440418601036 0.029973089694976807
vt 0.034558381885290146 0.029788494110107422
vt 0.03436383232474327 0.02932262420654297
vt 0.003913516644388437 0.0318831205368042
vt 0.004975075367838144 0.03193497657775879
vt 0.004967177752405405 0.032626450061798096
vt 0.004975075367838144 0.03193497657775879
vt 0.006187612656503916 0.031957387924194336
vt 0.005748356226831675 0.032862961292266846
vt 0.005498523358255625 0.03335350751876831
vt 0.004954541567713022 0.033197879791259766
vt 0.004967177752405405 0.032626450061798096
vt 0.004954541567713022 0.033197879791259766
vt 0.004332298878580332 0.03312563896179199
vt 0.004112536553293467 0.03265625238418579
vt 0.020716244354844093 0.034513652324676514
vt 0.021814072504639626 0.03421127796173096
vt 0.021659785881638527 0.035280704498291016
vt 0.021814072504639626 0.03421127796173096
vt 0.02316376008093357 0.03382152318954468
vt 0.022504830732941628 0.03528773784637451
vt 0.022207671776413918 0.036002159118652344
vt 0.021518820896744728 0.036212801933288574
vt 0.021659785881638527 0.035280704498291016
vt 0.021518820896744728 0.036212801933288574
vt 0.020924264565110207 0.03600412607192993
vt 0.020838463678956032 0.03547018766403198
vt 0.01261853612959385 0.040585875511169434
vt 0.013887429609894753 0.04096919298171997
vt 0.013953858986496925 0.042001545429229736
vt 0.013887429609894753 0.04096919298171997
vt 0.014816218987107277 0.04126012325286865
vt 0.014767462387681007 0.042147696018218994
vt 0.014618778601288795 0.04266172647476196
vt 0.014006311073899269 0.042869389057159424
vt 0.013953858986496925 0.042001545429229736
vt 0.014006311073899269 0.042869389057159424
vt 0.013395482674241066 0.042832374572753906
vt 0.013152772560715675 0.04211139678955078
vt 0.030182981863617897 0.01649552583694458
vt 0.03125711902976036 0.01654672622680664
vt 0.03128429874777794 0.017329633235931396
vt 0.03125711902976036 0.01654672622680664
vt 0.032318200916051865 0.016615629196166992
vt 0.03209170326590538 0.017391085624694824
vt 0.03193559870123863 0.017892181873321533
vt 0.031302716583013535 0.017893731594085693
vt 0.03128429874777794 0.017329633235931396
vt 0.031302716583013535 0.017893731594085693
vt 0.030665481463074684 0.017895817756652832
vt 0.03047635592520237 0.01736009120941162
vt 0.03650679811835289 0.030359208583831787
vt 0.037468280643224716 0.030949294567108154
vt 0.03739979490637779 0.03391975164413452
vt 0.037468280643224716 0.030949294567108154
vt 0.03818824514746666 0.03163725137710571
vt 0.03826489672064781 0.033805668354034424
vt 0.03844436630606651 0.03721410036087036
vt 0.0373547337949276 0.03696548938751221
vt 0.03739979490637779 0.03391975164413452
vt 0.0373547337949276 0.03696548938751221
vt 0.03672155365347862 0.036165833473205566
vt 0.03656771406531334 0.03393071889877319
vt 0.017918521538376808 0.020641028881072998
vt 0.01885511912405491 0.01983720064163208
vt 0.018702590838074684 0.02250683307647705
vt 0.01885511912405491 0.01983720064163208
vt 0.02027841843664646 0.019224882125854492
vt 0.01981263794004917 0.022226691246032715
vt 0.01928856410086155 0.024206340312957764
vt 0.018453324213624 0.025177597999572754
vt 0.018702590838074684 0.02250683307647705
vt 0.018453324213624 0.025177597999572754
vt 0.017274731770157814 0.026179850101470947
vt 0.017592037096619606 0.022784948348999023
vt 0.03668537363409996 0.01435476541519165
vt 0.03774389252066612 0.014475464820861816
vt 0.038034047931432724 0.017392277717590332
vt 0.03774389252066612 0.014475464820861816
vt 0.038613345474004745 0.014494657516479492
vt 0.03890928253531456 0.017533957958221436
vt 0.038549747318029404 0.01952362060546875
vt 0.037922170013189316 0.020011067390441895
vt 0.038034047931432724 0.017392277717590332
vt 0.037922170013189316 0.020011067390441895
vt 0.03733852133154869 0.01947706937789917
vt 0.03710123524069786 0.017391085624694824
vt 0.003913516644388437 0.038229286670684814
vt 0.005167181137949228 0.03824275732040405
vt 0.005546743515878916 0.04126906394958496
vt 0.005167181137949228 0.03824275732040405
vt 0.006425137165933847 0.038227975368499756
vt 0.006662482861429453 0.041433632373809814
vt 0.007095600012689829 0.04481148719787598
vt 0.005886251572519541 0.04392373561859131
vt 0.005546743515878916 0.04126906394958496
vt 0.005886251572519541 0.04392373561859131
vt 0.005016321782022715 0.04297822713851929
vt 0.005131299141794443 0.04101133346557617
vt 0.006364727858453989 0.027529537677764893
vt 0.007299626711755991 0.027519643306732178
vt 0.007182920817285776 0.030651211738586426
vt 0.007299626711755991 0.027519643306732178
vt 0.008183563128113747 0.027482032775878906
vt 0.008017951622605324 0.0304601788520813
vt 0.00786941684782505 0.03254050016403198
vt 0.007232631091028452 0.033496201038360596
vt 0.007182920817285776 0.030651211738586426
vt 0.007232631091028452 0.033496201038360596
vt 0.006140375975519419 0.03413897752761841
vt 0.006314034108072519 0.030738651752471924
vt 0.039375629276037216 0.012597441673278809
vt 0.04022642597556114 0.012541115283966064
vt 0.04030570015311241 0.015501916408538818
vt 0.04022642597556114 0.012541115283966064
vt 0.041315820068120956 0.012612342834472656
vt 0.04114743694663048 0.015889227390289307
vt 0.04101511463522911 0.017968416213989258
vt 0.040385689586400986 0.01830732822418213
vt 0.04030570015311241 0.015501916408538818
vt 0.040385689586400986 0.01830732822418213
vt 0.039718057960271835 0.01770716905593872
vt 0.03947075828909874 0.015611648559570312
vt 0.003913516644388437 0.01610887050628662
vt 0.004943306092172861 0.01796126365661621
vt 0.0048934766091406345 0.02049940824508667
vt 0.004943306092172861 0.01796126365661621
vt 0.005990887526422739 0.019144117832183838
vt 0.005925620440393686 0.021678447723388672
vt 0.00587734067812562 0.023647665977478027
vt 0.004841173533350229 0.022719144821166992
vt 0.0048934766091406345 0.02049940824508667
vt 0.004841173533350229 0.022719144821166992
vt 0.004185522440820932 0.021403074264526367
vt 0.004039908293634653 0.019353151321411133
vt 0.005990887526422739 0.019144117832183838
vt 0.00703131640329957 0.01957070827484131
vt 0.0069665261544287205 0.022088825702667236
vt 0.00703131640329957 0.01957070827484131
vt 0.008114660158753395 0.01878589391708374
vt 0.008022809401154518 0.02179563045501709
vt 0.00798010267317295 0.023813366889953613
vt 0.006923104170709848 0.023973524570465088
vt 0.0069665261544287205 0.022088825702667236
vt 0.006923104170709848 0.023973524570465088
vt 0.00587734067812562 0.023647665977478027
vt 0.005925620440393686 0.021678447723388672
vt 0.008114660158753395 0.01878589391708374
vt 0.0092292670160532 0.017763853073120117
vt 0.009095842018723488 0.020870506763458252
vt 0.0092292670160532 0.017763853073120117
vt 0.01011388935148716 0.016670703887939453
vt 0.009968185797333717 0.019955933094024658
vt 0.009742015972733498 0.02214658260345459
vt 0.009047234430909157 0.023282110691070557
vt 0.009095842018723488 0.020870506763458252
vt 0.009047234430909157 0.023282110691070557
vt 0.00798010267317295 0.023813366889953613
vt 0.008022809401154518 0.02179563045501709
vt 0.006291384343057871 0.013244450092315674
vt 0.007158870343118906 0.012868940830230713
vt 0.007098639849573374 0.016289591789245605
vt 0.007158870343118906 0.012868940830230713
vt 0.008274013176560402 0.012652456760406494
vt 0.007952982559800148 0.016314148902893066
vt 0.007728601340204477 0.018618762493133545
vt 0.007044012192636728 0.019428908824920654
vt 0.007098639849573374 0.016289591789245605
vt 0.007044012192636728 0.019428908824920654
vt 0.0063930400647223 0.01889890432357788
vt 0.006243074778467417 0.016614854335784912
vt 0.017176205292344093 0.03703022003173828
vt 0.017059797421097755 0.037847161293029785
vt 0.016406739130616188 0.03764146566390991
vt 0.017109030857682228 0.03623300790786743
vt 0.017176205292344093 0.03703022003173828
vt 0.01626252569258213 0.03702867031097412
vt 0.017176205292344093 0.03703022003173828
vt 0.017109030857682228 0.03623300790786743
vt 0.018212223425507545 0.03623008728027344
vt 0.017059797421097755 0.037847161293029785
vt 0.017176205292344093 0.03703022003173828
vt 0.01825069822371006 0.03704214096069336
vt 0.01926671899855137 0.03706854581832886
vt 0.019241297617554665 0.037925541400909424
vt 0.01815190352499485 0.03789597749710083
vt 0.019294822588562965 0.03624218702316284
vt 0.01926671899855137 0.03706854581832886
vt 0.01825069822371006 0.03704214096069336
vt 0.01926671899855137 0.03706854581832886
vt 0.019294822588562965 0.03624218702316284
vt 0.019955569878220558 0.03643423318862915
vt 0.019241297617554665 0.037925541400909424
vt 0.01926671899855137 0.03706854581832886
vt 0.020092183724045753 0.037108540534973145
vt 0.02967255748808384 0.006317317485809326
vt 0.02967255748808384 0.007580816745758057
vt 0.02872493304312229 0.007580816745758057
vt 0.02967255748808384 0.005053877830505371
vt 0.02967255748808384 0.006317317485809326
vt 0.02872493304312229 0.006317317485809326
vt 0.02967255748808384 0.006317317485809326
vt 0.02967255748808384 0.005053877830505371
vt 0.030936026945710182 0.005053877830505371
vt 0.02967255748808384 0.007580816745758057
vt 0.02967255748808384 0.006317317485809326
vt 0.030936026945710182 0.006317317485809326
vt 0.032199468463659286 0.006317317485809326
vt 0.032199468463659286 0.007580816745758057
vt 0.030936026945710182 0.007580816745758057
vt 0.032199468463659286 0.005053877830505371
vt 0.032199468463659286 0.006317317485809326
vt 0.030936026945710182 0.006317317485809326
vt 0.032199468463659286 0.006317317485809326
vt 0.032199468463659286 0.005053877830505371
vt 0.03346296772360802 0.005053877830505371
vt 0.032199468463659286 0.007580816745758057
vt 0.032199468463659286 0.006317317485809326
vt 0.03346296772360802 0.006317317485809326
vt 0.03472640737891197 0.006317317485809326
vt 0.03472640737891197 0.007580816745758057
vt 0.03346296772360802 0.007580816745758057
vt 0.03472640737891197 0.005053877830505371
vt 0.03472640737891197 0.006317317485809326
vt 0.03346296772360802 0.006317317485809326
vt 0.03472640737891197 0.006317317485809326
vt 0.03472640737891197 0.005053877830505371
vt 0.03598984703421593 0.005053877830505371
vt 0.03472640737891197 0.007580816745758057
vt 0.03472640737891197 0.006317317485809326
vt 0.03598984703421593 0.006317317485809326
vt 0.03725334629416466 0.006317317485809326
vt 0.03725334629416466 0.007580816745758057
vt 0.03598984703421593 0.007580816745758057
vt 0.03725334629416466 0.005053877830505371
vt 0.03725334629416466 0.006317317485809326
vt 0.03598984703421593 0.006317317485809326
vt 0.03725334629416466 0.006317317485809326
vt 0.03725334629416466 0.005053877830505371
vt 0.03851678594946861 0.005053877830505371
vt 0.03725334629416466 0.007580816745758057
vt 0.03725334629416466 0.006317317485809326
vt 0.03820094093680382 0.006317317485809326
vt 0.01464768685400486 0.03814554214477539
vt 0.015550339594483376 0.03766542673110962
vt 0.015737170353531837 0.03826111555099487
vt 0.013991648331284523 0.03840392827987671
vt 0.01464768685400486 0.03814554214477539
vt 0.015095675364136696 0.03876447677612305
vt 0.01464768685400486 0.03814554214477539
vt 0.013991648331284523 0.03840392827987671
vt 0.014021510258316994 0.037670910358428955
vt 0.015550339594483376 0.03766542673110962
vt 0.01464768685400486 0.03814554214477539
vt 0.014523917809128761 0.03747284412384033
vt 0.014631116762757301 0.034255921840667725
vt 0.015584850683808327 0.033907532691955566
vt 0.01584496535360813 0.035057246685028076
vt 0.013823235407471657 0.034165918827056885
vt 0.014631116762757301 0.034255921840667725
vt 0.01466294564306736 0.03524351119995117
vt 0.014631116762757301 0.034255921840667725
vt 0.013823235407471657 0.034165918827056885
vt 0.013999337330460548 0.03346753120422363
vt 0.015584850683808327 0.033907532691955566
vt 0.014631116762757301 0.034255921840667725
vt 0.014615768566727638 0.03331679105758667
vt 0.03946670517325401 0.02296316623687744
vt 0.03861483559012413 0.023143231868743896
vt 0.038328733295202255 0.021950840950012207
vt 0.04037376865744591 0.023113369941711426
vt 0.03946670517325401 0.02296316623687744
vt 0.039444711059331894 0.021944165229797363
vt 0.03946670517325401 0.02296316623687744
vt 0.04037376865744591 0.023113369941711426
vt 0.04016241058707237 0.023885011672973633
vt 0.03861483559012413 0.023143231868743896
vt 0.03946670517325401 0.02296316623687744
vt 0.03950658068060875 0.023722589015960693
vt 0.03111734427511692 0.04224926233291626
vt 0.030937278643250465 0.04307585954666138
vt 0.030159765854477882 0.04289728403091431
vt 0.031306710094213486 0.04141145944595337
vt 0.03111734427511692 0.04224926233291626
vt 0.030030453577637672 0.04229229688644409
vt 0.03111734427511692 0.04224926233291626
vt 0.031306710094213486 0.04141145944595337
vt 0.03224083408713341 0.041291117668151855
vt 0.030937278643250465 0.04307585954666138
vt 0.03111734427511692 0.04224926233291626
vt 0.03191622719168663 0.04236257076263428
vt 0.02967255748808384 0.008844256401062012
vt 0.02967255748808384 0.009791851043701172
vt 0.02897062338888645 0.009546160697937012
vt 0.02967255748808384 0.007580816745758057
vt 0.02967255748808384 0.008844256401062012
vt 0.02872493304312229 0.008844256401062012
vt 0.02967255748808384 0.008844256401062012
vt 0.02967255748808384 0.007580816745758057
vt 0.030936026945710182 0.007580816745758057
vt 0.02967255748808384 0.009791851043701172
vt 0.02967255748808384 0.008844256401062012
vt 0.030936026945710182 0.008844256401062012
vt 0.032199468463659286 0.008844256401062012
vt 0.032199468463659286 0.009791851043701172
vt 0.030936026945710182 0.009791851043701172
vt 0.032199468463659286 0.007580816745758057
vt 0.032199468463659286 0.008844256401062012
vt 0.030936026945710182 0.008844256401062012
vt 0.032199468463659286 0.008844256401062012
vt 0.032199468463659286 0.007580816745758057
vt 0.03346296772360802 0.007580816745758057
vt 0.032199468463659286 0.009791851043701172
vt 0.032199468463659286 0.008844256401062012
vt 0.03346296772360802 0.008844256401062012
vt 0.03472640737891197 0.008844256401062012
vt 0.03472640737891197 0.009791851043701172
vt 0.03346296772360802 0.009791851043701172
vt 0.03472640737891197 0.007580816745758057
vt 0.03472640737891197 0.008844256401062012
vt 0.03346296772360802 0.008844256401062012
vt 0.03472640737891197 0.008844256401062012
vt 0.03472640737891197 0.007580816745758057
vt 0.03598984703421593 0.007580816745758057
vt 0.03472640737891197 0.009791851043701172
vt 0.03472640737891197 0.008844256401062012
vt 0.03598984703421593 0.008844256401062012
vt 0.03725334629416466 0.008844256401062012
vt 0.03725334629416466 0.009791851043701172
vt 0.03598984703421593 0.009791851043701172
vt 0.03725334629416466 0.007580816745758057
vt 0.03725334629416466 0.008844256401062012
vt 0.03598984703421593 0.008844256401062012
vt 0.03725334629416466 0.008844256401062012
vt 0.03725334629416466 0.007580816745758057
vt 0.03820094093680382 0.007580816745758057
vt 0.03725334629416466 0.009791851043701172
vt 0.03725334629416466 0.008844256401062012
vt 0.03820094093680382 0.008844256401062012
vt 0.032016243785619736 0.026597797870635986
vt 0.03197362646460533 0.025663435459136963
vt 0.03268780931830406 0.02556169033050537
vt 0.03211250528693199 0.027502238750457764
vt 0.032016243785619736 0.026597797870635986
vt 0.03289088234305382 0.026253938674926758
vt 0.032016243785619736 0.026597797870635986
vt 0.03211250528693199 0.027502238750457764
vt 0.030868256464600563 0.027469933032989502
vt 0.03197362646460533 0.025663435459136963
vt 0.032016243785619736 0.026597797870635986
vt 0.030873382464051247 0.02657526731491089
vt 0.02955424226820469 0.026369869709014893
vt 0.029636556282639503 0.02545928955078125
vt 0.030879640951752663 0.02564007043838501
vt 0.029488736763596535 0.0272865891456604
vt 0.02955424226820469 0.026369869709014893
vt 0.030873382464051247 0.02657526731491089
vt 0.02955424226820469 0.026369869709014893
vt 0.029488736763596535 0.0272865891456604
vt 0.028206640854477882 0.02700650691986084
vt 0.029636556282639503 0.02545928955078125
vt 0.02955424226820469 0.026369869709014893
vt 0.028455549851059914 0.025912463665008545
vt 0.026794010773301125 0.02433645725250244
vt 0.026621991768479347 0.025172650814056396
vt 0.02572762407362461 0.025089561939239502
vt 0.026420289650559425 0.023571908473968506
vt 0.026794010773301125 0.02433645725250244
vt 0.025592321529984474 0.02448856830596924
vt 0.026794010773301125 0.02433645725250244
vt 0.026420289650559425 0.023571908473968506
vt 0.02788611687719822 0.02319347858428955
vt 0.026621991768479347 0.025172650814056396
vt 0.026794010773301125 0.02433645725250244
vt 0.027932072058320045 0.02421623468399048
vt 0.028841430321335793 0.024180591106414795
vt 0.0285696629434824 0.025124073028564453
vt 0.027747178450226784 0.025102198123931885
vt 0.029019737616181374 0.023322999477386475
vt 0.028841430321335793 0.024180591106414795
vt 0.027932072058320045 0.02421623468399048
vt 0.028841430321335793 0.024180591106414795
vt 0.029019737616181374 0.023322999477386475
vt 0.030150407925248146 0.0230712890625
vt 0.0285696629434824 0.025124073028564453
vt 0.028841430321335793 0.024180591106414795
vt 0.0298421923071146 0.024174034595489502
vt 0.031085753813385963 0.024103403091430664
vt 0.031025374308228493 0.02512747049331665
vt 0.029449665918946266 0.02526170015335083
vt 0.031308021396398544 0.023145735263824463
vt 0.031085753813385963 0.024103403091430664
vt 0.0298421923071146 0.024174034595489502
vt 0.031085753813385963 0.024103403091430664
vt 0.031308021396398544 0.023145735263824463
vt 0.03248497471213341 0.023368537425994873
vt 0.031025374308228493 0.02512747049331665
vt 0.031085753813385963 0.024103403091430664
vt 0.03219350799918175 0.024476230144500732
vt 0.019237929955124855 0.0433502197265625
vt 0.020144546404480934 0.04335552453994751
vt 0.02008121646940708 0.044197916984558105
vt 0.017917418852448463 0.04314929246902466
vt 0.019237929955124855 0.0433502197265625
vt 0.01883610524237156 0.04413849115371704
vt 0.019237929955124855 0.0433502197265625
vt 0.017917418852448463 0.04314929246902466
vt 0.017517024651169777 0.04211646318435669
vt 0.020144546404480934 0.04335552453994751
vt 0.019237929955124855 0.0433502197265625
vt 0.018623704090714455 0.04216563701629639
vt 0.02653401531279087 0.04182326793670654
vt 0.026436978951096535 0.04301762580871582
vt 0.025221729651093483 0.04325300455093384
vt 0.02635415829718113 0.04088622331619263
vt 0.02653401531279087 0.04182326793670654
vt 0.025146538391709328 0.04225730895996094
vt 0.02653401531279087 0.04182326793670654
vt 0.02635415829718113 0.04088622331619263
vt 0.027235472574830055 0.04091233015060425
vt 0.026436978951096535 0.04301762580871582
vt 0.02653401531279087 0.04182326793670654
vt 0.027609044685959816 0.041723787784576416
vt 0.01988714374601841 0.006309568881988525
vt 0.021024102345108986 0.006503462791442871
vt 0.021057123318314552 0.007248818874359131
vt 0.018812591210007668 0.005920827388763428
vt 0.01988714374601841 0.006309568881988525
vt 0.01993083395063877 0.007147431373596191
vt 0.01988714374601841 0.006309568881988525
vt 0.018812591210007668 0.005920827388763428
vt 0.019028717651963234 0.005301773548126221
vt 0.021024102345108986 0.006503462791442871
vt 0.01988714374601841 0.006309568881988525
vt 0.019872749224305153 0.005396842956542969
vt 0.0234274510294199 0.011004149913787842
vt 0.0234274510294199 0.012298285961151123
vt 0.022456878796219826 0.012298285961151123
vt 0.0234274510294199 0.010033607482910156
vt 0.0234274510294199 0.011004149913787842
vt 0.022456878796219826 0.011004149913787842
vt 0.0234274510294199 0.011004149913787842
vt 0.0234274510294199 0.010033607482910156
vt 0.024721557274460793 0.010033607482910156
vt 0.0234274510294199 0.012298285961151123
vt 0.0234274510294199 0.011004149913787842
vt 0.024721557274460793 0.011004149913787842
vt 0.026015663519501686 0.011004149913787842
vt 0.026015663519501686 0.012298285961151123
vt 0.024721557274460793 0.012298285961151123
vt 0.026015663519501686 0.010033607482910156
vt 0.026015663519501686 0.011004149913787842
vt 0.024721557274460793 0.011004149913787842
vt 0.026015663519501686 0.011004149913787842
vt 0.026015663519501686 0.010033607482910156
vt 0.027309710159897804 0.009710073471069336
vt 0.026015663519501686 0.012298285961151123
vt 0.026015663519501686 0.011004149913787842
vt 0.027309710159897804 0.011004149913787842
vt 0.027997398748993874 0.0216485857963562
vt 0.0295045617967844 0.02134186029434204
vt 0.029302263632416725 0.022877156734466553
vt 0.026962602511048317 0.02166658639907837
vt 0.027997398748993874 0.0216485857963562
vt 0.028037959709763527 0.02290487289428711
vt 0.027997398748993874 0.0216485857963562
vt 0.026962602511048317 0.02166658639907837
vt 0.026939833536744118 0.02045053243637085
vt 0.0295045617967844 0.02134186029434204
vt 0.027997398748993874 0.0216485857963562
vt 0.027958983555436134 0.020501554012298584
vt 0.02804204262793064 0.019423961639404297
vt 0.029295766726136208 0.019556939601898193
vt 0.029424721375107765 0.020406901836395264
vt 0.027051055803894997 0.01928889751434326
vt 0.02804204262793064 0.019423961639404297
vt 0.027958983555436134 0.020501554012298584
vt 0.02804204262793064 0.019423961639404297
vt 0.027051055803894997 0.01928889751434326
vt 0.027176523581147194 0.018558025360107422
vt 0.029295766726136208 0.019556939601898193
vt 0.02804204262793064 0.019423961639404297
vt 0.028049105778336525 0.018557965755462646
vt 0.028384530916810036 0.03344923257827759
vt 0.027287477627396584 0.03331476449966431
vt 0.02693348564207554 0.03170102834701538
vt 0.02913602627813816 0.032778263092041016
vt 0.028384530916810036 0.03344923257827759
vt 0.028195971623063087 0.03144359588623047
vt 0.028384530916810036 0.03344923257827759
vt 0.02913602627813816 0.032778263092041016
vt 0.029653752222657204 0.034823834896087646
vt 0.027287477627396584 0.03331476449966431
vt 0.028384530916810036 0.03344923257827759
vt 0.02864542044699192 0.03567296266555786
vt 0.021121138706803322 0.04329335689544678
vt 0.022088104858994484 0.043124377727508545
vt 0.022388869896531105 0.043894052505493164
vt 0.020144546404480934 0.04335552453994751
vt 0.021121138706803322 0.04329335689544678
vt 0.021233821287751198 0.044120728969573975
vt 0.021121138706803322 0.04329335689544678
vt 0.020144546404480934 0.04335552453994751
vt 0.019784176722168922 0.041783154010772705
vt 0.022088104858994484 0.043124377727508545
vt 0.021121138706803322 0.04329335689544678
vt 0.02102276124060154 0.04207795858383179
vt 0.020938629284501076 0.04081052541732788
vt 0.021853351965546608 0.0400158166885376
vt 0.022239023819565773 0.041571855545043945
vt 0.019930178299546242 0.04013979434967041
vt 0.020938629284501076 0.04081052541732788
vt 0.02102276124060154 0.04207795858383179
vt 0.020938629284501076 0.04081052541732788
vt 0.019930178299546242 0.04013979434967041
vt 0.02005022205412388 0.038756489753723145
vt 0.021853351965546608 0.0400158166885376
vt 0.020938629284501076 0.04081052541732788
vt 0.02082749642431736 0.03908073902130127
vt 0.022090965881943703 0.006539463996887207
vt 0.023145372048020363 0.00639265775680542
vt 0.023265177384018898 0.007380545139312744
vt 0.021024102345108986 0.006503462791442871
vt 0.022090965881943703 0.006539463996887207
vt 0.02212321199476719 0.0072522759437561035
vt 0.022090965881943703 0.006539463996887207
vt 0.021024102345108986 0.006503462791442871
vt 0.02098759450018406 0.005566120147705078
vt 0.023145372048020363 0.00639265775680542
vt 0.022090965881943703 0.006539463996887207
vt 0.022052699699997902 0.00559312105178833
vt 0.0234274510294199 0.013592362403869629
vt 0.0234274510294199 0.01488649845123291
vt 0.022456878796219826 0.01488649845123291
vt 0.0234274510294199 0.012298285961151123
vt 0.0234274510294199 0.013592362403869629
vt 0.022456878796219826 0.013592362403869629
vt 0.0234274510294199 0.013592362403869629
vt 0.0234274510294199 0.012298285961151123
vt 0.024721557274460793 0.012298285961151123
vt 0.0234274510294199 0.01488649845123291
vt 0.0234274510294199 0.013592362403869629
vt 0.024721557274460793 0.013592362403869629
vt 0.026015663519501686 0.013592362403869629
vt 0.026015663519501686 0.01488649845123291
vt 0.024721557274460793 0.01488649845123291
vt 0.026015663519501686 0.012298285961151123
vt 0.026015663519501686 0.013592362403869629
vt 0.024721557274460793 0.013592362403869629
vt 0.026015663519501686 0.013592362403869629
vt 0.026015663519501686 0.012298285961151123
vt 0.027309710159897804 0.012298285961151123
vt 0.026015663519501686 0.01488649845123291
vt 0.026015663519501686 0.013592362403869629
vt 0.027309710159897804 0.013592362403869629
vt 0.030478740110993385 0.02133190631866455
vt 0.03173932060599327 0.021985948085784912
vt 0.031698670238256454 0.02308577299118042
vt 0.0295045617967844 0.02134186029434204
vt 0.030478740110993385 0.02133190631866455
vt 0.030483627691864967 0.02292776107788086
vt 0.030478740110993385 0.02133190631866455
vt 0.0295045617967844 0.02134186029434204
vt 0.029424721375107765 0.020406901836395264
vt 0.03173932060599327 0.021985948085784912
vt 0.030478740110993385 0.02133190631866455
vt 0.030607188120484352 0.020080864429473877
vt 0.030515754595398903 0.019235432147979736
vt 0.03158041462302208 0.019189894199371338
vt 0.03163006529211998 0.02062833309173584
vt 0.029295766726136208 0.019556939601898193
vt 0.030515754595398903 0.019235432147979736
vt 0.030607188120484352 0.020080864429473877
vt 0.030515754595398903 0.019235432147979736
vt 0.029295766726136208 0.019556939601898193
vt 0.029228204861283302 0.018703937530517578
vt 0.03158041462302208 0.019189894199371338
vt 0.030515754595398903 0.019235432147979736
vt 0.030352318659424782 0.018338918685913086
vt 0.026018137112259865 0.03282666206359863
vt 0.024764442816376686 0.03210872411727905
vt 0.024951541796326637 0.03137141466140747
vt 0.027287477627396584 0.03331476449966431
vt 0.026018137112259865 0.03282666206359863
vt 0.025712722912430763 0.03142446279525757
vt 0.026018137112259865 0.03282666206359863
vt 0.027287477627396584 0.03331476449966431
vt 0.027569347992539406 0.03540915250778198
vt 0.024764442816376686 0.03210872411727905
vt 0.026018137112259865 0.03282666206359863
vt 0.0262888316065073 0.03454184532165527
vt 0.023140007629990578 0.042824387550354004
vt 0.024673664942383766 0.04220747947692871
vt 0.025134975090622902 0.0427858829498291
vt 0.022088104858994484 0.043124377727508545
vt 0.023140007629990578 0.042824387550354004
vt 0.023757660761475563 0.043478965759277344
vt 0.023140007629990578 0.042824387550354004
vt 0.022088104858994484 0.043124377727508545
vt 0.022239023819565773 0.041571855545043945
vt 0.024673664942383766 0.04220747947692871
vt 0.023140007629990578 0.042824387550354004
vt 0.023605341091752052 0.04154425859451294
vt 0.024946117773652077 0.008112072944641113
vt 0.0262067262083292 0.007934808731079102
vt 0.026581788435578346 0.009164273738861084
vt 0.023770475760102272 0.00837928056716919
vt 0.024946117773652077 0.008112072944641113
vt 0.024999702349305153 0.009146690368652344
vt 0.024946117773652077 0.008112072944641113
vt 0.023770475760102272 0.00837928056716919
vt 0.023265177384018898 0.007380545139312744
vt 0.0262067262083292 0.007934808731079102
vt 0.024946117773652077 0.008112072944641113
vt 0.024602318182587624 0.007058084011077881
vt 0.02427091635763645 0.0060613155364990234
vt 0.025373363867402077 0.0056414008140563965
vt 0.025893235579133034 0.006621718406677246
vt 0.023145372048020363 0.00639265775680542
vt 0.02427091635763645 0.0060613155364990234
vt 0.024602318182587624 0.007058084011077881
vt 0.02427091635763645 0.0060613155364990234
vt 0.023145372048020363 0.00639265775680542
vt 0.023115450516343117 0.005462944507598877
vt 0.025373363867402077 0.0056414008140563965
vt 0.02427091635763645 0.0060613155364990234
vt 0.024248147383332253 0.005178272724151611
vt 0.0234274510294199 0.016180574893951416
vt 0.0234274510294199 0.017151176929473877
vt 0.022133344784379005 0.017474651336669922
vt 0.0234274510294199 0.01488649845123291
vt 0.0234274510294199 0.016180574893951416
vt 0.022456878796219826 0.016180574893951416
vt 0.0234274510294199 0.016180574893951416
vt 0.0234274510294199 0.01488649845123291
vt 0.024721557274460793 0.01488649845123291
vt 0.0234274510294199 0.017151176929473877
vt 0.0234274510294199 0.016180574893951416
vt 0.024721557274460793 0.016180574893951416
vt 0.026015663519501686 0.016180574893951416
vt 0.026015663519501686 0.017151176929473877
vt 0.024721557274460793 0.017151176929473877
vt 0.026015663519501686 0.01488649845123291
vt 0.026015663519501686 0.016180574893951416
vt 0.024721557274460793 0.016180574893951416
vt 0.026015663519501686 0.016180574893951416
vt 0.026015663519501686 0.01488649845123291
vt 0.027309710159897804 0.01488649845123291
vt 0.026015663519501686 0.017151176929473877
vt 0.026015663519501686 0.016180574893951416
vt 0.027309710159897804 0.016180574893951416
vt 0.03277715668082237 0.021923959255218506
vt 0.033767011016607285 0.0218009352684021
vt 0.03404947742819786 0.023034870624542236
vt 0.03173932060599327 0.021985948085784912
vt 0.03277715668082237 0.021923959255218506
vt 0.03288557752966881 0.02302682399749756
vt 0.03277715668082237 0.021923959255218506
vt 0.03173932060599327 0.021985948085784912
vt 0.03163006529211998 0.02062833309173584
vt 0.033767011016607285 0.0218009352684021
vt 0.03277715668082237 0.021923959255218506
vt 0.03251233324408531 0.020624518394470215
vt 0.0326705239713192 0.019224941730499268
vt 0.03368654474616051 0.01938563585281372
vt 0.03345617279410362 0.02059483528137207
vt 0.03158041462302208 0.019189894199371338
vt 0.0326705239713192 0.019224941730499268
vt 0.03251233324408531 0.020624518394470215
vt 0.0326705239713192 0.019224941730499268
vt 0.03158041462302208 0.019189894199371338
vt 0.0315563939511776 0.018010199069976807
vt 0.03368654474616051 0.01938563585281372
vt 0.0326705239713192 0.019224941730499268
vt 0.032758619636297226 0.01809382438659668
vt 0.030510390177369118 0.03695935010910034
vt 0.03048011101782322 0.037907540798187256
vt 0.02942129410803318 0.03787374496459961
vt 0.03053983487188816 0.036070048809051514
vt 0.030510390177369118 0.03695935010910034
vt 0.02945157326757908 0.03692495822906494
vt 0.030510390177369118 0.03695935010910034
vt 0.03053983487188816 0.036070048809051514
vt 0.03159930929541588 0.03614974021911621
vt 0.03048011101782322 0.037907540798187256
vt 0.030510390177369118 0.03695935010910034
vt 0.031566884368658066 0.036993324756622314
vt 0.03258242830634117 0.03700530529022217
vt 0.032653894275426865 0.0380244255065918
vt 0.031572069972753525 0.03810042142868042
vt 0.03265878185629845 0.036206960678100586
vt 0.03258242830634117 0.03700530529022217
vt 0.031566884368658066 0.036993324756622314
vt 0.03258242830634117 0.03700530529022217
vt 0.03265878185629845 0.036206960678100586
vt 0.03341224417090416 0.03629261255264282
vt 0.032653894275426865 0.0380244255065918
vt 0.03258242830634117 0.03700530529022217
vt 0.033445920795202255 0.036973536014556885
vt 0.02717527188360691 0.007636845111846924
vt 0.027965718880295753 0.007293343544006348
vt 0.028192276135087013 0.007848978042602539
vt 0.0262067262083292 0.007934808731079102
vt 0.02717527188360691 0.007636845111846924
vt 0.02761104144155979 0.008298516273498535
vt 0.02717527188360691 0.007636845111846924
vt 0.0262067262083292 0.007934808731079102
vt 0.025893235579133034 0.006621718406677246
vt 0.027965718880295753 0.007293343544006348
vt 0.02717527188360691 0.007636845111846924
vt 0.02702229656279087 0.006663382053375244
vt 0.03313085064291954 0.04225081205368042
vt 0.03314390406012535 0.04327750205993652
vt 0.03205301985144615 0.043288350105285645
vt 0.03317871317267418 0.04141730070114136
vt 0.03313085064291954 0.04225081205368042
vt 0.03230258449912071 0.04221266508102417
vt 0.03313085064291954 0.04225081205368042
vt 0.03317871317267418 0.04141730070114136
vt 0.03425272926688194 0.04108870029449463
vt 0.03314390406012535 0.04327750205993652
vt 0.03313085064291954 0.04225081205368042
vt 0.034049179404973984 0.04219985008239746
vt 0.00501185143366456 0.031060218811035156
vt 0.004975075367838144 0.03193497657775879
vt 0.003913516644388437 0.0318831205368042
vt 0.005045468453317881 0.030306220054626465
vt 0.00501185143366456 0.031060218811035156
vt 0.004185969475656748 0.030849218368530273
vt 0.00501185143366456 0.031060218811035156
vt 0.005045468453317881 0.030306220054626465
vt 0.005675131920725107 0.0302543044090271
vt 0.004975075367838144 0.03193497657775879
vt 0.00501185143366456 0.031060218811035156
vt 0.005850548390299082 0.03092437982559204
vt 0.03578254207968712 0.01976311206817627
vt 0.036163534969091415 0.020558595657348633
vt 0.03532668575644493 0.020784318447113037
vt 0.03536989912390709 0.01892232894897461
vt 0.03578254207968712 0.01976311206817627
vt 0.03485002741217613 0.02023369073867798
vt 0.03578254207968712 0.01976311206817627
vt 0.03536989912390709 0.01892232894897461
vt 0.03611626848578453 0.01862049102783203
vt 0.036163534969091415 0.020558595657348633
vt 0.03578254207968712 0.01976311206817627
vt 0.036669399589300156 0.01922023296356201
vt 0.025167012587189674 0.02209240198135376
vt 0.025219732895493507 0.020975470542907715
vt 0.0260253194719553 0.02090388536453247
vt 0.025437766686081886 0.022835850715637207
vt 0.025167012587189674 0.02209240198135376
vt 0.0261304322630167 0.021786510944366455
vt 0.025167012587189674 0.02209240198135376
vt 0.025437766686081886 0.022835850715637207
vt 0.02435355819761753 0.023260831832885742
vt 0.025219732895493507 0.020975470542907715
vt 0.025167012587189674 0.02209240198135376
vt 0.02435615099966526 0.022338926792144775
vt 0.025793815031647682 0.0364493727684021
vt 0.026810044422745705 0.03645402193069458
vt 0.02688782848417759 0.03729730844497681
vt 0.02496754564344883 0.03646141290664673
vt 0.025793815031647682 0.0364493727684021
vt 0.025796884670853615 0.037300050258636475
vt 0.025793815031647682 0.0364493727684021
vt 0.02496754564344883 0.03646141290664673
vt 0.02512749470770359 0.03579151630401611
vt 0.026810044422745705 0.03645402193069458
vt 0.025793815031647682 0.0364493727684021
vt 0.02579524554312229 0.03562271595001221
vt 0.02885025180876255 0.03903919458389282
vt 0.02759929932653904 0.03919994831085205
vt 0.027630919590592384 0.03813987970352173
vt 0.02965288795530796 0.03916192054748535
vt 0.02885025180876255 0.03903919458389282
vt 0.02911197580397129 0.038137853145599365
vt 0.02885025180876255 0.03903919458389282
vt 0.02965288795530796 0.03916192054748535
vt 0.029241317883133888 0.03985494375228882
vt 0.02759929932653904 0.03919994831085205
vt 0.02885025180876255 0.03903919458389282
vt 0.028629863634705544 0.039901554584503174
vt 0.016237014904618263 0.04300189018249512
vt 0.016130799427628517 0.04188328981399536
vt 0.017252111807465553 0.04184967279434204
vt 0.01633858121931553 0.044084370136260986
vt 0.016237014904618263 0.04300189018249512
vt 0.017019445076584816 0.042913854122161865
vt 0.016237014904618263 0.04300189018249512
vt 0.01633858121931553 0.044084370136260986
vt 0.015280568972229958 0.044132232666015625
vt 0.01974775828421116 0.029199719429016113
vt 0.019606107845902443 0.027998149394989014
vt 0.020769739523530006 0.02758002281188965
vt 0.02222898043692112 0.027322590351104736
vt 0.022194737568497658 0.02914220094680786
vt 0.021457070484757423 0.02912318706512451
vt 0.01421707309782505 0.04395747184753418
vt 0.014180535450577736 0.043181657791137695
vt 0.015162492170929909 0.0430719256401062
vt 0.014180535450577736 0.043181657791137695
vt 0.01421707309782505 0.04395747184753418
vt 0.013180667534470558 0.04424089193344116
vt 0.022194737568497658 0.02914220094680786
vt 0.02222898043692112 0.027322590351104736
vt 0.023661846294999123 0.027647078037261963
vt 0.024811172857880592 0.028040587902069092
vt 0.024720454588532448 0.029240548610687256
vt 0.02294068969786167 0.029215991497039795
vt 0.012122178450226784 0.0442812442779541
vt 0.012116337195038795 0.04318845272064209
vt 0.013206744566559792 0.043159425258636475
vt 0.012116337195038795 0.04318845272064209
vt 0.012122178450226784 0.0442812442779541
vt 0.011240387335419655 0.04417836666107178
vt 0.012118363752961159 0.0420682430267334
vt 0.012116337195038795 0.04318845272064209
vt 0.01129826344549656 0.04314291477203369
vt 0.004861528519541025 0.03387266397476196
vt 0.004619682673364878 0.03463226556777954
vt 0.004027123097330332 0.034306228160858154
vt 0.004954541567713022 0.033197879791259766
vt 0.004861528519541025 0.03387266397476196
vt 0.004026258829981089 0.03367269039154053
vt 0.004861528519541025 0.03387266397476196
vt 0.004954541567713022 0.033197879791259766
vt 0.005498523358255625 0.03335350751876831
vt 0.004619682673364878 0.03463226556777954
vt 0.004861528519541025 0.03387266397476196
vt 0.005604083184152842 0.03400468826293945
vt 0.021702969446778297 0.033307671546936035
vt 0.022664422169327736 0.032799482345581055
vt 0.02316376008093357 0.03382152318954468
vt 0.02091052569448948 0.033393681049346924
vt 0.021702969446778297 0.033307671546936035
vt 0.021814072504639626 0.03421127796173096
vt 0.021702969446778297 0.033307671546936035
vt 0.02091052569448948 0.033393681049346924
vt 0.020995700731873512 0.032585859298706055
vt 0.022664422169327736 0.032799482345581055
vt 0.021702969446778297 0.033307671546936035
vt 0.021527672186493874 0.03235983848571777
vt 0.03479727730154991 0.02440589666366577
vt 0.03377064689993858 0.0241280198097229
vt 0.034317102283239365 0.02320963144302368
vt 0.035860683768987656 0.024741828441619873
vt 0.03479727730154991 0.02440589666366577
vt 0.035138990730047226 0.0230712890625
vt 0.03479727730154991 0.02440589666366577
vt 0.035860683768987656 0.024741828441619873
vt 0.035359468311071396 0.02571350336074829
vt 0.03377064689993858 0.0241280198097229
vt 0.03479727730154991 0.02440589666366577
vt 0.034453775733709335 0.02580392360687256
vt 0.02790629304945469 0.03647434711456299
vt 0.028843605890870094 0.036498188972473145
vt 0.028670841827988625 0.037100017070770264
vt 0.026810044422745705 0.03645402193069458
vt 0.02790629304945469 0.03647434711456299
vt 0.027997756376862526 0.03728765249252319
vt 0.02790629304945469 0.03647434711456299
vt 0.026810044422745705 0.03645402193069458
vt 0.02687966264784336 0.035646021366119385
vt 0.028843605890870094 0.036498188972473145
vt 0.02790629304945469 0.03647434711456299
vt 0.027998769655823708 0.03568023443222046
vt 0.01831909455358982 0.040783703327178955
vt 0.01839047111570835 0.03975403308868408
vt 0.01944386400282383 0.039739906787872314
vt 0.018315518274903297 0.04161179065704346
vt 0.01831909455358982 0.040783703327178955
vt 0.01919465698301792 0.04079604148864746
vt 0.01831909455358982 0.040783703327178955
vt 0.018315518274903297 0.04161179065704346
vt 0.017252111807465553 0.04184967279434204
vt 0.01839047111570835 0.03975403308868408
vt 0.01831909455358982 0.040783703327178955
vt 0.01728215254843235 0.04077190160751343
vt 0.01618402637541294 0.04078114032745361
vt 0.016266876831650734 0.03967159986495972
vt 0.01732327975332737 0.03970742225646973
vt 0.016130799427628517 0.04188328981399536
vt 0.01618402637541294 0.04078114032745361
vt 0.01728215254843235 0.04077190160751343
vt 0.019683891907334328 0.030491769313812256
vt 0.01974775828421116 0.029199719429016113
vt 0.021457070484757423 0.02912318706512451
vt 0.019501591101288795 0.03168290853500366
vt 0.019683891907334328 0.030491769313812256
vt 0.02076401747763157 0.030692577362060547
vt 0.021848434582352638 0.03090202808380127
vt 0.021877074614167213 0.03215128183364868
vt 0.020603740587830544 0.031943678855895996
vt 0.022194737568497658 0.02914220094680786
vt 0.021848434582352638 0.03090202808380127
vt 0.02076401747763157 0.030692577362060547
vt 0.021848434582352638 0.03090202808380127
vt 0.022194737568497658 0.02914220094680786
vt 0.02294068969786167 0.029215991497039795
vt 0.021877074614167213 0.03215128183364868
vt 0.021848434582352638 0.03090202808380127
vt 0.02300884760916233 0.03010016679763794
vt 0.024585986509919167 0.030706346035003662
vt 0.024355703964829445 0.03191250562667847
vt 0.02322014607489109 0.032067716121673584
vt 0.024720454588532448 0.029240548610687256
vt 0.024585986509919167 0.030706346035003662
vt 0.02300884760916233 0.03010016679763794
vt 0.012124473229050636 0.04093879461288452
vt 0.012118363752961159 0.0420682430267334
vt 0.0113063994795084 0.04207348823547363
vt 0.012096220627427101 0.03975790739059448
vt 0.012124473229050636 0.04093879461288452
vt 0.011253351345658302 0.04095953702926636
vt 0.013959014788269997 0.039931535720825195
vt 0.014064693823456764 0.038912296295166016
vt 0.014614099636673927 0.03908884525299072
vt 0.013887429609894753 0.04096919298171997
vt 0.013959014788269997 0.039931535720825195
vt 0.014737540856003761 0.03992342948913574
vt 0.013959014788269997 0.039931535720825195
vt 0.013887429609894753 0.04096919298171997
vt 0.01261853612959385 0.040585875511169434
vt 0.014064693823456764 0.038912296295166016
vt 0.013959014788269997 0.039931535720825195
vt 0.013128632679581642 0.039534568786621094
vt 0.032775189727544785 0.039786458015441895
vt 0.032775189727544785 0.04091346263885498
vt 0.03164812549948692 0.04091346263885498
vt 0.032775189727544785 0.038941144943237305
vt 0.032775189727544785 0.039786458015441895
vt 0.03192993625998497 0.039786458015441895
vt 0.032775189727544785 0.039786458015441895
vt 0.032775189727544785 0.038941144943237305
vt 0.03390219435095787 0.03865939378738403
vt 0.032775189727544785 0.04091346263885498
vt 0.032775189727544785 0.039786458015441895
vt 0.03390219435095787 0.039786458015441895
vt 0.04200872406363487 0.022980093955993652
vt 0.04117497429251671 0.02294456958770752
vt 0.04104342684149742 0.02084439992904663
vt 0.042842473834753036 0.023015618324279785
vt 0.04200872406363487 0.022980093955993652
vt 0.042096879333257675 0.020911037921905518
vt 0.04200872406363487 0.022980093955993652
vt 0.042842473834753036 0.023015618324279785
vt 0.042759861797094345 0.024953067302703857
vt 0.04117497429251671 0.02294456958770752
vt 0.04200872406363487 0.022980093955993652
vt 0.04192599281668663 0.024917304515838623
vt 0.007805431727319956 0.03732192516326904
vt 0.006963843945413828 0.03731060028076172
vt 0.0070053585804998875 0.03521782159805298
vt 0.00886266864836216 0.037337660789489746
vt 0.007805431727319956 0.03732192516326904
vt 0.007848674431443214 0.03523457050323486
vt 0.007805431727319956 0.03732192516326904
vt 0.00886266864836216 0.037337660789489746
vt 0.008827799931168556 0.0392611026763916
vt 0.006963843945413828 0.03731060028076172
vt 0.007805431727319956 0.03732192516326904
vt 0.0077925571240484715 0.039267659187316895
vt 0.010026359930634499 0.037400007247924805
vt 0.00886266864836216 0.037337660789489746
vt 0.008916432037949562 0.03525763750076294
vt 0.010858321562409401 0.03735923767089844
vt 0.010026359930634499 0.037400007247924805
vt 0.009979898110032082 0.03528553247451782
vt 0.010026359930634499 0.037400007247924805
vt 0.010858321562409401 0.03735923767089844
vt 0.010862672701478004 0.03932124376296997
vt 0.00886266864836216 0.037337660789489746
vt 0.010026359930634499 0.037400007247924805
vt 0.010015541687607765 0.0393100380897522
vt 0.01894667185842991 0.009152233600616455
vt 0.018109077587723732 0.009169518947601318
vt 0.01788204349577427 0.007078289985656738
vt 0.020006323233246803 0.009157538414001465
vt 0.01894667185842991 0.009152233600616455
vt 0.018981153145432472 0.007571160793304443
vt 0.01894667185842991 0.009152233600616455
vt 0.020006323233246803 0.009157538414001465
vt 0.0200116578489542 0.011098265647888184
vt 0.018109077587723732 0.009169518947601318
vt 0.01894667185842991 0.009152233600616455
vt 0.018956059589982033 0.0111006498336792
vt 0.02105378545820713 0.009164392948150635
vt 0.020006323233246803 0.009157538414001465
vt 0.020028049126267433 0.007589578628540039
vt 0.021878862753510475 0.009147167205810547
vt 0.02105378545820713 0.009164392948150635
vt 0.021077686920762062 0.007603764533996582
vt 0.02105378545820713 0.009164392948150635
vt 0.021878862753510475 0.009147167205810547
vt 0.02212926186621189 0.011163592338562012
vt 0.020006323233246803 0.009157538414001465
vt 0.02105378545820713 0.009164392948150635
vt 0.0210722628980875 0.011095881462097168
vt 0.005024696234613657 0.006979465484619141
vt 0.004183406475931406 0.006952643394470215
vt 0.004352683667093515 0.0057675838470458984
vt 0.006085927132517099 0.006957888603210449
vt 0.005024696234613657 0.006979465484619141
vt 0.00499724829569459 0.005390763282775879
vt 0.005024696234613657 0.006979465484619141
vt 0.006085927132517099 0.006957888603210449
vt 0.006139720324426889 0.009000599384307861
vt 0.004183406475931406 0.006952643394470215
vt 0.005024696234613657 0.006979465484619141
vt 0.005003149155527353 0.008569300174713135
vt 0.007138247136026621 0.006935060024261475
vt 0.006085927132517099 0.006957888603210449
vt 0.006061697844415903 0.005372345447540283
vt 0.008159393444657326 0.0068378448486328125
vt 0.007138247136026621 0.006935060024261475
vt 0.007127667311578989 0.005357027053833008
vt 0.007138247136026621 0.006935060024261475
vt 0.008159393444657326 0.0068378448486328125
vt 0.008280867710709572 0.008775770664215088
vt 0.006085927132517099 0.006957888603210449
vt 0.007138247136026621 0.006935060024261475
vt 0.007329548243433237 0.008901715278625488
vt 0.00935172475874424 0.006882965564727783
vt 0.008159393444657326 0.0068378448486328125
vt 0.008191252127289772 0.0053473711013793945
vt 0.010453486815094948 0.0063893795013427734
vt 0.00935172475874424 0.006882965564727783
vt 0.009255820885300636 0.005326986312866211
vt 0.00935172475874424 0.006882965564727783
vt 0.010453486815094948 0.0063893795013427734
vt 0.010577822104096413 0.008102059364318848
vt 0.008159393444657326 0.0068378448486328125
vt 0.00935172475874424 0.006882965564727783
vt 0.00927879847586155 0.008441388607025146
vt 0.011528993025422096 0.00623089075088501
vt 0.010453486815094948 0.0063893795013427734
vt 0.010335171595215797 0.0051670074462890625
vt 0.012394005432724953 0.006297111511230469
vt 0.011528993025422096 0.00623089075088501
vt 0.011426741257309914 0.005053877830505371
vt 0.011528993025422096 0.00623089075088501
vt 0.012394005432724953 0.006297111511230469
vt 0.01226820982992649 0.007344543933868408
vt 0.010453486815094948 0.0063893795013427734
vt 0.011528993025422096 0.00623089075088501
vt 0.011625194922089577 0.007554471492767334
vt 0.014307046309113503 0.030313611030578613
vt 0.013463163748383522 0.030143797397613525
vt 0.013225877657532692 0.028964996337890625
vt 0.01535993255674839 0.03053271770477295
vt 0.014307046309113503 0.030313611030578613
vt 0.014310264959931374 0.02896207571029663
vt 0.014307046309113503 0.030313611030578613
vt 0.01535993255674839 0.03053271770477295
vt 0.015359992161393166 0.032047152519226074
vt 0.013463163748383522 0.030143797397613525
vt 0.014307046309113503 0.030313611030578613
vt 0.014306807890534401 0.03166484832763672
vt 0.016411567106842995 0.030605852603912354
vt 0.01535993255674839 0.03053271770477295
vt 0.015360886231064796 0.0290183424949646
vt 0.01746332086622715 0.03051292896270752
vt 0.016411567106842995 0.030605852603912354
vt 0.016411805525422096 0.029037058353424072
vt 0.016411567106842995 0.030605852603912354
vt 0.01746332086622715 0.03051292896270752
vt 0.01746266521513462 0.032012343406677246
vt 0.01535993255674839 0.03053271770477295
vt 0.016411567106842995 0.030605852603912354
vt 0.016411209478974342 0.032174885272979736
vt 0.018516922369599342 0.03023374080657959
vt 0.01746332086622715 0.03051292896270752
vt 0.01746269501745701 0.029013633728027344
vt 0.019365722313523293 0.030006110668182373
vt 0.018516922369599342 0.03023374080657959
vt 0.01851331628859043 0.028942108154296875
vt 0.018516922369599342 0.03023374080657959
vt 0.019365722313523293 0.030006110668182373
vt 0.01918616332113743 0.030958592891693115
vt 0.01746332086622715 0.03051292896270752
vt 0.018516922369599342 0.03023374080657959
vt 0.01851745881140232 0.03152507543563843
vt 0.02033534087240696 0.02646082639694214
vt 0.02110385335981846 0.026144087314605713
vt 0.02155705727636814 0.02712196111679077
vt 0.01955699361860752 0.026694655418395996
vt 0.02033534087240696 0.02646082639694214
vt 0.020526522770524025 0.02744913101196289
vt 0.02033534087240696 0.02646082639694214
vt 0.01955699361860752 0.026694655418395996
vt 0.018981629982590675 0.025501787662506104
vt 0.02110385335981846 0.026144087314605713
vt 0.02033534087240696 0.02646082639694214
vt 0.020077431574463844 0.02529585361480713
vt 0.01889261044561863 0.027167916297912598
vt 0.01955699361860752 0.026694655418395996
vt 0.01986696757376194 0.02738744020462036
vt 0.018207157030701637 0.02765023708343506
vt 0.01889261044561863 0.027167916297912598
vt 0.019479984417557716 0.02793300151824951
vt 0.01889261044561863 0.027167916297912598
vt 0.018207157030701637 0.02765023708343506
vt 0.017889076843857765 0.026936590671539307
vt 0.01955699361860752 0.026694655418395996
vt 0.01889261044561863 0.027167916297912598
vt 0.018218183889985085 0.02634894847869873
vt 0.017381275072693825 0.027872741222381592
vt 0.018207157030701637 0.02765023708343506
vt 0.018595749512314796 0.028551459312438965
vt 0.016531700268387794 0.027837097644805908
vt 0.017381275072693825 0.027872741222381592
vt 0.017498278990387917 0.028616487979888916
vt 0.017381275072693825 0.027872741222381592
vt 0.016531700268387794 0.027837097644805908
vt 0.016639912500977516 0.026958048343658447
vt 0.018207157030701637 0.02765023708343506
vt 0.017381275072693825 0.027872741222381592
vt 0.017215872183442116 0.026834428310394287
vt 0.015931779518723488 0.02742701768875122
vt 0.016531700268387794 0.027837097644805908
vt 0.016441846266388893 0.02888709306716919
vt 0.015344256535172462 0.02702486515045166
vt 0.015931779518723488 0.02742701768875122
vt 0.015461200848221779 0.028604507446289062
vt 0.015931779518723488 0.02742701768875122
vt 0.015344256535172462 0.02702486515045166
vt 0.01575341261923313 0.025095701217651367
vt 0.016531700268387794 0.027837097644805908
vt 0.015931779518723488 0.02742701768875122
vt 0.016295576468110085 0.0263252854347229
vt 0.0400027297437191 0.006793498992919922
vt 0.03918429836630821 0.006692707538604736
vt 0.0393885038793087 0.005590617656707764
vt 0.04108848795294762 0.006816744804382324
vt 0.0400027297437191 0.006793498992919922
vt 0.040037836879491806 0.005216658115386963
vt 0.0400027297437191 0.006793498992919922
vt 0.04108848795294762 0.006816744804382324
vt 0.04125937446951866 0.008828699588775635
vt 0.03918429836630821 0.006692707538604736
vt 0.0400027297437191 0.006793498992919922
vt 0.03996404632925987 0.008692324161529541
vt 0.04217090830206871 0.006795346736907959
vt 0.04108848795294762 0.006816744804382324
vt 0.04110434278845787 0.00523221492767334
vt 0.04314878210425377 0.00682443380355835
vt 0.04217090830206871 0.006795346736907959
vt 0.04217967018485069 0.0052356719970703125
vt 0.04217090830206871 0.006795346736907959
vt 0.04314878210425377 0.00682443380355835
vt 0.0432722233235836 0.008785009384155273
vt 0.04108848795294762 0.006816744804382324
vt 0.04217090830206871 0.006795346736907959
vt 0.04237201437354088 0.00882720947265625
vt 0.0396437905728817 0.030901312828063965
vt 0.0386638306081295 0.030912280082702637
vt 0.03853121027350426 0.029144585132598877
vt 0.04073395952582359 0.030889034271240234
vt 0.0396437905728817 0.030901312828063965
vt 0.039648737758398056 0.029331088066101074
vt 0.0396437905728817 0.030901312828063965
vt 0.04073395952582359 0.030889034271240234
vt 0.04079272970557213 0.032886505126953125
vt 0.0386638306081295 0.030912280082702637
vt 0.0396437905728817 0.030901312828063965
vt 0.03968694433569908 0.03286629915237427
vt 0.04179605469107628 0.03086310625076294
vt 0.04073395952582359 0.030889034271240234
vt 0.0407085083425045 0.029321372509002686
vt 0.042617764323949814 0.030858099460601807
vt 0.04179605469107628 0.03086310625076294
vt 0.04176255688071251 0.029303312301635742
vt 0.04179605469107628 0.03086310625076294
vt 0.042617764323949814 0.030858099460601807
vt 0.04294100031256676 0.03289520740509033
vt 0.04073395952582359 0.030889034271240234
vt 0.04179605469107628 0.03086310625076294
vt 0.041877176612615585 0.032831549644470215
vt 0.03841271623969078 0.04078686237335205
vt 0.038537707179784775 0.04013139009475708
vt 0.03969511017203331 0.04024726152420044
vt 0.03841134533286095 0.041671156883239746
vt 0.03841271623969078 0.04078686237335205
vt 0.039991047233343124 0.04081851243972778
vt 0.03841271623969078 0.04078686237335205
vt 0.03841134533286095 0.041671156883239746
vt 0.036936547607183456 0.041507184505462646
vt 0.038537707179784775 0.04013139009475708
vt 0.03841271623969078 0.04078686237335205
vt 0.03684129938483238 0.04069972038269043
vt 0.03862055763602257 0.04270315170288086
vt 0.03841134533286095 0.041671156883239746
vt 0.0398881696164608 0.04182028770446777
vt 0.03879442438483238 0.04358726739883423
vt 0.03862055763602257 0.04270315170288086
vt 0.03984030708670616 0.04285836219787598
vt 0.03862055763602257 0.04270315170288086
vt 0.03879442438483238 0.04358726739883423
vt 0.037919964641332626 0.04329496622085571
vt 0.03841134533286095 0.041671156883239746
vt 0.03862055763602257 0.04270315170288086
vt 0.03740152344107628 0.042545318603515625
vt 0.028844529762864113 0.04123622179031372
vt 0.02802267111837864 0.04136604070663452
vt 0.027801746502518654 0.040076494216918945
vt 0.029664361849427223 0.0413782000541687
vt 0.028844529762864113 0.04123622179031372
vt 0.028852904215455055 0.04011082649230957
vt 0.028844529762864113 0.04123622179031372
vt 0.029664361849427223 0.0413782000541687
vt 0.02947601117193699 0.04230093955993652
vt 0.02802267111837864 0.04136604070663452
vt 0.028844529762864113 0.04123622179031372
vt 0.02883630432188511 0.042346179485321045
vt 0.010011965408921242 0.03237879276275635
vt 0.00916873849928379 0.03205829858779907
vt 0.008974576368927956 0.030764102935791016
vt 0.010855967178940773 0.032697081565856934
vt 0.010011965408921242 0.03237879276275635
vt 0.010064506903290749 0.031149089336395264
vt 0.010011965408921242 0.03237879276275635
vt 0.010855967178940773 0.032697081565856934
vt 0.011075610294938087 0.03468042612075806
vt 0.00916873849928379 0.03205829858779907
vt 0.010011965408921242 0.03237879276275635
vt 0.00996258296072483 0.03360861539840698
vt 0.039613571017980576 0.02514749765396118
vt 0.03877850994467735 0.02506875991821289
vt 0.038888778537511826 0.02393120527267456
vt 0.04044171795248985 0.025062620639801025
vt 0.039613571017980576 0.02514749765396118
vt 0.03950658068060875 0.023722589015960693
vt 0.039613571017980576 0.02514749765396118
vt 0.04044171795248985 0.025062620639801025
vt 0.04058512672781944 0.026853740215301514
vt 0.03877850994467735 0.02506875991821289
vt 0.039613571017980576 0.02514749765396118
vt 0.039740826934576035 0.026907503604888916
vt 0.042338695377111435 0.014029264450073242
vt 0.041506197303533554 0.014031469821929932
vt 0.0416317842900753 0.012855172157287598
vt 0.043170955032110214 0.014028549194335938
vt 0.042338695377111435 0.014029264450073242
vt 0.04225512966513634 0.012460172176361084
vt 0.042338695377111435 0.014029264450073242
vt 0.043170955032110214 0.014028549194335938
vt 0.04317399486899376 0.01593959331512451
vt 0.041506197303533554 0.014031469821929932
vt 0.042338695377111435 0.014029264450073242
vt 0.04234185442328453 0.015874147415161133
vt 0.01700463332235813 0.0068874359130859375
vt 0.015941167250275612 0.006866514682769775
vt 0.01597159542143345 0.005290210247039795
vt 0.01783856190741062 0.006925702095031738
vt 0.01700463332235813 0.0068874359130859375
vt 0.017020517960190773 0.005307674407958984
vt 0.01700463332235813 0.0068874359130859375
vt 0.01783856190741062 0.006925702095031738
vt 0.017783397808670998 0.008857786655426025
vt 0.015941167250275612 0.006866514682769775
vt 0.01700463332235813 0.0068874359130859375
vt 0.0169502142816782 0.008837461471557617
vt 0.011661404743790627 0.010591626167297363
vt 0.010823691263794899 0.010593831539154053
vt 0.010594123974442482 0.00849539041519165
vt 0.012716436758637428 0.010588765144348145
vt 0.011661404743790627 0.010591626167297363
vt 0.011652911081910133 0.008513152599334717
vt 0.011661404743790627 0.010591626167297363
vt 0.012716436758637428 0.010588765144348145
vt 0.012787515297532082 0.012526452541351318
vt 0.010823691263794899 0.010593831539154053
vt 0.011661404743790627 0.010591626167297363
vt 0.011664772406220436 0.012535333633422852
vt 0.013780558481812477 0.010574579238891602
vt 0.012716436758637428 0.010588765144348145
vt 0.012711549177765846 0.008508801460266113
vt 0.01465105451643467 0.010522127151489258
vt 0.013780558481812477 0.010574579238891602
vt 0.013767952099442482 0.008502721786499023
vt 0.013780558481812477 0.010574579238891602
vt 0.01465105451643467 0.010522127151489258
vt 0.014655256643891335 0.012431144714355469
vt 0.012716436758637428 0.010588765144348145
vt 0.013780558481812477 0.010574579238891602
vt 0.0137993935495615 0.012537121772766113
vt 0.021197641268372536 0.01991581916809082
vt 0.02031632699072361 0.02006363868713379
vt 0.020338738337159157 0.018035709857940674
vt 0.022253120318055153 0.019753336906433105
vt 0.021197641268372536 0.01991581916809082
vt 0.021177614107728004 0.018047630786895752
vt 0.021197641268372536 0.01991581916809082
vt 0.022253120318055153 0.019753336906433105
vt 0.022269004955887794 0.021465301513671875
vt 0.02031632699072361 0.02006363868713379
vt 0.021197641268372536 0.01991581916809082
vt 0.021217430010437965 0.021709024906158447
vt 0.023291731253266335 0.019687533378601074
vt 0.022253120318055153 0.019753336906433105
vt 0.02223804034292698 0.018035411834716797
vt 0.02413141168653965 0.01970982551574707
vt 0.023291731253266335 0.019687533378601074
vt 0.023303711786866188 0.01803421974182129
vt 0.023291731253266335 0.019687533378601074
vt 0.02413141168653965 0.01970982551574707
vt 0.02399834431707859 0.0207635760307312
vt 0.022253120318055153 0.019753336906433105
vt 0.023291731253266335 0.019687533378601074
vt 0.023325646296143532 0.02102184295654297
vt 0.016868168488144875 0.03437972068786621
vt 0.015918726101517677 0.0342976450920105
vt 0.015857631340622902 0.032586097717285156
vt 0.018038297072052956 0.03449898958206177
vt 0.016868168488144875 0.03437972068786621
vt 0.016938233748078346 0.03296351432800293
vt 0.016868168488144875 0.03437972068786621
vt 0.018038297072052956 0.03449898958206177
vt 0.018058205023407936 0.03602898120880127
vt 0.015918726101517677 0.0342976450920105
vt 0.016868168488144875 0.03437972068786621
vt 0.016799742355942726 0.03579568862915039
vt 0.019129151478409767 0.03451657295227051
vt 0.018038297072052956 0.03449898958206177
vt 0.01801818050444126 0.03296881914138794
vt 0.01996033824980259 0.03453308343887329
vt 0.019129151478409767 0.03451657295227051
vt 0.019078576937317848 0.03294795751571655
vt 0.019129151478409767 0.03451657295227051
vt 0.01996033824980259 0.03453308343887329
vt 0.019808674231171608 0.03570467233657837
vt 0.018038297072052956 0.03449898958206177
vt 0.019129151478409767 0.03451657295227051
vt 0.019177520647644997 0.03608518838882446
vt 0.01488226093351841 0.0068395137786865234
vt 0.014049464836716652 0.0068604350090026855
vt 0.013833219185471535 0.005169093608856201
vt 0.015941167250275612 0.006866514682769775
vt 0.01488226093351841 0.0068395137786865234
vt 0.014920080080628395 0.005266129970550537
vt 0.01488226093351841 0.0068395137786865234
vt 0.015941167250275612 0.006866514682769775
vt 0.015882456675171852 0.008855938911437988
vt 0.014049464836716652 0.0068604350090026855
vt 0.01488226093351841 0.0068395137786865234
vt 0.014836693182587624 0.008410394191741943
vt 0.005243296269327402 0.02564328908920288
vt 0.00439425790682435 0.025623440742492676
vt 0.00425111735239625 0.023881077766418457
vt 0.006314838770776987 0.025696158409118652
vt 0.005243296269327402 0.02564328908920288
vt 0.005349630955606699 0.0240442156791687
vt 0.005243296269327402 0.02564328908920288
vt 0.006314838770776987 0.025696158409118652
vt 0.006254429463297129 0.027714312076568604
vt 0.00439425790682435 0.025623440742492676
vt 0.005243296269327402 0.02564328908920288
vt 0.005166585091501474 0.027615606784820557
vt 0.03537389263510704 0.017381012439727783
vt 0.034313883632421494 0.017349600791931152
vt 0.03436794504523277 0.01576918363571167
vt 0.03626057133078575 0.017458081245422363
vt 0.03537389263510704 0.017381012439727783
vt 0.03542688116431236 0.015805363655090332
vt 0.03537389263510704 0.017381012439727783
vt 0.03626057133078575 0.017458081245422363
vt 0.03611626848578453 0.01862049102783203
vt 0.034313883632421494 0.017349600791931152
vt 0.03537389263510704 0.017381012439727783
vt 0.03536989912390709 0.01892232894897461
vt 0.03271838650107384 0.03431731462478638
vt 0.03181007131934166 0.034285128116607666
vt 0.03164812549948692 0.03218120336532593
vt 0.03378191217780113 0.03435152769088745
vt 0.03271838650107384 0.03431731462478638
vt 0.032708730548620224 0.032233595848083496
vt 0.03271838650107384 0.03431731462478638
vt 0.03378191217780113 0.03435152769088745
vt 0.03377470001578331 0.03632974624633789
vt 0.03181007131934166 0.034285128116607666
vt 0.03271838650107384 0.03431731462478638
vt 0.03263672813773155 0.03587949275970459
vt 0.03483959659934044 0.034358859062194824
vt 0.03378191217780113 0.03435152769088745
vt 0.03377821668982506 0.03223294019699097
vt 0.03568842634558678 0.034305453300476074
vt 0.03483959659934044 0.034358859062194824
vt 0.03484382852911949 0.03223341703414917
vt 0.03483959659934044 0.034358859062194824
vt 0.03568842634558678 0.034305453300476074
vt 0.03568258509039879 0.036097168922424316
vt 0.03378191217780113 0.03435152769088745
vt 0.03483959659934044 0.034358859062194824
vt 0.03483470901846886 0.03616762161254883
vt 0.026814037933945656 0.02738356590270996
vt 0.025811458006501198 0.027364730834960938
vt 0.02607175149023533 0.02529817819595337
vt 0.027833634987473488 0.027400672435760498
vt 0.026814037933945656 0.02738356590270996
vt 0.027087146416306496 0.02583026885986328
vt 0.026814037933945656 0.02738356590270996
vt 0.027833634987473488 0.027400672435760498
vt 0.027783775702118874 0.029145419597625732
vt 0.025811458006501198 0.027364730834960938
vt 0.026814037933945656 0.02738356590270996
vt 0.026667827740311623 0.02912890911102295
vt 0.023229116573929787 0.0229032039642334
vt 0.022211575880646706 0.022886157035827637
vt 0.02234017290174961 0.02172333002090454
vt 0.02422943152487278 0.022917866706848145
vt 0.023229116573929787 0.0229032039642334
vt 0.02301003970205784 0.021342098712921143
vt 0.023229116573929787 0.0229032039642334
vt 0.02422943152487278 0.022917866706848145
vt 0.02440490759909153 0.024658203125
vt 0.022211575880646706 0.022886157035827637
vt 0.023229116573929787 0.0229032039642334
vt 0.023315513506531715 0.024647176265716553
vt 0.012500697746872902 0.03556954860687256
vt 0.01164337433874607 0.035526156425476074
vt 0.011403882876038551 0.033427298069000244
vt 0.013355815783143044 0.03550070524215698
vt 0.012500697746872902 0.03556954860687256
vt 0.012469017878174782 0.03344088792800903
vt 0.012500697746872902 0.03556954860687256
vt 0.013355815783143044 0.03550070524215698
vt 0.013388091698288918 0.03730762004852295
vt 0.01164337433874607 0.035526156425476074
vt 0.012500697746872902 0.03556954860687256
vt 0.012526387348771095 0.037268996238708496
vt 0.028718376532197 0.011737346649169922
vt 0.02771284617483616 0.01179724931716919
vt 0.027790332213044167 0.009710073471069336
vt 0.02996000088751316 0.011693477630615234
vt 0.028718376532197 0.011737346649169922
vt 0.028858209028840065 0.010247945785522461
vt 0.028718376532197 0.011737346649169922
vt 0.02996000088751316 0.011693477630615234
vt 0.030006611719727516 0.013604402542114258
vt 0.02771284617483616 0.01179724931716919
vt 0.028718376532197 0.011737346649169922
vt 0.02868794836103916 0.013586103916168213
vt 0.031075501814484596 0.011651158332824707
vt 0.02996000088751316 0.011693477630615234
vt 0.0299548152834177 0.010258674621582031
vt 0.03213271126151085 0.011610150337219238
vt 0.031075501814484596 0.011651158332824707
vt 0.031017983332276344 0.010172784328460693
vt 0.031075501814484596 0.011651158332824707
vt 0.03213271126151085 0.011610150337219238
vt 0.03219940885901451 0.013550400733947754
vt 0.02996000088751316 0.011693477630615234
vt 0.031075501814484596 0.011651158332824707
vt 0.031147444620728493 0.01358717679977417
vt 0.033197250217199326 0.011567652225494385
vt 0.03213271126151085 0.011610150337219238
vt 0.032065119594335556 0.010059833526611328
vt 0.03403499349951744 0.011556386947631836
vt 0.033197250217199326 0.011567652225494385
vt 0.03311147913336754 0.00998544692993164
vt 0.033197250217199326 0.011567652225494385
vt 0.03403499349951744 0.011556386947631836
vt 0.03408404812216759 0.013495564460754395
vt 0.03213271126151085 0.011610150337219238
vt 0.033197250217199326 0.011567652225494385
vt 0.03324892744421959 0.013517022132873535
vt 0.009805256500840187 0.026355266571044922
vt 0.008777076378464699 0.02625727653503418
vt 0.008988404646515846 0.02428591251373291
vt 0.011065417900681496 0.02636474370956421
vt 0.009805256500840187 0.026355266571044922
vt 0.010025376453995705 0.024777531623840332
vt 0.009805256500840187 0.026355266571044922
vt 0.011065417900681496 0.02636474370956421
vt 0.011025452986359596 0.028303682804107666
vt 0.008777076378464699 0.02625727653503418
vt 0.009805256500840187 0.026355266571044922
vt 0.009680414572358131 0.02830064296722412
vt 0.012188607826828957 0.02637183666229248
vt 0.011065417900681496 0.02636474370956421
vt 0.011127764359116554 0.024789035320281982
vt 0.013245368376374245 0.02637380361557007
vt 0.012188607826828957 0.02637183666229248
vt 0.01219671405851841 0.024796247482299805
vt 0.012188607826828957 0.02637183666229248
vt 0.013245368376374245 0.02637380361557007
vt 0.013242596760392189 0.02823561429977417
vt 0.011065417900681496 0.02636474370956421
vt 0.012188607826828957 0.02637183666229248
vt 0.012176508083939552 0.02831113338470459
vt 0.014299923554062843 0.026372015476226807
vt 0.013245368376374245 0.02637380361557007
vt 0.013248855248093605 0.024800479412078857
vt 0.01513662375509739 0.026302635669708252
vt 0.014299923554062843 0.026372015476226807
vt 0.014300340786576271 0.02480173110961914
vt 0.014299923554062843 0.026372015476226807
vt 0.01513662375509739 0.026302635669708252
vt 0.01496153511106968 0.02723550796508789
vt 0.013245368376374245 0.02637380361557007
vt 0.014299923554062843 0.026372015476226807
vt 0.014304453507065773 0.027716219425201416
vt 0.0264775101095438 0.03914940357208252
vt 0.025671744719147682 0.03955119848251343
vt 0.025372439995408058 0.03791677951812744
vt 0.027331018820405006 0.03886127471923828
vt 0.0264775101095438 0.03914940357208252
vt 0.026463234797120094 0.03800845146179199
vt 0.0264775101095438 0.03914940357208252
vt 0.027331018820405006 0.03886127471923828
vt 0.02715861238539219 0.039768338203430176
vt 0.025671744719147682 0.03955119848251343
vt 0.0264775101095438 0.03914940357208252
vt 0.026487315073609352 0.04038161039352417
vt 0.024456674233078957 0.03865271806716919
vt 0.02361842431128025 0.038681983947753906
vt 0.023550445213913918 0.03764718770980835
vt 0.025305891409516335 0.03882908821105957
vt 0.024456674233078957 0.03865271806716919
vt 0.02462747134268284 0.03777128458023071
vt 0.024456674233078957 0.03865271806716919
vt 0.025305891409516335 0.03882908821105957
vt 0.025174403563141823 0.04032868146896362
vt 0.02361842431128025 0.038681983947753906
vt 0.024456674233078957 0.03865271806716919
vt 0.024267518892884254 0.03975570201873779
vt 0.013776475563645363 0.017189443111419678
vt 0.012714290991425514 0.016829311847686768
vt 0.012827003374695778 0.016089916229248047
vt 0.014838868752121925 0.01754748821258545
vt 0.013776475563645363 0.017189443111419678
vt 0.013496184721589088 0.015961110591888428
vt 0.013776475563645363 0.017189443111419678
vt 0.014838868752121925 0.01754748821258545
vt 0.015094393864274025 0.019429564476013184
vt 0.012714290991425514 0.016829311847686768
vt 0.013776475563645363 0.017189443111419678
vt 0.013916278257966042 0.018900930881500244
vt 0.016645396128296852 0.018775463104248047
vt 0.015803778544068336 0.018579602241516113
vt 0.01559632457792759 0.016593098640441895
vt 0.01768817938864231 0.018655478954315186
vt 0.016645396128296852 0.018775463104248047
vt 0.016652042046189308 0.016623258590698242
vt 0.016645396128296852 0.018775463104248047
vt 0.01768817938864231 0.018655478954315186
vt 0.017690593376755714 0.020618021488189697
vt 0.015803778544068336 0.018579602241516113
vt 0.016645396128296852 0.018775463104248047
vt 0.01662343181669712 0.020659267902374268
vt 0.01874067820608616 0.018274307250976562
vt 0.01768817938864231 0.018655478954315186
vt 0.01770877279341221 0.01663142442703247
vt 0.019705289974808693 0.01787358522415161
vt 0.01874067820608616 0.018274307250976562
vt 0.018770629540085793 0.016644179821014404
vt 0.01874067820608616 0.018274307250976562
vt 0.019705289974808693 0.01787358522415161
vt 0.019709402695298195 0.018769681453704834
vt 0.01768817938864231 0.018655478954315186
vt 0.01874067820608616 0.018274307250976562
vt 0.018885726109147072 0.019472777843475342
vt 0.039352502673864365 0.03868156671524048
vt 0.03834434971213341 0.03875237703323364
vt 0.03846630081534386 0.03744471073150635
vt 0.04042473062872887 0.03884381055831909
vt 0.039352502673864365 0.03868156671524048
vt 0.039328720420598984 0.03748166561126709
vt 0.039352502673864365 0.03868156671524048
vt 0.04042473062872887 0.03884381055831909
vt 0.04033705219626427 0.04052746295928955
vt 0.03834434971213341 0.03875237703323364
vt 0.039352502673864365 0.03868156671524048
vt 0.03918739780783653 0.03979593515396118
vt 0.04146930202841759 0.03916597366333008
vt 0.04042473062872887 0.03884381055831909
vt 0.040418591350317 0.037472426891326904
vt 0.04231354221701622 0.03953993320465088
vt 0.04146930202841759 0.03916597366333008
vt 0.0415051244199276 0.03747665882110596
vt 0.04146930202841759 0.03916597366333008
vt 0.04231354221701622 0.03953993320465088
vt 0.042594101279973984 0.04145383834838867
vt 0.04042473062872887 0.03884381055831909
vt 0.04146930202841759 0.03916597366333008
vt 0.04153534397482872 0.04092049598693848
vt 0.030829036608338356 0.04013603925704956
vt 0.03000318445265293 0.04042261838912964
vt 0.02982615865767002 0.03887695074081421
vt 0.03169265016913414 0.04000061750411987
vt 0.030829036608338356 0.04013603925704956
vt 0.030936503782868385 0.039216816425323486
vt 0.030829036608338356 0.04013603925704956
vt 0.03169265016913414 0.04000061750411987
vt 0.031473781913518906 0.040671706199645996
vt 0.03000318445265293 0.04042261838912964
vt 0.030829036608338356 0.04013603925704956
vt 0.030774259939789772 0.04105806350708008
vt 0.03985419496893883 0.0280570387840271
vt 0.039027001708745956 0.028230011463165283
vt 0.03868117555975914 0.027080237865447998
vt 0.04070254787802696 0.028062105178833008
vt 0.03985419496893883 0.0280570387840271
vt 0.039740826934576035 0.026907503604888916
vt 0.03985419496893883 0.0280570387840271
vt 0.04070254787802696 0.028062105178833008
vt 0.04081794247031212 0.029151558876037598
vt 0.039027001708745956 0.028230011463165283
vt 0.03985419496893883 0.0280570387840271
vt 0.03985532745718956 0.028904974460601807
vt 0.04234394058585167 0.017278671264648438
vt 0.04151090607047081 0.017008543014526367
vt 0.04150959476828575 0.015808165073394775
vt 0.043178822845220566 0.0175439715385437
vt 0.04234394058585167 0.017278671264648438
vt 0.04234185442328453 0.015874147415161133
vt 0.04234394058585167 0.017278671264648438
vt 0.043178822845220566 0.0175439715385437
vt 0.04318728670477867 0.018793344497680664
vt 0.04151090607047081 0.017008543014526367
vt 0.04234394058585167 0.017278671264648438
vt 0.042350973933935165 0.018438339233398438
vt 0.04185345396399498 0.026589572429656982
vt 0.041025545448064804 0.02646571397781372
vt 0.041093435138463974 0.02485942840576172
vt 0.04268738254904747 0.026627540588378906
vt 0.04185345396399498 0.026589572429656982
vt 0.04192599281668663 0.024917304515838623
vt 0.04185345396399498 0.026589572429656982
vt 0.04268738254904747 0.026627540588378906
vt 0.0426233671605587 0.027923941612243652
vt 0.041025545448064804 0.02646571397781372
vt 0.04185345396399498 0.026589572429656982
vt 0.04179408773779869 0.027856171131134033
vt 0.007829779759049416 0.04096001386642456
vt 0.006979877594858408 0.04097926616668701
vt 0.006950164679437876 0.039273083209991455
vt 0.008996034041047096 0.040924668312072754
vt 0.007829779759049416 0.04096001386642456
vt 0.0077925571240484715 0.039267659187316895
vt 0.007829779759049416 0.04096001386642456
vt 0.008996034041047096 0.040924668312072754
vt 0.008907699957489967 0.04237043857574463
vt 0.006979877594858408 0.04097926616668701
vt 0.007829779759049416 0.04096001386642456
vt 0.007843637838959694 0.04232567548751831
vt 0.00998612679541111 0.04095470905303955
vt 0.008996034041047096 0.040924668312072754
vt 0.008827799931168556 0.0392611026763916
vt 0.010807329788804054 0.04102081060409546
vt 0.00998612679541111 0.04095470905303955
vt 0.010015541687607765 0.0393100380897522
vt 0.00998612679541111 0.04095470905303955
vt 0.010807329788804054 0.04102081060409546
vt 0.010798091068863869 0.04242706298828125
vt 0.008996034041047096 0.040924668312072754
vt 0.00998612679541111 0.04095470905303955
vt 0.009962702170014381 0.04240989685058594
vt 0.018958503380417824 0.012772083282470703
vt 0.01812761463224888 0.012771964073181152
vt 0.01812540926039219 0.011104226112365723
vt 0.020010286942124367 0.012769699096679688
vt 0.018958503380417824 0.012772083282470703
vt 0.018956059589982033 0.0111006498336792
vt 0.018958503380417824 0.012772083282470703
vt 0.020010286942124367 0.012769699096679688
vt 0.020016128197312355 0.014124691486358643
vt 0.01812761463224888 0.012771964073181152
vt 0.018958503380417824 0.012772083282470703
vt 0.01895325817167759 0.014164745807647705
vt 0.02105301059782505 0.012762367725372314
vt 0.020010286942124367 0.012769699096679688
vt 0.0200116578489542 0.011098265647888184
vt 0.021878832951188087 0.012698352336883545
vt 0.02105301059782505 0.012762367725372314
vt 0.0210722628980875 0.011095881462097168
vt 0.02105301059782505 0.012762367725372314
vt 0.021878832951188087 0.012698352336883545
vt 0.021726781502366066 0.013411998748779297
vt 0.020010286942124367 0.012769699096679688
vt 0.02105301059782505 0.012762367725372314
vt 0.02107411064207554 0.013763189315795898
vt 0.032074954360723495 0.028701722621917725
vt 0.03095611371099949 0.028558313846588135
vt 0.030868256464600563 0.027469933032989502
vt 0.03287627920508385 0.028884410858154297
vt 0.032074954360723495 0.028701722621917725
vt 0.03211250528693199 0.027502238750457764
vt 0.032074954360723495 0.028701722621917725
vt 0.03287627920508385 0.028884410858154297
vt 0.03282025083899498 0.03021770715713501
vt 0.03095611371099949 0.028558313846588135
vt 0.032074954360723495 0.028701722621917725
vt 0.03203054890036583 0.030021727085113525
vt 0.016915882006287575 0.01051032543182373
vt 0.016086334362626076 0.010460197925567627
vt 0.015882456675171852 0.008855938911437988
vt 0.01774766482412815 0.010528147220611572
vt 0.016915882006287575 0.01051032543182373
vt 0.0169502142816782 0.008837461471557617
vt 0.016915882006287575 0.01051032543182373
vt 0.01774766482412815 0.010528147220611572
vt 0.017713213339447975 0.012077033519744873
vt 0.016086334362626076 0.010460197925567627
vt 0.016915882006287575 0.01051032543182373
vt 0.016883427277207375 0.011989116668701172
vt 0.01166808046400547 0.014223754405975342
vt 0.01083272136747837 0.014225661754608154
vt 0.010826373472809792 0.012539505958557129
vt 0.012723410502076149 0.01421964168548584
vt 0.01166808046400547 0.014223754405975342
vt 0.011664772406220436 0.012535333633422852
vt 0.01166808046400547 0.014223754405975342
vt 0.012723410502076149 0.01421964168548584
vt 0.012739205732941628 0.01574307680130005
vt 0.01083272136747837 0.014225661754608154
vt 0.01166808046400547 0.014223754405975342
vt 0.011668020859360695 0.015804827213287354
vt 0.013766223564743996 0.01421588659286499
vt 0.012723410502076149 0.01421964168548584
vt 0.012787515297532082 0.012526452541351318
vt 0.014624351635575294 0.014112234115600586
vt 0.013766223564743996 0.01421588659286499
vt 0.0137993935495615 0.012537121772766113
vt 0.013766223564743996 0.01421588659286499
vt 0.014624351635575294 0.014112234115600586
vt 0.014470839872956276 0.01498568058013916
vt 0.012723410502076149 0.01421964168548584
vt 0.013766223564743996 0.01421588659286499
vt 0.01380353607237339 0.015323936939239502
vt 0.02118321694433689 0.023351609706878662
vt 0.020333969965577126 0.02364712953567505
vt 0.020311379805207253 0.021975159645080566
vt 0.021993810310959816 0.023198425769805908
vt 0.02118321694433689 0.023351609706878662
vt 0.021217430010437965 0.021709024906158447
vt 0.02118321694433689 0.023351609706878662
vt 0.021993810310959816 0.023198425769805908
vt 0.021801376715302467 0.02421700954437256
vt 0.020333969965577126 0.02364712953567505
vt 0.02118321694433689 0.023351609706878662
vt 0.021132195368409157 0.024603307247161865
vt 0.029764438048005104 0.02845865488052368
vt 0.02889280952513218 0.028573036193847656
vt 0.028206640854477882 0.02700650691986084
vt 0.03095611371099949 0.028558313846588135
vt 0.029764438048005104 0.02845865488052368
vt 0.029488736763596535 0.0272865891456604
vt 0.029764438048005104 0.02845865488052368
vt 0.03095611371099949 0.028558313846588135
vt 0.031021738424897194 0.029895007610321045
vt 0.02889280952513218 0.028573036193847656
vt 0.029764438048005104 0.02845865488052368
vt 0.029979998245835304 0.029610395431518555
vt 0.02990012802183628 0.031695425510406494
vt 0.028884822502732277 0.030998945236206055
vt 0.02840905822813511 0.029144585132598877
vt 0.0309120062738657 0.032153308391571045
vt 0.02990012802183628 0.031695425510406494
vt 0.029838914051651955 0.029803037643432617
vt 0.02990012802183628 0.031695425510406494
vt 0.0309120062738657 0.032153308391571045
vt 0.031053686514496803 0.035457074642181396
vt 0.028884822502732277 0.030998945236206055
vt 0.02990012802183628 0.031695425510406494
vt 0.030024254694581032 0.033589065074920654
vt 0.009353095665574074 0.015063166618347168
vt 0.008478397503495216 0.015496671199798584
vt 0.00861063040792942 0.013815462589263916
vt 0.010218257084488869 0.014391303062438965
vt 0.009353095665574074 0.015063166618347168
vt 0.009317243471741676 0.013168632984161377
vt 0.009353095665574074 0.015063166618347168
vt 0.010218257084488869 0.014391303062438965
vt 0.01011388935148716 0.016670703887939453
vt 0.008478397503495216 0.015496671199798584
vt 0.009353095665574074 0.015063166618347168
vt 0.0092292670160532 0.017763853073120117
vt 0.007186646107584238 0.010660767555236816
vt 0.006326789502054453 0.0108870267868042
vt 0.006139720324426889 0.009000599384307861
vt 0.008271956816315651 0.010619103908538818
vt 0.007186646107584238 0.010660767555236816
vt 0.007329548243433237 0.008901715278625488
vt 0.007186646107584238 0.010660767555236816
vt 0.008271956816315651 0.010619103908538818
vt 0.008274013176560402 0.012652456760406494
vt 0.006326789502054453 0.0108870267868042
vt 0.007186646107584238 0.010660767555236816
vt 0.007158870343118906 0.012868940830230713
vt 0.009310239925980568 0.010395288467407227
vt 0.008271956816315651 0.010619103908538818
vt 0.008280867710709572 0.008775770664215088
vt 0.010221803560853004 0.010190725326538086
vt 0.009310239925980568 0.010395288467407227
vt 0.00927879847586155 0.008441388607025146
vt 0.009310239925980568 0.010395288467407227
vt 0.010221803560853004 0.010190725326538086
vt 0.01027255691587925 0.01135796308517456
vt 0.008271956816315651 0.010619103908538818
vt 0.009310239925980568 0.010395288467407227
vt 0.009462261572480202 0.011801600456237793
vt 0.035640742629766464 0.012154698371887207
vt 0.03468480333685875 0.011948645114898682
vt 0.03481486067175865 0.009912490844726562
vt 0.036718036979436874 0.01245349645614624
vt 0.035640742629766464 0.012154698371887207
vt 0.03570922836661339 0.010773062705993652
vt 0.035640742629766464 0.012154698371887207
vt 0.036718036979436874 0.01245349645614624
vt 0.03668537363409996 0.01435476541519165
vt 0.03468480333685875 0.011948645114898682
vt 0.035640742629766464 0.012154698371887207
vt 0.03552534803748131 0.013535737991333008
vt 0.03776928409934044 0.012565135955810547
vt 0.036718036979436874 0.01245349645614624
vt 0.03674736246466637 0.01121675968170166
vt 0.038629259914159775 0.012502670288085938
vt 0.03776928409934044 0.012565135955810547
vt 0.03779896721243858 0.01137453317642212
vt 0.03776928409934044 0.012565135955810547
vt 0.038629259914159775 0.012502670288085938
vt 0.038613345474004745 0.014494657516479492
vt 0.036718036979436874 0.01245349645614624
vt 0.03776928409934044 0.012565135955810547
vt 0.03774389252066612 0.014475464820861816
vt 0.005244667176157236 0.03618311882019043
vt 0.004136765841394663 0.03624403476715088
vt 0.0044103809632360935 0.034812986850738525
vt 0.006374324206262827 0.03612560033798218
vt 0.005244667176157236 0.03618311882019043
vt 0.005530203226953745 0.03488558530807495
vt 0.005244667176157236 0.03618311882019043
vt 0.006374324206262827 0.03612560033798218
vt 0.006425137165933847 0.038227975368499756
vt 0.004136765841394663 0.03624403476715088
vt 0.005244667176157236 0.03618311882019043
vt 0.005167181137949228 0.03824275732040405
vt 0.007536555174738169 0.02545863389968872
vt 0.0064713009633123875 0.025438308715820312
vt 0.0067463465966284275 0.024512112140655518
vt 0.008573824539780617 0.025466978549957275
vt 0.007536555174738169 0.02545863389968872
vt 0.007616723421961069 0.024180352687835693
vt 0.007536555174738169 0.02545863389968872
vt 0.008573824539780617 0.025466978549957275
vt 0.008183563128113747 0.027482032775878906
vt 0.0064713009633123875 0.025438308715820312
vt 0.007536555174738169 0.02545863389968872
vt 0.007299626711755991 0.027519643306732178
vt 0.04028620943427086 0.010517239570617676
vt 0.03940090164542198 0.010501980781555176
vt 0.038936104625463486 0.00866842269897461
vt 0.04131319746375084 0.010508239269256592
vt 0.04028620943427086 0.010517239570617676
vt 0.03996404632925987 0.008692324161529541
vt 0.04028620943427086 0.010517239570617676
vt 0.04131319746375084 0.010508239269256592
vt 0.041315820068120956 0.012612342834472656
vt 0.03940090164542198 0.010501980781555176
vt 0.04028620943427086 0.010517239570617676
vt 0.04022642597556114 0.012541115283966064
vt 0.04240443930029869 0.010501325130462646
vt 0.04131319746375084 0.010508239269256592
vt 0.04125937446951866 0.008828699588775635
vt 0.043320026248693466 0.010475873947143555
vt 0.04240443930029869 0.010501325130462646
vt 0.04237201437354088 0.00882720947265625
vt 0.04240443930029869 0.010501325130462646
vt 0.043320026248693466 0.010475873947143555
vt 0.04315229877829552 0.011540055274963379
vt 0.04131319746375084 0.010508239269256592
vt 0.04240443930029869 0.010501325130462646
vt 0.042384590953588486 0.011902451515197754
vt 0.03960510715842247 0.034514009952545166
vt 0.03865453228354454 0.0345267653465271
vt 0.038643207401037216 0.03285890817642212
vt 0.04071899875998497 0.03480488061904907
vt 0.03960510715842247 0.034514009952545166
vt 0.03968694433569908 0.03286629915237427
vt 0.03960510715842247 0.034514009952545166
vt 0.04071899875998497 0.03480488061904907
vt 0.040677156299352646 0.036416471004486084
vt 0.03865453228354454 0.0345267653465271
vt 0.03960510715842247 0.034514009952545166
vt 0.03946736082434654 0.03594571352005005
vt 0.04195621237158775 0.03449606895446777
vt 0.04071899875998497 0.03480488061904907
vt 0.04079272970557213 0.032886505126953125
vt 0.042775239795446396 0.03479278087615967
vt 0.04195621237158775 0.03449606895446777
vt 0.041877176612615585 0.032831549644470215
vt 0.04195621237158775 0.03449606895446777
vt 0.042775239795446396 0.03479278087615967
vt 0.04258444532752037 0.036213815212249756
vt 0.04071899875998497 0.03480488061904907
vt 0.04195621237158775 0.03449606895446777
vt 0.04198327288031578 0.03620946407318115
vt 0.022626155987381935 0.03906506299972534
vt 0.021794045343995094 0.03909116983413696
vt 0.021728480234742165 0.03744471073150635
vt 0.02347891964018345 0.03902918100357056
vt 0.022626155987381935 0.03906506299972534
vt 0.022687578573822975 0.03786712884902954
vt 0.022626155987381935 0.03906506299972534
vt 0.02347891964018345 0.03902918100357056
vt 0.023669326677918434 0.04047369956970215
vt 0.021794045343995094 0.03909116983413696
vt 0.022626155987381935 0.03906506299972534
vt 0.022579485550522804 0.040248870849609375
vt 0.036024775356054306 0.02174323797225952
vt 0.035017337650060654 0.02166539430618286
vt 0.03532668575644493 0.020784318447113037
vt 0.0370388887822628 0.02172631025314331
vt 0.036024775356054306 0.02174323797225952
vt 0.036163534969091415 0.020558595657348633
vt 0.036024775356054306 0.02174323797225952
vt 0.0370388887822628 0.02172631025314331
vt 0.03662111982703209 0.0224342942237854
vt 0.035017337650060654 0.02166539430618286
vt 0.036024775356054306 0.02174323797225952
vt 0.03583839163184166 0.022753119468688965
vt 0.03486534580588341 0.03750181198120117
vt 0.034094180911779404 0.037912845611572266
vt 0.03377470001578331 0.03632974624633789
vt 0.03572603687644005 0.03731304407119751
vt 0.03486534580588341 0.03750181198120117
vt 0.03483470901846886 0.03616762161254883
vt 0.03486534580588341 0.03750181198120117
vt 0.03572603687644005 0.03731304407119751
vt 0.03564688190817833 0.03814119100570679
vt 0.034094180911779404 0.037912845611572266
vt 0.03486534580588341 0.03750181198120117
vt 0.03494009003043175 0.03855675458908081
vt 0.02676292695105076 0.030254244804382324
vt 0.025754356756806374 0.03032243251800537
vt 0.025574887171387672 0.029130518436431885
vt 0.027788007631897926 0.030258893966674805
vt 0.02676292695105076 0.030254244804382324
vt 0.026667827740311623 0.02912890911102295
vt 0.02676292695105076 0.030254244804382324
vt 0.027788007631897926 0.030258893966674805
vt 0.02798064984381199 0.03136676549911499
vt 0.025754356756806374 0.03032243251800537
vt 0.02676292695105076 0.030254244804382324
vt 0.026848459616303444 0.031100928783416748
vt 0.023184532299637794 0.02575451135635376
vt 0.02216043509542942 0.025743484497070312
vt 0.02220233716070652 0.024631083011627197
vt 0.02418973483145237 0.025748014450073242
vt 0.023184532299637794 0.02575451135635376
vt 0.023315513506531715 0.024647176265716553
vt 0.023184532299637794 0.02575451135635376
vt 0.02418973483145237 0.025748014450073242
vt 0.02382131852209568 0.026313066482543945
vt 0.02216043509542942 0.025743484497070312
vt 0.023184532299637794 0.02575451135635376
vt 0.02307533659040928 0.02649933099746704
vt 0.012542033568024635 0.038300931453704834
vt 0.011727029457688332 0.03845268487930298
vt 0.01166524924337864 0.03731197118759155
vt 0.013350242748856544 0.03851878643035889
vt 0.012542033568024635 0.038300931453704834
vt 0.012526387348771095 0.037268996238708496
vt 0.012542033568024635 0.038300931453704834
vt 0.013350242748856544 0.03851878643035889
vt 0.013163352385163307 0.03927183151245117
vt 0.011727029457688332 0.03845268487930298
vt 0.012542033568024635 0.038300931453704834
vt 0.012555116787552834 0.03919440507888794
vt 0.02886980213224888 0.014938771724700928
vt 0.027862781658768654 0.01471710205078125
vt 0.02759929932653904 0.013569414615631104
vt 0.03009136952459812 0.015198230743408203
vt 0.02886980213224888 0.014938771724700928
vt 0.02868794836103916 0.013586103916168213
vt 0.02886980213224888 0.014938771724700928
vt 0.03009136952459812 0.015198230743408203
vt 0.030182981863617897 0.01649552583694458
vt 0.027862781658768654 0.01471710205078125
vt 0.02886980213224888 0.014938771724700928
vt 0.0290409866720438 0.015743255615234375
vt 0.03120567835867405 0.015256881713867188
vt 0.03009136952459812 0.015198230743408203
vt 0.030006611719727516 0.013604402542114258
vt 0.032255496829748154 0.015217900276184082
vt 0.03120567835867405 0.015256881713867188
vt 0.031147444620728493 0.01358717679977417
vt 0.03120567835867405 0.015256881713867188
vt 0.032255496829748154 0.015217900276184082
vt 0.032318200916051865 0.016615629196166992
vt 0.03009136952459812 0.015198230743408203
vt 0.03120567835867405 0.015256881713867188
vt 0.03125711902976036 0.01654672622680664
vt 0.03329923376441002 0.015172779560089111
vt 0.032255496829748154 0.015217900276184082
vt 0.03219940885901451 0.013550400733947754
vt 0.03412291035056114 0.015164613723754883
vt 0.03329923376441002 0.015172779560089111
vt 0.03324892744421959 0.013517022132873535
vt 0.03329923376441002 0.015172779560089111
vt 0.03412291035056114 0.015164613723754883
vt 0.0339939258992672 0.016060233116149902
vt 0.032255496829748154 0.015217900276184082
vt 0.03329923376441002 0.015172779560089111
vt 0.033364202827215195 0.016345441341400146
vt 0.005092109087854624 0.029274404048919678
vt 0.00426107132807374 0.029275119304656982
vt 0.004325444344431162 0.027584552764892578
vt 0.005919808987528086 0.029350578784942627
vt 0.005092109087854624 0.029274404048919678
vt 0.005166585091501474 0.027615606784820557
vt 0.005092109087854624 0.029274404048919678
vt 0.005919808987528086 0.029350578784942627
vt 0.005675131920725107 0.0302543044090271
vt 0.00426107132807374 0.029275119304656982
vt 0.005092109087854624 0.029274404048919678
vt 0.005045468453317881 0.030306220054626465
vt 0.025676632300019264 0.019806265830993652
vt 0.024557316675782204 0.019887030124664307
vt 0.024969423189759254 0.01904815435409546
vt 0.026699626818299294 0.019937753677368164
vt 0.025676632300019264 0.019806265830993652
vt 0.02601625956594944 0.0187341570854187
vt 0.025676632300019264 0.019806265830993652
vt 0.026699626818299294 0.019937753677368164
vt 0.0260253194719553 0.02090388536453247
vt 0.024557316675782204 0.019887030124664307
vt 0.025676632300019264 0.019806265830993652
vt 0.025219732895493507 0.020975470542907715
vt 0.04197349771857262 0.04264938831329346
vt 0.04105975851416588 0.04238945245742798
vt 0.04033705219626427 0.04052746295928955
vt 0.04285034164786339 0.04315072298049927
vt 0.04197349771857262 0.04264938831329346
vt 0.04153534397482872 0.04092049598693848
vt 0.04197349771857262 0.04264938831329346
vt 0.04285034164786339 0.04315072298049927
vt 0.04275384172797203 0.044109046459198
vt 0.04105975851416588 0.04238945245742798
vt 0.04197349771857262 0.04264938831329346
vt 0.04212256893515587 0.04407316446304321
vt 0.009813273325562477 0.029950320720672607
vt 0.008801901713013649 0.02978384494781494
vt 0.008569711819291115 0.028117775917053223
vt 0.011045718565583229 0.029971182346343994
vt 0.009813273325562477 0.029950320720672607
vt 0.009680414572358131 0.02830064296722412
vt 0.009813273325562477 0.029950320720672607
vt 0.011045718565583229 0.029971182346343994
vt 0.011083060875535011 0.031342923641204834
vt 0.008801901713013649 0.02978384494781494
vt 0.009813273325562477 0.029950320720672607
vt 0.009976530447602272 0.030987203121185303
vt 0.012160921469330788 0.029982388019561768
vt 0.011045718565583229 0.029971182346343994
vt 0.011025452986359596 0.028303682804107666
vt 0.012992287054657936 0.029874801635742188
vt 0.012160921469330788 0.029982388019561768
vt 0.012176508083939552 0.02831113338470459
vt 0.012160921469330788 0.029982388019561768
vt 0.012992287054657936 0.029874801635742188
vt 0.01298149861395359 0.031352341175079346
vt 0.011045718565583229 0.029971182346343994
vt 0.012160921469330788 0.029982388019561768
vt 0.012154186144471169 0.03137326240539551
vt 0.011298710480332375 0.020803332328796387
vt 0.010469073429703712 0.021174728870391846
vt 0.010391676798462868 0.019509732723236084
vt 0.012444192543625832 0.02057015895843506
vt 0.011298710480332375 0.020803332328796387
vt 0.011304045096039772 0.0192682147026062
vt 0.011298710480332375 0.020803332328796387
vt 0.012444192543625832 0.02057015895843506
vt 0.012391472235321999 0.022465884685516357
vt 0.010469073429703712 0.021174728870391846
vt 0.011298710480332375 0.020803332328796387
vt 0.011329883709549904 0.022554874420166016
vt 0.013743126764893532 0.02080434560775757
vt 0.012444192543625832 0.02057015895843506
vt 0.012453699484467506 0.01831507682800293
vt 0.014805102720856667 0.021158456802368164
vt 0.013743126764893532 0.02080434560775757
vt 0.013916278257966042 0.018900930881500244
vt 0.013743126764893532 0.02080434560775757
vt 0.014805102720856667 0.021158456802368164
vt 0.014383072033524513 0.02251988649368286
vt 0.012444192543625832 0.02057015895843506
vt 0.013743126764893532 0.02080434560775757
vt 0.013497645035386086 0.02247035503387451
vt 0.016585374251008034 0.02256941795349121
vt 0.015746140852570534 0.0222741961479187
vt 0.01576622761785984 0.02048492431640625
vt 0.017481738701462746 0.02265346050262451
vt 0.016585374251008034 0.02256941795349121
vt 0.01662343181669712 0.020659267902374268
vt 0.016585374251008034 0.02256941795349121
vt 0.017481738701462746 0.02265346050262451
vt 0.017211729660630226 0.023913562297821045
vt 0.015746140852570534 0.0222741961479187
vt 0.016585374251008034 0.02256941795349121
vt 0.016382241621613503 0.023836493492126465
vt 0.034628357738256454 0.02702808380126953
vt 0.034167613834142685 0.02731555700302124
vt 0.033065225929021835 0.02562028169631958
vt 0.035678353160619736 0.02659153938293457
vt 0.034628357738256454 0.02702808380126953
vt 0.034453775733709335 0.02580392360687256
vt 0.034628357738256454 0.02702808380126953
vt 0.035678353160619736 0.02659153938293457
vt 0.036082055419683456 0.027785003185272217
vt 0.034167613834142685 0.02731555700302124
vt 0.034628357738256454 0.02702808380126953
vt 0.0349903367459774 0.028188705444335938
vt 0.040274228900671005 0.01983422040939331
vt 0.03947731480002403 0.020190000534057617
vt 0.039340998977422714 0.01909548044204712
vt 0.04131897911429405 0.0195656418800354
vt 0.040274228900671005 0.01983422040939331
vt 0.04023626074194908 0.018808603286743164
vt 0.040274228900671005 0.01983422040939331
vt 0.04131897911429405 0.0195656418800354
vt 0.04135629162192345 0.0206795334815979
vt 0.03947731480002403 0.020190000534057617
vt 0.040274228900671005 0.01983422040939331
vt 0.04031100496649742 0.020860493183135986
vt 0.04236337170004845 0.019538402557373047
vt 0.04131897911429405 0.0195656418800354
vt 0.041284289211034775 0.01806819438934326
vt 0.043185021728277206 0.01963794231414795
vt 0.04236337170004845 0.019538402557373047
vt 0.042350973933935165 0.018438339233398438
vt 0.04236337170004845 0.019538402557373047
vt 0.043185021728277206 0.01963794231414795
vt 0.043038513511419296 0.0201532244682312
vt 0.04131897911429405 0.0195656418800354
vt 0.04236337170004845 0.019538402557373047
vt 0.04239824041724205 0.02038627862930298
vt 0.04176565632224083 0.028575420379638672
vt 0.04096051678061485 0.02855020761489868
vt 0.040976908057928085 0.027712762355804443
vt 0.04255404695868492 0.02873021364212036
vt 0.04176565632224083 0.028575420379638672
vt 0.04179408773779869 0.027856171131134033
vt 0.04176565632224083 0.028575420379638672
vt 0.04255404695868492 0.02873021364212036
vt 0.042350318282842636 0.02918916940689087
vt 0.04096051678061485 0.02855020761489868
vt 0.04176565632224083 0.028575420379638672
vt 0.04173251613974571 0.029103755950927734
vt 0.007858389988541603 0.04324740171432495
vt 0.007022554520517588 0.04310327768325806
vt 0.0070043751038610935 0.04229694604873657
vt 0.008894676342606544 0.04344058036804199
vt 0.007858389988541603 0.04324740171432495
vt 0.007843637838959694 0.04232567548751831
vt 0.007858389988541603 0.04324740171432495
vt 0.008894676342606544 0.04344058036804199
vt 0.008883679285645485 0.044175803661346436
vt 0.007022554520517588 0.04310327768325806
vt 0.007858389988541603 0.04324740171432495
vt 0.007821852341294289 0.04385095834732056
vt 0.009937131777405739 0.04350918531417847
vt 0.008894676342606544 0.04344058036804199
vt 0.008907699957489967 0.04237043857574463
vt 0.010762566700577736 0.04355067014694214
vt 0.009937131777405739 0.04350918531417847
vt 0.009962702170014381 0.04240989685058594
vt 0.009937131777405739 0.04350918531417847
vt 0.010762566700577736 0.04355067014694214
vt 0.010595167055726051 0.04414784908294678
vt 0.008894676342606544 0.04344058036804199
vt 0.009937131777405739 0.04350918531417847
vt 0.009950542822480202 0.04427593946456909
vt 0.01894342340528965 0.015248000621795654
vt 0.018128300085663795 0.015271544456481934
vt 0.01812540926039219 0.014164984226226807
vt 0.019761765375733376 0.015200138092041016
vt 0.01894342340528965 0.015248000621795654
vt 0.01895325817167759 0.014164745807647705
vt 0.01894342340528965 0.015248000621795654
vt 0.019761765375733376 0.015200138092041016
vt 0.019591504707932472 0.0158463716506958
vt 0.018128300085663795 0.015271544456481934
vt 0.01894342340528965 0.015248000621795654
vt 0.018937284126877785 0.01600325107574463
vt 0.014588797464966774 0.03649526834487915
vt 0.013756448403000832 0.03691399097442627
vt 0.01363077200949192 0.035256385803222656
vt 0.01544850505888462 0.036343157291412354
vt 0.014588797464966774 0.03649526834487915
vt 0.01466294564306736 0.03524351119995117
vt 0.014588797464966774 0.03649526834487915
vt 0.01544850505888462 0.036343157291412354
vt 0.015176767483353615 0.037164390087127686
vt 0.013756448403000832 0.03691399097442627
vt 0.014588797464966774 0.03649526834487915
vt 0.014523917809128761 0.03747284412384033
vt 0.03201111778616905 0.031118035316467285
vt 0.031239593401551247 0.03114396333694458
vt 0.031021738424897194 0.029895007610321045
vt 0.03276875242590904 0.03134649991989136
vt 0.03201111778616905 0.031118035316467285
vt 0.03203054890036583 0.030021727085113525
vt 0.03201111778616905 0.031118035316467285
vt 0.03276875242590904 0.03134649991989136
vt 0.03257712349295616 0.03207385540008545
vt 0.031239593401551247 0.03114396333694458
vt 0.03201111778616905 0.031118035316467285
vt 0.03198757395148277 0.03207963705062866
vt 0.016857529059052467 0.013325214385986328
vt 0.016042524948716164 0.013044774532318115
vt 0.016058797016739845 0.011858582496643066
vt 0.017652178183197975 0.013633549213409424
vt 0.016857529059052467 0.013325214385986328
vt 0.016883427277207375 0.011989116668701172
vt 0.016857529059052467 0.013325214385986328
vt 0.017652178183197975 0.013633549213409424
vt 0.017449313774704933 0.01440119743347168
vt 0.016042524948716164 0.013044774532318115
vt 0.016857529059052467 0.013325214385986328
vt 0.01683616079390049 0.014324307441711426
vt 0.011660480871796608 0.017427921295166016
vt 0.010832095518708229 0.01735919713973999
vt 0.01083272136747837 0.015782654285430908
vt 0.012490475550293922 0.01733386516571045
vt 0.011660480871796608 0.017427921295166016
vt 0.011668020859360695 0.015804827213287354
vt 0.011660480871796608 0.017427921295166016
vt 0.012490475550293922 0.01733386516571045
vt 0.012326681986451149 0.01814579963684082
vt 0.010832095518708229 0.01735919713973999
vt 0.011660480871796608 0.017427921295166016
vt 0.011655444279313087 0.018531501293182373
vt 0.03727206215262413 0.02931278944015503
vt 0.03621366247534752 0.029184818267822266
vt 0.036082055419683456 0.027785003185272217
vt 0.03809573873877525 0.029530227184295654
vt 0.03727206215262413 0.02931278944015503
vt 0.03720172867178917 0.028346240520477295
vt 0.03727206215262413 0.02931278944015503
vt 0.03809573873877525 0.029530227184295654
vt 0.037962403148412704 0.03015613555908203
vt 0.03621366247534752 0.029184818267822266
vt 0.03727206215262413 0.02931278944015503
vt 0.037343885749578476 0.03028017282485962
vt 0.012154364958405495 0.03245556354522705
vt 0.011337930336594582 0.03241699934005737
vt 0.011083060875535011 0.031342923641204834
vt 0.01296844519674778 0.03248631954193115
vt 0.012154364958405495 0.03245556354522705
vt 0.012154186144471169 0.03137326240539551
vt 0.012154364958405495 0.03245556354522705
vt 0.01296844519674778 0.03248631954193115
vt 0.012801909819245338 0.03308683633804321
vt 0.011337930336594582 0.03241699934005737
vt 0.012154364958405495 0.03245556354522705
vt 0.012153888121247292 0.03321009874343872
vt 0.011355603113770485 0.023758649826049805
vt 0.010539466515183449 0.023801863193511963
vt 0.010498816147446632 0.022662341594696045
vt 0.012382442131638527 0.023681819438934326
vt 0.011355603113770485 0.023758649826049805
vt 0.011329883709549904 0.022554874420166016
vt 0.011355603113770485 0.023758649826049805
vt 0.012382442131638527 0.023681819438934326
vt 0.01239403523504734 0.024399638175964355
vt 0.010539466515183449 0.023801863193511963
vt 0.011355603113770485 0.023758649826049805
vt 0.011343086138367653 0.024515748023986816
vt 0.013404393568634987 0.02346062660217285
vt 0.012382442131638527 0.023681819438934326
vt 0.012391472235321999 0.022465884685516357
vt 0.014231527224183083 0.02329099178314209
vt 0.013404393568634987 0.02346062660217285
vt 0.013497645035386086 0.02247035503387451
vt 0.013404393568634987 0.02346062660217285
vt 0.014231527224183083 0.02329099178314209
vt 0.014100098982453346 0.023750007152557373
vt 0.012382442131638527 0.023681819438934326
vt 0.013404393568634987 0.02346062660217285
vt 0.013442272320389748 0.024028539657592773
vt 0.01627817191183567 0.024506866931915283
vt 0.015452736988663673 0.0245322585105896
vt 0.0155577901750803 0.023733198642730713
vt 0.017072254791855812 0.024710476398468018
vt 0.01627817191183567 0.024506866931915283
vt 0.016382241621613503 0.023836493492126465
vt 0.01627817191183567 0.024506866931915283
vt 0.017072254791855812 0.024710476398468018
vt 0.01681354083120823 0.025158226490020752
vt 0.015452736988663673 0.0245322585105896
vt 0.01627817191183567 0.024506866931915283
vt 0.01620304025709629 0.025008440017700195
vt 0.03517397865653038 0.029208779335021973
vt 0.03436383232474327 0.02932262420654297
vt 0.03413739427924156 0.028565049171447754
vt 0.03621366247534752 0.029184818267822266
vt 0.03517397865653038 0.029208779335021973
vt 0.0349903367459774 0.028188705444335938
vt 0.03517397865653038 0.029208779335021973
vt 0.03621366247534752 0.029184818267822266
vt 0.03629174456000328 0.03020709753036499
vt 0.03436383232474327 0.02932262420654297
vt 0.03517397865653038 0.029208779335021973
vt 0.03522440418601036 0.029973089694976807
vt 0.004967177752405405 0.032626450061798096
vt 0.004112536553293467 0.03265625238418579
vt 0.003913516644388437 0.0318831205368042
vt 0.005748356226831675 0.032862961292266846
vt 0.004967177752405405 0.032626450061798096
vt 0.004975075367838144 0.03193497657775879
vt 0.004967177752405405 0.032626450061798096
vt 0.005748356226831675 0.032862961292266846
vt 0.005498523358255625 0.03335350751876831
vt 0.004112536553293467 0.03265625238418579
vt 0.004967177752405405 0.032626450061798096
vt 0.004954541567713022 0.033197879791259766
vt 0.021659785881638527 0.035280704498291016
vt 0.020838463678956032 0.03547018766403198
vt 0.020716244354844093 0.034513652324676514
vt 0.022504830732941628 0.03528773784637451
vt 0.021659785881638527 0.035280704498291016
vt 0.021814072504639626 0.03421127796173096
vt 0.021659785881638527 0.035280704498291016
vt 0.022504830732941628 0.03528773784637451
vt 0.022207671776413918 0.036002159118652344
vt 0.020838463678956032 0.03547018766403198
vt 0.021659785881638527 0.035280704498291016
vt 0.021518820896744728 0.036212801933288574
vt 0.013953858986496925 0.042001545429229736
vt 0.013152772560715675 0.04211139678955078
vt 0.01261853612959385 0.040585875511169434
vt 0.014767462387681007 0.042147696018218994
vt 0.013953858986496925 0.042001545429229736
vt 0.013887429609894753 0.04096919298171997
vt 0.013953858986496925 0.042001545429229736
vt 0.014767462387681007 0.042147696018218994
vt 0.014618778601288795 0.04266172647476196
vt 0.013152772560715675 0.04211139678955078
vt 0.013953858986496925 0.042001545429229736
vt 0.014006311073899269 0.042869389057159424
vt 0.03128429874777794 0.017329633235931396
vt 0.03047635592520237 0.01736009120941162
vt 0.030182981863617897 0.01649552583694458
vt 0.03209170326590538 0.017391085624694824
vt 0.03128429874777794 0.017329633235931396
vt 0.03125711902976036 0.01654672622680664
vt 0.03128429874777794 0.017329633235931396
vt 0.03209170326590538 0.017391085624694824
vt 0.03193559870123863 0.017892181873321533
vt 0.03047635592520237 0.01736009120941162
vt 0.03128429874777794 0.017329633235931396
vt 0.031302716583013535 0.017893731594085693
vt 0.03739979490637779 0.03391975164413452
vt 0.03656771406531334 0.03393071889877319
vt 0.03650679811835289 0.030359208583831787
vt 0.03826489672064781 0.033805668354034424
vt 0.03739979490637779 0.03391975164413452
vt 0.037468280643224716 0.030949294567108154
vt 0.03739979490637779 0.03391975164413452
vt 0.03826489672064781 0.033805668354034424
vt 0.03844436630606651 0.03721410036087036
vt 0.03656771406531334 0.03393071889877319
vt 0.03739979490637779 0.03391975164413452
vt 0.0373547337949276 0.03696548938751221
vt 0.018702590838074684 0.02250683307647705
vt 0.017592037096619606 0.022784948348999023
vt 0.017918521538376808 0.020641028881072998
vt 0.01981263794004917 0.022226691246032715
vt 0.018702590838074684 0.02250683307647705
vt 0.01885511912405491 0.01983720064163208
vt 0.018702590838074684 0.02250683307647705
vt 0.01981263794004917 0.022226691246032715
vt 0.01928856410086155 0.024206340312957764
vt 0.017592037096619606 0.022784948348999023
vt 0.018702590838074684 0.02250683307647705
vt 0.018453324213624 0.025177597999572754
vt 0.038034047931432724 0.017392277717590332
vt 0.03710123524069786 0.017391085624694824
vt 0.03668537363409996 0.01435476541519165
vt 0.03890928253531456 0.017533957958221436
vt 0.038034047931432724 0.017392277717590332
vt 0.03774389252066612 0.014475464820861816
vt 0.038034047931432724 0.017392277717590332
vt 0.03890928253531456 0.017533957958221436
vt 0.038549747318029404 0.01952362060546875
vt 0.03710123524069786 0.017391085624694824
vt 0.038034047931432724 0.017392277717590332
vt 0.037922170013189316 0.020011067390441895
vt 0.005546743515878916 0.04126906394958496
vt 0.005131299141794443 0.04101133346557617
vt 0.003913516644388437 0.038229286670684814
vt 0.006662482861429453 0.041433632373809814
vt 0.005546743515878916 0.04126906394958496
vt 0.005167181137949228 0.03824275732040405
vt 0.005546743515878916 0.04126906394958496
vt 0.006662482861429453 0.041433632373809814
vt 0.007095600012689829 0.04481148719787598
vt 0.005131299141794443 0.04101133346557617
vt 0.005546743515878916 0.04126906394958496
vt 0.005886251572519541 0.04392373561859131
vt 0.007182920817285776 0.030651211738586426
vt 0.006314034108072519 0.030738651752471924
vt 0.006364727858453989 0.027529537677764893
vt 0.008017951622605324 0.0304601788520813
vt 0.007182920817285776 0.030651211738586426
vt 0.007299626711755991 0.027519643306732178
vt 0.007182920817285776 0.030651211738586426
vt 0.008017951622605324 0.0304601788520813
vt 0.00786941684782505 0.03254050016403198
vt 0.006314034108072519 0.030738651752471924
vt 0.007182920817285776 0.030651211738586426
vt 0.007232631091028452 0.033496201038360596
vt 0.04030570015311241 0.015501916408538818
vt 0.03947075828909874 0.015611648559570312
vt 0.039375629276037216 0.012597441673278809
vt 0.04114743694663048 0.015889227390289307
vt 0.04030570015311241 0.015501916408538818
vt 0.04022642597556114 0.012541115283966064
vt 0.04030570015311241 0.015501916408538818
vt 0.04114743694663048 0.015889227390289307
vt 0.04101511463522911 0.017968416213989258
vt 0.03947075828909874 0.015611648559570312
vt 0.04030570015311241 0.015501916408538818
vt 0.040385689586400986 0.01830732822418213
vt 0.0048934766091406345 0.02049940824508667
vt 0.004039908293634653 0.019353151321411133
vt 0.003913516644388437 0.01610887050628662
vt 0.005925620440393686 0.021678447723388672
vt 0.0048934766091406345 0.02049940824508667
vt 0.004943306092172861 0.01796126365661621
vt 0.0048934766091406345 0.02049940824508667
vt 0.005925620440393686 0.021678447723388672
vt 0.00587734067812562 0.023647665977478027
vt 0.004039908293634653 0.019353151321411133
vt 0.0048934766091406345 0.02049940824508667
vt 0.004841173533350229 0.022719144821166992
vt 0.0069665261544287205 0.022088825702667236
vt 0.005925620440393686 0.021678447723388672
vt 0.005990887526422739 0.019144117832183838
vt 0.008022809401154518 0.02179563045501709
vt 0.0069665261544287205 0.022088825702667236
vt 0.00703131640329957 0.01957070827484131
vt 0.0069665261544287205 0.022088825702667236
vt 0.008022809401154518 0.02179563045501709
vt 0.00798010267317295 0.023813366889953613
vt 0.005925620440393686 0.021678447723388672
vt 0.0069665261544287205 0.022088825702667236
vt 0.006923104170709848 0.023973524570465088
vt 0.009095842018723488 0.020870506763458252
vt 0.008022809401154518 0.02179563045501709
vt 0.008114660158753395 0.01878589391708374
vt 0.009968185797333717 0.019955933094024658
vt 0.009095842018723488 0.020870506763458252
vt 0.0092292670160532 0.017763853073120117
vt 0.009095842018723488 0.020870506763458252
vt 0.009968185797333717 0.019955933094024658
vt 0.009742015972733498 0.02214658260345459
vt 0.008022809401154518 0.02179563045501709
vt 0.009095842018723488 0.020870506763458252
vt 0.009047234430909157 0.023282110691070557
vt 0.007098639849573374 0.016289591789245605
vt 0.006243074778467417 0.016614854335784912
vt 0.006291384343057871 0.013244450092315674
vt 0.007952982559800148 0.016314148902893066
vt 0.007098639849573374 0.016289591789245605
vt 0.007158870343118906 0.012868940830230713
vt 0.007098639849573374 0.016289591789245605
vt 0.007952982559800148 0.016314148902893066
vt 0.007728601340204477 0.018618762493133545
vt 0.006243074778467417 0.016614854335784912
vt 0.007098639849573374 0.016289591789245605
vt 0.007044012192636728 0.019428908824920654
vn 0.5000345159097227 0.8221128278286388 0.2722057699949214
vn 0.5000345159097227 0.8221128278286388 0.2722057699949214
vn 0.5000345159097227 0.8221128278286388 0.2722057699949214
vn 0.5349110049151143 0.8135725375568116 -0.22796917106063436
vn 0.5349110049151143 0.8135725375568116 -0.22796917106063436
vn 0.5349110049151143 0.8135725375568116 -0.22796917106063436
vn 0.3102255757362358 0.9136417809964332 -0.26271427098044453
vn 0.3102255757362358 0.9136417809964332 -0.26271427098044453
vn 0.3102255757362358 0.9136417809964332 -0.26271427098044453
vn 0.2254580367888545 0.8858110149736529 0.40559526550326286
vn 0.2254580367888545 0.8858110149736529 0.40559526550326286
vn 0.2254580367888545 0.8858110149736529 0.40559526550326286
vn 0.10236762867025233 0.9044440682490175 0.4141277532472271
vn 0.10236762867025233 0.9044440682490175 0.4141277532472271
vn 0.10236762867025233 0.9044440682490175 0.4141277532472271
vn 0.09475103059067151 0.9567333342363046 -0.27510646914074827
vn 0.09475103059067151 0.9567333342363046 -0.27510646914074827
vn 0.09475103059067151 0.9567333342363046 -0.27510646914074827
vn -0.271053195716691 0.8846080546057568 -0.3794716785458274
vn -0.271053195716691 0.8846080546057568 -0.3794716785458274
vn -0.271053195716691 0.8846080546057568 -0.3794716785458274
vn -0.3505093317703462 0.8245503578713984 0.444139522758394
vn -0.3505093317703462 0.8245503578713984 0.444139522758394
vn -0.3505093317703462 0.8245503578713984 0.444139522758394
vn -0.5473112491440575 0.8369291466787205 0
vn -0.5473114289994301 0.8369290290619591 -8.973096106116622e-8
vn -0.5473115542496663 0.8369289471542957 -1.287515825660878e-7
vn 0 0.8978257974968543 -0.44035081168216056
vn 0 0.8978257974968543 -0.44035081168216056
vn 0 0.8978257974968543 -0.44035081168216056
vn 1.1927228478415981e-14 0.9999999999999991 -4.371139183945157e-8
vn 2.6090855177577914e-15 0.9999999999999991 -4.371138473402421e-8
vn 1.1927236101712507e-14 0.9999999999999991 -4.371138118131053e-8
vn 2.6090855177577914e-15 0.9999999999999991 -4.371138473402421e-8
vn 4.1745392001047185e-15 0.9999999999999991 -4.371138473402421e-8
vn 0 0.9999999999999991 -4.371139539216525e-8
vn 4.1745392001047185e-15 0.9999999999999991 -4.371138473402421e-8
vn 2.6090855177577914e-15 0.9999999999999991 -4.371138473402421e-8
vn -5.218198564086369e-15 0.9999999999999991 -4.371139183945157e-8
vn 2.6090855177577914e-15 0.9999999999999991 -4.371138473402421e-8
vn 1.1927228478415981e-14 0.9999999999999991 -4.371139183945157e-8
vn -5.218182470460371e-15 0.9999999999999991 -4.3711402497592604e-8
vn 0.6355067631156268 0.43847734699400953 -0.6355067035109807
vn 0.6355067018284304 0.4384775246470466 -0.6355066422237845
vn 0.6355068740203278 0.438477371066457 -0.6355065759971013
vn 0 1 0
vn 0 1 0
vn 0 1 0
vn 0 1 0
vn 0 1 0
vn 0 1 0
vn 0 0.5679062061818917 -0.8230932759900854
vn 0 0.5679064387715154 -0.8230931155111523
vn 0 0.5679063705288361 -0.8230931625962911
vn -0.8230933980218783 0.5679060293154122 0
vn -0.8230933980218783 0.5679060293154122 0
vn -0.8230933980218783 0.5679060293154122 0
vn 0.6355065294264588 0.43847802438770883 -0.6355064698218178
vn 0.6355065294264588 0.43847802438770883 -0.6355064698218178
vn 0.6355065294264588 0.43847802438770883 -0.6355064698218178
vn 0 0.5679059889342958 -0.8230934258834532
vn 0 0.5679059889342958 -0.8230934258834532
vn 0 0.5679059889342958 -0.8230934258834532
vn 1.1927286923689342e-14 0.9999999999999991 -4.3711434472015714e-8
vn 2.3854580623642262e-14 0.9999999999999991 -4.371139183945157e-8
vn 5.9636451559105654e-15 0.9999999999999991 -4.371138828673789e-8
vn 0.48010724406628547 0.7341625632915455 -0.48010661821752026
vn 0.48010724406628547 0.7341625632915455 -0.48010661821752026
vn 0.48010724406628547 0.7341625632915455 -0.48010661821752026
vn 0.5473112908941526 0.8369291193761726 -1.794178089872836e-8
vn 0.547311221841507 0.8369291645332609 1.197805179041466e-7
vn 0.547311180091408 0.8369291918358064 -1.1978045075738861e-7
vn 0.27330209834601393 0.6548483735282238 0.7046130645447227
vn 0.27330209834601393 0.6548483735282238 0.7046130645447227
vn 0.27330209834601393 0.6548483735282238 0.7046130645447227
vn 0.6176660502864652 0.76186820553035 -0.1950525255552527
vn 0.6176660502864652 0.76186820553035 -0.1950525255552527
vn 0.6176660502864652 0.76186820553035 -0.1950525255552527
vn -0.41634701056511203 0.9045880679669748 -0.09151827186562356
vn -0.41634701056511203 0.9045880679669748 -0.09151827186562356
vn -0.41634701056511203 0.9045880679669748 -0.09151827186562356
vn -0.3954665878860732 0.5763256433218651 0.715160772634647
vn -0.3954665878860732 0.5763256433218651 0.715160772634647
vn -0.3954665878860732 0.5763256433218651 0.715160772634647
vn -0.3424995905505985 0.7441332431985521 0.5735501258298847
vn -0.3424995905505985 0.7441332431985521 0.5735501258298847
vn -0.3424995905505985 0.7441332431985521 0.5735501258298847
vn -0.379287185957633 0.8941488329002744 -0.23798969555721755
vn -0.379287185957633 0.8941488329002744 -0.23798969555721755
vn -0.379287185957633 0.8941488329002744 -0.23798969555721755
vn -0.40989901673330537 0.8395125658627512 -0.35665311976710545
vn -0.40989901673330537 0.8395125658627512 -0.35665311976710545
vn -0.40989901673330537 0.8395125658627512 -0.35665311976710545
vn -0.48093502785766884 0.6248696921912614 0.6150116801820447
vn -0.48093502785766884 0.6248696921912614 0.6150116801820447
vn -0.48093502785766884 0.6248696921912614 0.6150116801820447
vn -2.005385061568802e-14 0.9999999999999991 -4.371138828673789e-8
vn -2.005385061568802e-14 0.9999999999999991 -4.371138828673789e-8
vn -2.005385061568802e-14 0.9999999999999991 -4.371138828673789e-8
vn 0.44035138595232576 0.8978255158379574 -4.1435895508948404e-7
vn 0.44035138595232576 0.8978255158379574 -4.1435895508948404e-7
vn 0.44035138595232576 0.8978255158379574 -4.1435895508948404e-7
vn 0.4344402908290321 0.6643305510509186 0.6082158766792993
vn 0.4344402908290321 0.6643305510509186 0.6082158766792993
vn 0.4344402908290321 0.6643305510509186 0.6082158766792993
vn 0.6297541462611809 0.5492663559572863 -0.5492869791650398
vn 0.6297541462611809 0.5492663559572863 -0.5492869791650398
vn 0.6297541462611809 0.5492663559572863 -0.5492869791650398
vn 0.6539182520476977 0.6943342534406044 0.30048438251922865
vn 0.6553629538113495 0.6958684220469927 0.2937116578712727
vn 0.6542614367027405 0.6946973448795812 0.2988939133888914
vn 0.5402950247203752 0.7184551425975487 0.438067910645764
vn 0.5402950247203752 0.7184551425975487 0.438067910645764
vn 0.5402950247203752 0.7184551425975487 0.438067910645764
vn 0.1806506806164717 0.9322627153707422 0.3134510506002109
vn 0.1806506806164717 0.9322627153707422 0.3134510506002109
vn 0.1806506806164717 0.9322627153707422 0.3134510506002109
vn -0.13993402092880725 0.7944384369101481 0.5910042637295071
vn -0.13993402092880725 0.7944384369101481 0.5910042637295071
vn -0.13993402092880725 0.7944384369101481 0.5910042637295071
vn -0.43444012850522934 0.6643302922758139 -0.6082162752747511
vn -0.43444012850522934 0.6643302922758139 -0.6082162752747511
vn -0.43444012850522934 0.6643302922758139 -0.6082162752747511
vn -0.5473112491440575 0.8369291466787205 0
vn -0.5473112491440575 0.8369291466787205 0
vn -0.5473112908941529 0.8369291193761729 0
vn 4.1745392001047185e-15 0.9999999999999991 -4.371138473402421e-8
vn 0 0.9999999999999991 -4.3711366970455816e-8
vn 0 0.9999999999999991 -4.371139183945157e-8
vn 1.770332951334416e-7 0.8369291193761597 -0.5473112908941442
vn 1.8123543958679912e-7 0.8369291015216077 -0.5473113181966928
vn 0 0.8369291372307215 -0.547311263591606
vn 1.8123543958679912e-7 0.8369291015216077 -0.5473113181966928
vn 1.770332951334416e-7 0.8369291193761597 -0.5473112908941442
vn 1.8186486363841702e-7 0.8369291466787068 -0.5473112491440485
vn 0.8230931155111241 0.5679064387714959 2.6209622181305184e-7
vn 0.8230931155111241 0.5679064387714959 2.6209622181305184e-7
vn 0.8230931155111241 0.5679064387714959 2.6209622181305184e-7
vn 0 0.5679061129001464 0.8230933403512912
vn 0 0.5679060850385661 0.823093359574823
vn -2.620963812823687e-7 0.5679060571769687 0.8230933787983239
vn -0.014886079772208492 0.8458125231674996 -0.5332725197139296
vn -0.014886079772208492 0.8458125231674996 -0.5332725197139296
vn -0.014886079772208492 0.8458125231674996 -0.5332725197139296
vn 0 0.8459062461912926 -0.5333316254025783
vn 0 0.8459062461912926 -0.5333316254025783
vn 0 0.8459062461912926 -0.5333316254025783
vn -0.6355066918412688 0.43847772637250987 0.6355065130273339
vn -0.6355066405412094 0.4384777023000655 0.6355065809365636
vn -0.6355067273734581 0.4384777097633462 0.6355064889548871
vn 0.8230932846281251 0.5679061936623652 8.973886053353794e-8
vn 0.8230932567665189 0.5679062340434525 2.620963803835976e-7
vn 0.8230933230751947 0.5679061379392067 -8.973883041204921e-8
vn -0.030063841862754338 0.5693973373072411 0.821512530446052
vn -0.030063841862754338 0.5693973373072411 0.821512530446052
vn -0.030063841862754338 0.5693973373072411 0.821512530446052
vn -0.6366712233580563 0.43928115059993417 0.6337837360451547
vn -0.6366712233580563 0.43928115059993417 0.6337837360451547
vn -0.6366712233580563 0.43928115059993417 0.6337837360451547
vn -0.8230933787983488 0.5679060571769858 -8.973891464703682e-8
vn -0.8230933038516364 0.5679061658007677 -2.62096376397024e-7
vn -0.823093406659926 0.5679060167958695 -8.61786793913877e-8
vn 0.547311221841507 0.8369291645332609 1.197805179041466e-7
vn 0.547311359946775 0.8369290742190436 2.5750284482753813e-7
vn 0.5473112908941526 0.8369291193761726 1.794178978051231e-8
vn 0.0621785939328462 0.9903643855349878 0.1237425000573375
vn 0.0621785939328462 0.9903643855349878 0.1237425000573375
vn 0.0621785939328462 0.9903643855349878 0.1237425000573375
vn 0.43443999884314294 0.6643303358964059 0.6082163202454687
vn 0.43443999884314294 0.6643303358964059 0.6082163202454687
vn 0.43443999884314294 0.6643303358964059 0.6082163202454687
vn 0.4998629040192681 0.786045568448877 0.3636886601302079
vn 0.4998629040192681 0.786045568448877 0.3636886601302079
vn 0.4998629040192681 0.786045568448877 0.3636886601302079
vn -0.0859150641614207 0.9159026513802683 0.3920981190272835
vn -0.0859150641614207 0.9159026513802683 0.3920981190272835
vn -0.0859150641614207 0.9159026513802683 0.3920981190272835
vn -0.0778015776434621 0.8347181070677616 0.5451537363436127
vn -0.0696057342190368 0.840920522745169 0.5366635036871991
vn -0.07011319705068406 0.840539814020555 0.5371935969886675
vn -0.2045273945624041 0.8244029342582989 0.527757848695613
vn -0.2045273945624041 0.8244029342582989 0.527757848695613
vn -0.2045273945624041 0.8244029342582989 0.527757848695613
vn -0.205927632990652 0.9001252876855191 0.38388575962117755
vn -0.205927632990652 0.9001252876855191 0.38388575962117755
vn -0.205927632990652 0.9001252876855191 0.38388575962117755
vn -0.5752147519945873 0.7435615767090679 0.3409459938608025
vn -0.5752147519945873 0.7435615767090679 0.3409459938608025
vn -0.5752147519945873 0.7435615767090679 0.3409459938608025
vn -0.6071325772545191 0.5578818534410517 0.5658249475212828
vn -0.6071325772545191 0.5578818534410517 0.5658249475212828
vn -0.6071325772545191 0.5578818534410517 0.5658249475212828
vn 0.7294561177946816 0.5882967638756141 0.3489995556234869
vn 0.7294561177946816 0.5882967638756141 0.3489995556234869
vn 0.7294561177946816 0.5882967638756141 0.3489995556234869
vn 0.7562444850877115 0.5512326988434462 -0.35247239679185166
vn 0.7562444850877115 0.5512326988434462 -0.35247239679185166
vn 0.7562444850877115 0.5512326988434462 -0.35247239679185166
vn 0.5722867843131826 0.8198570942481045 -0.017949415353475457
vn 0.5722867843131826 0.8198570942481045 -0.017949415353475457
vn 0.5722867843131826 0.8198570942481045 -0.017949415353475457
vn 0.4758545587348942 0.7561743464473241 0.4491801383700991
vn 0.4758545587348942 0.7561743464473241 0.4491801383700991
vn 0.4758545587348942 0.7561743464473241 0.4491801383700991
vn 0.21651981735649795 0.8327774391886023 0.5095104566840437
vn 0.21986058471082884 0.8337189599423145 0.5065313604539385
vn 0.2135617850998969 0.8319313405336952 0.5121343657505855
vn 0.45408279021744047 0.8908888748685951 -0.011217498103977654
vn 0.45408279021744047 0.8908888748685951 -0.011217498103977654
vn 0.45408279021744047 0.8908888748685951 -0.011217498103977654
vn -1.8635348623925305e-7 0.99789892103591 -0.06478999456190628
vn -1.8635348623925305e-7 0.99789892103591 -0.06478999456190628
vn -1.8635348623925305e-7 0.99789892103591 -0.06478999456190628
vn 0.523195729663837 0.8391114250460859 -0.14885645709424963
vn 0.523195729663837 0.8391114250460859 -0.14885645709424963
vn 0.523195729663837 0.8391114250460859 -0.14885645709424963
vn 1.4931825213318905e-7 0.9995353112892873 0.030482150281850386
vn 1.4931825213318905e-7 0.9995353112892873 0.030482150281850386
vn 1.4931825213318905e-7 0.9995353112892873 0.030482150281850386
vn -0.3854926045352399 0.9211031356876216 0.05444690326426241
vn -0.3854926045352399 0.9211031356876216 0.05444690326426241
vn -0.3854926045352399 0.9211031356876216 0.05444690326426241
vn 0.41743435686139174 0.6481806516357194 -0.6368754984742391
vn 0.41743435686139174 0.6481806516357194 -0.6368754984742391
vn 0.41743435686139174 0.6481806516357194 -0.6368754984742391
vn 0.5426166852972587 0.3905980599462655 -0.7436398916163852
vn 0.5426166852972587 0.3905980599462655 -0.7436398916163852
vn 0.5426166852972587 0.3905980599462655 -0.7436398916163852
vn 0.5427883113835006 0.7419332055943442 -0.39359365780198824
vn 0.5427883113835006 0.7419332055943442 -0.39359365780198824
vn 0.5427883113835006 0.7419332055943442 -0.39359365780198824
vn 0.5393844025068567 0.2972568747358244 -0.7878469500826996
vn 0.5393844025068567 0.2972568747358244 -0.7878469500826996
vn 0.5393844025068567 0.2972568747358244 -0.7878469500826996
vn -0.5837895223343229 0.37244769606622635 -0.7214378055713625
vn -0.5837895223343229 0.37244769606622635 -0.7214378055713625
vn -0.5837895223343229 0.37244769606622635 -0.7214378055713625
vn -0.7125334711052526 0.6152319287373087 -0.3373213992868986
vn -0.7125334711052526 0.6152319287373087 -0.3373213992868986
vn -0.7125334711052526 0.6152319287373087 -0.3373213992868986
vn -0.4053552467880054 0.4435165517357479 -0.7993623660379985
vn -0.4053552467880054 0.4435165517357479 -0.7993623660379985
vn -0.4053552467880054 0.4435165517357479 -0.7993623660379985
vn -0.49852582770974146 0.6099700922676826 -0.6159614319462476
vn -0.49852582770974146 0.6099700922676826 -0.6159614319462476
vn -0.49852582770974146 0.6099700922676826 -0.6159614319462476
vn -0.29472817939717844 0.6295622963028848 -0.7188787208862586
vn -0.29472817939717844 0.6295622963028848 -0.7188787208862586
vn -0.29472817939717844 0.6295622963028848 -0.7188787208862586
vn -0.40584248649708804 0.6280826979676546 -0.6639307197799577
vn -0.40584248649708804 0.6280826979676546 -0.6639307197799577
vn -0.40584248649708804 0.6280826979676546 -0.6639307197799577
vn -0.5206694520454951 0.7884771102885325 -0.32742505746764305
vn -0.5213934851900389 0.7882510228553397 -0.32681670484982195
vn -0.5136731340696709 0.7906098157903757 -0.33328070827899725
vn -0.35252423405933453 0.6248362960693451 -0.6966392664178651
vn -0.35252423405933453 0.6248362960693451 -0.6966392664178651
vn -0.35252423405933453 0.6248362960693451 -0.6966392664178651
vn -0.3407183464105004 0.6083313006294515 -0.7168291547459368
vn -0.3407183464105004 0.6083313006294515 -0.7168291547459368
vn -0.3407183464105004 0.6083313006294515 -0.7168291547459368
vn -0.5090331486815141 0.807368465503375 -0.29839808051344574
vn -0.5090331486815141 0.807368465503375 -0.29839808051344574
vn -0.5090331486815141 0.807368465503375 -0.29839808051344574
vn -0.4881432609078685 0.8715495389707312 -0.046016931124734005
vn -0.4881432609078685 0.8715495389707312 -0.046016931124734005
vn -0.4881432609078685 0.8715495389707312 -0.046016931124734005
vn 0.10557213773088166 0.9943363292047098 -0.012238797270759513
vn 0.10557213773088166 0.9943363292047098 -0.012238797270759513
vn 0.10557213773088166 0.9943363292047098 -0.012238797270759513
vn 0 0.8433447106098935 0.5373729608812814
vn 0 0.8433447106098935 0.5373729608812814
vn 0 0.8433447106098935 0.5373729608812814
vn 0.6552927459907738 0.3757425229046375 -0.6552930440139961
vn 0.6552927459907738 0.3757425229046375 -0.6552930440139961
vn 0.6552927459907738 0.3757425229046375 -0.6552930440139961
vn 2.880939579102878e-7 0.49742510972021187 -0.8675069222892415
vn 2.869606160018383e-7 0.497424994286499 -0.8675069884784756
vn 2.8719663898844797e-7 0.4974254078724262 -0.8675067513298488
vn -0.03094501976874775 0.8427726707604565 0.5373794108177191
vn -0.03094501976874775 0.8427726707604565 0.5373794108177191
vn -0.03094501976874775 0.8427726707604565 0.5373794108177191
vn -4.472755360393961e-15 0.9999999999999991 -4.3711370523169495e-8
vn -4.472755360393961e-15 0.9999999999999991 -4.3711370523169495e-8
vn -4.472755360393961e-15 0.9999999999999991 -4.3711370523169495e-8
vn -0.8675066851373101 0.4974255233042298 -0.0000027548203886846924
vn -0.8675066851373101 0.4974255233042298 -0.0000027548203886846924
vn -0.8675066851373101 0.4974255233042298 -0.0000027548203886846924
vn 3.8112620156204004e-15 0.9999999999999991 -4.3711366970455816e-8
vn 3.8112620156204004e-15 0.9999999999999991 -4.3711366970455816e-8
vn 3.8112620156204004e-15 0.9999999999999991 -4.3711366970455816e-8
vn 0.3556996984950387 0.9346003019956459 -4.313308229448849e-7
vn 0.3556996984950387 0.9346003019956459 -4.313308229448849e-7
vn 0.3556996984950387 0.9346003019956459 -4.313308229448849e-7
vn -3.2725907571937436e-8 0.8509197301290976 0.5252957384912071
vn -3.2725907571937436e-8 0.8509197301290976 0.5252957384912071
vn -3.2725907571937436e-8 0.8509197301290976 0.5252957384912071
vn 1.5597468689420285e-7 0.6962557929742972 -0.7177937522364679
vn 1.1651180443006062e-7 0.6962556719773497 -0.717793869602796
vn 6.548412180768023e-8 0.69625561147887 -0.7177939282859535
vn 1.1651180443006062e-7 0.6962556719773497 -0.717793869602796
vn 1.5597468689420285e-7 0.6962557929742972 -0.7177937522364679
vn 2.0051175265495188e-7 0.6962558841827272 -0.7177936637647957
vn 0.02437685021342482 0.8504650466583992 0.5254664343095559
vn 0.02437685021342482 0.8504650466583992 0.5254664343095559
vn 0.02437685021342482 0.8504650466583992 0.5254664343095559
vn 0.46962500036679167 0.6117149645912345 0.6365981158671736
vn 0.46962500036679167 0.6117149645912345 0.6365981158671736
vn 0.46962500036679167 0.6117149645912345 0.6365981158671736
vn -0.6377263640855164 0.7702120513124714 -0.008858925629117343
vn -0.6377263640855164 0.7702120513124714 -0.008858925629117343
vn -0.6377263640855164 0.7702120513124714 -0.008858925629117343
vn 0.7342988284422631 0.3689521567101661 0.5698065782414562
vn 0.7342988284422631 0.3689521567101661 0.5698065782414562
vn 0.7342988284422631 0.3689521567101661 0.5698065782414562
vn 0.8572944771051889 0.45884387466580745 -0.23347050821593998
vn 0.8572944771051889 0.45884387466580745 -0.23347050821593998
vn 0.8572944771051889 0.45884387466580745 -0.23347050821593998
vn 0.8828048024883287 0.33205739081753766 -0.33225527822292295
vn 0.8828048024883287 0.33205739081753766 -0.33225527822292295
vn 0.8828048024883287 0.33205739081753766 -0.33225527822292295
vn 0.9242553072740586 0.3756104150336239 0.06832966481700688
vn 0.9242553072740586 0.3756104150336239 0.06832966481700688
vn 0.9242553072740586 0.3756104150336239 0.06832966481700688
vn 0.20453409805393707 0.9404664018826755 0.2714567178448831
vn 0.20453409805393707 0.9404664018826755 0.2714567178448831
vn 0.20453409805393707 0.9404664018826755 0.2714567178448831
vn 0.32251447563787655 0.932103670558696 -0.1648246350975223
vn 0.32251447563787655 0.932103670558696 -0.1648246350975223
vn 0.32251447563787655 0.932103670558696 -0.1648246350975223
vn -0.5010190594547805 0.7495222074366972 -0.43266194958913107
vn -0.5010190594547805 0.7495222074366972 -0.43266194958913107
vn -0.5010190594547805 0.7495222074366972 -0.43266194958913107
vn -0.6801257332973881 0.6167637346190529 0.3962719805454946
vn -0.6828414828017401 0.6192283657788967 0.38766446881280947
vn -0.6803722380524944 0.6169838904367015 0.39550536864754726
vn -0.516264719225259 0.7186963911639154 0.46577487803790907
vn -0.516264719225259 0.7186963911639154 0.46577487803790907
vn -0.516264719225259 0.7186963911639154 0.46577487803790907
vn -0.6689312375454766 0.6452539483518556 -0.36902349731720047
vn -0.6689312375454766 0.6452539483518556 -0.36902349731720047
vn -0.6689312375454766 0.6452539483518556 -0.36902349731720047
vn -0.6864068601193207 0.4896022914685685 -0.5377129518338405
vn -0.6864068601193207 0.4896022914685685 -0.5377129518338405
vn -0.6864068601193207 0.4896022914685685 -0.5377129518338405
vn -0.7187470313753731 0.4621178199208338 0.5194707165959446
vn -0.7187470313753731 0.4621178199208338 0.5194707165959446
vn -0.7187470313753731 0.4621178199208338 0.5194707165959446
vn -0.5073980954339663 0.788863130644568 0.346759475515284
vn -0.5073980954339663 0.788863130644568 0.346759475515284
vn -0.5073980954339663 0.788863130644568 0.346759475515284
vn -0.5400456433621705 0.8337109140709711 -0.11522506170310885
vn -0.5403745188458744 0.8335360310293548 -0.11494809419003113
vn -0.5389982523493214 0.834216544619746 -0.11646304412588847
vn -0.5444246999964598 0.8325155779819612 -0.10256489872819909
vn -0.5444246999964598 0.8325155779819612 -0.10256489872819909
vn -0.5444246999964598 0.8325155779819612 -0.10256489872819909
vn -0.5247473226018886 0.840930681267217 0.13219620541302943
vn -0.5247473226018886 0.840930681267217 0.13219620541302943
vn -0.5247473226018886 0.840930681267217 0.13219620541302943
vn -0.5472145138136865 0.8367814194281424 0.01879180596626078
vn -0.5472145138136865 0.8367814194281424 0.01879180596626078
vn -0.5472145138136865 0.8367814194281424 0.01879180596626078
vn -0.5332726750493582 0.8458124263240874 -0.014886017649526946
vn -0.5332726750493582 0.8458124263240874 -0.014886017649526946
vn -0.5332726750493582 0.8458124263240874 -0.014886017649526946
vn 0.8675068322672427 0.4974252667181817 0
vn 0.8675068432397374 0.49742524758221285 0
vn 0.867506870848116 0.49742519943335234 0
vn 0.8675068432397374 0.49742524758221285 0
vn 0.8675068561000293 0.497425225153935 0
vn 0.8675068727359104 0.49742519614104885 0
vn -0.8675068432397374 0.49742524758221285 0
vn -0.8675068561000293 0.497425225153935 0
vn -0.8675068432397374 0.49742524758221285 0
vn -3.226839684344851e-9 0.9999999999999862 -1.6585643436428427e-7
vn -3.226839684344851e-9 0.9999999999999862 -1.6585643436428427e-7
vn -3.226839684344851e-9 0.9999999999999862 -1.6585643436428427e-7
vn -7.249821064119436e-15 0.9999999999999991 -4.371138828673789e-8
vn -4.3913669291076105e-15 0.9999999999999991 -4.3711370523169495e-8
vn -2.1681172008018877e-15 0.9999999999999991 -4.371139183945157e-8
vn -4.3913669291076105e-15 0.9999999999999991 -4.3711370523169495e-8
vn -1.6260958415352964e-15 0.9999999999999991 -4.37113527596011e-8
vn -1.9140325158557788e-15 0.9999999999999991 -4.371139539216525e-8
vn 0.7177938109194932 0.6962557324756887 -6.426628158879208e-7
vn 0.7177938109196044 0.6962557324757965 -3.2133143636571913e-7
vn 0.7177937820249629 0.6962557622643188 -1.7938143543183677e-7
vn 0.7177938109196044 0.6962557324757965 -3.2133143636571913e-7
vn 0.7177938109196415 0.6962557324758325 0
vn 0.7177938109196415 0.6962557324758325 0
vn -0.5831236226642909 0.5656266196356547 0.5831238014782247
vn -0.5831235415757652 0.5656264795871245 0.5831240184129044
vn -0.5831236011804221 0.5656264795871386 0.5831239588082765
vn 0.5831237001221575 0.5656264599277384 -0.5831238789360785
vn 0.5831237001221575 0.5656264599277384 -0.5831238789360785
vn 0.5831237001221575 0.5656264599277384 -0.5831238789360785
vn 1.6066565400248756e-7 0.6962557622643212 -0.7177937820249652
vn 1.6066565400248756e-7 0.6962557622643212 -0.7177937820249652
vn 1.6066565400248756e-7 0.6962557622643212 -0.7177937820249652
vn -1.512835417124467e-7 0.6962557929742978 0.7177937522364686
vn -1.3643477668150137e-7 0.6962559744696905 0.7177935761869446
vn -1.4581692459821731e-7 0.6962558534727669 0.7177936935532991
vn 0.5767350241795739 0.8165775601144291 0.024037474953749357
vn 0.5767350241795739 0.8165775601144291 0.024037474953749357
vn 0.5767350241795739 0.8165775601144291 0.024037474953749357
vn 0.2950225094598683 0.9228157151385799 0.24773549363236905
vn 0.2950225094598683 0.9228157151385799 0.24773549363236905
vn 0.2950225094598683 0.9228157151385799 0.24773549363236905
vn 0.6380410208798383 0.4943272780608746 0.5903763188336237
vn 0.6380410208798383 0.4943272780608746 0.5903763188336237
vn 0.6380410208798383 0.4943272780608746 0.5903763188336237
vn 0.8235837211930173 0.01900982530780406 -0.5668760717543379
vn 0.8235837211930173 0.01900982530780406 -0.5668760717543379
vn 0.8235837211930173 0.01900982530780406 -0.5668760717543379
vn 0.7568746816969282 0.405407280360725 0.5126262315144379
vn 0.7562827955396054 0.40508922565385996 0.5137499901994699
vn 0.756674820503146 0.4052987962543056 0.5130069217577309
vn 0.34332046765310725 0.39197842260059707 0.8535127255676973
vn 0.34332046765310725 0.39197842260059707 0.8535127255676973
vn 0.34332046765310725 0.39197842260059707 0.8535127255676973
vn 0.23268597508374544 0.3599696928166378 0.9034816308330912
vn 0.23268597508374544 0.3599696928166378 0.9034816308330912
vn 0.23268597508374544 0.3599696928166378 0.9034816308330912
vn 0.2383992412733321 0.7341695547351479 0.6357364757981835
vn 0.2383992412733321 0.7341695547351479 0.6357364757981835
vn 0.2383992412733321 0.7341695547351479 0.6357364757981835
vn -0.7218447014770469 0.4869914141834538 0.4917108799499079
vn -0.7218447014770469 0.4869914141834538 0.4917108799499079
vn -0.7218447014770469 0.4869914141834538 0.4917108799499079
vn -0.599828766732725 0.3167719176489918 0.734752341125143
vn -0.599828766732725 0.3167719176489918 0.734752341125143
vn -0.599828766732725 0.3167719176489918 0.734752341125143
vn -0.6429759849512133 0.6848596323245066 0.342854439650938
vn -0.6429759849512133 0.6848596323245066 0.342854439650938
vn -0.6429759849512133 0.6848596323245066 0.342854439650938
vn -0.5971456918714526 0.6580172288510192 0.4587268786702928
vn -0.5971456918714526 0.6580172288510192 0.4587268786702928
vn -0.5971456918714526 0.6580172288510192 0.4587268786702928
vn -0.3215667095253523 0.753314147370643 0.573683402841915
vn -0.3215667095253523 0.753314147370643 0.573683402841915
vn -0.3215667095253523 0.753314147370643 0.573683402841915
vn -0.6066929789212252 0.6130791994724176 0.5060212688237022
vn -0.6066929789212252 0.6130791994724176 0.5060212688237022
vn -0.6066929789212252 0.6130791994724176 0.5060212688237022
vn -0.11241187945385094 0.7663422257638284 0.6325212742422142
vn -0.11241187945385094 0.7663422257638284 0.6325212742422142
vn -0.11241187945385094 0.7663422257638284 0.6325212742422142
vn -0.2745612269087924 0.7674444332935124 0.5793489229170432
vn -0.2745612269087924 0.7674444332935124 0.5793489229170432
vn -0.2745612269087924 0.7674444332935124 0.5793489229170432
vn -0.43503208000932647 0.8143924668026561 0.38407290893506635
vn -0.43503208000932647 0.8143924668026561 0.38407290893506635
vn -0.43503208000932647 0.8143924668026561 0.38407290893506635
vn -0.3975282109387164 0.555601789059494 0.7302588400709389
vn -0.3975282109387164 0.555601789059494 0.7302588400709389
vn -0.3975282109387164 0.555601789059494 0.7302588400709389
vn -0.46607462466151756 0.8725069966858972 0.14664919018113082
vn -0.46607462466151756 0.8725069966858972 0.14664919018113082
vn -0.46607462466151756 0.8725069966858972 0.14664919018113082
vn -0.528531284297635 0.8469937343830252 0.05706395915628161
vn -0.528531284297635 0.8469937343830252 0.05706395915628161
vn -0.528531284297635 0.8469937343830252 0.05706395915628161
vn -1.721762898724864e-7 0.4974251994333449 0.8675068708481031
vn -1.721762898724864e-7 0.4974251994333449 0.8675068708481031
vn -1.721762898724864e-7 0.4974251994333449 0.8675068708481031
vn 8.486000740145502e-8 0.8369289744568534 -0.5473115124995935
vn 7.94749050178818e-8 0.8369290469165181 -0.5473114016968789
vn 1.0839370179846192e-7 0.8369290469165159 -0.5473114016968774
vn 7.94749050178818e-8 0.8369290469165181 -0.5473114016968789
vn 8.486000740145502e-8 0.8369289744568534 -0.5473115124995935
vn 5.379352281699905e-8 0.8369291193761715 -0.547311290894152
vn -0.6552928736152075 0.375742493552769 0.6552929332198473
vn -0.6552928736152075 0.375742493552769 0.6552929332198473
vn -0.6552928736152075 0.375742493552769 0.6552929332198473
vn -1.6260958415352964e-15 0.9999999999999991 -4.37113527596011e-8
vn 3.8112620156204004e-15 0.9999999999999991 -4.3711366970455816e-8
vn 2.795432924972415e-16 0.9999999999999991 -4.371138828673789e-8
vn -0.44035109812997814 0.8978256570044938 -4.143588222011744e-7
vn -0.44035109812997814 0.8978256570044938 -4.143588222011744e-7
vn -0.44035109812997814 0.8978256570044938 -4.143588222011744e-7
vn -4.472755360393961e-15 0.9999999999999991 -4.3711370523169495e-8
vn 1.9476230896868058e-15 0.9999999999999991 -4.3711370523169495e-8
vn 1.4909180652412194e-15 0.9999999999999991 -4.371135986502846e-8
vn 1.9476230896868058e-15 0.9999999999999991 -4.3711370523169495e-8
vn 1.226323797826229e-14 0.9999999999999991 -4.371138473402421e-8
vn 8.367998575152256e-15 0.9999999999999991 -4.3711366970455816e-8
vn 0.7177938984974515 0.696255642188851 -1.4498791342702052e-7
vn 0.7177939571804598 0.6962555816902318 -6.426629572725063e-7
vn 0.7177938984974515 0.696255642188851 1.4498771447506642e-7
vn -4.006710601675627e-7 0.8112929887865364 0.5846397919622377
vn -4.006710601675627e-7 0.8112929887865364 0.5846397919622377
vn -4.006710601675627e-7 0.8112929887865364 0.5846397919622377
vn -0.6377285668907278 0.618592615044942 0.4589612746009828
vn -0.6377285668907278 0.618592615044942 0.4589612746009828
vn -0.6377285668907278 0.618592615044942 0.4589612746009828
vn -0.7177938696027786 0.6962556719773328 -2.488374903489844e-7
vn -0.7177938993912867 0.6962556412673576 -1.7938149181468692e-7
vn -0.7177938398142083 0.6962557026872427 -5.182440910138509e-7
vn 0 0.9531422446722482 0.3025224973801915
vn 0 0.9531422446722482 0.3025224973801915
vn 0 0.9531422446722482 0.3025224973801915
vn 1.420176888336825e-7 0.8369289387477148 -0.547311567104701
vn 1.36632563405389e-7 0.8369290742190635 -0.5473113599467881
vn 3.953256676222836e-8 0.8369292096903533 -0.5473111527888674
vn 1.36632563405389e-7 0.8369290742190635 -0.5473113599467881
vn 1.420176888336825e-7 0.8369289387477148 -0.547311567104701
vn 1.2538718324541764e-7 0.8369290469165143 -0.5473114016968763
vn 0.2513201834664125 0.9218963391571579 0.29486489318167286
vn 0.2513201834664125 0.9218963391571579 0.29486489318167286
vn 0.2513201834664125 0.9218963391571579 0.29486489318167286
vn 0.001213416485113087 0.788763660471056 0.6146953843496259
vn 0.009325001356351078 0.7887758585195075 0.6146101930219822
vn -2.1688375897020702e-7 0.7888100693929713 0.6146370265646292
vn -0.23868558597386122 0.9273478115455359 -0.28819303855232103
vn -0.23868558597386122 0.9273478115455359 -0.28819303855232103
vn -0.23868558597386122 0.9273478115455359 -0.28819303855232103
vn 0 0.9549487472904086 -0.2967707702056916
vn 0 0.9549487472904086 -0.2967707702056916
vn 0 0.9549487472904086 -0.2967707702056916
vn 0.009325001356351078 0.7887758585195075 0.6146101930219822
vn 0.001213416485113087 0.788763660471056 0.6146953843496259
vn 0.010584446655159256 0.7887660900950957 0.6146023304585653
vn 0.35235023120198716 0.5502145361961974 0.7570424550382293
vn 0.35235023120198716 0.5502145361961974 0.7570424550382293
vn 0.35235023120198716 0.5502145361961974 0.7570424550382293
vn 0.20218284131389402 0.9685560918756946 0.14498688067794863
vn 0.20218284131389402 0.9685560918756946 0.14498688067794863
vn 0.20218284131389402 0.9685560918756946 0.14498688067794863
vn -0.07831297267028454 0.5105595827582144 0.8562686440395335
vn -0.07831297267028454 0.5105595827582144 0.8562686440395335
vn -0.07831297267028454 0.5105595827582144 0.8562686440395335
vn -0.5483264913595585 0.48143935120139697 0.6837793576791377
vn -0.5483264913595585 0.48143935120139697 0.6837793576791377
vn -0.5483264913595585 0.48143935120139697 0.6837793576791377
vn -0.6194177511759014 0.6939938863612299 0.3670069961477917
vn -0.6219872522031099 0.6901276959437861 0.36994002404193327
vn -0.6217018567501678 0.6905586943487538 0.3696153283790301
vn -0.5247608425655639 0.6165583732590356 0.5869257452813357
vn -0.5247608425655639 0.6165583732590356 0.5869257452813357
vn -0.5247608425655639 0.6165583732590356 0.5869257452813357
vn -0.3647939030662742 0.9253081681561189 0.10358668944049364
vn -0.3647939030662742 0.9253081681561189 0.10358668944049364
vn -0.3647939030662742 0.9253081681561189 0.10358668944049364
vn -0.4796837221019554 0.7249610945669778 0.49430247633879343
vn -0.4796837221019554 0.7249610945669778 0.49430247633879343
vn -0.4796837221019554 0.7249610945669778 0.49430247633879343
vn 0.5320884024038657 0.8136504626197139 -0.23421113702389906
vn 0.5320884024038657 0.8136504626197139 -0.23421113702389906
vn 0.5320884024038657 0.8136504626197139 -0.23421113702389906
vn 0.4914137851756148 0.8707079658905994 -0.019496919603608234
vn 0.4914137851756148 0.8707079658905994 -0.019496919603608234
vn 0.4914137851756148 0.8707079658905994 -0.019496919603608234
vn 0.4259759525059617 0.873682088247354 -0.23499807778443918
vn 0.4259759525059617 0.873682088247354 -0.23499807778443918
vn 0.4259759525059617 0.873682088247354 -0.23499807778443918
vn 0.5261645056373769 0.6680587199126529 -0.5261639095909587
vn 0.5261645056373769 0.6680587199126529 -0.5261639095909587
vn 0.5261645056373769 0.6680587199126529 -0.5261639095909587
vn -0.3735444450427751 0.7661434812550615 -0.5229614839623088
vn -0.3735444450427751 0.7661434812550615 -0.5229614839623088
vn -0.3735444450427751 0.7661434812550615 -0.5229614839623088
vn -0.35200278296690346 0.8878748595647877 -0.2962638596527825
vn -0.35200278296690346 0.8878748595647877 -0.2962638596527825
vn -0.35200278296690346 0.8878748595647877 -0.2962638596527825
vn -0.3065713060085673 0.7728441232878378 -0.5556311685206787
vn -0.3065713060085673 0.7728441232878378 -0.5556311685206787
vn -0.3065713060085673 0.7728441232878378 -0.5556311685206787
vn -0.3479641122861327 0.7714722251768467 -0.5326833790739189
vn -0.3479641122861327 0.7714722251768467 -0.5326833790739189
vn -0.3479641122861327 0.7714722251768467 -0.5326833790739189
vn -0.35961341968223043 0.6339029093160441 -0.6847227832817506
vn -0.35961341968223043 0.6339029093160441 -0.6847227832817506
vn -0.35961341968223043 0.6339029093160441 -0.6847227832817506
vn -0.4145521351860178 0.7774746695765448 -0.47294784636316534
vn -0.4145521351860178 0.7774746695765448 -0.47294784636316534
vn -0.4145521351860178 0.7774746695765448 -0.47294784636316534
vn 0.28069931480068017 0.6048966691745206 0.7451898511735108
vn 0.28069931480068017 0.6048966691745206 0.7451898511735108
vn 0.28069931480068017 0.6048966691745206 0.7451898511735108
vn 0.5219766452318886 0.8514216468364143 -0.05120118290460968
vn 0.5219766452318886 0.8514216468364143 -0.05120118290460968
vn 0.5219766452318886 0.8514216468364143 -0.05120118290460968
vn 0.3698866001969927 0.9290367791775916 -0.008635156630707692
vn 0.3698866001969927 0.9290367791775916 -0.008635156630707692
vn 0.3698866001969927 0.9290367791775916 -0.008635156630707692
vn 0.47459606163942436 0.7249018676350817 0.499275335436789
vn 0.47459606163942436 0.7249018676350817 0.499275335436789
vn 0.47459606163942436 0.7249018676350817 0.499275335436789
vn 0.36633450782467397 0.9201099372610146 0.13855227075145993
vn 0.36633450782467397 0.9201099372610146 0.13855227075145993
vn 0.36633450782467397 0.9201099372610146 0.13855227075145993
vn 0.4368287522969603 0.8238162243829257 -0.3612581758384745
vn 0.4368287522969603 0.8238162243829257 -0.3612581758384745
vn 0.4368287522969603 0.8238162243829257 -0.3612581758384745
vn -0.27105393183137944 0.884607407425296 -0.3794726614224617
vn -0.27105393183137944 0.884607407425296 -0.3794726614224617
vn -0.27105393183137944 0.884607407425296 -0.3794726614224617
vn -0.27175366948308766 0.9559366275288934 0.11106352808713764
vn -0.27175366948308766 0.9559366275288934 0.11106352808713764
vn -0.27175366948308766 0.9559366275288934 0.11106352808713764
vn -0.42378713882716 0.6694551580261288 0.6101100329915092
vn -0.42378713882716 0.6694551580261288 0.6101100329915092
vn -0.42378713882716 0.6694551580261288 0.6101100329915092
vn -0.4451998753636967 0.8922286000362176 0.0756650266210231
vn -0.4451998753636967 0.8922286000362176 0.0756650266210231
vn -0.4451998753636967 0.8922286000362176 0.0756650266210231
vn -0.45143087484971267 0.8877977490209615 -0.08958416191346046
vn -0.45143087484971267 0.8877977490209615 -0.08958416191346046
vn -0.45143087484971267 0.8877977490209615 -0.08958416191346046
vn -0.35421104290999683 0.5514279899812304 0.7552891558508388
vn -0.35421104290999683 0.5514279899812304 0.7552891558508388
vn -0.35421104290999683 0.5514279899812304 0.7552891558508388
vn -0.14482033928856142 0.9641137773311785 0.22251223267171785
vn -0.14482033928856142 0.9641137773311785 0.22251223267171785
vn -0.14482033928856142 0.9641137773311785 0.22251223267171785
vn -0.21135602557753558 0.9554826466388081 -0.20586777898487868
vn -0.21135602557753558 0.9554826466388081 -0.20586777898487868
vn -0.21135602557753558 0.9554826466388081 -0.20586777898487868
vn 0.24696960306138208 0.919114383370108 -0.30697681581169867
vn 0.24696960306138208 0.919114383370108 -0.30697681581169867
vn 0.24696960306138208 0.919114383370108 -0.30697681581169867
vn 0.6557172567790533 0.4355567318341718 -0.6167051260660061
vn 0.6557172567790533 0.4355567318341718 -0.6167051260660061
vn 0.6557172567790533 0.4355567318341718 -0.6167051260660061
vn 0.05160215011476936 0.5761226289460807 -0.8157327592537825
vn 0.05160215011476936 0.5761226289460807 -0.8157327592537825
vn 0.05160215011476936 0.5761226289460807 -0.8157327592537825
vn 0.08401520627311033 0.9428921784303094 -0.32232869088840416
vn 0.07868030762355953 0.9455551023271602 -0.3158084192280752
vn 0.08155570306198731 0.9441296009190159 -0.3193242301588858
vn -0.08632295042198783 0.9424725998632492 -0.32294542377536667
vn -0.08437680247133868 0.9420434006613425 -0.3247072319415226
vn -0.08540683402374889 0.9422711087477096 -0.32377589521365185
vn -0.07727423318418865 0.575166647420238 -0.8143783031129692
vn -0.07727423318418865 0.575166647420238 -0.8143783031129692
vn -0.07727423318418865 0.575166647420238 -0.8143783031129692
vn -0.15318346684984813 0.5700826336494546 -0.8071806590195054
vn -0.15318346684984813 0.5700826336494546 -0.8071806590195054
vn -0.15318346684984813 0.5700826336494546 -0.8071806590195054
vn -0.1792529948191552 0.9301019614584348 -0.32059118069519066
vn -0.1792529948191552 0.9301019614584348 -0.32059118069519066
vn -0.1792529948191552 0.9301019614584348 -0.32059118069519066
vn 0.28295810496632784 0.9569754684485838 -0.06428579642096799
vn 0.28295810496632784 0.9569754684485838 -0.06428579642096799
vn 0.28295810496632784 0.9569754684485838 -0.06428579642096799
vn 0.11483325080088401 0.9924176349081244 -0.043824221999551584
vn 0.11483325080088401 0.9924176349081244 -0.043824221999551584
vn 0.11483325080088401 0.9924176349081244 -0.043824221999551584
vn 0.4672590372739169 0.8322047971008415 0.29850321232475824
vn 0.4674849134039103 0.8321702937282361 0.29824563362436657
vn 0.46723474410953303 0.8322084849792306 0.29853095555649334
vn 0.516727076875683 0.8169984015816878 -0.2559428448628307
vn 0.516727076875683 0.8169984015816878 -0.2559428448628307
vn 0.516727076875683 0.8169984015816878 -0.2559428448628307
vn -0.037628199993796 0.9449187539425126 -0.3251348443537796
vn -0.037628199993796 0.9449187539425126 -0.3251348443537796
vn -0.037628199993796 0.9449187539425126 -0.3251348443537796
vn -0.385246294002941 0.695002831040434 0.6070884266750448
vn -0.385246294002941 0.695002831040434 0.6070884266750448
vn -0.385246294002941 0.695002831040434 0.6070884266750448
vn -0.30031228071790267 0.7081416846807099 0.6390210391431393
vn -0.299686550369543 0.7087146026643818 0.6386795624551257
vn -0.3085690770404969 0.7005100326600439 0.643483347754237
vn -0.32501735903948836 0.9333784471288731 0.152211664330595
vn -0.32501735903948836 0.9333784471288731 0.152211664330595
vn -0.32501735903948836 0.9333784471288731 0.152211664330595
vn -0.3063738313662266 0.9516460198735557 0.022470609978350476
vn -0.3063738313662266 0.9516460198735557 0.022470609978350476
vn -0.3063738313662266 0.9516460198735557 0.022470609978350476
vn -0.2463089098935556 0.698543077495709 0.6718403752305099
vn -0.2463089098935556 0.698543077495709 0.6718403752305099
vn -0.2463089098935556 0.698543077495709 0.6718403752305099
vn 0.6940788086723043 0.5367648780010557 0.47972708188776136
vn 0.6940788086723043 0.5367648780010557 0.47972708188776136
vn 0.6940788086723043 0.5367648780010557 0.47972708188776136
vn 0.8879403102510508 0.35096548527566906 -0.297296541480862
vn 0.8879403102510508 0.35096548527566906 -0.297296541480862
vn 0.8879403102510508 0.35096548527566906 -0.297296541480862
vn 0.7064037959607833 0.6524347104343581 0.2744496778512068
vn 0.7064037959607833 0.6524347104343581 0.2744496778512068
vn 0.7064037959607833 0.6524347104343581 0.2744496778512068
vn 0.7383196241330597 0.594997396933115 0.3175881456585476
vn 0.7383196241330597 0.594997396933115 0.3175881456585476
vn 0.7383196241330597 0.594997396933115 0.3175881456585476
vn 0.25232827968316873 0.8149658540018158 0.5216906133746548
vn 0.25232827968316873 0.8149658540018158 0.5216906133746548
vn 0.25232827968316873 0.8149658540018158 0.5216906133746548
vn 0.3733763168150967 0.8850360677317543 0.27803108613158073
vn 0.3733763168150967 0.8850360677317543 0.27803108613158073
vn 0.3733763168150967 0.8850360677317543 0.27803108613158073
vn -0.20152761546109868 0.9249116325791645 0.32237414928357383
vn -0.20152761546109868 0.9249116325791645 0.32237414928357383
vn -0.20152761546109868 0.9249116325791645 0.32237414928357383
vn -0.1965359982618543 0.8086747268663487 0.5544535936531142
vn -0.1965359982618543 0.8086747268663487 0.5544535936531142
vn -0.1965359982618543 0.8086747268663487 0.5544535936531142
vn -0.4419497703337718 0.7806158407107721 0.4419494425082362
vn -0.4419497703337718 0.7806158407107721 0.4419494425082362
vn -0.4419497703337718 0.7806158407107721 0.4419494425082362
vn -0.5135400867559697 0.7772935592951623 0.36344367097657504
vn -0.5135400867559697 0.7772935592951623 0.36344367097657504
vn -0.5135400867559697 0.7772935592951623 0.36344367097657504
vn 0.08768494185666366 0.9789762823324962 0.18416511505178731
vn 0.08768494185666366 0.9789762823324962 0.18416511505178731
vn 0.08768494185666366 0.9789762823324962 0.18416511505178731
vn -5.745870039189151e-8 0.9960127671479357 0.08921080471730107
vn -5.745870039189151e-8 0.9960127671479357 0.08921080471730107
vn -5.745870039189151e-8 0.9960127671479357 0.08921080471730107
vn 0.2585335745383631 0.9621506010772773 0.0861777911242271
vn 0.2585335745383631 0.9621506010772773 0.0861777911242271
vn 0.2585335745383631 0.9621506010772773 0.0861777911242271
vn 0.25146753617843604 0.9519410584135652 0.17484936246611882
vn 0.24731330836952967 0.9522327330703325 0.17913388728189547
vn 0.25155767948945346 0.9519343433119432 0.1747562299694657
vn 0.15318346684984813 0.5700826336494546 0.8071806590195054
vn 0.15318346684984813 0.5700826336494546 0.8071806590195054
vn 0.15318346684984813 0.5700826336494546 0.8071806590195054
vn 0 0.8472453131726128 0.5312018253988228
vn 0 0.8472453131726128 0.5312018253988228
vn 0 0.8472453131726128 0.5312018253988228
vn 0.07566848460684442 0.8448158337607429 0.5296796083147287
vn 0.07566848460684442 0.8448158337607429 0.5296796083147287
vn 0.07566848460684442 0.8448158337607429 0.5296796083147287
vn 0.07727465776986636 0.5751661698583433 0.8143786001099449
vn 0.07727465776986636 0.5751661698583433 0.8143786001099449
vn 0.07727465776986636 0.5751661698583433 0.8143786001099449
vn 0.6949482678489212 0.6861348276550535 0.21509510290230727
vn 0.6949482678489212 0.6861348276550535 0.21509510290230727
vn 0.6949482678489212 0.6861348276550535 0.21509510290230727
vn 0 0.5005767926965033 0.8656921361625517
vn 0 0.5005767926965033 0.8656921361625517
vn 0 0.5005767926965033 0.8656921361625517
vn -0.5658847997216696 0.41271809619888994 0.7137493723387291
vn -0.5658847997216696 0.41271809619888994 0.7137493723387291
vn -0.5658847997216696 0.41271809619888994 0.7137493723387291
vn -0.8207255220879678 0.5451626324443792 0.17090149671593682
vn -0.8207255220879678 0.5451626324443792 0.17090149671593682
vn -0.8207255220879678 0.5451626324443792 0.17090149671593682
vn 0.28615853260957674 0.9572992944472154 0.041126087409302264
vn 0.28615853260957674 0.9572992944472154 0.041126087409302264
vn 0.28615853260957674 0.9572992944472154 0.041126087409302264
vn 0 0.8518660054888385 0.5237597814766709
vn 0 0.8518660054888385 0.5237597814766709
vn 0 0.8518660054888385 0.5237597814766709
vn -0.02859226513617576 0.8350700986182701 0.5494000480233466
vn -0.02859226513617576 0.8350700986182701 0.5494000480233466
vn -0.02859226513617576 0.8350700986182701 0.5494000480233466
vn -0.021239767942208623 0.806385726248137 0.5910084032913796
vn -0.021239767942208623 0.806385726248137 0.5910084032913796
vn -0.021239767942208623 0.806385726248137 0.5910084032913796
vn -0.4535590200947571 0.8067292198820109 0.37877721826853045
vn -0.4535590200947571 0.8067292198820109 0.37877721826853045
vn -0.4535590200947571 0.8067292198820109 0.37877721826853045
vn -0.37032765504200665 0.8522483787971626 0.36949983592512753
vn -0.37032765504200665 0.8522483787971626 0.36949983592512753
vn -0.37032765504200665 0.8522483787971626 0.36949983592512753
vn -0.5000837932869556 0.7069882597210924 0.5000837932869556
vn -0.500052500033771 0.7069272830181353 0.5002012732236619
vn -0.5001131324063557 0.70681840575747 0.5002945093414193
vn -0.5841861833017671 0.5629285448444685 0.5846691001229698
vn -0.5841861833017671 0.5629285448444685 0.5846691001229698
vn -0.5841861833017671 0.5629285448444685 0.5846691001229698
vn 0 0.9999999999999991 -4.371138828673789e-8
vn -1.3754179442788677e-14 0.9999999999999991 -4.3711370523169495e-8
vn -2.7508340250852514e-14 0.9999999999999991 -4.371138473402421e-8
vn -1.3754179442788677e-14 0.9999999999999991 -4.3711370523169495e-8
vn 0 0.9999999999999991 -4.3711313679750634e-8
vn -1.3754179442788677e-14 0.9999999999999991 -4.3711342101460065e-8
vn 1 0 0
vn 1 0 0
vn 1 0 0
vn 0.9486833069912095 0 -0.3162277391947498
vn 0.9486833993783503 0 -0.31622746203316565
vn 0.9486831400980872 0 -0.31622823987372317
vn 0.9486833874574436 0 -0.31622749779592196
vn 0.9486834440817837 0 -0.3162273279226911
vn 0.9486831371178611 0 -0.3162282488143865
vn 0.9486832324853862 0 0.3162279627121528
vn 0.9486831371178611 0 0.3162282488143865
vn 0.9486833874574436 0 0.31622749779592196
vn 0.31622776601683794 0 -0.9486832980505138
vn 0.31622771237266084 0 -0.9486833159319045
vn 0.3162277928389254 0 -0.9486832891098176
vn 0 0 -1
vn 0 0 -1
vn 0 0 -1
vn 0 0 -1
vn 0 0 -1
vn 0 0 -1
vn 0.31622785542380427 0 -0.9486832682481869
vn 0.316228114703981 0 -0.9486831818213949
vn 0.3162279627121528 0 -0.9486832324853862
vn 0 0.2513091932748801 -0.9679068598659322
vn 0 0.2513091932748801 -0.9679068598659322
vn 0 0.2513091932748801 -0.9679068598659322
vn 0 0.1264084417369916 -0.9919782789243048
vn 0 0.1264084417369916 -0.9919782789243048
vn 0 0.1264084417369916 -0.9919782789243048
vn 0.3268451065615167 0 -0.9450779207646272
vn 0.32684502670569676 0 -0.9450779483819058
vn 0.3268450000870886 0 -0.9450779575876642
vn -0.45388745278720605 0 -0.891059021727709
vn -0.4538874054619409 0 -0.8910590458342408
vn -0.4538873576927775 0 -0.8910590701668823
vn -0.9365940046432264 0.15913404443515283 -0.312198696935261
vn -0.9365940915552656 0.15913390483717352 -0.3121985073555612
vn -0.9365939250500854 0.15913417514941078 -0.31219886908634314
vn -0.9858709529172962 0.1675066094033112 -3.8603031150120325e-7
vn -0.9858709553780983 0.167506594920259 -3.092262181831669e-7
vn -0.9858709578389147 0.16750658043720917 -1.1621106934628558e-7
vn -1 0 0
vn -1 0 0
vn -1 0 0
vn -0.9486829434022884 0 -0.3162288299595254
vn -0.9486829791651769 0 -0.31622872267124125
vn -0.948683038769986 0 -0.31622854385735855
vn -0.9858709553780983 0.167506594920259 -3.092262181831669e-7
vn -0.9858709578389214 0.1675065804372103 0
vn -0.985870958627283 0.1675065757972561 0
vn -0.8558351872671754 0.23489775921900813 -0.4608353013271092
vn -0.8558351872671754 0.23489775921900813 -0.4608353013271092
vn -0.8558351872671754 0.23489775921900813 -0.4608353013271092
vn -0.9993144676392504 0 0.03702154463122182
vn -0.9993144676392504 0 0.03702154463122182
vn -0.9993144676392504 0 0.03702154463122182
vn -0.9999999999999969 0 -7.972582238835432e-8
vn -1 0 0
vn -0.9999999999999853 0 -1.7149760367374005e-7
vn -0.417961198723937 0.15217382794892195 -0.895629143367176
vn -0.417961198723937 0.15217382794892195 -0.895629143367176
vn -0.417961198723937 0.15217382794892195 -0.895629143367176
vn 0 0.16750659492026704 -0.9858709553781456
vn 3.28552809678063e-7 0.1675065804372013 -0.9858709578388682
vn 3.2855272441293983e-7 0.1675065804372013 -0.9858709578388682
vn 0.15211477951230987 0.15997128191069815 -0.9753308581285477
vn 0.15211477951230987 0.15997128191069815 -0.9753308581285477
vn 0.15211477951230987 0.15997128191069815 -0.9753308581285477
vn -0.3118690922863038 0.1704404529967217 -0.934712641007272
vn -0.31195969387992856 0.17039031198026147 -0.9346915485750422
vn -0.3117245005230321 0.17052043249806625 -0.9347462852958223
vn 3.28552809678063e-7 0.1675065804372013 -0.9858709578388682
vn -0.009203202173340462 0.16988343152114996 -0.9854211895247408
vn 0.00009987595773485113 0.1675065796017539 -0.9858709529217881
vn -0.009203202173340462 0.16988343152114996 -0.9854211895247408
vn -0.0030545095427490774 0.17355533893805622 -0.9848193815606746
vn -0.004024889680957843 0.17288344648176268 -0.9849340659128628
vn -0.041563924776795255 0.39360630319585144 -0.9183389996301173
vn -0.041563924776795255 0.39360630319585144 -0.9183389996301173
vn -0.041563924776795255 0.39360630319585144 -0.9183389996301173
vn -0.5308759136640142 0.07289517493334086 -0.8443086270806641
vn -0.5308759136640142 0.07289517493334086 -0.8443086270806641
vn -0.5308759136640142 0.07289517493334086 -0.8443086270806641
vn -0.033537633540349956 0.635192688932979 -0.7716252167099031
vn -0.033537633540349956 0.635192688932979 -0.7716252167099031
vn -0.033537633540349956 0.635192688932979 -0.7716252167099031
vn -0.011682112694430475 0.22126218663674962 -0.975144385723324
vn -0.015038076454013772 0.2212524513907816 -0.9751006148137397
vn -0.012219254773670314 0.22126078451517636 -0.975138121010816
vn 0.5259874557249562 -0.00014330694359246412 -0.8504923138295297
vn 0.5268889425991239 -0.003953926085427684 -0.849924942942192
vn 0.5259562728685574 0 -0.8505116101677952
vn -0.12584167672922594 0.39723518345697817 -0.9090478983100274
vn -0.12584167672922594 0.39723518345697817 -0.9090478983100274
vn -0.12584167672922594 0.39723518345697817 -0.9090478983100274
vn -0.004080101361316238 0.2318278390344935 -0.9727482746432802
vn -0.004080101361316238 0.2318278390344935 -0.9727482746432802
vn -0.004080101361316238 0.2318278390344935 -0.9727482746432802
vn -0.22577684531302109 0.26717876694046133 -0.9368245954375211
vn -0.22577684531302109 0.26717876694046133 -0.9368245954375211
vn -0.22577684531302109 0.26717876694046133 -0.9368245954375211
vn -0.38269667709592015 0.1899762694672751 -0.9041306710752812
vn -0.38269667709592015 0.1899762694672751 -0.9041306710752812
vn -0.38269667709592015 0.1899762694672751 -0.9041306710752812
vn -0.13575179833986606 0.09889023721218698 -0.9857951969002537
vn -0.13575179833986606 0.09889023721218698 -0.9857951969002537
vn -0.13575179833986606 0.09889023721218698 -0.9857951969002537
vn -0.9509723728349155 0.1886557776906423 -0.2450725273233807
vn -0.9509723728349155 0.1886557776906423 -0.2450725273233807
vn -0.9509723728349155 0.1886557776906423 -0.2450725273233807
vn -0.9847825530971476 0.1735492798324954 -0.009163546534288537
vn -0.985515006244155 0.16916735604325311 -0.011940607895684525
vn -0.9849247518566409 0.1720028849468548 -0.018391322684720695
vn -0.9783576894585618 0.1940885070446893 -0.07173480961477231
vn -0.9783576894585618 0.1940885070446893 -0.07173480961477231
vn -0.9783576894585618 0.1940885070446893 -0.07173480961477231
vn -0.7858997564118043 0.28081265023037305 -0.5509136305651374
vn -0.7858997564118043 0.28081265023037305 -0.5509136305651374
vn -0.7858997564118043 0.28081265023037305 -0.5509136305651374
vn -0.985515006244155 0.16916735604325311 -0.011940607895684525
vn -0.9858666742663984 0.16750583673193575 -0.0029487678181707466
vn -0.9853804081818426 0.1702936584591622 -0.00505183728753716
vn -0.9856431476099096 0.16826520846327345 0.013942926179302255
vn -0.9845069118163349 0.1753015679196805 0.003937114522727583
vn -0.9849631841563413 0.17264472935658537 0.006428318753194258
vn -0.9845300826173593 0.17439425272373513 0.016945826577230465
vn -0.985529342348154 0.16744849209668913 0.026323333097463687
vn -0.9850947139459334 0.17031787125982895 0.02408790744958897
vn -0.985691397541938 0.16807924162253662 -0.01272153085969448
vn -0.9845988544439996 0.1735167616061845 -0.021378242894722958
vn -0.9849247518566409 0.1720028849468548 -0.018391322684720695
vn -0.978952677145054 0.20362574754907647 0.013718995794573438
vn -0.978952677145054 0.20362574754907647 0.013718995794573438
vn -0.978952677145054 0.20362574754907647 0.013718995794573438
vn -0.9226905934525611 0.30088394726397955 0.2410620646908334
vn -0.9226905934525611 0.30088394726397955 0.2410620646908334
vn -0.9226905934525611 0.30088394726397955 0.2410620646908334
vn -0.8544661296637559 0.17773200601236727 0.48815875214550986
vn -0.8544661296637559 0.17773200601236727 0.48815875214550986
vn -0.8544661296637559 0.17773200601236727 0.48815875214550986
vn -0.9811670894695164 0.1747069379215956 0.0823931331117941
vn -0.9811670894695164 0.1747069379215956 0.0823931331117941
vn -0.9811670894695164 0.1747069379215956 0.0823931331117941
vn -0.22150783071487495 0.25254100368114385 0.941890292120962
vn -0.22150783071487495 0.25254100368114385 0.941890292120962
vn -0.22150783071487495 0.25254100368114385 0.941890292120962
vn -0.4401667610365995 0.3598923002288816 0.8226364657091938
vn -0.4401667610365995 0.3598923002288816 0.8226364657091938
vn -0.4401667610365995 0.3598923002288816 0.8226364657091938
vn -0.316785792634761 0.20803532197925576 0.9254015703432502
vn -0.316785792634761 0.20803532197925576 0.9254015703432502
vn -0.316785792634761 0.20803532197925576 0.9254015703432502
vn -0.3799170628781726 0.27873802736034814 0.8820250208680503
vn -0.3799170628781726 0.27873802736034814 0.8820250208680503
vn -0.3799170628781726 0.27873802736034814 0.8820250208680503
vn -0.8747524754543666 0.2465366274339291 0.41716639128765104
vn -0.8747524754543666 0.2465366274339291 0.41716639128765104
vn -0.8747524754543666 0.2465366274339291 0.41716639128765104
vn -0.9130221717385434 0.33499614608805894 0.23274040478606572
vn -0.9130221717385434 0.33499614608805894 0.23274040478606572
vn -0.9130221717385434 0.33499614608805894 0.23274040478606572
vn -0.8726557171934197 0.19165688228576896 0.4491543595715587
vn -0.8726557171934197 0.19165688228576896 0.4491543595715587
vn -0.8726557171934197 0.19165688228576896 0.4491543595715587
vn -0.9248683688802115 0.23061398264535907 0.3023833514816964
vn -0.9248683688802115 0.23061398264535907 0.3023833514816964
vn -0.9248683688802115 0.23061398264535907 0.3023833514816964
vn -0.2844815808071528 0.3386907527289516 0.8968605266134525
vn -0.28429629650615207 0.3384740859606489 0.8970010640606785
vn -0.2901662097182689 0.34546009389574245 0.8924465778203637
vn 0.26457236475697593 0.26267863569540756 0.927901610170012
vn 0.26457236475697593 0.26267863569540756 0.927901610170012
vn 0.26457236475697593 0.26267863569540756 0.927901610170012
vn 0.15614642934826914 0.18279496437889428 0.9706720834553267
vn 0.15614642934826914 0.18279496437889428 0.9706720834553267
vn 0.15614642934826914 0.18279496437889428 0.9706720834553267
vn -0.48714196569392515 0.32702798555254875 0.8097810827163725
vn -0.48714196569392515 0.32702798555254875 0.8097810827163725
vn -0.48714196569392515 0.32702798555254875 0.8097810827163725
vn 0.9506565210752617 0.15776300228400922 0.26713856712840267
vn 0.9506565210752617 0.15776300228400922 0.26713856712840267
vn 0.9506565210752617 0.15776300228400922 0.26713856712840267
vn 0.8405524521728461 0.1208359975878271 0.5280816573534531
vn 0.8405524521728461 0.1208359975878271 0.5280816573534531
vn 0.8405524521728461 0.1208359975878271 0.5280816573534531
vn 0.8134608986452728 0.11706601258373055 0.5697165216780807
vn 0.8134608986452728 0.11706601258373055 0.5697165216780807
vn 0.8134608986452728 0.11706601258373055 0.5697165216780807
vn 0.6117355921535715 0.22282132182448627 0.7590324260747414
vn 0.6117355921535715 0.22282132182448627 0.7590324260747414
vn 0.6117355921535715 0.22282132182448627 0.7590324260747414
vn 0.385905559392013 -0.10177066019170448 0.9169076463605712
vn 0.385905559392013 -0.10177066019170448 0.9169076463605712
vn 0.385905559392013 -0.10177066019170448 0.9169076463605712
vn 0.017169629625315635 -0.07565240328588299 0.9969864180095934
vn 0.017169629625315635 -0.07565240328588299 0.9969864180095934
vn 0.017169629625315635 -0.07565240328588299 0.9969864180095934
vn 0.6170405784272709 -0.11672705847807029 0.7782260072711501
vn 0.6170405784272709 -0.11672705847807029 0.7782260072711501
vn 0.6170405784272709 -0.11672705847807029 0.7782260072711501
vn 0.0036066260649325168 -0.049956053488268065 0.9987449048522377
vn 0.0036066260649325168 -0.049956053488268065 0.9987449048522377
vn 0.0036066260649325168 -0.049956053488268065 0.9987449048522377
vn 0.05157299746641497 0.029404912078375693 0.9982362331021613
vn 0.05157299746641497 0.029404912078375693 0.9982362331021613
vn 0.05157299746641497 0.029404912078375693 0.9982362331021613
vn 0.31224712216083 0.14793389792408523 0.9384121144503976
vn 0.31224712216083 0.14793389792408523 0.9384121144503976
vn 0.31224712216083 0.14793389792408523 0.9384121144503976
vn -0.1472786742052097 0.2845267514519061 0.9472874536446584
vn -0.1472786742052097 0.2845267514519061 0.9472874536446584
vn -0.1472786742052097 0.2845267514519061 0.9472874536446584
vn 0.28835170640489977 0.22707643458724494 0.930209431401621
vn 0.28835170640489977 0.22707643458724494 0.930209431401621
vn 0.28835170640489977 0.22707643458724494 0.930209431401621
vn 0.9555437364810545 0.05408878918870991 0.2898457702915892
vn 0.9555437364810545 0.05408878918870991 0.2898457702915892
vn 0.9555437364810545 0.05408878918870991 0.2898457702915892
vn 0.9987314453458361 -0.028335156231293596 0.04162474022459925
vn 0.9981911577561007 -0.028319742132239055 0.053032110867838746
vn 0.9986270975688065 -0.02833230543092031 0.04405905662029572
vn 0.9684606405468006 -0.05859116231885964 0.24217981627254942
vn 0.9684606405468006 -0.05859116231885964 0.24217981627254942
vn 0.9684606405468006 -0.05859116231885964 0.24217981627254942
vn 0.8625494332474519 -0.022522898934129974 0.5054712595470711
vn 0.8625494332474519 -0.022522898934129974 0.5054712595470711
vn 0.8625494332474519 -0.022522898934129974 0.5054712595470711
vn 0.9983006016792144 -0.056600167763747745 0.013868298238569355
vn 0.9983006016792144 -0.056600167763747745 0.013868298238569355
vn 0.9983006016792144 -0.056600167763747745 0.013868298238569355
vn 0.8890668297066294 0.06321517801236753 0.45339167789480617
vn 0.8890668297066294 0.06321517801236753 0.45339167789480617
vn 0.8890668297066294 0.06321517801236753 0.45339167789480617
vn 0.9926953833730148 -0.12011491412850851 -0.011326218866165838
vn 0.9926953833730148 -0.12011491412850851 -0.011326218866165838
vn 0.9926953833730148 -0.12011491412850851 -0.011326218866165838
vn 0.9910430483859027 -0.10492558214062202 0.0826093121774338
vn 0.9910430483859027 -0.10492558214062202 0.0826093121774338
vn 0.9910430483859027 -0.10492558214062202 0.0826093121774338
vn 0.471950908159055 0.09544131094327646 0.8764435500665585
vn 0.471950908159055 0.09544131094327646 0.8764435500665585
vn 0.471950908159055 0.09544131094327646 0.8764435500665585
vn 0.005072971031196819 0.17699161583703416 0.984199285149259
vn 0.005072971031196819 0.17699161583703416 0.984199285149259
vn 0.005072971031196819 0.17699161583703416 0.984199285149259
vn 0.0421168168124321 0.16426509548865598 0.985516692981753
vn 0.0421168168124321 0.16426509548865598 0.985516692981753
vn 0.0421168168124321 0.16426509548865598 0.985516692981753
vn 0.41517586738778317 0.11089346833504171 0.9029571627820597
vn 0.41517586738778317 0.11089346833504171 0.9029571627820597
vn 0.41517586738778317 0.11089346833504171 0.9029571627820597
vn 0.01787103927312414 0.21385664088707465 0.9767015732063685
vn 0.01787103927312414 0.21385664088707465 0.9767015732063685
vn 0.01787103927312414 0.21385664088707465 0.9767015732063685
vn 0.32585078807140627 0.25888640562560045 0.9092849349326649
vn 0.32585078807140627 0.25888640562560045 0.9092849349326649
vn 0.32585078807140627 0.25888640562560045 0.9092849349326649
vn 0.5065304303677196 0.18442084171902454 0.842268292322072
vn 0.5065304303677196 0.18442084171902454 0.842268292322072
vn 0.5065304303677196 0.18442084171902454 0.842268292322072
vn 0.1094680492734173 0.17395523333341062 0.9786502557012855
vn 0.1094680492734173 0.17395523333341062 0.9786502557012855
vn 0.1094680492734173 0.17395523333341062 0.9786502557012855
vn 0.9999999999941875 0 0.000003409571036152747
vn 0.9999999999941875 0 0.000003409571036152747
vn 0.9999999999941875 0 0.000003409571036152747
vn 0.978731863153263 0.2051437058467614 0
vn 0.978731863153263 0.2051437058467614 0
vn 0.978731863153263 0.2051437058467614 0
vn 0.9092064071405572 0.2202756301075222 -0.35330207471127784
vn 0.9092064071405572 0.2202756301075222 -0.35330207471127784
vn 0.9092064071405572 0.2202756301075222 -0.35330207471127784
vn 0.8878278521681277 0.2903825972888266 0.3569869074718632
vn 0.8878278521681277 0.2903825972888266 0.3569869074718632
vn 0.8878278521681277 0.2903825972888266 0.3569869074718632
vn 0.3096189833074317 0.20338061689370027 -0.9288554300038355
vn 0.3096189833074317 0.20338061689370027 -0.9288554300038355
vn 0.3096189833074317 0.20338061689370027 -0.9288554300038355
vn 0.49146840063752434 0.25051221296058684 -0.8340877905426883
vn 0.49146840063752434 0.25051221296058684 -0.8340877905426883
vn 0.49146840063752434 0.25051221296058684 -0.8340877905426883
vn 0.4270146474068983 0.19340985945135303 -0.8833182422926462
vn 0.4270146474068983 0.19340985945135303 -0.8833182422926462
vn 0.4270146474068983 0.19340985945135303 -0.8833182422926462
vn 0.6126507514410569 0.31228017775072436 -0.7260441772665658
vn 0.6126507514410569 0.31228017775072436 -0.7260441772665658
vn 0.6126507514410569 0.31228017775072436 -0.7260441772665658
vn 0.9005979575019862 0.15301801197002302 -0.40682773621766766
vn 0.9005979575019862 0.15301801197002302 -0.40682773621766766
vn 0.9005979575019862 0.15301801197002302 -0.40682773621766766
vn 0.8558374618855236 0.2348974176804368 0.4608312511108676
vn 0.8558374618855236 0.2348974176804368 0.4608312511108676
vn 0.8558374618855236 0.2348974176804368 0.4608312511108676
vn 0.9486830596316859 0 0.31622848127242276
vn 0.948683086453825 0 0.3162284008061964
vn 0.9486833665958277 0 0.3162275603808221
vn 0.9910937601207649 0.13198053908098487 -0.017728393993156247
vn 0.9910937601207649 0.13198053908098487 -0.017728393993156247
vn 0.9910937601207649 0.13198053908098487 -0.017728393993156247
vn 0.4179595250355106 0.15217394947622673 0.8956299037732589
vn 0.4179595250355106 0.15217394947622673 0.8956299037732589
vn 0.4179595250355106 0.15217394947622673 0.8956299037732589
vn 0.312197340453698 0.15913417070756025 0.9365944353490763
vn 0.3121973578822327 0.15913417959128556 0.9365944280301701
vn 0.3121973564016153 0.1591342086389031 0.9365944235883069
vn 0.3162268183028933 0 0.9486836139546361
vn 0.3162272474563972 0 0.9486834709038365
vn 0.31622749779592196 0 0.9486833874574436
vn 0.3162272474563972 0 0.9486834709038365
vn 0.3162276408470944 0 0.9486833397737524
vn 0.31622783754240724 0 0.9486832742086544
vn 0.9858709529173512 0.16750660940332052 -1.9301509890719722e-7
vn 0.9858709586270946 0.1675065757972241 -6.184523052651598e-7
vn 0.985870955378119 0.16750659492026249 -2.3242213811243093e-7
vn 0.9365945306361777 0.15913415174184903 -0.31219706425877897
vn 0.9365944757044355 0.1591342770984605 -0.31219716515734686
vn 0.9365945899234458 0.15913399790241217 -0.31219696481184367
vn 0.9486835036863256 0 -0.31622714910873423
vn 0.948683557330399 0 -0.31622698817611944
vn 0.948683467923598 0 -0.3162272563971289
vn 0.9844722971571372 0.08392599652736486 0.15417757047326333
vn 0.9844722971571372 0.08392599652736486 0.15417757047326333
vn 0.9844722971571372 0.08392599652736486 0.15417757047326333
vn 0 0 -1
vn 0 0 -1
vn 0 0 -1
vn 0 0 -1
vn 0 0 -1
vn 0 0 -1
vn -0.39002740404761305 0 -0.9208032493925508
vn -0.39002740404761305 0 -0.9208032493925508
vn -0.39002740404761305 0 -0.9208032493925508
vn 0.3162277391947498 0 -0.9486833069912095
vn 0.3162276408470944 0 -0.9486833397737524
vn 0.3162279895342381 0 -0.9486832235446846
vn 0 0 -1
vn 0 0 -1
vn 0 0 -1
vn -0.3162222225044506 -0.005954473779822917 -0.9486664588970938
vn -0.3162222225044506 -0.005954473779822917 -0.9486664588970938
vn -0.3162222225044506 -0.005954473779822917 -0.9486664588970938
vn 0.18385711950752778 0.22084542085946693 -0.9578224572914332
vn 0.18385711950752778 0.22084542085946693 -0.9578224572914332
vn 0.18385711950752778 0.22084542085946693 -0.9578224572914332
vn 0 0.22467626239323032 -0.9744334646947468
vn 0 0.22467636253552412 -0.9744334416048156
vn 0 0.22467600881155325 -0.9744335231633356
vn -0.9458417295352 -0.0773430690082852 -0.3152799903993931
vn -0.9458417295352 -0.0773430690082852 -0.3152799903993931
vn -0.9458417295352 -0.0773430690082852 -0.3152799903993931
vn -0.9879731167730803 -0.1546257434377777 0
vn -0.9879731167730803 -0.1546257434377777 0
vn -0.9879731167730803 -0.1546257434377777 0
vn -0.9982062643730818 -0.0421637001421344 -0.042502660583326336
vn -0.9982062643730818 -0.0421637001421344 -0.042502660583326336
vn -0.9982062643730818 -0.0421637001421344 -0.042502660583326336
vn -0.8752071149398905 -0.008732139952487537 -0.4836695728391887
vn -0.8752071149398905 -0.008732139952487537 -0.4836695728391887
vn -0.8752071149398905 -0.008732139952487537 -0.4836695728391887
vn -0.9833792665217774 -0.1815632621808072 0.0000011639771430635181
vn -0.9833792665217774 -0.1815632621808072 0.0000011639771430635181
vn -0.9833792665217774 -0.1815632621808072 0.0000011639771430635181
vn -0.9999992565654051 -0.0012193722306803325 0
vn -0.9999992565654051 -0.0012193722306803325 0
vn -0.9999992565654051 -0.0012193722306803325 0
vn -0.8702218745961805 0.07263105290868062 0.48727673772476116
vn -0.8702218745961805 0.07263105290868062 0.48727673772476116
vn -0.8702218745961805 0.07263105290868062 0.48727673772476116
vn -0.9977124356246654 0.0018786219923038036 0.06757489607323355
vn -0.9977124356246654 0.0018786219923038036 0.06757489607323355
vn -0.9977124356246654 0.0018786219923038036 0.06757489607323355
vn -0.3125551486713722 0.15195503039661226 0.937666757316362
vn -0.3125551486713722 0.15195503039661226 0.937666757316362
vn -0.3125551486713722 0.15195503039661226 0.937666757316362
vn -0.006303775161914331 0.1716658207449626 0.9851350711484523
vn -0.008052058877016542 0.16850590998459936 0.9856677546963293
vn -0.012400097788381529 0.17044762776833225 0.9852887108675236
vn -0.0405513976414111 0.18265494565493876 0.9823404475929512
vn -0.0405513976414111 0.18265494565493876 0.9823404475929512
vn -0.0405513976414111 0.18265494565493876 0.9823404475929512
vn -0.43910775002996816 0.2238229981326669 0.8701078377824918
vn -0.43910775002996816 0.2238229981326669 0.8701078377824918
vn -0.43910775002996816 0.2238229981326669 0.8701078377824918
vn -0.008052058877016542 0.16850590998459936 0.9856677546963293
vn -0.0020866994289954395 0.1675059907780663 0.9858688496645746
vn -0.0035118451363811438 0.16934391866717624 0.9855507618353216
vn 0.25763561544203306 0.19057072123990187 0.9472627353917754
vn 0.25763561544203306 0.19057072123990187 0.9472627353917754
vn 0.25763561544203306 0.19057072123990187 0.9472627353917754
vn 0.41796093273435747 0.15217382876131297 0.8956292673578441
vn 0.41796093273435747 0.15217382876131297 0.8956292673578441
vn 0.41796093273435747 0.15217382876131297 0.8956292673578441
vn -0.008719633696190976 0.16789134242231155 0.9857669426024785
vn -0.014196144485072091 0.17150706135106328 0.9850806045133981
vn -0.012400097788381529 0.17044762776833225 0.9852887108675236
vn 0.9530317572581134 0.16192703603652053 0.25594941816292427
vn 0.9530317572581134 0.16192703603652053 0.25594941816292427
vn 0.9530317572581134 0.16192703603652053 0.25594941816292427
vn 0.9858709578389214 0.1675065804372103 0
vn 0.9858709529173512 0.16750660940332052 -1.9301509890719722e-7
vn 0.985870958627283 0.1675065757972561 0
vn 0.9739938494877541 0.16548848350176334 0.15475639886063772
vn 0.9739938494877541 0.16548848350176334 0.15475639886063772
vn 0.9739938494877541 0.16548848350176334 0.15475639886063772
vn 0.8558349972353455 0.23489805416329032 0.4608355039029396
vn 0.8558349972353455 0.23489805416329032 0.4608355039029396
vn 0.8558349972353455 0.23489805416329032 0.4608355039029396
vn 0.2582340467440329 0.1618252799086958 -0.9524325466323968
vn 0.2582340467440329 0.1618252799086958 -0.9524325466323968
vn 0.2582340467440329 0.1618252799086958 -0.9524325466323968
vn 9.650754921271297e-8 0.16750662388637935 -0.9858709504565887
vn 1.9092900574994682e-7 0.16750650802192205 -0.9858709701427795
vn 2.277469198524475e-7 0.1675066771786529 -0.9858709414018219
vn -0.15659128400110509 0 -0.9876634901498007
vn -0.15659128400110509 0 -0.9876634901498007
vn -0.15659128400110509 0 -0.9876634901498007
vn 0.3162280968225714 0 -0.948683187781872
vn 0.3162280878818976 0 -0.9486831907620998
vn 0.31622794483075095 0 -0.9486832384458573
vn 1.9092900574994682e-7 0.16750650802192205 -0.9858709701427795
vn 1.546130576510614e-7 0.16750639215746113 -0.985870989828977
vn 2.9244194633825674e-7 0.16750665285248564 -0.9858709455349981
vn -0.3084071083909686 0.1499985361789627 -0.9393537643710648
vn -0.3084071083909686 0.1499985361789627 -0.9393537643710648
vn -0.3084071083909686 0.1499985361789627 -0.9393537643710648
vn -0.35910782203903613 0.14272867443171933 -0.9223177856061024
vn -0.35910782203903613 0.14272867443171933 -0.9223177856061024
vn -0.35910782203903613 0.14272867443171933 -0.9223177856061024
vn -0.11770074857390479 0.08355297178633432 -0.9895278847464657
vn -0.11770074857390479 0.08355297178633432 -0.9895278847464657
vn -0.11770074857390479 0.08355297178633432 -0.9895278847464657
vn -0.9932496720934643 -0.11599607271897534 0
vn -0.9932496720934643 -0.11599607271897534 0
vn -0.9932496720934643 -0.11599607271897534 0
vn -0.9797480697551112 -0.2002341624477043 0
vn -0.9797480697551112 -0.2002341624477043 0
vn -0.9797480697551112 -0.2002341624477043 0
vn -0.9142378120791645 0.08415608637240411 -0.39634199385276137
vn -0.9142378120791645 0.08415608637240411 -0.39634199385276137
vn -0.9142378120791645 0.08415608637240411 -0.39634199385276137
vn -0.7449220399951947 0.18214882863846227 -0.6418044550757137
vn -0.7449220399951947 0.18214882863846227 -0.6418044550757137
vn -0.7449220399951947 0.18214882863846227 -0.6418044550757137
vn -0.9737904114427192 -0.22744721273785637 0
vn -0.9737904114427192 -0.22744721273785637 0
vn -0.9737904114427192 -0.22744721273785637 0
vn -0.9970529844552661 -0.07671600996745241 0.0000018764009488666932
vn -0.9970529844552661 -0.07671600996745241 0.0000018764009488666932
vn -0.9970529844552661 -0.07671600996745241 0.0000018764009488666932
vn -0.9099790325517031 -0.11915539782009663 0.3971651438464872
vn -0.9099790325517031 -0.11915539782009663 0.3971651438464872
vn -0.9099790325517031 -0.11915539782009663 0.3971651438464872
vn -0.9790524050355299 -0.04703063883375676 -0.19810226451263402
vn -0.9790524050355299 -0.04703063883375676 -0.19810226451263402
vn -0.9790524050355299 -0.04703063883375676 -0.19810226451263402
vn -0.31381438497805575 0.12330938966550306 0.9414432145388089
vn -0.3136613133754196 0.12333539693451921 0.9414908179874149
vn -0.3136786474800299 0.12333228259484662 0.9414854508621171
vn -0.4533054993355752 0.1976172586991075 0.8691729076175666
vn -0.4533054993355752 0.1976172586991075 0.8691729076175666
vn -0.4533054993355752 0.1976172586991075 0.8691729076175666
vn -0.3153970842222707 -0.021687490897422668 0.9487119330980635
vn -0.3153271448323593 -0.02172971733094454 0.9487342152134018
vn -0.31546062811569275 -0.02164905558131615 0.9486916835839186
vn -0.24126475423415628 -0.028717703461124754 0.9700343354089334
vn -0.24126475423415628 -0.028717703461124754 0.9700343354089334
vn -0.24126475423415628 -0.028717703461124754 0.9700343354089334
vn -0.9063033595049588 0.1067896956638663 0.40891341559069005
vn -0.9063033595049588 0.1067896956638663 0.40891341559069005
vn -0.9063033595049588 0.1067896956638663 0.40891341559069005
vn -0.9481184679338474 0.09827664080640693 0.3023459485995845
vn -0.9481184679338474 0.09827664080640693 0.3023459485995845
vn -0.9481184679338474 0.09827664080640693 0.3023459485995845
vn -0.9702933222210728 -0.01648638447024793 0.24136915291787517
vn -0.9702933222210728 -0.01648638447024793 0.24136915291787517
vn -0.9702933222210728 -0.01648638447024793 0.24136915291787517
vn -0.9482174737888577 -0.021709922343064788 0.3168790016289107
vn -0.9481983857437917 -0.021747397434510915 0.316933545049578
vn -0.9482342917583808 -0.021676886688367723 0.31683093364913356
vn 0 -0.2249290128374365 0.9743751532053638
vn 0 -0.2249290128374365 0.9743751532053638
vn 0 -0.2249290128374365 0.9743751532053638
vn 0 -0.07435237999468054 0.997232030968283
vn 0 -0.07435237999468054 0.997232030968283
vn 0 -0.07435237999468054 0.997232030968283
vn 0.407774258372176 -0.12393506275688393 0.9046326627026405
vn 0.407774258372176 -0.12393506275688393 0.9046326627026405
vn 0.407774258372176 -0.12393506275688393 0.9046326627026405
vn -0.4054760059868737 -0.10872222539509442 0.9076170372321529
vn -0.4054760059868737 -0.10872222539509442 0.9076170372321529
vn -0.4054760059868737 -0.10872222539509442 0.9076170372321529
vn 0.9360160485507791 0.12910280649839273 0.3274239182002808
vn 0.9360160485507791 0.12910280649839273 0.3274239182002808
vn 0.9360160485507791 0.12910280649839273 0.3274239182002808
vn 0.9839728960739904 0.1783176044570699 0.0004144061485110927
vn 0.9829712882027599 0.18375451443832416 0.001313389714662927
vn 0.9834544972828467 0.18104814964170954 0.006230512455340045
vn 0.9999999999999913 -3.4217944033798333e-9 1.3151914401987483e-7
vn 0.999999999999843 -5.162395400048225e-9 5.604470629804412e-7
vn 0.9999999999998257 -1.8552739788898585e-8 5.901491135772511e-7
vn 0.970476889603119 -0.02831867431451246 0.23952590555370895
vn 0.970476889603119 -0.02831867431451246 0.23952590555370895
vn 0.970476889603119 -0.02831867431451246 0.23952590555370895
vn 0.9839946228608651 0.1780246531848785 -0.007861618110008765
vn 0.9845853454379832 0.17490029777815508 -0.001258326619019308
vn 0.9840040440220857 0.17802607356893102 -0.006538996697568099
vn 0.9845853454379832 0.17490029777815508 -0.001258326619019308
vn 0.9855939513835803 0.16912141044086884 -0.001584779666674522
vn 0.9847963734704661 0.1734832873018471 -0.008924787188662171
vn 0.9999999999999887 -7.093333920238284e-8 1.332035139967032e-7
vn 0.9999999999999787 -3.354426780788273e-8 2.044733804495947e-7
vn 0.9999999999999853 1.900811390340297e-14 1.714975610411759e-7
vn 0.9999999999999787 -3.354426780788273e-8 2.044733804495947e-7
vn 0.9999999999999913 -3.4217944033798333e-9 1.3151914401987483e-7
vn 0.9999999999999909 -4.3803729532498495e-9 1.3509364293895365e-7
vn 0.9855939513835803 0.16912141044086884 -0.001584779666674522
vn 0.9858640228553189 0.167505414604953 -0.0037502689969689095
vn 0.9858130972126634 0.16781451555002141 -0.0032902484233932974
vn 0.9468466253373016 0.18910727923435258 -0.2602304844324434
vn 0.9468466253373016 0.18910727923435258 -0.2602304844324434
vn 0.9468466253373016 0.18910727923435258 -0.2602304844324434
vn 0.9486831877818716 -2.9445261705243398e-8 -0.31622809682257125
vn 0.948683250366787 -3.972191416470456e-8 -0.3162279090679798
vn 0.9486831997028041 -2.0553304780310607e-8 -0.3162280610598134
vn 1 0 0
vn 0.9999999999999887 -7.093333920238284e-8 1.332035139967032e-7
vn 0.9999999999999685 0 2.512234118512345e-7
vn 0.313930938037354 0.12031376322313841 -0.9417918902401282
vn 0.313930938037354 0.12031376322313841 -0.9417918902401282
vn 0.313930938037354 0.12031376322313841 -0.9417918902401282
vn 5.967521977187015e-7 0.16750640664049143 -0.9858709873680401
vn 3.077189635593894e-7 0.1675064935388598 -0.9858709726035254
vn 2.97116325407445e-7 0.16750659492025963 -0.9858709553781021
vn 2.6607608560879016e-7 -1.3016610012072646e-7 -0.9999999999999563
vn 5.26962253388701e-7 4.595269498252536e-9 -0.9999999999998612
vn 5.437238996818248e-7 -3.369846979239121e-7 -0.9999999999997955
vn 0.23125475090553618 -0.028437580261655385 -0.9724775288984729
vn 0.23125475090553618 -0.028437580261655385 -0.9724775288984729
vn 0.23125475090553618 -0.028437580261655385 -0.9724775288984729
vn 3.077189635593894e-7 0.1675064935388598 -0.9858709726035254
vn 1.6187629230975144e-7 0.1675065369880373 -0.9858709652212347
vn 1.7393967004221514e-7 0.16750663836943402 -0.9858709479958021
vn 1.6187629230975144e-7 0.1675065369880373 -0.9858709652212347
vn 1.546131528819134e-7 0.16750655147109453 -0.9858709627604606
vn 1.6667653487148688e-7 0.1675065080219228 -0.9858709701427839
vn -0.15799056154819494 0 -0.98744062224606
vn -0.15799056154819494 0 -0.98744062224606
vn -0.15799056154819494 0 -0.98744062224606
vn 0 -1.196419106008753e-7 -0.9999999999999929
vn 2.6607608560879016e-7 -1.3016610012072646e-7 -0.9999999999999563
vn 2.766641955531423e-7 -3.172159779296354e-7 -0.9999999999999114
vn 1.546131528819134e-7 0.16750655147109453 -0.9858709627604606
vn 0 0.16750684113221462 -0.985870913544926
vn 0 0.167506667335549 -0.9858709430742635
vn -0.27091775433017584 0.19669625279780478 -0.9422919688313153
vn -0.27091775433017584 0.19669625279780478 -0.9422919688313153
vn -0.27091775433017584 0.19669625279780478 -0.9422919688313153
vn -0.46153363887606247 0.17355373984829708 -0.8699803443587044
vn -0.46153363887606247 0.17355373984829708 -0.8699803443587044
vn -0.46153363887606247 0.17355373984829708 -0.8699803443587044
vn -0.1342746782107895 0.08972640948121312 -0.9868735897940519
vn -0.1342746782107895 0.08972640948121312 -0.9868735897940519
vn -0.1342746782107895 0.08972640948121312 -0.9868735897940519
vn -0.9369428949900594 0.22212583291394786 -0.26981127826673834
vn -0.9369428949900594 0.22212583291394786 -0.26981127826673834
vn -0.9369428949900594 0.22212583291394786 -0.26981127826673834
vn -0.9015586877688999 0.32303961772697226 0.28781476315024346
vn -0.9015586877688999 0.32303961772697226 0.28781476315024346
vn -0.9015586877688999 0.32303961772697226 0.28781476315024346
vn -0.842763170012154 0.18415641446211256 0.5058029797100093
vn -0.842763170012154 0.18415641446211256 0.5058029797100093
vn -0.842763170012154 0.18415641446211256 0.5058029797100093
vn -0.9140405690834239 0.27434469568409975 -0.2987721975345916
vn -0.9140405690834239 0.27434469568409975 -0.2987721975345916
vn -0.9140405690834239 0.27434469568409975 -0.2987721975345916
vn -0.231039525252925 0.28475839044377543 0.9303404736131677
vn -0.231039525252925 0.28475839044377543 0.9303404736131677
vn -0.231039525252925 0.28475839044377543 0.9303404736131677
vn -0.48633048232925324 0.32709037427136856 0.8102435121717495
vn -0.48633048232925324 0.32709037427136856 0.8102435121717495
vn -0.48633048232925324 0.32709037427136856 0.8102435121717495
vn -0.45323751975323173 0.20929532719090424 0.8664705515503635
vn -0.45323751975323173 0.20929532719090424 0.8664705515503635
vn -0.45323751975323173 0.20929532719090424 0.8664705515503635
vn -0.3579073765852794 0.28991844598151584 0.8876089254088796
vn -0.3579073765852794 0.28991844598151584 0.8876089254088796
vn -0.3579073765852794 0.28991844598151584 0.8876089254088796
vn -0.9315352407835097 0.13598711741874084 0.33726784470884624
vn -0.9315352407835097 0.13598711741874084 0.33726784470884624
vn -0.9315352407835097 0.13598711741874084 0.33726784470884624
vn -0.9526410090407734 0.08359923202806639 0.29238036236740406
vn -0.9526410090407734 0.08359923202806639 0.29238036236740406
vn -0.9526410090407734 0.08359923202806639 0.29238036236740406
vn -0.9724462276919664 -0.02190713505250041 0.23209569509462186
vn -0.9724462276919664 -0.02190713505250041 0.23209569509462186
vn -0.9724462276919664 -0.02190713505250041 0.23209569509462186
vn -0.9933466633301458 0.07870049554382509 0.08407519522440875
vn -0.9933466633301458 0.07870049554382509 0.08407519522440875
vn -0.9933466633301458 0.07870049554382509 0.08407519522440875
vn 0 -0.2974434559104934 0.9547394359384253
vn 0 -0.2974434559104934 0.9547394359384253
vn 0 -0.2974434559104934 0.9547394359384253
vn 0 -0.27727936445838647 0.9607893390569826
vn 0 -0.27727936445838647 0.9607893390569826
vn 0 -0.27727936445838647 0.9607893390569826
vn 0.1864360248125229 -0.1612218170100284 0.969148664742458
vn 0.1864360248125229 -0.1612218170100284 0.969148664742458
vn 0.1864360248125229 -0.1612218170100284 0.969148664742458
vn -0.4091370202149876 -0.13536975610745802 0.9023757132264854
vn -0.4091370202149876 -0.13536975610745802 0.9023757132264854
vn -0.4091370202149876 -0.13536975610745802 0.9023757132264854
vn 0 -0.19624903735615057 0.9805540858804191
vn 0 -0.19624903735615057 0.9805540858804191
vn 0 -0.19624903735615057 0.9805540858804191
vn 0.3153017452517297 -0.07647430897680288 0.9459051165459111
vn 0.3153017452517297 -0.07647430897680288 0.9459051165459111
vn 0.3153017452517297 -0.07647430897680288 0.9459051165459111
vn 0.5868360012087839 0.03686674067933834 0.8088660897311535
vn 0.5868360012087839 0.03686674067933834 0.8088660897311535
vn 0.5868360012087839 0.03686674067933834 0.8088660897311535
vn 0.35443642778278 -0.08862455944987167 0.930870832136714
vn 0.35443642778278 -0.08862455944987167 0.930870832136714
vn 0.35443642778278 -0.08862455944987167 0.930870832136714
vn 0.927383604144155 -0.21071227087003194 0.30912778857519685
vn 0.927383604144155 -0.21071227087003194 0.30912778857519685
vn 0.927383604144155 -0.21071227087003194 0.30912778857519685
vn 0.9404027099193787 -0.34006285180285234 0
vn 0.9404027099193787 -0.34006285180285234 0
vn 0.9404027099193787 -0.34006285180285234 0
vn 0.9108288809788335 0.13931646829332206 -0.3885635999899138
vn 0.9108288809788335 0.13931646829332206 -0.3885635999899138
vn 0.9108288809788335 0.13931646829332206 -0.3885635999899138
vn 0.8465602386761338 0.13353966158909805 0.5152697556380315
vn 0.8465602386761338 0.13353966158909805 0.5152697556380315
vn 0.8465602386761338 0.13353966158909805 0.5152697556380315
vn 0.9510370187609649 -0.30907699516620074 0.000002299588013885618
vn 0.9510370187609649 -0.30907699516620074 0.000002299588013885618
vn 0.9510370187609649 -0.30907699516620074 0.000002299588013885618
vn 0.9950957074808758 -0.09891679813426607 0
vn 0.9950957074808758 -0.09891679813426607 0
vn 0.9950957074808758 -0.09891679813426607 0
vn 0.6402289874468139 0.2848584059044916 0.7134161003358274
vn 0.6402289874468139 0.2848584059044916 0.7134161003358274
vn 0.6402289874468139 0.2848584059044916 0.7134161003358274
vn 0.7757232704045829 0.4786451339085195 0.41128122196194883
vn 0.7757232704045829 0.4786451339085195 0.41128122196194883
vn 0.7757232704045829 0.4786451339085195 0.41128122196194883
vn -0.31039973144540406 0.2518218380716496 0.916644843212919
vn -0.31039973144540406 0.2518218380716496 0.916644843212919
vn -0.31039973144540406 0.2518218380716496 0.916644843212919
vn 0.3888437639570222 0.28635894454039773 0.8756706470548417
vn 0.38171383608692516 0.29503005642683633 0.8759291142236235
vn 0.3890645522553111 0.28608453410212936 0.8756622713843173
vn 0.5037636730362706 0.24600551892880965 0.8280721263184583
vn 0.5037636730362706 0.24600551892880965 0.8280721263184583
vn 0.5037636730362706 0.24600551892880965 0.8280721263184583
vn -0.2810926077864239 0.35975160407826023 0.8896997972411516
vn -0.2810926077864239 0.35975160407826023 0.8896997972411516
vn -0.2810926077864239 0.35975160407826023 0.8896997972411516
vn 0.9999809435047073 0 -0.0061735425353084345
vn 0.9999809435047073 0 -0.0061735425353084345
vn 0.9999809435047073 0 -0.0061735425353084345
vn 0.948683086453825 0 0.3162284008061964
vn 0.9486830596316859 0 0.31622848127242276
vn 0.9486832324853862 0 0.3162279627121528
vn 0.8804407121992437 0.29101663835304936 0.3743440509795488
vn 0.8804407121992437 0.29101663835304936 0.3743440509795488
vn 0.8804407121992437 0.29101663835304936 0.3743440509795488
vn 0.8600574889800495 0.38018736941568865 0.3402332726029468
vn 0.8600574889800495 0.38018736941568865 0.3402332726029468
vn 0.8600574889800495 0.38018736941568865 0.3402332726029468
vn 0.3162276408470944 0 0.9486833397737524
vn 0.3162272474563972 0 0.9486834709038365
vn 0.31622737262615996 0 0.9486834291806491
vn 0.3162272474563972 0 0.9486834709038365
vn 0.3162268183028933 0 0.9486836139546361
vn 0.3162266931331236 0 0.9486836556777444
vn 0.3162268183028933 0 0.9486836139546361
vn 0.31622738156688324 0 0.9486834262004122
vn 0.31622737262615996 0 0.9486834291806491
vn 0.1152721454470284 0.11813207287689237 0.9862845156656611
vn 0.1152721454470284 0.11813207287689237 0.9862845156656611
vn 0.1152721454470284 0.11813207287689237 0.9862845156656611
vn 0.9486831371178611 0 0.3162282488143865
vn 0.9486832324853862 0 0.3162279627121528
vn 0.9486833934178976 0 0.3162274799145429
vn 0.9486834440817837 0 -0.3162273279226911
vn 0.9486833874574436 0 -0.31622749779592196
vn 0.9486833934178976 0 -0.3162274799145429
vn 0.9486830804933364 0 -0.31622841868762164
vn 0.9486831520190498 0 -0.3162282041108926
vn 0.9486832920900493 0 -0.31622778389823075
vn 0.9486834291806491 0 0.31622737262615996
vn 0.9486832414260873 0 0.3162279358900668
vn 0.9486832593074876 0 0.31622788224589254
vn 0.316228114703981 0 -0.9486831818213949
vn 0.31622785542380427 0 -0.9486832682481869
vn 0.31622804317840625 0 -0.9486832056632795
vn 0 0.30552969950889297 -0.952182546950954
vn 0 0.3055296281280654 -0.9521825698551334
vn 0 0.3055294660061179 -0.9521826218756654
vn -1.9740632239972907e-8 0 -0.9999999999999998
vn 1.5338309822254634e-7 0 -0.9999999999999882
vn 0 0 -1
vn 0.3162276855505711 0 -0.948683324872599
vn 0.3162281772888134 0 -0.9486831609597561
vn 0.3162282488143865 0 -0.9486831371178611
vn -0.4538874054619409 0 -0.8910590458342408
vn -0.45388745278720605 0 -0.891059021727709
vn -0.45388757110035205 0 -0.8910589614613743
vn 0.32684502670569676 0 -0.9450779483819058
vn 0.3268451065615167 0 -0.9450779207646272
vn 0.32684513318012176 0 -0.9450779115588664
vn -0.2971342509238047 -0.34221684540579644 -0.891402752771414
vn -0.2971342509238047 -0.34221684540579644 -0.891402752771414
vn -0.2971342509238047 -0.34221684540579644 -0.891402752771414
vn -0.0005187114147704945 -0.35874432286353264 -0.9334357191320963
vn -0.0051187027933781775 -0.36175926031441824 -0.9322574947183198
vn -0.0045831863680210125 -0.3614095369053547 -0.932395914317825
vn -0.9486829791651769 0 -0.31622872267124125
vn -0.9486829434022884 0 -0.3162288299595254
vn -0.9486828569752417 0 -0.31622908923957843
vn -1 0 0
vn -1 0 0
vn -1 0 0
vn -0.9874406323816403 0 0.15799049820083025
vn -0.9874406323816403 0 0.15799049820083025
vn -0.9874406323816403 0 0.15799049820083025
vn -0.9486830447304704 -1.3832279828933846e-7 -0.31622852597592366
vn -0.9486830030071065 -1.3832272984224764e-7 -0.31622865114565313
vn -0.9486829255208408 0 -0.3162288836036629
vn -1 0 0
vn -0.9999999999999969 0 -7.972582238835432e-8
vn -1 0 0
vn -0.9881986677995953 0.15067249991448478 0.027589685185310034
vn -0.9881986677995953 0.15067249991448478 0.027589685185310034
vn -0.9881986677995953 0.15067249991448478 0.027589685185310034
vn -0.8581218104752251 0.23150378415247586 0.458293526366897
vn -0.8581218104752251 0.23150378415247586 0.458293526366897
vn -0.8581218104752251 0.23150378415247586 0.458293526366897
vn -0.9835999307257578 0.1229164041264512 0.13199520397691575
vn -0.9835999307257578 0.1229164041264512 0.13199520397691575
vn -0.9835999307257578 0.1229164041264512 0.13199520397691575
vn -0.030615997154168278 0.246887613839773 0.9685603578769675
vn -0.025563463660613774 0.24235079993963543 0.9698518438886895
vn -0.035414144571966705 0.251189233115128 0.9672899294065197
vn 0.35899215602284046 0.17262679234691614 0.9172374951331239
vn 0.35899215602284046 0.17262679234691614 0.9172374951331239
vn 0.35899215602284046 0.17262679234691614 0.9172374951331239
vn 0.3162276766098151 5.8268563344094e-7 0.9486833278526712
vn 0.3162275335587184 2.68055781371023e-7 0.9486833755364841
vn 0.3162275335587298 0 0.9486833755365183
vn -0.17021523118601076 0.12512919088099056 0.9774300285246824
vn -0.17021523118601076 0.12512919088099056 0.9774300285246824
vn -0.17021523118601076 0.12512919088099056 0.9774300285246824
vn 0.9874405774262854 0 0.157990841671421
vn 0.9874405774262854 0 0.157990841671421
vn 0.9874405774262854 0 0.157990841671421
vn 0.948683557330399 0 -0.31622698817611944
vn 0.9486835036863256 0 -0.31622714910873423
vn 0.9486834530224686 0 -0.3162273011005939
vn 0.9486834351410932 -1.0272754030292126e-7 -0.31622735474478586
vn 0.9486835811721767 -1.3062742181997457e-7 -0.31622691665055475
vn 0.9486835394490435 0 -0.31622704182032735
vn 0.948683137117854 1.2176399496275372e-7 0.3162282488143841
vn 0.9486832205644448 1.4917874414347744e-7 0.3162279984749148
vn 0.9486833278528322 0 0.3162276766098687
vn 0.3162276408470944 0 -0.9486833397737524
vn 0.3162277391947498 0 -0.9486833069912095
vn 0.31622776601683794 0 -0.9486832980505138
vn -0.37876363224163184 -0.23859401677761605 -0.8942097103303277
vn -0.37876363224163184 -0.23859401677761605 -0.8942097103303277
vn -0.37876363224163184 -0.23859401677761605 -0.8942097103303277
vn -0.1579903343113195 0 -0.9874406586039475
vn -0.1579903343113195 0 -0.9874406586039475
vn -0.1579903343113195 0 -0.9874406586039475
vn 0.31622768555054803 -3.8186803987938685e-7 -0.9486833248725297
vn 0.3162278554237937 -2.5806565591417227e-7 -0.9486832682481553
vn 0.316227819661012 0 -0.9486832801691206
vn 0 -0.25780218580802855 -0.9661977194097503
vn 0 -0.2578024640240079 -0.9661976451757426
vn 0 -0.25780193354163483 -0.9661977867197764
vn 0.21126453550341484 -0.0023932801527700043 -0.9774259911873824
vn 0.21126453550341484 -0.0023932801527700043 -0.9774259911873824
vn 0.21126453550341484 -0.0023932801527700043 -0.9774259911873824
vn -0.4265902522693714 0.21281517468034525 -0.8790508848152808
vn -0.4265902522693714 0.21281517468034525 -0.8790508848152808
vn -0.4265902522693714 0.21281517468034525 -0.8790508848152808
vn -0.13267581960885283 0.10999192467115368 -0.9850375137010035
vn -0.13267581960885283 0.10999192467115368 -0.9850375137010035
vn -0.13267581960885283 0.10999192467115368 -0.9850375137010035
vn -0.8813344025734543 0.03986653961092015 -0.4708081667302973
vn -0.8813344025734543 0.03986653961092015 -0.4708081667302973
vn -0.8813344025734543 0.03986653961092015 -0.4708081667302973
vn -0.9849309918699085 0.1728044643280817 0.007039770056114178
vn -0.9849309918699085 0.1728044643280817 0.007039770056114178
vn -0.9849309918699085 0.1728044643280817 0.007039770056114178
vn -0.8648657247306477 0.2689204455245218 0.4238974783659658
vn -0.8648657247306477 0.2689204455245218 0.4238974783659658
vn -0.8648657247306477 0.2689204455245218 0.4238974783659658
vn -0.8484061549725794 0.33801188050269065 -0.40737570477837554
vn -0.8484061549725794 0.33801188050269065 -0.40737570477837554
vn -0.8484061549725794 0.33801188050269065 -0.40737570477837554
vn -0.38263322590979965 0.2499917659864472 0.8894357376274229
vn -0.38263322590979965 0.2499917659864472 0.8894357376274229
vn -0.38263322590979965 0.2499917659864472 0.8894357376274229
vn -0.0575826523666225 0.25169560925406337 0.9660918995771833
vn -0.0575826523666225 0.25169560925406337 0.9660918995771833
vn -0.0575826523666225 0.25169560925406337 0.9660918995771833
vn -0.16305722739386427 0.2300584229766136 0.9594193361675275
vn -0.16305722739386427 0.2300584229766136 0.9594193361675275
vn -0.16305722739386427 0.2300584229766136 0.9594193361675275
vn -0.4178481727447081 0.3272354690474689 0.8475375226685786
vn -0.4178481727447081 0.3272354690474689 0.8475375226685786
vn -0.4178481727447081 0.3272354690474689 0.8475375226685786
vn 0.249506767795598 0.15068181221685906 -0.9565779447024882
vn 0.249506767795598 0.15068181221685906 -0.9565779447024882
vn 0.249506767795598 0.15068181221685906 -0.9565779447024882
vn 0.4004094337096393 0.18534526498931997 -0.897395909363512
vn 0.4004094337096393 0.18534526498931997 -0.897395909363512
vn 0.4004094337096393 0.18534526498931997 -0.897395909363512
vn 0.5667978125726529 0.16722184731297968 -0.8067075637702243
vn 0.5667978125726529 0.16722184731297968 -0.8067075637702243
vn 0.5667978125726529 0.16722184731297968 -0.8067075637702243
vn 0.7311357307252967 0.3239510710377965 -0.6004133966112442
vn 0.7311357307252967 0.3239510710377965 -0.6004133966112442
vn 0.7311357307252967 0.3239510710377965 -0.6004133966112442
vn 0.8031946600714392 0.1385752039900582 -0.5793748793931603
vn 0.8031946600714392 0.1385752039900582 -0.5793748793931603
vn 0.8031946600714392 0.1385752039900582 -0.5793748793931603
vn 0.8881171180875188 0.15361981267883212 -0.4331846462104132
vn 0.8887896318048133 0.15532078955032766 -0.4311942053526778
vn 0.8886406658335453 0.15494328110657668 -0.431636822649368
vn 0.9486832980505138 0 -0.31622776601683794
vn 0.9486833010307459 2.170791055646257e-9 -0.31622775707614137
vn 0.9486833934178976 0 -0.3162274799145429
vn 0.9723703066454419 0.0606396856349446 -0.22543028918125613
vn 0.9723703066454419 0.0606396856349446 -0.22543028918125613
vn 0.9723703066454419 0.0606396856349446 -0.22543028918125613
vn -0.4623775063074499 -0.39398764973056694 -0.7943429822946058
vn -0.4623775063074499 -0.39398764973056694 -0.7943429822946058
vn -0.4623775063074499 -0.39398764973056694 -0.7943429822946058
vn 0.04605013497435385 -0.4360903141921344 -0.898723885816244
vn 0.04605013497435385 -0.4360903141921344 -0.898723885816244
vn 0.04605013497435385 -0.4360903141921344 -0.898723885816244
vn -0.15578489042952262 0 -0.9877910041673096
vn -0.15578489042952262 0 -0.9877910041673096
vn -0.15578489042952262 0 -0.9877910041673096
vn 0.31622854385735855 0 -0.948683038769986
vn 0.3162285170352822 0 -0.948683047710702
vn 0.31622847233177565 0 -0.948683062611909
vn 0.1302206620341451 -0.4110565341724338 -0.9022611068274725
vn 0.1302206620341451 -0.4110565341724338 -0.9022611068274725
vn 0.1302206620341451 -0.4110565341724338 -0.9022611068274725
vn 0.5268889425991239 -0.003953926085427684 -0.849924942942192
vn 0.5259874557249562 -0.00014330694359246412 -0.8504923138295297
vn 0.5278253399140376 -0.007961862484996878 -0.8493156181834881
vn -0.3422294760553213 0.15341347032067473 -0.9270077091605377
vn -0.3422294760553213 0.15341347032067473 -0.9270077091605377
vn -0.3422294760553213 0.15341347032067473 -0.9270077091605377
vn -0.14299800867850926 0.08258255499422858 -0.9862716112332375
vn -0.14299800867850926 0.08258255499422858 -0.9862716112332375
vn -0.14299800867850926 0.08258255499422858 -0.9862716112332375
vn -0.9367810401017428 -0.015911646039991057 -0.3495541480603472
vn -0.9367810401017428 -0.015911646039991057 -0.3495541480603472
vn -0.9367810401017428 -0.015911646039991057 -0.3495541480603472
vn -0.9811527915020143 -0.19317818054173683 0.0046249638256942935
vn -0.9811527915020143 -0.19317818054173683 0.0046249638256942935
vn -0.9811527915020143 -0.19317818054173683 0.0046249638256942935
vn -0.8520084793178095 0.04462489264508963 -0.5216226319159935
vn -0.8520084793178095 0.04462489264508963 -0.5216226319159935
vn -0.8520084793178095 0.04462489264508963 -0.5216226319159935
vn -0.6746335841708725 0.16156390889443945 -0.7202545594798494
vn -0.6746335841708725 0.16156390889443945 -0.7202545594798494
vn -0.6746335841708725 0.16156390889443945 -0.7202545594798494
vn -0.965767899341353 -0.25921388905618964 0.010026181833374665
vn -0.965767899341353 -0.25921388905618964 0.010026181833374665
vn -0.965767899341353 -0.25921388905618964 0.010026181833374665
vn -0.9497000989745645 -0.14843845083955312 0.27574580381223546
vn -0.9497000989745645 -0.14843845083955312 0.27574580381223546
vn -0.9497000989745645 -0.14843845083955312 0.27574580381223546
vn -0.8736962895083501 -0.17183627618998404 0.4551121706618061
vn -0.8736962895083501 -0.17183627618998404 0.4551121706618061
vn -0.8736962895083501 -0.17183627618998404 0.4551121706618061
vn -0.9723777683690034 -0.12859834615161644 -0.19479204539401962
vn -0.9723777683690034 -0.12859834615161644 -0.19479204539401962
vn -0.9723777683690034 -0.12859834615161644 -0.19479204539401962
vn -0.30968606929958814 0.17983236934354657 0.9336781337367053
vn -0.30968606929958814 0.17983236934354657 0.9336781337367053
vn -0.30968606929958814 0.17983236934354657 0.9336781337367053
vn -0.5746477442423162 0.3631348357212209 0.7334255661776043
vn -0.5746477442423162 0.3631348357212209 0.7334255661776043
vn -0.5746477442423162 0.3631348357212209 0.7334255661776043
vn -0.22381912157174588 -0.020955032191480243 0.974405401998935
vn -0.23490686880335532 -0.021993011391313606 0.971769041716675
vn -0.2262575359938368 -0.021183482203211233 0.9738371462866592
vn -0.20879694517146044 -0.035485732786671234 0.977314994490343
vn -0.20879694517146044 -0.035485732786671234 0.977314994490343
vn -0.20879694517146044 -0.035485732786671234 0.977314994490343
vn -0.900270786235966 0.23236780447579727 0.3681273079970751
vn -0.900270786235966 0.23236780447579727 0.3681273079970751
vn -0.900270786235966 0.23236780447579727 0.3681273079970751
vn -0.9422735436689388 0.2273489651252631 0.24583127742021044
vn -0.9424799680768291 0.22913371026658066 0.2433706074968173
vn -0.9423617693261405 0.22810345821953812 0.24479196894668268
vn -0.9536487753958034 0.03143623744163204 0.29927541857225426
vn -0.9536487753958034 0.03143623744163204 0.29927541857225426
vn -0.9536487753958034 0.03143623744163204 0.29927541857225426
vn -0.901020143615964 -0.009273534694610078 0.43367810914609867
vn -0.901020143615964 -0.009273534694610078 0.43367810914609867
vn -0.901020143615964 -0.009273534694610078 0.43367810914609867
vn -0.03747407899860861 0.5191112490537183 0.8538847723838939
vn -0.03747407899860861 0.5191112490537183 0.8538847723838939
vn -0.03747407899860861 0.5191112490537183 0.8538847723838939
vn 0.6169340529358297 0.11817361258997781 0.7780921356854886
vn 0.6169340529358297 0.11817361258997781 0.7780921356854886
vn 0.6169340529358297 0.11817361258997781 0.7780921356854886
vn 0.22399761539656005 -0.13996606607070267 0.9644866866086573
vn 0.22399761539656005 -0.13996606607070267 0.9644866866086573
vn 0.22399761539656005 -0.13996606607070267 0.9644866866086573
vn -0.3271425070291 0.17496551583505415 0.9286360150044197
vn -0.3271425070291 0.17496551583505415 0.9286360150044197
vn -0.3271425070291 0.17496551583505415 0.9286360150044197
vn 0.28100457486081254 -0.3150860335406323 0.9065082572017341
vn 0.28100457486081254 -0.3150860335406323 0.9065082572017341
vn 0.28100457486081254 -0.3150860335406323 0.9065082572017341
vn -0.15360158953258152 0.01874673404068155 0.9879550149960638
vn -0.15360158953258152 0.01874673404068155 0.9879550149960638
vn -0.15360158953258152 0.01874673404068155 0.9879550149960638
vn 0.5203772622002028 0.27886273592715355 0.807120238561916
vn 0.5203772622002028 0.27886273592715355 0.807120238561916
vn 0.5203772622002028 0.27886273592715355 0.807120238561916
vn 0.05651963654194378 -0.06254206766029796 0.9964406758347137
vn 0.0668132202108624 -0.06250224740634569 0.9958059362517432
vn 0.05851206925467896 -0.06253434714423628 0.9963261479951131
vn 0.8611987122106335 0.060293163326714784 0.5046796137578816
vn 0.8611987122106335 0.060293163326714784 0.5046796137578816
vn 0.8611987122106335 0.060293163326714784 0.5046796137578816
vn 0.8437900641117445 0.49345266886073663 0.21100424474525206
vn 0.8437900641117445 0.49345266886073663 0.21100424474525206
vn 0.8437900641117445 0.49345266886073663 0.21100424474525206
vn 0.8143822479473484 0.25675856842312966 -0.5204388453694907
vn 0.8143822479473484 0.25675856842312966 -0.5204388453694907
vn 0.8143822479473484 0.25675856842312966 -0.5204388453694907
vn 0.7820569926015251 0.3282242439646044 0.52976948382945
vn 0.7820569926015251 0.3282242439646044 0.52976948382945
vn 0.7820569926015251 0.3282242439646044 0.52976948382945
vn 0.9869815700145124 0.13819911231512574 0.08227019999367592
vn 0.9869815700145124 0.13819911231512574 0.08227019999367592
vn 0.9869815700145124 0.13819911231512574 0.08227019999367592
vn 0.95664564905706 0.2899681092997263 0.027342233437274252
vn 0.95664564905706 0.2899681092997263 0.027342233437274252
vn 0.95664564905706 0.2899681092997263 0.027342233437274252
vn 0.9086336898242905 0.342803947861035 -0.23847488556907553
vn 0.9086336898242905 0.342803947861035 -0.23847488556907553
vn 0.9086336898242905 0.342803947861035 -0.23847488556907553
vn 0.7619924393070008 0.2770058240672344 0.5853505751870406
vn 0.7619924393070008 0.2770058240672344 0.5853505751870406
vn 0.7619924393070008 0.2770058240672344 0.5853505751870406
vn -0.8664796060551443 0.24270415799334524 -0.43624280393292847
vn -0.8664796060551443 0.24270415799334524 -0.43624280393292847
vn -0.8664796060551443 0.24270415799334524 -0.43624280393292847
vn -0.7168893613718291 0.39347844216171707 -0.5755383211445432
vn -0.7168893613718291 0.39347844216171707 -0.5755383211445432
vn -0.7168893613718291 0.39347844216171707 -0.5755383211445432
vn -0.9334936387675601 0.2127342604495448 -0.2886758750077416
vn -0.9334936387675601 0.2127342604495448 -0.2886758750077416
vn -0.9334936387675601 0.2127342604495448 -0.2886758750077416
vn -0.8375718244525466 0.3083359392009148 -0.45100153822389805
vn -0.8375718244525466 0.3083359392009148 -0.45100153822389805
vn -0.8375718244525466 0.3083359392009148 -0.45100153822389805
vn -0.32999081788906354 0.24237279109605042 -0.9123384735092659
vn -0.32999081788906354 0.24237279109605042 -0.9123384735092659
vn -0.32999081788906354 0.24237279109605042 -0.9123384735092659
vn -0.2929712432774956 0.2258370887727748 -0.9290669835631209
vn -0.2929712432774956 0.2258370887727748 -0.9290669835631209
vn -0.2929712432774956 0.2258370887727748 -0.9290669835631209
vn -0.4197592589128201 0.30947281049728376 -0.85324600445585
vn -0.4197592589128201 0.30947281049728376 -0.85324600445585
vn -0.4197592589128201 0.30947281049728376 -0.85324600445585
vn -0.3126447343772139 0.24348983451363332 -0.9181317827821477
vn -0.3126447343772139 0.24348983451363332 -0.9181317827821477
vn -0.3126447343772139 0.24348983451363332 -0.9181317827821477
vn -0.9708600121219613 0.16781810978716888 -0.171078692098131
vn -0.9708600121219613 0.16781810978716888 -0.171078692098131
vn -0.9708600121219613 0.16781810978716888 -0.171078692098131
vn -0.8942662198128059 0.1549594204892911 0.41985176682174113
vn -0.8957644761212118 0.15906381087247126 0.415096021891342
vn -0.8955550913467709 0.15848650257038727 0.41576809265007764
vn -0.6673407559326654 0.47446396980324307 0.5740559701194353
vn -0.6673407559326654 0.47446396980324307 0.5740559701194353
vn -0.6673407559326654 0.47446396980324307 0.5740559701194353
vn -0.8071607842855091 0.5755066968202931 -0.1314667647224844
vn -0.80630145380674 0.5764668009269247 -0.13252921571568518
vn -0.8065360050843526 0.5762051415803829 -0.1322395830260517
vn -0.24016971044263616 0.02587085126549417 0.9703861134830295
vn -0.24016971044263616 0.02587085126549417 0.9703861134830295
vn -0.24016971044263616 0.02587085126549417 0.9703861134830295
vn -0.3152121979193113 0.03389949114582101 0.9484155707193611
vn -0.31516220442996945 0.033844403146513005 0.9484341523134321
vn -0.3152152914972974 0.033902902880867336 0.9484144205897149
vn -0.2943799560352665 0.36310363613353464 0.8840227321236033
vn -0.2944902866442897 0.36324143808923703 0.8839293686302242
vn -0.2935695941842589 0.3620833451121462 0.8847104297807775
vn -0.2774996308801037 0.45960370190725364 0.8436577458036848
vn -0.2774996308801037 0.45960370190725364 0.8436577458036848
vn -0.2774996308801037 0.45960370190725364 0.8436577458036848
vn -0.9477880965332097 0.03414760820440114 0.317067287691231
vn -0.9478075103590157 0.03420862783406085 0.31700267047574743
vn -0.9477869670737089 0.03414408046368321 0.31707104379698536
vn -0.969343620951666 0.04605041337416042 0.24135514071256378
vn -0.969343620951666 0.04605041337416042 0.24135514071256378
vn -0.969343620951666 0.04605041337416042 0.24135514071256378
vn -0.8304400113230928 0.4181324372918302 0.3681503123427918
vn -0.8304400113230928 0.4181324372918302 0.3681503123427918
vn -0.8304400113230928 0.4181324372918302 0.3681503123427918
vn -0.8674897849408102 0.36848717109744494 0.33418359887934246
vn -0.8674897849408102 0.36848717109744494 0.33418359887934246
vn -0.8674897849408102 0.36848717109744494 0.33418359887934246
vn -0.3995848929939833 0.1959466954637921 0.8955092438539128
vn -0.3995848929939833 0.1959466954637921 0.8955092438539128
vn -0.3995848929939833 0.1959466954637921 0.8955092438539128
vn 0.3982072504492324 0.1620466126080051 0.9028686953438652
vn 0.3982072504492324 0.1620466126080051 0.9028686953438652
vn 0.3982072504492324 0.1620466126080051 0.9028686953438652
vn 0.16036783717155745 0.6680986493089794 0.7265854055735184
vn 0.16036783717155745 0.6680986493089794 0.7265854055735184
vn 0.16036783717155745 0.6680986493089794 0.7265854055735184
vn -0.376482270118068 0.7088495342487655 0.5964842312098907
vn -0.376482270118068 0.7088495342487655 0.5964842312098907
vn -0.376482270118068 0.7088495342487655 0.5964842312098907
vn 0.9698596130679228 0.020962312384653608 0.24276101910979744
vn 0.9698596130679228 0.020962312384653608 0.24276101910979744
vn 0.9698596130679228 0.020962312384653608 0.24276101910979744
vn 0.999999999999843 -5.162395400048225e-9 5.604470629804412e-7
vn 0.9999999999999913 -3.4217944033798333e-9 1.3151914401987483e-7
vn 0.9999999999999944 1.0369339165094913e-8 1.0636642855388286e-7
vn 0.8595349242545954 0.37373081066731434 0.34860435330701023
vn 0.8603742883437513 0.373575519669499 0.34669498851389163
vn 0.8597921005781319 0.3736838384022833 0.34802001767194335
vn 0.5503376578494161 0.6124414641523881 0.5674891323538261
vn 0.5503376578494161 0.6124414641523881 0.5674891323538261
vn 0.5503376578494161 0.6124414641523881 0.5674891323538261
vn 0.9999999999999913 -3.4217944033798333e-9 1.3151914401987483e-7
vn 0.9999999999999787 -3.354426780788273e-8 2.044733804495947e-7
vn 0.999999999999966 0 2.61234077925101e-7
vn 0.9999999999999787 -3.354426780788273e-8 2.044733804495947e-7
vn 0.9999999999999887 -7.093333920238284e-8 1.332035139967032e-7
vn 0.99999999999999 -1.4186673524818473e-7 1.8093824846070882e-14
vn 0.9874406687395154 0 -0.1579902709639379
vn 0.9874406687395154 0 -0.1579902709639379
vn 0.9874406687395154 0 -0.1579902709639379
vn 0.9767282741151055 0.1338365014931641 0.16759972974977505
vn 0.9767282741151055 0.1338365014931641 0.16759972974977505
vn 0.9767282741151055 0.1338365014931641 0.16759972974977505
vn 0.9999999999999887 -7.093333920238284e-8 1.332035139967032e-7
vn 1 0 0
vn 0.9999999999999214 -1.3417724176177982e-7 -3.73362780692303e-7
vn 0.948683250366787 -3.972191416470456e-8 -0.3162279090679798
vn 0.9486831877818716 -2.9445261705243398e-8 -0.31622809682257125
vn 0.9486832682481869 0 -0.31622785542380427
vn 0.887456726209164 0.202242692510327 -0.4141478630058186
vn 0.887456726209164 0.202242692510327 -0.4141478630058186
vn 0.887456726209164 0.202242692510327 -0.4141478630058186
vn 0.9860998285803363 0.11933629854908688 -0.11561131398974092
vn 0.9860998285803363 0.11933629854908688 -0.11561131398974092
vn 0.9860998285803363 0.11933629854908688 -0.11561131398974092
vn 0.3162280878818976 0 -0.9486831907620998
vn 0.3162280968225714 0 -0.948683187781872
vn 0.3162279358900668 0 -0.9486832414260873
vn -0.1524413658026642 0.08307025421769888 -0.9848151922347792
vn -0.1524413658026642 0.08307025421769888 -0.9848151922347792
vn -0.1524413658026642 0.08307025421769888 -0.9848151922347792
vn -0.4141467035957464 0.20224294723662103 -0.8874572092184628
vn -0.4141467035957464 0.20224294723662103 -0.8874572092184628
vn -0.4141467035957464 0.20224294723662103 -0.8874572092184628
vn 0.4510005830533677 0.30833603701232365 -0.8375723027685774
vn 0.4510005830533677 0.30833603701232365 -0.8375723027685774
vn 0.4510005830533677 0.30833603701232365 -0.8375723027685774
vn 0.5779422554045623 0.3142541638529355 0.753144786823211
vn 0.5779422554045623 0.3142541638529355 0.753144786823211
vn 0.5779422554045623 0.3142541638529355 0.753144786823211
vn 0.6449649627122367 -0.1010836017346287 0.7574973942753587
vn 0.6449649627122367 -0.1010836017346287 0.7574973942753587
vn 0.6449649627122367 -0.1010836017346287 0.7574973942753587
vn 0.35872913003257373 0.2537668774767074 0.898284912019452
vn 0.35872913003257373 0.2537668774767074 0.898284912019452
vn 0.35872913003257373 0.2537668774767074 0.898284912019452
vn 0.3869228311148321 0.28572115698411016 0.8767292302722344
vn 0.3869228311148321 0.28572115698411016 0.8767292302722344
vn 0.3869228311148321 0.28572115698411016 0.8767292302722344
vn 0.9176302797411383 -0.3960904964369806 -0.03266478737886322
vn 0.9176302797411383 -0.3960904964369806 -0.03266478737886322
vn 0.9176302797411383 -0.3960904964369806 -0.03266478737886322
vn 0.7424502979993661 0.10136143878499229 0.6621883521537425
vn 0.7424502979993661 0.10136143878499229 0.6621883521537425
vn 0.7424502979993661 0.10136143878499229 0.6621883521537425
vn 0.8784128695504242 0.4491506647219093 -0.1632620929305288
vn 0.8784128695504242 0.4491506647219093 -0.1632620929305288
vn 0.8784128695504242 0.4491506647219093 -0.1632620929305288
vn 0.6767121973101697 0.40806277522888174 0.6128175694969468
vn 0.6767121973101697 0.40806277522888174 0.6128175694969468
vn 0.6767121973101697 0.40806277522888174 0.6128175694969468
vn 0.2391065120803119 0.0186856605584462 -0.9708135361490807
vn 0.2391065120803119 0.0186856605584462 -0.9708135361490807
vn 0.2391065120803119 0.0186856605584462 -0.9708135361490807
vn 5.26962253388701e-7 4.595269498252536e-9 -0.9999999999998612
vn 2.6607608560879016e-7 -1.3016610012072646e-7 -0.9999999999999563
vn 2.081551144783543e-7 -3.0662089756105395e-8 -0.999999999999978
vn 0.17090696835276611 0.2793543215979196 -0.9448555292599142
vn 0.17090696835276611 0.2793543215979196 -0.9448555292599142
vn 0.17090696835276611 0.2793543215979196 -0.9448555292599142
vn 0.494642122869271 0.48821614670601926 -0.7190091545863013
vn 0.494642122869271 0.48821614670601926 -0.7190091545863013
vn 0.494642122869271 0.48821614670601926 -0.7190091545863013
vn 2.6607608560879016e-7 -1.3016610012072646e-7 -0.9999999999999563
vn 0 -1.196419106008753e-7 -0.9999999999999929
vn 0 -3.689382310767539e-8 -0.9999999999999993
vn -0.16370651726978 0.08317803139772299 -0.9829962315778218
vn -0.16370651726978 0.08317803139772299 -0.9829962315778218
vn -0.16370651726978 0.08317803139772299 -0.9829962315778218
vn -0.31622742627035294 0 -0.9486834112992746
vn -0.3162276408470944 0 -0.9486833397737524
vn -0.3162276408470944 0 -0.9486833397737524
vn 0.15866048878405745 0.12699652211110699 -0.9791316217294216
vn 0.15866048878405745 0.12699652211110699 -0.9791316217294216
vn 0.15866048878405745 0.12699652211110699 -0.9791316217294216
vn -0.9548964203449213 0.1676155127609653 -0.24510786665126452
vn -0.9549016532738853 0.16760594849969127 -0.24509401992361893
vn -0.954890235662759 0.16762681477149588 -0.2451242313715297
vn -0.9864823218769533 0.07398448881944106 0.14621533448438692
vn -0.9864823218769533 0.07398448881944106 0.14621533448438692
vn -0.9864823218769533 0.07398448881944106 0.14621533448438692
vn -0.9999999999999687 3.687894789550113e-8 -2.4783429353191554e-7
vn -0.9999999999999827 0 -1.864538461404631e-7
vn -0.9999999999999474 0 3.2439302799501207e-7
vn -0.9486832593074876 0 -0.31622788224589254
vn -0.9486833278528322 0 -0.3162276766098687
vn -0.9486832414260873 0 -0.3162279358900668
vn -0.9937611500921627 0.009404181202404426 0.11113207432336623
vn -0.9937611500921627 0.009404181202404426 0.11113207432336623
vn -0.9937611500921627 0.009404181202404426 0.11113207432336623
vn -0.9774985876496236 0.033905146324396666 0.2081993088262115
vn -0.9774985876496236 0.033905146324396666 0.2081993088262115
vn -0.9774985876496236 0.033905146324396666 0.2081993088262115
vn -0.9548440109292405 0.042968777703900764 0.2939840113597894
vn -0.9545339316270838 0.052017163323650584 0.29352885393484335
vn -0.9548592948606536 0.04244288069164627 0.2940107632329305
vn -0.9999999999998492 1.377916731825982e-7 -5.316735496307155e-7
vn -0.9999999999999687 3.687894789550113e-8 -2.4783429353191554e-7
vn -0.9999999999999989 -1.4153233252045524e-8 4.361889693882399e-8
vn -0.4688718825014075 0.4304243268031177 0.7712937551255482
vn -0.4688718825014075 0.4304243268031177 0.7712937551255482
vn -0.4688718825014075 0.4304243268031177 0.7712937551255482
vn 0.2151766624636163 0.5421380983511261 0.8122716825343868
vn 0.2151766624636163 0.5421380983511261 0.8122716825343868
vn 0.2151766624636163 0.5421380983511261 0.8122716825343868
vn 0.32632109110093327 -0.09599842623100067 0.9403716540091303
vn 0.33070905309324683 -0.09584329533306414 0.9388533351604322
vn 0.32725763363367505 -0.09596546622917126 0.9400495042921437
vn -0.3277382885609951 0.2800233735389965 0.9023161998340437
vn -0.3277382885609951 0.2800233735389965 0.9023161998340437
vn -0.3277382885609951 0.2800233735389965 0.9023161998340437
vn 0.9102472775177672 0.29621709798941576 0.2893187249906606
vn 0.9102472775177672 0.29621709798941576 0.2893187249906606
vn 0.9102472775177672 0.29621709798941576 0.2893187249906606
vn 0.8337981920955089 0.4521698151775663 0.3167381143792873
vn 0.8337981920955089 0.4521698151775663 0.3167381143792873
vn 0.8337981920955089 0.4521698151775663 0.3167381143792873
vn 0.9882563606168011 0.03056180373172947 0.14971754023192602
vn 0.9882563606168011 0.03056180373172947 0.14971754023192602
vn 0.9882563606168011 0.03056180373172947 0.14971754023192602
vn 0.9497991979498337 -0.04711923464621387 0.30929154741151216
vn 0.9497991979498337 -0.04711923464621387 0.30929154741151216
vn 0.9497991979498337 -0.04711923464621387 0.30929154741151216
vn -0.22771635961722095 0.2513928581147383 0.9407161582813297
vn -0.22570730045732082 0.2491708305091162 0.9417909065942749
vn -0.22595545854172422 0.24968388746295042 0.9415955007839554
vn 0.16544071288381362 0.11079952168243926 0.9799759367022428
vn 0.16544071288381362 0.11079952168243926 0.9799759367022428
vn 0.16544071288381362 0.11079952168243926 0.9799759367022428
vn 0.036198113901232 0.25560359072546207 0.966103773389921
vn 0.036198113901232 0.25560359072546207 0.966103773389921
vn 0.036198113901232 0.25560359072546207 0.966103773389921
vn -0.3867444001302958 0.42073004385952956 0.8206186685433228
vn -0.3867444001302958 0.42073004385952956 0.8206186685433228
vn -0.3867444001302958 0.42073004385952956 0.8206186685433228
vn 0.15799105960958348 0 0.9874405425560777
vn 0.15799105960958348 0 0.9874405425560777
vn 0.15799105960958348 0 0.9874405425560777
vn 0.31622738156688324 0 0.9486834262004122
vn 0.3162268183028933 0 0.9486836139546361
vn 0.3162269702947661 0 0.9486835632908337
vn 0.4317577606466437 0.27686665264918503 0.8584463249220834
vn 0.4317577606466437 0.27686665264918503 0.8584463249220834
vn 0.4317577606466437 0.27686665264918503 0.8584463249220834
vn 0.05991394406749683 0.23539627963497706 0.9700509836293598
vn 0.05403975107440512 0.23547570634246534 0.9703766779072616
vn 0.059311162137953795 0.23540524934640028 0.9700858491009982
vn 0.9486832414260873 0 0.3162279358900668
vn 0.9486834291806491 0 0.31622737262615996
vn 0.9486835275281241 0 0.31622707758317425
vn 0.9486831520190498 0 -0.3162282041108926
vn 0.9486830804933364 0 -0.31622841868762164
vn 0.9486834530224686 0 -0.3162273011005939
vn 0.8351781896862203 0.4509065985096088 -0.31489781023840463
vn 0.8351781896862203 0.4509065985096088 -0.31489781023840463
vn 0.8351781896862203 0.4509065985096088 -0.31489781023840463
vn 0.7889201684484262 0.5139234302048455 0.33687931919575
vn 0.7889201684484262 0.5139234302048455 0.33687931919575
vn 0.7889201684484262 0.5139234302048455 0.33687931919575
vn 0.3162281772888134 0 -0.9486831609597561
vn 0.3162276855505711 0 -0.948683324872599
vn 0.3162279180086662 0 -0.9486832473865576
vn 1.5338309822254634e-7 0 -0.9999999999999882
vn -1.9740632239972907e-8 0 -0.9999999999999998
vn 1.141401355653208e-7 0 -0.9999999999999936
vn 0.1277491103694345 0.4299812749388142 -0.893754031040873
vn 0.1277491103694345 0.4299812749388142 -0.893754031040873
vn 0.1277491103694345 0.4299812749388142 -0.893754031040873
vn 0.5396183299518091 0.587029529561245 -0.6034968014854127
vn 0.5396183299518091 0.587029529561245 -0.6034968014854127
vn 0.5396183299518091 0.587029529561245 -0.6034968014854127
vn -1.9740632239972907e-8 0 -0.9999999999999998
vn -8.89701556872069e-9 0 -1
vn -2.3082174394062343e-8 0 -0.9999999999999998
vn -0.3162278911865482 -4.5300762694288523e-7 -0.9486832563271598
vn -0.3162282488143865 0 -0.9486831371178611
vn -0.3162277034318928 -6.535739185508424e-7 -0.9486833189119347
vn -0.4017495895116203 0.31218016801352005 -0.8608953537023504
vn -0.4017495895116203 0.31218016801352005 -0.8608953537023504
vn -0.4017495895116203 0.31218016801352005 -0.8608953537023504
vn 0.03567345101564155 0.3602096174418473 -0.9321890561442097
vn 0.03567345101564155 0.3602096174418473 -0.9321890561442097
vn 0.03567345101564155 0.3602096174418473 -0.9321890561442097
vn -0.9486830030071065 -1.3832272984224764e-7 -0.31622865114565313
vn -0.9486830447304704 -1.3832279828933846e-7 -0.31622852597592366
vn -0.9486829851256408 -2.766455965786223e-7 -0.3162287047897884
vn -0.9785599051258723 0.12660746197129982 0.162453262981172
vn -0.9785599051258723 0.12660746197129982 0.162453262981172
vn -0.9785599051258723 0.12660746197129982 0.162453262981172
vn -0.8534413343066771 0.3094769035703848 0.41935895728280975
vn -0.8534413343066771 0.3094769035703848 0.41935895728280975
vn -0.8534413343066771 0.3094769035703848 0.41935895728280975
vn -0.7825247835956871 0.45838046679032934 -0.4213576992575344
vn -0.7825247835956871 0.45838046679032934 -0.4213576992575344
vn -0.7825247835956871 0.45838046679032934 -0.4213576992575344
vn -0.9252512052255034 0.2233621077713484 -0.30662611767540876
vn -0.9252512052255034 0.2233621077713484 -0.30662611767540876
vn -0.9252512052255034 0.2233621077713484 -0.30662611767540876
vn -0.895428903023482 0.2155973188756032 0.38951877454599715
vn -0.8946798009145459 0.210317645290728 0.3940996598766256
vn -0.8947260980388577 0.2106274227134842 0.39382902164420985
vn -0.8426764173725745 0.20342843677661596 0.4985111099210779
vn -0.8426764173725745 0.20342843677661596 0.4985111099210779
vn -0.8426764173725745 0.20342843677661596 0.4985111099210779
vn -0.8995732387617158 0.3215556343563957 -0.2955841032894242
vn -0.8995732387617158 0.3215556343563957 -0.2955841032894242
vn -0.8995732387617158 0.3215556343563957 -0.2955841032894242
vn -0.1571088112936829 0 0.9875812986351482
vn -0.1571088112936829 0 0.9875812986351482
vn -0.1571088112936829 0 0.9875812986351482
vn 0.3162275335587184 2.68055781371023e-7 0.9486833755364841
vn 0.3162276766098151 5.8268563344094e-7 0.9486833278526712
vn 0.3162276855505435 4.1791028959365194e-7 0.948683324872516
vn 0.3468371893218836 0.23813548447113211 0.9071909694981509
vn 0.3468371893218836 0.23813548447113211 0.9071909694981509
vn 0.3468371893218836 0.23813548447113211 0.9071909694981509
vn -0.38237897591645675 0.3071975253307712 0.871444776912302
vn -0.38237897591645675 0.3071975253307712 0.871444776912302
vn -0.38237897591645675 0.3071975253307712 0.871444776912302
vn 0.9486832205644448 1.4917874414347744e-7 0.3162279984749148
vn 0.948683137117854 1.2176399496275372e-7 0.3162282488143841
vn 0.9486830626118353 3.941980452591655e-7 0.31622847233175105
vn 0.9486835811721767 -1.3062742181997457e-7 -0.31622691665055475
vn 0.9486834351410932 -1.0272754030292126e-7 -0.31622735474478586
vn 0.9486834977258247 -3.537764702729556e-7 -0.3162271669900767
vn 0.9173685816152358 0.24423035733900186 -0.31430306714907147
vn 0.9173685816152358 0.24423035733900186 -0.31430306714907147
vn 0.9173685816152358 0.24423035733900186 -0.31430306714907147
vn 0.722063991603386 0.3621330425616747 0.5894771000766778
vn 0.722063991603386 0.3621330425616747 0.5894771000766778
vn 0.722063991603386 0.3621330425616747 0.5894771000766778
vn 0.3162278554237937 -2.5806565591417227e-7 -0.9486832682481553
vn 0.31622768555054803 -3.8186803987938685e-7 -0.9486833248725297
vn 0.316227819661003 -2.383576176024205e-7 -0.9486832801690936
vn -0.16246828366191632 0.08609542913660677 -0.9829504737705429
vn -0.16246828366191632 0.08609542913660677 -0.9829504737705429
vn -0.16246828366191632 0.08609542913660677 -0.9829504737705429
vn -0.4595363155950683 0.21098929716378576 -0.8627339631263171
vn -0.4595363155950683 0.21098929716378576 -0.8627339631263171
vn -0.4595363155950683 0.21098929716378576 -0.8627339631263171
vn 0.5277922846286163 0.35808360169471526 -0.7702022062314845
vn 0.5277922846286163 0.35808360169471526 -0.7702022062314845
vn 0.5277922846286163 0.35808360169471526 -0.7702022062314845
vn 0.9350030977105876 0.26093534837116555 0.24017067106960346
vn 0.9350030977105876 0.26093534837116555 0.24017067106960346
vn 0.9350030977105876 0.26093534837116555 0.24017067106960346
vn 0.9350691861680899 0.26091017838960145 -0.239940609092443
vn 0.9350665869862816 0.2608788924864342 -0.23998475234247282
vn 0.9350697689098618 0.2609171782227668 -0.23993072620889266
vn 0.8927236830234097 0.2491366425930121 -0.3754668548442068
vn 0.8927236830234097 0.2491366425930121 -0.3754668548442068
vn 0.8927236830234097 0.2491366425930121 -0.3754668548442068
vn 0.9663129218259294 0.2545006512458164 0.03832434771382787
vn 0.9663129218259294 0.2545006512458164 0.03832434771382787
vn 0.9663129218259294 0.2545006512458164 0.03832434771382787
vn 0.1564761587305011 0 -0.987681736061241
vn 0.1564761587305011 0 -0.987681736061241
vn 0.1564761587305011 0 -0.987681736061241
vn -0.3162276408470944 0 -0.9486833397737524
vn -0.31622742627035294 0 -0.9486834112992746
vn -0.31622790906798004 0 -0.9486832503667877
vn -0.4017504647779383 0.312179974588432 -0.8608950153861252
vn -0.4017504647779383 0.312179974588432 -0.8608950153861252
vn -0.4017504647779383 0.312179974588432 -0.8608950153861252
vn 0.4389136240933752 0.43415493879812517 -0.786679299144458
vn 0.4389136240933752 0.43415493879812517 -0.786679299144458
vn 0.4389136240933752 0.43415493879812517 -0.786679299144458
vn -0.9486833278528322 0 -0.3162276766098687
vn -0.9486832593074876 0 -0.31622788224589254
vn -0.9486833099714418 0 -0.31622773025405126
vn -0.9999999999999827 0 -1.864538461404631e-7
vn -0.9999999999999687 3.687894789550113e-8 -2.4783429353191554e-7
vn -0.999999999999972 0 -2.365093649814232e-7
vn -0.9393625787067519 0.34063431372642355 0.039575371603181995
vn -0.9393625787067519 0.34063431372642355 0.039575371603181995
vn -0.9393625787067519 0.34063431372642355 0.039575371603181995
vn -0.7825239675105927 0.45838187826586285 -0.42135767935204466
vn -0.7825239675105927 0.45838187826586285 -0.42135767935204466
vn -0.7825239675105927 0.45838187826586285 -0.42135767935204466
vn -0.9999999999999687 3.687894789550113e-8 -2.4783429353191554e-7
vn -0.9999999999998492 1.377916731825982e-7 -5.316735496307155e-7
vn -0.999999999999966 1.502238120565329e-7 -2.1307710085238073e-7
vn -0.9545339316270838 0.052017163323650584 0.29352885393484335
vn -0.9548440109292405 0.042968777703900764 0.2939840113597894
vn -0.9544769059190793 0.05346636212907239 0.2934538876686151
vn -0.7690676924510463 0.39218153926113725 0.5047063747277103
vn -0.7690676924510463 0.39218153926113725 0.5047063747277103
vn -0.7690676924510463 0.39218153926113725 0.5047063747277103
vn -0.9239776891271986 0.3611388334362496 0.1258728444878671
vn -0.9239776891271986 0.3611388334362496 0.1258728444878671
vn -0.9239776891271986 0.3611388334362496 0.1258728444878671
vn -0.3326119688605985 0.21370826070893706 0.9185303791793917
vn -0.3326119688605985 0.21370826070893706 0.9185303791793917
vn -0.3326119688605985 0.21370826070893706 0.9185303791793917
vn 0.34997499232610546 0.16634836908687597 0.9218707744844061
vn 0.34997499232610546 0.16634836908687597 0.9218707744844061
vn 0.34997499232610546 0.16634836908687597 0.9218707744844061
vn 0.3142195493862561 0.4822985004507323 0.8177128048688446
vn 0.3142195493862561 0.4822985004507323 0.8177128048688446
vn 0.3142195493862561 0.4822985004507323 0.8177128048688446
vn -0.2725646206376179 0.5718562591775386 0.7737499249861955
vn -0.2725646206376179 0.5718562591775386 0.7737499249861955
vn -0.2725646206376179 0.5718562591775386 0.7737499249861955
vn 0.9570091786797795 0.022239090943307328 0.28920382908369197
vn 0.9570091786797795 0.022239090943307328 0.28920382908369197
vn 0.9570091786797795 0.022239090943307328 0.28920382908369197
vn 0.9842456584138228 0.1262634469733564 0.12376601250725802
vn 0.9842456584138228 0.1262634469733564 0.12376601250725802
vn 0.9842456584138228 0.1262634469733564 0.12376601250725802
vn 0.935974088854136 0.3358848659416368 0.10551711626574573
vn 0.935974088854136 0.3358848659416368 0.10551711626574573
vn 0.935974088854136 0.3358848659416368 0.10551711626574573
vn 0.6317641181388552 0.570685092460782 0.524588051975322
vn 0.6317641181388552 0.570685092460782 0.524588051975322
vn 0.6317641181388552 0.570685092460782 0.524588051975322
vn 0.39539417444098973 0.38251098815942947 -0.8350741229109095
vn 0.39539417444098973 0.38251098815942947 -0.8350741229109095
vn 0.39539417444098973 0.38251098815942947 -0.8350741229109095
vn -0.32414037221959163 0.3319005691995229 -0.88587529103276
vn -0.32414037221959163 0.3319005691995229 -0.88587529103276
vn -0.32414037221959163 0.3319005691995229 -0.88587529103276
vn -0.32335353468230155 0.3940745000427869 -0.8603184178108065
vn -0.32335353468230155 0.3940745000427869 -0.8603184178108065
vn -0.32335353468230155 0.3940745000427869 -0.8603184178108065
vn 0.5197673257710136 0.5654382507403407 -0.640407301379796
vn 0.5197673257710136 0.5654382507403407 -0.640407301379796
vn 0.5197673257710136 0.5654382507403407 -0.640407301379796
vn -0.9530707681401737 0.25043152416480663 -0.17011808434493794
vn -0.9530707681401737 0.25043152416480663 -0.17011808434493794
vn -0.9530707681401737 0.25043152416480663 -0.17011808434493794
vn -0.8960270473116082 0.21484524522157425 0.38855765478461823
vn -0.8960270473116082 0.21484524522157425 0.38855765478461823
vn -0.8960270473116082 0.21484524522157425 0.38855765478461823
vn -0.8493379768998052 0.24814947909238957 0.46588285761757936
vn -0.8493379768998052 0.24814947909238957 0.46588285761757936
vn -0.8493379768998052 0.24814947909238957 0.46588285761757936
vn -0.7518710417887173 0.5010196714697925 -0.4285664771302698
vn -0.7518710417887173 0.5010196714697925 -0.4285664771302698
vn -0.7518710417887173 0.5010196714697925 -0.4285664771302698
vn -0.377660774392703 0.24663906848526226 0.8924917419123979
vn -0.377660774392703 0.24663906848526226 0.8924917419123979
vn -0.377660774392703 0.24663906848526226 0.8924917419123979
vn 0.19262347010928135 0.3132798790108827 0.9299203816295165
vn 0.19262347010928135 0.3132798790108827 0.9299203816295165
vn 0.19262347010928135 0.3132798790108827 0.9299203816295165
vn 0.42023028989686195 0.26827867145494766 0.8668523852972706
vn 0.42023028989686195 0.26827867145494766 0.8668523852972706
vn 0.42023028989686195 0.26827867145494766 0.8668523852972706
vn -0.38526497715083935 0.34446917572875024 0.856102730023517
vn -0.38526497715083935 0.34446917572875024 0.856102730023517
vn -0.38526497715083935 0.34446917572875024 0.856102730023517
vn 0.9876610018897256 -3.3093397950235274e-7 0.15660697732244863
vn 0.9876610018897256 -3.3093397950235274e-7 0.15660697732244863
vn 0.9876610018897256 -3.3093397950235274e-7 0.15660697732244863
vn 0.9754191644843828 0.16965768208172205 -0.14061907575875246
vn 0.9754191644843828 0.16965768208172205 -0.14061907575875246
vn 0.9754191644843828 0.16965768208172205 -0.14061907575875246
vn 0.84243790057532 0.42299206921333565 -0.3337305695570427
vn 0.84243790057532 0.42299206921333565 -0.3337305695570427
vn 0.84243790057532 0.42299206921333565 -0.3337305695570427
vn 0.7899543816469312 0.49843457655121415 0.35712049481236197
vn 0.7899543816469312 0.49843457655121415 0.35712049481236197
vn 0.7899543816469312 0.49843457655121415 0.35712049481236197
vn -0.8987257193499522 0.10925922193752818 -0.42468164994559965
vn -0.8987257193499522 0.10925922193752818 -0.42468164994559965
vn -0.8987257193499522 0.10925922193752818 -0.42468164994559965
vn -0.7140979890616143 0.18672773497169912 -0.6746827513806005
vn -0.7140979890616143 0.18672773497169912 -0.6746827513806005
vn -0.7140979890616143 0.18672773497169912 -0.6746827513806005
vn -0.9582544679069733 0.08308833647660686 -0.2735775997370285
vn -0.9582544679069733 0.08308833647660686 -0.2735775997370285
vn -0.9582544679069733 0.08308833647660686 -0.2735775997370285
vn -0.8702339796693253 0.12401994593468457 -0.4767723499105692
vn -0.8702339796693253 0.12401994593468457 -0.4767723499105692
vn -0.8702339796693253 0.12401994593468457 -0.4767723499105692
vn -0.3184922172425889 0.11608121687416496 -0.9407910812953707
vn -0.3184922172425889 0.11608121687416496 -0.9407910812953707
vn -0.3184922172425889 0.11608121687416496 -0.9407910812953707
vn -0.23764216721676745 0.12550853098694145 -0.9632101582780459
vn -0.23764216721676745 0.12550853098694145 -0.9632101582780459
vn -0.23764216721676745 0.12550853098694145 -0.9632101582780459
vn -0.40375875305108083 0.13319373267787532 -0.9051178370300583
vn -0.40375875305108083 0.13319373267787532 -0.9051178370300583
vn -0.40375875305108083 0.13319373267787532 -0.9051178370300583
vn -0.31421107514749386 0.10514986417046698 -0.9435120064522698
vn -0.31421107514749386 0.10514986417046698 -0.9435120064522698
vn -0.31421107514749386 0.10514986417046698 -0.9435120064522698
vn -0.8926170471028384 0.37816819560037285 -0.24540501840379583
vn -0.8926170471028384 0.37816819560037285 -0.24540501840379583
vn -0.8926170471028384 0.37816819560037285 -0.24540501840379583
vn -0.8424021760057211 0.33335921795076934 0.4233558853589705
vn -0.8424021760057211 0.33335921795076934 0.4233558853589705
vn -0.8424021760057211 0.33335921795076934 0.4233558853589705
vn -0.9828075106105203 0.020703738419622888 0.18346866845051207
vn -0.9828075106105203 0.020703738419622888 0.18346866845051207
vn -0.9828075106105203 0.020703738419622888 0.18346866845051207
vn -0.8661461318934217 0.2969966776162367 -0.401974939133002
vn -0.8661461318934217 0.2969966776162367 -0.401974939133002
vn -0.8661461318934217 0.2969966776162367 -0.401974939133002
vn -0.21171551266942856 0.013296120375611401 0.9772408888693095
vn -0.21171551266942856 0.013296120375611401 0.9772408888693095
vn -0.21171551266942856 0.013296120375611401 0.9772408888693095
vn -0.2251717836060794 0.00884819100627784 0.9742789012308403
vn -0.2251717836060794 0.00884819100627784 0.9742789012308403
vn -0.2251717836060794 0.00884819100627784 0.9742789012308403
vn -0.3247377186150095 0.12784164788592828 0.9371242858738266
vn -0.3247377186150095 0.12784164788592828 0.9371242858738266
vn -0.3247377186150095 0.12784164788592828 0.9371242858738266
vn -0.32651457949394236 0.06421421031394288 0.9430083586965976
vn -0.32651457949394236 0.06421421031394288 0.9430083586965976
vn -0.32651457949394236 0.06421421031394288 0.9430083586965976
vn -0.9007808341661682 0.01004681711198958 0.4341577481340399
vn -0.9007808341661682 0.01004681711198958 0.4341577481340399
vn -0.9007808341661682 0.01004681711198958 0.4341577481340399
vn -0.9543632967412302 0.012696433948688447 0.2983781131353261
vn -0.9543632967412302 0.012696433948688447 0.2983781131353261
vn -0.9543632967412302 0.012696433948688447 0.2983781131353261
vn -0.8899791252266611 0.08266383420250827 0.4484460359683507
vn -0.8899791252266611 0.08266383420250827 0.4484460359683507
vn -0.8899791252266611 0.08266383420250827 0.4484460359683507
vn -0.9387751174172181 0.12052631297023085 0.3227610366820791
vn -0.9387751174172181 0.12052631297023085 0.3227610366820791
vn -0.9387751174172181 0.12052631297023085 0.3227610366820791
vn -0.334384171310006 0.04656258944810075 0.9412859030290468
vn -0.334384171310006 0.04656258944810075 0.9412859030290468
vn -0.334384171310006 0.04656258944810075 0.9412859030290468
vn 0.20955322252084355 0.07007346404993965 0.9752831161089438
vn 0.20955322252084355 0.07007346404993965 0.9752831161089438
vn 0.20955322252084355 0.07007346404993965 0.9752831161089438
vn 0.3740922075982788 0.08783632941142049 0.9232225080931329
vn 0.3740922075982788 0.08783632941142049 0.9232225080931329
vn 0.3740922075982788 0.08783632941142049 0.9232225080931329
vn -0.45176192878809995 0.13215678860282912 0.8822957230565287
vn -0.45176192878809995 0.13215678860282912 0.8822957230565287
vn -0.45176192878809995 0.13215678860282912 0.8822957230565287
vn 0.8995657542077109 0.0935859839485228 0.42664167338071796
vn 0.8995657542077109 0.0935859839485228 0.42664167338071796
vn 0.8995657542077109 0.0935859839485228 0.42664167338071796
vn 0.9657354216418187 0.1323776442461062 0.22322915286796677
vn 0.9657354216418187 0.1323776442461062 0.22322915286796677
vn 0.9657354216418187 0.1323776442461062 0.22322915286796677
vn 0.9878024966137147 0.11771280957743521 0.10193096754715383
vn 0.9878024966137147 0.11771280957743521 0.10193096754715383
vn 0.9878024966137147 0.11771280957743521 0.10193096754715383
vn 0.7915574093757981 0.1392408719974511 0.5950200393496546
vn 0.7915574093757981 0.1392408719974511 0.5950200393496546
vn 0.7915574093757981 0.1392408719974511 0.5950200393496546
vn 0.9938254694971818 0.10410333275816809 -0.03838531343298381
vn 0.9940094611796602 0.10412254698262212 -0.03322177441337838
vn 0.9938787504481895 0.10410876243769131 -0.036964780416472325
vn 0.9902971681801072 0.05834820689144645 -0.12612297747442106
vn 0.9902971681801072 0.05834820689144645 -0.12612297747442106
vn 0.9902971681801072 0.05834820689144645 -0.12612297747442106
vn 0.9899407013456344 0.1393214080069585 -0.024636417967551977
vn 0.9899407013456344 0.1393214080069585 -0.024636417967551977
vn 0.9899407013456344 0.1393214080069585 -0.024636417967551977
vn 0.9903226218195472 0.13334091322868843 0.03848773274430732
vn 0.9903226218195472 0.13334091322868843 0.03848773274430732
vn 0.9903226218195472 0.13334091322868843 0.03848773274430732
vn 0.9860360052106913 4.323351382199552e-8 -0.16653226842909427
vn 0.9860360052106913 4.323351382199552e-8 -0.16653226842909427
vn 0.9860360052106913 4.323351382199552e-8 -0.16653226842909427
vn 0.9486833010307459 2.170791055646257e-9 -0.31622775707614137
vn 0.9486832980505138 0 -0.31622776601683794
vn 0.9486831877818718 1.5679676775885963e-8 -0.3162280968225713
vn 0.8648752936676177 0.09443606930694086 -0.49302388909383166
vn 0.8648752936676177 0.09443606930694086 -0.49302388909383166
vn 0.8648752936676177 0.09443606930694086 -0.49302388909383166
vn 0.9891411232062244 0.1298309429910272 -0.06887499273604052
vn 0.9891411232062244 0.1298309429910272 -0.06887499273604052
vn 0.9891411232062244 0.1298309429910272 -0.06887499273604052
vn 0.3162285170352822 0 -0.948683047710702
vn 0.31622854385735855 0 -0.948683038769986
vn 0.316228445509699 0 -0.948683071552623
vn -0.1637639097183861 0.03901212288098375 -0.9857278712413824
vn -0.1637639097183861 0.03901212288098375 -0.9857278712413824
vn -0.1637639097183861 0.03901212288098375 -0.9857278712413824
vn -0.42434334205049407 0.07822085815631821 -0.9021165254038453
vn -0.42434334205049407 0.07822085815631821 -0.9021165254038453
vn -0.42434334205049407 0.07822085815631821 -0.9021165254038453
vn 0.42337499015518754 0.12316405804726956 -0.8975434432474139
vn 0.42337499015518754 0.12316405804726956 -0.8975434432474139
vn 0.42337499015518754 0.12316405804726956 -0.8975434432474139
vn 0.49018573882769306 0.8240845223873421 0.28390604328117947
vn 0.49018573882769306 0.8240845223873421 0.28390604328117947
vn 0.49018573882769306 0.8240845223873421 0.28390604328117947
vn 0.5098259996825492 0.8382129802023703 -0.19358835158126148
vn 0.5098259996825492 0.8382129802023703 -0.19358835158126148
vn 0.5098259996825492 0.8382129802023703 -0.19358835158126148
vn 0.27806938565036476 0.9359242206010401 -0.216155661633843
vn 0.27806938565036476 0.9359242206010401 -0.216155661633843
vn 0.27806938565036476 0.9359242206010401 -0.216155661633843
vn 0.305667564089166 0.9002136143835856 0.3101335014832103
vn 0.305667564089166 0.9002136143835856 0.3101335014832103
vn 0.305667564089166 0.9002136143835856 0.3101335014832103
vn 0.12947310164333742 0.9142327662528369 0.38394682582427964
vn 0.12947310164333742 0.9142327662528369 0.38394682582427964
vn 0.12947310164333742 0.9142327662528369 0.38394682582427964
vn 0.10758966386344684 0.9505729175030079 -0.2912655021446417
vn 0.10758966386344684 0.9505729175030079 -0.2912655021446417
vn 0.10758966386344684 0.9505729175030079 -0.2912655021446417
vn -0.3794718450004098 0.8846076780355927 -0.2710541916526324
vn -0.3794718450004098 0.8846076780355927 -0.2710541916526324
vn -0.3794718450004098 0.8846076780355927 -0.2710541916526324
vn -0.2718666166990346 0.8872660900279661 0.3726223667617192
vn -0.2718666166990346 0.8872660900279661 0.3726223667617192
vn -0.2718666166990346 0.8872660900279661 0.3726223667617192
vn -0.5473115542496663 0.8369289471542957 -1.287515825660878e-7
vn -0.5473112908941529 0.8369291193761729 0
vn -0.5473112491440575 0.8369291466787205 0
vn -0.5473119412628238 0.8369286940660196 -2.575032073792971e-7
vn -0.5473115542496663 0.8369289471542957 -1.287515825660878e-7
vn -0.5473114289994301 0.8369290290619591 -8.973096106116622e-8
vn 1.1927236101712507e-14 0.9999999999999991 -4.371138118131053e-8
vn 4.7708951183113605e-14 0.9999999999999991 -4.371138828673789e-8
vn 1.1927228478415981e-14 0.9999999999999991 -4.371139183945157e-8
vn 0 0.9999999999999991 -4.371139539216525e-8
vn 1.1927236101712507e-14 0.9999999999999991 -4.371138118131053e-8
vn 2.6090855177577914e-15 0.9999999999999991 -4.371138473402421e-8
vn 0.6355068740203278 0.438477371066457 -0.6355065759971013
vn 0.6355067886606771 0.43847753211033696 -0.6355065502421056
vn 0.6355070023754418 0.43847725816745964 -0.6355065255382725
vn -5.218182470460371e-15 0.9999999999999991 -4.3711402497592604e-8
vn -5.218198564086369e-15 0.9999999999999991 -4.371139183945157e-8
vn 2.6090855177577914e-15 0.9999999999999991 -4.371138473402421e-8
vn -5.218198564086369e-15 0.9999999999999991 -4.371139183945157e-8
vn -5.218182470460371e-15 0.9999999999999991 -4.3711402497592604e-8
vn 0 0.9999999999999991 -4.371138118131053e-8
vn 0.6355067886606771 0.43847753211033696 -0.6355065502421056
vn 0.6355068740203278 0.438477371066457 -0.6355065759971013
vn 0.6355067018284304 0.4384775246470466 -0.6355066422237845
vn -0.6355067001458508 0.4384777023000624 0.6355065213319134
vn -0.6355067273734581 0.4384777097633462 0.6355064889548871
vn -0.6355066405412094 0.4384777023000655 0.6355065809365636
vn 0 0.5679063705288361 -0.8230931625962911
vn 0 0.5679061379392091 -0.823093323075198
vn 0 0.5679062061818917 -0.8230932759900854
vn 0 0.5679061379392091 -0.823093323075198
vn 0 0.5679063705288361 -0.8230931625962911
vn 0 0.5679064791526038 -0.8230930876495642
vn -0.6355067273734581 0.4384777097633462 0.6355064889548871
vn -0.6355067001458508 0.4384777023000624 0.6355065213319134
vn -0.6355067861367847 0.4384777985898311 0.6355063689042861
vn -0.8230933787983239 0.5679060571769687 -2.6209629601724406e-7
vn -0.823093406659926 0.5679060167958695 -8.61786793913877e-8
vn -0.8230933038516364 0.5679061658007677 -2.62096376397024e-7
vn 5.9636451559105654e-15 0.9999999999999991 -4.371138828673789e-8
vn 0 0.9999999999999991 -4.3711420261161e-8
vn 1.1927286923689342e-14 0.9999999999999991 -4.3711434472015714e-8
vn 0 0.9999999999999991 -4.3711420261161e-8
vn 5.9636451559105654e-15 0.9999999999999991 -4.371138828673789e-8
vn 0 0.9999999999999991 -4.3711342101460065e-8
vn 0.547311180091408 0.8369291918358064 -1.1978045075738861e-7
vn 0.5473112908941346 0.836929119376145 -2.5750269827383555e-7
vn 0.5473112908941526 0.8369291193761726 -1.794178089872836e-8
vn 0.318277477369632 0.6653357130434318 0.6752983313678567
vn 0.318277477369632 0.6653357130434318 0.6752983313678567
vn 0.318277477369632 0.6653357130434318 0.6752983313678567
vn 0.3820983106036877 0.9155252419110278 0.12575536750994773
vn 0.3820983106036877 0.9155252419110278 0.12575536750994773
vn 0.3820983106036877 0.9155252419110278 0.12575536750994773
vn -0.5692034417786048 0.8145484148686912 0.11188530601599556
vn -0.5692034417786048 0.8145484148686912 0.11188530601599556
vn -0.5692034417786048 0.8145484148686912 0.11188530601599556
vn -0.3073880450233202 0.6678528950397439 0.6778533029821232
vn -0.3073880450233202 0.6678528950397439 0.6778533029821232
vn -0.3073880450233202 0.6678528950397439 0.6778533029821232
vn -0.3148385449991043 0.7751007482992212 0.5478097485156999
vn -0.3148385449991043 0.7751007482992212 0.5478097485156999
vn -0.3148385449991043 0.7751007482992212 0.5478097485156999
vn -0.4092596763162882 0.889184945295816 -0.20458897917718752
vn -0.4092596763162882 0.889184945295816 -0.20458897917718752
vn -0.4092596763162882 0.889184945295816 -0.20458897917718752
vn -0.5510167635219465 0.8132452314882198 -0.1871168612912025
vn -0.5510167635219465 0.8132452314882198 -0.1871168612912025
vn -0.5510167635219465 0.8132452314882198 -0.1871168612912025
vn -0.3709631302507021 0.7597692687269927 0.5339822228245534
vn -0.3709631302507021 0.7597692687269927 0.5339822228245534
vn -0.3709631302507021 0.7597692687269927 0.5339822228245534
vn 0.41227551146762903 0.8124396583528587 -0.41227503463051857
vn 0.41227551146762903 0.8124396583528587 -0.41227503463051857
vn 0.41227551146762903 0.8124396583528587 -0.41227503463051857
vn -1.9312704391915095e-7 0.8369294722262122 0.5473107513279055
vn -1.9312704391915095e-7 0.8369294722262122 0.5473107513279055
vn -1.9312704391915095e-7 0.8369294722262122 0.5473107513279055
vn 0.6082160815645392 0.6643305740284093 0.4344399688534217
vn 0.6082160815645392 0.6643305740284093 0.4344399688534217
vn 0.6082160815645392 0.6643305740284093 0.4344399688534217
vn 0.5037614147482861 0.7703343095493775 -0.390908542426344
vn 0.5037614147482861 0.7703343095493775 -0.390908542426344
vn 0.5037614147482861 0.7703343095493775 -0.390908542426344
vn 0.6838047675829878 0.683429317948863 0.25560791693280605
vn 0.6838047675829878 0.683429317948863 0.25560791693280605
vn 0.6838047675829878 0.683429317948863 0.25560791693280605
vn 0.6556453621423157 0.696168592656292 0.2923669777868717
vn 0.6542614367027405 0.6946973448795812 0.2988939133888914
vn 0.6553629538113495 0.6958684220469927 0.2937116578712727
vn 0.0864221967354837 0.9185436684731215 0.38575734992265986
vn 0.0864221967354837 0.9185436684731215 0.38575734992265986
vn 0.0864221967354837 0.9185436684731215 0.38575734992265986
vn 0.17858033509001137 0.9215784396334821 0.34467701333546436
vn 0.17858033509001137 0.9215784396334821 0.34467701333546436
vn 0.17858033509001137 0.9215784396334821 0.34467701333546436
vn -0.6082163906778039 0.6643301689091299 -0.4344401555888129
vn -0.6082163906778039 0.6643301689091299 -0.4344401555888129
vn -0.6082163906778039 0.6643301689091299 -0.4344401555888129
vn -0.5473112908941529 0.8369291193761729 0
vn -0.5473112491440575 0.8369291466787205 0
vn -0.5473112491440575 0.8369291466787205 0
vn 0 0.9999999999999991 -4.371139183945157e-8
vn 0 0.9999999999999991 -4.371139539216525e-8
vn 4.1745392001047185e-15 0.9999999999999991 -4.371138473402421e-8
vn 0 0.8369291372307215 -0.547311263591606
vn 0 0.8369291645332672 -0.547311221841511
vn 1.770332951334416e-7 0.8369291193761597 -0.5473112908941442
vn 1.8186486363841702e-7 0.8369291466787068 -0.5473112491440485
vn 2.4245823523626324e-7 0.8369291193761483 -0.5473112908941368
vn 1.8123543958679912e-7 0.8369291015216077 -0.5473113181966928
vn -1.297085760575408e-7 0.5679060571769833 0.8230933787983451
vn -2.620963812823687e-7 0.5679060571769687 0.8230933787983239
vn -5.241927625646833e-7 0.56790605717691 0.823093378798239
vn -2.620963812823687e-7 0.5679060571769687 0.8230933787983239
vn -1.297085760575408e-7 0.5679060571769833 0.8230933787983451
vn 0 0.5679061129001464 0.8230933403512912
vn 2.4245823523626324e-7 0.8369291193761483 -0.5473112908941368
vn 1.8186486363841702e-7 0.8369291466787068 -0.5473112491440485
vn 0 0.8369291466787205 -0.5473112491440575
vn -0.04601699536018023 0.8715494855648858 -0.4881433502052487
vn -0.04601699536018023 0.8715494855648858 -0.4881433502052487
vn -0.04601699536018023 0.8715494855648858 -0.4881433502052487
vn 0 0.9999999999999991 -4.371138828673789e-8
vn 0 0.9999999999999991 -4.371138828673789e-8
vn 0 0.9999999999999991 -4.371138828673789e-8
vn 0.8230933230751947 0.5679061379392067 -8.973883041204921e-8
vn 0.8230933787983239 0.5679060571769687 -2.6209629601724406e-7
vn 0.8230932846281251 0.5679061936623652 8.973886053353794e-8
vn 0.7843708785571916 0.5411887807294465 -0.3031122374368849
vn 0.7843708785571916 0.5411887807294465 -0.3031122374368849
vn 0.7843708785571916 0.5411887807294465 -0.3031122374368849
vn -0.015949291293687485 0.9062221049630995 -0.4225010255413329
vn -0.015949291293687485 0.9062221049630995 -0.4225010255413329
vn -0.015949291293687485 0.9062221049630995 -0.4225010255413329
vn -0.823093406659926 0.5679060167958695 -8.61786793913877e-8
vn -0.8230935479151762 0.5679058120677571 2.620964350379604e-7
vn -0.8230933787983488 0.5679060571769858 -8.973891464703682e-8
vn 0.5473112908941526 0.8369291193761726 1.794178978051231e-8
vn 0.547311180091408 0.8369291918358064 -1.1978045075738861e-7
vn 0.547311221841507 0.8369291645332609 1.197805179041466e-7
vn 0.5098715080415194 0.7796775768488282 -0.36350229909397574
vn 0.5098715080415194 0.7796775768488282 -0.36350229909397574
vn 0.5098715080415194 0.7796775768488282 -0.36350229909397574
vn 0.6082166539015769 0.6643298383749608 0.4344402925160922
vn 0.6082166539015769 0.6643298383749608 0.4344402925160922
vn 0.6082166539015769 0.6643298383749608 0.4344402925160922
vn 0.5129436887158988 0.7843759711937047 0.34877372036961074
vn 0.5129436887158988 0.7843759711937047 0.34877372036961074
vn 0.5129436887158988 0.7843759711937047 0.34877372036961074
vn -0.09593802489175597 0.9095268544394456 0.40442155782469924
vn -0.09593802489175597 0.9095268544394456 0.40442155782469924
vn -0.09593802489175597 0.9095268544394456 0.40442155782469924
vn -0.07011319705068406 0.840539814020555 0.5371935969886675
vn -0.07826600627744883 0.8343622916899887 0.5456317425399743
vn -0.0778015776434621 0.8347181070677616 0.5451537363436127
vn -0.18720532258790862 0.843236832310279 0.5038906744821574
vn -0.18720532258790862 0.843236832310279 0.5038906744821574
vn -0.18720532258790862 0.843236832310279 0.5038906744821574
vn -0.22012067537367366 0.8872596296931873 0.40536062683707436
vn -0.22012067537367366 0.8872596296931873 0.40536062683707436
vn -0.22012067537367366 0.8872596296931873 0.40536062683707436
vn -0.565391767822023 0.7569327801553528 0.32769637655210015
vn -0.565391767822023 0.7569327801553528 0.32769637655210015
vn -0.565391767822023 0.7569327801553528 0.32769637655210015
vn -0.5486795794908992 0.7092599133968961 0.4426071557238059
vn -0.5486795794908992 0.7092599133968961 0.4426071557238059
vn -0.5486795794908992 0.7092599133968961 0.4426071557238059
vn 0.7634948618745889 0.5759064201135516 0.29224542967015904
vn 0.7634948618745889 0.5759064201135516 0.29224542967015904
vn 0.7634948618745889 0.5759064201135516 0.29224542967015904
vn 0.741674846791185 0.5981518677351657 -0.3035337950907689
vn 0.741674846791185 0.5981518677351657 -0.3035337950907689
vn 0.741674846791185 0.5981518677351657 -0.3035337950907689
vn 0.7267984832963915 0.6125011515789687 -0.31081554657465604
vn 0.7267984832963915 0.6125011515789687 -0.31081554657465604
vn 0.7267984832963915 0.6125011515789687 -0.31081554657465604
vn 0.5284553572083652 0.757063659031383 0.3841738559712166
vn 0.5284553572083652 0.757063659031383 0.3841738559712166
vn 0.5284553572083652 0.757063659031383 0.3841738559712166
vn 0.2135617850998969 0.8319313405336952 0.5121343657505855
vn 0.2132819032596774 0.8318495904494677 0.512383731797744
vn 0.21651981735649795 0.8327774391886023 0.5095104566840437
vn 0.24390411847163568 0.9248904795133999 0.2916991290663163
vn 0.24390411847163568 0.9248904795133999 0.2916991290663163
vn 0.24390411847163568 0.9248904795133999 0.2916991290663163
vn -0.380682351881539 0.8351599632807925 0.3969745365873803
vn -0.380682351881539 0.8351599632807925 0.3969745365873803
vn -0.380682351881539 0.8351599632807925 0.3969745365873803
vn 2.0839086781756562e-7 0.8369289471542846 0.5473115542496589
vn 2.0839086781756562e-7 0.8369289471542846 0.5473115542496589
vn 2.0839086781756562e-7 0.8369289471542846 0.5473115542496589
vn 0.42828818817231146 0.678122574692445 -0.597259576369076
vn 0.43410301507810356 0.6754867481076495 -0.596047167119392
vn 0.4278373727933914 0.6783252497309826 -0.5973525240748955
vn 2.9679019099591513e-7 0.8369284682801276 -0.547312286525884
vn 2.9679019099591513e-7 0.8369284682801276 -0.547312286525884
vn 2.9679019099591513e-7 0.8369284682801276 -0.547312286525884
vn 0.3643909903284784 0.7402167738546583 -0.5650648935048366
vn 0.3643909903284784 0.7402167738546583 -0.5650648935048366
vn 0.3643909903284784 0.7402167738546583 -0.5650648935048366
vn 0.43410301507810356 0.6754867481076495 -0.596047167119392
vn 0.42828818817231146 0.678122574692445 -0.597259576369076
vn 0.4348124093286511 0.6751630038571043 -0.5958968760754376
vn 0.318801927932148 0.9213736319366435 -0.22234199135256497
vn 0.318801927932148 0.9213736319366435 -0.22234199135256497
vn 0.318801927932148 0.9213736319366435 -0.22234199135256497
vn 0.36615476966696525 0.5004949292801365 -0.7844969792261809
vn 0.36615476966696525 0.5004949292801365 -0.7844969792261809
vn 0.36615476966696525 0.5004949292801365 -0.7844969792261809
vn -0.7214373854122633 0.37244748593909766 -0.5837901756172014
vn -0.7214373854122633 0.37244748593909766 -0.5837901756172014
vn -0.7214373854122633 0.37244748593909766 -0.5837901756172014
vn -0.8360298196151316 0.5333736703756623 -0.12871157082517876
vn -0.8360298196151316 0.5333736703756623 -0.12871157082517876
vn -0.8360298196151316 0.5333736703756623 -0.12871157082517876
vn -0.5776857572177354 0.47018210765143054 -0.6672390512793974
vn -0.5776857572177354 0.47018210765143054 -0.6672390512793974
vn -0.5776857572177354 0.47018210765143054 -0.6672390512793974
vn -0.5594192557771371 0.6120842492239971 -0.5589301996829745
vn -0.5594192557771371 0.6120842492239971 -0.5589301996829745
vn -0.5594192557771371 0.6120842492239971 -0.5589301996829745
vn -0.5200862303113439 0.6427471059770211 -0.5624824182129603
vn -0.5200862303113439 0.6427471059770211 -0.5624824182129603
vn -0.5200862303113439 0.6427471059770211 -0.5624824182129603
vn -0.2825826917310441 0.6036147889264585 -0.7455174102080411
vn -0.2825826917310441 0.6036147889264585 -0.7455174102080411
vn -0.2825826917310441 0.6036147889264585 -0.7455174102080411
vn -0.5136731340696709 0.7906098157903757 -0.33328070827899725
vn -0.5127281181354864 0.7908914717910447 -0.33406669501977854
vn -0.5206694520454951 0.7884771102885325 -0.32742505746764305
vn -0.41857465725999565 0.6328086345679556 -0.6514203622208296
vn -0.41857465725999565 0.6328086345679556 -0.6514203622208296
vn -0.41857465725999565 0.6328086345679556 -0.6514203622208296
vn -0.4429343243296122 0.624705419814369 -0.6430803392930179
vn -0.4429343243296122 0.624705419814369 -0.6430803392930179
vn -0.4429343243296122 0.624705419814369 -0.6430803392930179
vn -0.4585162851957276 0.8186517694469249 -0.34579198456836585
vn -0.4585162851957276 0.8186517694469249 -0.34579198456836585
vn -0.4585162851957276 0.8186517694469249 -0.34579198456836585
vn -0.5333315827519614 0.8459062730817267 -5.205295205585845e-7
vn -0.5333315827519614 0.8459062730817267 -5.205295205585845e-7
vn -0.5333315827519614 0.8459062730817267 -5.205295205585845e-7
vn -0.4244359717634508 0.7578040996328347 0.4955674045504647
vn -0.4244359717634508 0.7578040996328347 0.4955674045504647
vn -0.4244359717634508 0.7578040996328347 0.4955674045504647
vn -0.010425436444087322 0.8368838536709897 0.5472812126683536
vn -0.010425436444087322 0.8368838536709897 0.5472812126683536
vn -0.010425436444087322 0.8368838536709897 0.5472812126683536
vn 0 0.9999999999999991 -4.3711366970455816e-8
vn 0 0.9999999999999991 -4.3711366970455816e-8
vn 0 0.9999999999999991 -4.3711366970455816e-8
vn 2.8719663898844797e-7 0.4974254078724262 -0.8675067513298488
vn 2.8820121070944324e-7 0.4974252700104691 -0.8675068303794091
vn 2.880939579102878e-7 0.49742510972021187 -0.8675069222892415
vn -1.6584321875468964e-7 0.8624320508536683 0.5061728535394882
vn -1.6584321875468964e-7 0.8624320508536683 0.5061728535394882
vn -1.6584321875468964e-7 0.8624320508536683 0.5061728535394882
vn -0.4646861931090598 0.7537465933764865 0.464685716271924
vn -0.4646861931090598 0.7537465933764865 0.464685716271924
vn -0.4646861931090598 0.7537465933764865 0.464685716271924
vn 2.8820121070944324e-7 0.4974252700104691 -0.8675068303794091
vn 2.8719663898844797e-7 0.4974254078724262 -0.8675067513298488
vn 2.869610597563949e-7 0.4974257798940076 -0.8675065380138387
vn 0.5831239010280687 0.5656266601707564 -0.5831234837955704
vn 0.5831239010280687 0.5656266601707564 -0.5831234837955704
vn 0.5831239010280687 0.5656266601707564 -0.5831234837955704
vn -3.429633598858883e-8 0.8917528408335621 0.45252278491283743
vn -3.429633598858883e-8 0.8917528408335621 0.45252278491283743
vn -3.429633598858883e-8 0.8917528408335621 0.45252278491283743
vn 0.07431425161906544 0.8892867574366186 0.45127204107296875
vn 0.07431425161906544 0.8892867574366186 0.45127204107296875
vn 0.07431425161906544 0.8892867574366186 0.45127204107296875
vn 6.548412180768023e-8 0.69625561147887 -0.7177939282859535
vn 8.033285555135578e-8 0.6962556421888562 -0.7177938984974568
vn 1.5597468689420285e-7 0.6962557929742972 -0.7177937522364679
vn 2.0051175265495188e-7 0.6962558841827272 -0.7177936637647957
vn 1.3643471896233676e-7 0.696255671977348 -0.7177938696027942
vn 1.1651180443006062e-7 0.6962556719773497 -0.717793869602796
vn -1.2875141599102588e-7 0.8369290920736179 0.5473113326442395
vn -1.2875141599102588e-7 0.8369290920736179 0.5473113326442395
vn -1.2875141599102588e-7 0.8369290920736179 0.5473113326442395
vn 0.6937835263132344 0.5781192818380526 0.4294677107576631
vn 0.6937835263132344 0.5781192818380526 0.4294677107576631
vn 0.6937835263132344 0.5781192818380526 0.4294677107576631
vn 0.471408544821399 0.6140378906487962 -0.6330335320636248
vn 0.471408544821399 0.6140378906487962 -0.6330335320636248
vn 0.471408544821399 0.6140378906487962 -0.6330335320636248
vn 0.997116464413584 0.023015319338862097 -0.07231218065501886
vn 0.997116464413584 0.023015319338862097 -0.07231218065501886
vn 0.997116464413584 0.023015319338862097 -0.07231218065501886
vn 0.8588290564918432 0.43152316155747966 -0.27604422248032656
vn 0.8588290564918432 0.43152316155747966 -0.27604422248032656
vn 0.8588290564918432 0.43152316155747966 -0.27604422248032656
vn 0.8819377860535386 0.3999380127450723 -0.24947009338296447
vn 0.8819377860535386 0.3999380127450723 -0.24947009338296447
vn 0.8819377860535386 0.3999380127450723 -0.24947009338296447
vn 0.9359591206919473 0.352051012142608 0.006372538185201188
vn 0.9359591206919473 0.352051012142608 0.006372538185201188
vn 0.9359591206919473 0.352051012142608 0.006372538185201188
vn 0.3029570248323152 0.9329940574499694 0.19426561679256377
vn 0.3029570248323152 0.9329940574499694 0.19426561679256377
vn 0.3029570248323152 0.9329940574499694 0.19426561679256377
vn 0.2118643886148958 0.9741527651893506 -0.07835732837953649
vn 0.2118643886148958 0.9741527651893506 -0.07835732837953649
vn 0.2118643886148958 0.9741527651893506 -0.07835732837953649
vn -0.7558510536329281 0.6526357217931863 -0.052495708029125156
vn -0.7558510536329281 0.6526357217931863 -0.052495708029125156
vn -0.7558510536329281 0.6526357217931863 -0.052495708029125156
vn -0.5475814424171264 0.8191831534496169 0.17056824154783506
vn -0.5475814424171264 0.8191831534496169 0.17056824154783506
vn -0.5475814424171264 0.8191831534496169 0.17056824154783506
vn -0.6040425722510583 0.5656183198950114 0.5614343123709751
vn -0.6040425722510583 0.5656183198950114 0.5614343123709751
vn -0.6040425722510583 0.5656183198950114 0.5614343123709751
vn -0.44660889811593724 0.6217273018377998 -0.6434249406676412
vn -0.44660889811593724 0.6217273018377998 -0.6434249406676412
vn -0.44660889811593724 0.6217273018377998 -0.6434249406676412
vn -0.739497185934848 0.4906182296961714 -0.46090960576260015
vn -0.739497185934848 0.4906182296961714 -0.46090960576260015
vn -0.739497185934848 0.4906182296961714 -0.46090960576260015
vn -0.7124603319477825 0.5081855178769951 0.48388816354705977
vn -0.7124603319477825 0.5081855178769951 0.48388816354705977
vn -0.7124603319477825 0.5081855178769951 0.48388816354705977
vn -0.32628511295253265 0.9303754854124764 0.16715107301196708
vn -0.32628511295253265 0.9303754854124764 0.16715107301196708
vn -0.32628511295253265 0.9303754854124764 0.16715107301196708
vn -0.5389982523493214 0.834216544619746 -0.11646304412588847
vn -0.5308771102371969 0.8391717873171229 -0.11815331225652777
vn -0.5400456433621705 0.8337109140709711 -0.11522506170310885
vn -0.5308771102371969 0.8391717873171229 -0.11815331225652777
vn -0.5389982523493214 0.834216544619746 -0.11646304412588847
vn -0.5295879342310464 0.8399700923789596 -0.11826607216685195
vn -0.5412271992388972 0.8276255386574272 0.1486912457612165
vn -0.5412271992388972 0.8276255386574272 0.1486912457612165
vn -0.5412271992388972 0.8276255386574272 0.1486912457612165
vn -0.5293938380947943 0.8483761926098955 0
vn -0.5293938380947943 0.8483761926098955 0
vn -0.5293938380947943 0.8483761926098955 0
vn -0.547311249143985 0.8369291466786096 -5.150053565048582e-7
vn -0.547311249143985 0.8369291466786096 -5.150053565048582e-7
vn -0.547311249143985 0.8369291466786096 -5.150053565048582e-7
vn 0.867506870848116 0.49742519943335234 0
vn 0.867506870848116 0.49742519943335234 0
vn 0.8675068322672427 0.4974252667181817 0
vn 0.8675068727359104 0.49742519614104885 0
vn 0.867506870848116 0.49742519943335234 0
vn 0.8675068432397374 0.49742524758221285 0
vn -0.8675068432397374 0.49742524758221285 0
vn -0.8675068561000293 0.497425225153935 0
vn -0.8675068432397374 0.49742524758221285 0
vn -0.655292754405914 0.375742493552761 0.655293052429113
vn -0.6552926754672904 0.3757424570391702 0.6552931523044382
vn -0.655292812933396 0.37574249730988485 0.6552929917473315
vn -0.6552926754672904 0.3757424570391702 0.6552931523044382
vn -0.655292754405914 0.375742493552761 0.655293052429113
vn -0.6552925782718488 0.37574238025486384 0.6552932935275946
vn -1.9140325158557788e-15 0.9999999999999991 -4.371139539216525e-8
vn -2.1681172008018877e-15 0.9999999999999991 -4.371139183945157e-8
vn -4.3913669291076105e-15 0.9999999999999991 -4.3711370523169495e-8
vn -8.03328384970399e-8 0.6962561559650429 0.7177934001373762
vn -8.03328384970399e-8 0.6962561559650429 0.7177934001373762
vn -8.03328384970399e-8 0.6962561559650429 0.7177934001373762
vn 0.7177938109196415 0.6962557324758325 0
vn 0.7177937820249629 0.6962557622643188 -1.7938143543183677e-7
vn 0.7177938109196044 0.6962557324757965 -3.2133143636571913e-7
vn -8.057670441985411e-8 0.9999999999999933 -8.2928202971288e-8
vn -8.057670441985411e-8 0.9999999999999933 -8.2928202971288e-8
vn -8.057670441985411e-8 0.9999999999999933 -8.2928202971288e-8
vn -0.5831235403594375 0.5656263591980091 0.5831241364058604
vn -0.5831236011804221 0.5656264795871386 0.5831239588082765
vn -0.5831235415757652 0.5656264795871245 0.5831240184129044
vn -0.7177938398141565 0.6962557026871925 -6.426627883923355e-7
vn -0.7177938398142083 0.6962557026872427 -5.182440910138509e-7
vn -0.7177938993912867 0.6962556412673576 -1.7938149181468692e-7
vn -1.4581692459821731e-7 0.6962558534727669 0.7177936935532991
vn -1.606656753440441e-7 0.6962556719773455 0.7177938696027917
vn -1.512835417124467e-7 0.6962557929742978 0.7177937522364686
vn -0.49944216886146847 0.603199850137933 0.621858071232116
vn -0.49944216886146847 0.603199850137933 0.621858071232116
vn -0.49944216886146847 0.603199850137933 0.621858071232116
vn 0.5769016637626324 0.8168136080818023 5.428491271783737e-7
vn 0.5769016637626324 0.8168136080818023 5.428491271783737e-7
vn 0.5769016637626324 0.8168136080818023 5.428491271783737e-7
vn 0.6007403770484302 0.4946315916815345 0.628053013601799
vn 0.6007403770484302 0.4946315916815345 0.628053013601799
vn 0.6007403770484302 0.4946315916815345 0.628053013601799
vn 0.7142457507339 0.5533685197669346 0.4285280491280816
vn 0.7142457507339 0.5533685197669346 0.4285280491280816
vn 0.7142457507339 0.5533685197669346 0.4285280491280816
vn 0.8808551096467885 0.3579720420905999 0.30975844280766557
vn 0.8808551096467885 0.3579720420905999 0.30975844280766557
vn 0.8808551096467885 0.3579720420905999 0.30975844280766557
vn 0.756046096299637 0.404963303792481 0.5141974551196834
vn 0.756674820503146 0.4052987962543056 0.5130069217577309
vn 0.7562827955396054 0.40508922565385996 0.5137499901994699
vn 0.5012876755819273 0.4016446763187785 0.7664151748852917
vn 0.5012876755819273 0.4016446763187785 0.7664151748852917
vn 0.5012876755819273 0.4016446763187785 0.7664151748852917
vn 0.480728407602614 0.7436969125040365 0.46455903871931986
vn 0.480728407602614 0.7436969125040365 0.46455903871931986
vn 0.480728407602614 0.7436969125040365 0.46455903871931986
vn -0.6830701812230043 0.6194320902826108 0.38693541199027964
vn -0.6803722380524944 0.6169838904367015 0.39550536864754726
vn -0.6828414828017401 0.6192283657788967 0.38766446881280947
vn -0.5668246271825571 0.3824079714937335 0.7297081508092143
vn -0.5668246271825571 0.3824079714937335 0.7297081508092143
vn -0.5668246271825571 0.3824079714937335 0.7297081508092143
vn -0.5485300154846987 0.7910467597436472 0.27085022800697883
vn -0.5485300154846987 0.7910467597436472 0.27085022800697883
vn -0.5485300154846987 0.7910467597436472 0.27085022800697883
vn -0.6179586367322734 0.6267159891621596 0.4747148535873784
vn -0.6179586367322734 0.6267159891621596 0.4747148535873784
vn -0.6179586367322734 0.6267159891621596 0.4747148535873784
vn -0.27832644286182084 0.7878041611056985 0.549453360121159
vn -0.27832644286182084 0.7878041611056985 0.549453360121159
vn -0.27832644286182084 0.7878041611056985 0.549453360121159
vn -0.30641829217631666 0.9005707281977365 0.30835076411961054
vn -0.30641829217631666 0.9005707281977365 0.30835076411961054
vn -0.30641829217631666 0.9005707281977365 0.30835076411961054
vn -0.29967996393161184 0.6313039046518247 0.7152952531572593
vn -0.29967996393161184 0.6313039046518247 0.7152952531572593
vn -0.29967996393161184 0.6313039046518247 0.7152952531572593
vn -0.1110671267795538 0.8748346827227503 0.47151709539985875
vn -0.1110671267795538 0.8748346827227503 0.47151709539985875
vn -0.1110671267795538 0.8748346827227503 0.47151709539985875
vn -0.4814490603766307 0.7715434316390288 0.41584556671573514
vn -0.4814490603766307 0.7715434316390288 0.41584556671573514
vn -0.4814490603766307 0.7715434316390288 0.41584556671573514
vn -0.33326777703148736 0.6238878944285615 0.7068921303692571
vn -0.33326777703148736 0.6238878944285615 0.7068921303692571
vn -0.33326777703148736 0.6238878944285615 0.7068921303692571
vn 0.2342109041614179 0.8136507721068759 -0.5320880316468094
vn 0.2342109041614179 0.8136507721068759 -0.5320880316468094
vn 0.2342109041614179 0.8136507721068759 -0.5320880316468094
vn -0.47116859809521683 0.8820431691073789 0
vn -0.47116859809521683 0.8820431691073789 0
vn -0.47116859809521683 0.8820431691073789 0
vn 0.8675068561000293 0.497425225153935 0
vn 0.8675068727359104 0.49742519614104885 0
vn 0.8675068561000293 0.497425225153935 0
vn 1.0839370179846192e-7 0.8369290469165159 -0.5473114016968774
vn 1.2875135914761044e-7 0.8369290920736179 -0.5473113326442395
vn 8.486000740145502e-8 0.8369289744568534 -0.5473115124995935
vn 5.379352281699905e-8 0.8369291193761715 -0.547311290894152
vn 6.658810070141884e-8 0.8369291466787186 -0.5473112491440563
vn 7.94749050178818e-8 0.8369290469165181 -0.5473114016968789
vn -1.9140325158557788e-15 0.9999999999999991 -4.371139539216525e-8
vn 2.795432924972415e-16 0.9999999999999991 -4.371138828673789e-8
vn 3.727196166127338e-16 0.9999999999999991 -4.371137762859685e-8
vn 2.795432924972415e-16 0.9999999999999991 -4.371138828673789e-8
vn -1.9140325158557788e-15 0.9999999999999991 -4.371139539216525e-8
vn -1.6260958415352964e-15 0.9999999999999991 -4.37113527596011e-8
vn 6.658810070141884e-8 0.8369291466787186 -0.5473112491440563
vn 5.379352281699905e-8 0.8369291193761715 -0.547311290894152
vn 3.218783317587218e-8 0.8369291645332667 -0.5473112218415108
vn 0.5020413442908895 0.7042088570557514 -0.5020402118026289
vn 0.5020413442908895 0.7042088570557514 -0.5020402118026289
vn 0.5020413442908895 0.7042088570557514 -0.5020402118026289
vn 8.367998575152256e-15 0.9999999999999991 -4.3711366970455816e-8
vn 1.4909180652412194e-15 0.9999999999999991 -4.371135986502846e-8
vn 1.9476230896868058e-15 0.9999999999999991 -4.3711370523169495e-8
vn 0.7177938984974515 0.696255642188851 1.4498771447506642e-7
vn 0.7177938109194932 0.6962557324756887 6.426628158879208e-7
vn 0.7177938984974515 0.696255642188851 -1.4498791342702052e-7
vn 0.6382217714478112 0.619071336389837 -0.4576282890190675
vn 0.6382217714478112 0.619071336389837 -0.4576282890190675
vn 0.6382217714478112 0.619071336389837 -0.4576282890190675
vn 0 0.8369290469165208 -0.5473114016968806
vn 3.953256676222836e-8 0.8369292096903533 -0.5473111527888674
vn 0 0.8369293819121194 -0.5473108894332341
vn -0.7177938398142083 0.6962557026872427 -5.182440910138509e-7
vn -0.7177937224478319 0.6962558236841339 -6.426629037292239e-7
vn -0.7177938696027786 0.6962556719773328 -2.488374903489844e-7
vn 0.3019317982905545 0.9533295281176556 0
vn 0.3019317982905545 0.9533295281176556 0
vn 0.3019317982905545 0.9533295281176556 0
vn 3.953256676222836e-8 0.8369292096903533 -0.5473111527888674
vn 0 0.8369290469165208 -0.5473114016968806
vn 1.420176888336825e-7 0.8369289387477148 -0.547311567104701
vn 1.2538718324541764e-7 0.8369290469165143 -0.5473114016968763
vn 5.6081705810210355e-8 0.8369290742190699 -0.5473113599467924
vn 1.36632563405389e-7 0.8369290742190635 -0.5473113599467881
vn -2.0619771449769393e-7 0.8114999693355033 0.5843524619340918
vn -2.0619771449769393e-7 0.8114999693355033 0.5843524619340918
vn -2.0619771449769393e-7 0.8114999693355033 0.5843524619340918
vn 0.03017634799735062 0.8111299511751696 0.584086971544572
vn 0.03017634799735062 0.8111299511751696 0.584086971544572
vn 0.03017634799735062 0.8111299511751696 0.584086971544572
vn 5.6081705810210355e-8 0.8369290742190699 -0.5473113599467924
vn 1.2538718324541764e-7 0.8369290469165143 -0.5473114016968763
vn 1.609390138871689e-7 0.8369292096903433 -0.5473111527888609
vn -0.2151611613138093 0.9726846890068478 -0.08712158420130403
vn -0.2151611613138093 0.9726846890068478 -0.08712158420130403
vn -0.2151611613138093 0.9726846890068478 -0.08712158420130403
vn 0 0.7804450008052263 0.6252244402757542
vn 0 0.7804450008052263 0.6252244402757542
vn 0 0.7804450008052263 0.6252244402757542
vn 0.6127344667363317 0.616777032361948 0.494107848170955
vn 0.6127344667363317 0.616777032361948 0.494107848170955
vn 0.6127344667363317 0.616777032361948 0.494107848170955
vn 0.4499049144030452 0.8895155703092245 -0.07967194094186293
vn 0.4499049144030452 0.8895155703092245 -0.07967194094186293
vn 0.4499049144030452 0.8895155703092245 -0.07967194094186293
vn 0.16711957565470165 0.6376345086185131 0.7519928728730213
vn 0.16711957565470165 0.6376345086185131 0.7519928728730213
vn 0.16711957565470165 0.6376345086185131 0.7519928728730213
vn 0.0520633717470677 0.8852965753692619 0.4621032124555978
vn 0.0520633717470677 0.8852965753692619 0.4621032124555978
vn 0.0520633717470677 0.8852965753692619 0.4621032124555978
vn -0.6217018567501678 0.6905586943487538 0.3696153283790301
vn -0.6169304897318004 0.6976901944941086 0.3641773789598327
vn -0.6194177511759014 0.6939938863612299 0.3670069961477917
vn -0.5720922443128309 0.5304406966861278 0.6255742412345986
vn -0.5720922443128309 0.5304406966861278 0.6255742412345986
vn -0.5720922443128309 0.5304406966861278 0.6255742412345986
vn -0.18851380266354048 0.9781547896971827 -0.08761137824388057
vn -0.18851380266354048 0.9781547896971827 -0.08761137824388057
vn -0.18851380266354048 0.9781547896971827 -0.08761137824388057
vn -0.34221573452674586 0.8680380871571017 0.35971971072900577
vn -0.34221573452674586 0.8680380871571017 0.35971971072900577
vn -0.34221573452674586 0.8680380871571017 0.35971971072900577
vn -0.04458091465017477 0.9228983464317465 0.3824541596093598
vn -0.04458091465017477 0.9228983464317465 0.3824541596093598
vn -0.04458091465017477 0.9228983464317465 0.3824541596093598
vn 0.5457798022668602 0.8345876595880102 -0.07475189563452292
vn 0.5457798022668602 0.8345876595880102 -0.07475189563452292
vn 0.5457798022668602 0.8345876595880102 -0.07475189563452292
vn 0.4052455179755264 0.8884434161772463 -0.21550955062839225
vn 0.4052455179755264 0.8884434161772463 -0.21550955062839225
vn 0.4052455179755264 0.8884434161772463 -0.21550955062839225
vn 0.40139407359355267 0.8232647240369892 -0.4013950570700562
vn 0.40139407359355267 0.8232647240369892 -0.4013950570700562
vn 0.40139407359355267 0.8232647240369892 -0.4013950570700562
vn -0.5229606383057661 0.7661441205103903 -0.37354431783951203
vn -0.5229606383057661 0.7661441205103903 -0.37354431783951203
vn -0.5229606383057661 0.7661441205103903 -0.37354431783951203
vn -0.42819012274987206 0.8782209376087178 -0.21302864484644815
vn -0.42819012274987206 0.8782209376087178 -0.21302864484644815
vn -0.42819012274987206 0.8782209376087178 -0.21302864484644815
vn -0.4178678755395277 0.7898432170089701 -0.44892552961154114
vn -0.4178678755395277 0.7898432170089701 -0.44892552961154114
vn -0.4178678755395277 0.7898432170089701 -0.44892552961154114
vn -0.3031590435466413 0.7642421355683042 -0.5692350591257387
vn -0.3031590435466413 0.7642421355683042 -0.5692350591257387
vn -0.3031590435466413 0.7642421355683042 -0.5692350591257387
vn -0.5392005140337215 0.6429224248761725 -0.5439793757644794
vn -0.5392005140337215 0.6429224248761725 -0.5439793757644794
vn -0.5392005140337215 0.6429224248761725 -0.5439793757644794
vn -0.4414349323232417 0.7781324748167814 -0.44681657552096965
vn -0.4414349323232417 0.7781324748167814 -0.44681657552096965
vn -0.4414349323232417 0.7781324748167814 -0.44681657552096965
vn 0.4424235859355348 0.652340119805922 0.6153972202565896
vn 0.4424235859355348 0.652340119805922 0.6153972202565896
vn 0.4424235859355348 0.652340119805922 0.6153972202565896
vn 0.41916733561047875 0.9032946138659396 0.09141983000419311
vn 0.41916733561047875 0.9032946138659396 0.09141983000419311
vn 0.41916733561047875 0.9032946138659396 0.09141983000419311
vn 0.2992515645956375 0.9504285715156698 0.08446319632683759
vn 0.2992515645956375 0.9504285715156698 0.08446319632683759
vn 0.2992515645956375 0.9504285715156698 0.08446319632683759
vn 0.27522283846816836 0.6912672533327474 0.6681332005336389
vn 0.27522283846816836 0.6912672533327474 0.6681332005336389
vn 0.27522283846816836 0.6912672533327474 0.6681332005336389
vn 0.38582394080730253 0.9145456683752742 0.1214335503719874
vn 0.38582394080730253 0.9145456683752742 0.1214335503719874
vn 0.38582394080730253 0.9145456683752742 0.1214335503719874
vn 0.3557658840353516 0.8935687068513811 -0.2737984694853043
vn 0.3557658840353516 0.8935687068513811 -0.2737984694853043
vn 0.3557658840353516 0.8935687068513811 -0.2737984694853043
vn -0.37947170985385315 0.8846082965343492 -0.2710523623272629
vn -0.37947170985385315 0.8846082965343492 -0.2710523623272629
vn -0.37947170985385315 0.8846082965343492 -0.2710523623272629
vn -0.2906313318850069 0.9485102770946976 0.12594317437831623
vn -0.2906313318850069 0.9485102770946976 0.12594317437831623
vn -0.2906313318850069 0.9485102770946976 0.12594317437831623
vn -0.5502631510633922 0.5252381416531824 0.6491035041767207
vn -0.5502631510633922 0.5252381416531824 0.6491035041767207
vn -0.5502631510633922 0.5252381416531824 0.6491035041767207
vn -0.5259537402258848 0.8308469783829942 0.18184048409045508
vn -0.5259537402258848 0.8308469783829942 0.18184048409045508
vn -0.5259537402258848 0.8308469783829942 0.18184048409045508
vn -0.6289988623652827 0.7594303924769563 0.1662104392794757
vn -0.6289988623652827 0.7594303924769563 0.1662104392794757
vn -0.6289988623652827 0.7594303924769563 0.1662104392794757
vn -0.3046487779191434 0.5991324012001231 0.7404252075291246
vn -0.3046487779191434 0.5991324012001231 0.7404252075291246
vn -0.3046487779191434 0.5991324012001231 0.7404252075291246
vn 0.24873721609005106 0.9533947734729469 -0.17078701135109653
vn 0.2546523633466319 0.9518805084507329 -0.17051589800821818
vn 0.2476843114596509 0.9536602962724273 -0.1708347774030359
vn -0.14356237102424518 0.9557394616901062 -0.25681107256931673
vn -0.14356237102424518 0.9557394616901062 -0.25681107256931673
vn -0.14356237102424518 0.9557394616901062 -0.25681107256931673
vn 0.19341948339105816 0.9475064135919486 -0.2545987031523523
vn 0.19341948339105816 0.9475064135919486 -0.2545987031523523
vn 0.19341948339105816 0.9475064135919486 -0.2545987031523523
vn 0.2546523633466319 0.9518805084507329 -0.17051589800821818
vn 0.24873721609005106 0.9533947734729469 -0.17078701135109653
vn 0.25570082483072604 0.9516081229414548 -0.17046720661971115
vn 0.07567886314393564 0.5632884540565524 -0.8227872308196212
vn 0.07567886314393564 0.5632884540565524 -0.8227872308196212
vn 0.07567886314393564 0.5632884540565524 -0.8227872308196212
vn 0.08155570306198731 0.9441296009190159 -0.3193242301588858
vn 0.08443391926530444 0.9426803430755654 -0.3228384798261117
vn 0.08401520627311033 0.9428921784303094 -0.32232869088840416
vn -0.08540683402374889 0.9422711087477096 -0.32377589521365185
vn -0.08650638774475616 0.9425121400151899 -0.3227809021663785
vn -0.08632295042198783 0.9424725998632492 -0.32294542377536667
vn -0.05053240826257931 0.5641867721317497 -0.8240993640737392
vn -0.05053240826257931 0.5641867721317497 -0.8240993640737392
vn -0.05053240826257931 0.5641867721317497 -0.8240993640737392
vn -0.8289185449398936 0.5506047598681062 -0.09863287618900093
vn -0.8289185449398936 0.5506047598681062 -0.09863287618900093
vn -0.8289185449398936 0.5506047598681062 -0.09863287618900093
vn -0.25117963737678634 0.934782094695367 -0.25117966717910895
vn -0.25117963737678634 0.934782094695367 -0.25117966717910895
vn -0.25117963737678634 0.934782094695367 -0.25117966717910895
vn 0.4785784991883675 0.8479658806935427 -0.22785189333036987
vn 0.4785784991883675 0.8479658806935427 -0.22785189333036987
vn 0.4785784991883675 0.8479658806935427 -0.22785189333036987
vn 0.2794515969418094 0.9451152882110592 -0.16930415516578182
vn 0.2794515969418094 0.9451152882110592 -0.16930415516578182
vn 0.2794515969418094 0.9451152882110592 -0.16930415516578182
vn 0.46723474410953303 0.8322084849792306 0.29853095555649334
vn 0.467006492293774 0.8322432483999125 0.29879108361567064
vn 0.4672590372739169 0.8322047971008415 0.29850321232475824
vn 0.47917683713067305 0.8529822612842267 -0.20690775889727214
vn 0.47917683713067305 0.8529822612842267 -0.20690775889727214
vn 0.47917683713067305 0.8529822612842267 -0.20690775889727214
vn -0.13608105352512695 0.9627776055262717 -0.23354063708183698
vn -0.13608105352512695 0.9627776055262717 -0.23354063708183698
vn -0.13608105352512695 0.9627776055262717 -0.23354063708183698
vn -0.03745214002252458 0.94052144572201 0.3376636600890207
vn -0.03745214002252458 0.94052144572201 0.3376636600890207
vn -0.03745214002252458 0.94052144572201 0.3376636600890207
vn -0.3085690770404969 0.7005100326600439 0.643483347754237
vn -0.3090922626880424 0.7000216972088764 0.6437636185613399
vn -0.30031228071790267 0.7081416846807099 0.6390210391431393
vn -0.38003471737898914 0.8987290808230186 0.21876849149199754
vn -0.38003471737898914 0.8987290808230186 0.21876849149199754
vn -0.38003471737898914 0.8987290808230186 0.21876849149199754
vn -0.43113644206236645 0.8756080528808358 0.2177886729286793
vn -0.43113644206236645 0.8756080528808358 0.2177886729286793
vn -0.43113644206236645 0.8756080528808358 0.2177886729286793
vn -0.22959152573857966 0.7131488543689076 0.6623491849631473
vn -0.22959152573857966 0.7131488543689076 0.6623491849631473
vn -0.22959152573857966 0.7131488543689076 0.6623491849631473
vn 0.7630262984161011 0.5237747030735185 0.37874916283164317
vn 0.7630262984161011 0.5237747030735185 0.37874916283164317
vn 0.7630262984161011 0.5237747030735185 0.37874916283164317
vn 0.7290851739113501 0.613505812470517 0.3033898931203007
vn 0.7290851739113501 0.613505812470517 0.3033898931203007
vn 0.7290851739113501 0.613505812470517 0.3033898931203007
vn 0.680435078135025 0.6621471821787086 0.3139573435614758
vn 0.680435078135025 0.6621471821787086 0.3139573435614758
vn 0.680435078135025 0.6621471821787086 0.3139573435614758
vn 0.6841583219103108 0.610427078653951 0.39913177298590347
vn 0.6841583219103108 0.610427078653951 0.39913177298590347
vn 0.6841583219103108 0.610427078653951 0.39913177298590347
vn 0.23463536626136863 0.8111276647762148 0.5357407547817112
vn 0.23463536626136863 0.8111276647762148 0.5357407547817112
vn 0.23463536626136863 0.8111276647762148 0.5357407547817112
vn 0.2764311476028832 0.8928073784132836 0.35564140041023473
vn 0.2764311476028832 0.8928073784132836 0.35564140041023473
vn 0.2764311476028832 0.8928073784132836 0.35564140041023473
vn -0.25534348330105766 0.8982112981200319 0.35779347320096483
vn -0.25534348330105766 0.8982112981200319 0.35779347320096483
vn -0.25534348330105766 0.8982112981200319 0.35779347320096483
vn -0.17887729808625333 0.8209641076541534 0.5422368911951503
vn -0.17887729808625333 0.8209641076541534 0.5422368911951503
vn -0.17887729808625333 0.8209641076541534 0.5422368911951503
vn 0 0.9999999999999991 -4.3711342101460065e-8
vn 0 0.9999999999999991 -4.3711342101460065e-8
vn 0 0.9999999999999991 -4.3711342101460065e-8
vn -0.4562492660092689 0.8364441428835736 0.3036409114427227
vn -0.4562492660092689 0.8364441428835736 0.3036409114427227
vn -0.4562492660092689 0.8364441428835736 0.3036409114427227
vn -0.07994770795891001 0.9369724745361917 0.3401337177547127
vn -0.07994770795891001 0.9369724745361917 0.3401337177547127
vn -0.07994770795891001 0.9369724745361917 0.3401337177547127
vn 0.08921098949940542 0.9960127505973692 0
vn 0.08921098949940542 0.9960127505973692 0
vn 0.08921098949940542 0.9960127505973692 0
vn 0 0.9414049031803089 0.3372785321778919
vn 0 0.9414049031803089 0.3372785321778919
vn 0 0.9414049031803089 0.3372785321778919
vn 0.25155767948945346 0.9519343433119432 0.1747562299694657
vn 0.2557008803922788 0.9516080995969095 0.17046725359485254
vn 0.25146753617843604 0.9519410584135652 0.17484936246611882
vn 0.828918533391953 0.550604732184874 0.09863312777640658
vn 0.828918533391953 0.550604732184874 0.09863312777640658
vn 0.828918533391953 0.550604732184874 0.09863312777640658
vn 0.24523479906088344 0.9126577850389588 0.32697960293778267
vn 0.24523479906088344 0.9126577850389588 0.32697960293778267
vn 0.24523479906088344 0.9126577850389588 0.32697960293778267
vn 0 0.812864417860658 0.5824529493238518
vn 0 0.812864417860658 0.5824529493238518
vn 0 0.812864417860658 0.5824529493238518
vn 0.0505332096368746 0.5641867770100079 0.8240993115946982
vn 0.0505332096368746 0.5641867770100079 0.8240993115946982
vn 0.0505332096368746 0.5641867770100079 0.8240993115946982
vn -0.07567956593949879 0.5632882338063714 0.8227873169625962
vn -0.07567956593949879 0.5632882338063714 0.8227873169625962
vn -0.07567956593949879 0.5632882338063714 0.8227873169625962
vn 0.6356045778958204 0.6275432290376334 0.44966244700541363
vn 0.6356045778958204 0.6275432290376334 0.44966244700541363
vn 0.6356045778958204 0.6275432290376334 0.44966244700541363
vn -4.616245122479363e-7 0.9414046773414786 0.33727916253360996
vn -4.616245122479363e-7 0.9414046773414786 0.33727916253360996
vn -4.616245122479363e-7 0.9414046773414786 0.33727916253360996
vn -0.8034799275724785 0.5860037932563951 0.10497409336231753
vn -0.8034799275724785 0.5860037932563951 0.10497409336231753
vn -0.8034799275724785 0.5860037932563951 0.10497409336231753
vn 0.11723110196917083 0.9775440144087125 0.1751130167200395
vn 0.11723110196917083 0.9775440144087125 0.1751130167200395
vn 0.11723110196917083 0.9775440144087125 0.1751130167200395
vn 0.29069270533526653 0.9007516146939091 0.3227139285670509
vn 0.29069270533526653 0.9007516146939091 0.3227139285670509
vn 0.29069270533526653 0.9007516146939091 0.3227139285670509
vn 0.09780717680346789 0.8731693064427527 0.4775030036052312
vn 0.09780717680346789 0.8731693064427527 0.4775030036052312
vn 0.09780717680346789 0.8731693064427527 0.4775030036052312
vn -0.03277746227212735 0.8009248404604157 0.5978670737718018
vn -0.03277746227212735 0.8009248404604157 0.5978670737718018
vn -0.03277746227212735 0.8009248404604157 0.5978670737718018
vn -0.5564334073866302 0.6658397531638468 0.49703046813129276
vn -0.5564334073866302 0.6658397531638468 0.49703046813129276
vn -0.5564334073866302 0.6658397531638468 0.49703046813129276
vn -0.4386792149933124 0.788448989502284 0.4311713548992771
vn -0.4386792149933124 0.788448989502284 0.4311713548992771
vn -0.4386792149933124 0.788448989502284 0.4311713548992771
vn -2.7508340250852514e-14 0.9999999999999991 -4.371138473402421e-8
vn -1.3754179442788677e-14 0.9999999999999991 -4.3711342101460065e-8
vn 0 0.9999999999999991 -4.371132789060535e-8
vn -0.5002064549002386 0.7067094224977934 0.5003551684843185
vn -0.5001131324063557 0.70681840575747 0.5002945093414193
vn -0.500052500033771 0.7069272830181353 0.5002012732236619
vn -0.5001131324063557 0.70681840575747 0.5002945093414193
vn -0.5002064549002386 0.7067094224977934 0.5003551684843185
vn -0.5003241031054895 0.706648132880414 0.5003241031054895
vn -1.3754179442788677e-14 0.9999999999999991 -4.3711342101460065e-8
vn -2.7508340250852514e-14 0.9999999999999991 -4.371138473402421e-8
vn -1.3754179442788677e-14 0.9999999999999991 -4.3711370523169495e-8
vn 0.9365939515318256 0.1591340604395628 0.31219884811129267
vn 0.9365939515318256 0.1591340604395628 0.31219884811129267
vn 0.9365939515318256 0.1591340604395628 0.31219884811129267
vn 0.9486831400980872 0 -0.31622823987372317
vn 0.9486831371178611 0 -0.3162282488143865
vn 0.9486833069912095 0 -0.3162277391947498
vn 0.9486831371178611 0 -0.3162282488143865
vn 0.9486831400980872 0 -0.31622823987372317
vn 0.9486833874574436 0 -0.31622749779592196
vn 0.9486833874574436 0 0.31622749779592196
vn 0.9486835394490435 0 0.31622704182032735
vn 0.9486832324853862 0 0.3162279627121528
vn 0.3162277928389254 0 -0.9486832891098176
vn 0.3162279627121528 0 -0.9486832324853862
vn 0.31622776601683794 0 -0.9486832980505138
vn 0 0 -1
vn 0 0 -1
vn 0 0 -1
vn 0 0 -1
vn 0 0 -1
vn 0 0 -1
vn 0.3162279627121528 0 -0.9486832324853862
vn 0.3162277928389254 0 -0.9486832891098176
vn 0.31622785542380427 0 -0.9486832682481869
vn -0.45388735724888307 0 -0.891059070392993
vn -0.4538873576927775 0 -0.8910590701668823
vn -0.45388726215445796 0 -0.8910591188321516
vn 0.3174282664852023 0.23831171206027554 -0.917849020008792
vn 0.3174282664852023 0.23831171206027554 -0.917849020008792
vn 0.3174282664852023 0.23831171206027554 -0.917849020008792
vn 0.3268450000870886 0 -0.9450779575876642
vn 0.3268449550569654 0 -0.9450779731608446
vn 0.3268451065615167 0 -0.9450779207646272
vn -0.4538873576927775 0 -0.8910590701668823
vn -0.45388735724888307 0 -0.891059070392993
vn -0.45388745278720605 0 -0.891059021727709
vn -0.9365939250500854 0.15913417514941078 -0.31219886908634314
vn -0.9365938381379263 0.15913431474738202 -0.3121990586660202
vn -0.9365940046432264 0.15913404443515283 -0.312198696935261
vn -0.9858709578389147 0.16750658043720917 -1.1621106934628558e-7
vn -0.9858709537057311 0.16750660476337126 0
vn -0.9858709529172962 0.1675066094033112 -3.8603031150120325e-7
vn -1 0 0
vn -0.9999999999999853 0 -1.7149760367374005e-7
vn -1 0 0
vn -0.948683038769986 0 -0.31622854385735855
vn -0.948683038769986 0 -0.31622854385735855
vn -0.9486829434022884 0 -0.3162288299595254
vn -0.985870958627283 0.1675065757972561 0
vn -0.9858709578389147 0.16750658043720917 -1.1621106934628558e-7
vn -0.9858709553780983 0.167506594920259 -3.092262181831669e-7
vn -0.936594307595165 0.15913410965112493 -0.31219775483798257
vn -0.936594307595165 0.15913410965112493 -0.31219775483798257
vn -0.936594307595165 0.15913410965112493 -0.31219775483798257
vn -0.9328153862900979 0.1821342765371307 -0.3109381938758111
vn -0.9328153862900979 0.1821342765371307 -0.3109381938758111
vn -0.9328153862900979 0.1821342765371307 -0.3109381938758111
vn -0.9999999999999853 0 -1.7149760367374005e-7
vn -0.9999999999998739 0 -5.024467668590026e-7
vn -0.9999999999999969 0 -7.972582238835432e-8
vn -0.30847097502645193 0.22012841820945003 -0.9254129548816763
vn -0.30847097502645193 0.22012841820945003 -0.9254129548816763
vn -0.30847097502645193 0.22012841820945003 -0.9254129548816763
vn 3.2855272441293983e-7 0.1675065804372013 -0.9858709578388682
vn 0 0.16750660476337126 -0.9858709537057311
vn 0 0.16750659492026704 -0.9858709553781456
vn 0 0.08313382593691365 -0.9965383921280158
vn 0 0.08313382593691365 -0.9965383921280158
vn 0 0.08313382593691365 -0.9965383921280158
vn -0.3117245005230321 0.17052043249806625 -0.9347462852958223
vn -0.31159246569737087 0.17059347363019073 -0.9347769798595911
vn -0.3118690922863038 0.1704404529967217 -0.934712641007272
vn 0.00009987595773485113 0.1675065796017539 -0.9858709529217881
vn 3.2855272441293983e-7 0.1675065804372013 -0.9858709578388682
vn 3.28552809678063e-7 0.1675065804372013 -0.9858709578388682
vn -0.004024889680957843 0.17288344648176268 -0.9849340659128628
vn 0.00009987595773485113 0.1675065796017539 -0.9858709529217881
vn -0.009203202173340462 0.16988343152114996 -0.9854211895247408
vn -0.028178053730572205 0.40025927041512016 -0.9159686204967463
vn -0.028178053730572205 0.40025927041512016 -0.9159686204967463
vn -0.028178053730572205 0.40025927041512016 -0.9159686204967463
vn 6.927233138539135e-7 0.39394672065195446 -0.919133277216689
vn 6.927233138539135e-7 0.39394672065195446 -0.919133277216689
vn 6.927233138539135e-7 0.39394672065195446 -0.919133277216689
vn -0.6303976392425958 0.13472725908897518 -0.7644915840581464
vn -0.6303976392425958 0.13472725908897518 -0.7644915840581464
vn -0.6303976392425958 0.13472725908897518 -0.7644915840581464
vn 0.42808082595055746 0.5743723497645187 -0.6977415067770255
vn 0.42808082595055746 0.5743723497645187 -0.6977415067770255
vn 0.42808082595055746 0.5743723497645187 -0.6977415067770255
vn 0.6050654459254692 0.08598295328540452 -0.7915192593306452
vn 0.6050654459254692 0.08598295328540452 -0.7915192593306452
vn 0.6050654459254692 0.08598295328540452 -0.7915192593306452
vn -0.6186294036791966 0 -0.7856829264426722
vn -0.6186294036791966 0 -0.7856829264426722
vn -0.6186294036791966 0 -0.7856829264426722
vn -0.015575734032380698 0.22125034126946055 -0.9750926535450362
vn -0.012219254773670314 0.22126078451517636 -0.975138121010816
vn -0.015038076454013772 0.2212524513907816 -0.9751006148137397
vn -0.289535014611009 0.22189940419411697 -0.9310908278640161
vn -0.289535014611009 0.22189940419411697 -0.9310908278640161
vn -0.289535014611009 0.22189940419411697 -0.9310908278640161
vn -0.28432845604053436 0.25392531933102797 -0.9244886485448275
vn -0.28432845604053436 0.25392531933102797 -0.9244886485448275
vn -0.28432845604053436 0.25392531933102797 -0.9244886485448275
vn -0.014474566848959923 0.20560814356103152 -0.9785273517975474
vn -0.014474566848959923 0.20560814356103152 -0.9785273517975474
vn -0.014474566848959923 0.20560814356103152 -0.9785273517975474
vn -0.880977778764484 0.28862329312870066 -0.3749329913287708
vn -0.880977778764484 0.28862329312870066 -0.3749329913287708
vn -0.880977778764484 0.28862329312870066 -0.3749329913287708
vn -0.9800574196253693 0.19442575012891142 -0.04106192791471134
vn -0.9800574196253693 0.19442575012891142 -0.04106192791471134
vn -0.9800574196253693 0.19442575012891142 -0.04106192791471134
vn -0.9841630233406201 0.17344003518516976 -0.036629191692105885
vn -0.9841630233406201 0.17344003518516976 -0.036629191692105885
vn -0.9841630233406201 0.17344003518516976 -0.036629191692105885
vn -0.9163792903142345 0.18179314490866896 -0.3566514387289019
vn -0.9163792903142345 0.18179314490866896 -0.3566514387289019
vn -0.9163792903142345 0.18179314490866896 -0.3566514387289019
vn -0.9853804081818426 0.1702936584591622 -0.00505183728753716
vn -0.9849247518566409 0.1720028849468548 -0.018391322684720695
vn -0.985515006244155 0.16916735604325311 -0.011940607895684525
vn -0.9849631841563413 0.17264472935658537 0.006428318753194258
vn -0.9850947139459334 0.17031787125982895 0.02408790744958897
vn -0.9856431476099096 0.16826520846327345 0.013942926179302255
vn -0.9850947139459334 0.17031787125982895 0.02408790744958897
vn -0.9849631841563413 0.17264472935658537 0.006428318753194258
vn -0.9845300826173593 0.17439425272373513 0.016945826577230465
vn -0.9849247518566409 0.1720028849468548 -0.018391322684720695
vn -0.9853804081818426 0.1702936584591622 -0.00505183728753716
vn -0.985691397541938 0.16807924162253662 -0.01272153085969448
vn -0.9834177540589804 0.17510767363926022 0.04718923218529093
vn -0.9834177540589804 0.17510767363926022 0.04718923218529093
vn -0.9834177540589804 0.17510767363926022 0.04718923218529093
vn -0.9091700118358034 0.1891107096199871 0.3710081253631921
vn -0.9091700118358034 0.1891107096199871 0.3710081253631921
vn -0.9091700118358034 0.1891107096199871 0.3710081253631921
vn -0.8759518800935148 0.280213364807009 0.39266878402054195
vn -0.8759518800935148 0.280213364807009 0.39266878402054195
vn -0.8759518800935148 0.280213364807009 0.39266878402054195
vn -0.9775738056702825 0.20333893465301156 0.05479719081758743
vn -0.9775738056702825 0.20333893465301156 0.05479719081758743
vn -0.9775738056702825 0.20333893465301156 0.05479719081758743
vn -0.2679741751117194 0.3055174389356858 0.9137006818315137
vn -0.2679741751117194 0.3055174389356858 0.9137006818315137
vn -0.2679741751117194 0.3055174389356858 0.9137006818315137
vn -0.3019544728871383 0.2468862193533984 0.9207989416788208
vn -0.3019544728871383 0.2468862193533984 0.9207989416788208
vn -0.3019544728871383 0.2468862193533984 0.9207989416788208
vn -0.3062740728444941 0.1991849752589647 0.9308713863549202
vn -0.3062740728444941 0.1991849752589647 0.9308713863549202
vn -0.3062740728444941 0.1991849752589647 0.9308713863549202
vn -0.2864220103440404 0.2101426841072902 0.9347740284724764
vn -0.2864220103440404 0.2101426841072902 0.9347740284724764
vn -0.2864220103440404 0.2101426841072902 0.9347740284724764
vn -0.8850049424319923 0.3421956982832815 0.31570295524014896
vn -0.8850049424319923 0.3421956982832815 0.31570295524014896
vn -0.8850049424319923 0.3421956982832815 0.31570295524014896
vn -0.9120353638272679 0.2570441545433751 0.31956188405932373
vn -0.9120353638272679 0.2570441545433751 0.31956188405932373
vn -0.9120353638272679 0.2570441545433751 0.31956188405932373
vn -0.8914771891679689 0.32393517522266563 0.31675609456905207
vn -0.8914771891679689 0.32393517522266563 0.31675609456905207
vn -0.8914771891679689 0.32393517522266563 0.31675609456905207
vn -0.9228459561326902 0.21357113151936138 0.3205350418145894
vn -0.9228459561326902 0.21357113151936138 0.3205350418145894
vn -0.9228459561326902 0.21357113151936138 0.3205350418145894
vn -0.2901662097182689 0.34546009389574245 0.8924465778203637
vn -0.290438495007001 0.3457865321520606 0.8922315589578304
vn -0.2844815808071528 0.3386907527289516 0.8968605266134525
vn 0.17384380768594915 0.3476660980961539 0.9213612835168657
vn 0.17384380768594915 0.3476660980961539 0.9213612835168657
vn 0.17384380768594915 0.3476660980961539 0.9213612835168657
vn 0.2127159126214338 0.1469248158109875 0.9660046785686588
vn 0.2127159126214338 0.1469248158109875 0.9660046785686588
vn 0.2127159126214338 0.1469248158109875 0.9660046785686588
vn -0.3080914456313059 0.17606334962476083 0.9349231829662377
vn -0.3080914456313059 0.17606334962476083 0.9349231829662377
vn -0.3080914456313059 0.17606334962476083 0.9349231829662377
vn 0.7761591423982057 0.3206351892640003 0.5429273073601293
vn 0.7761591423982057 0.3206351892640003 0.5429273073601293
vn 0.7761591423982057 0.3206351892640003 0.5429273073601293
vn 0.8790067698957666 0.1047682350117656 0.46515665684791646
vn 0.8818388124311806 0.09637752420966023 0.4615968822654477
vn 0.8783722775302526 0.10661530804723973 0.4659348861765013
vn 0.8818388124311806 0.09637752420966023 0.4615968822654477
vn 0.8790067698957666 0.1047682350117656 0.46515665684791646
vn 0.8823940068450836 0.09470267603222936 0.46088200207451496
vn 0.865846032615707 0.14092415485780974 0.48005315370409973
vn 0.865846032615707 0.14092415485780974 0.48005315370409973
vn 0.865846032615707 0.14092415485780974 0.48005315370409973
vn 0.23787945995188867 -0.02429241770806561 0.9709908552478209
vn 0.23787945995188867 -0.02429241770806561 0.9709908552478209
vn 0.23787945995188867 -0.02429241770806561 0.9709908552478209
vn 0.0683054492426787 -0.1100583502863624 0.9915752745687038
vn 0.0683054492426787 -0.1100583502863624 0.9915752745687038
vn 0.0683054492426787 -0.1100583502863624 0.9915752745687038
vn 0.0667713949418892 0.2366199324460071 0.9693052090991575
vn 0.0667713949418892 0.2366199324460071 0.9693052090991575
vn 0.0667713949418892 0.2366199324460071 0.9693052090991575
vn 0.25124511500522073 -0.14357385042298096 0.9572159848543761
vn 0.25124511500522073 -0.14357385042298096 0.9572159848543761
vn 0.25124511500522073 -0.14357385042298096 0.9572159848543761
vn 0.20182442636933443 -0.07410646964698123 0.976614116259411
vn 0.20182442636933443 -0.07410646964698123 0.976614116259411
vn 0.20182442636933443 -0.07410646964698123 0.976614116259411
vn 0.49298759628072586 0.02561747993149926 0.869659114041422
vn 0.49298759628072586 0.02561747993149926 0.869659114041422
vn 0.49298759628072586 0.02561747993149926 0.869659114041422
vn 0.4930104310265314 -0.02376262511282564 0.8696988286451703
vn 0.4930104310265314 -0.02376262511282564 0.8696988286451703
vn 0.4930104310265314 -0.02376262511282564 0.8696988286451703
vn 0.19415597779939167 0.2821899080025501 0.9395064194066342
vn 0.19415597779939167 0.2821899080025501 0.9395064194066342
vn 0.19415597779939167 0.2821899080025501 0.9395064194066342
vn 0.8796543019768905 0.16071934560144008 0.44763556713357167
vn 0.8796543019768905 0.16071934560144008 0.44763556713357167
vn 0.8796543019768905 0.16071934560144008 0.44763556713357167
vn 0.9848527755646417 0.0557478251394743 0.1641864502778484
vn 0.9848527755646417 0.0557478251394743 0.1641864502778484
vn 0.9848527755646417 0.0557478251394743 0.1641864502778484
vn 0.981051450820246 -0.10386773260386666 0.16355288125625322
vn 0.981051450820246 -0.10386773260386666 0.16355288125625322
vn 0.981051450820246 -0.10386773260386666 0.16355288125625322
vn 0.8899472244219389 -0.05384108729184602 0.4528742375791749
vn 0.8899472244219389 -0.05384108729184602 0.4528742375791749
vn 0.8899472244219389 -0.05384108729184602 0.4528742375791749
vn 0.9980591149418262 -0.028316075749379114 0.05546352797734488
vn 0.9986270975688065 -0.02833230543092031 0.04405905662029572
vn 0.9981911577561007 -0.028319742132239055 0.053032110867838746
vn 0.9665467952126094 -0.05479987528143243 0.2505678876739267
vn 0.9665467952126094 -0.05479987528143243 0.2505678876739267
vn 0.9665467952126094 -0.05479987528143243 0.2505678876739267
vn 0.9678355572659015 0.018519842803112252 0.25090107515582644
vn 0.9678355572659015 0.018519842803112252 0.25090107515582644
vn 0.9678355572659015 0.018519842803112252 0.25090107515582644
vn 0.9912517582196538 -0.11994020562310148 0.05508447060227837
vn 0.9912517582196538 -0.11994020562310148 0.05508447060227837
vn 0.9912517582196538 -0.11994020562310148 0.05508447060227837
vn 0.38922834734489453 0.15427643503562738 0.9081299880611036
vn 0.38922834734489453 0.15427643503562738 0.9081299880611036
vn 0.38922834734489453 0.15427643503562738 0.9081299880611036
vn 0.021871676562067077 0.16587407883736957 0.985904366424157
vn 0.023176450381938656 0.1757747844259455 0.9841575469952492
vn 0.021765106032495013 0.1650695101696969 0.986041752144264
vn 0.023176450381938656 0.1757747844259455 0.9841575469952492
vn 0.021871676562067077 0.16587407883736957 0.985904366424157
vn 0.023290917451373686 0.17664168907074243 0.9839996172999806
vn 0.3908347763644157 0.12541314889480923 0.9118770310016946
vn 0.3908347763644157 0.12541314889480923 0.9118770310016946
vn 0.3908347763644157 0.12541314889480923 0.9118770310016946
vn 0.061089578624419105 0.17503457081927679 0.9826652341472158
vn 0.061089578624419105 0.17503457081927679 0.9826652341472158
vn 0.061089578624419105 0.17503457081927679 0.9826652341472158
vn 0.38693702356900456 0.19723032455253167 0.9007663064682552
vn 0.38693702356900456 0.19723032455253167 0.9007663064682552
vn 0.38693702356900456 0.19723032455253167 0.9007663064682552
vn 0.4170577673875708 0.297617573745619 0.8587703991518723
vn 0.4170577673875708 0.297617573745619 0.8587703991518723
vn 0.4170577673875708 0.297617573745619 0.8587703991518723
vn 0.0744441002296117 0.21329755427559524 0.9741469238677773
vn 0.0744441002296117 0.21329755427559524 0.9741469238677773
vn 0.0744441002296117 0.21329755427559524 0.9741469238677773
vn 0.9285862851621661 0.2517797299296866 0.27264350094081186
vn 0.9285862851621661 0.2517797299296866 0.27264350094081186
vn 0.9285862851621661 0.2517797299296866 0.27264350094081186
vn 0.9486833159319045 0 -0.31622771237266084
vn 0.9486833159319045 0 -0.31622771237266084
vn 0.9486833159319045 0 -0.31622771237266084
vn 0.9228724472004965 0.2775571057155206 -0.2669616063500327
vn 0.9228724472004965 0.2775571057155206 -0.2669616063500327
vn 0.9228724472004965 0.2775571057155206 -0.2669616063500327
vn 0.933558110325356 0.22617530963371577 0.278053922752123
vn 0.933558110325356 0.22617530963371577 0.278053922752123
vn 0.933558110325356 0.22617530963371577 0.278053922752123
vn 0.4087556350114856 0.26850119545589585 -0.8722533685146261
vn 0.4087556350114856 0.26850119545589585 -0.8722533685146261
vn 0.4087556350114856 0.26850119545589585 -0.8722533685146261
vn 0.38693796765989363 0.1972307073875798 -0.9007658170948908
vn 0.38693796765989363 0.1972307073875798 -0.9007658170948908
vn 0.38693796765989363 0.1972307073875798 -0.9007658170948908
vn 0.3785420863590649 0.17145506627113577 -0.9095653077733818
vn 0.3785420863590649 0.17145506627113577 -0.9095653077733818
vn 0.3785420863590649 0.17145506627113577 -0.9095653077733818
vn 0.3869369395707718 0.1972303872038684 -0.9007663288328537
vn 0.38693796765989363 0.1972307073875798 -0.9007658170948908
vn 0.3869369395707718 0.1972303872038684 -0.9007663288328537
vn 0.9330832424183444 0.22878627688411027 -0.27751126504626167
vn 0.9330832424183444 0.22878627688411027 -0.27751126504626167
vn 0.9330832424183444 0.22878627688411027 -0.27751126504626167
vn 0.9365941176766165 0.15913418227016918 0.3121982875782067
vn 0.9365941176766165 0.15913418227016918 0.3121982875782067
vn 0.9365941176766165 0.15913418227016918 0.3121982875782067
vn 0.9486833665958277 0 0.3162275603808221
vn 0.9486835066665654 0 0.31622714016799475
vn 0.9486830596316859 0 0.31622848127242276
vn 0.9486833487144448 0 -0.31622761402500443
vn 0.9486833487144448 0 -0.31622761402500443
vn 0.9486833487144448 0 -0.31622761402500443
vn 0.30847102914574576 0.22012816097532423 0.9254129980302773
vn 0.30847102914574576 0.22012816097532423 0.9254129980302773
vn 0.30847102914574576 0.22012816097532423 0.9254129980302773
vn 0.3121973564016153 0.1591342086389031 0.9365944235883069
vn 0.3121973309846585 0.15913418107190275 0.9365944367444378
vn 0.312197340453698 0.15913417070756025 0.9365944353490763
vn 0.31622749779592196 0 0.9486833874574436
vn 0.3162271938121975 0 0.9486834887852021
vn 0.3162268183028933 0 0.9486836139546361
vn 0.31622783754240724 0 0.9486832742086544
vn 0.31622749779592196 0 0.9486833874574436
vn 0.3162272474563972 0 0.9486834709038365
vn 0.985870955378119 0.16750659492026249 -2.3242213811243093e-7
vn 0.985870958627283 0.1675065757972561 0
vn 0.9858709529173512 0.16750660940332052 -1.9301509890719722e-7
vn 0.9365945899234458 0.15913399790241217 -0.31219696481184367
vn 0.936594654308641 0.15913384970305114 -0.3121968471960662
vn 0.9365945306361777 0.15913415174184903 -0.31219706425877897
vn 0.948683467923598 0 -0.3162272563971289
vn 0.9486834262004122 0 -0.31622738156688324
vn 0.9486835036863256 0 -0.31622714910873423
vn 1 0 0
vn 1 0 0
vn 1 0 0
vn 0.31219794796420686 0.15913435507523604 -0.9365942015204487
vn 0.31219794796420686 0.15913435507523604 -0.9365942015204487
vn 0.31219794796420686 0.15913435507523604 -0.9365942015204487
vn 0 0 -1
vn 0 0 -1
vn 0 0 -1
vn 0 0.22467599466259255 -0.9744335264256739
vn 0 0.22467600881155325 -0.9744335231633356
vn 0 0.22467636253552412 -0.9744334416048156
vn 0.3162279895342381 0 -0.9486832235446846
vn 0.316228114703981 0 -0.9486831818213949
vn 0.3162277391947498 0 -0.9486833069912095
vn 0 0 -1
vn 0 0 -1
vn 0 0 -1
vn -0.3030953061753708 -0.00014318103561188067 -0.9529602378240393
vn -0.3029394250815154 -0.0028105739539149937 -0.9530056691359872
vn -0.30310562045831135 0 -0.9529569679930894
vn -0.3029394250815154 -0.0028105739539149937 -0.9530056691359872
vn -0.3030953061753708 -0.00014318103561188067 -0.9529602378240393
vn -0.3029283432147623 -0.0030220456777462685 -0.9530085446191343
vn 0 0.22467600881155325 -0.9744335231633356
vn 0 0.22467578352778583 -0.9744335751071878
vn 0 0.22467626239323032 -0.9744334646947468
vn -0.9010061535678476 -0.016965840590218335 -0.4334744184908028
vn -0.9010061535678476 -0.016965840590218335 -0.4334744184908028
vn -0.9010061535678476 -0.016965840590218335 -0.4334744184908028
vn -0.9895835143829587 -0.08091965756135297 -0.11906501199607705
vn -0.9895835143829587 -0.08091965756135297 -0.11906501199607705
vn -0.9895835143829587 -0.08091965756135297 -0.11906501199607705
vn -0.9942485108910586 0.001872055817395711 -0.10708124951609929
vn -0.9942485108910586 0.001872055817395711 -0.10708124951609929
vn -0.9942485108910586 0.001872055817395711 -0.10708124951609929
vn -0.8988276266062118 -0.037966015970014276 -0.4366548743353371
vn -0.8988276266062118 -0.037966015970014276 -0.4366548743353371
vn -0.8988276266062118 -0.037966015970014276 -0.4366548743353371
vn -0.9870467591007777 -0.15448060332801927 -0.04329478656908286
vn -0.9870467591007777 -0.15448060332801927 -0.04329478656908286
vn -0.9870467591007777 -0.15448060332801927 -0.04329478656908286
vn -0.9170489342814412 -0.16931663511915573 0.36104449754178475
vn -0.9170489342814412 -0.16931663511915573 0.36104449754178475
vn -0.9170489342814412 -0.16931663511915573 0.36104449754178475
vn -0.9240785904920431 0.17307461925077258 0.34076962124790267
vn -0.9240785904920431 0.17307461925077258 0.34076962124790267
vn -0.9240785904920431 0.17307461925077258 0.34076962124790267
vn -0.9960351097570472 0.08313175130463096 -0.03167289150507232
vn -0.9960351097570472 0.08313175130463096 -0.03167289150507232
vn -0.9960351097570472 0.08313175130463096 -0.03167289150507232
vn -0.3004248328763412 0.14686183086344567 0.9424311764933603
vn -0.3011041356534863 0.15260674429004348 0.941300951390978
vn -0.30032284310650503 0.14600848306992442 0.9425962618109862
vn -0.024806421969386254 0.18221583000673233 0.9829455899102626
vn -0.02355503062070988 0.17302290904576292 0.9846360919028913
vn -0.02504595547526011 0.18397405686017332 0.9826119511367348
vn -0.02355503062070988 0.17302290904576292 0.9846360919028913
vn -0.024806421969386254 0.18221583000673233 0.9829455899102626
vn -0.02332207469699792 0.17131074595768223 0.9849409673433479
vn -0.3011041356534863 0.15260674429004348 0.941300951390978
vn -0.3004248328763412 0.14686183086344567 0.9424311764933603
vn -0.30121428661779837 0.15353514677424224 0.9411147178969962
vn -0.0035118451363811438 0.16934391866717624 0.9855507618353216
vn -0.012400097788381529 0.17044762776833225 0.9852887108675236
vn -0.008052058877016542 0.16850590998459936 0.9856677546963293
vn 0.31219815605166673 0.15913413157804135 0.936594170131782
vn 0.31219815605166673 0.15913413157804135 0.936594170131782
vn 0.31219815605166673 0.15913413157804135 0.936594170131782
vn 0.3084708482886314 0.22012831489499282 0.9254130217030572
vn 0.3084708482886314 0.22012831489499282 0.9254130217030572
vn 0.3084708482886314 0.22012831489499282 0.9254130217030572
vn -0.012400097788381529 0.17044762776833225 0.9852887108675236
vn -0.0035118451363811438 0.16934391866717624 0.9855507618353216
vn -0.008719633696190976 0.16789134242231155 0.9857669426024785
vn 0.9302492969815649 0.19617476524893485 0.31008338708294164
vn 0.9302492969815649 0.19617476524893485 0.31008338708294164
vn 0.9302492969815649 0.19617476524893485 0.31008338708294164
vn 0.985870958627283 0.1675065757972561 0
vn 0.9858709775251207 0.16750646457275264 0
vn 0.9858709578389214 0.1675065804372103 0
vn 0.9963859325390169 0.08494158839081006 0
vn 0.9963859325390169 0.08494158839081006 0
vn 0.9963859325390169 0.08494158839081006 0
vn 0.9365942054756264 0.1591342317640798 0.3121979989531264
vn 0.9365942054756264 0.1591342317640798 0.3121979989531264
vn 0.9365942054756264 0.1591342317640798 0.3121979989531264
vn 0.31019588906016554 0.19438776123883353 -0.9305868625178025
vn 0.31019588906016554 0.19438776123883353 -0.9305868625178025
vn 0.31019588906016554 0.19438776123883353 -0.9305868625178025
vn 2.277469198524475e-7 0.1675066771786529 -0.9858709414018219
vn 0 0.1675067495939405 -0.985870929097959
vn 9.650754921271297e-8 0.16750662388637935 -0.9858709504565887
vn 0 0.08471080713355368 -0.9964055796485595
vn 0 0.08471080713355368 -0.9964055796485595
vn 0 0.08471080713355368 -0.9964055796485595
vn 0.31622794483075095 0 -0.9486832384458573
vn 0.3162278643644943 0 -0.9486832652679561
vn 0.3162280968225714 0 -0.948683187781872
vn 2.9244194633825674e-7 0.16750665285248564 -0.9858709455349981
vn 2.277469198524475e-7 0.1675066771786529 -0.9858709414018219
vn 1.9092900574994682e-7 0.16750650802192205 -0.9858709701427795
vn -0.2920012271274543 0.1602064706885573 -0.9429046452879406
vn -0.2920012271274543 0.1602064706885573 -0.9429046452879406
vn -0.2920012271274543 0.1602064706885573 -0.9429046452879406
vn -0.2902279527264445 0.19355195470551906 -0.9371794792279062
vn -0.2902279527264445 0.19355195470551906 -0.9371794792279062
vn -0.2902279527264445 0.19355195470551906 -0.9371794792279062
vn 2.277469198524475e-7 0.1675066771786529 -0.9858709414018219
vn 2.9244194633825674e-7 0.16750665285248564 -0.9858709455349981
vn 3.0922648211549376e-7 0.16750679304310115 -0.9858709217155763
vn -0.8621907669475996 0.1464927318199559 -0.484940162199664
vn -0.8621907669475996 0.1464927318199559 -0.484940162199664
vn -0.8621907669475996 0.1464927318199559 -0.484940162199664
vn -0.9790916004686477 -0.11434256518756053 -0.16824213407488134
vn -0.9790916004686477 -0.11434256518756053 -0.16824213407488134
vn -0.9790916004686477 -0.11434256518756053 -0.16824213407488134
vn -0.9844523773080501 -0.047290054584055365 -0.16916609456379095
vn -0.9844523773080501 -0.047290054584055365 -0.16916609456379095
vn -0.9844523773080501 -0.047290054584055365 -0.16916609456379095
vn -0.8688031927994501 0.07997370416421856 -0.4886565448489721
vn -0.8688031927994501 0.07997370416421856 -0.4886565448489721
vn -0.8688031927994501 0.07997370416421856 -0.4886565448489721
vn -0.9782088861801443 -0.19991980492843697 -0.05603076472418723
vn -0.9782088861801443 -0.19991980492843697 -0.05603076472418723
vn -0.9782088861801443 -0.19991980492843697 -0.05603076472418723
vn -0.9044635745930835 -0.2112547581926107 0.3705631786555207
vn -0.9044635745930835 -0.2112547581926107 0.3705631786555207
vn -0.9044635745930835 -0.2112547581926107 0.3705631786555207
vn -0.9197857519536394 -0.10948276721549376 0.3768390826147367
vn -0.9197857519536394 -0.10948276721549376 0.3768390826147367
vn -0.9197857519536394 -0.10948276721549376 0.3768390826147367
vn -0.989940397014904 -0.12962573663563762 -0.05670254632415268
vn -0.989940397014904 -0.12962573663563762 -0.05670254632415268
vn -0.989940397014904 -0.12962573663563762 -0.05670254632415268
vn -0.2603698059768715 0.1023087346600992 0.9600731674970485
vn -0.2603698059768715 0.1023087346600992 0.9600731674970485
vn -0.2603698059768715 0.1023087346600992 0.9600731674970485
vn -0.3131967278111039 0.12341431458340621 0.9416351292535369
vn -0.3136786474800299 0.12333228259484662 0.9414854508621171
vn -0.3136613133754196 0.12333539693451921 0.9414908179874149
vn -0.31546062811569275 -0.02164905558131615 0.9486916835839186
vn -0.31553517893661664 -0.021604026997630844 0.9486679170663056
vn -0.3153970842222707 -0.021687490897422668 0.9487119330980635
vn -0.26170055955838634 -0.018033796161642166 0.9649806212162126
vn -0.26170055955838634 -0.018033796161642166 0.9649806212162126
vn -0.26170055955838634 -0.018033796161642166 0.9649806212162126
vn -0.9319935805781759 0.18562018410675685 0.3113408309445529
vn -0.9319935805781759 0.18562018410675685 0.3113408309445529
vn -0.9319935805781759 0.18562018410675685 0.3113408309445529
vn -0.9564838465469255 0.13250807669697715 0.2599620374302095
vn -0.9564838465469255 0.13250807669697715 0.2599620374302095
vn -0.9564838465469255 0.13250807669697715 0.2599620374302095
vn -0.9645173747196069 -0.03140184153515875 0.2621452998094725
vn -0.9645173747196069 -0.03140184153515875 0.2621452998094725
vn -0.9645173747196069 -0.03140184153515875 0.2621452998094725
vn -0.9482342917583808 -0.021676886688367723 0.31683093364913356
vn -0.9482546999563674 -0.021636801240000118 0.3167725885280484
vn -0.9482174737888577 -0.021709922343064788 0.3168790016289107
vn -0.3783317048978997 -0.020788875689440805 0.9254366232847162
vn -0.3783317048978997 -0.020788875689440805 0.9254366232847162
vn -0.3783317048978997 -0.020788875689440805 0.9254366232847162
vn 0.3700595909406717 -0.20896105915306468 0.9052022839732853
vn 0.3700595909406717 -0.20896105915306468 0.9052022839732853
vn 0.3700595909406717 -0.20896105915306468 0.9052022839732853
vn 0.3761675007936636 -0.10878722219695959 0.9201431147562419
vn 0.3761675007936636 -0.10878722219695959 0.9201431147562419
vn 0.3761675007936636 -0.10878722219695959 0.9201431147562419
vn -0.3754068656286819 -0.1258050068800327 0.9182825194256743
vn -0.3754068656286819 -0.1258050068800327 0.9182825194256743
vn -0.3754068656286819 -0.1258050068800327 0.9182825194256743
vn 0.9598743021150311 0.1028660950872984 0.26088290595719965
vn 0.9598743021150311 0.1028660950872984 0.26088290595719965
vn 0.9598743021150311 0.1028660950872984 0.26088290595719965
vn 0.9834544972828467 0.18104814964170954 0.006230512455340045
vn 0.9840250212226019 0.17803021543418487 5.618815975547618e-7
vn 0.9839728960739904 0.1783176044570699 0.0004144061485110927
vn 0.9999999999998257 -1.8552739788898585e-8 5.901491135772511e-7
vn 0.9999999999999909 -4.3803729532498495e-9 1.3509364293895365e-7
vn 0.9999999999999913 -3.4217944033798333e-9 1.3151914401987483e-7
vn 0.9648536528151187 -0.017015096760595223 0.26223637263268734
vn 0.9648536528151187 -0.017015096760595223 0.26223637263268734
vn 0.9648536528151187 -0.017015096760595223 0.26223637263268734
vn 0.9829646157246765 0.18379489719042458 0
vn 0.9834544972828467 0.18104814964170954 0.006230512455340045
vn 0.9829712882027599 0.18375451443832416 0.001313389714662927
vn 0.9847963734704661 0.1734832873018471 -0.008924787188662171
vn 0.9840040440220857 0.17802607356893102 -0.006538996697568099
vn 0.9845853454379832 0.17490029777815508 -0.001258326619019308
vn 0.9999999999999853 1.900811390340297e-14 1.714975610411759e-7
vn 0.9999999999999685 0 2.512234118512345e-7
vn 0.9999999999999887 -7.093333920238284e-8 1.332035139967032e-7
vn 0.9999999999999909 -4.3803729532498495e-9 1.3509364293895365e-7
vn 0.9999999999999853 1.900811390340297e-14 1.714975610411759e-7
vn 0.9999999999999787 -3.354426780788273e-8 2.044733804495947e-7
vn 0.9858130972126634 0.16781451555002141 -0.0032902484233932974
vn 0.9847963734704661 0.1734832873018471 -0.008924787188662171
vn 0.9855939513835803 0.16912141044086884 -0.001584779666674522
vn 0.9365940954888734 0.15913405451712773 -0.3121984192598018
vn 0.9365940954888734 0.15913405451712773 -0.3121984192598018
vn 0.9365940954888734 0.15913405451712773 -0.3121984192598018
vn 0.9486831997028041 -2.0553304780310607e-8 -0.3162280610598134
vn 0.9486831609597561 0 -0.3162281772888134
vn 0.9486831877818716 -2.9445261705243398e-8 -0.31622809682257125
vn 0.9999999999999685 0 2.512234118512345e-7
vn 1 0 0
vn 1 0 0
vn 0.26777225665673404 0.10262354785555346 -0.9580012661737453
vn 0.26777225665673404 0.10262354785555346 -0.9580012661737453
vn 0.26777225665673404 0.10262354785555346 -0.9580012661737453
vn 2.97116325407445e-7 0.16750659492025963 -0.9858709553781021
vn 5.540100823775956e-7 0.16750656595412777 -0.9858709602995457
vn 5.967521977187015e-7 0.16750640664049143 -0.9858709873680401
vn 5.437238996818248e-7 -3.369846979239121e-7 -0.9999999999997955
vn 2.766641955531423e-7 -3.172159779296354e-7 -0.9999999999999114
vn 2.6607608560879016e-7 -1.3016610012072646e-7 -0.9999999999999563
vn 0.25611127084117186 -0.01729560673093427 -0.9664925653805769
vn 0.25611127084117186 -0.01729560673093427 -0.9664925653805769
vn 0.25611127084117186 -0.01729560673093427 -0.9664925653805769
vn 1.7393967004221514e-7 0.16750663836943402 -0.9858709479958021
vn 2.97116325407445e-7 0.16750659492025963 -0.9858709553781021
vn 3.077189635593894e-7 0.1675064935388598 -0.9858709726035254
vn 1.6667653487148688e-7 0.1675065080219228 -0.9858709701427839
vn 1.7393967004221514e-7 0.16750663836943402 -0.9858709479958021
vn 1.6187629230975144e-7 0.1675065369880373 -0.9858709652212347
vn 3.264708322196835e-7 0.09054629691476035 -0.9958922472410945
vn 3.264708322196835e-7 0.09054629691476035 -0.9958922472410945
vn 3.264708322196835e-7 0.09054629691476035 -0.9958922472410945
vn 2.766641955531423e-7 -3.172159779296354e-7 -0.9999999999999114
vn 0 0 -1
vn 0 -1.196419106008753e-7 -0.9999999999999929
vn 0 0.167506667335549 -0.9858709430742635
vn 1.6667653487148688e-7 0.1675065080219228 -0.9858709701427839
vn 1.546131528819134e-7 0.16750655147109453 -0.9858709627604606
vn -0.332861536890987 0.15795460067620964 -0.9296523766353687
vn -0.332861536890987 0.15795460067620964 -0.9296523766353687
vn -0.332861536890987 0.15795460067620964 -0.9296523766353687
vn -0.3399905324325842 0.2799905289904586 -0.8977815667142265
vn -0.3399905324325842 0.2799905289904586 -0.8977815667142265
vn -0.3399905324325842 0.2799905289904586 -0.8977815667142265
vn 0 0.19563634589442466 -0.9806765114782128
vn 0 0.19563634589442466 -0.9806765114782128
vn 0 0.19563634589442466 -0.9806765114782128
vn -0.9530747903416553 0.19241396627600738 -0.23372058017458627
vn -0.9530747903416553 0.19241396627600738 -0.23372058017458627
vn -0.9530747903416553 0.19241396627600738 -0.23372058017458627
vn -0.8955045138649415 0.21230172627812657 0.3911516875418568
vn -0.8955045138649415 0.21230172627812657 0.3911516875418568
vn -0.8955045138649415 0.21230172627812657 0.3911516875418568
vn -0.8594920718101647 0.2969129206289218 0.4160722245705355
vn -0.8594920718101647 0.2969129206289218 0.4160722245705355
vn -0.8594920718101647 0.2969129206289218 0.4160722245705355
vn -0.9515701467912419 0.20793269433805814 -0.22644701446698334
vn -0.9515701467912419 0.20793269433805814 -0.22644701446698334
vn -0.9515701467912419 0.20793269433805814 -0.22644701446698334
vn -0.2578927938955411 0.317855246850652 0.9123921026106391
vn -0.2578927938955411 0.317855246850652 0.9123921026106391
vn -0.2578927938955411 0.317855246850652 0.9123921026106391
vn -0.4169447815264038 0.26602326529650355 0.8691309863759807
vn -0.4169447815264038 0.26602326529650355 0.8691309863759807
vn -0.4169447815264038 0.26602326529650355 0.8691309863759807
vn -0.41474511922631263 0.18679225311122397 0.8905588920759727
vn -0.41474511922631263 0.18679225311122397 0.8905588920759727
vn -0.41474511922631263 0.18679225311122397 0.8905588920759727
vn -0.2783995287265256 0.22551423445182978 0.9336150344036098
vn -0.2783995287265256 0.22551423445182978 0.9336150344036098
vn -0.2783995287265256 0.22551423445182978 0.9336150344036098
vn -0.9417825526256812 0.30661601430579666 0.1379573968335282
vn -0.9417825526256812 0.30661601430579666 0.1379573968335282
vn -0.9417825526256812 0.30661601430579666 0.1379573968335282
vn -0.966583626344594 0.17338479286853864 0.18882215676256886
vn -0.966583626344594 0.17338479286853864 0.18882215676256886
vn -0.966583626344594 0.17338479286853864 0.18882215676256886
vn -0.9649915606540158 -0.0389104705454634 0.2593786096586563
vn -0.9649915606540158 -0.0389104705454634 0.2593786096586563
vn -0.9649915606540158 -0.0389104705454634 0.2593786096586563
vn -0.9666831557478944 -0.024054294991059624 0.2548432209923885
vn -0.9666831557478944 -0.024054294991059624 0.2548432209923885
vn -0.9666831557478944 -0.024054294991059624 0.2548432209923885
vn -0.3865591729977085 -0.08894887957995189 0.9179651968309034
vn -0.3865591729977085 -0.08894887957995189 0.9179651968309034
vn -0.3865591729977085 -0.08894887957995189 0.9179651968309034
vn 0.040568023322003675 -0.29719835081659574 0.9539535501037988
vn 0.040568023322003675 -0.29719835081659574 0.9539535501037988
vn 0.040568023322003675 -0.29719835081659574 0.9539535501037988
vn 0.06580056226456528 -0.09291720794956318 0.9934971960063725
vn 0.06580056226456528 -0.09291720794956318 0.9934971960063725
vn 0.06580056226456528 -0.09291720794956318 0.9934971960063725
vn -0.3757245211713489 -0.15207522982532448 0.9141685887538115
vn -0.3757245211713489 -0.15207522982532448 0.9141685887538115
vn -0.3757245211713489 -0.15207522982532448 0.9141685887538115
vn 0.12869031667060485 -0.27497374882699877 0.9528002098295562
vn 0.12869031667060485 -0.27497374882699877 0.9528002098295562
vn 0.12869031667060485 -0.27497374882699877 0.9528002098295562
vn 0.4470851415564463 -0.17554284929427505 0.8770972490329106
vn 0.4470851415564463 -0.17554284929427505 0.8770972490329106
vn 0.4470851415564463 -0.17554284929427505 0.8770972490329106
vn 0.5411564687362894 0.12566044879289004 0.8314800827163804
vn 0.5411564687362894 0.12566044879289004 0.8314800827163804
vn 0.5411564687362894 0.12566044879289004 0.8314800827163804
vn 0.24416863137850248 0.0688736970750714 0.9672838742075464
vn 0.24416863137850248 0.0688736970750714 0.9672838742075464
vn 0.24416863137850248 0.0688736970750714 0.9672838742075464
vn 0.8777609291618264 -0.0754476644802589 0.473120916005033
vn 0.8777609291618264 -0.0754476644802589 0.473120916005033
vn 0.8777609291618264 -0.0754476644802589 0.473120916005033
vn 0.9632901007654663 -0.2188707751466402 0.15545985190384914
vn 0.9632901007654663 -0.2188707751466402 0.15545985190384914
vn 0.9632901007654663 -0.2188707751466402 0.15545985190384914
vn 0.8309965096305001 0.5148629523016988 0.21062037254051352
vn 0.8309965096305001 0.5148629523016988 0.21062037254051352
vn 0.8309965096305001 0.5148629523016988 0.21062037254051352
vn 0.885975968880311 0.07390847404737828 0.4578035823697564
vn 0.885975968880311 0.07390847404737828 0.4578035823697564
vn 0.885975968880311 0.07390847404737828 0.4578035823697564
vn 0.9391049782261347 -0.3395932115547944 -0.052519430088224794
vn 0.9391049782261347 -0.3395932115547944 -0.052519430088224794
vn 0.9391049782261347 -0.3395932115547944 -0.052519430088224794
vn 0.840278634905139 -0.2730816037264246 -0.4683569722211469
vn 0.840278634905139 -0.2730816037264246 -0.4683569722211469
vn 0.840278634905139 -0.2730816037264246 -0.4683569722211469
vn 0.8996337119700433 -0.11062880683595516 -0.4223984509737863
vn 0.8996337119700433 -0.11062880683595516 -0.4223984509737863
vn 0.8996337119700433 -0.11062880683595516 -0.4223984509737863
vn 0.8977079780266478 0.399418944141549 0.18597014074350166
vn 0.8977079780266478 0.399418944141549 0.18597014074350166
vn 0.8977079780266478 0.399418944141549 0.18597014074350166
vn -0.2475334361552762 0.20081935744402513 0.9478390072480297
vn -0.2475334361552762 0.20081935744402513 0.9478390072480297
vn -0.2475334361552762 0.20081935744402513 0.9478390072480297
vn 0.3890645522553111 0.28608453410212936 0.8756622713843173
vn 0.3892628584608891 0.2858465934983349 0.8756518440614713
vn 0.3888437639570222 0.28635894454039773 0.8756706470548417
vn 0.408120558648314 0.3906288324547633 0.8251343677629823
vn 0.408120558648314 0.3906288324547633 0.8251343677629823
vn 0.408120558648314 0.3906288324547633 0.8251343677629823
vn -0.21720255464920032 0.27798339153183776 0.9357073710761917
vn -0.21720255464920032 0.27798339153183776 0.9357073710761917
vn -0.21720255464920032 0.27798339153183776 0.9357073710761917
vn 0.9190507210924965 0.28312692203640805 0.2741986835809971
vn 0.9190507210924965 0.28312692203640805 0.2741986835809971
vn 0.9190507210924965 0.28312692203640805 0.2741986835809971
vn 0.9486832324853862 0 0.3162279627121528
vn 0.9486834083190383 0 0.31622743521107227
vn 0.948683086453825 0 0.3162284008061964
vn 0.9074222169564903 0.2579124024033812 0.3317621329511322
vn 0.9074222169564903 0.2579124024033812 0.3317621329511322
vn 0.9074222169564903 0.2579124024033812 0.3317621329511322
vn 0.9141089361167886 0.3021457607860759 0.27039377239580836
vn 0.9141089361167886 0.3021457607860759 0.27039377239580836
vn 0.9141089361167886 0.3021457607860759 0.27039377239580836
vn 0.31622737262615996 0 0.9486834291806491
vn 0.3162278107203194 0 0.9486832831493522
vn 0.3162276408470944 0 0.9486833397737524
vn 0.3162266931331236 0 0.9486836556777444
vn 0.31622737262615996 0 0.9486834291806491
vn 0.3162272474563972 0 0.9486834709038365
vn 0.31622737262615996 0 0.9486834291806491
vn 0.3162266931331236 0 0.9486836556777444
vn 0.3162268183028933 0 0.9486836139546361
vn 0.3162278107203194 0 0.9486832831493522
vn 0.31622737262615996 0 0.9486834291806491
vn 0.31622738156688324 0 0.9486834262004122
vn 0.9486833934178976 0 0.3162274799145429
vn 0.9486832593074876 0 0.31622788224589254
vn 0.9486831371178611 0 0.3162282488143865
vn 0.9486833934178976 0 -0.3162274799145429
vn 0.9486832920900493 0 -0.31622778389823075
vn 0.9486834440817837 0 -0.3162273279226911
vn 0.9486832920900493 0 -0.31622778389823075
vn 0.9486833934178976 0 -0.3162274799145429
vn 0.9486830804933364 0 -0.31622841868762164
vn 0.9486832593074876 0 0.31622788224589254
vn 0.9486833934178976 0 0.3162274799145429
vn 0.9486834291806491 0 0.31622737262615996
vn 0.31622804317840625 0 -0.9486832056632795
vn 0.3162282488143865 0 -0.9486831371178611
vn 0.316228114703981 0 -0.9486831818213949
vn -0.4538870491907077 0 -0.8910592273114912
vn -0.4538870491907077 0 -0.8910592273114912
vn -0.4538870491907077 0 -0.8910592273114912
vn -0.4289674535512785 -0.3267886170432642 -0.8421378293157732
vn -0.4289674535512785 -0.3267886170432642 -0.8421378293157732
vn -0.4289674535512785 -0.3267886170432642 -0.8421378293157732
vn 0.3162282488143865 0 -0.9486831371178611
vn 0.31622804317840625 0 -0.9486832056632795
vn 0.3162276855505711 0 -0.948683324872599
vn 0 0.30552939462529255 -0.952182644779825
vn 0 0.3055294660061179 -0.9521826218756654
vn 0 0.3055296281280654 -0.9521825698551334
vn 0.32684513318012176 0 -0.9450779115588664
vn 0.32684502670569676 0 -0.9450779483819058
vn 0.32684502670569676 0 -0.9450779483819058
vn 0.32684502670569676 0 -0.9450779483819058
vn 0.32684513318012176 0 -0.9450779115588664
vn 0.32684530309619486 0 -0.9450778527951846
vn -0.0045831863680210125 -0.3614095369053547 -0.932395914317825
vn 0 -0.3584045162402606 -0.9335663890364653
vn -0.0005187114147704945 -0.35874432286353264 -0.9334357191320963
vn -0.9486828569752417 0 -0.31622908923957843
vn -0.9486829255208408 0 -0.3162288836036629
vn -0.9486829791651769 0 -0.31622872267124125
vn -1 0 0
vn -1 0 0
vn -1 0 0
vn -0.9922820475602138 0.1240013632574646 0
vn -0.9922820475602138 0.1240013632574646 0
vn -0.9922820475602138 0.1240013632574646 0
vn -0.9486829255208408 0 -0.3162288836036629
vn -0.9486828569752417 0 -0.31622908923957843
vn -0.9486830447304704 -1.3832279828933846e-7 -0.31622852597592366
vn -1 0 0
vn -1 0 0
vn -1 0 0
vn -0.9486832295051567 0 0.31622797165283506
vn -0.9486832295051567 0 0.31622797165283506
vn -0.9486832295051567 0 0.31622797165283506
vn -0.868488881047886 0.3686809426170374 0.3313629823127559
vn -0.868488881047886 0.3686809426170374 0.3313629823127559
vn -0.868488881047886 0.3686809426170374 0.3313629823127559
vn -0.9654826483894369 0.2604673792606648 0
vn -0.9654826483894369 0.2604673792606648 0
vn -0.9654826483894369 0.2604673792606648 0
vn -0.035414144571966705 0.251189233115128 0.9672899294065197
vn -0.035628007530853247 0.2513776574459138 0.9672331251649657
vn -0.030615997154168278 0.246887613839773 0.9685603578769675
vn 0.28045400238466917 0.23270044607958798 0.9312336199583758
vn 0.28045400238466917 0.23270044607958798 0.9312336199583758
vn 0.28045400238466917 0.23270044607958798 0.9312336199583758
vn 0.3162275335587298 0 0.9486833755365183
vn 0.31622761402500443 0 0.9486833487144448
vn 0.3162276766098151 5.8268563344094e-7 0.9486833278526712
vn 0 0 1
vn 0 0 1
vn 0 0 1
vn 0.9416801715104107 0.10846974512249535 0.31854790687930223
vn 0.9416801715104107 0.10846974512249535 0.31854790687930223
vn 0.9416801715104107 0.10846974512249535 0.31854790687930223
vn 0.9486834530224686 0 -0.3162273011005939
vn 0.9486835394490435 0 -0.31622704182032735
vn 0.948683557330399 0 -0.31622698817611944
vn 0.9486835394490435 0 -0.31622704182032735
vn 0.9486834530224686 0 -0.3162273011005939
vn 0.9486834351410932 -1.0272754030292126e-7 -0.31622735474478586
vn 0.9486833278528322 0 0.3162276766098687
vn 0.9486832980505138 0 0.31622776601683794
vn 0.948683137117854 1.2176399496275372e-7 0.3162282488143841
vn 0.31622776601683794 0 -0.9486832980505138
vn 0.316227819661012 0 -0.9486832801691206
vn 0.3162276408470944 0 -0.9486833397737524
vn 0 0 -1
vn 0 0 -1
vn 0 0 -1
vn 0 0.11097297403297736 -0.9938234244745271
vn 0 0.11097297403297736 -0.9938234244745271
vn 0 0.11097297403297736 -0.9938234244745271
vn 0.316227819661012 0 -0.9486832801691206
vn 0.31622776601683794 0 -0.9486832980505138
vn 0.31622768555054803 -3.8186803987938685e-7 -0.9486833248725297
vn 0 -0.25780193354163483 -0.9661977867197764
vn 0 -0.25780165345364436 -0.966197861453112
vn 0 -0.25780218580802855 -0.9661977194097503
vn -0.26987046556128336 -0.2482364079539519 -0.9303486537765587
vn -0.26987046556128336 -0.2482364079539519 -0.9303486537765587
vn -0.26987046556128336 -0.2482364079539519 -0.9303486537765587
vn -0.3175388660621821 0.31337884956479023 -0.8949652312718032
vn -0.3175388660621821 0.31337884956479023 -0.8949652312718032
vn -0.3175388660621821 0.31337884956479023 -0.8949652312718032
vn 0 0.23529846695469422 -0.9719231612883658
vn 0 0.23529846695469422 -0.9719231612883658
vn 0 0.23529846695469422 -0.9719231612883658
vn -0.9037283521133236 0.010239340208749637 -0.42798390331719993
vn -0.9037283521133236 0.010239340208749637 -0.42798390331719993
vn -0.9037283521133236 0.010239340208749637 -0.42798390331719993
vn -0.969383695682512 0.04384937042822356 0.2416039802196221
vn -0.969383695682512 0.04384937042822356 0.2416039802196221
vn -0.969383695682512 0.04384937042822356 0.2416039802196221
vn -0.8771952093133197 0.37037118013101694 0.30553846514983857
vn -0.8771952093133197 0.37037118013101694 0.30553846514983857
vn -0.8771952093133197 0.37037118013101694 0.30553846514983857
vn -0.8990708380433209 0.27955615997131333 -0.3369272645574622
vn -0.8990708380433209 0.27955615997131333 -0.3369272645574622
vn -0.8990708380433209 0.27955615997131333 -0.3369272645574622
vn -0.30022533327140377 0.19615068116438125 0.933482543779381
vn -0.30022533327140377 0.19615068116438125 0.933482543779381
vn -0.30022533327140377 0.19615068116438125 0.933482543779381
vn -0.038687806200686466 0.23421054851000042 0.9714158083014826
vn -0.038687806200686466 0.23421054851000042 0.9714158083014826
vn -0.038687806200686466 0.23421054851000042 0.9714158083014826
vn -0.020391275695531313 0.12344217796844352 0.9921422400915687
vn -0.020391275695531313 0.12344217796844352 0.9921422400915687
vn -0.020391275695531313 0.12344217796844352 0.9921422400915687
vn -0.3006729566880837 0.23547012912301904 0.9242021377421902
vn -0.3006729566880837 0.23547012912301904 0.9242021377421902
vn -0.3006729566880837 0.23547012912301904 0.9242021377421902
vn 0.42562993519785564 0.2570460505971694 -0.8676211651036797
vn 0.42562993519785564 0.2570460505971694 -0.8676211651036797
vn 0.42562993519785564 0.2570460505971694 -0.8676211651036797
vn 0.328795339052873 0.15219600397057212 -0.932056865964999
vn 0.328795339052873 0.15219600397057212 -0.932056865964999
vn 0.328795339052873 0.15219600397057212 -0.932056865964999
vn 0.3025482933013053 0.08926039918041763 -0.9489452625724097
vn 0.3025482933013053 0.08926039918041763 -0.9489452625724097
vn 0.3025482933013053 0.08926039918041763 -0.9489452625724097
vn 0.3699209625203491 0.1639042914964416 -0.9144910413541885
vn 0.3699209625203491 0.1639042914964416 -0.9144910413541885
vn 0.3699209625203491 0.1639042914964416 -0.9144910413541885
vn 0.8521627573368465 0.2159954852178666 -0.47661786094686065
vn 0.8521627573368465 0.2159954852178666 -0.47661786094686065
vn 0.8521627573368465 0.2159954852178666 -0.47661786094686065
vn 0.8886406658335453 0.15494328110657668 -0.431636822649368
vn 0.8879497706062939 0.15319808390637984 -0.43367678283215
vn 0.8881171180875188 0.15361981267883212 -0.4331846462104132
vn 0.9486833934178976 0 -0.3162274799145429
vn 0.9486834381213356 0 -0.31622734580406237
vn 0.9486832980505138 0 -0.31622776601683794
vn 0.9260860758042518 0 -0.3773123112243775
vn 0.9260860758042518 0 -0.3773123112243775
vn 0.9260860758042518 0 -0.3773123112243775
vn 0.28971792509951944 0.09284299055189951 -0.9525983954329384
vn 0.28971792509951944 0.09284299055189951 -0.9525983954329384
vn 0.28971792509951944 0.09284299055189951 -0.9525983954329384
vn 0.03126540252938967 -0.444121428225103 -0.8954209242562795
vn 0.03126540252938967 -0.444121428225103 -0.8954209242562795
vn 0.03126540252938967 -0.444121428225103 -0.8954209242562795
vn -0.005948444986557115 0.08449712703931851 -0.9964059672263826
vn -0.005948444986557115 0.08449712703931851 -0.9964059672263826
vn -0.005948444986557115 0.08449712703931851 -0.9964059672263826
vn 0.31622847233177565 0 -0.948683062611909
vn 0.316228445509699 0 -0.948683071552623
vn 0.31622854385735855 0 -0.948683038769986
vn 0.09180921357402383 -0.4347098787291607 -0.8958785574162369
vn 0.09180921357402383 -0.4347098787291607 -0.8958785574162369
vn 0.09180921357402383 -0.4347098787291607 -0.8958785574162369
vn -0.19721648284345492 -0.4064446419201691 -0.8921369916942367
vn -0.19721648284345492 -0.4064446419201691 -0.8921369916942367
vn -0.19721648284345492 -0.4064446419201691 -0.8921369916942367
vn -0.30853173001846285 0.18593375303532558 -0.9328648407213197
vn -0.30853173001846285 0.18593375303532558 -0.9328648407213197
vn -0.30853173001846285 0.18593375303532558 -0.9328648407213197
vn -0.039059934166061926 0.18494582598126966 -0.9819721803569837
vn -0.039059934166061926 0.18494582598126966 -0.9819721803569837
vn -0.039059934166061926 0.18494582598126966 -0.9819721803569837
vn -0.8075842534913494 0.10034089879897778 -0.5811534887970934
vn -0.8075842534913494 0.10034089879897778 -0.5811534887970934
vn -0.8075842534913494 0.10034089879897778 -0.5811534887970934
vn -0.9656305506233008 -0.01640174469458377 -0.2594005059245542
vn -0.9656305506233008 -0.01640174469458377 -0.2594005059245542
vn -0.9656305506233008 -0.01640174469458377 -0.2594005059245542
vn -0.963514446739712 -0.12742607289264182 -0.23537737119575874
vn -0.963514446739712 -0.12742607289264182 -0.23537737119575874
vn -0.963514446739712 -0.12742607289264182 -0.23537737119575874
vn -0.8161272484386595 0.04274587434296601 -0.5762890807421203
vn -0.8161272484386595 0.04274587434296601 -0.5762890807421203
vn -0.8161272484386595 0.04274587434296601 -0.5762890807421203
vn -0.9784092470198463 -0.19249897026059928 -0.07522959387545669
vn -0.9783981664741042 -0.19255723813707581 -0.07522458295751872
vn -0.9783837484945456 -0.19263302985472225 -0.07521805960506608
vn -0.8844205195801796 -0.23738010374588056 0.40180969486949936
vn -0.8844205195801796 -0.23738010374588056 0.40180969486949936
vn -0.8844205195801796 -0.23738010374588056 0.40180969486949936
vn -0.8997366243427366 -0.15291343315034714 0.4087682580368876
vn -0.8997366243427366 -0.15291343315034714 0.4087682580368876
vn -0.8997366243427366 -0.15291343315034714 0.4087682580368876
vn -0.9783981664741042 -0.19255723813707581 -0.07522458295751872
vn -0.9784092470198463 -0.19249897026059928 -0.07522959387545669
vn -0.9784217316072819 -0.1924332944721059 -0.07523524637575155
vn -0.23526741667038703 0.1387131369212451 0.9619812411365984
vn -0.23526741667038703 0.1387131369212451 0.9619812411365984
vn -0.23526741667038703 0.1387131369212451 0.9619812411365984
vn -0.2926628277980058 0.18494129094796605 0.9381605343051767
vn -0.2926628277980058 0.18494129094796605 0.9381605343051767
vn -0.2926628277980058 0.18494129094796605 0.9381605343051767
vn -0.29775208206985176 0.017972804589179214 0.9544740310339865
vn -0.29775208206985176 0.017972804589179214 0.9544740310339865
vn -0.29775208206985176 0.017972804589179214 0.9544740310339865
vn -0.23750530530791117 -0.02223640712845496 0.9711316966038198
vn -0.2262575359938368 -0.021183482203211233 0.9738371462866592
vn -0.23490686880335532 -0.021993011391313606 0.971769041716675
vn -0.906936072938933 0.2704038988016946 0.32303048016394603
vn -0.906936072938933 0.2704038988016946 0.32303048016394603
vn -0.906936072938933 0.2704038988016946 0.32303048016394603
vn -0.9423617693261405 0.22810345821953812 0.24479196894668268
vn -0.9422389673137236 0.22705828681367288 0.24623213207217193
vn -0.9422735436689388 0.2273489651252631 0.24583127742021044
vn -0.9664133257073575 0.04758312585646353 0.2525492625785569
vn -0.9664133257073575 0.04758312585646353 0.2525492625785569
vn -0.9664133257073575 0.04758312585646353 0.2525492625785569
vn -0.941445025007069 0.03522261501343451 0.3353216847760587
vn -0.941445025007069 0.03522261501343451 0.3353216847760587
vn -0.941445025007069 0.03522261501343451 0.3353216847760587
vn 0.42939209907918546 0.2464996872602721 0.8688269847495295
vn 0.42939209907918546 0.2464996872602721 0.8688269847495295
vn 0.42939209907918546 0.2464996872602721 0.8688269847495295
vn 0.05876054036119855 0.5185785707706887 0.8530084787584997
vn 0.05876054036119855 0.5185785707706887 0.8530084787584997
vn 0.05876054036119855 0.5185785707706887 0.8530084787584997
vn 0.06858877790114912 -0.06249469475342658 0.9956856897001699
vn 0.05851206925467896 -0.06253434714423628 0.9963261479951131
vn 0.0668132202108624 -0.06250224740634569 0.9958059362517432
vn 0.4393613531215321 -0.12901134479857165 0.8889981295236118
vn 0.4393613531215321 -0.12901134479857165 0.8889981295236118
vn 0.4393613531215321 -0.12901134479857165 0.8889981295236118
vn -0.43083747685496737 0.13550364802613588 0.8921983131058108
vn -0.43083747685496737 0.13550364802613588 0.8921983131058108
vn -0.43083747685496737 0.13550364802613588 0.8921983131058108
vn 0.4720414237063052 -0.28943446009836354 0.8327091854980905
vn 0.4720414237063052 -0.28943446009836354 0.8327091854980905
vn 0.4720414237063052 -0.28943446009836354 0.8327091854980905
vn 0.46638045350196095 0.3249877320193466 0.822722460267268
vn 0.46638045350196095 0.3249877320193466 0.822722460267268
vn 0.46638045350196095 0.3249877320193466 0.822722460267268
vn -0.4152157553574408 0.29708039394834274 0.859848309898
vn -0.4152157553574408 0.29708039394834274 0.859848309898
vn -0.4152157553574408 0.29708039394834274 0.859848309898
vn 0.8909519886197087 0.025431007076574343 0.45338484519628314
vn 0.8909519886197087 0.025431007076574343 0.45338484519628314
vn 0.8909519886197087 0.025431007076574343 0.45338484519628314
vn 0.8682301899376234 0.06078561159343295 -0.4924240517116225
vn 0.8682301899376234 0.06078561159343295 -0.4924240517116225
vn 0.8682301899376234 0.06078561159343295 -0.4924240517116225
vn 0.829362449483018 0.30149671342759526 -0.4703803346015721
vn 0.829362449483018 0.30149671342759526 -0.4703803346015721
vn 0.829362449483018 0.30149671342759526 -0.4703803346015721
vn 0.858011434488269 0.27051432355244853 0.43662155127792784
vn 0.858011434488269 0.27051432355244853 0.43662155127792784
vn 0.858011434488269 0.27051432355244853 0.43662155127792784
vn 0.7133373932848384 0.4171635642040732 0.563137926304157
vn 0.7133373932848384 0.4171635642040732 0.563137926304157
vn 0.7133373932848384 0.4171635642040732 0.563137926304157
vn 0.9312186281051441 0.13039116617283775 -0.3403380825797503
vn 0.9312186281051441 0.13039116617283775 -0.3403380825797503
vn 0.9312186281051441 0.13039116617283775 -0.3403380825797503
vn 0.9047762641033157 0.3294135074849316 -0.26993823923579663
vn 0.9047762641033157 0.3294135074849316 -0.26993823923579663
vn 0.9047762641033157 0.3294135074849316 -0.26993823923579663
vn 0.75259232291057 0.28393354925166925 0.5941266995392668
vn 0.75259232291057 0.28393354925166925 0.5941266995392668
vn 0.75259232291057 0.28393354925166925 0.5941266995392668
vn -0.934028318960661 0.1750910154459211 -0.31134263390939265
vn -0.934028318960661 0.1750910154459211 -0.31134263390939265
vn -0.934028318960661 0.1750910154459211 -0.31134263390939265
vn -0.8957480645866301 0.25090227442944935 -0.36699244334922676
vn -0.8957480645866301 0.25090227442944935 -0.36699244334922676
vn -0.8957480645866301 0.25090227442944935 -0.36699244334922676
vn -0.8908853366164369 0.27036466694668937 -0.36500173132277586
vn -0.8908853366164369 0.27036466694668937 -0.36500173132277586
vn -0.8908853366164369 0.27036466694668937 -0.36500173132277586
vn -0.9272605411685311 0.21131361320723305 -0.3090864695601326
vn -0.9272605411685311 0.21131361320723305 -0.3090864695601326
vn -0.9272605411685311 0.21131361320723305 -0.3090864695601326
vn -0.24908861231597565 0.30715083722880954 -0.9184842004107325
vn -0.2498810159358335 0.2976048311071166 -0.9214069906271497
vn -0.2489761540041107 0.308504578835169 -0.918060890995285
vn -0.2752276646411128 0.24084405490759306 -0.9307222323721872
vn -0.2752276646411128 0.24084405490759306 -0.9307222323721872
vn -0.2752276646411128 0.24084405490759306 -0.9307222323721872
vn -0.27340927651996166 0.4454381752844524 -0.8525445440046453
vn -0.27340927651996166 0.4454381752844524 -0.8525445440046453
vn -0.27340927651996166 0.4454381752844524 -0.8525445440046453
vn -0.2498810159358335 0.2976048311071166 -0.9214069906271497
vn -0.24908861231597565 0.30715083722880954 -0.9184842004107325
vn -0.24997982707000505 0.296414748910772 -0.9217637347423765
vn -0.9217144592764238 0.26182880275695536 -0.28616102740874616
vn -0.9217144592764238 0.26182880275695536 -0.28616102740874616
vn -0.9217144592764238 0.26182880275695536 -0.28616102740874616
vn -0.8955550913467709 0.15848650257038727 0.41576809265007764
vn -0.894117770208697 0.1545527768296267 0.42031756110264934
vn -0.8942662198128059 0.1549594204892911 0.41985176682174113
vn -0.6485304123380948 0.595734943497362 0.4738229430586659
vn -0.6485304123380948 0.595734943497362 0.4738229430586659
vn -0.6485304123380948 0.595734943497362 0.4738229430586659
vn -0.8065360050843526 0.5762051415803829 -0.1322395830260517
vn -0.8080520418250746 0.5745065657830632 -0.1303614343833282
vn -0.8071607842855091 0.5755066968202931 -0.1314667647224844
vn -0.2574325823150789 0.045712858850615 0.9652143803830803
vn -0.2574325823150789 0.045712858850615 0.9652143803830803
vn -0.2574325823150789 0.045712858850615 0.9652143803830803
vn -0.3152152914972974 0.033902902880867336 0.9484144205897149
vn -0.31526819074035284 0.033961203682397384 0.9483947514362081
vn -0.3152121979193113 0.03389949114582101 0.9484155707193611
vn -0.2935695941842589 0.3620833451121462 0.8847104297807775
vn -0.2926545187371088 0.36093228905760616 0.885483605369624
vn -0.2943799560352665 0.36310363613353464 0.8840227321236033
vn -0.21348541559310702 0.3535814565675567 0.9107162735455007
vn -0.21348541559310702 0.3535814565675567 0.9107162735455007
vn -0.21348541559310702 0.3535814565675567 0.9107162735455007
vn -0.9477869670737089 0.03414408046368321 0.31707104379698536
vn -0.9477665864326108 0.034080057775066876 0.3171388454666578
vn -0.9477880965332097 0.03414760820440114 0.317067287691231
vn -0.9644942781454113 0.0283361167555203 0.2625792297802309
vn -0.9644942781454113 0.0283361167555203 0.2625792297802309
vn -0.9644942781454113 0.0283361167555203 0.2625792297802309
vn -0.8020218956723479 0.5526555604266977 0.2265672315044388
vn -0.8020218956723479 0.5526555604266977 0.2265672315044388
vn -0.8020218956723479 0.5526555604266977 0.2265672315044388
vn -0.8626229376732496 0.411240618886283 0.2945552932439004
vn -0.8626229376732496 0.411240618886283 0.2945552932439004
vn -0.8626229376732496 0.411240618886283 0.2945552932439004
vn -0.37169503932740333 0.1739910392557279 0.9119045542150296
vn -0.37169503932740333 0.1739910392557279 0.9119045542150296
vn -0.37169503932740333 0.1739910392557279 0.9119045542150296
vn 0.3495756595801392 0.20026683292163333 0.9152540925123739
vn 0.3495756595801392 0.20026683292163333 0.9152540925123739
vn 0.3495756595801392 0.20026683292163333 0.9152540925123739
vn 0.22637874226220997 0.6298975442578011 0.742954742087142
vn 0.22637874226220997 0.6298975442578011 0.742954742087142
vn 0.22637874226220997 0.6298975442578011 0.742954742087142
vn -0.2843872597959705 0.6489106992681333 0.7057186343303409
vn -0.2843872597959705 0.6489106992681333 0.7057186343303409
vn -0.2843872597959705 0.6489106992681333 0.7057186343303409
vn 0.9599486330719962 0.04949513009549988 0.2757695667763856
vn 0.9599486330719962 0.04949513009549988 0.2757695667763856
vn 0.9599486330719962 0.04949513009549988 0.2757695667763856
vn 0.9999999999999944 1.0369339165094913e-8 1.0636642855388286e-7
vn 0.9999999999998102 4.998952007894292e-8 6.14295231571188e-7
vn 0.999999999999843 -5.162395400048225e-9 5.604470629804412e-7
vn 0.990983773014733 0.13039408477012274 0.03079844603946795
vn 0.990983773014733 0.13039408477012274 0.03079844603946795
vn 0.990983773014733 0.13039408477012274 0.03079844603946795
vn 0.8606307008830653 0.37352727076756537 0.34611006152733764
vn 0.8597921005781319 0.3736838384022833 0.34802001767194335
vn 0.8603742883437513 0.373575519669499 0.34669498851389163
vn 0.999999999999966 0 2.61234077925101e-7
vn 0.9999999999999944 1.0369339165094913e-8 1.0636642855388286e-7
vn 0.9999999999999913 -3.4217944033798333e-9 1.3151914401987483e-7
vn 0.99999999999999 -1.4186673524818473e-7 1.8093824846070882e-14
vn 0.999999999999966 0 2.61234077925101e-7
vn 0.9999999999999787 -3.354426780788273e-8 2.044733804495947e-7
vn 0.9927567194702244 0.12014198244076284 0.0000013861783759209181
vn 0.9927567194702244 0.12014198244076284 0.0000013861783759209181
vn 0.9927567194702244 0.12014198244076284 0.0000013861783759209181
vn 0.9999999999999944 1.0369339165094913e-8 1.0636642855388286e-7
vn 0.999999999999966 0 2.61234077925101e-7
vn 1 0 0
vn 0.9999999999999214 -1.3417724176177982e-7 -3.73362780692303e-7
vn 0.99999999999999 -1.4186673524818473e-7 1.8093824846070882e-14
vn 0.9999999999999887 -7.093333920238284e-8 1.332035139967032e-7
vn 0.9486832682481869 0 -0.31622785542380427
vn 0.9486833397737524 0 -0.3162276408470944
vn 0.948683250366787 -3.972191416470456e-8 -0.3162279090679798
vn 0.9080029010769046 0.2896953294957877 -0.3026670575141141
vn 0.9080029010769046 0.2896953294957877 -0.3026670575141141
vn 0.9080029010769046 0.2896953294957877 -0.3026670575141141
vn 0.9750024932532858 0.22219392014606598 0
vn 0.9750024932532858 0.22219392014606598 0
vn 0.9750024932532858 0.22219392014606598 0
vn 0.3162279358900668 0 -0.9486832414260873
vn 0.31622788224589254 0 -0.9486832593074876
vn 0.3162280878818976 0 -0.9486831907620998
vn -0.3162279180086662 0 -0.9486832473865576
vn -0.3162279180086662 0 -0.9486832473865576
vn -0.3162279180086662 0 -0.9486832473865576
vn -0.3026676960773817 0.2896951032468179 -0.9080027604066109
vn -0.3026676960773817 0.2896951032468179 -0.9080027604066109
vn -0.3026676960773817 0.2896951032468179 -0.9080027604066109
vn 0.30908696430820864 0.21131369995823476 -0.9272603564828474
vn 0.30908696430820864 0.21131369995823476 -0.9272603564828474
vn 0.30908696430820864 0.21131369995823476 -0.9272603564828474
vn 0.4634323437144238 0.48599747022602335 0.7409702569828708
vn 0.4634323437144238 0.48599747022602335 0.7409702569828708
vn 0.4634323437144238 0.48599747022602335 0.7409702569828708
vn 0.29192854494021026 0.3262750343206938 0.8990674761263039
vn 0.29192854494021026 0.3262750343206938 0.8990674761263039
vn 0.29192854494021026 0.3262750343206938 0.8990674761263039
vn 0.2902518161717222 0.2988845355365592 0.909077509141059
vn 0.2902518161717222 0.2988845355365592 0.909077509141059
vn 0.2902518161717222 0.2988845355365592 0.909077509141059
vn 0.41313797886268744 0.2572088096551587 0.8735906585220735
vn 0.41313797886268744 0.2572088096551587 0.8735906585220735
vn 0.41313797886268744 0.2572088096551587 0.8735906585220735
vn 0.9324592577208554 -0.2778368006170688 0.23092519332793185
vn 0.9324592577208554 -0.2778368006170688 0.23092519332793185
vn 0.9324592577208554 -0.2778368006170688 0.23092519332793185
vn 0.7650756315676831 -0.33024138539329817 -0.5528109128398476
vn 0.7650756315676831 -0.33024138539329817 -0.5528109128398476
vn 0.7650756315676831 -0.33024138539329817 -0.5528109128398476
vn 0.8587581589875968 0.5123394060983454 0.006538909009026423
vn 0.8587581589875968 0.5123394060983454 0.006538909009026423
vn 0.8587581589875968 0.5123394060983454 0.006538909009026423
vn 0.7541026894091051 0.3855883978935543 0.5316490583419076
vn 0.7541026894091051 0.3855883978935543 0.5316490583419076
vn 0.7541026894091051 0.3855883978935543 0.5316490583419076
vn 0.2642378481266929 0.036074198403217884 -0.9637826579820473
vn 0.2642378481266929 0.036074198403217884 -0.9637826579820473
vn 0.2642378481266929 0.036074198403217884 -0.9637826579820473
vn 2.081551144783543e-7 -3.0662089756105395e-8 -0.999999999999978
vn 5.593381047218862e-7 0 -0.9999999999998437
vn 5.26962253388701e-7 4.595269498252536e-9 -0.9999999999998612
vn 5.203924445593798e-7 0.12227725583033545 -0.9924959812041214
vn 5.203924445593798e-7 0.12227725583033545 -0.9924959812041214
vn 5.203924445593798e-7 0.12227725583033545 -0.9924959812041214
vn 0.2983160007904634 0.2944408942316686 -0.9079163637012164
vn 0.2983160007904634 0.2944408942316686 -0.9079163637012164
vn 0.2983160007904634 0.2944408942316686 -0.9079163637012164
vn 0 -3.689382310767539e-8 -0.9999999999999993
vn 2.081551144783543e-7 -3.0662089756105395e-8 -0.999999999999978
vn 2.6607608560879016e-7 -1.3016610012072646e-7 -0.9999999999999563
vn -0.3162276587284807 0 -0.9486833338132928
vn -0.3162276408470944 0 -0.9486833397737524
vn -0.3162279180086662 0 -0.9486832473865576
vn -0.3162276408470944 0 -0.9486833397737524
vn -0.3162276587284807 0 -0.9486833338132928
vn -0.31622742627035294 0 -0.9486834112992746
vn 2.081551144783543e-7 -3.0662089756105395e-8 -0.999999999999978
vn 0 -3.689382310767539e-8 -0.9999999999999993
vn 0 0 -1
vn -0.954890235662759 0.16762681477149588 -0.2451242313715297
vn -0.9548851279869465 0.1676361610155901 -0.24513773652644322
vn -0.9548964203449213 0.1676155127609653 -0.24510786665126452
vn -0.9843387472437609 0.17277315028480464 0.03502383781437303
vn -0.9843387472437609 0.17277315028480464 0.03502383781437303
vn -0.9843387472437609 0.17277315028480464 0.03502383781437303
vn -0.9999999999999474 0 3.2439302799501207e-7
vn -0.9999999999999989 -1.4153233252045524e-8 4.361889693882399e-8
vn -0.9999999999999687 3.687894789550113e-8 -2.4783429353191554e-7
vn -0.9486832414260873 0 -0.3162279358900668
vn -0.9486831907620998 0 -0.3162280878818976
vn -0.9486832593074876 0 -0.31622788224589254
vn -0.9970937435929238 0.07501170384482644 -0.013315809181001786
vn -0.9970937435929238 0.07501170384482644 -0.013315809181001786
vn -0.9970937435929238 0.07501170384482644 -0.013315809181001786
vn -0.970330857553807 0.020387045273494286 0.24091989387327545
vn -0.970330857553807 0.020387045273494286 0.24091989387327545
vn -0.970330857553807 0.020387045273494286 0.24091989387327545
vn -0.9719003925972808 0.06976898681339926 0.22481529162466535
vn -0.9719003925972808 0.06976898681339926 0.22481529162466535
vn -0.9719003925972808 0.06976898681339926 0.22481529162466535
vn -0.9999999999999989 -1.4153233252045524e-8 4.361889693882399e-8
vn -0.9999999999999993 -3.7983113543305054e-8 0
vn -0.9999999999998492 1.377916731825982e-7 -5.316735496307155e-7
vn 0.2967501195339686 0.1534905835507665 0.9425391277383769
vn 0.2967501195339686 0.1534905835507665 0.9425391277383769
vn 0.2967501195339686 0.1534905835507665 0.9425391277383769
vn 0.3909315180517949 0.44852909579546096 0.80373764277818
vn 0.3909315180517949 0.44852909579546096 0.80373764277818
vn 0.3909315180517949 0.44852909579546096 0.80373764277818
vn 0.3844224473320186 -0.13903541720982926 0.9126272704387867
vn 0.3844224473320186 -0.13903541720982926 0.9126272704387867
vn 0.3844224473320186 -0.13903541720982926 0.9126272704387867
vn 0.3316565495068616 -0.09580974399456309 0.9385224696963302
vn 0.32725763363367505 -0.09596546622917126 0.9400495042921437
vn 0.33070905309324683 -0.09584329533306414 0.9388533351604322
vn 0.8628283405159259 0.3607548633669847 0.35409487903611553
vn 0.8628283405159259 0.3607548633669847 0.35409487903611553
vn 0.8628283405159259 0.3607548633669847 0.35409487903611553
vn 0.934606374781888 0.29132050321679165 0.20406687291810102
vn 0.934606374781888 0.29132050321679165 0.20406687291810102
vn 0.934606374781888 0.29132050321679165 0.20406687291810102
vn 0.9521743075010668 0.1833951659510027 0.2443978339524878
vn 0.9521743075010668 0.1833951659510027 0.2443978339524878
vn 0.9521743075010668 0.1833951659510027 0.2443978339524878
vn 0.8655793697011717 0.10015655343874151 0.4906536655839789
vn 0.8655793697011717 0.10015655343874151 0.4906536655839789
vn 0.8655793697011717 0.10015655343874151 0.4906536655839789
vn -0.22595545854172422 0.24968388746295042 0.9415955007839554
vn -0.22832557240333412 0.25035868091883384 0.9408442824799818
vn -0.22771635961722095 0.2513928581147383 0.9407161582813297
vn 0.05794366335742567 0.25534147863143664 0.9651130820619067
vn 0.05794366335742567 0.25534147863143664 0.9651130820619067
vn 0.05794366335742567 0.25534147863143664 0.9651130820619067
vn 0.05343762665768821 0.23548358001029188 0.9704081118801151
vn 0.059311162137953795 0.23540524934640028 0.9700858491009982
vn 0.05403975107440512 0.23547570634246534 0.9703766779072616
vn -0.22832557240333412 0.25035868091883384 0.9408442824799818
vn -0.22595545854172422 0.24968388746295042 0.9415955007839554
vn -0.22887142778308903 0.24898195979677806 0.9410769645678753
vn -0.00006302966580658022 0.11234770560429891 0.9936689534612173
vn -0.00006302966580658022 0.11234770560429891 0.9936689534612173
vn -0.00006302966580658022 0.11234770560429891 0.9936689534612173
vn 0.3162269702947661 0 0.9486835632908337
vn 0.3162271938121975 0 0.9486834887852021
vn 0.31622738156688324 0 0.9486834262004122
vn 0.22534734816844734 0.48785100886689753 0.8433385831449899
vn 0.22534734816844734 0.48785100886689753 0.8433385831449899
vn 0.22534734816844734 0.48785100886689753 0.8433385831449899
vn -0.00017226005859146171 0.3069504224468693 0.9517254900895324
vn -0.00017226005859146171 0.3069504224468693 0.9517254900895324
vn -0.00017226005859146171 0.3069504224468693 0.9517254900895324
vn 0.9486835275281241 0 0.31622707758317425
vn 0.9486834470620213 0 0.316227318981964
vn 0.9486832414260873 0 0.3162279358900668
vn 0.9486834530224686 0 -0.3162273011005939
vn 0.9486837927678705 0 -0.31622628186089796
vn 0.9486831520190498 0 -0.3162282041108926
vn 0.8124613800342401 0.5355540742478994 -0.23040906993721805
vn 0.8124613800342401 0.5355540742478994 -0.23040906993721805
vn 0.8124613800342401 0.5355540742478994 -0.23040906993721805
vn 0.8401491865905818 0.4535896851437763 0.2973310306751613
vn 0.8401491865905818 0.4535896851437763 0.2973310306751613
vn 0.8401491865905818 0.4535896851437763 0.2973310306751613
vn 0.3162279180086662 0 -0.9486832473865576
vn 0.31622880313745544 0 -0.9486829523430113
vn 0.3162281772888134 0 -0.9486831609597561
vn 1.141401355653208e-7 0 -0.9999999999999936
vn 6.634252258662304e-7 0 -0.99999999999978
vn 1.5338309822254634e-7 0 -0.9999999999999882
vn 0.061080275657368566 0.35976581994732953 -0.9310412207433383
vn 0.061080275657368566 0.35976581994732953 -0.9310412207433383
vn 0.061080275657368566 0.35976581994732953 -0.9310412207433383
vn 0.3702018270739674 0.40273192369469085 -0.8371126596033954
vn 0.3702018270739674 0.40273192369469085 -0.8371126596033954
vn 0.3702018270739674 0.40273192369469085 -0.8371126596033954
vn -2.3082174394062343e-8 0 -0.9999999999999998
vn 1.141401355653208e-7 0 -0.9999999999999936
vn -1.9740632239972907e-8 0 -0.9999999999999998
vn -0.3162277034318928 -6.535739185508424e-7 -0.9486833189119347
vn -0.31622735474459385 -0.0000011065815592201187 -0.9486834351405172
vn -0.3162278911865482 -4.5300762694288523e-7 -0.9486832563271598
vn -0.2849066578583228 0.4339147543300244 -0.8547199437726459
vn -0.2849066578583228 0.4339147543300244 -0.8547199437726459
vn -0.2849066578583228 0.4339147543300244 -0.8547199437726459
vn 0.019288258385847037 0.34083747437533946 -0.939924347567335
vn 0.019288258385847037 0.34083747437533946 -0.939924347567335
vn 0.019288258385847037 0.34083747437533946 -0.939924347567335
vn -0.9486829851256408 -2.766455965786223e-7 -0.3162287047897884
vn -0.9486828122715504 -2.7664566620037e-7 -0.3162292233498762
vn -0.9486830030071065 -1.3832272984224764e-7 -0.31622865114565313
vn -0.9486832473865576 0 0.3162279180086662
vn -0.9486832473865576 0 0.3162279180086662
vn -0.9486832473865576 0 0.3162279180086662
vn -0.849784885256653 0.41109909377491677 0.32994421329488316
vn -0.849784885256653 0.41109909377491677 0.32994421329488316
vn -0.849784885256653 0.41109909377491677 0.32994421329488316
vn -0.8970836368395152 0.3253035913437026 -0.29902929952377266
vn -0.8970836368395152 0.3253035913437026 -0.29902929952377266
vn -0.8970836368395152 0.3253035913437026 -0.29902929952377266
vn -0.9555272048523684 0.17363784459568615 -0.23836455212800456
vn -0.9555272048523684 0.17363784459568615 -0.23836455212800456
vn -0.9555272048523684 0.17363784459568615 -0.23836455212800456
vn -0.8947260980388577 0.2106274227134842 0.39382902164420985
vn -0.89551007289554 0.21618254372158432 0.38900747696244886
vn -0.895428903023482 0.2155973188756032 0.38951877454599715
vn -0.8548442960847784 0.3111768831157244 0.41522304471898314
vn -0.8548442960847784 0.3111768831157244 0.41522304471898314
vn -0.8548442960847784 0.3111768831157244 0.41522304471898314
vn -0.9502197168355226 0.22938967482058004 -0.21086219865762554
vn -0.9502197168355226 0.22938967482058004 -0.21086219865762554
vn -0.9502197168355226 0.22938967482058004 -0.21086219865762554
vn -0.31056267520224023 0.13064125389370232 0.9415326269186369
vn -0.31056267520224023 0.13064125389370232 0.9415326269186369
vn -0.31056267520224023 0.13064125389370232 0.9415326269186369
vn 0.3162276855505435 4.1791028959365194e-7 0.948683324872516
vn 0.3162275603808221 0 0.9486833665958277
vn 0.3162275335587184 2.68055781371023e-7 0.9486833755364841
vn 0.23047376621053622 0.3176030441096794 0.9197881003040843
vn 0.23047376621053622 0.3176030441096794 0.9197881003040843
vn 0.23047376621053622 0.3176030441096794 0.9197881003040843
vn -0.30134290292066623 0.24209426211119356 0.9222704717772237
vn -0.30134290292066623 0.24209426211119356 0.9222704717772237
vn -0.30134290292066623 0.24209426211119356 0.9222704717772237
vn 0.9486830626118353 3.941980452591655e-7 0.31622847233175105
vn 0.9486831400979615 5.149777266248002e-7 0.31622823987368126
vn 0.9486832205644448 1.4917874414347744e-7 0.3162279984749148
vn 0.9486834977258247 -3.537764702729556e-7 -0.3162271669900767
vn 0.9486836318358844 -4.4743413853961293e-7 -0.3162267646586478
vn 0.9486835811721767 -1.3062742181997457e-7 -0.31622691665055475
vn 0.9275046414570356 0.3124755264845045 -0.20516867554255816
vn 0.9275046414570356 0.3124755264845045 -0.20516867554255816
vn 0.9275046414570356 0.3124755264845045 -0.20516867554255816
vn 0.8913360272543722 0.2373003065088849 0.38627535651291833
vn 0.8913360272543722 0.2373003065088849 0.38627535651291833
vn 0.8913360272543722 0.2373003065088849 0.38627535651291833
vn 0.316227819661003 -2.383576176024205e-7 -0.9486832801690936
vn 0.3162280163563225 0 -0.9486832146039823
vn 0.3162278554237937 -2.5806565591417227e-7 -0.9486832682481553
vn -0.31622778389823075 0 -0.9486832920900493
vn -0.31622778389823075 0 -0.9486832920900493
vn -0.31622778389823075 0 -0.9486832920900493
vn -0.3437973363296139 0.3291207960746373 -0.8794787621789734
vn -0.3437973363296139 0.3291207960746373 -0.8794787621789734
vn -0.3437973363296139 0.3291207960746373 -0.8794787621789734
vn 0.33047328525871394 0.2242114024304329 -0.9167969539382704
vn 0.33047328525871394 0.2242114024304329 -0.9167969539382704
vn 0.33047328525871394 0.2242114024304329 -0.9167969539382704
vn 0.9916561942625 0.12630952263702933 0.02576619630485848
vn 0.9916561942625 0.12630952263702933 0.02576619630485848
vn 0.9916561942625 0.12630952263702933 0.02576619630485848
vn 0.9350697689098618 0.2609171782227668 -0.23993072620889266
vn 0.9350729372496283 0.26095523838084983 -0.23987698010635933
vn 0.9350691861680899 0.26091017838960145 -0.239940609092443
vn 0.9011579621243522 0.3878284081962864 -0.19365808296019915
vn 0.9011579621243522 0.3878284081962864 -0.19365808296019915
vn 0.9011579621243522 0.3878284081962864 -0.19365808296019915
vn 0.9617504445475062 0.268399803936792 0.054750595059468055
vn 0.9617504445475062 0.268399803936792 0.054750595059468055
vn 0.9617504445475062 0.268399803936792 0.054750595059468055
vn 0.3255113228012932 0.16598867680357368 -0.930854520266809
vn 0.3255113228012932 0.16598867680357368 -0.930854520266809
vn 0.3255113228012932 0.16598867680357368 -0.930854520266809
vn -0.31622790906798004 0 -0.9486832503667877
vn -0.3162283292806207 0 -0.9486831102957337
vn -0.3162276408470944 0 -0.9486833397737524
vn -0.2849053615909646 0.4339161623503561 -0.8547196610514239
vn -0.2849053615909646 0.4339161623503561 -0.8547196610514239
vn -0.2849053615909646 0.4339161623503561 -0.8547196610514239
vn 0.3258290265330231 0.3222976897762997 -0.8887967397742876
vn 0.3258290265330231 0.3222976897762997 -0.8887967397742876
vn 0.3258290265330231 0.3222976897762997 -0.8887967397742876
vn -0.9486833099714418 0 -0.31622773025405126
vn -0.9486834083190383 0 -0.31622743521107227
vn -0.9486833278528322 0 -0.3162276766098687
vn -0.999999999999972 0 -2.365093649814232e-7
vn -0.9999999999996858 0 -7.928466061455093e-7
vn -0.9999999999999827 0 -1.864538461404631e-7
vn -0.9311136541868719 0.36392802410293845 0.024161048389951124
vn -0.9311136541868719 0.36392802410293845 0.024161048389951124
vn -0.9311136541868719 0.36392802410293845 0.024161048389951124
vn -0.8970838041470622 0.3253037361828214 -0.29902864003725876
vn -0.8970838041470622 0.3253037361828214 -0.29902864003725876
vn -0.8970838041470622 0.3253037361828214 -0.29902864003725876
vn -0.999999999999966 1.502238120565329e-7 -2.1307710085238073e-7
vn -0.999999999999972 0 -2.365093649814232e-7
vn -0.9999999999999687 3.687894789550113e-8 -2.4783429353191554e-7
vn -0.9463227532243759 0.025510183496037078 0.3222149550654589
vn -0.9463227532243759 0.025510183496037078 0.3222149550654589
vn -0.9463227532243759 0.025510183496037078 0.3222149550654589
vn -0.700149655333319 0.5968417525216572 0.3918805718372776
vn -0.700149655333319 0.5968417525216572 0.3918805718372776
vn -0.700149655333319 0.5968417525216572 0.3918805718372776
vn -0.8872321187030748 0.4524368606716256 0.09011134582979465
vn -0.8872321187030748 0.4524368606716256 0.09011134582979465
vn -0.8872321187030748 0.4524368606716256 0.09011134582979465
vn -0.2978986840778592 0.1711075903402718 0.9391371393745567
vn -0.2978986840778592 0.1711075903402718 0.9391371393745567
vn -0.2978986840778592 0.1711075903402718 0.9391371393745567
vn 0.30942256051251144 0.2154881652836679 0.9261870921517746
vn 0.30942256051251144 0.2154881652836679 0.9261870921517746
vn 0.30942256051251144 0.2154881652836679 0.9261870921517746
vn 0.2697096165358563 0.5299138419636176 0.8040199268945015
vn 0.2697096165358563 0.5299138419636176 0.8040199268945015
vn 0.2697096165358563 0.5299138419636176 0.8040199268945015
vn -0.23534147441155587 0.4937635958146144 0.8371450900949114
vn -0.23534147441155587 0.4937635958146144 0.8371450900949114
vn -0.23534147441155587 0.4937635958146144 0.8371450900949114
vn 0.9473120140972981 0.05688053469697713 0.31522143442270284
vn 0.9473120140972981 0.05688053469697713 0.31522143442270284
vn 0.9473120140972981 0.05688053469697713 0.31522143442270284
vn 0.9999999999997751 -6.709277045045693e-7 0
vn 0.9999999999997751 -6.709277045045693e-7 0
vn 0.9999999999997751 -6.709277045045693e-7 0
vn 0.9669044391634546 0.25465651761386615 0.015680037078527612
vn 0.9669044391634546 0.25465651761386615 0.015680037078527612
vn 0.9669044391634546 0.25465651761386615 0.015680037078527612
vn 0.8988961799059294 0.32257984725136163 0.2965263898842992
vn 0.8988961799059294 0.32257984725136163 0.2965263898842992
vn 0.8988961799059294 0.32257984725136163 0.2965263898842992
vn 0.3555623440658108 0.3439783606572765 -0.8690536846950012
vn 0.3555623440658108 0.3439783606572765 -0.8690536846950012
vn 0.3555623440658108 0.3439783606572765 -0.8690536846950012
vn -0.26227678898244516 0.40186850760448156 -0.8773326555855565
vn -0.26227678898244516 0.40186850760448156 -0.8773326555855565
vn -0.26227678898244516 0.40186850760448156 -0.8773326555855565
vn -0.24815342596757803 0.4658269746367655 -0.8493674745840648
vn -0.24815342596757803 0.4658269746367655 -0.8493674745840648
vn -0.24815342596757803 0.4658269746367655 -0.8493674745840648
vn 0.3575109801460595 0.3889250415970886 -0.8490719705029172
vn 0.3575109801460595 0.3889250415970886 -0.8490719705029172
vn 0.3575109801460595 0.3889250415970886 -0.8490719705029172
vn -0.9231897275462739 0.3170874307920251 -0.2172010317350018
vn -0.9231897275462739 0.3170874307920251 -0.2172010317350018
vn -0.9231897275462739 0.3170874307920251 -0.2172010317350018
vn -0.8986733189937184 0.23613773739053462 0.3696285090586132
vn -0.8986733189937184 0.23613773739053462 0.3696285090586132
vn -0.8986733189937184 0.23613773739053462 0.3696285090586132
vn -0.8550620389761472 0.3447492661362757 0.387320091139684
vn -0.8550620389761472 0.3447492661362757 0.387320091139684
vn -0.8550620389761472 0.3447492661362757 0.387320091139684
vn -0.9333893005952597 0.27270763952563615 -0.23327013713428343
vn -0.9333893005952597 0.27270763952563615 -0.23327013713428343
vn -0.9333893005952597 0.27270763952563615 -0.23327013713428343
vn -0.3170540687898103 0.20776677042863106 0.9253700268376337
vn -0.3170540687898103 0.20776677042863106 0.9253700268376337
vn -0.3170540687898103 0.20776677042863106 0.9253700268376337
vn 0.26896097532137503 0.25654967928780986 0.928354595944619
vn 0.26896097532137503 0.25654967928780986 0.928354595944619
vn 0.26896097532137503 0.25654967928780986 0.928354595944619
vn 0.2128169366106654 0.46571942413307227 0.8589612153507348
vn 0.2128169366106654 0.46571942413307227 0.8589612153507348
vn 0.2128169366106654 0.46571942413307227 0.8589612153507348
vn -0.3139472346857716 0.28070354828997623 0.9069965004400921
vn -0.3139472346857716 0.28070354828997623 0.9069965004400921
vn -0.3139472346857716 0.28070354828997623 0.9069965004400921
vn 0.9260075164956906 0.201440693528151 0.319267484069989
vn 0.9260075164956906 0.201440693528151 0.319267484069989
vn 0.9260075164956906 0.201440693528151 0.319267484069989
vn 0.9486835305082354 -5.227064841141992e-7 -0.31622706864238703
vn 0.9486835305082354 -5.227064841141992e-7 -0.31622706864238703
vn 0.9486835305082354 -5.227064841141992e-7 -0.31622706864238703
vn 0.8211382657135681 0.51750099845818 -0.2406754353391735
vn 0.8211382657135681 0.51750099845818 -0.2406754353391735
vn 0.8211382657135681 0.51750099845818 -0.2406754353391735
vn 0.8507853570671928 0.427183887479064 0.3060689505296539
vn 0.8507853570671928 0.427183887479064 0.3060689505296539
vn 0.8507853570671928 0.427183887479064 0.3060689505296539
vn -0.94547913386506 0.08211844234496493 -0.31515990997049825
vn -0.9454773908960844 0.08214100372075595 -0.3151592594420789
vn -0.9454668695496763 0.08227594885462002 -0.31515562318322543
vn -0.9099354335697354 0.11074163993256254 -0.3996921264164513
vn -0.9095797678084028 0.11682609647649217 -0.398768490700654
vn -0.9099451334471994 0.11062327085432017 -0.3997028221832445
vn -0.9095797678084028 0.11682609647649217 -0.398768490700654
vn -0.9099354335697354 0.11074163993256254 -0.3996921264164513
vn -0.9091754829527272 0.1230689162885983 -0.39781149184158215
vn -0.9454773908960844 0.08214100372075595 -0.3151592594420789
vn -0.94547913386506 0.08211844234496493 -0.31515990997049825
vn -0.9454897854608865 0.08198152894979016 -0.3151635995799355
vn -0.27057179066762793 0.13770927111232528 -0.9527995921203081
vn -0.27057179066762793 0.13770927111232528 -0.9527995921203081
vn -0.27057179066762793 0.13770927111232528 -0.9527995921203081
vn -0.265213578359477 0.11389947122869906 -0.9574385976696282
vn -0.265213578359477 0.11389947122869906 -0.9574385976696282
vn -0.265213578359477 0.11389947122869906 -0.9574385976696282
vn -0.2799298236642163 0.1809953303343502 -0.9428043191566743
vn -0.2799298236642163 0.1809953303343502 -0.9428043191566743
vn -0.2799298236642163 0.1809953303343502 -0.9428043191566743
vn -0.26739020641034156 0.12349069173249862 -0.9556424679613521
vn -0.26739020641034156 0.12349069173249862 -0.9556424679613521
vn -0.26739020641034156 0.12349069173249862 -0.9556424679613521
vn -0.8705473485786189 0.10664257338064695 0.4803901283597423
vn -0.8705473485786189 0.10664257338064695 0.4803901283597423
vn -0.8705473485786189 0.10664257338064695 0.4803901283597423
vn -0.8635581156254238 0.3658574828251781 0.34700962983509775
vn -0.8635581156254238 0.3658574828251781 0.34700962983509775
vn -0.8635581156254238 0.3658574828251781 0.34700962983509775
vn -0.9067907111781458 -0.051786939600586564 0.4183882395668379
vn -0.9067907111781458 -0.051786939600586564 0.4183882395668379
vn -0.9067907111781458 -0.051786939600586564 0.4183882395668379
vn -0.8800268101675569 0.018538575468748906 0.4745620450540733
vn -0.8800268101675569 0.018538575468748906 0.4745620450540733
vn -0.8800268101675569 0.018538575468748906 0.4745620450540733
vn -0.7876410503186286 0.31168911557226264 0.5314804522150821
vn -0.7876410503186286 0.31168911557226264 0.5314804522150821
vn -0.7876410503186286 0.31168911557226264 0.5314804522150821
vn -0.2405316601524266 0.015105804862733224 0.9705237426893618
vn -0.2405316601524266 0.015105804862733224 0.9705237426893618
vn -0.2405316601524266 0.015105804862733224 0.9705237426893618
vn -0.25631085232206896 0.10090378003208457 0.9613132549575976
vn -0.25631085232206896 0.10090378003208457 0.9613132549575976
vn -0.25631085232206896 0.10090378003208457 0.9613132549575976
vn -0.7366565495172764 0.14487503526506454 0.6605666902064068
vn -0.7366565495172764 0.14487503526506454 0.6605666902064068
vn -0.7366565495172764 0.14487503526506454 0.6605666902064068
vn -0.9095404562911676 0.015870313775209446 0.4153122819160673
vn -0.9095404562911676 0.015870313775209446 0.4153122819160673
vn -0.9095404562911676 0.015870313775209446 0.4153122819160673
vn -0.9480921223905088 0.007356779337775063 0.3179106875505063
vn -0.9480921223905088 0.007356779337775063 0.3179106875505063
vn -0.9480921223905088 0.007356779337775063 0.3179106875505063
vn -0.9309825403940685 0.12616296251807557 0.34257030865220867
vn -0.9309825403940685 0.12616296251807557 0.34257030865220867
vn -0.9309825403940685 0.12616296251807557 0.34257030865220867
vn -0.9030298975850278 0.08387588705177568 0.42130967190280827
vn -0.9030298975850278 0.08387588705177568 0.42130967190280827
vn -0.9030298975850278 0.08387588705177568 0.42130967190280827
vn -0.3128723127382782 0.04037867387420869 0.9489364987278976
vn -0.3128723127382782 0.04037867387420869 0.9489364987278976
vn -0.3128723127382782 0.04037867387420869 0.9489364987278976
vn 0.2948926194172374 0.047209382660003255 0.9543634617912097
vn 0.2948926194172374 0.047209382660003255 0.9543634617912097
vn 0.2948926194172374 0.047209382660003255 0.9543634617912097
vn 0.259205755540796 0.12223820245387003 0.9580554254088705
vn 0.259205755540796 0.12223820245387003 0.9580554254088705
vn 0.259205755540796 0.12223820245387003 0.9580554254088705
vn -0.3080244224289996 0.09010824157231308 0.9471016101707499
vn -0.3080244224289996 0.09010824157231308 0.9471016101707499
vn -0.3080244224289996 0.09010824157231308 0.9471016101707499
vn 0.8927548371018861 0.09653369167881796 0.4400795918945164
vn 0.8927548371018861 0.09653369167881796 0.4400795918945164
vn 0.8927548371018861 0.09653369167881796 0.4400795918945164
vn 0.9881690114132311 0.1028037602101691 0.11381296837024986
vn 0.9881690114132311 0.1028037602101691 0.11381296837024986
vn 0.9881690114132311 0.1028037602101691 0.11381296837024986
vn 0.98041626014613 0.13200751126067692 0.14614367523720623
vn 0.98041626014613 0.13200751126067692 0.14614367523720623
vn 0.98041626014613 0.13200751126067692 0.14614367523720623
vn 0.8861282994837287 0.10559678775240362 0.451249327168971
vn 0.8861282994837287 0.10559678775240362 0.451249327168971
vn 0.8861282994837287 0.10559678775240362 0.451249327168971
vn 0.9894123948530941 0.13615595852728074 0.050246073165795435
vn 0.9890301735419339 0.13857850963781002 0.05114012602815292
vn 0.9894938494504119 0.13563416116275462 0.05005293423448451
vn 0.9940562984859644 0.1041275054041331 -0.031773228647638936
vn 0.9938787504481895 0.10410876243769131 -0.036964780416472325
vn 0.9940094611796602 0.10412254698262212 -0.03322177441337838
vn 0.9907147555399125 0.1300377277314955 -0.03967949750086474
vn 0.9907147555399125 0.1300377277314955 -0.03967949750086474
vn 0.9907147555399125 0.1300377277314955 -0.03967949750086474
vn 0.9890301735419339 0.13857850963781002 0.05114012602815292
vn 0.9894123948530941 0.13615595852728074 0.050246073165795435
vn 0.988934252442776 0.13918005214719129 0.05136104973375351
vn 0.9968248818943722 0.058732839121626926 -0.05376437896027543
vn 0.9968248818943722 0.058732839121626926 -0.05376437896027543
vn 0.9968248818943722 0.058732839121626926 -0.05376437896027543
vn 0.9486831877818718 1.5679676775885963e-8 -0.3162280968225713
vn 0.9486831609597559 1.8487028606587327e-8 -0.3162281772888133
vn 0.9486833010307459 2.170791055646257e-9 -0.31622775707614137
vn 0.8858713038046028 0.12427688476274604 -0.44697571411565573
vn 0.8858713038046028 0.12427688476274604 -0.44697571411565573
vn 0.8858713038046028 0.12427688476274604 -0.44697571411565573
vn 0.9892201877149981 0.10801325488555417 -0.09887647337022279
vn 0.9892201877149981 0.10801325488555417 -0.09887647337022279
vn 0.9892201877149981 0.10801325488555417 -0.09887647337022279
vn 0.316228445509699 0 -0.948683071552623
vn 0.316228445509699 0 -0.948683071552623
vn 0.3162285170352822 0 -0.948683047710702
vn -0.31622776601683794 0 -0.9486832980505138
vn -0.31622776601683794 0 -0.9486832980505138
vn -0.31622776601683794 0 -0.9486832980505138
vn -0.3141049204908769 0.11567938189828378 -0.9423143740424693
vn -0.3141049204908769 0.11567938189828378 -0.9423143740424693
vn -0.3141049204908769 0.11567938189828378 -0.9423143740424693
vn 0.2846582216011818 0.08281022258201409 -0.9550456344650603
vn 0.2846582216011818 0.08281022258201409 -0.9550456344650603
vn 0.2846582216011818 0.08281022258201409 -0.9550456344650603
f 1/1/1 2/2/2 3/3/3
f 4/4/4 5/5/5 6/6/6
f 7/7/7 8/8/8 9/9/9
f 10/10/10 11/11/11 12/12/12
f 13/13/13 14/14/14 15/15/15
f 16/16/16 17/17/17 18/18/18
f 19/19/19 20/20/20 21/21/21
f 22/22/22 23/23/23 24/24/24
f 25/25/25 26/26/26 27/27/27
f 28/28/28 29/29/29 30/30/30
f 31/31/31 32/32/32 33/33/33
f 34/34/34 35/35/35 36/36/36
f 37/37/37 38/38/38 39/39/39
f 40/40/40 41/41/41 42/42/42
f 43/43/43 44/44/44 45/45/45
f 46/46/46 47/47/47 48/48/48
f 49/49/49 50/50/50 51/51/51
f 52/52/52 53/53/53 54/54/54
f 55/55/55 56/56/56 57/57/57
f 58/58/58 59/59/59 60/60/60
f 61/61/61 62/62/62 63/63/63
f 64/64/64 65/65/65 66/66/66
f 67/67/67 68/68/68 69/69/69
f 70/70/70 71/71/71 72/72/72
f 73/73/73 74/74/74 75/75/75
f 76/76/76 77/77/77 78/78/78
f 79/79/79 80/80/80 81/81/81
f 82/82/82 83/83/83 84/84/84
f 85/85/85 86/86/86 87/87/87
f 88/88/88 89/89/89 90/90/90
f 91/91/91 92/92/92 93/93/93
f 94/94/94 95/95/95 96/96/96
f 97/97/97 98/98/98 99/99/99
f 100/100/100 101/101/101 102/102/102
f 103/103/103 104/104/104 105/105/105
f 106/106/106 107/107/107 108/108/108
f 109/109/109 110/110/110 111/111/111
f 112/112/112 113/113/113 114/114/114
f 115/115/115 116/116/116 117/117/117
f 118/118/118 119/119/119 120/120/120
f 121/121/121 122/122/122 123/123/123
f 124/124/124 125/125/125 126/126/126
f 127/127/127 128/128/128 129/129/129
f 130/130/130 131/131/131 132/132/132
f 133/133/133 134/134/134 135/135/135
f 136/136/136 137/137/137 138/138/138
f 139/139/139 140/140/140 141/141/141
f 142/142/142 143/143/143 144/144/144
f 145/145/145 146/146/146 147/147/147
f 148/148/148 149/149/149 150/150/150
f 151/151/151 152/152/152 153/153/153
f 154/154/154 155/155/155 156/156/156
f 157/157/157 158/158/158 159/159/159
f 160/160/160 161/161/161 162/162/162
f 163/163/163 164/164/164 165/165/165
f 166/166/166 167/167/167 168/168/168
f 169/169/169 170/170/170 171/171/171
f 172/172/172 173/173/173 174/174/174
f 175/175/175 176/176/176 177/177/177
f 178/178/178 179/179/179 180/180/180
f 181/181/181 182/182/182 183/183/183
f 184/184/184 185/185/185 186/186/186
f 187/187/187 188/188/188 189/189/189
f 190/190/190 191/191/191 192/192/192
f 193/193/193 194/194/194 195/195/195
f 196/196/196 197/197/197 198/198/198
f 199/199/199 200/200/200 201/201/201
f 202/202/202 203/203/203 204/204/204
f 205/205/205 206/206/206 207/207/207
f 208/208/208 209/209/209 210/210/210
f 211/211/211 212/212/212 213/213/213
f 214/214/214 215/215/215 216/216/216
f 217/217/217 218/218/218 219/219/219
f 220/220/220 221/221/221 222/222/222
f 223/223/223 224/224/224 225/225/225
f 226/226/226 227/227/227 228/228/228
f 229/229/229 230/230/230 231/231/231
f 232/232/232 233/233/233 234/234/234
f 235/235/235 236/236/236 237/237/237
f 238/238/238 239/239/239 240/240/240
f 241/241/241 242/242/242 243/243/243
f 244/244/244 245/245/245 246/246/246
f 247/247/247 248/248/248 249/249/249
f 250/250/250 251/251/251 252/252/252
f 253/253/253 254/254/254 255/255/255
f 256/256/256 257/257/257 258/258/258
f 259/259/259 260/260/260 261/261/261
f 262/262/262 263/263/263 264/264/264
f 265/265/265 266/266/266 267/267/267
f 268/268/268 269/269/269 270/270/270
f 271/271/271 272/272/272 273/273/273
f 274/274/274 275/275/275 276/276/276
f 277/277/277 278/278/278 279/279/279
f 280/280/280 281/281/281 282/282/282
f 283/283/283 284/284/284 285/285/285
f 286/286/286 287/287/287 288/288/288
f 289/289/289 290/290/290 291/291/291
f 292/292/292 293/293/293 294/294/294
f 295/295/295 296/296/296 297/297/297
f 298/298/298 299/299/299 300/300/300
f 301/301/301 302/302/302 303/303/303
f 304/304/304 305/305/305 306/306/306
f 307/307/307 308/308/308 309/309/309
f 310/310/310 311/311/311 312/312/312
f 313/313/313 314/314/314 315/315/315
f 316/316/316 317/317/317 318/318/318
f 319/319/319 320/320/320 321/321/321
f 322/322/322 323/323/323 324/324/324
f 325/325/325 326/326/326 327/327/327
f 328/328/328 329/329/329 330/330/330
f 331/331/331 332/332/332 333/333/333
f 334/334/334 335/335/335 336/336/336
f 337/337/337 338/338/338 339/339/339
f 340/340/340 341/341/341 342/342/342
f 343/343/343 344/344/344 345/345/345
f 346/346/346 347/347/347 348/348/348
f 349/349/349 350/350/350 351/351/351
f 352/352/352 353/353/353 354/354/354
f 355/355/355 356/356/356 357/357/357
f 358/358/358 359/359/359 360/360/360
f 361/361/361 362/362/362 363/363/363
f 364/364/364 365/365/365 366/366/366
f 367/367/367 368/368/368 369/369/369
f 370/370/370 371/371/371 372/372/372
f 373/373/373 374/374/374 375/375/375
f 376/376/376 377/377/377 378/378/378
f 379/379/379 380/380/380 381/381/381
f 382/382/382 383/383/383 384/384/384
f 385/385/385 386/386/386 387/387/387
f 388/388/388 389/389/389 390/390/390
f 391/391/391 392/392/392 393/393/393
f 394/394/394 395/395/395 396/396/396
f 397/397/397 398/398/398 399/399/399
f 400/400/400 401/401/401 402/402/402
f 403/403/403 404/404/404 405/405/405
f 406/406/406 407/407/407 408/408/408
f 409/409/409 410/410/410 411/411/411
f 412/412/412 413/413/413 414/414/414
f 415/415/415 416/416/416 417/417/417
f 418/418/418 419/419/419 420/420/420
f 421/421/421 422/422/422 423/423/423
f 424/424/424 425/425/425 426/426/426
f 427/427/427 428/428/428 429/429/429
f 430/430/430 431/431/431 432/432/432
f 433/433/433 434/434/434 435/435/435
f 436/436/436 437/437/437 438/438/438
f 439/439/439 440/440/440 441/441/441
f 442/442/442 443/443/443 444/444/444
f 445/445/445 446/446/446 447/447/447
f 448/448/448 449/449/449 450/450/450
f 451/451/451 452/452/452 453/453/453
f 454/454/454 455/455/455 456/456/456
f 457/457/457 458/458/458 459/459/459
f 460/460/460 461/461/461 462/462/462
f 463/463/463 464/464/464 465/465/465
f 466/466/466 467/467/467 468/468/468
f 469/469/469 470/470/470 471/471/471
f 472/472/472 473/473/473 474/474/474
f 475/475/475 476/476/476 477/477/477
f 478/478/478 479/479/479 480/480/480
f 481/481/481 482/482/482 483/483/483
f 484/484/484 485/485/485 486/486/486
f 487/487/487 488/488/488 489/489/489
f 490/490/490 491/491/491 492/492/492
f 493/493/493 494/494/494 495/495/495
f 496/496/496 497/497/497 498/498/498
f 499/499/499 500/500/500 501/501/501
f 502/502/502 503/503/503 504/504/504
f 505/505/505 506/506/506 507/507/507
f 508/508/508 509/509/509 510/510/510
f 511/511/511 512/512/512 513/513/513
f 514/514/514 515/515/515 516/516/516
f 517/517/517 518/518/518 519/519/519
f 520/520/520 521/521/521 522/522/522
f 523/523/523 524/524/524 525/525/525
f 526/526/526 527/527/527 528/528/528
f 529/529/529 530/530/530 531/531/531
f 532/532/532 533/533/533 534/534/534
f 535/535/535 536/536/536 537/537/537
f 538/538/538 539/539/539 540/540/540
f 541/541/541 542/542/542 543/543/543
f 544/544/544 545/545/545 546/546/546
f 547/547/547 548/548/548 549/549/549
f 550/550/550 551/551/551 552/552/552
f 553/553/553 554/554/554 555/555/555
f 556/556/556 557/557/557 558/558/558
f 559/559/559 560/560/560 561/561/561
f 562/562/562 563/563/563 564/564/564
f 565/565/565 566/566/566 567/567/567
f 568/568/568 569/569/569 570/570/570
f 571/571/571 572/572/572 573/573/573
f 574/574/574 575/575/575 576/576/576
f 577/577/577 578/578/578 579/579/579
f 580/580/580 581/581/581 582/582/582
f 583/583/583 584/584/584 585/585/585
f 586/586/586 587/587/587 588/588/588
f 589/589/589 590/590/590 591/591/591
f 592/592/592 593/593/593 594/594/594
f 595/595/595 596/596/596 597/597/597
f 598/598/598 599/599/599 600/600/600
f 601/601/601 602/602/602 603/603/603
f 604/604/604 605/605/605 606/606/606
f 607/607/607 608/608/608 609/609/609
f 610/610/610 611/611/611 612/612/612
f 613/613/613 614/614/614 615/615/615
f 616/616/616 617/617/617 618/618/618
f 619/619/619 620/620/620 621/621/621
f 622/622/622 623/623/623 624/624/624
f 625/625/625 626/626/626 627/627/627
f 628/628/628 629/629/629 630/630/630
f 631/631/631 632/632/632 633/633/633
f 634/634/634 635/635/635 636/636/636
f 637/637/637 638/638/638 639/639/639
f 640/640/640 641/641/641 642/642/642
f 643/643/643 644/644/644 645/645/645
f 646/646/646 647/647/647 648/648/648
f 649/649/649 650/650/650 651/651/651
f 652/652/652 653/653/653 654/654/654
f 655/655/655 656/656/656 657/657/657
f 658/658/658 659/659/659 660/660/660
f 661/661/661 662/662/662 663/663/663
f 664/664/664 665/665/665 666/666/666
f 667/667/667 668/668/668 669/669/669
f 670/670/670 671/671/671 672/672/672
f 673/673/673 674/674/674 675/675/675
f 676/676/676 677/677/677 678/678/678
f 679/679/679 680/680/680 681/681/681
f 682/682/682 683/683/683 684/684/684
f 685/685/685 686/686/686 687/687/687
f 688/688/688 689/689/689 690/690/690
f 691/691/691 692/692/692 693/693/693
f 694/694/694 695/695/695 696/696/696
f 697/697/697 698/698/698 699/699/699
f 700/700/700 701/701/701 702/702/702
f 703/703/703 704/704/704 705/705/705
f 706/706/706 707/707/707 708/708/708
f 709/709/709 710/710/710 711/711/711
f 712/712/712 713/713/713 714/714/714
f 715/715/715 716/716/716 717/717/717
f 718/718/718 719/719/719 720/720/720
f 721/721/721 722/722/722 723/723/723
f 724/724/724 725/725/725 726/726/726
f 727/727/727 728/728/728 729/729/729
f 730/730/730 731/731/731 732/732/732
f 733/733/733 734/734/734 735/735/735
f 736/736/736 737/737/737 738/738/738
f 739/739/739 740/740/740 741/741/741
f 742/742/742 743/743/743 744/744/744
f 745/745/745 746/746/746 747/747/747
f 748/748/748 749/749/749 750/750/750
f 751/751/751 752/752/752 753/753/753
f 754/754/754 755/755/755 756/756/756
f 757/757/757 758/758/758 759/759/759
f 760/760/760 761/761/761 762/762/762
f 763/763/763 764/764/764 765/765/765
f 766/766/766 767/767/767 768/768/768
f 769/769/769 770/770/770 771/771/771
f 772/772/772 773/773/773 774/774/774
f 775/775/775 776/776/776 777/777/777
f 778/778/778 779/779/779 780/780/780
f 781/781/781 782/782/782 783/783/783
f 784/784/784 785/785/785 786/786/786
f 787/787/787 788/788/788 789/789/789
f 790/790/790 791/791/791 792/792/792
f 793/793/793 794/794/794 795/795/795
f 796/796/796 797/797/797 798/798/798
f 799/799/799 800/800/800 801/801/801
f 802/802/802 803/803/803 804/804/804
f 805/805/805 806/806/806 807/807/807
f 808/808/808 809/809/809 810/810/810
f 811/811/811 812/812/812 813/813/813
f 814/814/814 815/815/815 816/816/816
f 817/817/817 818/818/818 819/819/819
f 820/820/820 821/821/821 822/822/822
f 823/823/823 824/824/824 825/825/825
f 826/826/826 827/827/827 828/828/828
f 829/829/829 830/830/830 831/831/831
f 832/832/832 833/833/833 834/834/834
f 835/835/835 836/836/836 837/837/837
f 838/838/838 839/839/839 840/840/840
f 841/841/841 842/842/842 843/843/843
f 844/844/844 845/845/845 846/846/846
f 847/847/847 848/848/848 849/849/849
f 850/850/850 851/851/851 852/852/852
f 853/853/853 854/854/854 855/855/855
f 856/856/856 857/857/857 858/858/858
f 859/859/859 860/860/860 861/861/861
f 862/862/862 863/863/863 864/864/864
f 865/865/865 866/866/866 867/867/867
f 868/868/868 869/869/869 870/870/870
f 871/871/871 872/872/872 873/873/873
f 874/874/874 875/875/875 876/876/876
f 877/877/877 878/878/878 879/879/879
f 880/880/880 881/881/881 882/882/882
f 883/883/883 884/884/884 885/885/885
f 886/886/886 887/887/887 888/888/888
f 889/889/889 890/890/890 891/891/891
f 892/892/892 893/893/893 894/894/894
f 895/895/895 896/896/896 897/897/897
f 898/898/898 899/899/899 900/900/900
f 901/901/901 902/902/902 903/903/903
f 904/904/904 905/905/905 906/906/906
f 907/907/907 908/908/908 909/909/909
f 910/910/910 911/911/911 912/912/912
f 913/913/913 914/914/914 915/915/915
f 916/916/916 917/917/917 918/918/918
f 919/919/919 920/920/920 921/921/921
f 922/922/922 923/923/923 924/924/924
f 925/925/925 926/926/926 927/927/927
f 928/928/928 929/929/929 930/930/930
f 931/931/931 932/932/932 933/933/933
f 934/934/934 935/935/935 936/936/936
f 937/937/937 938/938/938 939/939/939
f 940/940/940 941/941/941 942/942/942
f 943/943/943 944/944/944 945/945/945
f 946/946/946 947/947/947 948/948/948
f 949/949/949 950/950/950 951/951/951
f 952/952/952 953/953/953 954/954/954
f 955/955/955 956/956/956 957/957/957
f 958/958/958 959/959/959 960/960/960
f 961/961/961 962/962/962 963/963/963
f 964/964/964 965/965/965 966/966/966
f 967/967/967 968/968/968 969/969/969
f 970/970/970 971/971/971 972/972/972
f 973/973/973 974/974/974 975/975/975
f 976/976/976 977/977/977 978/978/978
f 979/979/979 980/980/980 981/981/981
f 982/982/982 983/983/983 984/984/984
f 985/985/985 986/986/986 987/987/987
f 988/988/988 989/989/989 990/990/990
f 991/991/991 992/992/992 993/993/993
f 994/994/994 995/995/995 996/996/996
f 997/997/997 998/998/998 999/999/999
f 1000/1000/1000 1001/1001/1001 1002/1002/1002
f 1003/1003/1003 1004/1004/1004 1005/1005/1005
f 1006/1006/1006 1007/1007/1007 1008/1008/1008
f 1009/1009/1009 1010/1010/1010 1011/1011/1011
f 1012/1012/1012 1013/1013/1013 1014/1014/1014
f 1015/1015/1015 1016/1016/1016 1017/1017/1017
f 1018/1018/1018 1019/1019/1019 1020/1020/1020
f 1021/1021/1021 1022/1022/1022 1023/1023/1023
f 1024/1024/1024 1025/1025/1025 1026/1026/1026
f 1027/1027/1027 1028/1028/1028 1029/1029/1029
f 1030/1030/1030 1031/1031/1031 1032/1032/1032
f 1033/1033/1033 1034/1034/1034 1035/1035/1035
f 1036/1036/1036 1037/1037/1037 1038/1038/1038
f 1039/1039/1039 1040/1040/1040 1041/1041/1041
f 1042/1042/1042 1043/1043/1043 1044/1044/1044
f 1045/1045/1045 1046/1046/1046 1047/1047/1047
f 1048/1048/1048 1049/1049/1049 1050/1050/1050
f 1051/1051/1051 1052/1052/1052 1053/1053/1053
f 1054/1054/1054 1055/1055/1055 1056/1056/1056
f 1057/1057/1057 1058/1058/1058 1059/1059/1059
f 1060/1060/1060 1061/1061/1061 1062/1062/1062
f 1063/1063/1063 1064/1064/1064 1065/1065/1065
f 1066/1066/1066 1067/1067/1067 1068/1068/1068
f 1069/1069/1069 1070/1070/1070 1071/1071/1071
f 1072/1072/1072 1073/1073/1073 1074/1074/1074
f 1075/1075/1075 1076/1076/1076 1077/1077/1077
f 1078/1078/1078 1079/1079/1079 1080/1080/1080
f 1081/1081/1081 1082/1082/1082 1083/1083/1083
f 1084/1084/1084 1085/1085/1085 1086/1086/1086
f 1087/1087/1087 1088/1088/1088 1089/1089/1089
f 1090/1090/1090 1091/1091/1091 1092/1092/1092
f 1093/1093/1093 1094/1094/1094 1095/1095/1095
f 1096/1096/1096 1097/1097/1097 1098/1098/1098
f 1099/1099/1099 1100/1100/1100 1101/1101/1101
f 1102/1102/1102 1103/1103/1103 1104/1104/1104
f 1105/1105/1105 1106/1106/1106 1107/1107/1107
f 1108/1108/1108 1109/1109/1109 1110/1110/1110
f 1111/1111/1111 1112/1112/1112 1113/1113/1113
f 1114/1114/1114 1115/1115/1115 1116/1116/1116
f 1117/1117/1117 1118/1118/1118 1119/1119/1119
f 1120/1120/1120 1121/1121/1121 1122/1122/1122
f 1123/1123/1123 1124/1124/1124 1125/1125/1125
f 1126/1126/1126 1127/1127/1127 1128/1128/1128
f 1129/1129/1129 1130/1130/1130 1131/1131/1131
f 1132/1132/1132 1133/1133/1133 1134/1134/1134
f 1135/1135/1135 1136/1136/1136 1137/1137/1137
f 1138/1138/1138 1139/1139/1139 1140/1140/1140
f 1141/1141/1141 1142/1142/1142 1143/1143/1143
f 1144/1144/1144 1145/1145/1145 1146/1146/1146
f 1147/1147/1147 1148/1148/1148 1149/1149/1149
f 1150/1150/1150 1151/1151/1151 1152/1152/1152
f 1153/1153/1153 1154/1154/1154 1155/1155/1155
f 1156/1156/1156 1157/1157/1157 1158/1158/1158
f 1159/1159/1159 1160/1160/1160 1161/1161/1161
f 1162/1162/1162 1163/1163/1163 1164/1164/1164
f 1165/1165/1165 1166/1166/1166 1167/1167/1167
f 1168/1168/1168 1169/1169/1169 1170/1170/1170
f 1171/1171/1171 1172/1172/1172 1173/1173/1173
f 1174/1174/1174 1175/1175/1175 1176/1176/1176
f 1177/1177/1177 1178/1178/1178 1179/1179/1179
f 1180/1180/1180 1181/1181/1181 1182/1182/1182
f 1183/1183/1183 1184/1184/1184 1185/1185/1185
f 1186/1186/1186 1187/1187/1187 1188/1188/1188
f 1189/1189/1189 1190/1190/1190 1191/1191/1191
f 1192/1192/1192 1193/1193/1193 1194/1194/1194
f 1195/1195/1195 1196/1196/1196 1197/1197/1197
f 1198/1198/1198 1199/1199/1199 1200/1200/1200
f 1201/1201/1201 1202/1202/1202 1203/1203/1203
f 1204/1204/1204 1205/1205/1205 1206/1206/1206
f 1207/1207/1207 1208/1208/1208 1209/1209/1209
f 1210/1210/1210 1211/1211/1211 1212/1212/1212
f 1213/1213/1213 1214/1214/1214 1215/1215/1215
f 1216/1216/1216 1217/1217/1217 1218/1218/1218
f 1219/1219/1219 1220/1220/1220 1221/1221/1221
f 1222/1222/1222 1223/1223/1223 1224/1224/1224
f 1225/1225/1225 1226/1226/1226 1227/1227/1227
f 1228/1228/1228 1229/1229/1229 1230/1230/1230
f 1231/1231/1231 1232/1232/1232 1233/1233/1233
f 1234/1234/1234 1235/1235/1235 1236/1236/1236
f 1237/1237/1237 1238/1238/1238 1239/1239/1239
f 1240/1240/1240 1241/1241/1241 1242/1242/1242
f 1243/1243/1243 1244/1244/1244 1245/1245/1245
f 1246/1246/1246 1247/1247/1247 1248/1248/1248
f 1249/1249/1249 1250/1250/1250 1251/1251/1251
f 1252/1252/1252 1253/1253/1253 1254/1254/1254
f 1255/1255/1255 1256/1256/1256 1257/1257/1257
f 1258/1258/1258 1259/1259/1259 1260/1260/1260
f 1261/1261/1261 1262/1262/1262 1263/1263/1263
f 1264/1264/1264 1265/1265/1265 1266/1266/1266
f 1267/1267/1267 1268/1268/1268 1269/1269/1269
f 1270/1270/1270 1271/1271/1271 1272/1272/1272
f 1273/1273/1273 1274/1274/1274 1275/1275/1275
f 1276/1276/1276 1277/1277/1277 1278/1278/1278
f 1279/1279/1279 1280/1280/1280 1281/1281/1281
f 1282/1282/1282 1283/1283/1283 1284/1284/1284
f 1285/1285/1285 1286/1286/1286 1287/1287/1287
f 1288/1288/1288 1289/1289/1289 1290/1290/1290
f 1291/1291/1291 1292/1292/1292 1293/1293/1293
f 1294/1294/1294 1295/1295/1295 1296/1296/1296
f 1297/1297/1297 1298/1298/1298 1299/1299/1299
f 1300/1300/1300 1301/1301/1301 1302/1302/1302
f 1303/1303/1303 1304/1304/1304 1305/1305/1305
f 1306/1306/1306 1307/1307/1307 1308/1308/1308
f 1309/1309/1309 1310/1310/1310 1311/1311/1311
f 1312/1312/1312 1313/1313/1313 1314/1314/1314
f 1315/1315/1315 1316/1316/1316 1317/1317/1317
f 1318/1318/1318 1319/1319/1319 1320/1320/1320
f 1321/1321/1321 1322/1322/1322 1323/1323/1323
f 1324/1324/1324 1325/1325/1325 1326/1326/1326
f 1327/1327/1327 1328/1328/1328 1329/1329/1329
f 1330/1330/1330 1331/1331/1331 1332/1332/1332
f 1333/1333/1333 1334/1334/1334 1335/1335/1335
f 1336/1336/1336 1337/1337/1337 1338/1338/1338
f 1339/1339/1339 1340/1340/1340 1341/1341/1341
f 1342/1342/1342 1343/1343/1343 1344/1344/1344
f 1345/1345/1345 1346/1346/1346 1347/1347/1347
f 1348/1348/1348 1349/1349/1349 1350/1350/1350
f 1351/1351/1351 1352/1352/1352 1353/1353/1353
f 1354/1354/1354 1355/1355/1355 1356/1356/1356
f 1357/1357/1357 1358/1358/1358 1359/1359/1359
f 1360/1360/1360 1361/1361/1361 1362/1362/1362
f 1363/1363/1363 1364/1364/1364 1365/1365/1365
f 1366/1366/1366 1367/1367/1367 1368/1368/1368
f 1369/1369/1369 1370/1370/1370 1371/1371/1371
f 1372/1372/1372 1373/1373/1373 1374/1374/1374
f 1375/1375/1375 1376/1376/1376 1377/1377/1377
f 1378/1378/1378 1379/1379/1379 1380/1380/1380
f 1381/1381/1381 1382/1382/1382 1383/1383/1383
f 1384/1384/1384 1385/1385/1385 1386/1386/1386
f 1387/1387/1387 1388/1388/1388 1389/1389/1389
f 1390/1390/1390 1391/1391/1391 1392/1392/1392
f 1393/1393/1393 1394/1394/1394 1395/1395/1395
f 1396/1396/1396 1397/1397/1397 1398/1398/1398
f 1399/1399/1399 1400/1400/1400 1401/1401/1401
f 1402/1402/1402 1403/1403/1403 1404/1404/1404
f 1405/1405/1405 1406/1406/1406 1407/1407/1407
f 1408/1408/1408 1409/1409/1409 1410/1410/1410
f 1411/1411/1411 1412/1412/1412 1413/1413/1413
f 1414/1414/1414 1415/1415/1415 1416/1416/1416
f 1417/1417/1417 1418/1418/1418 1419/1419/1419
f 1420/1420/1420 1421/1421/1421 1422/1422/1422
f 1423/1423/1423 1424/1424/1424 1425/1425/1425
f 1426/1426/1426 1427/1427/1427 1428/1428/1428
f 1429/1429/1429 1430/1430/1430 1431/1431/1431
f 1432/1432/1432 1433/1433/1433 1434/1434/1434
f 1435/1435/1435 1436/1436/1436 1437/1437/1437
f 1438/1438/1438 1439/1439/1439 1440/1440/1440
f 1441/1441/1441 1442/1442/1442 1443/1443/1443
f 1444/1444/1444 1445/1445/1445 1446/1446/1446
f 1447/1447/1447 1448/1448/1448 1449/1449/1449
f 1450/1450/1450 1451/1451/1451 1452/1452/1452
f 1453/1453/1453 1454/1454/1454 1455/1455/1455
f 1456/1456/1456 1457/1457/1457 1458/1458/1458
f 1459/1459/1459 1460/1460/1460 1461/1461/1461
f 1462/1462/1462 1463/1463/1463 1464/1464/1464
f 1465/1465/1465 1466/1466/1466 1467/1467/1467
f 1468/1468/1468 1469/1469/1469 1470/1470/1470
f 1471/1471/1471 1472/1472/1472 1473/1473/1473
f 1474/1474/1474 1475/1475/1475 1476/1476/1476
f 1477/1477/1477 1478/1478/1478 1479/1479/1479
f 1480/1480/1480 1481/1481/1481 1482/1482/1482
f 1483/1483/1483 1484/1484/1484 1485/1485/1485
f 1486/1486/1486 1487/1487/1487 1488/1488/1488
f 1489/1489/1489 1490/1490/1490 1491/1491/1491
f 1492/1492/1492 1493/1493/1493 1494/1494/1494
f 1495/1495/1495 1496/1496/1496 1497/1497/1497
f 1498/1498/1498 1499/1499/1499 1500/1500/1500
f 1501/1501/1501 1502/1502/1502 1503/1503/1503
f 1504/1504/1504 1505/1505/1505 1506/1506/1506
f 1507/1507/1507 1508/1508/1508 1509/1509/1509
f 1510/1510/1510 1511/1511/1511 1512/1512/1512
f 1513/1513/1513 1514/1514/1514 1515/1515/1515
f 1516/1516/1516 1517/1517/1517 1518/1518/1518
f 1519/1519/1519 1520/1520/1520 1521/1521/1521
f 1522/1522/1522 1523/1523/1523 1524/1524/1524
f 1525/1525/1525 1526/1526/1526 1527/1527/1527
f 1528/1528/1528 1529/1529/1529 1530/1530/1530
f 1531/1531/1531 1532/1532/1532 1533/1533/1533
f 1534/1534/1534 1535/1535/1535 1536/1536/1536
f 1537/1537/1537 1538/1538/1538 1539/1539/1539
f 1540/1540/1540 1541/1541/1541 1542/1542/1542
f 1543/1543/1543 1544/1544/1544 1545/1545/1545
f 1546/1546/1546 1547/1547/1547 1548/1548/1548
f 1549/1549/1549 1550/1550/1550 1551/1551/1551
f 1552/1552/1552 1553/1553/1553 1554/1554/1554
f 1555/1555/1555 1556/1556/1556 1557/1557/1557
f 1558/1558/1558 1559/1559/1559 1560/1560/1560
f 1561/1561/1561 1562/1562/1562 1563/1563/1563
f 1564/1564/1564 1565/1565/1565 1566/1566/1566
f 1567/1567/1567 1568/1568/1568 1569/1569/1569
f 1570/1570/1570 1571/1571/1571 1572/1572/1572
f 1573/1573/1573 1574/1574/1574 1575/1575/1575
f 1576/1576/1576 1577/1577/1577 1578/1578/1578
f 1579/1579/1579 1580/1580/1580 1581/1581/1581
f 1582/1582/1582 1583/1583/1583 1584/1584/1584
f 1585/1585/1585 1586/1586/1586 1587/1587/1587
f 1588/1588/1588 1589/1589/1589 1590/1590/1590
f 1591/1591/1591 1592/1592/1592 1593/1593/1593
f 1594/1594/1594 1595/1595/1595 1596/1596/1596
f 1597/1597/1597 1598/1598/1598 1599/1599/1599
f 1600/1600/1600 1601/1601/1601 1602/1602/1602
f 1603/1603/1603 1604/1604/1604 1605/1605/1605
f 1606/1606/1606 1607/1607/1607 1608/1608/1608
f 1609/1609/1609 1610/1610/1610 1611/1611/1611
f 1612/1612/1612 1613/1613/1613 1614/1614/1614
f 1615/1615/1615 1616/1616/1616 1617/1617/1617
f 1618/1618/1618 1619/1619/1619 1620/1620/1620
f 1621/1621/1621 1622/1622/1622 1623/1623/1623
f 1624/1624/1624 1625/1625/1625 1626/1626/1626
f 1627/1627/1627 1628/1628/1628 1629/1629/1629
f 1630/1630/1630 1631/1631/1631 1632/1632/1632
f 1633/1633/1633 1634/1634/1634 1635/1635/1635
f 1636/1636/1636 1637/1637/1637 1638/1638/1638
f 1639/1639/1639 1640/1640/1640 1641/1641/1641
f 1642/1642/1642 1643/1643/1643 1644/1644/1644
f 1645/1645/1645 1646/1646/1646 1647/1647/1647
f 1648/1648/1648 1649/1649/1649 1650/1650/1650
f 1651/1651/1651 1652/1652/1652 1653/1653/1653
f 1654/1654/1654 1655/1655/1655 1656/1656/1656
f 1657/1657/1657 1658/1658/1658 1659/1659/1659
f 1660/1660/1660 1661/1661/1661 1662/1662/1662
f 1663/1663/1663 1664/1664/1664 1665/1665/1665
f 1666/1666/1666 1667/1667/1667 1668/1668/1668
f 1669/1669/1669 1670/1670/1670 1671/1671/1671
f 1672/1672/1672 1673/1673/1673 1674/1674/1674
f 1675/1675/1675 1676/1676/1676 1677/1677/1677
f 1678/1678/1678 1679/1679/1679 1680/1680/1680
f 1681/1681/1681 1682/1682/1682 1683/1683/1683
f 1684/1684/1684 1685/1685/1685 1686/1686/1686
f 1687/1687/1687 1688/1688/1688 1689/1689/1689
f 1690/1690/1690 1691/1691/1691 1692/1692/1692
f 1693/1693/1693 1694/1694/1694 1695/1695/1695
f 1696/1696/1696 1697/1697/1697 1698/1698/1698
f 1699/1699/1699 1700/1700/1700 1701/1701/1701
f 1702/1702/1702 1703/1703/1703 1704/1704/1704
f 1705/1705/1705 1706/1706/1706 1707/1707/1707
f 1708/1708/1708 1709/1709/1709 1710/1710/1710
f 1711/1711/1711 1712/1712/1712 1713/1713/1713
f 1714/1714/1714 1715/1715/1715 1716/1716/1716
f 1717/1717/1717 1718/1718/1718 1719/1719/1719
f 1720/1720/1720 1721/1721/1721 1722/1722/1722
f 1723/1723/1723 1724/1724/1724 1725/1725/1725
f 1726/1726/1726 1727/1727/1727 1728/1728/1728
f 1729/1729/1729 1730/1730/1730 1731/1731/1731
f 1732/1732/1732 1733/1733/1733 1734/1734/1734
f 1735/1735/1735 1736/1736/1736 1737/1737/1737
f 1738/1738/1738 1739/1739/1739 1740/1740/1740
f 1741/1741/1741 1742/1742/1742 1743/1743/1743
f 1744/1744/1744 1745/1745/1745 1746/1746/1746
f 1747/1747/1747 1748/1748/1748 1749/1749/1749
f 1750/1750/1750 1751/1751/1751 1752/1752/1752
f 1753/1753/1753 1754/1754/1754 1755/1755/1755
f 1756/1756/1756 1757/1757/1757 1758/1758/1758
f 1759/1759/1759 1760/1760/1760 1761/1761/1761
f 1762/1762/1762 1763/1763/1763 1764/1764/1764
f 1765/1765/1765 1766/1766/1766 1767/1767/1767
f 1768/1768/1768 1769/1769/1769 1770/1770/1770
f 1771/1771/1771 1772/1772/1772 1773/1773/1773
f 1774/1774/1774 1775/1775/1775 1776/1776/1776
f 1777/1777/1777 1778/1778/1778 1779/1779/1779
f 1780/1780/1780 1781/1781/1781 1782/1782/1782
f 1783/1783/1783 1784/1784/1784 1785/1785/1785
f 1786/1786/1786 1787/1787/1787 1788/1788/1788
f 1789/1789/1789 1790/1790/1790 1791/1791/1791
f 1792/1792/1792 1793/1793/1793 1794/1794/1794
f 1795/1795/1795 1796/1796/1796 1797/1797/1797
f 1798/1798/1798 1799/1799/1799 1800/1800/1800
f 1801/1801/1801 1802/1802/1802 1803/1803/1803
f 1804/1804/1804 1805/1805/1805 1806/1806/1806
f 1807/1807/1807 1808/1808/1808 1809/1809/1809
f 1810/1810/1810 1811/1811/1811 1812/1812/1812
f 1813/1813/1813 1814/1814/1814 1815/1815/1815
f 1816/1816/1816 1817/1817/1817 1818/1818/1818
f 1819/1819/1819 1820/1820/1820 1821/1821/1821
f 1822/1822/1822 1823/1823/1823 1824/1824/1824
f 1825/1825/1825 1826/1826/1826 1827/1827/1827
f 1828/1828/1828 1829/1829/1829 1830/1830/1830
f 1831/1831/1831 1832/1832/1832 1833/1833/1833
f 1834/1834/1834 1835/1835/1835 1836/1836/1836
f 1837/1837/1837 1838/1838/1838 1839/1839/1839
f 1840/1840/1840 1841/1841/1841 1842/1842/1842
f 1843/1843/1843 1844/1844/1844 1845/1845/1845
f 1846/1846/1846 1847/1847/1847 1848/1848/1848
f 1849/1849/1849 1850/1850/1850 1851/1851/1851
f 1852/1852/1852 1853/1853/1853 1854/1854/1854
f 1855/1855/1855 1856/1856/1856 1857/1857/1857
f 1858/1858/1858 1859/1859/1859 1860/1860/1860
f 1861/1861/1861 1862/1862/1862 1863/1863/1863
f 1864/1864/1864 1865/1865/1865 1866/1866/1866
f 1867/1867/1867 1868/1868/1868 1869/1869/1869
f 1870/1870/1870 1871/1871/1871 1872/1872/1872
f 1873/1873/1873 1874/1874/1874 1875/1875/1875
f 1876/1876/1876 1877/1877/1877 1878/1878/1878
f 1879/1879/1879 1880/1880/1880 1881/1881/1881
f 1882/1882/1882 1883/1883/1883 1884/1884/1884
f 1885/1885/1885 1886/1886/1886 1887/1887/1887
f 1888/1888/1888 1889/1889/1889 1890/1890/1890
f 1891/1891/1891 1892/1892/1892 1893/1893/1893
f 1894/1894/1894 1895/1895/1895 1896/1896/1896
f 1897/1897/1897 1898/1898/1898 1899/1899/1899
f 1900/1900/1900 1901/1901/1901 1902/1902/1902
f 1903/1903/1903 1904/1904/1904 1905/1905/1905
f 1906/1906/1906 1907/1907/1907 1908/1908/1908
f 1909/1909/1909 1910/1910/1910 1911/1911/1911
f 1912/1912/1912 1913/1913/1913 1914/1914/1914
f 1915/1915/1915 1916/1916/1916 1917/1917/1917
f 1918/1918/1918 1919/1919/1919 1920/1920/1920
f 1921/1921/1921 1922/1922/1922 1923/1923/1923
f 1924/1924/1924 1925/1925/1925 1926/1926/1926
f 1927/1927/1927 1928/1928/1928 1929/1929/1929
f 1930/1930/1930 1931/1931/1931 1932/1932/1932
f 1933/1933/1933 1934/1934/1934 1935/1935/1935
f 1936/1936/1936 1937/1937/1937 1938/1938/1938
f 1939/1939/1939 1940/1940/1940 1941/1941/1941
f 1942/1942/1942 1943/1943/1943 1944/1944/1944
f 1945/1945/1945 1946/1946/1946 1947/1947/1947
f 1948/1948/1948 1949/1949/1949 1950/1950/1950
f 1951/1951/1951 1952/1952/1952 1953/1953/1953
f 1954/1954/1954 1955/1955/1955 1956/1956/1956
f 1957/1957/1957 1958/1958/1958 1959/1959/1959
f 1960/1960/1960 1961/1961/1961 1962/1962/1962
f 1963/1963/1963 1964/1964/1964 1965/1965/1965
f 1966/1966/1966 1967/1967/1967 1968/1968/1968
f 1969/1969/1969 1970/1970/1970 1971/1971/1971
f 1972/1972/1972 1973/1973/1973 1974/1974/1974
f 1975/1975/1975 1976/1976/1976 1977/1977/1977
f 1978/1978/1978 1979/1979/1979 1980/1980/1980
f 1981/1981/1981 1982/1982/1982 1983/1983/1983
f 1984/1984/1984 1985/1985/1985 1986/1986/1986
f 1987/1987/1987 1988/1988/1988 1989/1989/1989
f 1990/1990/1990 1991/1991/1991 1992/1992/1992
f 1993/1993/1993 1994/1994/1994 1995/1995/1995
f 1996/1996/1996 1997/1997/1997 1998/1998/1998
f 1999/1999/1999 2000/2000/2000 2001/2001/2001
f 2002/2002/2002 2003/2003/2003 2004/2004/2004
f 2005/2005/2005 2006/2006/2006 2007/2007/2007
f 2008/2008/2008 2009/2009/2009 2010/2010/2010
f 2011/2011/2011 2012/2012/2012 2013/2013/2013
f 2014/2014/2014 2015/2015/2015 2016/2016/2016
f 2017/2017/2017 2018/2018/2018 2019/2019/2019
f 2020/2020/2020 2021/2021/2021 2022/2022/2022
f 2023/2023/2023 2024/2024/2024 2025/2025/2025
f 2026/2026/2026 2027/2027/2027 2028/2028/2028
f 2029/2029/2029 2030/2030/2030 2031/2031/2031
f 2032/2032/2032 2033/2033/2033 2034/2034/2034
f 2035/2035/2035 2036/2036/2036 2037/2037/2037
f 2038/2038/2038 2039/2039/2039 2040/2040/2040
f 2041/2041/2041 2042/2042/2042 2043/2043/2043
f 2044/2044/2044 2045/2045/2045 2046/2046/2046
f 2047/2047/2047 2048/2048/2048 2049/2049/2049
f 2050/2050/2050 2051/2051/2051 2052/2052/2052
f 2053/2053/2053 2054/2054/2054 2055/2055/2055
f 2056/2056/2056 2057/2057/2057 2058/2058/2058
f 2059/2059/2059 2060/2060/2060 2061/2061/2061
f 2062/2062/2062 2063/2063/2063 2064/2064/2064
f 2065/2065/2065 2066/2066/2066 2067/2067/2067
f 2068/2068/2068 2069/2069/2069 2070/2070/2070
f 2071/2071/2071 2072/2072/2072 2073/2073/2073
f 2074/2074/2074 2075/2075/2075 2076/2076/2076
f 2077/2077/2077 2078/2078/2078 2079/2079/2079
f 2080/2080/2080 2081/2081/2081 2082/2082/2082
f 2083/2083/2083 2084/2084/2084 2085/2085/2085
f 2086/2086/2086 2087/2087/2087 2088/2088/2088
f 2089/2089/2089 2090/2090/2090 2091/2091/2091
f 2092/2092/2092 2093/2093/2093 2094/2094/2094
f 2095/2095/2095 2096/2096/2096 2097/2097/2097
f 2098/2098/2098 2099/2099/2099 2100/2100/2100
f 2101/2101/2101 2102/2102/2102 2103/2103/2103
f 2104/2104/2104 2105/2105/2105 2106/2106/2106
f 2107/2107/2107 2108/2108/2108 2109/2109/2109
f 2110/2110/2110 2111/2111/2111 2112/2112/2112
f 2113/2113/2113 2114/2114/2114 2115/2115/2115
f 2116/2116/2116 2117/2117/2117 2118/2118/2118
f 2119/2119/2119 2120/2120/2120 2121/2121/2121
f 2122/2122/2122 2123/2123/2123 2124/2124/2124
f 2125/2125/2125 2126/2126/2126 2127/2127/2127
f 2128/2128/2128 2129/2129/2129 2130/2130/2130
f 2131/2131/2131 2132/2132/2132 2133/2133/2133
f 2134/2134/2134 2135/2135/2135 2136/2136/2136
f 2137/2137/2137 2138/2138/2138 2139/2139/2139
f 2140/2140/2140 2141/2141/2141 2142/2142/2142
f 2143/2143/2143 2144/2144/2144 2145/2145/2145
f 2146/2146/2146 2147/2147/2147 2148/2148/2148
f 2149/2149/2149 2150/2150/2150 2151/2151/2151
f 2152/2152/2152 2153/2153/2153 2154/2154/2154
f 2155/2155/2155 2156/2156/2156 2157/2157/2157
f 2158/2158/2158 2159/2159/2159 2160/2160/2160
f 2161/2161/2161 2162/2162/2162 2163/2163/2163
f 2164/2164/2164 2165/2165/2165 2166/2166/2166
f 2167/2167/2167 2168/2168/2168 2169/2169/2169
f 2170/2170/2170 2171/2171/2171 2172/2172/2172
f 2173/2173/2173 2174/2174/2174 2175/2175/2175
f 2176/2176/2176 2177/2177/2177 2178/2178/2178
f 2179/2179/2179 2180/2180/2180 2181/2181/2181
f 2182/2182/2182 2183/2183/2183 2184/2184/2184
f 2185/2185/2185 2186/2186/2186 2187/2187/2187
f 2188/2188/2188 2189/2189/2189 2190/2190/2190
f 2191/2191/2191 2192/2192/2192 2193/2193/2193
f 2194/2194/2194 2195/2195/2195 2196/2196/2196
f 2197/2197/2197 2198/2198/2198 2199/2199/2199
f 2200/2200/2200 2201/2201/2201 2202/2202/2202
f 2203/2203/2203 2204/2204/2204 2205/2205/2205
f 2206/2206/2206 2207/2207/2207 2208/2208/2208
f 2209/2209/2209 2210/2210/2210 2211/2211/2211
f 2212/2212/2212 2213/2213/2213 2214/2214/2214
f 2215/2215/2215 2216/2216/2216 2217/2217/2217
f 2218/2218/2218 2219/2219/2219 2220/2220/2220
f 2221/2221/2221 2222/2222/2222 2223/2223/2223
f 2224/2224/2224 2225/2225/2225 2226/2226/2226
f 2227/2227/2227 2228/2228/2228 2229/2229/2229
f 2230/2230/2230 2231/2231/2231 2232/2232/2232
f 2233/2233/2233 2234/2234/2234 2235/2235/2235
f 2236/2236/2236 2237/2237/2237 2238/2238/2238
f 2239/2239/2239 2240/2240/2240 2241/2241/2241
f 2242/2242/2242 2243/2243/2243 2244/2244/2244
f 2245/2245/2245 2246/2246/2246 2247/2247/2247
f 2248/2248/2248 2249/2249/2249 2250/2250/2250
f 2251/2251/2251 2252/2252/2252 2253/2253/2253
f 2254/2254/2254 2255/2255/2255 2256/2256/2256
f 2257/2257/2257 2258/2258/2258 2259/2259/2259
f 2260/2260/2260 2261/2261/2261 2262/2262/2262
f 2263/2263/2263 2264/2264/2264 2265/2265/2265
f 2266/2266/2266 2267/2267/2267 2268/2268/2268
f 2269/2269/2269 2270/2270/2270 2271/2271/2271
f 2272/2272/2272 2273/2273/2273 2274/2274/2274
f 2275/2275/2275 2276/2276/2276 2277/2277/2277
f 2278/2278/2278 2279/2279/2279 2280/2280/2280
f 2281/2281/2281 2282/2282/2282 2283/2283/2283
f 2284/2284/2284 2285/2285/2285 2286/2286/2286
f 2287/2287/2287 2288/2288/2288 2289/2289/2289
f 2290/2290/2290 2291/2291/2291 2292/2292/2292
f 2293/2293/2293 2294/2294/2294 2295/2295/2295
f 2296/2296/2296 2297/2297/2297 2298/2298/2298
f 2299/2299/2299 2300/2300/2300 2301/2301/2301
f 2302/2302/2302 2303/2303/2303 2304/2304/2304
f 2305/2305/2305 2306/2306/2306 2307/2307/2307
f 2308/2308/2308 2309/2309/2309 2310/2310/2310
f 2311/2311/2311 2312/2312/2312 2313/2313/2313
f 2314/2314/2314 2315/2315/2315 2316/2316/2316
f 2317/2317/2317 2318/2318/2318 2319/2319/2319
f 2320/2320/2320 2321/2321/2321 2322/2322/2322
f 2323/2323/2323 2324/2324/2324 2325/2325/2325
f 2326/2326/2326 2327/2327/2327 2328/2328/2328
f 2329/2329/2329 2330/2330/2330 2331/2331/2331
f 2332/2332/2332 2333/2333/2333 2334/2334/2334
f 2335/2335/2335 2336/2336/2336 2337/2337/2337
f 2338/2338/2338 2339/2339/2339 2340/2340/2340
f 2341/2341/2341 2342/2342/2342 2343/2343/2343
f 2344/2344/2344 2345/2345/2345 2346/2346/2346
f 2347/2347/2347 2348/2348/2348 2349/2349/2349
f 2350/2350/2350 2351/2351/2351 2352/2352/2352
f 2353/2353/2353 2354/2354/2354 2355/2355/2355
f 2356/2356/2356 2357/2357/2357 2358/2358/2358
f 2359/2359/2359 2360/2360/2360 2361/2361/2361
f 2362/2362/2362 2363/2363/2363 2364/2364/2364
f 2365/2365/2365 2366/2366/2366 2367/2367/2367
f 2368/2368/2368 2369/2369/2369 2370/2370/2370
f 2371/2371/2371 2372/2372/2372 2373/2373/2373
f 2374/2374/2374 2375/2375/2375 2376/2376/2376
f 2377/2377/2377 2378/2378/2378 2379/2379/2379
f 2380/2380/2380 2381/2381/2381 2382/2382/2382
f 2383/2383/2383 2384/2384/2384 2385/2385/2385
f 2386/2386/2386 2387/2387/2387 2388/2388/2388
f 2389/2389/2389 2390/2390/2390 2391/2391/2391
f 2392/2392/2392 2393/2393/2393 2394/2394/2394
f 2395/2395/2395 2396/2396/2396 2397/2397/2397
f 2398/2398/2398 2399/2399/2399 2400/2400/2400
f 2401/2401/2401 2402/2402/2402 2403/2403/2403
f 2404/2404/2404 2405/2405/2405 2406/2406/2406
f 2407/2407/2407 2408/2408/2408 2409/2409/2409
f 2410/2410/2410 2411/2411/2411 2412/2412/2412
f 2413/2413/2413 2414/2414/2414 2415/2415/2415
f 2416/2416/2416 2417/2417/2417 2418/2418/2418
f 2419/2419/2419 2420/2420/2420 2421/2421/2421
f 2422/2422/2422 2423/2423/2423 2424/2424/2424
f 2425/2425/2425 2426/2426/2426 2427/2427/2427
f 2428/2428/2428 2429/2429/2429 2430/2430/2430
f 2431/2431/2431 2432/2432/2432 2433/2433/2433
f 2434/2434/2434 2435/2435/2435 2436/2436/2436
f 2437/2437/2437 2438/2438/2438 2439/2439/2439
f 2440/2440/2440 2441/2441/2441 2442/2442/2442
f 2443/2443/2443 2444/2444/2444 2445/2445/2445
f 2446/2446/2446 2447/2447/2447 2448/2448/2448
f 2449/2449/2449 2450/2450/2450 2451/2451/2451
f 2452/2452/2452 2453/2453/2453 2454/2454/2454
f 2455/2455/2455 2456/2456/2456 2457/2457/2457
f 2458/2458/2458 2459/2459/2459 2460/2460/2460
f 2461/2461/2461 2462/2462/2462 2463/2463/2463
f 2464/2464/2464 2465/2465/2465 2466/2466/2466
f 2467/2467/2467 2468/2468/2468 2469/2469/2469
f 2470/2470/2470 2471/2471/2471 2472/2472/2472
f 2473/2473/2473 2474/2474/2474 2475/2475/2475
f 2476/2476/2476 2477/2477/2477 2478/2478/2478
f 2479/2479/2479 2480/2480/2480 2481/2481/2481
f 2482/2482/2482 2483/2483/2483 2484/2484/2484
f 2485/2485/2485 2486/2486/2486 2487/2487/2487
f 2488/2488/2488 2489/2489/2489 2490/2490/2490
f 2491/2491/2491 2492/2492/2492 2493/2493/2493
f 2494/2494/2494 2495/2495/2495 2496/2496/2496
f 2497/2497/2497 2498/2498/2498 2499/2499/2499
f 2500/2500/2500 2501/2501/2501 2502/2502/2502
f 2503/2503/2503 2504/2504/2504 2505/2505/2505
f 2506/2506/2506 2507/2507/2507 2508/2508/2508
f 2509/2509/2509 2510/2510/2510 2511/2511/2511
f 2512/2512/2512 2513/2513/2513 2514/2514/2514
f 2515/2515/2515 2516/2516/2516 2517/2517/2517
f 2518/2518/2518 2519/2519/2519 2520/2520/2520
f 2521/2521/2521 2522/2522/2522 2523/2523/2523
f 2524/2524/2524 2525/2525/2525 2526/2526/2526
f 2527/2527/2527 2528/2528/2528 2529/2529/2529
f 2530/2530/2530 2531/2531/2531 2532/2532/2532
f 2533/2533/2533 2534/2534/2534 2535/2535/2535
f 2536/2536/2536 2537/2537/2537 2538/2538/2538
f 2539/2539/2539 2540/2540/2540 2541/2541/2541
f 2542/2542/2542 2543/2543/2543 2544/2544/2544
f 2545/2545/2545 2546/2546/2546 2547/2547/2547
f 2548/2548/2548 2549/2549/2549 2550/2550/2550
f 2551/2551/2551 2552/2552/2552 2553/2553/2553
f 2554/2554/2554 2555/2555/2555 2556/2556/2556
f 2557/2557/2557 2558/2558/2558 2559/2559/2559
f 2560/2560/2560 2561/2561/2561 2562/2562/2562
f 2563/2563/2563 2564/2564/2564 2565/2565/2565
f 2566/2566/2566 2567/2567/2567 2568/2568/2568
f 2569/2569/2569 2570/2570/2570 2571/2571/2571
f 2572/2572/2572 2573/2573/2573 2574/2574/2574
f 2575/2575/2575 2576/2576/2576 2577/2577/2577
f 2578/2578/2578 2579/2579/2579 2580/2580/2580
f 2581/2581/2581 2582/2582/2582 2583/2583/2583
f 2584/2584/2584 2585/2585/2585 2586/2586/2586
f 2587/2587/2587 2588/2588/2588 2589/2589/2589
f 2590/2590/2590 2591/2591/2591 2592/2592/2592
f 2593/2593/2593 2594/2594/2594 2595/2595/2595
f 2596/2596/2596 2597/2597/2597 2598/2598/2598
f 2599/2599/2599 2600/2600/2600 2601/2601/2601
f 2602/2602/2602 2603/2603/2603 2604/2604/2604
f 2605/2605/2605 2606/2606/2606 2607/2607/2607
f 2608/2608/2608 2609/2609/2609 2610/2610/2610
f 2611/2611/2611 2612/2612/2612 2613/2613/2613
f 2614/2614/2614 2615/2615/2615 2616/2616/2616
f 2617/2617/2617 2618/2618/2618 2619/2619/2619
f 2620/2620/2620 2621/2621/2621 2622/2622/2622
f 2623/2623/2623 2624/2624/2624 2625/2625/2625
f 2626/2626/2626 2627/2627/2627 2628/2628/2628
f 2629/2629/2629 2630/2630/2630 2631/2631/2631
f 2632/2632/2632 2633/2633/2633 2634/2634/2634
f 2635/2635/2635 2636/2636/2636 2637/2637/2637
f 2638/2638/2638 2639/2639/2639 2640/2640/2640
f 2641/2641/2641 2642/2642/2642 2643/2643/2643
f 2644/2644/2644 2645/2645/2645 2646/2646/2646
f 2647/2647/2647 2648/2648/2648 2649/2649/2649
f 2650/2650/2650 2651/2651/2651 2652/2652/2652
f 2653/2653/2653 2654/2654/2654 2655/2655/2655
f 2656/2656/2656 2657/2657/2657 2658/2658/2658
f 2659/2659/2659 2660/2660/2660 2661/2661/2661
f 2662/2662/2662 2663/2663/2663 2664/2664/2664
f 2665/2665/2665 2666/2666/2666 2667/2667/2667
f 2668/2668/2668 2669/2669/2669 2670/2670/2670
f 2671/2671/2671 2672/2672/2672 2673/2673/2673
f 2674/2674/2674 2675/2675/2675 2676/2676/2676
f 2677/2677/2677 2678/2678/2678 2679/2679/2679
f 2680/2680/2680 2681/2681/2681 2682/2682/2682
f 2683/2683/2683 2684/2684/2684 2685/2685/2685
f 2686/2686/2686 2687/2687/2687 2688/2688/2688
f 2689/2689/2689 2690/2690/2690 2691/2691/2691
f 2692/2692/2692 2693/2693/2693 2694/2694/2694
f 2695/2695/2695 2696/2696/2696 2697/2697/2697
f 2698/2698/2698 2699/2699/2699 2700/2700/2700
f 2701/2701/2701 2702/2702/2702 2703/2703/2703
f 2704/2704/2704 2705/2705/2705 2706/2706/2706
f 2707/2707/2707 2708/2708/2708 2709/2709/2709
f 2710/2710/2710 2711/2711/2711 2712/2712/2712
f 2713/2713/2713 2714/2714/2714 2715/2715/2715
f 2716/2716/2716 2717/2717/2717 2718/2718/2718
f 2719/2719/2719 2720/2720/2720 2721/2721/2721
f 2722/2722/2722 2723/2723/2723 2724/2724/2724
f 2725/2725/2725 2726/2726/2726 2727/2727/2727
f 2728/2728/2728 2729/2729/2729 2730/2730/2730
f 2731/2731/2731 2732/2732/2732 2733/2733/2733
f 2734/2734/2734 2735/2735/2735 2736/2736/2736
f 2737/2737/2737 2738/2738/2738 2739/2739/2739
f 2740/2740/2740 2741/2741/2741 2742/2742/2742
f 2743/2743/2743 2744/2744/2744 2745/2745/2745
f 2746/2746/2746 2747/2747/2747 2748/2748/2748
f 2749/2749/2749 2750/2750/2750 2751/2751/2751
f 2752/2752/2752 2753/2753/2753 2754/2754/2754
f 2755/2755/2755 2756/2756/2756 2757/2757/2757
f 2758/2758/2758 2759/2759/2759 2760/2760/2760
f 2761/2761/2761 2762/2762/2762 2763/2763/2763
f 2764/2764/2764 2765/2765/2765 2766/2766/2766
f 2767/2767/2767 2768/2768/2768 2769/2769/2769
f 2770/2770/2770 2771/2771/2771 2772/2772/2772
f 2773/2773/2773 2774/2774/2774 2775/2775/2775
f 2776/2776/2776 2777/2777/2777 2778/2778/2778
f 2779/2779/2779 2780/2780/2780 2781/2781/2781
f 2782/2782/2782 2783/2783/2783 2784/2784/2784
f 2785/2785/2785 2786/2786/2786 2787/2787/2787
f 2788/2788/2788 2789/2789/2789 2790/2790/2790
f 2791/2791/2791 2792/2792/2792 2793/2793/2793
f 2794/2794/2794 2795/2795/2795 2796/2796/2796
f 2797/2797/2797 2798/2798/2798 2799/2799/2799
f 2800/2800/2800 2801/2801/2801 2802/2802/2802
f 2803/2803/2803 2804/2804/2804 2805/2805/2805
f 2806/2806/2806 2807/2807/2807 2808/2808/2808
f 2809/2809/2809 2810/2810/2810 2811/2811/2811
f 2812/2812/2812 2813/2813/2813 2814/2814/2814
f 2815/2815/2815 2816/2816/2816 2817/2817/2817
f 2818/2818/2818 2819/2819/2819 2820/2820/2820
f 2821/2821/2821 2822/2822/2822 2823/2823/2823
f 2824/2824/2824 2825/2825/2825 2826/2826/2826
f 2827/2827/2827 2828/2828/2828 2829/2829/2829
f 2830/2830/2830 2831/2831/2831 2832/2832/2832
f 2833/2833/2833 2834/2834/2834 2835/2835/2835
f 2836/2836/2836 2837/2837/2837 2838/2838/2838
f 2839/2839/2839 2840/2840/2840 2841/2841/2841
f 2842/2842/2842 2843/2843/2843 2844/2844/2844
f 2845/2845/2845 2846/2846/2846 2847/2847/2847
f 2848/2848/2848 2849/2849/2849 2850/2850/2850
f 2851/2851/2851 2852/2852/2852 2853/2853/2853
f 2854/2854/2854 2855/2855/2855 2856/2856/2856
f 2857/2857/2857 2858/2858/2858 2859/2859/2859
f 2860/2860/2860 2861/2861/2861 2862/2862/2862
f 2863/2863/2863 2864/2864/2864 2865/2865/2865
f 2866/2866/2866 2867/2867/2867 2868/2868/2868
f 2869/2869/2869 2870/2870/2870 2871/2871/2871
f 2872/2872/2872 2873/2873/2873 2874/2874/2874
f 2875/2875/2875 2876/2876/2876 2877/2877/2877
f 2878/2878/2878 2879/2879/2879 2880/2880/2880
f 2881/2881/2881 2882/2882/2882 2883/2883/2883
f 2884/2884/2884 2885/2885/2885 2886/2886/2886
f 2887/2887/2887 2888/2888/2888 2889/2889/2889
f 2890/2890/2890 2891/2891/2891 2892/2892/2892
f 2893/2893/2893 2894/2894/2894 2895/2895/2895
f 2896/2896/2896 2897/2897/2897 2898/2898/2898
f 2899/2899/2899 2900/2900/2900 2901/2901/2901
f 2902/2902/2902 2903/2903/2903 2904/2904/2904
f 2905/2905/2905 2906/2906/2906 2907/2907/2907
f 2908/2908/2908 2909/2909/2909 2910/2910/2910
f 2911/2911/2911 2912/2912/2912 2913/2913/2913
f 2914/2914/2914 2915/2915/2915 2916/2916/2916
f 2917/2917/2917 2918/2918/2918 2919/2919/2919
f 2920/2920/2920 2921/2921/2921 2922/2922/2922
f 2923/2923/2923 2924/2924/2924 2925/2925/2925
f 2926/2926/2926 2927/2927/2927 2928/2928/2928
f 2929/2929/2929 2930/2930/2930 2931/2931/2931
f 2932/2932/2932 2933/2933/2933 2934/2934/2934
f 2935/2935/2935 2936/2936/2936 2937/2937/2937
f 2938/2938/2938 2939/2939/2939 2940/2940/2940
f 2941/2941/2941 2942/2942/2942 2943/2943/2943
f 2944/2944/2944 2945/2945/2945 2946/2946/2946
f 2947/2947/2947 2948/2948/2948 2949/2949/2949
f 2950/2950/2950 2951/2951/2951 2952/2952/2952
f 2953/2953/2953 2954/2954/2954 2955/2955/2955
f 2956/2956/2956 2957/2957/2957 2958/2958/2958
f 2959/2959/2959 2960/2960/2960 2961/2961/2961
f 2962/2962/2962 2963/2963/2963 2964/2964/2964
f 2965/2965/2965 2966/2966/2966 2967/2967/2967
f 2968/2968/2968 2969/2969/2969 2970/2970/2970
f 2971/2971/2971 2972/2972/2972 2973/2973/2973
f 2974/2974/2974 2975/2975/2975 2976/2976/2976
f 2977/2977/2977 2978/2978/2978 2979/2979/2979
f 2980/2980/2980 2981/2981/2981 2982/2982/2982
f 2983/2983/2983 2984/2984/2984 2985/2985/2985
f 2986/2986/2986 2987/2987/2987 2988/2988/2988
f 2989/2989/2989 2990/2990/2990 2991/2991/2991
f 2992/2992/2992 2993/2993/2993 2994/2994/2994
f 2995/2995/2995 2996/2996/2996 2997/2997/2997
f 2998/2998/2998 2999/2999/2999 3000/3000/3000
f 3001/3001/3001 3002/3002/3002 3003/3003/3003
f 3004/3004/3004 3005/3005/3005 3006/3006/3006
f 3007/3007/3007 3008/3008/3008 3009/3009/3009
f 3010/3010/3010 3011/3011/3011 3012/3012/3012
f 3013/3013/3013 3014/3014/3014 3015/3015/3015
f 3016/3016/3016 3017/3017/3017 3018/3018/3018
f 3019/3019/3019 3020/3020/3020 3021/3021/3021
f 3022/3022/3022 3023/3023/3023 3024/3024/3024
f 3025/3025/3025 3026/3026/3026 3027/3027/3027
f 3028/3028/3028 3029/3029/3029 3030/3030/3030
f 3031/3031/3031 3032/3032/3032 3033/3033/3033
f 3034/3034/3034 3035/3035/3035 3036/3036/3036
f 3037/3037/3037 3038/3038/3038 3039/3039/3039
f 3040/3040/3040 3041/3041/3041 3042/3042/3042
f 3043/3043/3043 3044/3044/3044 3045/3045/3045
f 3046/3046/3046 3047/3047/3047 3048/3048/3048
f 3049/3049/3049 3050/3050/3050 3051/3051/3051
f 3052/3052/3052 3053/3053/3053 3054/3054/3054
f 3055/3055/3055 3056/3056/3056 3057/3057/3057
f 3058/3058/3058 3059/3059/3059 3060/3060/3060
f 3061/3061/3061 3062/3062/3062 3063/3063/3063
f 3064/3064/3064 3065/3065/3065 3066/3066/3066
f 3067/3067/3067 3068/3068/3068 3069/3069/3069
f 3070/3070/3070 3071/3071/3071 3072/3072/3072
f 3073/3073/3073 3074/3074/3074 3075/3075/3075
f 3076/3076/3076 3077/3077/3077 3078/3078/3078
f 3079/3079/3079 3080/3080/3080 3081/3081/3081
f 3082/3082/3082 3083/3083/3083 3084/3084/3084
f 3085/3085/3085 3086/3086/3086 3087/3087/3087
f 3088/3088/3088 3089/3089/3089 3090/3090/3090
f 3091/3091/3091 3092/3092/3092 3093/3093/3093
f 3094/3094/3094 3095/3095/3095 3096/3096/3096
f 3097/3097/3097 3098/3098/3098 3099/3099/3099
f 3100/3100/3100 3101/3101/3101 3102/3102/3102
f 3103/3103/3103 3104/3104/3104 3105/3105/3105
f 3106/3106/3106 3107/3107/3107 3108/3108/3108
f 3109/3109/3109 3110/3110/3110 3111/3111/3111
f 3112/3112/3112 3113/3113/3113 3114/3114/3114
f 3115/3115/3115 3116/3116/3116 3117/3117/3117
f 3118/3118/3118 3119/3119/3119 3120/3120/3120
f 3121/3121/3121 3122/3122/3122 3123/3123/3123
f 3124/3124/3124 3125/3125/3125 3126/3126/3126
f 3127/3127/3127 3128/3128/3128 3129/3129/3129
f 3130/3130/3130 3131/3131/3131 3132/3132/3132
f 3133/3133/3133 3134/3134/3134 3135/3135/3135
f 3136/3136/3136 3137/3137/3137 3138/3138/3138
f 3139/3139/3139 3140/3140/3140 3141/3141/3141
f 3142/3142/3142 3143/3143/3143 3144/3144/3144
f 3145/3145/3145 3146/3146/3146 3147/3147/3147
f 3148/3148/3148 3149/3149/3149 3150/3150/3150
f 3151/3151/3151 3152/3152/3152 3153/3153/3153
f 3154/3154/3154 3155/3155/3155 3156/3156/3156
f 3157/3157/3157 3158/3158/3158 3159/3159/3159
f 3160/3160/3160 3161/3161/3161 3162/3162/3162
f 3163/3163/3163 3164/3164/3164 3165/3165/3165
f 3166/3166/3166 3167/3167/3167 3168/3168/3168
f 3169/3169/3169 3170/3170/3170 3171/3171/3171
f 3172/3172/3172 3173/3173/3173 3174/3174/3174
f 3175/3175/3175 3176/3176/3176 3177/3177/3177
f 3178/3178/3178 3179/3179/3179 3180/3180/3180
f 3181/3181/3181 3182/3182/3182 3183/3183/3183
f 3184/3184/3184 3185/3185/3185 3186/3186/3186
f 3187/3187/3187 3188/3188/3188 3189/3189/3189
f 3190/3190/3190 3191/3191/3191 3192/3192/3192
f 3193/3193/3193 3194/3194/3194 3195/3195/3195
f 3196/3196/3196 3197/3197/3197 3198/3198/3198
f 3199/3199/3199 3200/3200/3200 3201/3201/3201
f 3202/3202/3202 3203/3203/3203 3204/3204/3204
f 3205/3205/3205 3206/3206/3206 3207/3207/3207
f 3208/3208/3208 3209/3209/3209 3210/3210/3210
f 3211/3211/3211 3212/3212/3212 3213/3213/3213
f 3214/3214/3214 3215/3215/3215 3216/3216/3216
f 3217/3217/3217 3218/3218/3218 3219/3219/3219
f 3220/3220/3220 3221/3221/3221 3222/3222/3222
f 3223/3223/3223 3224/3224/3224 3225/3225/3225
f 3226/3226/3226 3227/3227/3227 3228/3228/3228
f 3229/3229/3229 3230/3230/3230 3231/3231/3231
f 3232/3232/3232 3233/3233/3233 3234/3234/3234
f 3235/3235/3235 3236/3236/3236 3237/3237/3237
f 3238/3238/3238 3239/3239/3239 3240/3240/3240
f 3241/3241/3241 3242/3242/3242 3243/3243/3243
f 3244/3244/3244 3245/3245/3245 3246/3246/3246
f 3247/3247/3247 3248/3248/3248 3249/3249/3249
f 3250/3250/3250 3251/3251/3251 3252/3252/3252
f 3253/3253/3253 3254/3254/3254 3255/3255/3255
f 3256/3256/3256 3257/3257/3257 3258/3258/3258
f 3259/3259/3259 3260/3260/3260 3261/3261/3261
f 3262/3262/3262 3263/3263/3263 3264/3264/3264
f 3265/3265/3265 3266/3266/3266 3267/3267/3267
f 3268/3268/3268 3269/3269/3269 3270/3270/3270
f 3271/3271/3271 3272/3272/3272 3273/3273/3273
f 3274/3274/3274 3275/3275/3275 3276/3276/3276
f 3277/3277/3277 3278/3278/3278 3279/3279/3279
f 3280/3280/3280 3281/3281/3281 3282/3282/3282
f 3283/3283/3283 3284/3284/3284 3285/3285/3285
f 3286/3286/3286 3287/3287/3287 3288/3288/3288
f 3289/3289/3289 3290/3290/3290 3291/3291/3291
f 3292/3292/3292 3293/3293/3293 3294/3294/3294
f 3295/3295/3295 3296/3296/3296 3297/3297/3297
f 3298/3298/3298 3299/3299/3299 3300/3300/3300
f 3301/3301/3301 3302/3302/3302 3303/3303/3303
f 3304/3304/3304 3305/3305/3305 3306/3306/3306
f 3307/3307/3307 3308/3308/3308 3309/3309/3309
f 3310/3310/3310 3311/3311/3311 3312/3312/3312
f 3313/3313/3313 3314/3314/3314 3315/3315/3315
f 3316/3316/3316 3317/3317/3317 3318/3318/3318
f 3319/3319/3319 3320/3320/3320 3321/3321/3321
f 3322/3322/3322 3323/3323/3323 3324/3324/3324
f 3325/3325/3325 3326/3326/3326 3327/3327/3327
f 3328/3328/3328 3329/3329/3329 3330/3330/3330
f 3331/3331/3331 3332/3332/3332 3333/3333/3333
f 3334/3334/3334 3335/3335/3335 3336/3336/3336
f 3337/3337/3337 3338/3338/3338 3339/3339/3339
f 3340/3340/3340 3341/3341/3341 3342/3342/3342
f 3343/3343/3343 3344/3344/3344 3345/3345/3345
f 3346/3346/3346 3347/3347/3347 3348/3348/3348
f 3349/3349/3349 3350/3350/3350 3351/3351/3351
f 3352/3352/3352 3353/3353/3353 3354/3354/3354
f 3355/3355/3355 3356/3356/3356 3357/3357/3357
f 3358/3358/3358 3359/3359/3359 3360/3360/3360
f 3361/3361/3361 3362/3362/3362 3363/3363/3363
f 3364/3364/3364 3365/3365/3365 3366/3366/3366
f 3367/3367/3367 3368/3368/3368 3369/3369/3369
f 3370/3370/3370 3371/3371/3371 3372/3372/3372
f 3373/3373/3373 3374/3374/3374 3375/3375/3375
f 3376/3376/3376 3377/3377/3377 3378/3378/3378
f 3379/3379/3379 3380/3380/3380 3381/3381/3381
f 3382/3382/3382 3383/3383/3383 3384/3384/3384
f 3385/3385/3385 3386/3386/3386 3387/3387/3387
f 3388/3388/3388 3389/3389/3389 3390/3390/3390
f 3391/3391/3391 3392/3392/3392 3393/3393/3393
f 3394/3394/3394 3395/3395/3395 3396/3396/3396
f 3397/3397/3397 3398/3398/3398 3399/3399/3399
f 3400/3400/3400 3401/3401/3401 3402/3402/3402
f 3403/3403/3403 3404/3404/3404 3405/3405/3405
f 3406/3406/3406 3407/3407/3407 3408/3408/3408
f 3409/3409/3409 3410/3410/3410 3411/3411/3411
f 3412/3412/3412 3413/3413/3413 3414/3414/3414
f 3415/3415/3415 3416/3416/3416 3417/3417/3417
f 3418/3418/3418 3419/3419/3419 3420/3420/3420
f 3421/3421/3421 3422/3422/3422 3423/3423/3423
f 3424/3424/3424 3425/3425/3425 3426/3426/3426
f 3427/3427/3427 3428/3428/3428 3429/3429/3429
f 3430/3430/3430 3431/3431/3431 3432/3432/3432
f 3433/3433/3433 3434/3434/3434 3435/3435/3435
f 3436/3436/3436 3437/3437/3437 3438/3438/3438
f 3439/3439/3439 3440/3440/3440 3441/3441/3441
f 3442/3442/3442 3443/3443/3443 3444/3444/3444
f 3445/3445/3445 3446/3446/3446 3447/3447/3447
f 3448/3448/3448 3449/3449/3449 3450/3450/3450
f 3451/3451/3451 3452/3452/3452 3453/3453/3453
f 3454/3454/3454 3455/3455/3455 3456/3456/3456
f 3457/3457/3457 3458/3458/3458 3459/3459/3459
f 3460/3460/3460 3461/3461/3461 3462/3462/3462
f 3463/3463/3463 3464/3464/3464 3465/3465/3465
f 3466/3466/3466 3467/3467/3467 3468/3468/3468
f 3469/3469/3469 3470/3470/3470 3471/3471/3471
f 3472/3472/3472 3473/3473/3473 3474/3474/3474
f 3475/3475/3475 3476/3476/3476 3477/3477/3477
f 3478/3478/3478 3479/3479/3479 3480/3480/3480
f 3481/3481/3481 3482/3482/3482 3483/3483/3483
f 3484/3484/3484 3485/3485/3485 3486/3486/3486
f 3487/3487/3487 3488/3488/3488 3489/3489/3489
f 3490/3490/3490 3491/3491/3491 3492/3492/3492
f 3493/3493/3493 3494/3494/3494 3495/3495/3495
f 3496/3496/3496 3497/3497/3497 3498/3498/3498
f 3499/3499/3499 3500/3500/3500 3501/3501/3501
f 3502/3502/3502 3503/3503/3503 3504/3504/3504
f 3505/3505/3505 3506/3506/3506 3507/3507/3507
f 3508/3508/3508 3509/3509/3509 3510/3510/3510
f 3511/3511/3511 3512/3512/3512 3513/3513/3513
f 3514/3514/3514 3515/3515/3515 3516/3516/3516
f 3517/3517/3517 3518/3518/3518 3519/3519/3519
f 3520/3520/3520 3521/3521/3521 3522/3522/3522
f 3523/3523/3523 3524/3524/3524 3525/3525/3525
f 3526/3526/3526 3527/3527/3527 3528/3528/3528
f 3529/3529/3529 3530/3530/3530 3531/3531/3531
f 3532/3532/3532 3533/3533/3533 3534/3534/3534
f 3535/3535/3535 3536/3536/3536 3537/3537/3537
f 3538/3538/3538 3539/3539/3539 3540/3540/3540
f 3541/3541/3541 3542/3542/3542 3543/3543/3543
f 3544/3544/3544 3545/3545/3545 3546/3546/3546
f 3547/3547/3547 3548/3548/3548 3549/3549/3549
f 3550/3550/3550 3551/3551/3551 3552/3552/3552
f 3553/3553/3553 3554/3554/3554 3555/3555/3555
f 3556/3556/3556 3557/3557/3557 3558/3558/3558
f 3559/3559/3559 3560/3560/3560 3561/3561/3561
f 3562/3562/3562 3563/3563/3563 3564/3564/3564
f 3565/3565/3565 3566/3566/3566 3567/3567/3567
f 3568/3568/3568 3569/3569/3569 3570/3570/3570
f 3571/3571/3571 3572/3572/3572 3573/3573/3573
f 3574/3574/3574 3575/3575/3575 3576/3576/3576
f 3577/3577/3577 3578/3578/3578 3579/3579/3579
f 3580/3580/3580 3581/3581/3581 3582/3582/3582
f 3583/3583/3583 3584/3584/3584 3585/3585/3585
f 3586/3586/3586 3587/3587/3587 3588/3588/3588
f 3589/3589/3589 3590/3590/3590 3591/3591/3591
f 3592/3592/3592 3593/3593/3593 3594/3594/3594
f 3595/3595/3595 3596/3596/3596 3597/3597/3597
f 3598/3598/3598 3599/3599/3599 3600/3600/3600
f 3601/3601/3601 3602/3602/3602 3603/3603/3603
f 3604/3604/3604 3605/3605/3605 3606/3606/3606
f 3607/3607/3607 3608/3608/3608 3609/3609/3609
f 3610/3610/3610 3611/3611/3611 3612/3612/3612
f 3613/3613/3613 3614/3614/3614 3615/3615/3615
f 3616/3616/3616 3617/3617/3617 3618/3618/3618
f 3619/3619/3619 3620/3620/3620 3621/3621/3621
f 3622/3622/3622 3623/3623/3623 3624/3624/3624
f 3625/3625/3625 3626/3626/3626 3627/3627/3627
f 3628/3628/3628 3629/3629/3629 3630/3630/3630
f 3631/3631/3631 3632/3632/3632 3633/3633/3633
f 3634/3634/3634 3635/3635/3635 3636/3636/3636
f 3637/3637/3637 3638/3638/3638 3639/3639/3639
f 3640/3640/3640 3641/3641/3641 3642/3642/3642
f 3643/3643/3643 3644/3644/3644 3645/3645/3645
f 3646/3646/3646 3647/3647/3647 3648/3648/3648
f 3649/3649/3649 3650/3650/3650 3651/3651/3651
f 3652/3652/3652 3653/3653/3653 3654/3654/3654
f 3655/3655/3655 3656/3656/3656 3657/3657/3657
f 3658/3658/3658 3659/3659/3659 3660/3660/3660
f 3661/3661/3661 3662/3662/3662 3663/3663/3663
f 3664/3664/3664 3665/3665/3665 3666/3666/3666
f 3667/3667/3667 3668/3668/3668 3669/3669/3669
f 3670/3670/3670 3671/3671/3671 3672/3672/3672
f 3673/3673/3673 3674/3674/3674 3675/3675/3675
f 3676/3676/3676 3677/3677/3677 3678/3678/3678
f 3679/3679/3679 3680/3680/3680 3681/3681/3681
f 3682/3682/3682 3683/3683/3683 3684/3684/3684
f 3685/3685/3685 3686/3686/3686 3687/3687/3687
f 3688/3688/3688 3689/3689/3689 3690/3690/3690
f 3691/3691/3691 3692/3692/3692 3693/3693/3693
f 3694/3694/3694 3695/3695/3695 3696/3696/3696
f 3697/3697/3697 3698/3698/3698 3699/3699/3699
f 3700/3700/3700 3701/3701/3701 3702/3702/3702
f 3703/3703/3703 3704/3704/3704 3705/3705/3705
f 3706/3706/3706 3707/3707/3707 3708/3708/3708
f 3709/3709/3709 3710/3710/3710 3711/3711/3711
f 3712/3712/3712 3713/3713/3713 3714/3714/3714
f 3715/3715/3715 3716/3716/3716 3717/3717/3717
f 3718/3718/3718 3719/3719/3719 3720/3720/3720
f 3721/3721/3721 3722/3722/3722 3723/3723/3723
f 3724/3724/3724 3725/3725/3725 3726/3726/3726
f 3727/3727/3727 3728/3728/3728 3729/3729/3729
f 3730/3730/3730 3731/3731/3731 3732/3732/3732
f 3733/3733/3733 3734/3734/3734 3735/3735/3735
f 3736/3736/3736 3737/3737/3737 3738/3738/3738
f 3739/3739/3739 3740/3740/3740 3741/3741/3741
f 3742/3742/3742 3743/3743/3743 3744/3744/3744
f 3745/3745/3745 3746/3746/3746 3747/3747/3747
f 3748/3748/3748 3749/3749/3749 3750/3750/3750
f 3751/3751/3751 3752/3752/3752 3753/3753/3753
f 3754/3754/3754 3755/3755/3755 3756/3756/3756
f 3757/3757/3757 3758/3758/3758 3759/3759/3759
f 3760/3760/3760 3761/3761/3761 3762/3762/3762
f 3763/3763/3763 3764/3764/3764 3765/3765/3765
f 3766/3766/3766 3767/3767/3767 3768/3768/3768
f 3769/3769/3769 3770/3770/3770 3771/3771/3771
f 3772/3772/3772 3773/3773/3773 3774/3774/3774
f 3775/3775/3775 3776/3776/3776 3777/3777/3777
f 3778/3778/3778 3779/3779/3779 3780/3780/3780
f 3781/3781/3781 3782/3782/3782 3783/3783/3783
f 3784/3784/3784 3785/3785/3785 3786/3786/3786
f 3787/3787/3787 3788/3788/3788 3789/3789/3789
f 3790/3790/3790 3791/3791/3791 3792/3792/3792
f 3793/3793/3793 3794/3794/3794 3795/3795/3795
f 3796/3796/3796 3797/3797/3797 3798/3798/3798
f 3799/3799/3799 3800/3800/3800 3801/3801/3801
f 3802/3802/3802 3803/3803/3803 3804/3804/3804
f 3805/3805/3805 3806/3806/3806 3807/3807/3807
f 3808/3808/3808 3809/3809/3809 3810/3810/3810
f 3811/3811/3811 3812/3812/3812 3813/3813/3813
f 3814/3814/3814 3815/3815/3815 3816/3816/3816
f 3817/3817/3817 3818/3818/3818 3819/3819/3819
f 3820/3820/3820 3821/3821/3821 3822/3822/3822
f 3823/3823/3823 3824/3824/3824 3825/3825/3825
f 3826/3826/3826 3827/3827/3827 3828/3828/3828
f 3829/3829/3829 3830/3830/3830 3831/3831/3831
f 3832/3832/3832 3833/3833/3833 3834/3834/3834
f 3835/3835/3835 3836/3836/3836 3837/3837/3837
f 3838/3838/3838 3839/3839/3839 3840/3840/3840
f 3841/3841/3841 3842/3842/3842 3843/3843/3843
f 3844/3844/3844 3845/3845/3845 3846/3846/3846
f 3847/3847/3847 3848/3848/3848 3849/3849/3849
f 3850/3850/3850 3851/3851/3851 3852/3852/3852
f 3853/3853/3853 3854/3854/3854 3855/3855/3855
f 3856/3856/3856 3857/3857/3857 3858/3858/3858
f 3859/3859/3859 3860/3860/3860 3861/3861/3861
f 3862/3862/3862 3863/3863/3863 3864/3864/3864
f 3865/3865/3865 3866/3866/3866 3867/3867/3867
f 3868/3868/3868 3869/3869/3869 3870/3870/3870
f 3871/3871/3871 3872/3872/3872 3873/3873/3873
f 3874/3874/3874 3875/3875/3875 3876/3876/3876
f 3877/3877/3877 3878/3878/3878 3879/3879/3879
f 3880/3880/3880 3881/3881/3881 3882/3882/3882
f 3883/3883/3883 3884/3884/3884 3885/3885/3885
f 3886/3886/3886 3887/3887/3887 3888/3888/3888
f 3889/3889/3889 3890/3890/3890 3891/3891/3891
f 3892/3892/3892 3893/3893/3893 3894/3894/3894
f 3895/3895/3895 3896/3896/3896 3897/3897/3897
f 3898/3898/3898 3899/3899/3899 3900/3900/3900
f 3901/3901/3901 3902/3902/3902 3903/3903/3903
f 3904/3904/3904 3905/3905/3905 3906/3906/3906
f 3907/3907/3907 3908/3908/3908 3909/3909/3909
f 3910/3910/3910 3911/3911/3911 3912/3912/3912
f 3913/3913/3913 3914/3914/3914 3915/3915/3915
f 3916/3916/3916 3917/3917/3917 3918/3918/3918
f 3919/3919/3919 3920/3920/3920 3921/3921/3921
f 3922/3922/3922 3923/3923/3923 3924/3924/3924
f 3925/3925/3925 3926/3926/3926 3927/3927/3927
f 3928/3928/3928 3929/3929/3929 3930/3930/3930
f 3931/3931/3931 3932/3932/3932 3933/3933/3933
f 3934/3934/3934 3935/3935/3935 3936/3936/3936
f 3937/3937/3937 3938/3938/3938 3939/3939/3939
f 3940/3940/3940 3941/3941/3941 3942/3942/3942
f 3943/3943/3943 3944/3944/3944 3945/3945/3945
f 3946/3946/3946 3947/3947/3947 3948/3948/3948
f 3949/3949/3949 3950/3950/3950 3951/3951/3951
f 3952/3952/3952 3953/3953/3953 3954/3954/3954
f 3955/3955/3955 3956/3956/3956 3957/3957/3957
f 3958/3958/3958 3959/3959/3959 3960/3960/3960
f 3961/3961/3961 3962/3962/3962 3963/3963/3963
f 3964/3964/3964 3965/3965/3965 3966/3966/3966
f 3967/3967/3967 3968/3968/3968 3969/3969/3969
f 3970/3970/3970 3971/3971/3971 3972/3972/3972
f 3973/3973/3973 3974/3974/3974 3975/3975/3975
f 3976/3976/3976 3977/3977/3977 3978/3978/3978
f 3979/3979/3979 3980/3980/3980 3981/3981/3981
f 3982/3982/3982 3983/3983/3983 3984/3984/3984
f 3985/3985/3985 3986/3986/3986 3987/3987/3987
f 3988/3988/3988 3989/3989/3989 3990/3990/3990
f 3991/3991/3991 3992/3992/3992 3993/3993/3993
f 3994/3994/3994 3995/3995/3995 3996/3996/3996
f 3997/3997/3997 3998/3998/3998 3999/3999/3999
f 4000/4000/4000 4001/4001/4001 4002/4002/4002
f 4003/4003/4003 4004/4004/4004 4005/4005/4005
f 4006/4006/4006 4007/4007/4007 4008/4008/4008
f 4009/4009/4009 4010/4010/4010 4011/4011/4011
f 4012/4012/4012 4013/4013/4013 4014/4014/4014
f 4015/4015/4015 4016/4016/4016 4017/4017/4017
f 4018/4018/4018 4019/4019/4019 4020/4020/4020
f 4021/4021/4021 4022/4022/4022 4023/4023/4023
f 4024/4024/4024 4025/4025/4025 4026/4026/4026
f 4027/4027/4027 4028/4028/4028 4029/4029/4029
f 4030/4030/4030 4031/4031/4031 4032/4032/4032
f 4033/4033/4033 4034/4034/4034 4035/4035/4035
f 4036/4036/4036 4037/4037/4037 4038/4038/4038
f 4039/4039/4039 4040/4040/4040 4041/4041/4041
f 4042/4042/4042 4043/4043/4043 4044/4044/4044
f 4045/4045/4045 4046/4046/4046 4047/4047/4047
f 4048/4048/4048 4049/4049/4049 4050/4050/4050
f 4051/4051/4051 4052/4052/4052 4053/4053/4053
f 4054/4054/4054 4055/4055/4055 4056/4056/4056
f 4057/4057/4057 4058/4058/4058 4059/4059/4059
f 4060/4060/4060 4061/4061/4061 4062/4062/4062
f 4063/4063/4063 4064/4064/4064 4065/4065/4065
f 4066/4066/4066 4067/4067/4067 4068/4068/4068
f 4069/4069/4069 4070/4070/4070 4071/4071/4071
f 4072/4072/4072 4073/4073/4073 4074/4074/4074
f 4075/4075/4075 4076/4076/4076 4077/4077/4077
f 4078/4078/4078 4079/4079/4079 4080/4080/4080
f 4081/4081/4081 4082/4082/4082 4083/4083/4083
f 4084/4084/4084 4085/4085/4085 4086/4086/4086
f 4087/4087/4087 4088/4088/4088 4089/4089/4089
f 4090/4090/4090 4091/4091/4091 4092/4092/4092
f 4093/4093/4093 4094/4094/4094 4095/4095/4095
f 4096/4096/4096 4097/4097/4097 4098/4098/4098
f 4099/4099/4099 4100/4100/4100 4101/4101/4101
f 4102/4102/4102 4103/4103/4103 4104/4104/4104
f 4105/4105/4105 4106/4106/4106 4107/4107/4107
f 4108/4108/4108 4109/4109/4109 4110/4110/4110
f 4111/4111/4111 4112/4112/4112 4113/4113/4113
f 4114/4114/4114 4115/4115/4115 4116/4116/4116
f 4117/4117/4117 4118/4118/4118 4119/4119/4119
f 4120/4120/4120 4121/4121/4121 4122/4122/4122
f 4123/4123/4123 4124/4124/4124 4125/4125/4125
f 4126/4126/4126 4127/4127/4127 4128/4128/4128
f 4129/4129/4129 4130/4130/4130 4131/4131/4131
f 4132/4132/4132 4133/4133/4133 4134/4134/4134
f 4135/4135/4135 4136/4136/4136 4137/4137/4137
f 4138/4138/4138 4139/4139/4139 4140/4140/4140
f 4141/4141/4141 4142/4142/4142 4143/4143/4143
f 4144/4144/4144 4145/4145/4145 4146/4146/4146
f 4147/4147/4147 4148/4148/4148 4149/4149/4149
f 4150/4150/4150 4151/4151/4151 4152/4152/4152
f 4153/4153/4153 4154/4154/4154 4155/4155/4155
f 4156/4156/4156 4157/4157/4157 4158/4158/4158
f 4159/4159/4159 4160/4160/4160 4161/4161/4161
f 4162/4162/4162 4163/4163/4163 4164/4164/4164
f 4165/4165/4165 4166/4166/4166 4167/4167/4167
f 4168/4168/4168 4169/4169/4169 4170/4170/4170
f 4171/4171/4171 4172/4172/4172 4173/4173/4173
f 4174/4174/4174 4175/4175/4175 4176/4176/4176
f 4177/4177/4177 4178/4178/4178 4179/4179/4179
f 4180/4180/4180 4181/4181/4181 4182/4182/4182
f 4183/4183/4183 4184/4184/4184 4185/4185/4185
f 4186/4186/4186 4187/4187/4187 4188/4188/4188
f 4189/4189/4189 4190/4190/4190 4191/4191/4191
f 4192/4192/4192 4193/4193/4193 4194/4194/4194
f 4195/4195/4195 4196/4196/4196 4197/4197/4197
f 4198/4198/4198 4199/4199/4199 4200/4200/4200
f 4201/4201/4201 4202/4202/4202 4203/4203/4203
f 4204/4204/4204 4205/4205/4205 4206/4206/4206
f 4207/4207/4207 4208/4208/4208 4209/4209/4209
f 4210/4210/4210 4211/4211/4211 4212/4212/4212
f 4213/4213/4213 4214/4214/4214 4215/4215/4215
f 4216/4216/4216 4217/4217/4217 4218/4218/4218
f 4219/4219/4219 4220/4220/4220 4221/4221/4221
f 4222/4222/4222 4223/4223/4223 4224/4224/4224
f 4225/4225/4225 4226/4226/4226 4227/4227/4227
f 4228/4228/4228 4229/4229/4229 4230/4230/4230
f 4231/4231/4231 4232/4232/4232 4233/4233/4233
f 4234/4234/4234 4235/4235/4235 4236/4236/4236
f 4237/4237/4237 4238/4238/4238 4239/4239/4239
f 4240/4240/4240 4241/4241/4241 4242/4242/4242
f 4243/4243/4243 4244/4244/4244 4245/4245/4245
f 4246/4246/4246 4247/4247/4247 4248/4248/4248
f 4249/4249/4249 4250/4250/4250 4251/4251/4251
f 4252/4252/4252 4253/4253/4253 4254/4254/4254
f 4255/4255/4255 4256/4256/4256 4257/4257/4257
f 4258/4258/4258 4259/4259/4259 4260/4260/4260
f 4261/4261/4261 4262/4262/4262 4263/4263/4263
f 4264/4264/4264 4265/4265/4265 4266/4266/4266
f 4267/4267/4267 4268/4268/4268 4269/4269/4269
f 4270/4270/4270 4271/4271/4271 4272/4272/4272
f 4273/4273/4273 4274/4274/4274 4275/4275/4275
f 4276/4276/4276 4277/4277/4277 4278/4278/4278
f 4279/4279/4279 4280/4280/4280 4281/4281/4281
f 4282/4282/4282 4283/4283/4283 4284/4284/4284
f 4285/4285/4285 4286/4286/4286 4287/4287/4287
f 4288/4288/4288 4289/4289/4289 4290/4290/4290
f 4291/4291/4291 4292/4292/4292 4293/4293/4293
f 4294/4294/4294 4295/4295/4295 4296/4296/4296
f 4297/4297/4297 4298/4298/4298 4299/4299/4299
f 4300/4300/4300 4301/4301/4301 4302/4302/4302
f 4303/4303/4303 4304/4304/4304 4305/4305/4305
f 4306/4306/4306 4307/4307/4307 4308/4308/4308
f 4309/4309/4309 4310/4310/4310 4311/4311/4311
f 4312/4312/4312 4313/4313/4313 4314/4314/4314
f 4315/4315/4315 4316/4316/4316 4317/4317/4317
f 4318/4318/4318 4319/4319/4319 4320/4320/4320
f 4321/4321/4321 4322/4322/4322 4323/4323/4323
f 4324/4324/4324 4325/4325/4325 4326/4326/4326
f 4327/4327/4327 4328/4328/4328 4329/4329/4329
f 4330/4330/4330 4331/4331/4331 4332/4332/4332
f 4333/4333/4333 4334/4334/4334 4335/4335/4335
f 4336/4336/4336 4337/4337/4337 4338/4338/4338
f 4339/4339/4339 4340/4340/4340 4341/4341/4341
f 4342/4342/4342 4343/4343/4343 4344/4344/4344
f 4345/4345/4345 4346/4346/4346 4347/4347/4347
f 4348/4348/4348 4349/4349/4349 4350/4350/4350
f 4351/4351/4351 4352/4352/4352 4353/4353/4353
f 4354/4354/4354 4355/4355/4355 4356/4356/4356
f 4357/4357/4357 4358/4358/4358 4359/4359/4359
f 4360/4360/4360 4361/4361/4361 4362/4362/4362
f 4363/4363/4363 4364/4364/4364 4365/4365/4365
f 4366/4366/4366 4367/4367/4367 4368/4368/4368
f 4369/4369/4369 4370/4370/4370 4371/4371/4371
f 4372/4372/4372 4373/4373/4373 4374/4374/4374
f 4375/4375/4375 4376/4376/4376 4377/4377/4377
f 4378/4378/4378 4379/4379/4379 4380/4380/4380
f 4381/4381/4381 4382/4382/4382 4383/4383/4383
f 4384/4384/4384 4385/4385/4385 4386/4386/4386
f 4387/4387/4387 4388/4388/4388 4389/4389/4389
f 4390/4390/4390 4391/4391/4391 4392/4392/4392
f 4393/4393/4393 4394/4394/4394 4395/4395/4395
f 4396/4396/4396 4397/4397/4397 4398/4398/4398
f 4399/4399/4399 4400/4400/4400 4401/4401/4401
f 4402/4402/4402 4403/4403/4403 4404/4404/4404
f 4405/4405/4405 4406/4406/4406 4407/4407/4407
f 4408/4408/4408 4409/4409/4409 4410/4410/4410
f 4411/4411/4411 4412/4412/4412 4413/4413/4413
f 4414/4414/4414 4415/4415/4415 4416/4416/4416
f 4417/4417/4417 4418/4418/4418 4419/4419/4419
f 4420/4420/4420 4421/4421/4421 4422/4422/4422
f 4423/4423/4423 4424/4424/4424 4425/4425/4425
f 4426/4426/4426 4427/4427/4427 4428/4428/4428
f 4429/4429/4429 4430/4430/4430 4431/4431/4431
f 4432/4432/4432 4433/4433/4433 4434/4434/4434
f 4435/4435/4435 4436/4436/4436 4437/4437/4437
f 4438/4438/4438 4439/4439/4439 4440/4440/4440
f 4441/4441/4441 4442/4442/4442 4443/4443/4443
f 4444/4444/4444 4445/4445/4445 4446/4446/4446
f 4447/4447/4447 4448/4448/4448 4449/4449/4449
f 4450/4450/4450 4451/4451/4451 4452/4452/4452
f 4453/4453/4453 4454/4454/4454 4455/4455/4455
f 4456/4456/4456 4457/4457/4457 4458/4458/4458
f 4459/4459/4459 4460/4460/4460 4461/4461/4461
f 4462/4462/4462 4463/4463/4463 4464/4464/4464
f 4465/4465/4465 4466/4466/4466 4467/4467/4467
f 4468/4468/4468 4469/4469/4469 4470/4470/4470
f 4471/4471/4471 4472/4472/4472 4473/4473/4473
f 4474/4474/4474 4475/4475/4475 4476/4476/4476
f 4477/4477/4477 4478/4478/4478 4479/4479/4479
f 4480/4480/4480 4481/4481/4481 4482/4482/4482
f 4483/4483/4483 4484/4484/4484 4485/4485/4485
f 4486/4486/4486 4487/4487/4487 4488/4488/4488
f 4489/4489/4489 4490/4490/4490 4491/4491/4491
f 4492/4492/4492 4493/4493/4493 4494/4494/4494
f 4495/4495/4495 4496/4496/4496 4497/4497/4497
f 4498/4498/4498 4499/4499/4499 4500/4500/4500
f 4501/4501/4501 4502/4502/4502 4503/4503/4503
f 4504/4504/4504 4505/4505/4505 4506/4506/4506
f 4507/4507/4507 4508/4508/4508 4509/4509/4509
f 4510/4510/4510 4511/4511/4511 4512/4512/4512
f 4513/4513/4513 4514/4514/4514 4515/4515/4515
f 4516/4516/4516 4517/4517/4517 4518/4518/4518
f 4519/4519/4519 4520/4520/4520 4521/4521/4521
f 4522/4522/4522 4523/4523/4523 4524/4524/4524
f 4525/4525/4525 4526/4526/4526 4527/4527/4527
f 4528/4528/4528 4529/4529/4529 4530/4530/4530
f 4531/4531/4531 4532/4532/4532 4533/4533/4533
f 4534/4534/4534 4535/4535/4535 4536/4536/4536
f 4537/4537/4537 4538/4538/4538 4539/4539/4539
f 4540/4540/4540 4541/4541/4541 4542/4542/4542
f 4543/4543/4543 4544/4544/4544 4545/4545/4545
f 4546/4546/4546 4547/4547/4547 4548/4548/4548
f 4549/4549/4549 4550/4550/4550 4551/4551/4551
f 4552/4552/4552 4553/4553/4553 4554/4554/4554
f 4555/4555/4555 4556/4556/4556 4557/4557/4557
f 4558/4558/4558 4559/4559/4559 4560/4560/4560
f 4561/4561/4561 4562/4562/4562 4563/4563/4563
f 4564/4564/4564 4565/4565/4565 4566/4566/4566
f 4567/4567/4567 4568/4568/4568 4569/4569/4569
f 4570/4570/4570 4571/4571/4571 4572/4572/4572
f 4573/4573/4573 4574/4574/4574 4575/4575/4575
f 4576/4576/4576 4577/4577/4577 4578/4578/4578
f 4579/4579/4579 4580/4580/4580 4581/4581/4581
f 4582/4582/4582 4583/4583/4583 4584/4584/4584
f 4585/4585/4585 4586/4586/4586 4587/4587/4587
f 4588/4588/4588 4589/4589/4589 4590/4590/4590
f 4591/4591/4591 4592/4592/4592 4593/4593/4593
f 4594/4594/4594 4595/4595/4595 4596/4596/4596
f 4597/4597/4597 4598/4598/4598 4599/4599/4599
f 4600/4600/4600 4601/4601/4601 4602/4602/4602
f 4603/4603/4603 4604/4604/4604 4605/4605/4605
f 4606/4606/4606 4607/4607/4607 4608/4608/4608
