# Made in Blockbench 5.0.4
mtllib Mountain_desert_008.mtl

o Mountain_desert_008
v 641.12506 221.67764 -610.9374
v 2534.389 383.77405 -862.49963
v 2524.776 371.2885 -1006.24963
v 2367.231 376.7658 -1006.2495
v 2481.0886 300.4389 -1086.1107
v 2367.231 288.05167 -1114.0621
v 2169.9614 213.13849 -1114.0621
v 2169.9614 326.8237 -1006.2495
v 2184.4712 414.22238 -862.4997
v 2376.9038 426.70795 -862.49963
v 1972.6923 310.17636 -1006.24963
v 1972.6923 188.16743 -1114.0623
v 1775.4231 188.16743 -1114.0623
v 1775.4231 310.17636 -1006.2497
v 1776.9705 434.8798 -862.4997
v 1982.3652 410.06055 -862.4997
v 1578.1539 310.17636 -1006.2497
v 1578.1539 188.16743 -1114.0623
v 1468.5599 189.45642 -1086.1108
v 1430.202 271.40433 -1006.2497
v 1412.4475 402.07495 -862.4998
v 1578.1539 424.99585 -898.4372
v 1331.5674 51.257538 -862.4998
v 1331.5674 38.772003 -1006.2498
v 1183.6155 -0.000043984575 -1006.2498
v 1380.8846 -0.000050268085 -1149.9998
v 1183.6154 -0.000050268092 -1149.9998
v 986.34625 -0.000050268092 -1149.9998
v 986.3461 -0.00004398458 -1006.2498
v 986.3461 -0.000037701066 -862.4999
v 1183.6154 -0.000037701062 -862.4998
v 789.07697 -0.00004398458 -1006.2498
v 789.077 -0.000050268092 -1149.9998
v 591.8078 -0.000050268092 -1149.9998
v 641.12506 55.419373 -1006.2498
v 641.12506 55.41938 -862.4999
v 789.07697 -0.000037701066 -862.4999
v 560.2446 441.03375 -862.4999
v 542.49036 387.93585 -1006.2499
v 394.53854 443.3553 -1006.2499
v 504.1325 344.8319 -1086.111
v 394.53857 387.93585 -1114.0625
v 200.3197 364.46396 -1114.0625
v 199.01239 416.5302 -1006.25
v 197.70505 447.2212 -898.4375
v 394.5385 482.92017 -898.4374
v 6.9723806 336.055 -1006.25
v 12.201614 294.0481 -1114.0625
v -93.32525 219.6482 -1086.1111
v -135.75032 226.98543 -1006.25
v -195.31691 270.40817 -885.49994
v 1.7431462 372.7296 -898.4375
v -279.52145 56.79547 -926.3889
v -234.38492 28.5943 -1006.25
v -387.56607 -0.000043984586 -1006.25
v -176.35225 -0.000050268096 -1150
v -380.59375 -0.000050268096 -1150
v -588.3214 -0.000050268103 -1150.0001
v -590.0646 -0.000043984586 -1006.25
v -591.5286 33.32238 -862.5
v -392.7953 42.00684 -898.4375
v -789.0768 -0.000043984586 -1006.2501
v -789.0768 -0.000050268103 -1150.0001
v -986.34595 -0.000050268103 -1150.0001
v -937.0287 40.35666 -1006.2501
v -937.0288 51.6537 -862.5001
v -789.0768 -0.000037701077 -862.5001
v -1017.9091 424.80603 -862.5001
v -1035.6632 282.49692 -1006.2501
v -1183.6152 322.85358 -1006.2501
v -1074.0212 204.24655 -1086.1112
v -1183.6154 207.18332 -1114.0626
v -1380.8844 207.18329 -1114.0627
v -1380.8844 322.85358 -1006.2502
v -1380.8844 381.66522 -898.4375
v -1183.6154 390.88046 -806.6739
v -1578.1536 322.85358 -1006.2502
v -1578.1536 207.18332 -1114.0627
v -1687.7479 204.24655 -1086.1112
v -1726.1055 282.49692 -1006.2502
v -1775.4229 413.01056 -885.5001
v -1578.1536 378.5935 -898.4377
v -1863.0981 91.82883 -926.3891
v -1824.7402 40.35666 -1006.2503
v -1972.6921 -0.000043984597 -1006.2503
v -1775.4229 -0.000050268107 -1150.0002
v -1972.6921 -0.000050268107 -1150.0002
v -2169.9612 -0.000050268114 -1150.0004
v -2169.9612 -0.000043984597 -1006.2503
v -2169.961 35.468388 -862.5003
v -1972.6919 55.419373 -898.4378
v -2367.2305 -0.0000439846 -1006.25037
v -2367.2305 -0.000050268114 -1150.0004
v -2564.4998 -0.000050268114 -1150.0004
v -2564.4998 -0.0000439846 -1006.25037
v -2564.4998 -0.000037701087 -862.50037
v -2367.2305 -0.000037701087 -862.50037
v 2548.8984 387.93594 -574.99963
v 2544.0417 387.93588 -718.74963
v 2405.923 443.3553 -718.74963
v 2228 443.3553 -718.74963
v 2279.848 466.37973 -574.99963
v 2434.9426 443.3553 -574.99963
v 2011.3845 443.3553 -718.7497
v 1834.4133 478.75677 -718.7497
v 1888.8933 528.5276 -638.8886
v 2030.7308 487.8561 -610.9372
v 1776.9707 818.8883 -574.9998
v 1726.1058 691.1657 -718.7498
v 1578.1539 726.5672 -718.7498
v 1687.7479 599.9587 -798.6109
v 1578.1539 588.8348 -826.5622
v 1468.5599 599.9587 -798.61096
v 1430.202 691.1657 -718.7498
v 1380.8844 831.61926 -574.9999
v 1578.1539 849.3644 -574.9998
v 1293.2094 98.523384 -638.88873
v 1331.5674 55.419384 -718.7498
v 1183.6155 -0.000031417552 -718.7498
v 986.3461 -0.000031417552 -718.7499
v 986.3461 55.41939 -610.9374
v 1183.6154 55.41939 -610.9373
v 789.07697 -0.000031417552 -718.7499
v 641.12506 55.419384 -718.7499
v 679.48303 98.523384 -638.8888
v 789.077 55.41939 -610.9374
v 591.8077 889.9677 -597.99994
v 542.49036 818.1262 -718.74994
v 394.5385 825.08545 -718.74994
v 504.1325 747.50226 -798.61115
v 394.5385 736.61224 -834.64154
v 197.26929 659.8966 -834.64166
v 197.26927 700.60675 -718.75006
v 197.26926 917.73126 -610.93756
v 394.53848 929.9584 -610.93744
v 0.00004749308 684.30396 -718.75006
v 0.00006499223 625.38293 -834.64154
v -197.26917 618.67676 -834.64154
v -197.26918 759.8743 -718.75006
v -197.2692 913.65546 -610.93744
v 0.000031213844 913.65546 -610.93756
v -394.5384 759.87427 -718.75006
v -394.5384 625.38293 -826.5625
v -504.13235 632.8558 -798.61115
v -542.4903 720.30945 -718.75006
v -560.24457 874.3171 -575.00006
v -394.5384 913.65546 -610.93744
v -679.48285 98.523384 -638.88904
v -641.12494 55.419384 -718.7501
v -789.0768 -0.000031417567 -718.7501
v -937.0287 55.419384 -718.7501
v -898.67084 98.523384 -638.88904
v -789.0769 55.41939 -610.9376
v -1035.6635 831.35736 -575.0001
v -1035.6635 822.142 -718.7501
v -1183.6154 935.3726 -718.7501
v -1074.0214 758.21124 -798.61127
v -1183.6154 760.70746 -826.5625
v -1380.8844 705.4163 -826.5626
v -1380.8844 898.5118 -718.7501
v -1380.8844 868.7946 -575.0001
v -1183.6154 878.0097 -575.0001
v -1578.1536 886.2249 -718.75024
v -1578.1536 686.9859 -826.5626
v -1775.4229 705.4163 -826.5627
v -1775.4229 898.5118 -718.75024
v -1775.4229 868.7946 -575.00024
v -1578.1536 865.72284 -575.00024
v -1972.6921 841.1489 -718.7503
v -1972.6919 760.70746 -826.5627
v -2082.2861 758.21124 -798.6113
v -2120.644 822.142 -718.7503
v -2120.6438 831.35736 -575.0003
v -1972.6921 878.0097 -575.0003
v -2257.6367 98.523384 -638.8893
v -2219.2788 55.419384 -718.7503
v -2367.2307 -0.000031417578 -718.7503
v -2564.4998 -0.000031417578 -718.7503
v -2597.4944 -0.000025134063 -575.0003
v -2367.2307 55.41939 -610.9378
v 2547.5842 441.82352 -287.49963
v 2544.1218 387.93588 -431.24957
v 2444.6157 443.35532 -431.24963
v 2335.356 476.48926 -431.24966
v 2347.919 507.312 -351.38858
v 2434.9426 487.85614 -323.43713
v 2180.7954 775.83716 -310.4997
v 2139.9902 698.0265 -431.24973
v 1972.6923 799.36163 -431.24973
v 2112.3804 684.88556 -511.11084
v 1982.3652 754.8609 -539.0622
v 1775.4231 867.56287 -431.24976
v 1775.4229 954.0892 -323.43726
v 1972.6921 894.4131 -323.43723
v 1578.1539 890.29663 -431.24982
v 1380.8846 890.29663 -431.24982
v 1380.8846 973.98126 -323.43735
v 1578.1538 973.9812 -323.4373
v 1183.6155 890.29663 -431.24985
v 1183.6154 834.42896 -539.0624
v 986.3461 905.8819 -551.9999
v 1035.6635 973.9812 -431.2499
v 1074.0212 1039.0692 -351.38876
v 1183.6152 973.9812 -323.43735
v 986.3461 1503.9973 -287.4999
v 937.0288 1462.2285 -431.2499
v 789.0768 1504.333 -431.24994
v 898.67084 1374.0405 -511.11108
v 789.0768 1392.9283 -539.0624
v 591.8076 1330.5581 -539.06244
v 591.8076 1462.7529 -431.25
v 591.8077 1597.7021 -287.49997
v 789.0768 1545.9131 -287.49994
v 394.5384 1448.8928 -431.25006
v 394.5384 1309.7681 -539.0626
v 197.26924 1309.7681 -539.0626
v 197.26923 1448.8928 -431.25006
v 197.26923 1576.9833 -287.50003
v 394.53845 1601.118 -323.4375
v 0.000004081783 1448.8928 -431.25006
v 0.000020361018 1309.7681 -539.06256
v -197.2692 1309.7681 -539.06244
v -197.26923 1448.8928 -431.25
v -197.26923 1579.764 -287.5001
v -0.000017623865 1532.0531 -287.50006
v -394.5384 1448.8928 -431.25006
v -394.5384 1309.7681 -539.06244
v -504.13242 1281.6401 -511.11118
v -542.4903 1379.0684 -431.2501
v -591.8076 1538.0027 -287.50018
v -394.5384 1594.5942 -323.43762
v -679.4829 542.67566 -351.389
v -641.12494 499.223 -431.2501
v -789.07697 443.35532 -431.2501
v -623.37067 441.03375 -575.0001
v -789.07697 387.93588 -539.0626
v -954.78326 443.64218 -575.0001
v -937.0289 499.223 -431.2501
v -898.67096 542.67566 -351.38904
v -789.0769 499.223 -323.43765
v -986.3461 908.0995 -310.50018
v -1035.6635 834.42896 -431.25015
v -1183.6154 890.29663 -431.25018
v -1380.8844 890.29663 -431.25024
v -1380.8844 943.8548 -287.50027
v -1183.6155 973.9812 -323.4377
v -1578.1536 890.29663 -431.25024
v -1775.4229 890.29663 -431.25027
v -1775.4231 939.9374 -287.5003
v -1578.1538 890.29663 -287.50027
v -1972.6921 890.29663 -431.25034
v -2120.644 834.42896 -431.25034
v -2169.9614 904.18195 -310.5004
v -1972.6921 967.8602 -323.43784
v -2257.6367 542.67566 -351.38925
v -2219.2788 499.223 -431.25034
v -2367.2307 443.35532 -431.25034
v -2201.5242 443.64218 -575.0003
v -2367.2307 387.93588 -539.0628
v -2484.157 344.83194 -511.1114
v -2531.68 387.93588 -431.25037
v -2552.2856 443.64224 -287.5004
v -2367.2307 499.223 -323.43787
v 2540.1047 1240.9915 0.00032739236
v 2529.4238 1240.9915 -143.74968
v 2367.2307 1403.0417 -143.7497
v 2483.1543 1223.0953 -223.61078
v 2367.2307 1327.5818 -251.5622
v 2169.9614 1424.7532 -251.56224
v 2169.9614 1520.5903 -143.74976
v 2169.9614 1520.5903 0.0002611879
v 2367.2307 1403.0417 0.00029611296
v 1972.6921 1559.7732 -143.74976
v 1972.6921 1464.7217 -251.56226
v 1775.4229 1473.2471 -251.56229
v 1775.4229 1559.7732 -143.7498
v 1775.4229 1559.7732 0.00019990155
v 1972.6921 1559.7732 0.00022968839
v 1578.1538 1559.7732 -143.74982
v 1578.1538 1476.0886 -251.56233
v 1380.8844 1476.0887 -251.56236
v 1380.8844 1559.7732 -143.74986
v 1380.8844 1570.4579 2.1757193
v 1578.1538 1559.7732 0.00017011474
v 1183.6154 1559.7732 -143.74988
v 1183.6152 1476.0886 -251.56238
v 986.34607 1559.7732 -143.74992
v 986.34607 1578.2701 0.3108719
v 1183.6152 1582.5717 -33.994907
v 789.0768 1559.7732 -143.74994
v 641.12494 1648.1104 -143.74997
v 591.8076 1611.396 0.000018924107
v 789.0768 1559.7732 0.000049060087
v 504.13235 2049.4695 -63.8889
v 542.4903 2139.5898 -143.75002
v 394.5384 2112.2937 -143.75003
v 504.13242 2049.4695 -223.61115
v 394.5384 2043.2289 -251.56253
v 284.9444 1929.5536 -223.61116
v 246.58649 1946.8679 -143.75005
v 284.94437 1929.5536 -63.88893
v 394.5384 2043.2288 -35.937527
v 197.26918 1581.9192 -0.000039361068
v 147.95186 1609.5662 -143.75005
v -0.000039329512 1559.7732 -143.75008
v -147.95197 1607.9745 -143.75008
v -197.26929 1569.1046 -0.000098374585
v -0.00006389617 1536.9072 -0.00006718036
v -284.94452 1815.0795 -63.889008
v -246.58656 1897.1821 -143.7501
v -394.53845 1945.3833 -143.75014
v -284.94446 1904.3049 -223.61124
v -394.5384 1968.881 -251.56264
v -504.13242 1904.3049 -223.61128
v -542.49036 1897.1819 -143.75015
v -504.1325 1815.0795 -63.889046
v -394.5385 1825.4829 -35.93764
v -591.80774 1569.1046 -0.00015794823
v -641.12494 1607.9742 -143.75015
v -789.0769 1559.7732 -143.75018
v -789.0768 1476.0886 -251.56268
v -986.3461 1546.2412 -264.5002
v -937.0289 1622.3142 -143.7502
v -937.0289 1602.3065 -0.0002143875
v -789.07697 1536.9072 -0.000188235
v -1017.90936 2065.2812 -0.00024969838
v -1035.6635 1997.5607 -143.75024
v -1183.6155 2060.1018 -143.75027
v -1074.0214 1948.9177 -223.61137
v -1183.6155 1997.5607 -251.56276
v -1293.2095 1948.9177 -223.61142
v -1331.5674 1997.5607 -143.75027
v -1349.3214 2045.7749 -0.00029316553
v -1183.6155 2116.9258 -35.93777
v -1430.202 973.98126 -0.00025852857
v -1430.2019 973.9812 -143.75026
v -1578.1538 890.29663 -143.75027
v -1726.1057 967.8602 -143.7503
v -1726.1058 960.7625 -0.00030263097
v -1578.1538 890.29663 -0.00027744911
v -1863.0981 1958.8354 -63.88925
v -1824.7404 1986.4478 -143.75035
v -1972.6923 2162.5542 -143.7504
v -1863.0981 1958.8354 -223.6115
v -1972.6921 2081.0854 -251.56291
v -2082.2861 2076.607 -223.61154
v -2120.644 2175.7231 -143.75041
v -2082.2861 2076.607 -63.889294
v -1972.6923 2081.0854 -35.937893
v -2169.9612 1524.0098 -0.00039474844
v -2219.2788 1596.7166 -143.75041
v -2367.2307 1452.8666 -143.75041
v -2169.9612 1520.0719 -264.5004
v -2367.2307 1418.757 -251.56291
v -2479.2463 1334.2887 -223.61154
v -2520.631 1346.3337 -143.75044
v -2524.7178 1274.055 -0.00043595882
v -2367.2307 1381.0217 -0.0004180467
v 2540.1047 1240.9915 287.50034
v 2543.6653 1240.9915 143.75032
v 2367.2307 1287.4065 143.75029
v 2169.9614 1520.5903 143.75024
v 2169.9614 1520.5903 287.50027
v 2367.2307 1287.4065 287.5003
v 1972.6921 1559.7732 143.75023
v 1775.4229 1440.6616 143.75021
v 1775.4229 1440.6617 287.50018
v 1972.6921 1559.7732 287.50024
v 1578.1538 1559.7732 143.75017
v 1430.2017 1574.4338 147.6351
v 1380.8844 1567.4174 289.67572
v 1578.1538 1559.7732 287.50015
v 1293.2092 1676.3132 241.74106
v 1331.5671 1678.6741 167.0599
v 1183.6154 1742.1611 159.28996
v 1293.2092 1676.3132 82.018845
v 1183.6152 1719.3627 49.534973
v 1074.0212 1726.9478 69.93224
v 1035.6633 1760.0511 147.63504
v 1074.0212 1726.9478 229.65448
v 1183.6152 1719.3627 265.15997
v 986.34595 1556.9852 287.81088
v 937.0287 1590.7094 143.75006
v 789.0768 1559.7732 143.75005
v 591.8076 1548.3401 143.75002
v 591.80756 1509.366 287.50003
v 789.0768 1521.7644 287.50006
v 394.53836 1514.0411 143.74998
v 394.5384 1617.4053 35.93749
v 197.26913 1479.7422 143.74997
v 197.26909 1370.9423 287.49994
v 394.53836 1472.1707 287.49997
v -0.00009418489 1468.3092 143.74994
v -197.2693 1468.3092 143.74991
v -197.26933 1338.8925 251.56241
v -0.00011809352 1338.8926 251.56245
v -394.53857 1468.3092 143.74988
v -394.5385 1570.7687 35.93737
v -591.8078 1468.3092 143.74985
v -591.80786 1338.8925 251.56236
v -394.5386 1338.8926 251.56238
v -789.077 1468.3092 143.74982
v -937.0289 1542.2832 143.74979
v -954.78326 1414.6465 287.49976
v -789.0771 1338.8926 251.56233
v -1074.0214 2482.8154 223.61082
v -1035.6635 2568.9912 143.74974
v -1183.6155 2514.6929 143.7497
v -1074.0214 2482.8152 63.888615
v -1183.6155 2457.8687 35.937214
v -1293.2095 2344.5298 63.88859
v -1331.5674 2346.7463 143.7497
v -1293.2095 2344.5298 223.61082
v -1183.6155 2457.8691 251.5622
v -1430.202 973.98126 287.49973
v -1430.2019 973.9812 143.74974
v -1578.1538 890.29663 143.74971
v -1726.1057 939.46936 143.7497
v -1775.4231 876.74963 287.4997
v -1578.1538 890.29663 287.4997
v -1863.0981 1107.9332 223.61081
v -1824.7404 1234.5057 143.74966
v -1972.6923 1283.6785 143.74963
v -1806.9862 1472.4215 -0.00033720888
v -1972.6923 1535.4922 35.937134
v -2169.9614 1283.1 143.74962
v -2171.3235 1109.7897 251.56212
v -1972.6923 1092.5515 251.56215
v -2367.2307 1281.3646 143.74959
v -2526.0798 1231.0349 143.74956
v -2493.7761 1162.0154 223.61069
v -2372.6792 1161.504 251.56209
v 2483.1543 1228.1473 511.1114
v 2529.4238 1240.9915 431.25034
v 2367.2307 1403.0417 431.25027
v 2169.9614 1520.5903 431.25027
v 2169.9612 1464.9661 575.00024
v 2367.2307 1338.9485 539.0628
v 1972.6919 1559.7732 431.25024
v 1775.4229 1559.7732 431.25024
v 1775.4229 1529.6069 575.0002
v 1972.6919 1525.2974 575.00024
v 1578.1536 1559.7732 431.25018
v 1380.8844 1540.7687 431.25015
v 1380.8843 1483.0588 575.0001
v 1578.1536 1542.5352 575.0002
v 1183.6152 1483.7552 431.25015
v 1183.6152 1563.5673 325.3801
v 986.34595 1426.7422 431.2501
v 986.34607 1256.3502 539.06256
v 1183.6151 1348.6008 539.0626
v 789.0768 1407.7378 431.25006
v 591.80756 1415.3091 431.25006
v 591.80756 1266.6416 539.0625
v 789.0768 1234.5743 539.06256
v 394.53833 1438.0234 431.25
v 246.5864 1373.7782 431.24994
v 284.94427 1290.6132 511.11108
v 394.53827 1335.9211 539.0625
v 197.26909 736.14795 551.99994
v 147.9518 859.5931 431.24994
v -0.00013378149 772.63367 431.24994
v 109.593895 957.742 351.38885
v -0.00012417798 921.6994 323.43744
v -197.26935 876.9923 310.4999
v -147.95206 731.4739 431.2499
v -109.594154 653.7029 511.11102
v -0.00014433867 657.93445 539.06244
v -197.26936 427.16946 552
v -246.58665 484.51514 431.24994
v -394.53857 443.35532 431.24994
v -284.94458 536.1388 351.38885
v -394.53857 499.223 323.4374
v -504.13257 547.30597 351.38882
v -542.4905 509.6411 431.2499
v -591.8078 440.20377 575.00006
v -394.5386 387.9359 539.0624
v -679.48303 888.2118 511.11108
v -641.12506 907.3556 431.2499
v -789.07697 973.6413 431.2499
v -591.80786 905.1334 310.49985
v -789.077 971.9514 323.43735
v -898.67096 1035.9117 351.38873
v -937.0289 1035.4749 431.24982
v -986.3461 1024.7701 574.99994
v -789.07697 959.44604 539.06244
v -1074.0215 1746.4895 511.11093
v -1035.6635 1838.1176 431.24982
v -1183.6156 1890.9474 431.24976
v -1017.90936 2032.4531 287.49973
v -1183.6155 2074.6372 323.43723
v -1349.3214 2022.0934 287.4997
v -1331.5675 1849.5504 431.24976
v -1293.2096 1751.5707 511.11087
v -1183.6156 1743.8291 539.0623
v -1380.8846 953.8562 574.9998
v -1430.202 973.9812 431.24973
v -1578.1539 890.29663 431.24973
v -1726.1058 834.42896 431.24966
v -1726.1058 834.4291 574.99976
v -1578.1539 890.29663 574.9997
v -1824.7406 385.76743 574.99976
v -1824.7404 479.28058 431.24976
v -1972.6923 363.5856 431.24973
v -1863.0981 511.65408 351.3886
v -1972.6923 429.42444 323.43716
v -2190.1294 330.36917 310.49963
v -2155.1016 268.28128 431.24973
v -2150.7942 268.51868 574.99976
v -1972.6925 270.19113 574.9998
v -2400.1797 35.516563 574.9997
v -2426.0227 35.47699 431.24966
v -2505.06 0.000018850522 431.24966
v -2418.4375 67.50185 351.38858
v -2487.8315 45.44821 323.43713
v -2597.4944 0.000012567007 287.4996
v -2564.4998 0.000018850518 431.24957
v -2564.4998 0.000025134032 574.99963
v -2487.8315 0.000025134032 574.99963
v 2476.8245 790.9765 798.6115
v 2515.1826 834.42896 718.7503
v 2367.2307 890.29663 718.7503
v 2546.609 886.15704 575.0003
v 2367.2307 954.3898 610.9378
v 2257.6367 1022.7006 638.8892
v 2219.2788 956.7432 718.75024
v 2169.9614 878.7998 862.50037
v 2367.2305 834.42896 826.56287
v 2082.2861 1250.1133 798.6113
v 2120.644 1355.4231 718.75024
v 1972.6919 1421.8698 718.75024
v 1775.4229 1439.1077 718.7502
v 1775.4229 1295.0903 826.5626
v 1972.6919 1269.2334 826.5626
v 1578.1536 1490.8214 718.7501
v 1430.2017 1458.8507 718.7502
v 1468.5597 1365.0327 798.6112
v 1578.1536 1372.6611 826.5626
v 1380.9297 878.8664 862.5002
v 1331.5671 947.0588 718.7501
v 1183.6152 782.607 718.7501
v 1293.2092 988.7434 638.88904
v 1183.6152 860.7483 610.9376
v 986.34595 733.89496 598.00006
v 1035.6632 672.8944 718.7501
v 1074.021 665.33826 798.61127
v 1183.6151 740.2005 826.5627
v 986.8656 453.02673 862.5001
v 937.0286 472.30063 718.7501
v 789.0767 443.35538 718.7501
v 898.6708 500.79633 638.88904
v 789.0767 485.76184 610.9376
v 591.80743 492.18082 610.93756
v 591.80743 443.35538 718.75006
v 592.61957 426.15625 862.5
v 789.8888 426.15625 862.5001
v 394.53827 443.35538 718.75006
v 394.53827 484.5152 610.93756
v 194.81807 427.16946 598
v 231.26743 387.9359 718.75006
v 220.48874 372.88672 862.5
v 395.35034 426.15625 862.5
v -12.795624 53.269558 862.5
v 56.038116 55.419445 718.75
v -61.275925 0.00003141756 718.75
v 68.74335 98.523445 638.88885
v -15.319093 55.419437 610.9375
v -201.0991 55.419437 610.9375
v -212.58833 0.000031417556 718.7499
v -224.07758 0.00003770107 862.4999
v -107.23276 0.00003770107 862.5
v -394.5386 0.000031417556 718.7499
v -394.5386 55.419437 610.9374
v -504.1326 91.978386 638.88885
v -542.49054 40.693085 718.7499
v -591.8078 18.974936 862.4999
v -394.5386 0.00003770107 862.4999
v -679.4831 207.38588 798.61115
v -641.1251 284.8514 718.75
v -789.077 325.54446 718.7499
v -789.077 490.6065 610.9374
v -898.67096 529.27216 638.88885
v -937.0289 406.5566 718.7499
v -986.34625 267.99585 862.5
v -789.077 211.2196 826.5625
v -1074.0215 779.48773 798.611
v -1035.6635 882.2112 718.7498
v -1183.6155 931.969 718.7498
v -1183.6155 1036.4896 610.9373
v -1380.8846 900.71466 718.7498
v -1380.8848 833.352 826.5624
v -1183.6156 830.1207 826.5624
v -1578.1539 890.29663 718.74976
v -1726.1058 834.42896 718.74976
v -1687.7482 790.9765 798.6109
v -1578.1539 834.42896 826.5623
v -1775.4232 435.90475 862.4998
v -1824.7406 479.43887 718.74976
v -1972.6925 364.21863 718.74976
v -2137.8728 269.23083 718.74976
v -2089.9436 252.8223 798.61084
v -1972.6925 319.087 826.5622
v -2186.5012 24.45263 862.4997
v -2322.651 35.635273 718.74963
v -2436.1455 0.00003141754 718.74963
v -2564.4998 0.00003141754 718.74963
v -2564.5002 0.00003770106 862.49963
v -2384.4597 0.00003770106 862.49963
v 2476.8245 344.832 1086.1115
v 2515.1824 387.93594 1006.25037
v 2367.2305 443.35538 1006.25037
v 2535.0632 443.64227 862.50037
v 2367.2305 499.22305 898.43787
v 2257.6365 536.70276 926.3892
v 2219.2786 485.78387 1006.2503
v 2169.961 428.5904 1127.0004
v 2367.2305 387.93594 1114.0629
v 2082.286 665.5438 1086.1116
v 2120.6438 740.3546 1006.25037
v 1972.6919 782.78314 1006.25037
v 1972.6919 912.62695 898.4378
v 1775.4229 916.9364 898.4377
v 1775.4229 913.60864 1006.2502
v 1775.5243 671.0088 1114.0627
v 1972.6919 673.15857 1114.0627
v 1578.1536 913.60864 1006.2502
v 1578.1536 929.86487 898.4377
v 1430.6078 731.755 1006.2503
v 1469.6425 642.61163 1086.1115
v 1578.5597 664.55896 1114.0627
v 1385.4968 330.8991 1127.0004
v 1334.4094 425.5868 1006.2503
v 1186.8635 374.55875 1006.2502
v 1294.4724 503.9657 926.3891
v 1184.4272 468.56265 898.4377
v 989.5942 374.55875 1006.2501
v 991.21826 284.74097 1114.0626
v 1188.4875 284.741 1114.0626
v 792.32495 374.55875 1006.2501
v 595.0558 374.55875 1006.25
v 592.85004 284.74097 1114.0626
v 793.94904 284.741 1114.0626
v 397.78653 374.55875 1006.25
v 218.7907 327.73892 1006.25
v 241.07497 264.56924 1086.1111
v 384.09167 284.741 1114.0625
v 13.441721 0.000050268096 1150
v -35.469524 46.819885 1006.25
v -122.55173 0.000043984586 1006.25
v -227.90732 0.000043984583 1006.2499
v -227.90732 0.000050268096 1150
v -122.55175 0.000050268096 1150
v -394.53867 0.000043984583 1006.2499
v -591.80786 0.000043984583 1006.2499
v -591.80786 0.000050268092 1149.9998
v -394.5387 0.000050268096 1150
v -789.0771 0.00004398458 1006.2498
v -789.0771 25.966728 898.4374
v -898.67114 52.708096 926.38873
v -937.029 40.6931 1006.2498
v -986.3463 0.000050268092 1149.9998
v -789.07715 0.000050268092 1149.9998
v -1074.0216 305.56168 1086.111
v -1035.6637 299.57782 1006.2498
v -1183.6156 384.44992 1006.2498
v -1183.6156 410.86484 898.4373
v -1380.8848 477.1335 898.4373
v -1380.8848 428.62903 1006.2498
v -1380.8848 384.2544 1114.0623
v -1183.6156 373.2096 1114.0623
v -1578.1539 443.35538 1006.2497
v -1578.1539 499.22305 898.4372
v -1726.1058 387.93594 1006.2497
v -1687.7482 344.832 1086.1108
v -1578.1539 387.93594 1114.0623
v -1775.4232 0.000050268085 1149.9998
v -1824.7404 55.419456 1006.2497
v -1972.6923 0.00004398457 1006.2497
v -1863.0985 94.16214 926.38855
v -1972.6925 45.6065 898.4372
v -2169.9614 0.00004398457 1006.2497
v -2169.9614 0.000050268078 1149.9996
v -1972.6923 0.000050268085 1149.9998
v -2367.231 0.000043984568 1006.24963
v -2564.5002 0.000043984568 1006.24963
v -2564.5002 0.000050268078 1149.9996
v -2367.231 0.000050268078 1149.9996
v 2620.1228 -19.002722 -862.49963
v 2641.2444 -0.000043984564 -1006.2495
v 2602.8723 221.67761 -1006.24963
v 2534.369 -0.0000486972 -1114.0621
v 2524.776 205.03024 -1114.0621
v 2552.972 202.67494 -862.49963
v 2367.231 -0.000050268078 -1149.9996
v 2367.231 155.08815 -1149.9996
v 2169.9614 -0.000050268078 -1149.9996
v 2169.9614 105.14604 -1149.9996
v 1972.6923 -0.000050268085 -1149.9998
v 1972.6923 88.49867 -1149.9998
v 1775.4231 -0.000050268085 -1149.9998
v 1775.4231 88.49867 -1149.9998
v 1578.1539 -0.000050268085 -1149.9998
v 1578.1539 88.49867 -1149.9998
v 1430.202 105.14604 -1114.0623
v 1380.8846 155.08815 -1006.2498
v 1380.8846 205.03024 -862.4998
v 1380.8846 221.67764 -718.7498
v 1331.5671 221.67764 -610.9373
v 1331.5674 438.68704 -610.9373
v 1380.8846 423.33737 -718.7498
v 1183.6154 221.67764 -574.9998
v 986.3461 221.67764 -574.9999
v 986.3461 443.8036 -574.9999
v 1183.6154 443.80356 -574.9998
v 789.07697 221.67764 -574.9999
v 641.12506 443.8036 -610.9374
v 789.07697 443.80356 -574.9999
v 591.80774 221.67764 -718.7499
v 591.80774 221.67761 -862.4999
v 591.80774 443.80356 -718.7499
v 591.80774 221.67761 -1006.2499
v 542.4905 221.67761 -1114.0623
v 394.53857 -0.000050268096 -1150
v 394.53857 221.67761 -1150
v 200.75548 -0.000050268096 -1150
v 200.75548 208.26509 -1150
v 13.944693 -0.000050268096 -1150
v 13.944693 168.02747 -1150
v -127.034935 127.78986 -1114.0625
v -183.32455 114.377335 -1006.25
v -243.10031 127.78988 -898.4375
v -394.5384 168.02748 -862.5
v -542.4903 208.26509 -826.5625
v -542.4903 395.15485 -826.5625
v -394.5384 330.72272 -862.5
v -591.8076 221.67764 -718.75006
v -641.12494 221.67764 -610.9376
v -591.8076 427.50073 -718.75006
v -789.07697 221.67764 -575.0001
v -937.0288 221.67764 -610.9376
v -986.34607 221.67764 -718.7501
v -986.34607 206.6149 -862.5001
v -986.34607 443.80356 -718.7501
v -986.34595 161.42677 -1006.2501
v -1035.6633 116.23863 -1114.0626
v -1183.6154 -0.000050268103 -1150.0001
v -1183.6154 101.17592 -1150.0001
v -1380.8844 -0.000050268107 -1150.0002
v -1380.8844 101.17592 -1150.0002
v -1578.1536 -0.000050268107 -1150.0002
v -1578.1536 101.17592 -1150.0002
v -1726.1055 116.23863 -1114.0627
v -1775.4229 161.42677 -1006.2502
v -1824.7402 206.6149 -898.4378
v -1972.6919 221.67761 -862.5003
v -2120.6438 221.67761 -826.5628
v -2120.6433 440.73187 -826.5628
v -1972.6919 431.5166 -862.5003
v -2169.9614 221.67764 -718.7503
v -2219.2788 221.67764 -610.9378
v -2169.9614 443.80356 -718.7503
v -2367.2307 221.67764 -575.0003
v -2531.68 221.67764 -539.0628
v -2696.4775 -0.000018850553 -431.25037
v -2630.4888 221.67764 -431.25037
v -2795.461 -0.000012567041 -287.50037
v -2679.9805 221.67764 -287.50037
v -2828.4553 -0.0000062835293 -143.7504
v -2696.4775 221.67766 -143.75041
v -2795.461 -1.6783245e-11 -0.00038395586
v -2679.9805 221.67766 -0.00039528214
v -2602.9048 443.80365 -0.000406705
v -2602.9429 443.8036 -143.75041
v -2696.4775 0.000006283495 143.74962
v -2630.4888 221.67766 143.7496
v -2548.9087 211.70645 251.56212
v -2533.1492 428.84674 251.56209
v -2591.8945 443.8036 143.74957
v -2436.1455 181.7928 287.49963
v -2339.8794 151.87914 323.43713
v -2389.9082 383.97626 287.4996
v -2307.7908 141.90791 431.24973
v -2290.5618 142.06618 574.9997
v -2238.876 142.54099 718.74963
v -2137.873 152.82874 826.5622
v -1972.6925 182.42587 862.4997
v -1824.7406 211.86476 898.4372
v -1775.4232 221.6777 1006.2497
v -1726.1058 221.6777 1114.0623
v -1578.1539 0.000050268085 1149.9998
v -1578.1539 221.6777 1149.9998
v -1380.8848 0.000050268085 1149.9998
v -1380.8848 221.6777 1149.9998
v -1183.6156 0.000050268092 1149.9998
v -1183.6156 221.6777 1149.9998
v -1035.6637 206.95135 1114.0623
v -986.34625 162.77226 1006.2498
v -937.029 118.593155 898.4374
v -789.0771 103.86679 862.4999
v -641.1252 118.593155 826.5625
v -591.80786 162.77225 718.75
v -542.49054 206.95132 610.9374
v -394.5386 221.67769 574.9999
v -197.26938 221.67769 575
v -0.00014785772 221.67769 575
v 132.63283 221.67769 610.9375
v -0.00014785772 414.38785 575
v 135.9933 221.67769 718.75
v 90.4425 213.07814 862.5
v 76.341644 187.2794 1006.25
v 142.19597 161.48067 1114.0625
v 271.9867 0.000050268096 1150
v 336.51074 152.88109 1150
v 561.16956 0.000050268103 1150.0001
v 579.73676 152.88109 1150.0001
v 789.07666 0.000050268103 1150.0001
v 792.32495 152.88109 1150.0001
v 986.3459 0.000050268103 1150.0001
v 989.5942 152.88109 1150.0001
v 1183.6151 0.000050268103 1150.0001
v 1186.8634 152.88109 1150.0001
v 1380.8844 0.000050268107 1150.0002
v 1383.7267 161.48067 1150.0002
v 1578.1536 0.000050268107 1150.0002
v 1579.7776 187.27942 1231.7
v 1775.4229 0.000050268107 1150.0002
v 1775.8287 213.07814 1150.0002
v 1776.0317 404.02585 1150.0002
v 1580.5897 365.32773 1231.7
v 1972.6919 0.000050268107 1150.0002
v 1972.6919 221.6777 1231.7
v 2169.9612 0.000050268114 1150.0004
v 2169.9612 221.6777 1150.0004
v 1972.6919 416.9252 1231.7
v 2367.2305 0.000050268114 1150.0004
v 2367.2305 221.6777 1150.0004
v 2515.1824 0.000048697235 1114.0629
v 2515.1824 221.6777 1114.0629
v 2564.4998 0.0000439846 1006.25037
v 2564.4998 221.6777 1006.25037
v 2591.0793 0.000037701087 862.50037
v 2577.7896 221.6777 862.50037
v 2670.8179 0.000031417578 718.7504
v 2617.6587 221.67769 718.7503
v 2750.5562 0.000025134063 575.0003
v 2657.5278 221.67769 575.0004
v 2591.3174 443.80368 575.0003
v 2577.7898 443.80365 718.7503
v 2777.1357 0.000018850553 431.25034
v 2670.8179 221.67769 431.25034
v 2750.5564 0.000012567041 287.50037
v 2657.5278 221.67769 287.50037
v 2612.6792 443.80365 287.50037
v 2605.3208 443.8036 431.25037
v 2670.8179 0.0000062835284 143.75038
v 2617.6587 221.67766 143.75038
v 2591.0796 1.6934992e-11 0.00038742746
v 2577.7898 221.67766 0.0003795456
v 2592.7446 443.80365 0.00037018693
v 2606.2722 443.8036 143.75037
v 2564.4998 -0.000006283495 -143.74962
v 2564.4998 221.67766 -143.74963
v 2583.686 -0.000012567007 -287.4996
v 2574.0928 221.67764 -287.4996
v 2578.741 443.8036 -143.74962
v 2641.2441 -0.000018850518 -431.24957
v 2602.872 221.67764 -431.24957
v 2698.8022 -0.000025134028 -574.9996
v 2631.6511 221.67764 -574.9996
v 2717.9883 -0.00003141754 -718.7496
v 2641.2441 221.67764 -718.7496
v 1578.1539 503.0965 -862.4997
v 1430.202 523.5627 -826.5622
v 1726.1058 523.5627 -826.5622
v 1380.8846 584.96124 -718.7499
v 1331.5671 646.3598 -610.9374
v 1183.6154 666.8259 -574.9999
v 986.3461 666.826 -574.9999
v 789.07697 666.8259 -574.9999
v 641.12506 666.826 -610.9374
v 789.0769 904.2535 -574.9999
v 591.80774 666.8259 -718.74994
v 542.49036 650.5232 -826.5624
v 394.5385 601.6148 -862.4999
v 197.2693 539.2939 -862.5
v 0.000065384025 482.75348 -862.5
v -197.26913 455.9284 -862.5
v -394.5384 482.75348 -862.5
v -542.4903 539.2939 -826.5625
v -591.8076 601.6148 -718.75006
v -591.8077 650.5232 -575.0001
v -591.8077 666.826 -431.25015
v -641.12494 666.82605 -323.43762
v -641.12494 914.6486 -323.43765
v -591.8077 904.2535 -431.25015
v -789.0768 666.826 -287.50015
v -937.0288 666.82605 -323.43765
v -789.0768 918.1135 -287.50015
v -986.3461 666.826 -431.25015
v -986.3461 666.826 -575.0001
v -986.34607 666.8259 -718.7501
v -1035.6635 654.53906 -826.5626
v -1183.6154 551.7481 -770.7365
v -1380.8844 580.8175 -862.5
v -1578.1536 568.5306 -862.5001
v -1775.4229 580.8175 -862.5001
v -1972.6919 617.6783 -862.5002
v -2120.6438 654.53906 -826.5627
v -2169.9614 666.8259 -718.7503
v -2169.9614 666.826 -575.0003
v -2169.9614 666.826 -431.25037
v -2219.2788 666.82605 -323.43787
v -2367.2307 666.826 -287.50037
v -2520.631 666.82605 -251.56291
v -2523.3555 908.37134 -251.56293
v -2367.2307 911.99255 -287.5004
v -2586.2944 666.826 -143.75041
v -2602.6401 666.82605 -0.00041832094
v -2621.7104 886.6445 -0.0004289017
v -2597.1917 897.50793 -143.75043
v -2608.0889 666.826 143.74957
v -2553.323 656.8548 251.56209
v -2674.0334 877.05396 251.56207
v -2731.524 883.02325 143.74956
v -2389.0251 626.9411 287.4996
v -2175.4102 606.99866 287.49963
v -2279.775 843.73065 233.47227
v -2399.9226 859.1458 287.49957
v -1972.6923 626.9411 287.49966
v -1824.7404 656.8548 323.4372
v -2074.333 845.2396 233.4723
v -1775.4232 666.826 431.24973
v -1775.4232 666.8261 574.99976
v -1775.4232 666.826 718.74976
v -1726.1058 666.8261 826.5623
v -1578.1539 666.826 862.4998
v -1380.8848 652.09973 862.4999
v -1183.6156 607.92053 862.4999
v -1035.6637 588.886 826.5624
v -986.34625 649.5929 718.7499
v -937.0289 725.02625 610.9374
v -789.07697 750.1708 574.9999
v -641.12506 739.7526 539.06244
v -591.8078 708.49835 431.2499
v -542.4905 677.24414 323.43738
v -394.53854 666.826 287.4999
v -246.58665 652.11816 323.43744
v -394.53854 895.24756 287.49988
v -197.26935 607.9945 431.24994
v -147.95206 563.87085 539.06244
v -0.00014785772 549.163 574.99994
v 197.26907 563.8709 574.99994
v 394.53827 607.99457 575
v 591.80756 638.6569 575
v 591.80756 842.6022 575
v 394.53827 810.8619 575
v 789.0768 612.9812 575.00006
v 937.0286 572.59753 610.93756
v 789.0768 799.33746 575.00006
v 986.34595 559.1362 718.75006
v 1035.6632 572.5975 826.5627
v 1183.6151 612.98114 862.5002
v 1331.973 631.3261 898.4377
v 1382.5087 578.67096 1006.2503
v 1432.638 521.1542 1114.063
v 1579.7777 524.9141 1150.0004
v 1775.8287 550.7128 1150.0002
v 1972.6919 559.3124 1150.0002
v 2120.6438 572.7516 1114.063
v 2169.9612 613.0693 1006.25037
v 2219.2786 653.3869 898.4378
v 2367.2305 666.826 862.50037
v 2515.1824 666.8261 826.56287
v 2564.4998 666.826 718.7503
v 2578.741 666.8261 575.0003
v 2621.465 666.826 431.25034
v 2664.189 666.82605 287.50037
v 2570.8918 878.9308 287.50034
v 2649.9478 878.93066 431.25034
v 2678.4302 666.826 143.75038
v 2664.189 666.82605 0.00036550403
v 2714.0332 878.9308 0.00035612957
v 2592.2542 878.93066 143.7504
v 2621.465 666.826 -143.74962
v 2539.097 655.45917 -251.56215
v 2538.9626 866.77826 -251.56216
v 2649.9478 878.93066 -143.74963
v 2405.9233 621.3585 -287.49963
v 2286.9902 587.2579 -323.4372
v 2376.9038 830.3209 -287.49966
v 2247.3462 575.891 -431.24973
v 2188.3557 587.2579 -539.0622
v 2011.3848 621.35846 -574.9997
v 1834.4133 634.9929 -610.9372
v 1775.4231 584.96124 -718.7498
v -1972.6921 1200.5508 -287.50037
v -2169.9614 1200.5508 -403.87088
v -1972.6921 1514.7101 -287.50037
v -1824.7404 1500.5145 -251.56284
v -1824.7404 1200.5508 -251.5628
v -2367.2307 1200.5508 -403.87088
v -2520.631 1186.0662 -251.56293
v -2586.2944 1142.6123 -143.75044
v -2704.2808 1099.1583 -0.0004334926
v -2709.7295 1084.6737 143.74954
v -2553.323 1070.7676 251.56207
v -2389.0254 1029.049 287.49957
v -2175.4102 987.3303 287.49963
v -1972.6923 973.42413 287.49963
v -1824.7404 1001.81494 251.56216
v -1775.4231 1086.9875 143.74968
v -1775.4231 1172.1602 -0.00031931818
v -1775.4231 1200.5508 -143.75032
v -1775.4231 1495.7827 -143.75034
v 394.5384 1114.1545 -668.9864
v 197.26926 1114.1545 -575.00006
v 591.8076 1128.0146 -668.9863
v 0.000024720182 1114.1545 -668.9864
v -197.26918 1114.1545 -668.9862
v -394.5384 1114.1545 -574.99994
v -542.49036 1128.0146 -539.06256
v -591.8077 1169.5947 -431.25015
v -641.12494 1211.1748 -323.43765
v -789.0768 1225.0349 -287.50015
v -986.3461 1225.0349 -287.50018
v -1183.6155 1225.0349 -287.5002
v -1331.5674 1225.0349 -251.56274
v -1331.5674 1538.6298 -251.56276
v -1183.6155 1538.6296 -287.50024
v -1380.8848 1225.0349 -143.75026
v -1380.8848 1225.0349 -0.0002622942
v -1380.8848 1538.6298 -0.00027576342
v -1380.8848 1538.6296 -143.75029
v -1380.8848 1225.0349 143.74974
v -1380.8848 1225.0349 287.49973
v -1502.8423 1533.3438 287.49973
v -1502.8423 1538.6296 143.74971
v -1380.8849 1225.0349 431.24976
v -1331.5675 1235.4529 539.0623
v -1331.5675 1504.2317 539.0623
v -1380.8849 1517.4854 431.24976
v -1183.6155 1266.7073 574.9998
v -1035.6635 1276.1105 539.0623
v -1035.6635 1500.1047 539.0623
v -1183.6156 1506.7592 574.9998
v -986.34625 1220.9753 431.24982
v -937.029 1155.4221 323.4373
v -986.34625 1459.3054 431.24982
v -789.0771 1133.5708 287.49985
v -591.80786 1133.5708 287.49985
v -394.53857 1133.5708 287.49988
v -197.26936 1133.5708 287.4999
v -0.00012351993 1133.5708 287.49994
v 147.9518 1130.2961 323.43747
v 197.26909 1120.4714 431.24994
v 246.58636 1106.3502 539.0625
v 394.53827 1090.1858 575
v 591.80756 1063.8348 575
v 789.0768 1019.15466 575.00006
v 986.34595 1011.2367 575.00006
v 1183.6152 1095.1724 575.0001
v 1331.5671 1192.5693 610.9376
v 1380.8844 1225.0349 718.7501
v 1430.2017 1207.797 826.5626
v 1578.1536 1156.0833 862.5001
v 1775.4229 1104.3694 862.5001
v 1972.6919 1087.1313 862.5003
v 2120.6438 1104.3694 826.5627
v 2169.9614 1156.0833 718.75024
v 2219.2788 1188.2056 610.93774
v 2367.2307 1146.6692 575.0003
v 2529.4238 1087.8949 539.0628
v 2621.465 1068.3035 431.25034
v 2569.4014 1068.3035 287.50034
v 2583.6426 1068.3035 143.75038
v 2664.189 1068.3035 0.00034795492
v 2621.465 1068.3035 -143.74965
v 2529.4238 1076.5281 -251.56216
v 2367.2307 1101.2017 -287.49966
v 2169.9614 1137.2422 -134.8127
v 1972.6921 1179.5674 -134.81271
v 1775.4229 1213.668 -287.49976
v 1578.1538 1225.0349 -134.81277
v 1380.8844 1225.0349 -134.8128
v 1183.6152 1225.0349 -287.49985
v 1035.6633 1225.0349 -323.43738
v 986.3461 1225.0349 -431.2499
v 937.0288 1211.1748 -539.0624
v 789.0768 1169.5947 -574.9999
v -986.3461 1809.9375 -143.75024
v -1035.6635 1809.9375 -251.56271
v -986.3461 1798.5044 -0.00023136394
v -1183.6155 1809.9375 -287.50024
v -1331.5674 1809.9375 -251.56276
v -1380.8848 1809.9375 -143.7503
v -1380.8848 1809.9375 -0.00028762268
v -1502.8423 1809.9375 143.7497
v -1502.8423 1788.7932 287.49973
v -1380.8848 2032.1602 143.7497
v -1380.8849 1725.3604 431.24973
v -1331.5675 1661.9274 539.06226
v -1183.6156 1640.7831 574.99976
v -1035.6635 1650.4944 539.0623
v -986.3461 1679.6282 431.24976
v -986.34625 1720.1952 287.49976
v -986.3461 1764.2056 143.74977
v -986.3461 2065.1763 143.74976
v -1183.6155 2287.3972 -0.0002806136
v -1331.5674 2220.7239 35.9372
v -1035.6635 2354.0706 35.937237
v -1380.8848 2198.4995 143.7497
v -1331.5674 2220.724 251.5622
v -1183.6155 2287.3975 287.49973
v -1035.6635 2354.0706 251.56224
v -986.3461 2376.2952 143.74974
v 394.5384 1836.0337 -287.5
v 246.58649 1778.2169 -251.56253
v 542.49036 1893.8501 -251.5625
v 197.26918 1758.9447 -143.75003
v 246.58647 1778.2169 -35.93754
v 394.5384 1836.0334 -0.000020681926
v 542.4903 1893.8501 -35.937504
v 591.8076 1913.1222 -143.74998
v -394.5384 1809.9375 -287.50012
v -542.4903 1795.5977 -251.56264
v -246.58653 1795.5977 -251.56259
v -591.8077 1752.5781 -143.75015
v -542.49036 1709.5588 -35.937656
v -394.5385 1695.219 -0.00013367402
v -246.58658 1709.5588 -35.937614
v -197.26927 1752.5784 -143.75009
v 1183.6152 1650.9672 7.7700286
v 1035.6633 1675.3804 37.880054
v 1331.5671 1626.5541 49.535004
v 986.34607 1683.5181 143.75008
v 1035.6633 1675.3804 253.50504
v 1183.6152 1650.9672 295.27005
v 1331.5671 1626.5541 265.16
v 1380.8844 1618.4164 159.29
v -1972.6923 1836.6797 -0.00038220518
v -1824.7404 1779.897 -35.93785
v -2120.644 1893.4624 -35.93791
v -1775.4231 1760.9694 -143.75035
v -1824.7404 1779.897 -251.56284
v -1972.6921 1836.6797 -287.50037
v -2120.644 1893.4624 -251.56288
v -2169.9614 1912.3898 -143.75041
vt 0.5199384974160671 0.6600656254916312
vt 0.5199373620822815 0.6600755310516349
vt 0.519927573150159 0.6600745620098698
vt 0.5199373620822815 0.6600755310516349
vt 0.519934341078922 0.6600827227933896
vt 0.5199272162746511 0.6600837311187391
vt 0.5199146183314631 0.6600867289642207
vt 0.51991492249618 0.6600756389935751
vt 0.519927573150159 0.6600745620098698
vt 0.51991492249618 0.6600756389935751
vt 0.5199160891367869 0.6600638325246839
vt 0.519928306091766 0.6600643171047631
vt 0.5199160891367869 0.6600638325246839
vt 0.51991492249618 0.6600756389935751
vt 0.5199021110911124 0.6600754029083519
vt 0.51991492249618 0.6600756389935751
vt 0.5199146183314631 0.6600867289642207
vt 0.5199018040148139 0.6600869660135598
vt 0.5198891464130686 0.6600858577075581
vt 0.5198894062914671 0.6600744662610475
vt 0.5199021110911124 0.6600754029083519
vt 0.5198894062914671 0.6600744662610475
vt 0.5198896770951494 0.6600611247428997
vt 0.5199029846381882 0.6600629552855477
vt 0.5198896770951494 0.6600611247428997
vt 0.5198894062914671 0.6600744662610475
vt 0.5198768342398785 0.6600736382675452
vt 0.5198894062914671 0.6600744662610475
vt 0.5198891464130686 0.6600858577075581
vt 0.5198767796416793 0.6600848441690403
vt 0.519869718255258 0.6600833528056504
vt 0.5198672466467495 0.6600751810445686
vt 0.5198768342398785 0.6600736382675452
vt 0.5198672466467495 0.6600751810445686
vt 0.5198659850195614 0.6600614787845028
vt 0.5198769256282763 0.6600626345721516
vt 0.5196256218566552 0.6599055853267763
vt 0.5196249567168711 0.659915753475106
vt 0.5196151282541069 0.6599147331008204
vt 0.5196249567168711 0.659915753475106
vt 0.5196272736808409 0.6599266689706935
vt 0.5196146072936745 0.6599248272089494
vt 0.5196019490077296 0.6599233519917858
vt 0.5196025606680794 0.6599133032233643
vt 0.5196151282541069 0.6599147331008204
vt 0.5196025606680794 0.6599133032233643
vt 0.5196031585572193 0.6599033314584537
vt 0.5196155939211657 0.6599047125137114
vt 0.5196031585572193 0.6599033314584537
vt 0.5196025606680794 0.6599133032233643
vt 0.5195900125972719 0.6599117290747263
vt 0.5196025606680794 0.6599133032233643
vt 0.5196019490077296 0.6599233519917858
vt 0.5195893233392047 0.6599217479936094
vt 0.5195767025543887 0.6599209907185528
vt 0.519579967183902 0.6599103632402099
vt 0.5195900125972719 0.6599117290747263
vt 0.519579967183902 0.6599103632402099
vt 0.5195807275022757 0.6599003370424263
vt 0.5195907123064702 0.659901794499674
vt 0.5196437460054241 0.6603487678709343
vt 0.519640389831229 0.6603586971552597
vt 0.5196310635485744 0.6603543192895089
vt 0.519640389831229 0.6603586971552597
vt 0.5196369281609706 0.6603643076677
vt 0.5196293235578712 0.6603624388896725
vt 0.5196171089023808 0.6603593669080989
vt 0.5196188626168238 0.6603513707337434
vt 0.5196310635485744 0.6603543192895089
vt 0.5196188626168238 0.6603513707337434
vt 0.5196202341293256 0.6603437863487145
vt 0.5196327624699639 0.660346666199682
vt 0.5196202341293256 0.6603437863487145
vt 0.5196188626168238 0.6603513707337434
vt 0.5196057482358235 0.6603495103063278
vt 0.5196188626168238 0.6603513707337434
vt 0.5196171089023808 0.6603593669080989
vt 0.51960440034329 0.6603574032058748
vt 0.5195961583574781 0.6603550567811938
vt 0.5195942217548988 0.660348922167177
vt 0.5196057482358235 0.6603495103063278
vt 0.5195942217548988 0.660348922167177
vt 0.5195929164194913 0.6603389986409227
vt 0.5196069645355638 0.6603417168872219
vt 0.5197571369600136 0.6600910803556341
vt 0.5197594213515174 0.6600974649740887
vt 0.5197495584429159 0.660096518082532
vt 0.5197594213515174 0.6600974649740887
vt 0.5197624732064462 0.6601081172677379
vt 0.5197494890918358 0.6601065222560437
vt 0.5197362275496421 0.6601049113321558
vt 0.5197367528278476 0.6600948271072834
vt 0.5197495584429159 0.660096518082532
vt 0.5197367528278476 0.6600948271072834
vt 0.5197373866549567 0.6600845347379376
vt 0.5197498897360752 0.660088494618885
vt 0.5197373866549567 0.6600845347379376
vt 0.5197367528278476 0.6600948271072834
vt 0.5197240485496961 0.6600933021915211
vt 0.5197367528278476 0.6600948271072834
vt 0.5197362275496421 0.6601049113321558
vt 0.5197234167941294 0.6601033463441588
vt 0.519710776076017 0.6601023125850638
vt 0.5197142324195446 0.6600920816465876
vt 0.5197240485496961 0.6600933021915211
vt 0.5197142324195446 0.6600920816465876
vt 0.5197146641248289 0.6600819564389808
vt 0.5197247025686522 0.6600833015733113
vt 0.5197702340198794 0.6601778868922491
vt 0.5197672636787577 0.6601916770966647
vt 0.5197579805204655 0.6601877224808461
vt 0.5197672636787577 0.6601916770966647
vt 0.5197638227367845 0.6601989166149058
vt 0.5197566867465278 0.6601984675346015
vt 0.5197445262911915 0.6601965601054116
vt 0.5197454853003053 0.6601856713868202
vt 0.5197579805204655 0.6601877224808461
vt 0.5197454853003053 0.6601856713868202
vt 0.5197461935036233 0.6601771453106545
vt 0.519759506729383 0.6601730523045792
vt 0.5197461935036233 0.6601771453106545
vt 0.5197454853003053 0.6601856713868202
vt 0.5197331297053659 0.6601840004648198
vt 0.5197454853003053 0.6601856713868202
vt 0.5197445262911915 0.6601965601054116
vt 0.5197323683258084 0.6601946259991679
vt 0.5197254454144417 0.6601927675414985
vt 0.5197233988162259 0.6601846429314332
vt 0.5197331297053659 0.6601840004648198
vt 0.5197233988162259 0.6601846429314332
vt 0.5197209042079787 0.660171681770396
vt 0.5197335195305299 0.6601755441074458
vt 0.5196630782973962 0.6602003274431603
vt 0.5196644519365639 0.6602075004699922
vt 0.5196547806308294 0.6602067128048827
vt 0.5196644519365639 0.6602075004699922
vt 0.5196668456258599 0.6602183027152804
vt 0.5196543071774313 0.6602166288202198
vt 0.5196417668088987 0.6602151105900732
vt 0.5196423440581759 0.6602050650165565
vt 0.5196547806308294 0.6602067128048827
vt 0.5196423440581759 0.6602050650165565
vt 0.5196430380396769 0.6601947383865185
vt 0.5196555582013588 0.6601984095609716
vt 0.5196430380396769 0.6601947383865185
vt 0.5196423440581759 0.6602050650165565
vt 0.519629741825221 0.6602036423972233
vt 0.5196423440581759 0.6602050650165565
vt 0.5196417668088987 0.6602151105900732
vt 0.519629191115329 0.6602136721930797
vt 0.5196166317879387 0.6602122379735023
vt 0.5196171852554344 0.6602022166863395
vt 0.519629741825221 0.6602036423972233
vt 0.5196171852554344 0.6602022166863395
vt 0.5196177360991515 0.6601922044833568
vt 0.5196302640205941 0.6601936357467948
vt 0.5199406490337747 0.6600458490387273
vt 0.5199396889509597 0.6600557496791577
vt 0.5199303435440299 0.6600545421332832
vt 0.5199396889509597 0.6600557496791577
vt 0.5199384974160671 0.6600656254916312
vt 0.519928306091766 0.6600643171047631
vt 0.5199160891367869 0.6600638325246839
vt 0.5199190574095658 0.6600536827276253
vt 0.5199303435440299 0.6600545421332832
vt 0.5199190574095658 0.6600536827276253
vt 0.5199226743139318 0.6600437710198306
vt 0.5199326471619862 0.6600448029068333
vt 0.5199226743139318 0.6600437710198306
vt 0.5199190574095658 0.6600536827276253
vt 0.5199051784272753 0.6600526693134894
vt 0.5199190574095658 0.6600536827276253
vt 0.5199160891367869 0.6600638325246839
vt 0.5199029846381882 0.6600629552855477
vt 0.5198896770951494 0.6600611247428997
vt 0.5198936994829539 0.6600509854976391
vt 0.5199051784272753 0.6600526693134894
vt 0.5198936994829539 0.6600509854976391
vt 0.5198970405018098 0.660044471928298
vt 0.5199066094084422 0.6600445947268005
vt 0.5197716245661795 0.6599232316799895
vt 0.5197684685931041 0.6599365223102827
vt 0.5197589793425398 0.6599343352725342
vt 0.5197684685931041 0.6599365223102827
vt 0.5197660452889714 0.6599449812346897
vt 0.5197589273693566 0.6599464896107821
vt 0.5197518254127861 0.6599442283872049
vt 0.5197494758311761 0.6599355171366276
vt 0.5197589793425398 0.6599343352725342
vt 0.5197494758311761 0.6599355171366276
vt 0.5197465937052467 0.6599212907447602
vt 0.5197590361447255 0.6599214021919317
vt 0.51962451104213 0.6598884825836686
vt 0.519625915506358 0.6598953801265137
vt 0.5196160047350672 0.6598948767644317
vt 0.519625915506358 0.6598953801265137
vt 0.5196256218566552 0.6599055853267763
vt 0.5196155939211657 0.6599047125137114
vt 0.5196031585572193 0.6599033314584537
vt 0.5196037482805338 0.6598933927722992
vt 0.5196160047350672 0.6598948767644317
vt 0.5196037482805338 0.6598933927722992
vt 0.51960423826536 0.6598849546804435
vt 0.5196168268211007 0.6598866517598632
vt 0.51960423826536 0.6598849546804435
vt 0.5196037482805338 0.6598933927722992
vt 0.5195915120473521 0.6598920704113562
vt 0.5196037482805338 0.6598933927722992
vt 0.5196031585572193 0.6599033314584537
vt 0.5195907123064702 0.659901794499674
vt 0.5195807275022757 0.6599003370424263
vt 0.5195816137263246 0.6598903167432588
vt 0.5195915120473521 0.6598920704113562
vt 0.5195816137263246 0.6598903167432588
vt 0.5195837722952097 0.6598837513343687
vt 0.5195916477709902 0.6598836921696349
vt 0.5198903364549363 0.6599540487617634
vt 0.5198860336477034 0.6599631709030089
vt 0.5198764215945886 0.6599614775534635
vt 0.5198860336477034 0.6599631709030089
vt 0.5198831076732411 0.6599703065032956
vt 0.5198759085661907 0.6599719721631496
vt 0.519862611101539 0.6599742140883087
vt 0.519862395047037 0.6599657904691165
vt 0.5198764215945886 0.6599614775534635
vt 0.519862395047037 0.6599657904691165
vt 0.5198641143210304 0.6599493066979124
vt 0.519877268459912 0.6599504953928546
vt 0.5198641143210304 0.6599493066979124
vt 0.519862395047037 0.6599657904691165
vt 0.5198503966933732 0.6599655003729914
vt 0.519862395047037 0.6599657904691165
vt 0.519862611101539 0.6599742140883087
vt 0.5198499486471415 0.659974343984129
vt 0.5198373032114975 0.6599728491124799
vt 0.5198378611504673 0.6599598808527019
vt 0.5198503966933732 0.6599655003729914
vt 0.5198378611504673 0.6599598808527019
vt 0.5198385342129553 0.6599465915598415
vt 0.5198513324163616 0.6599479617231493
vt 0.5198385342129553 0.6599465915598415
vt 0.5198378611504673 0.6599598808527019
vt 0.5198250145911539 0.6599585743718785
vt 0.5198378611504673 0.6599598808527019
vt 0.5198373032114975 0.6599728491124799
vt 0.5198245794197268 0.659970889559175
vt 0.5198174593375288 0.6599686368785749
vt 0.519815143859796 0.6599600584008041
vt 0.5198250145911539 0.6599585743718785
vt 0.519815143859796 0.6599600584008041
vt 0.5198140055652744 0.6599449542839526
vt 0.5198255178315058 0.6599448499429246
vt 0.5197333611260994 0.6600671234810074
vt 0.519734879847201 0.6600740760672597
vt 0.5197251159697056 0.6600736372134361
vt 0.519734879847201 0.6600740760672597
vt 0.5197373866549567 0.6600845347379376
vt 0.5197247025686522 0.6600833015733113
vt 0.5197146641248289 0.6600819564389808
vt 0.5197154762813808 0.6600717708220871
vt 0.5197251159697056 0.6600736372134361
vt 0.5197154762813808 0.6600717708220871
vt 0.5197177706446865 0.6600652873934345
vt 0.519725595332967 0.660065516709322
vt 0.5195917386491977 0.6601010143121888
vt 0.5196007525456159 0.6601032944580503
vt 0.5195981172916 0.6601140992510486
vt 0.5196007525456159 0.6601032944580503
vt 0.5196077299002622 0.6601060139531114
vt 0.5196094609884789 0.6601141845966834
vt 0.5196113210911397 0.6601283109207607
vt 0.5195975133612518 0.6601262390389664
vt 0.5195981172916 0.6601140992510486
vt 0.5195975133612518 0.6601262390389664
vt 0.51958838227262 0.6601250262805343
vt 0.5195896777325494 0.6601114863024085
vt 0.51958838227262 0.6601250262805343
vt 0.5195975133612518 0.6601262390389664
vt 0.5195967680493269 0.6601398976123241
vt 0.5195975133612518 0.6601262390389664
vt 0.5196113210911397 0.6601283109207607
vt 0.5196111262936872 0.6601419814836927
vt 0.5196090937230268 0.660155337909665
vt 0.5195956970482151 0.6601532436206896
vt 0.5195967680493269 0.6601398976123241
vt 0.5195956970482151 0.6601532436206896
vt 0.5195867942828857 0.6601524227237829
vt 0.5195875066975354 0.6601387786243452
vt 0.5195867942828857 0.6601524227237829
vt 0.5195956970482151 0.6601532436206896
vt 0.5195966056760043 0.6601671717020579
vt 0.5195956970482151 0.6601532436206896
vt 0.5196090937230268 0.660155337909665
vt 0.5196052511451268 0.6601687389629578
vt 0.5196031817771859 0.6601761758397082
vt 0.5195964941979071 0.6601777916788474
vt 0.5195966056760043 0.6601671717020579
vt 0.5195964941979071 0.6601777916788474
vt 0.5195873395373172 0.6601773181217749
vt 0.5195868304227093 0.6601663764748197
vt 0.51963909533952 0.6601773294104596
vt 0.5196405041263696 0.6601842561648732
vt 0.519630584749683 0.6601837535668138
vt 0.5196405041263696 0.6601842561648732
vt 0.5196430380396769 0.6601947383865185
vt 0.5196302640205941 0.6601936357467948
vt 0.5196177360991515 0.6601922044833568
vt 0.5196182840923355 0.6601822253464218
vt 0.519630584749683 0.6601837535668138
vt 0.5196182840923355 0.6601822253464218
vt 0.5196163651859397 0.6601720688473165
vt 0.51963137517974 0.6601754998011214
vt 0.5199405762301488 0.6600251653635704
vt 0.5199411072148705 0.660035868606391
vt 0.519933839358885 0.6600348146429414
vt 0.5199411072148705 0.660035868606391
vt 0.5199406490337747 0.6600458490387273
vt 0.5199326471619862 0.6600448029068333
vt 0.5199226743139318 0.6600437710198306
vt 0.5199265376002477 0.6600340240796922
vt 0.519933839358885 0.6600348146429414
vt 0.5199265376002477 0.6600340240796922
vt 0.5199270001289652 0.6600280533986959
vt 0.5199327087236872 0.6600266223900972
vt 0.519799658069772 0.6599096427438722
vt 0.5197976393079873 0.6599197679300595
vt 0.5197853807125311 0.6599155694144324
vt 0.5197976393079873 0.6599197679300595
vt 0.519795113580027 0.6599249877938815
vt 0.5197855701745479 0.6599238705223243
vt 0.5197716245661795 0.6599232316799895
vt 0.5197719885886108 0.6599125422016254
vt 0.5197853807125311 0.6599155694144324
vt 0.5197719885886108 0.6599125422016254
vt 0.5197717684456269 0.6599027879679398
vt 0.5197847554618855 0.6599054568321598
vt 0.5197717684456269 0.6599027879679398
vt 0.5197719885886108 0.6599125422016254
vt 0.5197592115536991 0.6599110970451136
vt 0.5197719885886108 0.6599125422016254
vt 0.5197716245661795 0.6599232316799895
vt 0.5197590361447255 0.6599214021919317
vt 0.5197465937052467 0.6599212907447602
vt 0.5197466408673297 0.6599104531824384
vt 0.5197592115536991 0.6599110970451136
vt 0.5197466408673297 0.6599104531824384
vt 0.5197466252625275 0.6599009457472644
vt 0.519759151357958 0.659901513112047
vt 0.5197466252625275 0.6599009457472644
vt 0.5197466408673297 0.6599104531824384
vt 0.5197342315110175 0.6599098145556799
vt 0.5197466408673297 0.6599104531824384
vt 0.5197465937052467 0.6599212907447602
vt 0.519734045929645 0.6599182141755442
vt 0.519720828832709 0.659915715212718
vt 0.5197239150541039 0.6599061998021509
vt 0.5197342315110175 0.6599098145556799
vt 0.5197239150541039 0.6599061998021509
vt 0.5197258212522651 0.6598988723484458
vt 0.5197340930440135 0.6599003730350677
vt 0.5195380269654779 0.6603274949375328
vt 0.519535150416698 0.6603380898198761
vt 0.5195252882704421 0.660337079161502
vt 0.519535150416698 0.6603380898198761
vt 0.5195337388477842 0.6603470104015432
vt 0.5195262118543724 0.6603479946654427
vt 0.5195132897408223 0.6603517993377295
vt 0.519512358563087 0.6603393688186789
vt 0.5195252882704421 0.660337079161502
vt 0.519512358563087 0.6603393688186789
vt 0.5195108580846896 0.6603250812990642
vt 0.5195245197841003 0.6603261254091215
vt 0.5195108580846896 0.6603250812990642
vt 0.519512358563087 0.6603393688186789
vt 0.5194993779811328 0.6603409501903399
vt 0.519512358563087 0.6603393688186789
vt 0.5195132897408223 0.6603517993377295
vt 0.5195004618098169 0.6603536468885859
vt 0.5194876065608824 0.6603543686510174
vt 0.5194865209877468 0.6603417239005813
vt 0.5194993779811328 0.6603409501903399
vt 0.5194865209877468 0.6603417239005813
vt 0.5194849911741155 0.6603279639813806
vt 0.5194981344492624 0.6603275991988903
vt 0.5196855982323854 0.6603095167638854
vt 0.5196867257538454 0.6602965239988137
vt 0.5196991272815653 0.6602978074670123
vt 0.5196867257538454 0.6602965239988137
vt 0.5196871898804368 0.6602845765375711
vt 0.5196994129628542 0.6602856653510716
vt 0.5197117102014109 0.6602863992154959
vt 0.5197117030988267 0.6602985749507284
vt 0.5196991272815653 0.6602978074670123
vt 0.5197117030988267 0.6602985749507284
vt 0.5197118529952452 0.6603120041509107
vt 0.5196987429404546 0.6603097838240575
vt 0.5197118529952452 0.6603120041509107
vt 0.5197117030988267 0.6602985749507284
vt 0.5197241532998707 0.6602990107293065
vt 0.5197117030988267 0.6602985749507284
vt 0.5197117102014109 0.6602863992154959
vt 0.519724044070004 0.660286898672847
vt 0.5197313077475647 0.6602867931106167
vt 0.519733736626372 0.6602955319831256
vt 0.5197241532998707 0.6602990107293065
vt 0.519733736626372 0.6602955319831256
vt 0.519737182325381 0.6603102453512883
vt 0.5197243154915083 0.6603114322354122
vt 0.519655511338208 0.6600064990154264
vt 0.5196574634932968 0.6600128521888307
vt 0.5196476081399674 0.6600138000308506
vt 0.5196574634932968 0.6600128521888307
vt 0.5196589084144301 0.6600231365352468
vt 0.5196470248107132 0.6600229214161961
vt 0.5196352643318998 0.6600201113845425
vt 0.5196380281159002 0.6600104320257463
vt 0.5196476081399674 0.6600138000308506
vt 0.5196380281159002 0.6600104320257463
vt 0.5196407540496305 0.6600046615525813
vt 0.5196481418953932 0.6600054336455545
vt 0.5195740570984946 0.6600942275179063
vt 0.5195828751536883 0.6600986033722716
vt 0.519580472030339 0.6601094494675465
vt 0.5195828751536883 0.6600986033722716
vt 0.5195917386491977 0.6601010143121888
vt 0.5195896777325494 0.6601114863024085
vt 0.51958838227262 0.6601250262805343
vt 0.5195790680464913 0.6601236370587976
vt 0.519580472030339 0.6601094494675465
vt 0.5195790680464913 0.6601236370587976
vt 0.5195692437264593 0.6601220804158006
vt 0.5195716840198854 0.6601084252323509
vt 0.5195692437264593 0.6601220804158006
vt 0.5195790680464913 0.6601236370587976
vt 0.5195780729403402 0.6601376824729563
vt 0.5195790680464913 0.6601236370587976
vt 0.51958838227262 0.6601250262805343
vt 0.5195875066975354 0.6601387786243452
vt 0.5195867942828857 0.6601524227237829
vt 0.5195774902871921 0.660151760100697
vt 0.5195780729403402 0.6601376824729563
vt 0.5195774902871921 0.660151760100697
vt 0.5195677161526344 0.6601510441190486
vt 0.5195686457031001 0.660136604021969
vt 0.5195677161526344 0.6601510441190486
vt 0.5195774902871921 0.660151760100697
vt 0.519577317039879 0.6601661263072306
vt 0.5195774902871921 0.660151760100697
vt 0.5195867942828857 0.6601524227237829
vt 0.5195868304227093 0.6601663764748197
vt 0.5195873395373172 0.6601773181217749
vt 0.5195782847847602 0.6601774159339611
vt 0.519577317039879 0.6601661263072306
vt 0.5195782847847602 0.6601774159339611
vt 0.519569185244175 0.6601796258647439
vt 0.5195687366606967 0.6601651013584012
vt 0.519690207197279 0.6600556331127845
vt 0.5196930240825672 0.660061906402394
vt 0.5196832897250936 0.660064260117547
vt 0.5196930240825672 0.660061906402394
vt 0.5196953661317902 0.6600725540079018
vt 0.5196840634554976 0.6600727017998387
vt 0.5196759921240186 0.6600729006738726
vt 0.5196725794510656 0.6600666718141056
vt 0.5196832897250936 0.660064260117547
vt 0.5196725794510656 0.6600666718141056
vt 0.5196700645058339 0.6600560551891644
vt 0.5196825303456621 0.6600557801720387
vt 0.5196415187027655 0.6603186788177147
vt 0.5196400846370024 0.6603283275927532
vt 0.5196262709980362 0.6603256872476108
vt 0.5196400846370024 0.6603283275927532
vt 0.5196380589542162 0.6603342909675096
vt 0.5196281522376875 0.6603342808302937
vt 0.5196144644072672 0.6603327269385867
vt 0.5196130633371099 0.6603232614252548
vt 0.5196262709980362 0.6603256872476108
vt 0.5196130633371099 0.6603232614252548
vt 0.519613943115819 0.6603141199829281
vt 0.5196273074671216 0.6603165575395877
vt 0.519613943115819 0.6603141199829281
vt 0.5196130633371099 0.6603232614252548
vt 0.5196013647048606 0.6603219320457362
vt 0.5196130633371099 0.6603232614252548
vt 0.5196144644072672 0.6603327269385867
vt 0.5196017353181822 0.6603317242719557
vt 0.5195890352006229 0.6603306902728238
vt 0.5195892719429634 0.6603210078665119
vt 0.5196013647048606 0.6603219320457362
vt 0.5195892719429634 0.6603210078665119
vt 0.5195896116843537 0.6603111002747871
vt 0.5196018993937314 0.6603124805592873
vt 0.5195896116843537 0.6603111002747871
vt 0.5195892719429634 0.6603210078665119
vt 0.5195767408048722 0.6603197561100749
vt 0.5195892719429634 0.6603210078665119
vt 0.5195890352006229 0.6603306902728238
vt 0.5195763360343499 0.6603293593070191
vt 0.5195636948394364 0.6603280846739461
vt 0.5195640664324849 0.6603184613339643
vt 0.5195767408048722 0.6603197561100749
vt 0.5195640664324849 0.6603184613339643
vt 0.51956454653665 0.6603080925215379
vt 0.5195772120367724 0.6603096722658918
vt 0.51956454653665 0.6603080925215379
vt 0.5195640664324849 0.6603184613339643
vt 0.5195512817807807 0.6603172877788545
vt 0.5195640664324849 0.6603184613339643
vt 0.5195636948394364 0.6603280846739461
vt 0.5195510511951217 0.660326975575677
vt 0.5195380269654779 0.6603274949375328
vt 0.5195381797501349 0.6603163246775092
vt 0.5195512817807807 0.6603172877788545
vt 0.5195381797501349 0.6603163246775092
vt 0.5195385892068834 0.6603056561285511
vt 0.5195515563779571 0.6603092538398787
vt 0.5195385892068834 0.6603056561285511
vt 0.5195381797501349 0.6603163246775092
vt 0.5195247045230426 0.660315236482723
vt 0.5195381797501349 0.6603163246775092
vt 0.5195380269654779 0.6603274949375328
vt 0.5195245197841003 0.6603261254091215
vt 0.5195108580846896 0.6603250812990642
vt 0.5195132056232028 0.6603141340343447
vt 0.5195247045230426 0.660315236482723
vt 0.5195132056232028 0.6603141340343447
vt 0.5195112133784777 0.6603031501021577
vt 0.5195250064963314 0.6603042968574424
vt 0.5198103391712875 0.6599960602548136
vt 0.5198140294989148 0.6600046852776307
vt 0.5198047751186177 0.6600038360488851
vt 0.5198140294989148 0.6600046852776307
vt 0.5198097359071463 0.6600125779256469
vt 0.5198021140388441 0.6600117994736676
vt 0.5197918371707319 0.6600090528982182
vt 0.5197911517472636 0.6600025864682884
vt 0.5198047751186177 0.6600038360488851
vt 0.5197911517472636 0.6600025864682884
vt 0.5197923033640405 0.6599962888103411
vt 0.5198027110104986 0.6599954393165864
vt 0.5196849326157008 0.6603295819535607
vt 0.5196881671856293 0.6603198347407998
vt 0.5196983415046357 0.6603206818053036
vt 0.5196881671856293 0.6603198347407998
vt 0.5196855982323854 0.6603095167638854
vt 0.5196987429404546 0.6603097838240575
vt 0.5197118529952452 0.6603120041509107
vt 0.5197084768662331 0.6603216868153923
vt 0.5196983415046357 0.6603206818053036
vt 0.5197084768662331 0.6603216868153923
vt 0.5197108784908991 0.6603321512536982
vt 0.5196979620972634 0.6603314586251663
vt 0.5197971309077234 0.6599356539925075
vt 0.5197988694170544 0.6599442052019653
vt 0.5197892128043101 0.6599448694770023
vt 0.5197988694170544 0.6599442052019653
vt 0.5197968444282958 0.6599500859955097
vt 0.5197888109180808 0.6599523635184825
vt 0.5197811158708967 0.6599483199538771
vt 0.5197797420913151 0.659942057538151
vt 0.5197892128043101 0.6599448694770023
vt 0.5197797420913151 0.659942057538151
vt 0.5197823714586907 0.6599339967647782
vt 0.5197898030437245 0.6599338631813578
vt 0.5197353465009321 0.66033492962919
vt 0.5197385696533068 0.6603249661007378
vt 0.5197489913193757 0.6603257307618478
vt 0.5197385696533068 0.6603249661007378
vt 0.5197366575301495 0.6603132364184361
vt 0.5197500596459946 0.6603157579055665
vt 0.5197626873874424 0.660318610242308
vt 0.5197598887312512 0.6603279317691775
vt 0.5197489913193757 0.6603257307618478
vt 0.5197598887312512 0.6603279317691775
vt 0.5197588481732115 0.6603374571291714
vt 0.5197484879631803 0.6603370028911271
vt 0.5197042529159042 0.6601213274639126
vt 0.5197024309592018 0.6601313645422335
vt 0.519692731095313 0.6601286944531595
vt 0.5197024309592018 0.6601313645422335
vt 0.5197003241380457 0.6601374939951846
vt 0.519692956840575 0.6601371871320634
vt 0.519685586694753 0.6601372725407088
vt 0.519683141346211 0.6601310655653605
vt 0.519692731095313 0.6601286944531595
vt 0.519683141346211 0.6601310655653605
vt 0.5196804254249602 0.6601215526149324
vt 0.5196924973763394 0.6601194227151155
vt 0.5195506493798971 0.6601227754014689
vt 0.5195597105223776 0.6601237359465674
vt 0.5195592181528269 0.660135571250034
vt 0.5195597105223776 0.6601237359465674
vt 0.5195692437264593 0.6601220804158006
vt 0.5195686457031001 0.660136604021969
vt 0.5195677161526344 0.6601510441190486
vt 0.5195585086448224 0.6601472052144587
vt 0.5195592181528269 0.660135571250034
vt 0.5195585086448224 0.6601472052144587
vt 0.5195494551091532 0.6601459431215786
vt 0.5195500307594312 0.6601345707325956
vt 0.5195998010313173 0.6599537267815372
vt 0.519593665781005 0.6599531257895753
vt 0.519595122183475 0.6599380012507543
vt 0.519593665781005 0.6599531257895753
vt 0.5195876071712734 0.6599517341418276
vt 0.5195872185731107 0.659939622943253
vt 0.519587429255271 0.6599310843785915
vt 0.5195960618657482 0.6599282413019218
vt 0.519595122183475 0.6599380012507543
vt 0.5195960618657482 0.6599282413019218
vt 0.5196038879681212 0.6599337726800565
vt 0.5196024742769795 0.6599421141145303
vt 0.5195061346877405 0.6599114065675487
vt 0.5195172464052216 0.659910388800073
vt 0.5195159531146949 0.6599259641196764
vt 0.5195172464052216 0.659910388800073
vt 0.5195267046080929 0.6599145224703431
vt 0.5195228230366583 0.6599288110146477
vt 0.5195202720592776 0.6599379247611681
vt 0.5195148525474576 0.6599388831507027
vt 0.5195159531146949 0.6599259641196764
vt 0.5195148525474576 0.6599388831507027
vt 0.519505151952886 0.6599406675482309
vt 0.5195059575401315 0.6599278606984559
vt 0.519644102771589 0.6602992198979569
vt 0.5196433196631456 0.6603090630591175
vt 0.5196326689895894 0.6603068710182746
vt 0.5196433196631456 0.6603090630591175
vt 0.5196415187027655 0.6603186788177147
vt 0.5196273074671216 0.6603165575395877
vt 0.519613943115819 0.6603141199829281
vt 0.519614836803698 0.6603047392622543
vt 0.5196326689895894 0.6603068710182746
vt 0.519614836803698 0.6603047392622543
vt 0.5196155275634531 0.6602951312712793
vt 0.5196333891048361 0.6602979929137565
vt 0.5196155275634531 0.6602951312712793
vt 0.519614836803698 0.6603047392622543
vt 0.5196025686925977 0.660302953348644
vt 0.519614836803698 0.6603047392622543
vt 0.519613943115819 0.6603141199829281
vt 0.5196018993937314 0.6603124805592873
vt 0.5195896116843537 0.6603111002747871
vt 0.5195902427982083 0.6603000499444471
vt 0.5196025686925977 0.660302953348644
vt 0.5195902427982083 0.6603000499444471
vt 0.5195911443701708 0.6602928768956827
vt 0.5196032090435466 0.6602933080417877
vt 0.5195911443701708 0.6602928768956827
vt 0.5195902427982083 0.6603000499444471
vt 0.5195777937024326 0.6602997432138474
vt 0.5195902427982083 0.6603000499444471
vt 0.5195896116843537 0.6603111002747871
vt 0.5195772120367724 0.6603096722658918
vt 0.51956454653665 0.6603080925215379
vt 0.5195682887154236 0.6602982189068564
vt 0.5195777937024326 0.6602997432138474
vt 0.5195682887154236 0.6602982189068564
vt 0.5195658957064192 0.660287703292257
vt 0.5195785479091641 0.6602897104508891
vt 0.5197962846542739 0.6599578002194173
vt 0.5197978318756404 0.6599635524147554
vt 0.5197876759257852 0.6599620932990315
vt 0.5197978318756404 0.6599635524147554
vt 0.5197948759521075 0.6599691412229081
vt 0.5197871166253437 0.6599698087361732
vt 0.5197802459077919 0.659967286371849
vt 0.5197782430921336 0.6599610294773941
vt 0.5197876759257852 0.6599620932990315
vt 0.5197782430921336 0.6599610294773941
vt 0.5197816767417097 0.6599555423831552
vt 0.5197889919756369 0.6599547945102439
vt 0.5195397507547188 0.6602842355979379
vt 0.5195359888991069 0.6602947556926743
vt 0.5195257302872153 0.6602933547713301
vt 0.5195359888991069 0.6602947556926743
vt 0.5195385892068834 0.6603056561285511
vt 0.5195250064963314 0.6603042968574424
vt 0.5195112133784777 0.6603031501021577
vt 0.5195120451252516 0.6602916312600526
vt 0.5195257302872153 0.6602933547713301
vt 0.5195120451252516 0.6602916312600526
vt 0.5195127609567014 0.6602805382786718
vt 0.5195261937442048 0.6602821379542765
vt 0.5195127609567014 0.6602805382786718
vt 0.5195120451252516 0.6602916312600526
vt 0.5194985973088303 0.6602889739480895
vt 0.5195120451252516 0.6602916312600526
vt 0.5195112133784777 0.6603031501021577
vt 0.5194984192989138 0.6602996972205195
vt 0.5194852114932524 0.6602990703290926
vt 0.5194855660680686 0.6602865515365033
vt 0.5194985973088303 0.6602889739480895
vt 0.5194855660680686 0.6602865515365033
vt 0.5194851103308581 0.6602736968499175
vt 0.5194993632176172 0.6602780647470953
vt 0.5196848185686251 0.6603538395937125
vt 0.5196851373482165 0.6603415992367184
vt 0.5196976069764565 0.6603428897713834
vt 0.5196851373482165 0.6603415992367184
vt 0.5196849326157008 0.6603295819535607
vt 0.5196979620972634 0.6603314586251663
vt 0.5197108784908991 0.6603321512536982
vt 0.5197101490145853 0.660344137482282
vt 0.5196976069764565 0.6603428897713834
vt 0.5197101490145853 0.660344137482282
vt 0.5197096505704608 0.6603556474640404
vt 0.5196974070936147 0.6603545897467153
vt 0.5197096505704608 0.6603556474640404
vt 0.5197101490145853 0.660344137482282
vt 0.5197224822216907 0.6603455375137555
vt 0.5197101490145853 0.660344137482282
vt 0.5197108784908991 0.6603321512536982
vt 0.5197230276007111 0.6603354678444473
vt 0.5197353465009321 0.66033492962919
vt 0.5197348344805925 0.6603469314853493
vt 0.5197224822216907 0.6603455375137555
vt 0.5197348344805925 0.6603469314853493
vt 0.5197340419660622 0.6603584272057181
vt 0.5197218469514453 0.6603569747094018
vt 0.5197340419660622 0.6603584272057181
vt 0.5197348344805925 0.6603469314853493
vt 0.5197475271304924 0.6603486437722225
vt 0.5197348344805925 0.6603469314853493
vt 0.5197353465009321 0.66033492962919
vt 0.5197484879631803 0.6603370028911271
vt 0.5197588481732115 0.6603374571291714
vt 0.5197578556826514 0.6603476922290732
vt 0.5197475271304924 0.6603486437722225
vt 0.5197578556826514 0.6603476922290732
vt 0.5197573080310894 0.6603603692205295
vt 0.5197461760169958 0.6603601781490908
vt 0.5196656254349211 0.6601061532755425
vt 0.5196727126535451 0.6601020444334572
vt 0.5196721105560123 0.6601128325845296
vt 0.5196727126535451 0.6601020444334572
vt 0.5196792543467037 0.660107718719426
vt 0.5196792292578979 0.6601160789270304
vt 0.5196768455881731 0.6601270115763419
vt 0.5196712583284862 0.6601281058315145
vt 0.5196721105560123 0.6601128325845296
vt 0.5196712583284862 0.6601281058315145
vt 0.5196658640729881 0.6601257504277513
vt 0.5196647228666272 0.66011441259812
vt 0.5195325530815471 0.6601205096832183
vt 0.5195415888341361 0.6601217240455075
vt 0.5195408635341796 0.6601335326247688
vt 0.5195415888341361 0.6601217240455075
vt 0.5195506493798971 0.6601227754014689
vt 0.5195500307594312 0.6601345707325956
vt 0.5195494551091532 0.6601459431215786
vt 0.5195403436234023 0.6601443651596698
vt 0.5195408635341796 0.6601335326247688
vt 0.5195403436234023 0.6601443651596698
vt 0.5195302376303971 0.6601463647957828
vt 0.5195315223432279 0.6601324667649145
vt 0.5196607472123864 0.6600892064667003
vt 0.5196626351026308 0.6601026954401426
vt 0.5196526227854209 0.6601015712322078
vt 0.5196626351026308 0.6601026954401426
vt 0.5196625626994396 0.6601265856720753
vt 0.51965166733324 0.6601193877129818
vt 0.5196379999786169 0.6601238277085519
vt 0.519639273915557 0.6601000723878238
vt 0.5196526227854209 0.6601015712322078
vt 0.519639273915557 0.6601000723878238
vt 0.5196402293677378 0.6600822559070498
vt 0.5196535782376018 0.6600837547514338
vt 0.5196402293677378 0.6600822559070498
vt 0.519639273915557 0.6601000723878238
vt 0.519625923974855 0.6600985734232032
vt 0.519639273915557 0.6601000723878238
vt 0.5196379999786169 0.6601238277085519
vt 0.5196246500379149 0.6601223287439315
vt 0.5196146387915429 0.660121204656233
vt 0.519615912728483 0.6600974493355048
vt 0.519625923974855 0.6600985734232032
vt 0.34530688865127246 0.7860514396784448
vt 0.39423815055604106 0.6837342610359304
vt 0.5196268794270359 0.6600807569424293
vt 0.5196426569914878 0.6602826157077482
vt 0.5196436481435471 0.6602890584626825
vt 0.5196296524374568 0.6602869291390354
vt 0.5196436481435471 0.6602890584626825
vt 0.519644102771589 0.6602992198979569
vt 0.5196333891048361 0.6602979929137565
vt 0.5196155275634531 0.6602951312712793
vt 0.5196160724888776 0.6602855086555821
vt 0.5196296524374568 0.6602869291390354
vt 0.5196160724888776 0.6602855086555821
vt 0.5196179929598246 0.6602752710949951
vt 0.5196326579377064 0.6602793284167598
vt 0.5196179929598246 0.6602752710949951
vt 0.5196160724888776 0.6602855086555821
vt 0.5196039735114523 0.6602839216205589
vt 0.5196160724888776 0.6602855086555821
vt 0.5196155275634531 0.6602951312712793
vt 0.5196032090435466 0.6602933080417877
vt 0.5195911443701708 0.6602928768956827
vt 0.5195920287469035 0.6602818936578645
vt 0.5196039735114523 0.6602839216205589
vt 0.5195920287469035 0.6602818936578645
vt 0.5195930019434095 0.6602718884329272
vt 0.5196050969943752 0.6602741670712549
vt 0.5195930019434095 0.6602718884329272
vt 0.5195920287469035 0.6602818936578645
vt 0.5195795559066791 0.660279814620242
vt 0.5195920287469035 0.6602818936578645
vt 0.5195911443701708 0.6602928768956827
vt 0.5195785479091641 0.6602897104508891
vt 0.5195658957064192 0.660287703292257
vt 0.5195668375969519 0.6602773634634238
vt 0.5195795559066791 0.660279814620242
vt 0.5195668375969519 0.6602773634634238
vt 0.5195679370987254 0.6602663803927151
vt 0.5195806338656764 0.6602700110147796
vt 0.5195679370987254 0.6602663803927151
vt 0.5195668375969519 0.6602773634634238
vt 0.5195533864486872 0.6602734916671766
vt 0.5195668375969519 0.6602773634634238
vt 0.5195658957064192 0.660287703292257
vt 0.5195531026728836 0.6602832338540836
vt 0.5195397507547188 0.6602842355979379
vt 0.5195397234644642 0.6602699775483423
vt 0.5195533864486872 0.6602734916671766
vt 0.5195397234644642 0.6602699775483423
vt 0.5195393569041002 0.6602552600868525
vt 0.5195528287398711 0.6602608821793338
vt 0.5195393569041002 0.6602552600868525
vt 0.5195397234644642 0.6602699775483423
vt 0.5195263513090859 0.6602684040084311
vt 0.5195397234644642 0.6602699775483423
vt 0.5195397507547188 0.6602842355979379
vt 0.5195261937442048 0.6602821379542765
vt 0.5195127609567014 0.6602805382786718
vt 0.519512996561449 0.660267863165267
vt 0.5195263513090859 0.6602684040084311
vt 0.519512996561449 0.660267863165267
vt 0.5195133988330812 0.6602544948038305
vt 0.5195264136882339 0.660253431756909
vt 0.5195133988330812 0.6602544948038305
vt 0.519512996561449 0.660267863165267
vt 0.5195000931177306 0.6602675675316743
vt 0.519512996561449 0.660267863165267
vt 0.5195127609567014 0.6602805382786718
vt 0.5194993632176172 0.6602780647470953
vt 0.5194851103308581 0.6602736968499175
vt 0.519490060764628 0.6602645817743036
vt 0.5195000931177306 0.6602675675316743
vt 0.519490060764628 0.6602645817743036
vt 0.5194920599403022 0.6602561590272323
vt 0.5195000739302605 0.6602571690243095
vt 0.5195650576647284 0.6600404899263927
vt 0.5195746946149875 0.6600343656792877
vt 0.5195794269265452 0.6600452429942123
vt 0.5195746946149875 0.6600343656792877
vt 0.5195815644565343 0.6600295503736925
vt 0.5195868664735374 0.6600357112685582
vt 0.5195955354648761 0.660046637992453
vt 0.5195853378065356 0.6600540786709876
vt 0.5195794269265452 0.6600452429942123
vt 0.5195853378065356 0.6600540786709876
vt 0.519578731201832 0.6600577375203243
vt 0.5195727473646775 0.6600530552365969
vt 0.5199161092506375 0.6600178979496466
vt 0.5199198818229731 0.6600090443921229
vt 0.5199294579973085 0.6600116361212565
vt 0.5199198818229731 0.6600090443921229
vt 0.5199225692361911 0.6600026754271457
vt 0.51993011256952 0.6600032118301213
vt 0.5199378647559206 0.6600044736964625
vt 0.5199397169208761 0.6600109457266607
vt 0.5199294579973085 0.6600116361212565
vt 0.5199397169208761 0.6600109457266607
vt 0.5199419034810594 0.6600224571449451
vt 0.5199288374686447 0.6600200443172579
vt 0.5196993051982689 0.6602507163355522
vt 0.5196936777262768 0.6602500955976731
vt 0.5196969615949716 0.6602397187091973
vt 0.5196936777262768 0.6602500955976731
vt 0.5196855150023609 0.6602504324615799
vt 0.5196903736496337 0.6602370921716862
vt 0.5196945886351145 0.6602294479554518
vt 0.5197002098889351 0.6602291966333242
vt 0.5196969615949716 0.6602397187091973
vt 0.5197002098889351 0.6602291966333242
vt 0.5197099190436286 0.6602301567174806
vt 0.5197034203128299 0.6602427796206796
vt 0.5199112286115816 0.6602179276295101
vt 0.5199089642711032 0.6602093132887199
vt 0.5199187233847791 0.6602070567309588
vt 0.5199089642711032 0.6602093132887199
vt 0.5199080822612692 0.6601923938864629
vt 0.5199193785119601 0.6601916775535195
vt 0.5199306293055784 0.6601952911794199
vt 0.5199281539419814 0.6602106475942713
vt 0.5199187233847791 0.6602070567309588
vt 0.5199281539419814 0.6602106475942713
vt 0.5199251438674396 0.660219082239472
vt 0.5199181492713494 0.6602195684313908
vt 0.5195143335297895 0.6601148151078708
vt 0.5195234258052357 0.6601190266264666
vt 0.5195222239295435 0.6601308613651283
vt 0.5195234258052357 0.6601190266264666
vt 0.5195325530815471 0.6601205096832183
vt 0.5195315223432279 0.6601324667649145
vt 0.5195302376303971 0.6601463647957828
vt 0.5195210178339604 0.6601418172488136
vt 0.5195222239295435 0.6601308613651283
vt 0.5195210178339604 0.6601418172488136
vt 0.5195119312723648 0.6601402526242948
vt 0.5195130202325261 0.6601292665807035
vt 0.5195989843001324 0.6599772580128678
vt 0.5196094465666924 0.6599737039277138
vt 0.5196092850869878 0.6599868526461442
vt 0.5196094465666924 0.6599737039277138
vt 0.519615501662046 0.6599748021970734
vt 0.5196170234626193 0.6599846603894193
vt 0.5196186491538806 0.6600017014187408
vt 0.5196095468491658 0.660001368484151
vt 0.5196092850869878 0.6599868526461442
vt 0.5196095468491658 0.660001368484151
vt 0.5196001394133284 0.6600017173598458
vt 0.5195994769642499 0.6599898637168315
vt 0.519514120458398 0.6599973760590341
vt 0.5195133892813679 0.6600110104425827
vt 0.5195076427543114 0.6600103652081999
vt 0.5195133892813679 0.6600110104425827
vt 0.5195114938005879 0.6600184176101145
vt 0.519507094372325 0.6600205909812031
vt 0.5194992501966551 0.6600231393331717
vt 0.519499981372637 0.6600095049691674
vt 0.5195076427543114 0.6600103652081999
vt 0.519499981372637 0.6600095049691674
vt 0.519500712549667 0.6599958705856188
vt 0.5195083739313413 0.6599967308246513
vt 0.5196855681926925 0.6602204049317555
vt 0.5196830545218779 0.6602139553041909
vt 0.5196929134312824 0.6602122226586203
vt 0.5196830545218779 0.6602139553041909
vt 0.5196803913185706 0.6602032798574271
vt 0.5196927121462552 0.6602035534281969
vt 0.5197009259495001 0.6602024740023837
vt 0.5197029223278974 0.6602099882681658
vt 0.5196929134312824 0.6602122226586203
vt 0.5197029223278974 0.6602099882681658
vt 0.5197063660111437 0.660221476209254
vt 0.519693292538429 0.660220709120249
vt 0.5196168222480297 0.6602522901732212
vt 0.5196171820147485 0.6602620255183738
vt 0.5196069957170848 0.6602625090240558
vt 0.5196171820147485 0.6602620255183738
vt 0.5196179929598246 0.6602752710949951
vt 0.5196050969943752 0.6602741670712549
vt 0.5195930019434095 0.6602718884329272
vt 0.5195945802447631 0.6602602377627774
vt 0.5196069957170848 0.6602625090240558
vt 0.5195945802447631 0.6602602377627774
vt 0.5195968239907384 0.6602478936152217
vt 0.5196096552451346 0.6602499947287729
vt 0.5195968239907384 0.6602478936152217
vt 0.5195945802447631 0.6602602377627774
vt 0.5195818709801255 0.6602598139305326
vt 0.5195945802447631 0.6602602377627774
vt 0.5195930019434095 0.6602718884329272
vt 0.5195806338656764 0.6602700110147796
vt 0.5195679370987254 0.6602663803927151
vt 0.5195725808826839 0.6602569964750735
vt 0.5195818709801255 0.6602598139305326
vt 0.5195725808826839 0.6602569964750735
vt 0.5195757834701492 0.6602485641375986
vt 0.5195832097303564 0.6602489192260408
vt 0.5198498571737055 0.6600229660132858
vt 0.5198490825150649 0.6600345375694499
vt 0.5198352679928783 0.6600311054731585
vt 0.5198490825150649 0.6600345375694499
vt 0.5198483543141831 0.6600412917789642
vt 0.5198375076170967 0.6600401606139544
vt 0.5198225728229833 0.6600392888185059
vt 0.5198236267285138 0.6600293448191226
vt 0.5198352679928783 0.6600311054731585
vt 0.5198236267285138 0.6600293448191226
vt 0.519825803124866 0.6600237142175771
vt 0.5198343739680675 0.6600230511138849
vt 0.5198388084927994 0.6599967852271036
vt 0.5198427176887752 0.6599871700455742
vt 0.5198522195263915 0.6599888029658676
vt 0.5198427176887752 0.6599871700455742
vt 0.519845402298229 0.659981461704642
vt 0.5198526339261674 0.6599807665565682
vt 0.5198651879040805 0.6599820507637904
vt 0.5198647001337217 0.6599902781504614
vt 0.5198522195263915 0.6599888029658676
vt 0.5198647001337217 0.6599902781504614
vt 0.5198640105815165 0.6600003427308563
vt 0.5198514486158217 0.659998847891961
vt 0.5198640105815165 0.6600003427308563
vt 0.5198647001337217 0.6599902781504614
vt 0.5198773099999516 0.6599918674563686
vt 0.5198647001337217 0.6599902781504614
vt 0.5198651879040805 0.6599820507637904
vt 0.5198777295566278 0.6599837847715011
vt 0.5198909639154135 0.6599856926659571
vt 0.5198882357267817 0.6599943188928946
vt 0.5198773099999516 0.6599918674563686
vt 0.5198882357267817 0.6599943188928946
vt 0.5198877271882361 0.6600044401726946
vt 0.5198763720827476 0.6600018338776568
vt 0.5196817370096324 0.6599142288059182
vt 0.519678576464023 0.659903437763437
vt 0.5196865804061056 0.659904854422643
vt 0.519678576464023 0.659903437763437
vt 0.5196773856676622 0.6598970657506016
vt 0.5196836490152905 0.6598964857337176
vt 0.5196954703916997 0.6598973020907095
vt 0.5196958626693108 0.6599057923905934
vt 0.5196865804061056 0.659904854422643
vt 0.5196958626693108 0.6599057923905934
vt 0.5196960904241564 0.6599158041076647
vt 0.5196886859996241 0.659914962161915
vt 0.5196960904241564 0.6599158041076647
vt 0.5196958626693108 0.6599057923905934
vt 0.5197071940821757 0.6599070248352966
vt 0.5196958626693108 0.6599057923905934
vt 0.5196954703916997 0.6598973020907095
vt 0.5197077913816284 0.659898680842611
vt 0.5197153608728995 0.6599004155549355
vt 0.5197168784756929 0.6599075684502702
vt 0.5197071940821757 0.6599070248352966
vt 0.5197168784756929 0.6599075684502702
vt 0.519719534773478 0.6599180438863993
vt 0.5197069211830266 0.6599169030266201
vt 0.5197784922582391 0.6599916054526741
vt 0.5197808239185796 0.6599995329683488
vt 0.5197712342386007 0.6600009348686144
vt 0.5197808239185796 0.6599995329683488
vt 0.5197835952686759 0.6600145380234717
vt 0.5197704505725841 0.6600146102328284
vt 0.5197628746099774 0.6600149514572917
vt 0.5197611707430811 0.6600044669368873
vt 0.5197712342386007 0.6600009348686144
vt 0.5197611707430811 0.6600044669368873
vt 0.5197581525690868 0.6599903424155291
vt 0.5197713816672151 0.6599899937186
vt 0.5194942700050541 0.660091460217831
vt 0.5195025884890371 0.6600892463876024
vt 0.5195054247751516 0.6600999975215793
vt 0.5195025884890371 0.6600892463876024
vt 0.5195153832570989 0.6600855018373987
vt 0.5195151140109548 0.6600996627092399
vt 0.5195143335297895 0.6601148151078708
vt 0.5195045032171819 0.6601142480697344
vt 0.5195054247751516 0.6600999975215793
vt 0.5195045032171819 0.6601142480697344
vt 0.5194962505239755 0.6601139179628446
vt 0.519495878952482 0.6601000331955094
vt 0.5194962505239755 0.6601139179628446
vt 0.5195045032171819 0.6601142480697344
vt 0.5195039233041157 0.6601280154631677
vt 0.5195045032171819 0.6601142480697344
vt 0.5195143335297895 0.6601148151078708
vt 0.5195130202325261 0.6601292665807035
vt 0.5195119312723648 0.6601402526242948
vt 0.5195028760370205 0.6601388233510208
vt 0.5195039233041157 0.6601280154631677
vt 0.5195028760370205 0.6601388233510208
vt 0.5194968528474665 0.6601363322870064
vt 0.5194962861023541 0.6601278024995108
vt 0.5195780342225701 0.6599730094805646
vt 0.5195883097372316 0.6599735561760461
vt 0.5195892255658421 0.659986911387134
vt 0.5195883097372316 0.6599735561760461
vt 0.5195989843001324 0.6599772580128678
vt 0.5195994769642499 0.6599898637168315
vt 0.5196001394133284 0.6600017173598458
vt 0.5195906840578549 0.6600005244253064
vt 0.5195892255658421 0.659986911387134
vt 0.5195906840578549 0.6600005244253064
vt 0.519584758065229 0.6599986355314593
vt 0.5195819958564872 0.6599891771563025
vt 0.5195174986665246 0.6599703224088074
vt 0.5195148516354279 0.6599837416754855
vt 0.5195091051083713 0.6599830964411028
vt 0.5195148516354279 0.6599837416754855
vt 0.519514120458398 0.6599973760590341
vt 0.5195083739313413 0.6599967308246513
vt 0.519500712549667 0.6599958705856188
vt 0.5195014437266969 0.6599822362020702
vt 0.5195091051083713 0.6599830964411028
vt 0.5195014437266969 0.6599822362020702
vt 0.519502174903727 0.6599686018185216
vt 0.5195098362854015 0.6599694620575542
vt 0.5195413076516782 0.6599589980135248
vt 0.5195381187745062 0.6599529267058218
vt 0.5195476244752716 0.659949947290608
vt 0.5195381187745062 0.6599529267058218
vt 0.5195350900845189 0.6599424106166274
vt 0.5195464714808862 0.6599415532526287
vt 0.5195540258487702 0.6599411556901926
vt 0.5195570977170841 0.6599476334080677
vt 0.5195476244752716 0.659949947290608
vt 0.5195570977170841 0.6599476334080677
vt 0.5195612408539909 0.659956884702166
vt 0.519548785832529 0.6599581254544783
vt 0.5197132938987749 0.6602301067276264
vt 0.5197106246344589 0.6602221383752944
vt 0.5197205075904267 0.6602202168036686
vt 0.5196294116173652 0.6599330605819479
vt 0.5196274344292654 0.6599194010218505
vt 0.519640481020191 0.6599207791964243
vt 0.5196534135411416 0.659921899633133
vt 0.5196531252626033 0.6599293607165675
vt 0.5196387873771953 0.6599325745068307
vt 0.5197343324259567 0.6602130896647733
vt 0.5197333902133384 0.6602321856438655
vt 0.5197205906769953 0.6602311299429009
vt 0.5197333902133384 0.6602321856438655
vt 0.5197343324259567 0.6602130896647733
vt 0.519747228302168 0.6602144444479181
vt 0.5196531252626033 0.6599293607165675
vt 0.5196534135411416 0.659921899633133
vt 0.5196666455745612 0.6599232224589803
vt 0.5196802562790774 0.6599253366703819
vt 0.5196784126986748 0.6599399677312092
vt 0.5196655624552013 0.6599309072167809
vt 0.5197574182315259 0.6602276028409891
vt 0.5197536553250377 0.6602355076115511
vt 0.5197462589360664 0.6602338673068732
vt 0.5198122711530662 0.6600143943001914
vt 0.5198158716394188 0.6600039604328614
vt 0.5198255213235744 0.6600070971693905
vt 0.5198158716394188 0.6600039604328614
vt 0.5198184594642439 0.6599962852664556
vt 0.5198260162341874 0.6599971302399203
vt 0.5198388084927994 0.6599967852271036
vt 0.5198381408582443 0.6600082269583745
vt 0.5198255213235744 0.6600070971693905
vt 0.5198381408582443 0.6600082269583745
vt 0.5198376531390948 0.6600180400338577
vt 0.5198250802861627 0.6600168978692442
vt 0.5198376531390948 0.6600180400338577
vt 0.5198381408582443 0.6600082269583745
vt 0.5198507592468361 0.6600095277765725
vt 0.5198381408582443 0.6600082269583745
vt 0.5198388084927994 0.6599967852271036
vt 0.5198514486158217 0.659998847891961
vt 0.5198640105815165 0.6600003427308563
vt 0.5198632821590945 0.6600108823658809
vt 0.5198507592468361 0.6600095277765725
vt 0.5198632821590945 0.6600108823658809
vt 0.5198629834741445 0.6600206427570559
vt 0.5198502005772756 0.6600192965304885
vt 0.5198629834741445 0.6600206427570559
vt 0.5198632821590945 0.6600108823658809
vt 0.5198755867055975 0.6600121783622543
vt 0.5198632821590945 0.6600108823658809
vt 0.5198640105815165 0.6600003427308563
vt 0.5198763720827476 0.6600018338776568
vt 0.5198877271882361 0.6600044401726946
vt 0.5198869964223917 0.6600148939361514
vt 0.5198755867055975 0.6600121783622543
vt 0.5198869964223917 0.6600148939361514
vt 0.5198854960828844 0.6600218673300873
vt 0.5198762044247541 0.6600218729297587
vt 0.519679937056607 0.6599351006934833
vt 0.5196827672038872 0.6599244935423982
vt 0.5196891026477505 0.6599251334107172
vt 0.5196827672038872 0.6599244935423982
vt 0.5196817370096324 0.6599142288059182
vt 0.5196886859996241 0.659914962161915
vt 0.5196960904241564 0.6599158041076647
vt 0.5196958446082248 0.6599258458803665
vt 0.5196891026477505 0.6599251334107172
vt 0.5196958446082248 0.6599258458803665
vt 0.5196953859113099 0.6599359059056352
vt 0.5196886506760838 0.6599352176872295
vt 0.5196953859113099 0.6599359059056352
vt 0.5196958446082248 0.6599258458803665
vt 0.519706477245682 0.6599269272136549
vt 0.5196958446082248 0.6599258458803665
vt 0.5196960904241564 0.6599158041076647
vt 0.5197069211830266 0.6599169030266201
vt 0.519719534773478 0.6599180438863993
vt 0.5197190636874806 0.6599281752307471
vt 0.519706477245682 0.6599269272136549
vt 0.5197190636874806 0.6599281752307471
vt 0.5197186370870533 0.6599382353797116
vt 0.5197060363589127 0.659936984578792
vt 0.5197186370870533 0.6599382353797116
vt 0.5197190636874806 0.6599281752307471
vt 0.5197315726559439 0.6599294707626602
vt 0.5197190636874806 0.6599281752307471
vt 0.519719534773478 0.6599180438863993
vt 0.519732028681047 0.659921775405023
vt 0.5197392624502873 0.6599241931920315
vt 0.5197413291248588 0.6599301970888536
vt 0.5197315726559439 0.6599294707626602
vt 0.5197413291248588 0.6599301970888536
vt 0.5197438285153937 0.6599410240811644
vt 0.5197312338190838 0.6599394810130528
vt 0.5196206056441169 0.66023047316581
vt 0.5196183174734479 0.6602247479411445
vt 0.5196292159753035 0.6602252321634652
vt 0.5196183174734479 0.6602247479411445
vt 0.5196144328735867 0.6602146062800965
vt 0.5196299527705481 0.6602175396051858
vt 0.519643163471845 0.6602182822476401
vt 0.519642165089893 0.6602264124663129
vt 0.5196292159753035 0.6602252321634652
vt 0.519642165089893 0.6602264124663129
vt 0.5196412571193741 0.6602344233228699
vt 0.5196287556897611 0.6602328174662826
vt 0.5196412571193741 0.6602344233228699
vt 0.519642165089893 0.6602264124663129
vt 0.5196546867208053 0.6602283698279812
vt 0.519642165089893 0.6602264124663129
vt 0.519643163471845 0.6602182822476401
vt 0.5196556983953039 0.6602200319175802
vt 0.5196689283480761 0.6602223711739621
vt 0.5196642779706163 0.660231987523184
vt 0.5196546867208053 0.6602283698279812
vt 0.5196642779706163 0.660231987523184
vt 0.5196612725552466 0.6602378309421408
vt 0.519653654910772 0.66023667441152
vt 0.5195342837650381 0.6599447741373157
vt 0.5195316378058275 0.6599581935046859
vt 0.5195258912252291 0.6599575482642913
vt 0.5195316378058275 0.6599581935046859
vt 0.5195297412174668 0.6599656005675179
vt 0.5195253428421945 0.6599677740568388
vt 0.5195174986665246 0.6599703224088074
vt 0.5195182298435546 0.6599566880252588
vt 0.5195258912252291 0.6599575482642913
vt 0.5195182298435546 0.6599566880252588
vt 0.5195189610195364 0.6599430536612545
vt 0.519526622401211 0.6599439139002871
vt 0.5195189610195364 0.6599430536612545
vt 0.5195182298435546 0.6599566880252588
vt 0.5195105674624314 0.6599558276740056
vt 0.5195182298435546 0.6599566880252588
vt 0.5195174986665246 0.6599703224088074
vt 0.5195098362854015 0.6599694620575542
vt 0.519502174903727 0.6599686018185216
vt 0.5195029060807569 0.6599549674349732
vt 0.5195105674624314 0.6599558276740056
vt 0.5195029060807569 0.6599549674349732
vt 0.5195036372567388 0.6599413330709689
vt 0.5195112986384133 0.6599421933100014
vt 0.5197829430247883 0.6603864966834501
vt 0.5197738667895915 0.6603832034127237
vt 0.519776491043186 0.6603681438011113
vt 0.5197738667895915 0.6603832034127237
vt 0.5197643315126372 0.6603791208609295
vt 0.519768469166605 0.6603653152235865
vt 0.5197711547241206 0.6603581625973309
vt 0.5197786553936293 0.660356910530286
vt 0.519776491043186 0.6603681438011113
vt 0.5197786553936293 0.660356910530286
vt 0.5197879212901027 0.6603584232100006
vt 0.5197857320759637 0.6603707488833376
vt 0.5199372254273475 0.660104371395761
vt 0.5199262868326332 0.6601034772015032
vt 0.5199267244479241 0.660092832321745
vt 0.5199262868326332 0.6601034772015032
vt 0.5199137663633103 0.6601020268375177
vt 0.5199141702018684 0.6600946959347616
vt 0.5199146183314631 0.6600867289642207
vt 0.5199272162746511 0.6600837311187391
vt 0.5199267244479241 0.660092832321745
vt 0.5199272162746511 0.6600837311187391
vt 0.519934341078922 0.6600827227933896
vt 0.5199369135662123 0.6600899214432911
vt 0.5199137663633103 0.6601020268375177
vt 0.5199011881572185 0.6601006450013167
vt 0.5199014778379168 0.6600944450990806
vt 0.5199011881572185 0.6601006450013167
vt 0.5198886177860609 0.6600994070074011
vt 0.5198888804983628 0.6600932509710079
vt 0.5198891464130686 0.6600858577075581
vt 0.5199018040148139 0.6600869660135598
vt 0.5199014778379168 0.6600944450990806
vt 0.5199018040148139 0.6600869660135598
vt 0.5199146183314631 0.6600867289642207
vt 0.5199141702018684 0.6600946959347616
vt 0.5198886177860609 0.6600994070074011
vt 0.5198761057663263 0.6600981181522256
vt 0.5198765182979214 0.6600920222926738
vt 0.5198761057663263 0.6600981181522256
vt 0.5198635969952706 0.6600967991856862
vt 0.5198670941120904 0.6600894101140511
vt 0.519869718255258 0.6600833528056504
vt 0.5198767796416793 0.6600848441690403
vt 0.5198765182979214 0.6600920222926738
vt 0.5198767796416793 0.6600848441690403
vt 0.5198891464130686 0.6600858577075581
vt 0.5198888804983628 0.6600932509710079
vt 0.5197928720501384 0.6600989344250763
vt 0.5197831388218417 0.6600959687856996
vt 0.519784037948549 0.6600872051390765
vt 0.5197831388218417 0.6600959687856996
vt 0.5197741136729758 0.6600936487011886
vt 0.5197751304638799 0.6600824512292871
vt 0.5197759603201888 0.6600685232233441
vt 0.5197849044244542 0.66007844132618
vt 0.519784037948549 0.6600872051390765
vt 0.5197849044244542 0.66007844132618
vt 0.5197911088866798 0.6600837085729
vt 0.5197918258454429 0.6600904551096882
vt 0.5197741136729758 0.6600936487011886
vt 0.5197650511578255 0.6600919654619908
vt 0.5197661712523818 0.6600800787758423
vt 0.5197650511578255 0.6600919654619908
vt 0.5197592836748042 0.6600888567793668
vt 0.5197587077157296 0.6600795911482302
vt 0.5197590732005042 0.6600644941396765
vt 0.5197665980634966 0.6600661336316711
vt 0.5197661712523818 0.6600800787758423
vt 0.5197665980634966 0.6600661336316711
vt 0.5197759603201888 0.6600685232233441
vt 0.5197751304638799 0.6600824512292871
vt 0.5197536120303201 0.6601699715325196
vt 0.5197461610306848 0.6601717641802315
vt 0.5197466983752729 0.6601600276751936
vt 0.5197461610306848 0.6601717641802315
vt 0.5197336434038525 0.660170380337435
vt 0.5197343029753487 0.6601586001432357
vt 0.5197351505525668 0.6601432244461822
vt 0.5197476486997666 0.6601446916315513
vt 0.5197466983752729 0.6601600276751936
vt 0.5197476486997666 0.6601446916315513
vt 0.5197573084807829 0.6601462831231004
vt 0.5197562723743037 0.6601613528865584
vt 0.5197336434038525 0.660170380337435
vt 0.5197211476533238 0.6601688882144583
vt 0.5197219193988788 0.6601571516814362
vt 0.5197211476533238 0.6601688882144583
vt 0.5197139714212771 0.6601653975215271
vt 0.5197123118039493 0.6601562533944249
vt 0.5197130083490413 0.6601408501806021
vt 0.5197226430627752 0.6601418511203823
vt 0.5197219193988788 0.6601571516814362
vt 0.5197226430627752 0.6601418511203823
vt 0.5197351505525668 0.6601432244461822
vt 0.5197343029753487 0.6601586001432357
vt 0.5197911473689153 0.6601634434337686
vt 0.5197852683187144 0.6601656182486284
vt 0.5197847756771515 0.6601536512679713
vt 0.5197852683187144 0.6601656182486284
vt 0.5197761019842736 0.6601655418316563
vt 0.5197757710231324 0.6601534336048702
vt 0.5197756171402756 0.6601379835270571
vt 0.5197850198781347 0.6601383513550885
vt 0.5197847756771515 0.6601536512679713
vt 0.5197850198781347 0.6601383513550885
vt 0.5197925900614426 0.6601389060305753
vt 0.5197922005158219 0.660154351933789
vt 0.5197761019842736 0.6601655418316563
vt 0.5197669623860479 0.6601653957458609
vt 0.5197666443191988 0.6601532667094694
vt 0.5197669623860479 0.6601653957458609
vt 0.5197570514023708 0.6601679698595644
vt 0.5197591299025837 0.6601521710032323
vt 0.519760468673999 0.6601431414404955
vt 0.5197663760875151 0.6601411461786739
vt 0.5197666443191988 0.6601532667094694
vt 0.5197663760875151 0.6601411461786739
vt 0.5197756171402756 0.6601379835270571
vt 0.5197757710231324 0.6601534336048702
vt 0.5195806371835758 0.6603673340493159
vt 0.5195680920457885 0.6603658053150204
vt 0.5195688167768404 0.6603504152149706
vt 0.5195680920457885 0.6603658053150204
vt 0.5195557452928223 0.660364448287232
vt 0.5195565426830457 0.6603499582148383
vt 0.5195570998123606 0.6603387905710815
vt 0.5195695902224047 0.6603386466467762
vt 0.5195688167768404 0.6603504152149706
vt 0.5195695902224047 0.6603386466467762
vt 0.519576791347389 0.6603421418846683
vt 0.5195784642735564 0.6603513174022243
vt 0.5195557452928223 0.660364448287232
vt 0.519543831730139 0.6603630156744753
vt 0.5195446269622985 0.6603514200615863
vt 0.519543831730139 0.6603630156744753
vt 0.5195317085441027 0.6603618402197077
vt 0.5195352284929288 0.660352878016952
vt 0.519537316073877 0.6603461996814874
vt 0.5195448314869777 0.6603423176655845
vt 0.5195446269622985 0.6603514200615863
vt 0.5195448314869777 0.6603423176655845
vt 0.5195570998123606 0.6603387905710815
vt 0.5195565426830457 0.6603499582148383
vt 0.5195825589262771 0.6603625110214197
vt 0.5195803694405817 0.6603516725415978
vt 0.5195866022143588 0.6603506548757189
vt 0.5195803694405817 0.6603516725415978
vt 0.5195792883299448 0.6603450310091302
vt 0.5195839750844338 0.6603423695640049
vt 0.5195929164194913 0.6603389986409227
vt 0.5195942217548988 0.660348922167177
vt 0.5195866022143588 0.6603506548757189
vt 0.5195942217548988 0.660348922167177
vt 0.5195961583574781 0.6603550567811938
vt 0.5195904988449044 0.6603582365946863
vt 0.5197890700950529 0.6602190716671374
vt 0.5197816098146807 0.6602185926238737
vt 0.5197820720338252 0.660209464639663
vt 0.5197816098146807 0.6602185926238737
vt 0.5197687838051837 0.6602169327448009
vt 0.5197727556383993 0.6602049425817346
vt 0.5197741588284739 0.6601920674985997
vt 0.5197832849082398 0.6601982229824798
vt 0.5197820720338252 0.660209464639663
vt 0.5197832849082398 0.6601982229824798
vt 0.5197954891706336 0.6602045817000175
vt 0.5197916077932018 0.660214007258284
vt 0.519569987493663 0.6600940623765948
vt 0.5195603355215619 0.6600915066711783
vt 0.5195619514073325 0.6600795150739721
vt 0.5195603355215619 0.6600915066711783
vt 0.5195546894198975 0.6600881701875915
vt 0.5195543597175101 0.6600788923715137
vt 0.5195529628651375 0.6600632118914447
vt 0.5195623429275024 0.6600650702483551
vt 0.5195619514073325 0.6600795150739721
vt 0.5195623429275024 0.6600650702483551
vt 0.5195698515782913 0.6600679197100612
vt 0.5195695251542949 0.6600810311505665
vt 0.5196526835605921 0.6600456386410855
vt 0.5196455662490785 0.6600471259684455
vt 0.5196462568826417 0.6600356645031662
vt 0.5196455662490785 0.6600471259684455
vt 0.5196387294979103 0.6600439605177764
vt 0.5196368561877592 0.6600353683956361
vt 0.5196352643318998 0.6600201113845425
vt 0.5196470248107132 0.6600229214161961
vt 0.5196462568826417 0.6600356645031662
vt 0.5196470248107132 0.6600229214161961
vt 0.5196589084144301 0.6600231365352468
vt 0.5196555569887218 0.6600376170096893
vt 0.5196700710280501 0.6602641341027493
vt 0.519671565143692 0.6602709368346551
vt 0.5196606847172394 0.6602694667039446
vt 0.519671565143692 0.6602709368346551
vt 0.5196710204165836 0.6602809046197482
vt 0.5196607070350031 0.6602794676821159
vt 0.5196467436348 0.6602769857100216
vt 0.5196468308483263 0.6602665587245093
vt 0.5196606847172394 0.6602694667039446
vt 0.5196468308483263 0.6602665587245093
vt 0.5196481782804304 0.660256449627477
vt 0.519661910418198 0.6602614581368405
vt 0.5196710204165836 0.6602809046197482
vt 0.5196709959333106 0.6602909700841733
vt 0.5196626797711741 0.6602899074008821
vt 0.5196709959333106 0.6602909700841733
vt 0.5196715609415365 0.6603019666311828
vt 0.5196636077613004 0.6602987754328766
vt 0.5196575322829287 0.6602964408077325
vt 0.5196543708948405 0.6602888086300442
vt 0.5196626797711741 0.6602899074008821
vt 0.5196543708948405 0.6602888086300442
vt 0.5196467436348 0.6602769857100216
vt 0.5196607070350031 0.6602794676821159
vt 0.51976826439046 0.6602145750681578
vt 0.5197557763858364 0.6602129783478264
vt 0.5197561194482049 0.6602060127050664
vt 0.5197557763858364 0.6602129783478264
vt 0.5197431784661996 0.6602112760879806
vt 0.5197438169193807 0.6602042498639179
vt 0.5197445262911915 0.6601965601054116
vt 0.5197566867465278 0.6601984675346015
vt 0.5197561194482049 0.6602060127050664
vt 0.5197566867465278 0.6601984675346015
vt 0.5197638227367845 0.6601989166149058
vt 0.5197657038707258 0.6602057464040648
vt 0.5197431784661996 0.6602112760879806
vt 0.519730559898514 0.660209060572425
vt 0.5197315256303219 0.6602021080212992
vt 0.519730559898514 0.660209060572425
vt 0.5197179336185542 0.6602065201411369
vt 0.5197222100500557 0.6601986782998652
vt 0.5197254454144417 0.6601927675414985
vt 0.5197323683258084 0.6601946259991679
vt 0.5197315256303219 0.6602021080212992
vt 0.5197323683258084 0.6601946259991679
vt 0.5197445262911915 0.6601965601054116
vt 0.5197438169193807 0.6602042498639179
vt 0.5197179336185542 0.6602065201411369
vt 0.5197115589508217 0.6601974718290486
vt 0.5197174578194395 0.6601910661438173
vt 0.5197115589508217 0.6601974718290486
vt 0.5197085412416773 0.6601908325932275
vt 0.5197127055624539 0.6601834645236523
vt 0.5197209042079787 0.660171681770396
vt 0.5197233988162259 0.6601846429314332
vt 0.5197174578194395 0.6601910661438173
vt 0.5197233988162259 0.6601846429314332
vt 0.5197254454144417 0.6601927675414985
vt 0.5197222100500557 0.6601986782998652
vt 0.5197807536580452 0.6602680136424562
vt 0.5197733343539138 0.6602694248469719
vt 0.5197737534111466 0.6602574998717218
vt 0.5197733343539138 0.6602694248469719
vt 0.5197604474589129 0.6602691199428061
vt 0.519764041706271 0.6602561082344411
vt 0.5197652343488108 0.6602408234062016
vt 0.5197749085879981 0.660242843698233
vt 0.5197737534111466 0.6602574998717218
vt 0.5197749085879981 0.660242843698233
vt 0.5197874776950413 0.6602458716986364
vt 0.5197833817226272 0.6602599175671076
vt 0.5198087444599089 0.6601032363068896
vt 0.5197991698827394 0.6601007443648916
vt 0.519800881902205 0.6600888561502765
vt 0.5197991698827394 0.6601007443648916
vt 0.5197935885311565 0.6600973682773457
vt 0.5197933480205602 0.6600881532094867
vt 0.5197920883420527 0.6600723990823452
vt 0.5198014569430586 0.6600733338265707
vt 0.519800881902205 0.6600888561502765
vt 0.5198014569430586 0.6600733338265707
vt 0.5198089979184157 0.6600742637360955
vt 0.5198084292586002 0.6600895371669149
vt 0.5196870731117562 0.6600952762786791
vt 0.5196794103049734 0.660095640548314
vt 0.5196817365096201 0.6600841529745857
vt 0.5196794103049734 0.660095640548314
vt 0.5196641858318416 0.6600945627882899
vt 0.5196713994121569 0.6600806237927213
vt 0.5196759921240186 0.6600729006738726
vt 0.5196840634554976 0.6600727017998387
vt 0.5196817365096201 0.6600841529745857
vt 0.5196840634554976 0.6600727017998387
vt 0.5196953661317902 0.6600725540079018
vt 0.5196910869738258 0.6600873815183272
vt 0.5199016380508891 0.6602585193792533
vt 0.5198903915551348 0.6602598542230068
vt 0.5198906500307223 0.6602435398386178
vt 0.5198903915551348 0.6602598542230068
vt 0.5198793014324125 0.6602614064301784
vt 0.5198807369051512 0.6602436391677481
vt 0.5198830031827159 0.6602255163061997
vt 0.5198923276897098 0.6602300568527626
vt 0.5198906500307223 0.6602435398386178
vt 0.5198923276897098 0.6602300568527626
vt 0.5198987513918871 0.6602322741266371
vt 0.5198998659718227 0.6602418733016238
vt 0.5198793014324125 0.6602614064301784
vt 0.5198697998679713 0.6602612449086258
vt 0.5198711462926722 0.6602426736362385
vt 0.5198697998679713 0.6602612449086258
vt 0.5198604533034926 0.66025887172712
vt 0.5198614927503468 0.6602408261968162
vt 0.5198629679427488 0.6602232661096522
vt 0.5198727906034327 0.6602248038087648
vt 0.5198711462926722 0.6602426736362385
vt 0.5198727906034327 0.6602248038087648
vt 0.5198830031827159 0.6602255163061997
vt 0.5198807369051512 0.6602436391677481
vt 0.5198604533034926 0.66025887172712
vt 0.5198498356816705 0.6602545768280677
vt 0.519851481951667 0.6602381071172012
vt 0.5198498356816705 0.6602545768280677
vt 0.5198390347327645 0.6602509463497666
vt 0.5198426244271834 0.660236073650709
vt 0.5198449534483398 0.6602208818323971
vt 0.5198532003205525 0.6602214902307927
vt 0.519851481951667 0.6602381071172012
vt 0.5198532003205525 0.6602214902307927
vt 0.5198629679427488 0.6602232661096522
vt 0.5198614927503468 0.6602408261968162
vt 0.5199066909632349 0.6601898105487716
vt 0.5198999602840463 0.6601848563208594
vt 0.5198993783680087 0.660174274493976
vt 0.5198999602840463 0.6601848563208594
vt 0.5198954365860582 0.6601823220798049
vt 0.5198925299199108 0.6601744800222702
vt 0.5198859814993744 0.6601593825272446
vt 0.5198993917847438 0.6601595961974221
vt 0.5198993783680087 0.660174274493976
vt 0.5198993917847438 0.6601595961974221
vt 0.5199092908954059 0.6601593095672063
vt 0.5199072004372233 0.6601743634828698
vt 0.519702129631461 0.6600200613025453
vt 0.5196971410986613 0.66002231384951
vt 0.5196960460435446 0.6600112226318195
vt 0.5196971410986613 0.66002231384951
vt 0.5196878759032225 0.660021646204229
vt 0.5196868318169636 0.6600109919958944
vt 0.5196855157700934 0.6599978555346754
vt 0.5196946094063056 0.6599974116522307
vt 0.5196960460435446 0.6600112226318195
vt 0.5196946094063056 0.6599974116522307
vt 0.5197032966330482 0.6599956657732564
vt 0.5197032181597117 0.6600119365261625
vt 0.5196878759032225 0.660021646204229
vt 0.5196778053975709 0.6600184739353783
vt 0.5196772008045529 0.6600089835768149
vt 0.5196778053975709 0.6600184739353783
vt 0.5196658421416621 0.6600136077874351
vt 0.5196686013367585 0.6600043334032581
vt 0.519670390439916 0.6599966951384881
vt 0.5196763613142851 0.659997657386872
vt 0.5196772008045529 0.6600089835768149
vt 0.5196763613142851 0.659997657386872
vt 0.5196855157700934 0.6599978555346754
vt 0.5196868318169636 0.6600109919958944
vt 0.5196191706005434 0.6599711041235945
vt 0.5196212470698608 0.6599561711119593
vt 0.5196302085357972 0.6599575336035264
vt 0.5196212470698608 0.6599561711119593
vt 0.5196244603179284 0.659948498198025
vt 0.5196323508645972 0.6599470601762983
vt 0.5196469687497924 0.6599454997452774
vt 0.5196391622475426 0.6599588706075823
vt 0.5196302085357972 0.6599575336035264
vt 0.5196391622475426 0.6599588706075823
vt 0.5196348330304859 0.659966998345686
vt 0.5196279289130228 0.6599691506125743
vt 0.5197015701372347 0.6599924084767155
vt 0.51969566949496 0.6599939480253336
vt 0.5196956697795521 0.6599818394961688
vt 0.51969566949496 0.6599939480253336
vt 0.5196857014726673 0.6599962086924687
vt 0.5196881793953265 0.6599805249956741
vt 0.5196897199293368 0.6599715649812661
vt 0.5196956604193537 0.6599697310244602
vt 0.5196956697795521 0.6599818394961688
vt 0.5196956604193537 0.6599697310244602
vt 0.519705576679459 0.6599679568037122
vt 0.5197030931881669 0.6599838039351558
vt 0.5195311486691176 0.659875915940948
vt 0.5195436452783736 0.6598774315581504
vt 0.5195429446627361 0.6598927710621985
vt 0.5195436452783736 0.6598774315581504
vt 0.5195562165327661 0.6598787926961693
vt 0.5195553683472017 0.6598942105392767
vt 0.5195547116237224 0.6599057976772753
vt 0.5195421447413692 0.6599045143805531
vt 0.5195429446627361 0.6598927710621985
vt 0.5195421447413692 0.6599045143805531
vt 0.5195349750864932 0.6599010115278369
vt 0.5195333207645141 0.6598918674251109
vt 0.5195562165327661 0.6598787926961693
vt 0.5195687910891629 0.6598802526330261
vt 0.5195678338539241 0.6598956278146166
vt 0.5195687910891629 0.6598802526330261
vt 0.5195813836416826 0.6598815564488921
vt 0.5195775548904766 0.6598959176962094
vt 0.5195750614633043 0.6599030198340297
vt 0.5195673354068363 0.6599064592006882
vt 0.5195678338539241 0.6598956278146166
vt 0.5195673354068363 0.6599064592006882
vt 0.5195547116237224 0.6599057976772753
vt 0.5195553683472017 0.6598942105392767
vt 0.5198008008400412 0.6599939802122518
vt 0.5197908879617499 0.6599921394191581
vt 0.51979089863489 0.6599829501953928
vt 0.5197908879617499 0.6599921394191581
vt 0.5197852208258631 0.6599922683448977
vt 0.5197837975782832 0.6599867586209853
vt 0.5197814170974698 0.6599757000306883
vt 0.5197907897641012 0.659972797086809
vt 0.51979089863489 0.6599829501953928
vt 0.5197907897641012 0.659972797086809
vt 0.519796279130175 0.6599716426455193
vt 0.519797987993464 0.659979120519026
vt 0.5197837841037453 0.6600327490148239
vt 0.5197769085013663 0.660035326430442
vt 0.5197755070751783 0.6600294898178269
vt 0.5197769085013663 0.660035326430442
vt 0.5197644712036746 0.6600378032399521
vt 0.5197657336084767 0.6600297788567571
vt 0.5197667733976247 0.6600228521988214
vt 0.5197738402525277 0.6600217272004649
vt 0.5197755070751783 0.6600294898178269
vt 0.5197738402525277 0.6600217272004649
vt 0.5197858103970372 0.660016127437878
vt 0.5197849087206768 0.660027283941526
vt 0.5197644712036746 0.6600378032399521
vt 0.5197556552674844 0.660032859214129
vt 0.5197589369637213 0.6600245681632382
vt 0.5197556552674844 0.660032859214129
vt 0.519750834372519 0.660027884421067
vt 0.5197521906390935 0.6600194369506798
vt 0.5197548471464215 0.6600030373170216
vt 0.5197621359998478 0.6600162221365256
vt 0.5197589369637213 0.6600245681632382
vt 0.5197621359998478 0.6600162221365256
vt 0.5197667733976247 0.6600228521988214
vt 0.5197657336084767 0.6600297788567571
vt 0.5196093288298639 0.6602448858859826
vt 0.519601924169668 0.6602461639712593
vt 0.519602522194615 0.6602343335117022
vt 0.519601924169668 0.6602461639712593
vt 0.5195896493406431 0.6602448431556234
vt 0.5195899947682826 0.6602329931227346
vt 0.5195906491342821 0.6602186164852992
vt 0.5196030964832705 0.6602225074063168
vt 0.519602522194615 0.6602343335117022
vt 0.5196030964832705 0.6602225074063168
vt 0.5196160998117556 0.6602208406994565
vt 0.519612061469316 0.6602368754031145
vt 0.5195896493406431 0.6602448431556234
vt 0.5195778604487515 0.6602435804217218
vt 0.5195775420104964 0.6602317167809207
vt 0.5195778604487515 0.6602435804217218
vt 0.5195721450399974 0.6602404184034412
vt 0.5195688621350263 0.6602310304870898
vt 0.5195655984528189 0.6602162965215881
vt 0.5195780240865048 0.6602183772977465
vt 0.5195775420104964 0.6602317167809207
vt 0.5195780240865048 0.6602183772977465
vt 0.5195906491342821 0.6602186164852992
vt 0.5195899947682826 0.6602329931227346
vt 0.5196982754455414 0.6600486764292872
vt 0.5196930762134857 0.6600512955898827
vt 0.5196935327782163 0.6600383815990428
vt 0.5196930762134857 0.6600512955898827
vt 0.5196830709131366 0.6600527246738106
vt 0.5196840099013182 0.6600395355314774
vt 0.5196849934606403 0.6600252661680783
vt 0.5196941708983961 0.6600249758373609
vt 0.5196935327782163 0.6600383815990428
vt 0.5196941708983961 0.6600249758373609
vt 0.519702549893549 0.660024397799973
vt 0.5197004185884438 0.6600391758326672
vt 0.5196830709131366 0.6600527246738106
vt 0.5196737922399552 0.660052737571085
vt 0.5196748358253451 0.6600404016487287
vt 0.5196737922399552 0.660052737571085
vt 0.5196637434149181 0.6600516854542944
vt 0.5196669754568721 0.6600377048915462
vt 0.5196690508268607 0.660027881424359
vt 0.5196755405536287 0.660026572099187
vt 0.5196748358253451 0.6600404016487287
vt 0.5196755405536287 0.660026572099187
vt 0.5196849934606403 0.6600252661680783
vt 0.5196840099013182 0.6600395355314774
vt 0.5197681481418477 0.6603883741691264
vt 0.5197517269313013 0.6603864530042787
vt 0.5197481115407009 0.6603754526507174
vt 0.5197517269313013 0.6603864530042787
vt 0.5197333792634323 0.6603844843107943
vt 0.5197327611134402 0.6603737103285727
vt 0.5197324498054253 0.6603641193071745
vt 0.5197456956696436 0.6603656429114129
vt 0.5197481115407009 0.6603754526507174
vt 0.5197456956696436 0.6603656429114129
vt 0.5197549633871459 0.6603675806525615
vt 0.5197606326537089 0.6603759133794542
vt 0.5197333792634323 0.6603844843107943
vt 0.5197188918478277 0.6603828535182938
vt 0.5197192608676693 0.6603721903779619
vt 0.5197188918478277 0.6603828535182938
vt 0.5197063551374032 0.6603814364864118
vt 0.519706725794421 0.6603707729498765
vt 0.5197071406216559 0.6603612517421893
vt 0.5197196750835263 0.6603626708613786
vt 0.5197192608676693 0.6603721903779619
vt 0.5197196750835263 0.6603626708613786
vt 0.5197324498054253 0.6603641193071745
vt 0.5197327611134402 0.6603737103285727
vt 0.5197063551374032 0.6603814364864118
vt 0.5196938173739879 0.6603800193362973
vt 0.5196941870089343 0.6603693551049716
vt 0.5196938173739879 0.6603800193362973
vt 0.5196812819260395 0.6603786088953123
vt 0.5196817053073979 0.6603673512430509
vt 0.519682168974583 0.6603554324367766
vt 0.5196946046646578 0.6603598307052032
vt 0.5196941870089343 0.6603693551049716
vt 0.5196946046646578 0.6603598307052032
vt 0.5197071406216559 0.6603612517421893
vt 0.519706725794421 0.6603707729498765
vt 0.5197577159211069 0.6602826281489409
vt 0.51974492807071 0.6602814442660287
vt 0.5197450466577558 0.6602675582818723
vt 0.51974492807071 0.6602814442660287
vt 0.5197318847147598 0.6602799756358081
vt 0.5197321019645071 0.6602648789710426
vt 0.5197327459338796 0.6602515037523954
vt 0.5197452260447938 0.660256181234721
vt 0.5197450466577558 0.6602675582818723
vt 0.5197452260447938 0.660256181234721
vt 0.5197589827273648 0.6602589060231974
vt 0.5197579585464175 0.6602711392471092
vt 0.5197318847147598 0.6602799756358081
vt 0.5197188969073716 0.6602788284839118
vt 0.5197194063517929 0.6602626032115343
vt 0.5197188969073716 0.6602788284839118
vt 0.5197057515860323 0.6602780937526807
vt 0.5197058601526092 0.6602618809015048
vt 0.5197064155912688 0.6602465644010052
vt 0.5197196633873629 0.6602504368014936
vt 0.5197194063517929 0.6602626032115343
vt 0.5197196633873629 0.6602504368014936
vt 0.5197327459338796 0.6602515037523954
vt 0.5197321019645071 0.6602648789710426
vt 0.5195583816637015 0.6599869522830939
vt 0.51954581554586 0.6599847162703045
vt 0.5195475567912813 0.6599694690332356
vt 0.51954581554586 0.6599847162703045
vt 0.5195360953844924 0.6599828338042377
vt 0.5195380401703834 0.6599674230842207
vt 0.5195413076516782 0.6599589980135248
vt 0.519548785832529 0.6599581254544783
vt 0.5195475567912813 0.6599694690332356
vt 0.519548785832529 0.6599581254544783
vt 0.5195612408539909 0.659956884702166
vt 0.5195600552855687 0.6599715287136136
vt 0.5199194625692932 0.660398011340269
vt 0.5199118590296329 0.6603980887105805
vt 0.5199111527151009 0.6603825525773714
vt 0.5199118590296329 0.6603980887105805
vt 0.5199024889237656 0.6603981698716795
vt 0.5199018397927226 0.6603823858604176
vt 0.5199019479428407 0.66036626029135
vt 0.5199113875590429 0.6603703707576513
vt 0.5199111527151009 0.6603825525773714
vt 0.5199113875590429 0.6603703707576513
vt 0.5199174366439502 0.660373007711482
vt 0.5199187123286886 0.6603823665577665
vt 0.5199024889237656 0.6603981698716795
vt 0.5198919946206761 0.6603988291577146
vt 0.5198920491316136 0.6603824866219065
vt 0.5198919946206761 0.6603988291577146
vt 0.5198815466811358 0.6603999706502105
vt 0.5198821145320283 0.6603826368436216
vt 0.5198825303092037 0.6603655842150238
vt 0.5198921235661914 0.6603660718827604
vt 0.5198920491316136 0.6603824866219065
vt 0.5198921235661914 0.6603660718827604
vt 0.5199019479428407 0.66036626029135
vt 0.5199018397927226 0.6603823858604176
vt 0.5198815466811358 0.6603999706502105
vt 0.5198721224926219 0.6604000627464238
vt 0.5198724064989585 0.6603821948813652
vt 0.5198721224926219 0.6604000627464238
vt 0.5198627165801544 0.6603987165533194
vt 0.5198626499592144 0.6603812599528309
vt 0.5198630435060393 0.6603643724272265
vt 0.5198728096043367 0.6603650189647359
vt 0.5198724064989585 0.6603821948813652
vt 0.5198728096043367 0.6603650189647359
vt 0.5198825303092037 0.6603655842150238
vt 0.5198821145320283 0.6603826368436216
vt 0.5198627165801544 0.6603987165533194
vt 0.5198523538513952 0.6603962539108681
vt 0.5198526635936844 0.6603798714519408
vt 0.5198523538513952 0.6603962539108681
vt 0.5198419190844464 0.660394366198056
vt 0.5198427793310455 0.6603786444366432
vt 0.5198437991803162 0.6603626604709932
vt 0.5198533687423659 0.6603635990220571
vt 0.5198526635936844 0.6603798714519408
vt 0.5198533687423659 0.6603635990220571
vt 0.5198630435060393 0.6603643724272265
vt 0.5198626499592144 0.6603812599528309
vt 0.5198419190844464 0.660394366198056
vt 0.5198325561636731 0.6603932358056588
vt 0.5198333648455249 0.6603775474998228
vt 0.5198325561636731 0.6603932358056588
vt 0.5198232771512035 0.6603923269485847
vt 0.519823938213775 0.6603765675743949
vt 0.5198247942308628 0.6603608547070353
vt 0.519834320189488 0.6603615393132004
vt 0.5198333648455249 0.6603775474998228
vt 0.519834320189488 0.6603615393132004
vt 0.5198437991803162 0.6603626604709932
vt 0.5198427793310455 0.6603786444366432
vt 0.5198232771512035 0.6603923269485847
vt 0.5198133171009235 0.6603917049377244
vt 0.5198143941274658 0.6603758322889666
vt 0.5198133171009235 0.6603917049377244
vt 0.5198033311233947 0.66039120715032
vt 0.5198050013282778 0.6603750993422273
vt 0.5198061983867587 0.6603622368498476
vt 0.5198153769842454 0.6603634713604806
vt 0.5198143941274658 0.6603758322889666
vt 0.5198153769842454 0.6603634713604806
vt 0.5198247942308628 0.6603608547070353
vt 0.519823938213775 0.6603765675743949
vt 0.5198033311233947 0.66039120715032
vt 0.5197939652500406 0.6603898924292007
vt 0.5197959929224679 0.6603739237862272
vt 0.5197939652500406 0.6603898924292007
vt 0.5197829430247883 0.6603864966834501
vt 0.5197857320759637 0.6603707488833376
vt 0.5197879212901027 0.6603584232100006
vt 0.5197970344084655 0.6603606594234266
vt 0.5197959929224679 0.6603739237862272
vt 0.5197970344084655 0.6603606594234266
vt 0.5198061983867587 0.6603622368498476
vt 0.5198050013282778 0.6603750993422273
vt 0.5197711965546823 0.6599883568334938
vt 0.5197583735107719 0.6599886772726491
vt 0.5197586502497081 0.6599826986093371
vt 0.5197583735107719 0.6599886772726491
vt 0.5197475033602538 0.6599880333338377
vt 0.5197492330906733 0.6599793969451055
vt 0.5197519424062337 0.6599740160375387
vt 0.5197589502389381 0.6599762267984115
vt 0.5197586502497081 0.6599826986093371
vt 0.5197589502389381 0.6599762267984115
vt 0.5197660946729155 0.6599754808646672
vt 0.5197682820500382 0.6599813693903964
vt 0.5197759603201888 0.6600685232233441
vt 0.5197665980634966 0.6600661336316711
vt 0.5197668511862118 0.6600547777620316
vt 0.5197665980634966 0.6600661336316711
vt 0.5197590732005042 0.6600644941396765
vt 0.5197593415121748 0.6600499616490108
vt 0.5197590745960692 0.6600362902076895
vt 0.5197685392668773 0.6600468480490433
vt 0.5197668511862118 0.6600547777620316
vt 0.5197685392668773 0.6600468480490433
vt 0.5197743247295602 0.6600533632491841
vt 0.519774330189762 0.6600596572231814
vt 0.5197573084807829 0.6601462831231004
vt 0.5197476486997666 0.6601446916315513
vt 0.5197486504049922 0.6601290560451931
vt 0.5197476486997666 0.6601446916315513
vt 0.5197351505525668 0.6601432244461822
vt 0.5197359768228921 0.660127686937066
vt 0.519736757561689 0.660110903248748
vt 0.5197491478436962 0.6601170361536456
vt 0.5197486504049922 0.6601290560451931
vt 0.5197491478436962 0.6601170361536456
vt 0.5197618933381069 0.6601189301721679
vt 0.519758270142606 0.6601318331630792
vt 0.5197351505525668 0.6601432244461822
vt 0.5197226430627752 0.6601418511203823
vt 0.5197233964573844 0.6601263657910055
vt 0.5197226430627752 0.6601418511203823
vt 0.5197130083490413 0.6601408501806021
vt 0.5197137332147324 0.6601253675072098
vt 0.5197114865449034 0.6601094791210924
vt 0.5197241398668578 0.66010983925885
vt 0.5197233964573844 0.6601263657910055
vt 0.5197241398668578 0.66010983925885
vt 0.519736757561689 0.660110903248748
vt 0.5197359768228921 0.660127686937066
vt 0.5197925900614426 0.6601389060305753
vt 0.5197850198781347 0.6601383513550885
vt 0.5197853538834797 0.6601227140584158
vt 0.5197850198781347 0.6601383513550885
vt 0.5197756171402756 0.6601379835270571
vt 0.5197777601335002 0.6601233169927034
vt 0.5197784058767676 0.6601158257152483
vt 0.5197843213836773 0.6601115642327637
vt 0.5197853538834797 0.6601227140584158
vt 0.5197843213836773 0.6601115642327637
vt 0.5197927933213425 0.6601072475948717
vt 0.5197929219970981 0.6601232872394197
vt 0.5198449677529673 0.6601999308017765
vt 0.519834277093174 0.6601961591662848
vt 0.5198350359757314 0.6601875461723884
vt 0.519834277093174 0.6601961591662848
vt 0.5198215952102642 0.660196691190775
vt 0.5198220982408188 0.660189835527903
vt 0.5198228461784264 0.6601812769682639
vt 0.5198358230129202 0.6601779689093117
vt 0.5198350359757314 0.6601875461723884
vt 0.5198358230129202 0.6601779689093117
vt 0.5198431635427466 0.6601776774205409
vt 0.5198448713578846 0.6601850549786961
vt 0.5198215952102642 0.660196691190775
vt 0.5198087061050255 0.660199750112037
vt 0.5198092597443391 0.660191731106482
vt 0.5198087061050255 0.660199750112037
vt 0.5197954891706336 0.6602045817000175
vt 0.519796600839342 0.6601916451579233
vt 0.5197976323861248 0.6601802026631247
vt 0.519810158138826 0.6601816840768125
vt 0.5198092597443391 0.660191731106482
vt 0.519810158138826 0.6601816840768125
vt 0.5198228461784264 0.6601812769682639
vt 0.5198220982408188 0.660189835527903
vt 0.5197954891706336 0.6602045817000175
vt 0.5197832849082398 0.6601982229824798
vt 0.5197843659719663 0.6601878026920598
vt 0.5197832849082398 0.6601982229824798
vt 0.5197741588284739 0.6601920674985997
vt 0.51977529353828 0.6601821337321812
vt 0.5197781661902765 0.6601756730405257
vt 0.519785197608512 0.6601776930933196
vt 0.5197843659719663 0.6601878026920598
vt 0.519785197608512 0.6601776930933196
vt 0.5197976323861248 0.6601802026631247
vt 0.519796600839342 0.6601916451579233
vt 0.5195698515782913 0.6600679197100612
vt 0.5195623429275024 0.6600650702483551
vt 0.5195626894137753 0.6600531412143572
vt 0.5195623429275024 0.6600650702483551
vt 0.5195529628651375 0.6600632118914447
vt 0.5195540135775525 0.6600485082428733
vt 0.5195550140726884 0.6600328051585571
vt 0.5195638126761366 0.6600444484287825
vt 0.5195626894137753 0.6600531412143572
vt 0.5195638126761366 0.6600444484287825
vt 0.5195698408377167 0.6600504389078257
vt 0.5195700846426218 0.6600578261118163
vt 0.5195529628651375 0.6600632118914447
vt 0.5195439622805319 0.6600581487047569
vt 0.5195450890072121 0.6600461584365926
vt 0.5195439622805319 0.6600581487047569
vt 0.5195381799135583 0.6600549984960077
vt 0.5195376179826188 0.6600456406914659
vt 0.519538165870728 0.6600283995716466
vt 0.5195456838280906 0.6600297781203891
vt 0.5195450890072121 0.6600461584365926
vt 0.5195456838280906 0.6600297781203891
vt 0.5195550140726884 0.6600328051585571
vt 0.5195540135775525 0.6600485082428733
vt 0.5198279899980476 0.6601128883365115
vt 0.519820481766658 0.6601146306134809
vt 0.5198211763632838 0.6601028461529275
vt 0.519820481766658 0.6601146306134809
vt 0.5198132756760592 0.6601111482865222
vt 0.5198116032321659 0.6601019235992458
vt 0.5198095057014531 0.6600848307899978
vt 0.5198221257991775 0.6600855704100586
vt 0.5198211763632838 0.6601028461529275
vt 0.5198221257991775 0.6600855704100586
vt 0.5198318042808444 0.6600869829338056
vt 0.5198307070521785 0.6601041905086507
vt 0.5196446226273819 0.6602389774435646
vt 0.5196459469646211 0.6602457828192
vt 0.5196348736068248 0.6602439693156785
vt 0.5196459469646211 0.6602457828192
vt 0.5196481782804304 0.660256449627477
vt 0.5196339227507597 0.6602539272451555
vt 0.5196230398592461 0.6602521937204877
vt 0.5196237853823551 0.6602422033569303
vt 0.5196348736068248 0.6602439693156785
vt 0.5196237853823551 0.6602422033569303
vt 0.519621054873939 0.6602320242905966
vt 0.5196365084495644 0.6602359445560452
vt 0.5196481782804304 0.660256449627477
vt 0.5196468308483263 0.6602665587245093
vt 0.5196328929303665 0.6602637509039465
vt 0.5196468308483263 0.6602665587245093
vt 0.5196467436348 0.6602769857100216
vt 0.5196324067984037 0.6602719380298021
vt 0.5196253110784368 0.6602695404228713
vt 0.5196226692679354 0.6602622373110263
vt 0.5196328929303665 0.6602637509039465
vt 0.5196226692679354 0.6602622373110263
vt 0.5196230398592461 0.6602521937204877
vt 0.5196339227507597 0.6602539272451555
vt 0.5198377038890011 0.6602495903986751
vt 0.5198262398404749 0.6602507220872842
vt 0.5198265146839208 0.6602395303569686
vt 0.5198262398404749 0.6602507220872842
vt 0.5198124805695732 0.6602511682956597
vt 0.5198132421730476 0.6602372859495209
vt 0.5198140755394222 0.6602282717196177
vt 0.5198268296931985 0.6602249152203896
vt 0.5198265146839208 0.6602395303569686
vt 0.5198268296931985 0.6602249152203896
vt 0.5198341544102154 0.6602252179119943
vt 0.5198363025791388 0.6602330750012322
vt 0.5198124805695732 0.6602511682956597
vt 0.5197999273403647 0.6602499099690764
vt 0.519800737843478 0.6602364526617296
vt 0.5197999273403647 0.6602499099690764
vt 0.5197874776950413 0.6602458716986364
vt 0.5197881977921283 0.6602340402777752
vt 0.5197887895239925 0.6602249520422871
vt 0.5198013356714463 0.660227779409186
vt 0.519800737843478 0.6602364526617296
vt 0.5198013356714463 0.660227779409186
vt 0.5198140755394222 0.6602282717196177
vt 0.5198132421730476 0.6602372859495209
vt 0.5197874776950413 0.6602458716986364
vt 0.5197749085879981 0.660242843698233
vt 0.5197758490474634 0.6602299465251629
vt 0.5197749085879981 0.660242843698233
vt 0.5197652343488108 0.6602408234062016
vt 0.5197664482589917 0.6602259107102635
vt 0.5197691735809579 0.6602186148870767
vt 0.519776377596457 0.660219701537275
vt 0.5197758490474634 0.6602299465251629
vt 0.519776377596457 0.660219701537275
vt 0.5197887895239925 0.6602249520422871
vt 0.5197881977921283 0.6602340402777752
vt 0.5198089979184157 0.6600742637360955
vt 0.5198014569430586 0.6600733338265707
vt 0.5198021965374631 0.6600579658832417
vt 0.5198014569430586 0.6600733338265707
vt 0.5197920883420527 0.6600723990823452
vt 0.5197931757188125 0.6600567526079117
vt 0.5197941790569718 0.6600448481128407
vt 0.519803239937995 0.6600468112540534
vt 0.5198021965374631 0.6600579658832417
vt 0.519803239937995 0.6600468112540534
vt 0.5198091434536629 0.6600513145998927
vt 0.5198096205729315 0.6600593702216158
vt 0.5197920883420527 0.6600723990823452
vt 0.5197830835627719 0.6600675440190567
vt 0.5197840584450298 0.6600554218555534
vt 0.5197830835627719 0.6600675440190567
vt 0.519777314758648 0.6600645500339646
vt 0.5197765068464981 0.6600552689170641
vt 0.5197766364718066 0.6600382937547301
vt 0.5197850790962857 0.660043294292264
vt 0.5197840584450298 0.6600554218555534
vt 0.5197850790962857 0.660043294292264
vt 0.5197941790569718 0.6600448481128407
vt 0.5197931757188125 0.6600567526079117
vt 0.5199070986463527 0.6600295350506873
vt 0.5198993973326285 0.660031545112174
vt 0.5198997747943429 0.6600191285365085
vt 0.5198993973326285 0.660031545112174
vt 0.5198866829122081 0.6600338911781893
vt 0.5198893766588165 0.66001771483942
vt 0.5198904605370872 0.660000247976793
vt 0.5199009632976295 0.6600013264850666
vt 0.5198997747943429 0.6600191285365085
vt 0.5199009632976295 0.6600013264850666
vt 0.5199142137075992 0.660003703783989
vt 0.519909795339166 0.6600204985784022
vt 0.5198830031827159 0.6602255163061997
vt 0.5198727906034327 0.6602248038087648
vt 0.5198742248908452 0.6602083255536944
vt 0.5198727906034327 0.6602248038087648
vt 0.5198629679427488 0.6602232661096522
vt 0.5198646521872344 0.6602067368004098
vt 0.5198664810769328 0.6601916113008242
vt 0.5198754463272085 0.6601920149859167
vt 0.5198742248908452 0.6602083255536944
vt 0.5198754463272085 0.6601920149859167
vt 0.5198836731681212 0.6601923785254625
vt 0.5198823663959388 0.6602093422396242
vt 0.5198629679427488 0.6602232661096522
vt 0.5198532003205525 0.6602214902307927
vt 0.5198549150353559 0.6602047821152166
vt 0.5198532003205525 0.6602214902307927
vt 0.5198449534483398 0.6602208818323971
vt 0.5198468921703749 0.6602048258514588
vt 0.5198500171338151 0.6601874539736646
vt 0.5198570452198819 0.6601885782831711
vt 0.5198549150353559 0.6602047821152166
vt 0.5198570452198819 0.6601885782831711
vt 0.5198664810769328 0.6601916113008242
vt 0.5198646521872344 0.6602067368004098
vt 0.5199092908954059 0.6601593095672063
vt 0.5198993917847438 0.6601595961974221
vt 0.5199029070883096 0.6601429578130629
vt 0.5198993917847438 0.6601595961974221
vt 0.5198859814993744 0.6601593825272446
vt 0.5198892455578518 0.6601403245783979
vt 0.5198989532752853 0.6601261651929864
vt 0.5199071249175103 0.6601275479877644
vt 0.5199029070883096 0.6601429578130629
vt 0.5199071249175103 0.6601275479877644
vt 0.5199245538735802 0.6601314914084484
vt 0.5199138716392347 0.6601442065180203
vt 0.5198859814993744 0.6601593825272446
vt 0.5198738203114305 0.6601484486731941
vt 0.5198770099019434 0.6601349403052144
vt 0.5198738203114305 0.6601484486731941
vt 0.5198677342535934 0.660140903545152
vt 0.519867929164232 0.6601301446847329
vt 0.5198686955045039 0.66011414810205
vt 0.5198867492710824 0.6601222658301104
vt 0.5198770099019434 0.6601349403052144
vt 0.5198867492710824 0.6601222658301104
vt 0.5198989532752853 0.6601261651929864
vt 0.5198892455578518 0.6601403245783979
vt 0.5197431196072485 0.6600243883336059
vt 0.5197372725269859 0.6600254580950378
vt 0.5197375488922974 0.6600119331845027
vt 0.5197372725269859 0.6600254580950378
vt 0.519727961364157 0.6600311852961415
vt 0.5197283853975695 0.6600112945756024
vt 0.5197286190912128 0.6599991044079989
vt 0.5197377405974454 0.6599997371815911
vt 0.5197375488922974 0.6600119331845027
vt 0.5197377405974454 0.6599997371815911
vt 0.5197476466205533 0.6599985231424643
vt 0.5197449504534853 0.6600140358325093
vt 0.519727961364157 0.6600311852961415
vt 0.5197189225727971 0.6600241008696583
vt 0.5197192443322349 0.6600106173915049
vt 0.5197189225727971 0.6600241008696583
vt 0.5197090186007175 0.6600254065674802
vt 0.5197117819321743 0.6600091701095863
vt 0.519713489222311 0.6600001737456489
vt 0.5197194859917293 0.659998448094941
vt 0.5197192443322349 0.6600106173915049
vt 0.5197194859917293 0.659998448094941
vt 0.5197286190912128 0.6599991044079989
vt 0.5197283853975695 0.6600112945756024
vt 0.5196672027054106 0.660168748898546
vt 0.5196549384134681 0.6601623518045481
vt 0.5196565165815654 0.6601505944726305
vt 0.5196549384134681 0.6601623518045481
vt 0.5196423391150106 0.6601612541346855
vt 0.5196439732239437 0.66014900207597
vt 0.5196456721838539 0.6601363295319403
vt 0.5196580800033361 0.6601388325553174
vt 0.5196565165815654 0.6601505944726305
vt 0.5196580800033361 0.6601388325553174
vt 0.5196650051616455 0.6601428440993566
vt 0.5196661477947371 0.6601520801994056
vt 0.5196423391150106 0.6601612541346855
vt 0.5196293222621499 0.6601631425655895
vt 0.5196311495627138 0.6601493939565841
vt 0.5196293222621499 0.6601631425655895
vt 0.5196151230009753 0.6601696686717637
vt 0.5196214145488323 0.6601482575105384
vt 0.5196255837816103 0.6601355494334912
vt 0.5196332461318751 0.6601339569047513
vt 0.5196311495627138 0.6601493939565841
vt 0.5196332461318751 0.6601339569047513
vt 0.5196456721838539 0.6601363295319403
vt 0.5196439732239437 0.66014900207597
vt 0.5196158559070845 0.6600966929083156
vt 0.5196056507001872 0.6600872320715888
vt 0.519605896308437 0.6600699195155582
vt 0.5196056507001872 0.6600872320715888
vt 0.5195993359139989 0.6600789628073612
vt 0.5195980091024313 0.6600649098310221
vt 0.5195959841100298 0.6600435803720208
vt 0.5196062020048369 0.6600533238985977
vt 0.519605896308437 0.6600699195155582
vt 0.5196062020048369 0.6600533238985977
vt 0.5196123863615687 0.6600602132067577
vt 0.519613705340858 0.6600739137073974
vt 0.5196444027177342 0.6600002439718653
vt 0.5196370960167671 0.6600021495196141
vt 0.51963740133959 0.6599838838275724
vt 0.5196370960167671 0.6600021495196141
vt 0.5196242266285488 0.6600044219324148
vt 0.5196277035047131 0.6599836106094672
vt 0.5196301118460143 0.6599731858280167
vt 0.519637561919624 0.6599690755138332
vt 0.51963740133959 0.6599838838275724
vt 0.519637561919624 0.6599690755138332
vt 0.5196504814897539 0.6599657880013892
vt 0.5196469894163788 0.659986612856023
vt 0.5197037836020261 0.6602829115688259
vt 0.5196937004496999 0.6602785284296975
vt 0.5196936816292042 0.6602641717036437
vt 0.5196937004496999 0.6602785284296975
vt 0.5196877795857842 0.6602764039511724
vt 0.5196863492690857 0.6602667552661297
vt 0.5196855150023609 0.6602504324615799
vt 0.5196936777262768 0.6602500955976731
vt 0.5196936816292042 0.6602641717036437
vt 0.5196936777262768 0.6602500955976731
vt 0.5196993051982689 0.6602507163355522
vt 0.5197010531867928 0.6602615157818148
vt 0.5198346397150269 0.6601764162117651
vt 0.5198270272540253 0.6601783460208397
vt 0.5198279005425361 0.6601665517379836
vt 0.5198270272540253 0.6601783460208397
vt 0.5198198317763476 0.6601751643184544
vt 0.5198182595060327 0.6601664266998416
vt 0.5198163946800903 0.6601504124289757
vt 0.5198290693827858 0.6601508429390252
vt 0.5198279005425361 0.6601665517379836
vt 0.5198290693827858 0.6601508429390252
vt 0.5198417065137375 0.6601519137908203
vt 0.5198375152056043 0.660167338312535
vt 0.5195912142665047 0.6600707812885844
vt 0.519585040263252 0.6600727179104943
vt 0.5195851689877476 0.6600634329552431
vt 0.519585040263252 0.6600727179104943
vt 0.5195762424382036 0.6600746107122386
vt 0.5195772295690919 0.6600645455294226
vt 0.519578731201832 0.6600577375203243
vt 0.5195853378065356 0.6600540786709876
vt 0.5195851689877476 0.6600634329552431
vt 0.5195853378065356 0.6600540786709876
vt 0.5195955354648761 0.660046637992453
vt 0.5195931167494572 0.6600624045275181
vt 0.5195906491342821 0.6602186164852992
vt 0.5195780240865048 0.6602183772977465
vt 0.5195783248059362 0.660209057741252
vt 0.5195780240865048 0.6602183772977465
vt 0.5195655984528189 0.6602162965215881
vt 0.5195659415517139 0.6602066055497666
vt 0.5195665734042794 0.6601945239703478
vt 0.5195788836284104 0.6602011717610531
vt 0.5195783248059362 0.660209057741252
vt 0.5195788836284104 0.6602011717610531
vt 0.5195860953530936 0.6602018555172429
vt 0.5195879634124866 0.6602087694074774
vt 0.5195655984528189 0.6602162965215881
vt 0.519553009520291 0.6602111134413906
vt 0.5195535284829741 0.6602021547479973
vt 0.519553009520291 0.6602111134413906
vt 0.5195405010294483 0.6602091604847632
vt 0.5195410738514131 0.6601986591007007
vt 0.5195417844586211 0.6601844698260642
vt 0.5195542140004148 0.6601880148195625
vt 0.5195535284829741 0.6602021547479973
vt 0.5195542140004148 0.6601880148195625
vt 0.5195665734042794 0.6601945239703478
vt 0.5195659415517139 0.6602066055497666
vt 0.5195405010294483 0.6602091604847632
vt 0.519527952228935 0.660208158733615
vt 0.5195285081768171 0.660199028984737
vt 0.519527952228935 0.660208158733615
vt 0.5195207472117066 0.6602067713582905
vt 0.5195188036941384 0.6602010455867393
vt 0.5195162891916284 0.6601894223159982
vt 0.5195291156094533 0.6601861254845784
vt 0.5195285081768171 0.660199028984737
vt 0.5195291156094533 0.6601861254845784
vt 0.5195417844586211 0.6601844698260642
vt 0.5195410738514131 0.6601986591007007
vt 0.5197706384669937 0.6599735393367239
vt 0.5197647696523184 0.6599740863023581
vt 0.5197643605966484 0.6599671165096064
vt 0.5197647696523184 0.6599740863023581
vt 0.519755025852427 0.6599737622089861
vt 0.5197570036205439 0.6599647610199718
vt 0.5197585079558091 0.6599577529583189
vt 0.5197641457217155 0.6599584609716793
vt 0.5197643605966484 0.6599671165096064
vt 0.5197641457217155 0.6599584609716793
vt 0.5197729286028082 0.6599560590348729
vt 0.5197719364824324 0.6599677643941797
vt 0.5197108604539213 0.6599990336055996
vt 0.5197115176204946 0.6599850229175749
vt 0.5197209886937518 0.6599856632855691
vt 0.5197115176204946 0.6599850229175749
vt 0.5197133608457176 0.6599770637896687
vt 0.5197216819814833 0.6599749803018
vt 0.5197375589477419 0.6599721431988741
vt 0.5197294013330349 0.6599862340239985
vt 0.5197209886937518 0.6599856632855691
vt 0.5197294013330349 0.6599862340239985
vt 0.5197251727226172 0.6599942816300655
vt 0.5197189066254171 0.6599963298159717
vt 0.5196791211362506 0.6602488467197036
vt 0.5196728515834079 0.6602531446197004
vt 0.5196725192646413 0.6602419298597
vt 0.5196728515834079 0.6602531446197004
vt 0.5196639188221831 0.6602582814668496
vt 0.5196646032790284 0.6602446400875224
vt 0.5196658488150723 0.6602357430383072
vt 0.5196721938527796 0.660230715875224
vt 0.5196725192646413 0.6602419298597
vt 0.5196721938527796 0.660230715875224
vt 0.5196827464036814 0.6602220856573434
vt 0.5196804121765345 0.6602395598287886
vt 0.5197589827273648 0.6602589060231974
vt 0.5197452260447938 0.660256181234721
vt 0.5197457719475653 0.6602442054600363
vt 0.5197452260447938 0.660256181234721
vt 0.5197327459338796 0.6602515037523954
vt 0.5197330589642815 0.6602411765429168
vt 0.5197333902133384 0.6602321856438655
vt 0.5197462589360664 0.6602338673068732
vt 0.5197457719475653 0.6602442054600363
vt 0.5197462589360664 0.6602338673068732
vt 0.5197536553250377 0.6602355076115511
vt 0.5197557882121869 0.6602446972693665
vt 0.5197327459338796 0.6602515037523954
vt 0.5197196633873629 0.6602504368014936
vt 0.5197202331954877 0.6602395319289374
vt 0.5197196633873629 0.6602504368014936
vt 0.5197064155912688 0.6602465644010052
vt 0.519710482885923 0.660236775325464
vt 0.5197132938987749 0.6602301067276264
vt 0.5197205906769953 0.6602311299429009
vt 0.5197202331954877 0.6602395319289374
vt 0.5197205906769953 0.6602311299429009
vt 0.5197333902133384 0.6602321856438655
vt 0.5197330589642815 0.6602411765429168
vt 0.5198099494458467 0.6600378714342539
vt 0.5198007415952534 0.6600368328742748
vt 0.5197993105821277 0.660027287238339
vt 0.5198007415952534 0.6600368328742748
vt 0.5197942473342038 0.6600352633866351
vt 0.5197912978121492 0.6600268035732686
vt 0.5197861252969123 0.6600110636665812
vt 0.5197981303507923 0.6600177451439568
vt 0.5197993105821277 0.660027287238339
vt 0.5197981303507923 0.6600177451439568
vt 0.5198048841452815 0.6600211005349711
vt 0.519807054536266 0.6600277547784426
vt 0.5195540258487702 0.6599411556901926
vt 0.5195464714808862 0.6599415532526287
vt 0.5195482367464563 0.6599298292369072
vt 0.5195464714808862 0.6599415532526287
vt 0.5195350900845189 0.6599424106166274
vt 0.5195387144090393 0.6599271720616062
vt 0.5195423314828159 0.6599189128084592
vt 0.5195499862367969 0.659918040138194
vt 0.5195482367464563 0.6599298292369072
vt 0.5195499862367969 0.659918040138194
vt 0.5195631072102881 0.6599184504649134
vt 0.5195575783478494 0.6599334025028373
vt 0.5199019479428407 0.66036626029135
vt 0.5198921235661914 0.6603660718827604
vt 0.5198922730778126 0.6603500329779888
vt 0.5198921235661914 0.6603660718827604
vt 0.5198825303092037 0.6603655842150238
vt 0.5198828124989644 0.6603492766026837
vt 0.5198836812964 0.660333375304021
vt 0.5198931155332167 0.6603377061084492
vt 0.5198922730778126 0.6603500329779888
vt 0.5198931155332167 0.6603377061084492
vt 0.5198990571268237 0.66034071127605
vt 0.519899927836939 0.6603501981091295
vt 0.5198825303092037 0.6603655842150238
vt 0.5198728096043367 0.6603650189647359
vt 0.5198729610813179 0.6603486943161965
vt 0.5198728096043367 0.6603650189647359
vt 0.5198630435060393 0.6603643724272265
vt 0.5198632740125404 0.6603476816385792
vt 0.5198634681297213 0.6603322677054366
vt 0.5198727583050337 0.6603340960323147
vt 0.5198729610813179 0.6603486943161965
vt 0.5198727583050337 0.6603340960323147
vt 0.5198836812964 0.660333375304021
vt 0.5198828124989644 0.6603492766026837
vt 0.5198630435060393 0.6603643724272265
vt 0.5198533687423659 0.6603635990220571
vt 0.5198540026380586 0.6603467900569057
vt 0.5198533687423659 0.6603635990220571
vt 0.5198437991803162 0.6603626604709932
vt 0.5198449113495756 0.6603463417634574
vt 0.5198455830627622 0.660332858333588
vt 0.5198555188627739 0.6603320566275993
vt 0.5198540026380586 0.6603467900569057
vt 0.5198555188627739 0.6603320566275993
vt 0.5198634681297213 0.6603322677054366
vt 0.5198632740125404 0.6603476816385792
vt 0.5198437991803162 0.6603626604709932
vt 0.519834320189488 0.6603615393132004
vt 0.5198356639393134 0.6603457218096787
vt 0.519834320189488 0.6603615393132004
vt 0.5198247942308628 0.6603608547070353
vt 0.5198271608490965 0.6603460392139773
vt 0.5198274508501546 0.6603313620867279
vt 0.5198368923790594 0.6603318948107215
vt 0.5198356639393134 0.6603457218096787
vt 0.5198368923790594 0.6603318948107215
vt 0.5198455830627622 0.660332858333588
vt 0.5198449113495756 0.6603463417634574
vt 0.5199245799812373 0.6603454914188449
vt 0.5199167299400803 0.6603415541449085
vt 0.5199158108329338 0.6603311735475502
vt 0.5199167299400803 0.6603415541449085
vt 0.519910631002037 0.6603397671273304
vt 0.5199073922426285 0.6603328294154168
vt 0.5199012062931918 0.660318116606619
vt 0.5199146081933853 0.6603156531768418
vt 0.5199158108329338 0.6603311735475502
vt 0.5199146081933853 0.6603156531768418
vt 0.5199258432631864 0.6603141020066228
vt 0.519925149831037 0.6603295969983751
vt 0.5198161006021976 0.6599231697662384
vt 0.5198147871217705 0.6599288738406671
vt 0.5198071670127037 0.6599248199917178
vt 0.5198147871217705 0.6599288738406671
vt 0.519809304540451 0.6599373454983142
vt 0.5198015829490332 0.6599304441653429
vt 0.519795113580027 0.6599249877938815
vt 0.5197976393079873 0.6599197679300595
vt 0.5198071670127037 0.6599248199917178
vt 0.5197976393079873 0.6599197679300595
vt 0.519799658069772 0.6599096427438722
vt 0.5198110964847085 0.6599183291209434
vt 0.519635168671258 0.6600368419112081
vt 0.5196193027284375 0.6600328982110741
vt 0.5196192408198959 0.6600231172098672
vt 0.5196193027284375 0.6600328982110741
vt 0.5196102838003168 0.6600289357485405
vt 0.5196079415140566 0.6600207269346003
vt 0.5196054346065841 0.660007306759021
vt 0.5196185014453969 0.6600131968687079
vt 0.5196192408198959 0.6600231172098672
vt 0.5196185014453969 0.6600131968687079
vt 0.5196268091044779 0.6600188877646523
vt 0.5196305923924431 0.6600269267188744
vt 0.5196102838003168 0.6600289357485405
vt 0.5196048092276242 0.6600333170712698
vt 0.5196010890810706 0.6600256766382503
vt 0.5196048092276242 0.6600333170712698
vt 0.5195962177130518 0.6600390653037277
vt 0.5195947169682102 0.6600315873414873
vt 0.5195934536104094 0.6600253912177954
vt 0.5195978518643513 0.6600181115271457
vt 0.5196010890810706 0.6600256766382503
vt 0.5195978518643513 0.6600181115271457
vt 0.5196054346065841 0.660007306759021
vt 0.5196079415140566 0.6600207269346003
vt 0.5199406249023334 0.6600033936846077
vt 0.5199275706233407 0.6599998641131777
vt 0.5199291261224633 0.6599830912462084
vt 0.5199275706233407 0.6599998641131777
vt 0.5199142137075992 0.660003703783989
vt 0.5199153171881358 0.6599826880629283
vt 0.5199170261750868 0.6599596507876077
vt 0.5199297735559762 0.6599610305218274
vt 0.5199291261224633 0.6599830912462084
vt 0.5199297735559762 0.6599610305218274
vt 0.519939520899017 0.6599627754171411
vt 0.5199389677240631 0.6599840661625095
vt 0.5199142137075992 0.660003703783989
vt 0.5199009632976295 0.6600013264850666
vt 0.5199045231995385 0.6599820304380208
vt 0.5199009632976295 0.6600013264850666
vt 0.5198904605370872 0.660000247976793
vt 0.5198919148141532 0.6599806030185149
vt 0.5198946473213202 0.6599693919172429
vt 0.5199033309659583 0.6599645998119452
vt 0.5199045231995385 0.6599820304380208
vt 0.5199033309659583 0.6599645998119452
vt 0.5199170261750868 0.6599596507876077
vt 0.5199153171881358 0.6599826880629283
vt 0.5198836731681212 0.6601923785254625
vt 0.5198754463272085 0.6601920149859167
vt 0.5198766567846443 0.6601753603977119
vt 0.5198754463272085 0.6601920149859167
vt 0.5198664810769328 0.6601916113008242
vt 0.5198666551741701 0.6601782671429608
vt 0.5198693730931633 0.6601634764662836
vt 0.519879080599601 0.6601609849727326
vt 0.5198766567846443 0.6601753603977119
vt 0.519879080599601 0.6601609849727326
vt 0.519884722743293 0.6601622900037172
vt 0.5198846977429133 0.6601731130664235
vt 0.5198664810769328 0.6601916113008242
vt 0.5198570452198819 0.6601885782831711
vt 0.519859499660375 0.6601782618051566
vt 0.5198570452198819 0.6601885782831711
vt 0.5198500171338151 0.6601874539736646
vt 0.5198503811571018 0.6601720450596575
vt 0.5198529836628357 0.6601648842682001
vt 0.5198598560617809 0.6601637831500443
vt 0.519859499660375 0.6601782618051566
vt 0.5198598560617809 0.6601637831500443
vt 0.5198693730931633 0.6601634764662836
vt 0.5198666551741701 0.6601782671429608
vt 0.5199245538735802 0.6601314914084484
vt 0.5199071249175103 0.6601275479877644
vt 0.5199087658856602 0.6601158768075065
vt 0.5199071249175103 0.6601275479877644
vt 0.5198989532752853 0.6601261651929864
vt 0.5198950105358116 0.6601141248882078
vt 0.519896694470638 0.6601055138139037
vt 0.5199099943267383 0.6601063403174351
vt 0.5199087658856602 0.6601158768075065
vt 0.5199099943267383 0.6601063403174351
vt 0.51991779527559 0.6601083893619416
vt 0.5199198303781203 0.6601160597272493
vt 0.5198989532752853 0.6601261651929864
vt 0.5198867492710824 0.6601222658301104
vt 0.5198823519894741 0.6601112878501852
vt 0.5198867492710824 0.6601222658301104
vt 0.5198686955045039 0.66011414810205
vt 0.5198734778011395 0.6601061028927058
vt 0.5198773715628746 0.660099310329285
vt 0.5198840712792806 0.6601028659028847
vt 0.5198823519894741 0.6601112878501852
vt 0.5198840712792806 0.6601028659028847
vt 0.519896694470638 0.6601055138139037
vt 0.5198950105358116 0.6601141248882078
vt 0.5196789657561617 0.6603783746265572
vt 0.5196693854607815 0.6603734250369515
vt 0.5196705383924266 0.6603626723779663
vt 0.5196693854607815 0.6603734250369515
vt 0.5196604725478271 0.6603704788534563
vt 0.5196617979917403 0.6603553120637897
vt 0.5196637209786531 0.6603342612439778
vt 0.5196717446881145 0.6603519327301706
vt 0.5196705383924266 0.6603626723779663
vt 0.5196717446881145 0.6603519327301706
vt 0.5196778883730716 0.6603605982609055
vt 0.5196782870710214 0.6603686896117664
vt 0.5196604725478271 0.6603704788534563
vt 0.5196514427913961 0.6603686739077769
vt 0.5196526336264906 0.6603519362464314
vt 0.5196514427913961 0.6603686739077769
vt 0.5196415935209464 0.6603686204168491
vt 0.5196450846192747 0.6603504376155456
vt 0.5196471473144746 0.6603296251352617
vt 0.5196546619742094 0.6603312054589832
vt 0.5196526336264906 0.6603519362464314
vt 0.5196546619742094 0.6603312054589832
vt 0.5196637209786531 0.6603342612439778
vt 0.5196617979917403 0.6603553120637897
vt 0.5198903364549363 0.6599540487617634
vt 0.519877268459912 0.6599504953928546
vt 0.5198786823574776 0.6599372411894983
vt 0.519877268459912 0.6599504953928546
vt 0.5198641143210304 0.6599493066979124
vt 0.5198650624189647 0.6599348200592092
vt 0.5198658610976813 0.6599202862065343
vt 0.5198786083829977 0.6599214983112882
vt 0.5198786823574776 0.6599372411894983
vt 0.5198786083829977 0.6599214983112882
vt 0.5198913752238483 0.6599216871980316
vt 0.5198900387789018 0.6599375482768296
vt 0.5198641143210304 0.6599493066979124
vt 0.5198513324163616 0.6599479617231493
vt 0.5198513358033486 0.6599342187435369
vt 0.5198513324163616 0.6599479617231493
vt 0.5198385342129553 0.6599465915598415
vt 0.5198402181895382 0.6599325320850331
vt 0.5198402278370503 0.6599170857206114
vt 0.5198530669423822 0.6599185214877425
vt 0.5198513358033486 0.6599342187435369
vt 0.5198530669423822 0.6599185214877425
vt 0.5198658610976813 0.6599202862065343
vt 0.5198650624189647 0.6599348200592092
vt 0.5198385342129553 0.6599465915598415
vt 0.5198255178315058 0.6599448499429246
vt 0.5198267622864087 0.6599299957696086
vt 0.5198255178315058 0.6599448499429246
vt 0.5198140055652744 0.6599449542839526
vt 0.5198170464856862 0.65992709419937
vt 0.5198202229144424 0.6599164755555328
vt 0.5198275890028681 0.6599158072432446
vt 0.5198267622864087 0.6599299957696086
vt 0.5198275890028681 0.6599158072432446
vt 0.5198402278370503 0.6599170857206114
vt 0.5198402181895382 0.6599325320850331
vt 0.5195550140726884 0.6600328051585571
vt 0.5195456838280906 0.6600297781203891
vt 0.5195462896834349 0.6600111969360589
vt 0.5195456838280906 0.6600297781203891
vt 0.519538165870728 0.6600283995716466
vt 0.5195388063714081 0.6600076553456342
vt 0.519538809951676 0.6599843597714503
vt 0.5195481250449226 0.6599963294210336
vt 0.5195462896834349 0.6600111969360589
vt 0.5195481250449226 0.6599963294210336
vt 0.5195536950507198 0.6600035001648895
vt 0.5195537618057825 0.6600147677265503
vt 0.5198318042808444 0.6600869829338056
vt 0.5198221257991775 0.6600855704100586
vt 0.5198234228244242 0.660064148712723
vt 0.5198221257991775 0.6600855704100586
vt 0.5198095057014531 0.6600848307899978
vt 0.5198108637519109 0.6600627596264415
vt 0.519811853042574 0.6600403611128347
vt 0.519824216660814 0.6600464324310336
vt 0.5198234228244242 0.660064148712723
vt 0.519824216660814 0.6600464324310336
vt 0.5198372376820038 0.6600437973309982
vt 0.519833045296969 0.6600663659273722
vt 0.5198560942535039 0.6601211489603558
vt 0.5198437219597111 0.6601153790306138
vt 0.5198445079785528 0.6600976689101543
vt 0.5198437219597111 0.6601153790306138
vt 0.5198308683508003 0.6601158401997977
vt 0.5198348238832136 0.6600964209957203
vt 0.5198361334674076 0.6600746151166275
vt 0.5198458273797418 0.6600757797439412
vt 0.5198445079785528 0.6600976689101543
vt 0.5198458273797418 0.6600757797439412
vt 0.5198584426212463 0.6600766899373081
vt 0.5198570651609371 0.6600990530653222
vt 0.5198226219056842 0.6603592355131809
vt 0.5198127620075015 0.6603562169561351
vt 0.5198144046378276 0.6603378494711676
vt 0.5198127620075015 0.6603562169561351
vt 0.5198035104283523 0.6603548564754294
vt 0.5198048886555926 0.6603365301940436
vt 0.5198067673930082 0.6603144084980996
vt 0.5198159477705337 0.6603155301323129
vt 0.5198144046378276 0.6603378494711676
vt 0.5198159477705337 0.6603155301323129
vt 0.5198235321105095 0.6603163799513296
vt 0.5198221897290544 0.6603385677299403
vt 0.5198035104283523 0.6603548564754294
vt 0.5197941955843356 0.6603536277640458
vt 0.5197953879190559 0.6603351757231297
vt 0.5197941955843356 0.6603536277640458
vt 0.5197849721362112 0.6603526108702051
vt 0.519785699535407 0.6603340978362457
vt 0.519787600243394 0.6603117161093919
vt 0.5197958542426063 0.6603122016535703
vt 0.5197953879190559 0.6603351757231297
vt 0.5197958542426063 0.6603122016535703
vt 0.5198067673930082 0.6603144084980996
vt 0.5198048886555926 0.6603365301940436
vt 0.5197849721362112 0.6603526108702051
vt 0.5197757949633606 0.660351878117369
vt 0.5197760736589248 0.6603334406764202
vt 0.5197757949633606 0.660351878117369
vt 0.51976584797771 0.6603520503854757
vt 0.5197683152722946 0.660331785522315
vt 0.5197687341889924 0.6603127087068444
vt 0.5197764129464215 0.6603124464258503
vt 0.5197760736589248 0.6603334406764202
vt 0.5197764129464215 0.6603124464258503
vt 0.519787600243394 0.6603117161093919
vt 0.519785699535407 0.6603340978362457
vt 0.5199283401315885 0.6602753752500043
vt 0.5199157608851098 0.6602687148503088
vt 0.5199165172383602 0.6602524258927311
vt 0.5199157608851098 0.6602687148503088
vt 0.5199030082906503 0.660267871264564
vt 0.519906873204894 0.6602505308771458
vt 0.5199077646883898 0.6602350147683345
vt 0.5199173574971365 0.66023572975736
vt 0.5199165172383602 0.6602524258927311
vt 0.5199173574971365 0.66023572975736
vt 0.5199268978027988 0.6602367851387343
vt 0.5199261790196753 0.6602553770607196
vt 0.519550258908878 0.6601187615799508
vt 0.5195405871895813 0.6601177717034986
vt 0.5195413608011209 0.6601044040220553
vt 0.5195405871895813 0.6601177717034986
vt 0.5195349617876166 0.6601178409024437
vt 0.5195339331256736 0.660108884806234
vt 0.5195317238774365 0.660090612197485
vt 0.5195409823032977 0.6600876940865867
vt 0.5195413608011209 0.6601044040220553
vt 0.5195409823032977 0.6600876940865867
vt 0.5195485092529651 0.6600849940901019
vt 0.5195488231938507 0.6601006924212274
vt 0.5198622601666804 0.6601461533349371
vt 0.5198545800939789 0.6601491045249819
vt 0.5198553602400658 0.6601376402317676
vt 0.5198545800939789 0.6601491045249819
vt 0.5198417065137375 0.6601519137908203
vt 0.5198428620812499 0.6601359931375959
vt 0.5198439135594122 0.660121545063314
vt 0.5198563953619713 0.6601232172579342
vt 0.5198553602400658 0.6601376402317676
vt 0.5198563953619713 0.6601232172579342
vt 0.5198676611655001 0.6601199456118381
vt 0.5198651165967085 0.660137889544709
vt 0.5198417065137375 0.6601519137908203
vt 0.5198290693827858 0.6601508429390252
vt 0.5198303355988483 0.6601342959889216
vt 0.5198290693827858 0.6601508429390252
vt 0.5198163946800903 0.6601504124289757
vt 0.5198178108387994 0.6601325463000953
vt 0.5198189414880333 0.6601180883577702
vt 0.5198314271629074 0.6601198383375768
vt 0.5198303355988483 0.6601342959889216
vt 0.5198314271629074 0.6601198383375768
vt 0.5198439135594122 0.660121545063314
vt 0.5198428620812499 0.6601359931375959
vt 0.5198163946800903 0.6601504124289757
vt 0.5198041007972357 0.6601456351516497
vt 0.5198052923085851 0.6601307504168487
vt 0.5198041007972357 0.6601456351516497
vt 0.5197970179678928 0.6601424584688358
vt 0.5197956106815278 0.6601300055571158
vt 0.5197938295039577 0.6601127009992026
vt 0.5198064487193378 0.6601163012460355
vt 0.5198052923085851 0.6601307504168487
vt 0.5198064487193378 0.6601163012460355
vt 0.5198189414880333 0.6601180883577702
vt 0.5198178108387994 0.6601325463000953
vt 0.5195815644565343 0.6600295503736925
vt 0.5195746946149875 0.6600343656792877
vt 0.5195769149795808 0.660016210725547
vt 0.5195746946149875 0.6600343656792877
vt 0.5195650576647284 0.6600404899263927
vt 0.5195693230884554 0.6600151133396204
vt 0.519572336547392 0.6600023645583633
vt 0.5195790081091372 0.6599983930621485
vt 0.5195769149795808 0.660016210725547
vt 0.5195790081091372 0.6599983930621485
vt 0.5195884888632477 0.6600010080532348
vt 0.5195844356505557 0.6600175989381027
vt 0.5195665734042794 0.6601945239703478
vt 0.5195542140004148 0.6601880148195625
vt 0.519555098706038 0.6601686633442749
vt 0.5195542140004148 0.6601880148195625
vt 0.5195417844586211 0.6601844698260642
vt 0.5195425562427952 0.6601691002669848
vt 0.5195433037318796 0.6601547827098213
vt 0.5195561381223734 0.6601514768246097
vt 0.519555098706038 0.6601686633442749
vt 0.5195561381223734 0.6601514768246097
vt 0.5195632657324581 0.6601552052380297
vt 0.5195647750507615 0.6601684694768539
vt 0.5195417844586211 0.6601844698260642
vt 0.5195291156094533 0.6601861254845784
vt 0.5195298720499252 0.6601708227444778
vt 0.5195291156094533 0.6601861254845784
vt 0.5195162891916284 0.6601894223159982
vt 0.5195172786705686 0.6601700134535897
vt 0.5195181794279429 0.6601527381042579
vt 0.5195306428925992 0.6601556106904503
vt 0.5195298720499252 0.6601708227444778
vt 0.5195306428925992 0.6601556106904503
vt 0.5195433037318796 0.6601547827098213
vt 0.5195425562427952 0.6601691002669848
vt 0.5195162891916284 0.6601894223159982
vt 0.5195040987248898 0.6601793237006901
vt 0.51950500252443 0.6601628098884473
vt 0.5195040987248898 0.6601793237006901
vt 0.5194969828290298 0.6601699489817761
vt 0.5194954214531797 0.6601553399534486
vt 0.5194934053734629 0.6601346033023762
vt 0.5195059425839617 0.6601449811208427
vt 0.51950500252443 0.6601628098884473
vt 0.5195059425839617 0.6601449811208427
vt 0.5195181794279429 0.6601527381042579
vt 0.5195172786705686 0.6601700134535897
vt 0.5197104669688186 0.6600826524274204
vt 0.5197045911404587 0.6600845873734555
vt 0.5197050837878817 0.6600649141115159
vt 0.5197045911404587 0.6600845873734555
vt 0.5196945876317717 0.6600878988055807
vt 0.5196974733278382 0.6600649209832606
vt 0.5196990316695119 0.6600536729720008
vt 0.5197053482575489 0.6600482482336869
vt 0.5197050837878817 0.6600649141115159
vt 0.5197053482575489 0.6600482482336869
vt 0.5197150896698834 0.6600479485762707
vt 0.5197123931435441 0.6600683072458103
vt 0.5196802562790774 0.6599253366703819
vt 0.5196666455745612 0.6599232224589803
vt 0.5196667874076479 0.6599062392885816
vt 0.5196666455745612 0.6599232224589803
vt 0.5196534135411416 0.659921899633133
vt 0.5196542126161633 0.6599086256296711
vt 0.5196548427993382 0.6598954077125484
vt 0.5196670318258427 0.6598912845275542
vt 0.5196667874076479 0.6599062392885816
vt 0.5196670318258427 0.6598912845275542
vt 0.5196739440674129 0.6598918848727946
vt 0.5196760847632341 0.6599027348623546
vt 0.5196534135411416 0.659921899633133
vt 0.519640481020191 0.6599207791964243
vt 0.5196416090350352 0.6599081562310687
vt 0.519640481020191 0.6599207791964243
vt 0.5196274344292654 0.6599194010218505
vt 0.5196324732204874 0.6599049658470714
vt 0.5196356493920467 0.6598954699151173
vt 0.5196426479391838 0.6598956287075644
vt 0.5196416090350352 0.6599081562310687
vt 0.5196426479391838 0.6598956287075644
vt 0.5196548427993382 0.6598954077125484
vt 0.5196542126161633 0.6599086256296711
vt 0.5198823185865608 0.6600611130104601
vt 0.5198717541036162 0.6600578524606933
vt 0.5198697748579191 0.6600435727063585
vt 0.5198717541036162 0.6600578524606933
vt 0.519865204747209 0.6600547755324684
vt 0.5198619554087823 0.6600431459231907
vt 0.5198566822396482 0.6600239749190646
vt 0.5198677671808368 0.6600292944589
vt 0.5198697748579191 0.6600435727063585
vt 0.5198677671808368 0.6600292944589
vt 0.5198750442455564 0.6600349657647646
vt 0.519877915997226 0.6600453247501519
vt 0.5197009259495001 0.6602024740023837
vt 0.5196927121462552 0.6602035534281969
vt 0.5196965192343054 0.6601908533324785
vt 0.5196927121462552 0.6602035534281969
vt 0.5196803913185706 0.6602032798574271
vt 0.5196852807467816 0.6601901533876638
vt 0.5196907254215725 0.6601817501052853
vt 0.5197003740120356 0.6601780226285965
vt 0.5196965192343054 0.6601908533324785
vt 0.5197003740120356 0.6601780226285965
vt 0.5197151570262627 0.6601753884937085
vt 0.5197065221531657 0.66019239251386
vt 0.5198836812964 0.660333375304021
vt 0.5198727583050337 0.6603340960323147
vt 0.5198728089588096 0.6603219562531127
vt 0.5198727583050337 0.6603340960323147
vt 0.5198634681297213 0.6603322677054366
vt 0.5198638347196152 0.6603204030607117
vt 0.5198640126331967 0.6603084943640091
vt 0.5198730202078918 0.6603090469436739
vt 0.5198728089588096 0.6603219562531127
vt 0.5198730202078918 0.6603090469436739
vt 0.5198789268661176 0.6603088616631
vt 0.5198808949453292 0.6603192188093547
vt 0.5198634681297213 0.6603322677054366
vt 0.5198555188627739 0.6603320566275993
vt 0.5198550062151233 0.660320024108561
vt 0.5198555188627739 0.6603320566275993
vt 0.5198455830627622 0.660332858333588
vt 0.5198456593382619 0.6603213583627874
vt 0.5198459457379891 0.6603075961179425
vt 0.5198549687922988 0.6603079799069831
vt 0.5198550062151233 0.660320024108561
vt 0.5198549687922988 0.6603079799069831
vt 0.5198640126331967 0.6603084943640091
vt 0.5198638347196152 0.6603204030607117
vt 0.5198455830627622 0.660332858333588
vt 0.5198368923790594 0.6603318948107215
vt 0.519837276835091 0.6603198165386595
vt 0.5198368923790594 0.6603318948107215
vt 0.5198274508501546 0.6603313620867279
vt 0.5198290397818369 0.6603170095147619
vt 0.5198309646801108 0.6603065591576749
vt 0.5198368582307353 0.6603069179478003
vt 0.519837276835091 0.6603198165386595
vt 0.5198368582307353 0.6603069179478003
vt 0.5198459457379891 0.6603075961179425
vt 0.5198456593382619 0.6603213583627874
vt 0.5199258432631864 0.6603141020066228
vt 0.5199146081933853 0.6603156531768418
vt 0.5199149168426327 0.6602960682613765
vt 0.5199146081933853 0.6603156531768418
vt 0.5199012062931918 0.660318116606619
vt 0.5199003107990505 0.6602907325258129
vt 0.5199022008673928 0.6602697166653564
vt 0.5199150618264036 0.6602792061302336
vt 0.5199149168426327 0.6602960682613765
vt 0.5199150618264036 0.6602792061302336
vt 0.5199234074982775 0.6602871719825846
vt 0.5199259062418974 0.6602986294239694
vt 0.5199012062931918 0.660318116606619
vt 0.5198864267663966 0.6603094998557721
vt 0.519889378635008 0.6602867445070014
vt 0.5198864267663966 0.6603094998557721
vt 0.5198733935910965 0.6603023636308525
vt 0.519874445681429 0.6602830444380843
vt 0.5198757803756289 0.6602639034391824
vt 0.5198886204595594 0.660266129178928
vt 0.519889378635008 0.6602867445070014
vt 0.5198886204595594 0.660266129178928
vt 0.5199022008673928 0.6602697166653564
vt 0.5199003107990505 0.6602907325258129
vt 0.5198733935910965 0.6603023636308525
vt 0.5198604520889499 0.6602995247081193
vt 0.519860012684144 0.6602795903423254
vt 0.5198604520889499 0.6602995247081193
vt 0.5198470341418775 0.6602979372376789
vt 0.5198500202846921 0.6602777060152396
vt 0.5198494811611784 0.6602601899118412
vt 0.5198628679784754 0.6602617990740026
vt 0.519860012684144 0.6602795903423254
vt 0.5198628679784754 0.6602617990740026
vt 0.5198757803756289 0.6602639034391824
vt 0.519874445681429 0.6602830444380843
vt 0.5198470341418775 0.6602979372376789
vt 0.5198337875712788 0.6602959078567596
vt 0.5198352257237847 0.6602770128850366
vt 0.5198337875712788 0.6602959078567596
vt 0.5198264146739059 0.6602904168267687
vt 0.5198249057099893 0.6602761084170886
vt 0.5198231847622821 0.6602549467200827
vt 0.5198365922134341 0.6602584960092732
vt 0.5198352257237847 0.6602770128850366
vt 0.5198365922134341 0.6602584960092732
vt 0.5198494811611784 0.6602601899118412
vt 0.5198500202846921 0.6602777060152396
vt 0.5196708307682657 0.659995308937478
vt 0.5196640934053943 0.6599969655301765
vt 0.5196685564658469 0.6599800057953793
vt 0.5196640934053943 0.6599969655301765
vt 0.5196548182619076 0.6599977804247354
vt 0.5196611853801686 0.6599776639792154
vt 0.5196654431868373 0.6599670061951168
vt 0.5196727335732353 0.6599639280404469
vt 0.5196685564658469 0.6599800057953793
vt 0.5196727335732353 0.6599639280404469
vt 0.5196827173153303 0.6599652459353818
vt 0.5196756198077309 0.6599832365038127
vt 0.5199156636721529 0.6599540857522671
vt 0.5199030982146703 0.6599534143600134
vt 0.5199032241383607 0.6599347324135012
vt 0.5199030982146703 0.6599534143600134
vt 0.5198903364549363 0.6599540487617634
vt 0.5198900387789018 0.6599375482768296
vt 0.5198913752238483 0.6599216871980316
vt 0.5199041011842942 0.6599189263990424
vt 0.5199032241383607 0.6599347324135012
vt 0.5199041011842942 0.6599189263990424
vt 0.5199112849124538 0.6599207010459229
vt 0.5199130184056919 0.6599324886114658
vt 0.519513235954146 0.6600770102143204
vt 0.5195041112760482 0.6600752989176246
vt 0.51950396434718 0.660061734697289
vt 0.5195041112760482 0.6600752989176246
vt 0.5194953968480466 0.6600792883249704
vt 0.5194964441395375 0.6600606371610995
vt 0.5194978350386511 0.6600505856781935
vt 0.5195037579058647 0.6600481626346881
vt 0.51950396434718 0.660061734697289
vt 0.5195037579058647 0.6600481626346881
vt 0.5195129684824488 0.6600439417919772
vt 0.5195131997356665 0.6600628185439896
vt 0.5198584426212463 0.6600766899373081
vt 0.5198458273797418 0.6600757797439412
vt 0.5198468552617069 0.660057101803531
vt 0.5198458273797418 0.6600757797439412
vt 0.5198361334674076 0.6600746151166275
vt 0.5198373087519744 0.6600557826083744
vt 0.519840087777177 0.6600460885627721
vt 0.519847625664424 0.6600439429460419
vt 0.5198468552617069 0.660057101803531
vt 0.519847625664424 0.6600439429460419
vt 0.5198548153148947 0.6600478218975934
vt 0.5198564391908327 0.6600580419677661
vt 0.5198235321105095 0.6603163799513296
vt 0.5198159477705337 0.6603155301323129
vt 0.519816770337508 0.6602967494484502
vt 0.5198159477705337 0.6603155301323129
vt 0.5198067673930082 0.6603144084980996
vt 0.5198077599184927 0.6602958109771728
vt 0.5198082892295197 0.6602789363557309
vt 0.5198176423032155 0.6602831039163735
vt 0.519816770337508 0.6602967494484502
vt 0.5198176423032155 0.6602831039163735
vt 0.519823648339862 0.6602866132380734
vt 0.5198243588560465 0.6602972317422484
vt 0.5198067673930082 0.6603144084980996
vt 0.5197958542426063 0.6603122016535703
vt 0.5197965972328821 0.6602959223242689
vt 0.5197958542426063 0.6603122016535703
vt 0.519787600243394 0.6603117161093919
vt 0.5197886510977092 0.6602965009102733
vt 0.5197883995012919 0.6602777842037267
vt 0.5197982861456143 0.6602790665794304
vt 0.5197965972328821 0.6602959223242689
vt 0.5197982861456143 0.6602790665794304
vt 0.5198082892295197 0.6602789363557309
vt 0.5198077599184927 0.6602958109771728
vt 0.519787600243394 0.6603117161093919
vt 0.5197764129464215 0.6603124464258503
vt 0.5197770821861485 0.6602978516960578
vt 0.5197764129464215 0.6603124464258503
vt 0.5197687341889924 0.6603127087068444
vt 0.5197691285825949 0.6603013932966415
vt 0.5197697854771712 0.6602940931670884
vt 0.5197765757220029 0.6602881479529956
vt 0.5197770821861485 0.6602978516960578
vt 0.5197765757220029 0.6602881479529956
vt 0.5197883995012919 0.6602777842037267
vt 0.5197886510977092 0.6602965009102733
vt 0.5199268978027988 0.6602367851387343
vt 0.5199173574971365 0.66023572975736
vt 0.5199178018279178 0.6602267655940899
vt 0.5199173574971365 0.66023572975736
vt 0.5199077646883898 0.6602350147683345
vt 0.5199085411149628 0.6602246376425508
vt 0.5199112286115816 0.6602179276295101
vt 0.5199181492713494 0.6602195684313908
vt 0.5199178018279178 0.6602267655940899
vt 0.5199181492713494 0.6602195684313908
vt 0.5199251438674396 0.660219082239472
vt 0.5199271681376643 0.6602258671480624
vt 0.5195485092529651 0.6600849940901019
vt 0.5195409823032977 0.6600876940865867
vt 0.5195407426670157 0.6600724459238565
vt 0.5195409823032977 0.6600876940865867
vt 0.5195317238774365 0.660090612197485
vt 0.5195316422710126 0.6600691645885008
vt 0.5195317294769585 0.6600471628452446
vt 0.5195411352856356 0.6600610142887641
vt 0.5195407426670157 0.6600724459238565
vt 0.5195411352856356 0.6600610142887641
vt 0.5195474544129066 0.6600669671071089
vt 0.5195482393561527 0.6600744607856617
vt 0.5195317238774365 0.660090612197485
vt 0.519522381916324 0.66008153775243
vt 0.5195224352118887 0.6600656169681558
vt 0.519522381916324 0.66008153775243
vt 0.519513235954146 0.6600770102143204
vt 0.5195131997356665 0.6600628185439896
vt 0.5195129684824488 0.6600439417919772
vt 0.5195223492222563 0.6600444302146062
vt 0.5195224352118887 0.6600656169681558
vt 0.5195223492222563 0.6600444302146062
vt 0.5195317294769585 0.6600471628452446
vt 0.5195316422710126 0.6600691645885008
vt 0.5197042529159042 0.6601213274639126
vt 0.5196924973763394 0.6601194227151155
vt 0.519691800407604 0.66010639678051
vt 0.5196924973763394 0.6601194227151155
vt 0.5196804254249602 0.6601215526149324
vt 0.5196822796303129 0.6601100460395823
vt 0.5196841643742747 0.6601015617999916
vt 0.5196912534487551 0.660094345170858
vt 0.519691800407604 0.66010639678051
vt 0.5196912534487551 0.660094345170858
vt 0.5196980602125598 0.6600920530096581
vt 0.5197009914120658 0.660101004144833
vt 0.5198082892295197 0.6602789363557309
vt 0.5197982861456143 0.6602790665794304
vt 0.5197992761973309 0.6602671406552345
vt 0.5197982861456143 0.6602790665794304
vt 0.5197883995012919 0.6602777842037267
vt 0.5197919911303034 0.6602640432319136
vt 0.5197941937243705 0.6602548803994015
vt 0.5197999437275512 0.6602562198181889
vt 0.5197992761973309 0.6602671406552345
vt 0.5197999437275512 0.6602562198181889
vt 0.5198057802406083 0.6602562651422017
vt 0.5198068669114523 0.660265835996436
vt 0.5199306293055784 0.6601952911794199
vt 0.5199193785119601 0.6601916775535195
vt 0.5199202806675722 0.660176251711958
vt 0.5199193785119601 0.6601916775535195
vt 0.5199080822612692 0.6601923938864629
vt 0.5199110940504817 0.6601700378573135
vt 0.5199140561708014 0.6601612204741734
vt 0.5199209764130196 0.66016419606416
vt 0.5199202806675722 0.660176251711958
vt 0.5199209764130196 0.66016419606416
vt 0.5199281342116635 0.660172350819341
vt 0.5199298116017287 0.6601813533699283
vt 0.5195317294769585 0.6600471628452446
vt 0.5195223492222563 0.6600444302146062
vt 0.5195223806521646 0.6600229706807721
vt 0.5195223492222563 0.6600444302146062
vt 0.5195129684824488 0.6600439417919772
vt 0.5195149160531679 0.6600238096091281
vt 0.519515992810723 0.6600142279512995
vt 0.5195223998375872 0.6600092223770575
vt 0.5195223806521646 0.6600229706807721
vt 0.5195223998375872 0.6600092223770575
vt 0.5195287914711018 0.6600148610563867
vt 0.5195298419518825 0.660024547962401
vt 0.5197044203083838 0.6601722269506825
vt 0.5196916347845101 0.6601714382800277
vt 0.5196920227868661 0.6601548935290851
vt 0.5196916347845101 0.6601714382800277
vt 0.5196787844949824 0.6601717779567098
vt 0.5196821209087779 0.6601576872282199
vt 0.5196846763359649 0.6601470638987461
vt 0.5196925470889577 0.6601402379908545
vt 0.5196920227868661 0.6601548935290851
vt 0.5196925470889577 0.6601402379908545
vt 0.519699790170656 0.6601401769903292
vt 0.5197016007552502 0.6601513456198118
vt 0.5196787844949824 0.6601717779567098
vt 0.5196702805143543 0.6601657761035461
vt 0.5196745574829041 0.660156018199577
vt 0.5196606447354343 0.6600765496456834
vt 0.5196516658454322 0.6600805609320595
vt 0.5196495306147678 0.6600662566243399
vt 0.5196478657032703 0.6600552151075638
vt 0.5196531585860892 0.6600529850152128
vt 0.5196571763505488 0.6600660509783374
vt 0.5196796049340868 0.6601438271192408
vt 0.5196846763359649 0.6601470638987461
vt 0.5196821209087779 0.6601576872282199
vt 0.5196516658454322 0.6600805609320595
vt 0.5196389772499583 0.6600769376373279
vt 0.519639916902688 0.6600615511617312
vt 0.5196389772499583 0.6600769376373279
vt 0.51962622224029 0.6600753707095504
vt 0.519630699618201 0.6600561284649569
vt 0.5196334697352278 0.6600454032668207
vt 0.5196406403394629 0.6600469033542951
vt 0.519639916902688 0.6600615511617312
vt 0.5196406403394629 0.6600469033542951
vt 0.5196478657032703 0.6600552151075638
vt 0.5196495306147678 0.6600662566243399
vt 0.51962622224029 0.6600753707095504
vt 0.5196176548796213 0.6600692533431922
vt 0.5196239428463623 0.660052020372379
vt 0.5197133060773954 0.6601669981176146
vt 0.5197044203083838 0.6601722269506825
vt 0.5197016007552502 0.6601513456198118
vt 0.519699790170656 0.6601401769903292
vt 0.5197041915336907 0.66013299902616
vt 0.5197086515121055 0.6601486448887532
vt 0.519629735633313 0.6600374050106877
vt 0.5196334697352278 0.6600454032668207
vt 0.519630699618201 0.6600561284649569
vt 0.5197494975101548 0.6600586303702246
vt 0.5197365626281258 0.660056685810038
vt 0.5197374620882164 0.6600414799787697
vt 0.5197365626281258 0.660056685810038
vt 0.5197232051022604 0.6600583619607739
vt 0.5197279570679056 0.6600409741017761
vt 0.5197303778333666 0.6600333610277616
vt 0.5197380961264438 0.66003018561718
vt 0.5197374620882164 0.6600414799787697
vt 0.5197380961264438 0.66003018561718
vt 0.5197453687609733 0.6600350817616197
vt 0.5197469388479173 0.6600432015313151
vt 0.5197232051022604 0.6600583619607739
vt 0.5197154839424134 0.6600495867086364
vt 0.5197200599666691 0.6600402690529819
vt 0.5196135493305337 0.6599681021068113
vt 0.519605410387773 0.6599740323991552
vt 0.5196028373465333 0.6599636014866355
vt 0.5196008437057107 0.6599557365218238
vt 0.5196047582064603 0.6599486767600383
vt 0.5196091032559176 0.6599584136480194
vt 0.519724921939858 0.6600311569430795
vt 0.5197303778333666 0.6600333610277616
vt 0.5197279570679056 0.6600409741017761
vt 0.519605410387773 0.6599740323991552
vt 0.5195926648504904 0.6599731673680613
vt 0.5195931479486824 0.6599641589531753
vt 0.5195926648504904 0.6599731673680613
vt 0.5195799796278412 0.6599711769700367
vt 0.519583635026441 0.6599614454022683
vt 0.5195864422378128 0.6599541194891088
vt 0.5195936522250392 0.6599547556254162
vt 0.5195931479486824 0.6599641589531753
vt 0.5195936522250392 0.6599547556254162
vt 0.5196008437057107 0.6599557365218238
vt 0.5196028373465333 0.6599636014866355
vt 0.5195799796278412 0.6599711769700367
vt 0.5195725703244704 0.659963500881859
vt 0.5195779961445112 0.6599549208640076
vt 0.5197584522084865 0.6600544112926614
vt 0.5197494975101548 0.6600586303702246
vt 0.5197469388479173 0.6600432015313151
vt 0.5197453687609733 0.6600350817616197
vt 0.5197510049737157 0.660034112567772
vt 0.5197548958522511 0.6600442262075915
vt 0.5195833283470618 0.6599462705620052
vt 0.5195864422378128 0.6599541194891088
vt 0.519583635026441 0.6599614454022683
vt 0.5198357267730696 0.6599903813940378
vt 0.5198228701316505 0.6599887339231256
vt 0.5198233612593797 0.6599831578651629
vt 0.5198228701316505 0.6599887339231256
vt 0.519810309647507 0.659985784850839
vt 0.5198142993820645 0.6599793675187198
vt 0.5198168728071589 0.6599754632679135
vt 0.5198237654091075 0.6599775872594984
vt 0.5198233612593797 0.6599831578651629
vt 0.5198237654091075 0.6599775872594984
vt 0.5198313488695201 0.6599799798585964
vt 0.519833368221477 0.6599845814749392
vt 0.519810309647507 0.659985784850839
vt 0.5198038569574097 0.659977453188833
vt 0.5198092806912549 0.6599733017088111
vt 0.519644745149606 0.6601830113604387
vt 0.5196525716928668 0.6601764805113569
vt 0.5196553011121471 0.6601852331920093
vt 0.5196570894768414 0.6601895920594134
vt 0.5196526927030793 0.6601940404868297
vt 0.5196488371860426 0.6601891342535522
vt 0.5198139165770771 0.6599697427023838
vt 0.5198168728071589 0.6599754632679135
vt 0.5198142993820645 0.6599793675187198
vt 0.5196525716928668 0.6601764805113569
vt 0.5196654105688004 0.6601777310561485
vt 0.5196648858206415 0.6601841834702018
vt 0.5196654105688004 0.6601777310561485
vt 0.5196781070487495 0.6601806883790414
vt 0.5196746585091282 0.6601847868030556
vt 0.5196719917335983 0.6601883864480601
vt 0.519664405314243 0.660189331793751
vt 0.5196648858206415 0.6601841834702018
vt 0.519664405314243 0.660189331793751
vt 0.5196570894768414 0.6601895920594134
vt 0.5196553011121471 0.6601852331920093
vt 0.5196781070487495 0.6601806883790414
vt 0.5196845246169781 0.6601889270088562
vt 0.5196804676066382 0.6601903225783148
vt 0.5198427854617577 0.6599832422230067
vt 0.5198357267730696 0.6599903813940378
vt 0.519833368221477 0.6599845814749392
vt 0.5198313488695201 0.6599799798585964
vt 0.5198359696870224 0.6599760734036095
vt 0.5198396743275118 0.6599798915681374
vt 0.5196759764382496 0.6601925600693455
vt 0.5196719917335983 0.6601883864480601
vt 0.5196746585091282 0.6601847868030556
vt 0.5196379999786169 0.6601238277085519
vt 0.51965166733324 0.6601193877129818
vt 0.5196513488484809 0.6601253265529361
vt 0.51965166733324 0.6601193877129818
vt 0.5196625626994396 0.6601265856720753
vt 0.5196610427123751 0.660132389014495
vt 0.5196581993385064 0.6601367171081567
vt 0.5196510303951652 0.6601312648065601
vt 0.5196513488484809 0.6601253265529361
vt 0.5196510303951652 0.6601312648065601
vt 0.519643366501378 0.660135051640229
vt 0.5196410186133743 0.6601301406587435
vt 0.5196637209786531 0.6603342612439778
vt 0.5196546619742094 0.6603312054589832
vt 0.5196562651323788 0.6603132847460571
vt 0.5196546619742094 0.6603312054589832
vt 0.5196471473144746 0.6603296251352617
vt 0.5196491408633376 0.660310481373333
vt 0.5196518508410799 0.6602979440361157
vt 0.5196578279573896 0.6602975527832793
vt 0.5196562651323788 0.6603132847460571
vt 0.5196578279573896 0.6602975527832793
vt 0.5196635368349389 0.6602998884206058
vt 0.5196637209786531 0.6603129083474224
vt 0.519939520899017 0.6599627754171411
vt 0.5199297735559762 0.6599610305218274
vt 0.5199302927133193 0.6599385581231304
vt 0.5199297735559762 0.6599610305218274
vt 0.5199170261750868 0.6599596507876077
vt 0.5199207610016578 0.6599336403750589
vt 0.5199234461511935 0.6599207480835982
vt 0.5199307189092345 0.6599212810819999
vt 0.5199302927133193 0.6599385581231304
vt 0.5199307189092345 0.6599212810819999
vt 0.5199381388156072 0.6599301361747936
vt 0.5199399422910471 0.6599431234508806
vt 0.5195267046080929 0.6599145224703431
vt 0.5195172464052216 0.659910388800073
vt 0.5195186985382299 0.6598867038814051
vt 0.5195172464052216 0.659910388800073
vt 0.5195061346877405 0.6599114065675487
vt 0.519511606721057 0.6598864385280659
vt 0.5195136697000675 0.6598745510252046
vt 0.5195197464648674 0.6598694380176011
vt 0.5195186985382299 0.6598867038814051
vt 0.5195197464648674 0.6598694380176011
vt 0.519525118314453 0.6598759325924666
vt 0.5195257199204293 0.6598881426990403
vt 0.519927573150159 0.6600745620098698
vt 0.519928306091766 0.6600643171047631
vt 0.5199384974160671 0.6600656254916312
vt 0.5199272162746511 0.6600837311187391
vt 0.519927573150159 0.6600745620098698
vt 0.5199373620822815 0.6600755310516349
vt 0.519927573150159 0.6600745620098698
vt 0.5199272162746511 0.6600837311187391
vt 0.5199146183314631 0.6600867289642207
vt 0.519928306091766 0.6600643171047631
vt 0.519927573150159 0.6600745620098698
vt 0.51991492249618 0.6600756389935751
vt 0.5199021110911124 0.6600754029083519
vt 0.5199029846381882 0.6600629552855477
vt 0.5199160891367869 0.6600638325246839
vt 0.5199018040148139 0.6600869660135598
vt 0.5199021110911124 0.6600754029083519
vt 0.51991492249618 0.6600756389935751
vt 0.5199021110911124 0.6600754029083519
vt 0.5199018040148139 0.6600869660135598
vt 0.5198891464130686 0.6600858577075581
vt 0.5199029846381882 0.6600629552855477
vt 0.5199021110911124 0.6600754029083519
vt 0.5198894062914671 0.6600744662610475
vt 0.5198768342398785 0.6600736382675452
vt 0.5198769256282763 0.6600626345721516
vt 0.5198896770951494 0.6600611247428997
vt 0.5198767796416793 0.6600848441690403
vt 0.5198768342398785 0.6600736382675452
vt 0.5198894062914671 0.6600744662610475
vt 0.5198768342398785 0.6600736382675452
vt 0.5198767796416793 0.6600848441690403
vt 0.519869718255258 0.6600833528056504
vt 0.5198769256282763 0.6600626345721516
vt 0.5198768342398785 0.6600736382675452
vt 0.5198672466467495 0.6600751810445686
vt 0.5196151282541069 0.6599147331008204
vt 0.5196155939211657 0.6599047125137114
vt 0.5196256218566552 0.6599055853267763
vt 0.5196146072936745 0.6599248272089494
vt 0.5196151282541069 0.6599147331008204
vt 0.5196249567168711 0.659915753475106
vt 0.5196151282541069 0.6599147331008204
vt 0.5196146072936745 0.6599248272089494
vt 0.5196019490077296 0.6599233519917858
vt 0.5196155939211657 0.6599047125137114
vt 0.5196151282541069 0.6599147331008204
vt 0.5196025606680794 0.6599133032233643
vt 0.5195900125972719 0.6599117290747263
vt 0.5195907123064702 0.659901794499674
vt 0.5196031585572193 0.6599033314584537
vt 0.5195893233392047 0.6599217479936094
vt 0.5195900125972719 0.6599117290747263
vt 0.5196025606680794 0.6599133032233643
vt 0.5195900125972719 0.6599117290747263
vt 0.5195893233392047 0.6599217479936094
vt 0.5195767025543887 0.6599209907185528
vt 0.5195907123064702 0.659901794499674
vt 0.5195900125972719 0.6599117290747263
vt 0.519579967183902 0.6599103632402099
vt 0.5196310635485744 0.6603543192895089
vt 0.5196327624699639 0.660346666199682
vt 0.5196437460054241 0.6603487678709343
vt 0.5196293235578712 0.6603624388896725
vt 0.5196310635485744 0.6603543192895089
vt 0.519640389831229 0.6603586971552597
vt 0.5196310635485744 0.6603543192895089
vt 0.5196293235578712 0.6603624388896725
vt 0.5196171089023808 0.6603593669080989
vt 0.5196327624699639 0.660346666199682
vt 0.5196310635485744 0.6603543192895089
vt 0.5196188626168238 0.6603513707337434
vt 0.5196057482358235 0.6603495103063278
vt 0.5196069645355638 0.6603417168872219
vt 0.5196202341293256 0.6603437863487145
vt 0.51960440034329 0.6603574032058748
vt 0.5196057482358235 0.6603495103063278
vt 0.5196188626168238 0.6603513707337434
vt 0.5196057482358235 0.6603495103063278
vt 0.51960440034329 0.6603574032058748
vt 0.5195961583574781 0.6603550567811938
vt 0.5196069645355638 0.6603417168872219
vt 0.5196057482358235 0.6603495103063278
vt 0.5195942217548988 0.660348922167177
vt 0.5197495584429159 0.660096518082532
vt 0.5197498897360752 0.660088494618885
vt 0.5197571369600136 0.6600910803556341
vt 0.5197494890918358 0.6601065222560437
vt 0.5197495584429159 0.660096518082532
vt 0.5197594213515174 0.6600974649740887
vt 0.5197495584429159 0.660096518082532
vt 0.5197494890918358 0.6601065222560437
vt 0.5197362275496421 0.6601049113321558
vt 0.5197498897360752 0.660088494618885
vt 0.5197495584429159 0.660096518082532
vt 0.5197367528278476 0.6600948271072834
vt 0.5197240485496961 0.6600933021915211
vt 0.5197247025686522 0.6600833015733113
vt 0.5197373866549567 0.6600845347379376
vt 0.5197234167941294 0.6601033463441588
vt 0.5197240485496961 0.6600933021915211
vt 0.5197367528278476 0.6600948271072834
vt 0.5197240485496961 0.6600933021915211
vt 0.5197234167941294 0.6601033463441588
vt 0.519710776076017 0.6601023125850638
vt 0.5197247025686522 0.6600833015733113
vt 0.5197240485496961 0.6600933021915211
vt 0.5197142324195446 0.6600920816465876
vt 0.5197579805204655 0.6601877224808461
vt 0.519759506729383 0.6601730523045792
vt 0.5197702340198794 0.6601778868922491
vt 0.5197566867465278 0.6601984675346015
vt 0.5197579805204655 0.6601877224808461
vt 0.5197672636787577 0.6601916770966647
vt 0.5197579805204655 0.6601877224808461
vt 0.5197566867465278 0.6601984675346015
vt 0.5197445262911915 0.6601965601054116
vt 0.519759506729383 0.6601730523045792
vt 0.5197579805204655 0.6601877224808461
vt 0.5197454853003053 0.6601856713868202
vt 0.5197331297053659 0.6601840004648198
vt 0.5197335195305299 0.6601755441074458
vt 0.5197461935036233 0.6601771453106545
vt 0.5197323683258084 0.6601946259991679
vt 0.5197331297053659 0.6601840004648198
vt 0.5197454853003053 0.6601856713868202
vt 0.5197331297053659 0.6601840004648198
vt 0.5197323683258084 0.6601946259991679
vt 0.5197254454144417 0.6601927675414985
vt 0.5197335195305299 0.6601755441074458
vt 0.5197331297053659 0.6601840004648198
vt 0.5197233988162259 0.6601846429314332
vt 0.5196547806308294 0.6602067128048827
vt 0.5196555582013588 0.6601984095609716
vt 0.5196630782973962 0.6602003274431603
vt 0.5196543071774313 0.6602166288202198
vt 0.5196547806308294 0.6602067128048827
vt 0.5196644519365639 0.6602075004699922
vt 0.5196547806308294 0.6602067128048827
vt 0.5196543071774313 0.6602166288202198
vt 0.5196417668088987 0.6602151105900732
vt 0.5196555582013588 0.6601984095609716
vt 0.5196547806308294 0.6602067128048827
vt 0.5196423440581759 0.6602050650165565
vt 0.519629741825221 0.6602036423972233
vt 0.5196302640205941 0.6601936357467948
vt 0.5196430380396769 0.6601947383865185
vt 0.519629191115329 0.6602136721930797
vt 0.519629741825221 0.6602036423972233
vt 0.5196423440581759 0.6602050650165565
vt 0.519629741825221 0.6602036423972233
vt 0.519629191115329 0.6602136721930797
vt 0.5196166317879387 0.6602122379735023
vt 0.5196302640205941 0.6601936357467948
vt 0.519629741825221 0.6602036423972233
vt 0.5196171852554344 0.6602022166863395
vt 0.5199303435440299 0.6600545421332832
vt 0.5199326471619862 0.6600448029068333
vt 0.5199406490337747 0.6600458490387273
vt 0.519928306091766 0.6600643171047631
vt 0.5199303435440299 0.6600545421332832
vt 0.5199396889509597 0.6600557496791577
vt 0.5199303435440299 0.6600545421332832
vt 0.519928306091766 0.6600643171047631
vt 0.5199160891367869 0.6600638325246839
vt 0.5199326471619862 0.6600448029068333
vt 0.5199303435440299 0.6600545421332832
vt 0.5199190574095658 0.6600536827276253
vt 0.5199051784272753 0.6600526693134894
vt 0.5199066094084422 0.6600445947268005
vt 0.5199226743139318 0.6600437710198306
vt 0.5199029846381882 0.6600629552855477
vt 0.5199051784272753 0.6600526693134894
vt 0.5199190574095658 0.6600536827276253
vt 0.5199051784272753 0.6600526693134894
vt 0.5199029846381882 0.6600629552855477
vt 0.5198896770951494 0.6600611247428997
vt 0.5199066094084422 0.6600445947268005
vt 0.5199051784272753 0.6600526693134894
vt 0.5198936994829539 0.6600509854976391
vt 0.5197589793425398 0.6599343352725342
vt 0.5197590361447255 0.6599214021919317
vt 0.5197716245661795 0.6599232316799895
vt 0.5197589273693566 0.6599464896107821
vt 0.5197589793425398 0.6599343352725342
vt 0.5197684685931041 0.6599365223102827
vt 0.5197589793425398 0.6599343352725342
vt 0.5197589273693566 0.6599464896107821
vt 0.5197518254127861 0.6599442283872049
vt 0.5197590361447255 0.6599214021919317
vt 0.5197589793425398 0.6599343352725342
vt 0.5197494758311761 0.6599355171366276
vt 0.5196160047350672 0.6598948767644317
vt 0.5196168268211007 0.6598866517598632
vt 0.51962451104213 0.6598884825836686
vt 0.5196155939211657 0.6599047125137114
vt 0.5196160047350672 0.6598948767644317
vt 0.519625915506358 0.6598953801265137
vt 0.5196160047350672 0.6598948767644317
vt 0.5196155939211657 0.6599047125137114
vt 0.5196031585572193 0.6599033314584537
vt 0.5196168268211007 0.6598866517598632
vt 0.5196160047350672 0.6598948767644317
vt 0.5196037482805338 0.6598933927722992
vt 0.5195915120473521 0.6598920704113562
vt 0.5195916477709902 0.6598836921696349
vt 0.51960423826536 0.6598849546804435
vt 0.5195907123064702 0.659901794499674
vt 0.5195915120473521 0.6598920704113562
vt 0.5196037482805338 0.6598933927722992
vt 0.5195915120473521 0.6598920704113562
vt 0.5195907123064702 0.659901794499674
vt 0.5195807275022757 0.6599003370424263
vt 0.5195916477709902 0.6598836921696349
vt 0.5195915120473521 0.6598920704113562
vt 0.5195816137263246 0.6598903167432588
vt 0.5198764215945886 0.6599614775534635
vt 0.519877268459912 0.6599504953928546
vt 0.5198903364549363 0.6599540487617634
vt 0.5198759085661907 0.6599719721631496
vt 0.5198764215945886 0.6599614775534635
vt 0.5198860336477034 0.6599631709030089
vt 0.5198764215945886 0.6599614775534635
vt 0.5198759085661907 0.6599719721631496
vt 0.519862611101539 0.6599742140883087
vt 0.519877268459912 0.6599504953928546
vt 0.5198764215945886 0.6599614775534635
vt 0.519862395047037 0.6599657904691165
vt 0.5198503966933732 0.6599655003729914
vt 0.5198513324163616 0.6599479617231493
vt 0.5198641143210304 0.6599493066979124
vt 0.5198499486471415 0.659974343984129
vt 0.5198503966933732 0.6599655003729914
vt 0.519862395047037 0.6599657904691165
vt 0.5198503966933732 0.6599655003729914
vt 0.5198499486471415 0.659974343984129
vt 0.5198373032114975 0.6599728491124799
vt 0.5198513324163616 0.6599479617231493
vt 0.5198503966933732 0.6599655003729914
vt 0.5198378611504673 0.6599598808527019
vt 0.5198250145911539 0.6599585743718785
vt 0.5198255178315058 0.6599448499429246
vt 0.5198385342129553 0.6599465915598415
vt 0.5198245794197268 0.659970889559175
vt 0.5198250145911539 0.6599585743718785
vt 0.5198378611504673 0.6599598808527019
vt 0.5198250145911539 0.6599585743718785
vt 0.5198245794197268 0.659970889559175
vt 0.5198174593375288 0.6599686368785749
vt 0.5198255178315058 0.6599448499429246
vt 0.5198250145911539 0.6599585743718785
vt 0.519815143859796 0.6599600584008041
vt 0.5197251159697056 0.6600736372134361
vt 0.519725595332967 0.660065516709322
vt 0.5197333611260994 0.6600671234810074
vt 0.5197247025686522 0.6600833015733113
vt 0.5197251159697056 0.6600736372134361
vt 0.519734879847201 0.6600740760672597
vt 0.5197251159697056 0.6600736372134361
vt 0.5197247025686522 0.6600833015733113
vt 0.5197146641248289 0.6600819564389808
vt 0.519725595332967 0.660065516709322
vt 0.5197251159697056 0.6600736372134361
vt 0.5197154762813808 0.6600717708220871
vt 0.5195981172916 0.6601140992510486
vt 0.5195896777325494 0.6601114863024085
vt 0.5195917386491977 0.6601010143121888
vt 0.5196094609884789 0.6601141845966834
vt 0.5195981172916 0.6601140992510486
vt 0.5196007525456159 0.6601032944580503
vt 0.5195981172916 0.6601140992510486
vt 0.5196094609884789 0.6601141845966834
vt 0.5196113210911397 0.6601283109207607
vt 0.5195896777325494 0.6601114863024085
vt 0.5195981172916 0.6601140992510486
vt 0.5195975133612518 0.6601262390389664
vt 0.5195967680493269 0.6601398976123241
vt 0.5195875066975354 0.6601387786243452
vt 0.51958838227262 0.6601250262805343
vt 0.5196111262936872 0.6601419814836927
vt 0.5195967680493269 0.6601398976123241
vt 0.5195975133612518 0.6601262390389664
vt 0.5195967680493269 0.6601398976123241
vt 0.5196111262936872 0.6601419814836927
vt 0.5196090937230268 0.660155337909665
vt 0.5195875066975354 0.6601387786243452
vt 0.5195967680493269 0.6601398976123241
vt 0.5195956970482151 0.6601532436206896
vt 0.5195966056760043 0.6601671717020579
vt 0.5195868304227093 0.6601663764748197
vt 0.5195867942828857 0.6601524227237829
vt 0.5196052511451268 0.6601687389629578
vt 0.5195966056760043 0.6601671717020579
vt 0.5195956970482151 0.6601532436206896
vt 0.5195966056760043 0.6601671717020579
vt 0.5196052511451268 0.6601687389629578
vt 0.5196031817771859 0.6601761758397082
vt 0.5195868304227093 0.6601663764748197
vt 0.5195966056760043 0.6601671717020579
vt 0.5195964941979071 0.6601777916788474
vt 0.519630584749683 0.6601837535668138
vt 0.51963137517974 0.6601754998011214
vt 0.51963909533952 0.6601773294104596
vt 0.5196302640205941 0.6601936357467948
vt 0.519630584749683 0.6601837535668138
vt 0.5196405041263696 0.6601842561648732
vt 0.519630584749683 0.6601837535668138
vt 0.5196302640205941 0.6601936357467948
vt 0.5196177360991515 0.6601922044833568
vt 0.51963137517974 0.6601754998011214
vt 0.519630584749683 0.6601837535668138
vt 0.5196182840923355 0.6601822253464218
vt 0.519933839358885 0.6600348146429414
vt 0.5199327087236872 0.6600266223900972
vt 0.5199405762301488 0.6600251653635704
vt 0.5199326471619862 0.6600448029068333
vt 0.519933839358885 0.6600348146429414
vt 0.5199411072148705 0.660035868606391
vt 0.519933839358885 0.6600348146429414
vt 0.5199326471619862 0.6600448029068333
vt 0.5199226743139318 0.6600437710198306
vt 0.5199327087236872 0.6600266223900972
vt 0.519933839358885 0.6600348146429414
vt 0.5199265376002477 0.6600340240796922
vt 0.5197853807125311 0.6599155694144324
vt 0.5197847554618855 0.6599054568321598
vt 0.519799658069772 0.6599096427438722
vt 0.5197855701745479 0.6599238705223243
vt 0.5197853807125311 0.6599155694144324
vt 0.5197976393079873 0.6599197679300595
vt 0.5197853807125311 0.6599155694144324
vt 0.5197855701745479 0.6599238705223243
vt 0.5197716245661795 0.6599232316799895
vt 0.5197847554618855 0.6599054568321598
vt 0.5197853807125311 0.6599155694144324
vt 0.5197719885886108 0.6599125422016254
vt 0.5197592115536991 0.6599110970451136
vt 0.519759151357958 0.659901513112047
vt 0.5197717684456269 0.6599027879679398
vt 0.5197590361447255 0.6599214021919317
vt 0.5197592115536991 0.6599110970451136
vt 0.5197719885886108 0.6599125422016254
vt 0.5197592115536991 0.6599110970451136
vt 0.5197590361447255 0.6599214021919317
vt 0.5197465937052467 0.6599212907447602
vt 0.519759151357958 0.659901513112047
vt 0.5197592115536991 0.6599110970451136
vt 0.5197466408673297 0.6599104531824384
vt 0.5197342315110175 0.6599098145556799
vt 0.5197340930440135 0.6599003730350677
vt 0.5197466252625275 0.6599009457472644
vt 0.519734045929645 0.6599182141755442
vt 0.5197342315110175 0.6599098145556799
vt 0.5197466408673297 0.6599104531824384
vt 0.5197342315110175 0.6599098145556799
vt 0.519734045929645 0.6599182141755442
vt 0.519720828832709 0.659915715212718
vt 0.5197340930440135 0.6599003730350677
vt 0.5197342315110175 0.6599098145556799
vt 0.5197239150541039 0.6599061998021509
vt 0.5195252882704421 0.660337079161502
vt 0.5195245197841003 0.6603261254091215
vt 0.5195380269654779 0.6603274949375328
vt 0.5195262118543724 0.6603479946654427
vt 0.5195252882704421 0.660337079161502
vt 0.519535150416698 0.6603380898198761
vt 0.5195252882704421 0.660337079161502
vt 0.5195262118543724 0.6603479946654427
vt 0.5195132897408223 0.6603517993377295
vt 0.5195245197841003 0.6603261254091215
vt 0.5195252882704421 0.660337079161502
vt 0.519512358563087 0.6603393688186789
vt 0.5194993779811328 0.6603409501903399
vt 0.5194981344492624 0.6603275991988903
vt 0.5195108580846896 0.6603250812990642
vt 0.5195004618098169 0.6603536468885859
vt 0.5194993779811328 0.6603409501903399
vt 0.519512358563087 0.6603393688186789
vt 0.5194993779811328 0.6603409501903399
vt 0.5195004618098169 0.6603536468885859
vt 0.5194876065608824 0.6603543686510174
vt 0.5194981344492624 0.6603275991988903
vt 0.5194993779811328 0.6603409501903399
vt 0.5194865209877468 0.6603417239005813
vt 0.5196991272815653 0.6602978074670123
vt 0.5196987429404546 0.6603097838240575
vt 0.5196855982323854 0.6603095167638854
vt 0.5196994129628542 0.6602856653510716
vt 0.5196991272815653 0.6602978074670123
vt 0.5196867257538454 0.6602965239988137
vt 0.5196991272815653 0.6602978074670123
vt 0.5196994129628542 0.6602856653510716
vt 0.5197117102014109 0.6602863992154959
vt 0.5196987429404546 0.6603097838240575
vt 0.5196991272815653 0.6602978074670123
vt 0.5197117030988267 0.6602985749507284
vt 0.5197241532998707 0.6602990107293065
vt 0.5197243154915083 0.6603114322354122
vt 0.5197118529952452 0.6603120041509107
vt 0.519724044070004 0.660286898672847
vt 0.5197241532998707 0.6602990107293065
vt 0.5197117030988267 0.6602985749507284
vt 0.5197241532998707 0.6602990107293065
vt 0.519724044070004 0.660286898672847
vt 0.5197313077475647 0.6602867931106167
vt 0.5197243154915083 0.6603114322354122
vt 0.5197241532998707 0.6602990107293065
vt 0.519733736626372 0.6602955319831256
vt 0.5196476081399674 0.6600138000308506
vt 0.5196481418953932 0.6600054336455545
vt 0.519655511338208 0.6600064990154264
vt 0.5196470248107132 0.6600229214161961
vt 0.5196476081399674 0.6600138000308506
vt 0.5196574634932968 0.6600128521888307
vt 0.5196476081399674 0.6600138000308506
vt 0.5196470248107132 0.6600229214161961
vt 0.5196352643318998 0.6600201113845425
vt 0.5196481418953932 0.6600054336455545
vt 0.5196476081399674 0.6600138000308506
vt 0.5196380281159002 0.6600104320257463
vt 0.519580472030339 0.6601094494675465
vt 0.5195716840198854 0.6601084252323509
vt 0.5195740570984946 0.6600942275179063
vt 0.5195896777325494 0.6601114863024085
vt 0.519580472030339 0.6601094494675465
vt 0.5195828751536883 0.6600986033722716
vt 0.519580472030339 0.6601094494675465
vt 0.5195896777325494 0.6601114863024085
vt 0.51958838227262 0.6601250262805343
vt 0.5195716840198854 0.6601084252323509
vt 0.519580472030339 0.6601094494675465
vt 0.5195790680464913 0.6601236370587976
vt 0.5195780729403402 0.6601376824729563
vt 0.5195686457031001 0.660136604021969
vt 0.5195692437264593 0.6601220804158006
vt 0.5195875066975354 0.6601387786243452
vt 0.5195780729403402 0.6601376824729563
vt 0.5195790680464913 0.6601236370587976
vt 0.5195780729403402 0.6601376824729563
vt 0.5195875066975354 0.6601387786243452
vt 0.5195867942828857 0.6601524227237829
vt 0.5195686457031001 0.660136604021969
vt 0.5195780729403402 0.6601376824729563
vt 0.5195774902871921 0.660151760100697
vt 0.519577317039879 0.6601661263072306
vt 0.5195687366606967 0.6601651013584012
vt 0.5195677161526344 0.6601510441190486
vt 0.5195868304227093 0.6601663764748197
vt 0.519577317039879 0.6601661263072306
vt 0.5195774902871921 0.660151760100697
vt 0.519577317039879 0.6601661263072306
vt 0.5195868304227093 0.6601663764748197
vt 0.5195873395373172 0.6601773181217749
vt 0.5195687366606967 0.6601651013584012
vt 0.519577317039879 0.6601661263072306
vt 0.5195782847847602 0.6601774159339611
vt 0.5196832897250936 0.660064260117547
vt 0.5196825303456621 0.6600557801720387
vt 0.519690207197279 0.6600556331127845
vt 0.5196840634554976 0.6600727017998387
vt 0.5196832897250936 0.660064260117547
vt 0.5196930240825672 0.660061906402394
vt 0.5196832897250936 0.660064260117547
vt 0.5196840634554976 0.6600727017998387
vt 0.5196759921240186 0.6600729006738726
vt 0.5196825303456621 0.6600557801720387
vt 0.5196832897250936 0.660064260117547
vt 0.5196725794510656 0.6600666718141056
vt 0.5196262709980362 0.6603256872476108
vt 0.5196273074671216 0.6603165575395877
vt 0.5196415187027655 0.6603186788177147
vt 0.5196281522376875 0.6603342808302937
vt 0.5196262709980362 0.6603256872476108
vt 0.5196400846370024 0.6603283275927532
vt 0.5196262709980362 0.6603256872476108
vt 0.5196281522376875 0.6603342808302937
vt 0.5196144644072672 0.6603327269385867
vt 0.5196273074671216 0.6603165575395877
vt 0.5196262709980362 0.6603256872476108
vt 0.5196130633371099 0.6603232614252548
vt 0.5196013647048606 0.6603219320457362
vt 0.5196018993937314 0.6603124805592873
vt 0.519613943115819 0.6603141199829281
vt 0.5196017353181822 0.6603317242719557
vt 0.5196013647048606 0.6603219320457362
vt 0.5196130633371099 0.6603232614252548
vt 0.5196013647048606 0.6603219320457362
vt 0.5196017353181822 0.6603317242719557
vt 0.5195890352006229 0.6603306902728238
vt 0.5196018993937314 0.6603124805592873
vt 0.5196013647048606 0.6603219320457362
vt 0.5195892719429634 0.6603210078665119
vt 0.5195767408048722 0.6603197561100749
vt 0.5195772120367724 0.6603096722658918
vt 0.5195896116843537 0.6603111002747871
vt 0.5195763360343499 0.6603293593070191
vt 0.5195767408048722 0.6603197561100749
vt 0.5195892719429634 0.6603210078665119
vt 0.5195767408048722 0.6603197561100749
vt 0.5195763360343499 0.6603293593070191
vt 0.5195636948394364 0.6603280846739461
vt 0.5195772120367724 0.6603096722658918
vt 0.5195767408048722 0.6603197561100749
vt 0.5195640664324849 0.6603184613339643
vt 0.5195512817807807 0.6603172877788545
vt 0.5195515563779571 0.6603092538398787
vt 0.51956454653665 0.6603080925215379
vt 0.5195510511951217 0.660326975575677
vt 0.5195512817807807 0.6603172877788545
vt 0.5195640664324849 0.6603184613339643
vt 0.5195512817807807 0.6603172877788545
vt 0.5195510511951217 0.660326975575677
vt 0.5195380269654779 0.6603274949375328
vt 0.5195515563779571 0.6603092538398787
vt 0.5195512817807807 0.6603172877788545
vt 0.5195381797501349 0.6603163246775092
vt 0.5195247045230426 0.660315236482723
vt 0.5195250064963314 0.6603042968574424
vt 0.5195385892068834 0.6603056561285511
vt 0.5195245197841003 0.6603261254091215
vt 0.5195247045230426 0.660315236482723
vt 0.5195381797501349 0.6603163246775092
vt 0.5195247045230426 0.660315236482723
vt 0.5195245197841003 0.6603261254091215
vt 0.5195108580846896 0.6603250812990642
vt 0.5195250064963314 0.6603042968574424
vt 0.5195247045230426 0.660315236482723
vt 0.5195132056232028 0.6603141340343447
vt 0.5198047751186177 0.6600038360488851
vt 0.5198027110104986 0.6599954393165864
vt 0.5198103391712875 0.6599960602548136
vt 0.5198021140388441 0.6600117994736676
vt 0.5198047751186177 0.6600038360488851
vt 0.5198140294989148 0.6600046852776307
vt 0.5198047751186177 0.6600038360488851
vt 0.5198021140388441 0.6600117994736676
vt 0.5197918371707319 0.6600090528982182
vt 0.5198027110104986 0.6599954393165864
vt 0.5198047751186177 0.6600038360488851
vt 0.5197911517472636 0.6600025864682884
vt 0.5196983415046357 0.6603206818053036
vt 0.5196979620972634 0.6603314586251663
vt 0.5196849326157008 0.6603295819535607
vt 0.5196987429404546 0.6603097838240575
vt 0.5196983415046357 0.6603206818053036
vt 0.5196881671856293 0.6603198347407998
vt 0.5196983415046357 0.6603206818053036
vt 0.5196987429404546 0.6603097838240575
vt 0.5197118529952452 0.6603120041509107
vt 0.5196979620972634 0.6603314586251663
vt 0.5196983415046357 0.6603206818053036
vt 0.5197084768662331 0.6603216868153923
vt 0.5197892128043101 0.6599448694770023
vt 0.5197898030437245 0.6599338631813578
vt 0.5197971309077234 0.6599356539925075
vt 0.5197888109180808 0.6599523635184825
vt 0.5197892128043101 0.6599448694770023
vt 0.5197988694170544 0.6599442052019653
vt 0.5197892128043101 0.6599448694770023
vt 0.5197888109180808 0.6599523635184825
vt 0.5197811158708967 0.6599483199538771
vt 0.5197898030437245 0.6599338631813578
vt 0.5197892128043101 0.6599448694770023
vt 0.5197797420913151 0.659942057538151
vt 0.5197489913193757 0.6603257307618478
vt 0.5197484879631803 0.6603370028911271
vt 0.5197353465009321 0.66033492962919
vt 0.5197500596459946 0.6603157579055665
vt 0.5197489913193757 0.6603257307618478
vt 0.5197385696533068 0.6603249661007378
vt 0.5197489913193757 0.6603257307618478
vt 0.5197500596459946 0.6603157579055665
vt 0.5197626873874424 0.660318610242308
vt 0.5197484879631803 0.6603370028911271
vt 0.5197489913193757 0.6603257307618478
vt 0.5197598887312512 0.6603279317691775
vt 0.519692731095313 0.6601286944531595
vt 0.5196924973763394 0.6601194227151155
vt 0.5197042529159042 0.6601213274639126
vt 0.519692956840575 0.6601371871320634
vt 0.519692731095313 0.6601286944531595
vt 0.5197024309592018 0.6601313645422335
vt 0.519692731095313 0.6601286944531595
vt 0.519692956840575 0.6601371871320634
vt 0.519685586694753 0.6601372725407088
vt 0.5196924973763394 0.6601194227151155
vt 0.519692731095313 0.6601286944531595
vt 0.519683141346211 0.6601310655653605
vt 0.5195592181528269 0.660135571250034
vt 0.5195500307594312 0.6601345707325956
vt 0.5195506493798971 0.6601227754014689
vt 0.5195686457031001 0.660136604021969
vt 0.5195592181528269 0.660135571250034
vt 0.5195597105223776 0.6601237359465674
vt 0.5195592181528269 0.660135571250034
vt 0.5195686457031001 0.660136604021969
vt 0.5195677161526344 0.6601510441190486
vt 0.5195500307594312 0.6601345707325956
vt 0.5195592181528269 0.660135571250034
vt 0.5195585086448224 0.6601472052144587
vt 0.519595122183475 0.6599380012507543
vt 0.5196024742769795 0.6599421141145303
vt 0.5195998010313173 0.6599537267815372
vt 0.5195872185731107 0.659939622943253
vt 0.519595122183475 0.6599380012507543
vt 0.519593665781005 0.6599531257895753
vt 0.519595122183475 0.6599380012507543
vt 0.5195872185731107 0.659939622943253
vt 0.519587429255271 0.6599310843785915
vt 0.5196024742769795 0.6599421141145303
vt 0.519595122183475 0.6599380012507543
vt 0.5195960618657482 0.6599282413019218
vt 0.5195159531146949 0.6599259641196764
vt 0.5195059575401315 0.6599278606984559
vt 0.5195061346877405 0.6599114065675487
vt 0.5195228230366583 0.6599288110146477
vt 0.5195159531146949 0.6599259641196764
vt 0.5195172464052216 0.659910388800073
vt 0.5195159531146949 0.6599259641196764
vt 0.5195228230366583 0.6599288110146477
vt 0.5195202720592776 0.6599379247611681
vt 0.5195059575401315 0.6599278606984559
vt 0.5195159531146949 0.6599259641196764
vt 0.5195148525474576 0.6599388831507027
vt 0.5196326689895894 0.6603068710182746
vt 0.5196333891048361 0.6602979929137565
vt 0.519644102771589 0.6602992198979569
vt 0.5196273074671216 0.6603165575395877
vt 0.5196326689895894 0.6603068710182746
vt 0.5196433196631456 0.6603090630591175
vt 0.5196326689895894 0.6603068710182746
vt 0.5196273074671216 0.6603165575395877
vt 0.519613943115819 0.6603141199829281
vt 0.5196333891048361 0.6602979929137565
vt 0.5196326689895894 0.6603068710182746
vt 0.519614836803698 0.6603047392622543
vt 0.5196025686925977 0.660302953348644
vt 0.5196032090435466 0.6602933080417877
vt 0.5196155275634531 0.6602951312712793
vt 0.5196018993937314 0.6603124805592873
vt 0.5196025686925977 0.660302953348644
vt 0.519614836803698 0.6603047392622543
vt 0.5196025686925977 0.660302953348644
vt 0.5196018993937314 0.6603124805592873
vt 0.5195896116843537 0.6603111002747871
vt 0.5196032090435466 0.6602933080417877
vt 0.5196025686925977 0.660302953348644
vt 0.5195902427982083 0.6603000499444471
vt 0.5195777937024326 0.6602997432138474
vt 0.5195785479091641 0.6602897104508891
vt 0.5195911443701708 0.6602928768956827
vt 0.5195772120367724 0.6603096722658918
vt 0.5195777937024326 0.6602997432138474
vt 0.5195902427982083 0.6603000499444471
vt 0.5195777937024326 0.6602997432138474
vt 0.5195772120367724 0.6603096722658918
vt 0.51956454653665 0.6603080925215379
vt 0.5195785479091641 0.6602897104508891
vt 0.5195777937024326 0.6602997432138474
vt 0.5195682887154236 0.6602982189068564
vt 0.5197876759257852 0.6599620932990315
vt 0.5197889919756369 0.6599547945102439
vt 0.5197962846542739 0.6599578002194173
vt 0.5197871166253437 0.6599698087361732
vt 0.5197876759257852 0.6599620932990315
vt 0.5197978318756404 0.6599635524147554
vt 0.5197876759257852 0.6599620932990315
vt 0.5197871166253437 0.6599698087361732
vt 0.5197802459077919 0.659967286371849
vt 0.5197889919756369 0.6599547945102439
vt 0.5197876759257852 0.6599620932990315
vt 0.5197782430921336 0.6599610294773941
vt 0.5195257302872153 0.6602933547713301
vt 0.5195261937442048 0.6602821379542765
vt 0.5195397507547188 0.6602842355979379
vt 0.5195250064963314 0.6603042968574424
vt 0.5195257302872153 0.6602933547713301
vt 0.5195359888991069 0.6602947556926743
vt 0.5195257302872153 0.6602933547713301
vt 0.5195250064963314 0.6603042968574424
vt 0.5195112133784777 0.6603031501021577
vt 0.5195261937442048 0.6602821379542765
vt 0.5195257302872153 0.6602933547713301
vt 0.5195120451252516 0.6602916312600526
vt 0.5194985973088303 0.6602889739480895
vt 0.5194993632176172 0.6602780647470953
vt 0.5195127609567014 0.6602805382786718
vt 0.5194984192989138 0.6602996972205195
vt 0.5194985973088303 0.6602889739480895
vt 0.5195120451252516 0.6602916312600526
vt 0.5194985973088303 0.6602889739480895
vt 0.5194984192989138 0.6602996972205195
vt 0.5194852114932524 0.6602990703290926
vt 0.5194993632176172 0.6602780647470953
vt 0.5194985973088303 0.6602889739480895
vt 0.5194855660680686 0.6602865515365033
vt 0.5196976069764565 0.6603428897713834
vt 0.5196974070936147 0.6603545897467153
vt 0.5196848185686251 0.6603538395937125
vt 0.5196979620972634 0.6603314586251663
vt 0.5196976069764565 0.6603428897713834
vt 0.5196851373482165 0.6603415992367184
vt 0.5196976069764565 0.6603428897713834
vt 0.5196979620972634 0.6603314586251663
vt 0.5197108784908991 0.6603321512536982
vt 0.5196974070936147 0.6603545897467153
vt 0.5196976069764565 0.6603428897713834
vt 0.5197101490145853 0.660344137482282
vt 0.5197224822216907 0.6603455375137555
vt 0.5197218469514453 0.6603569747094018
vt 0.5197096505704608 0.6603556474640404
vt 0.5197230276007111 0.6603354678444473
vt 0.5197224822216907 0.6603455375137555
vt 0.5197101490145853 0.660344137482282
vt 0.5197224822216907 0.6603455375137555
vt 0.5197230276007111 0.6603354678444473
vt 0.5197353465009321 0.66033492962919
vt 0.5197218469514453 0.6603569747094018
vt 0.5197224822216907 0.6603455375137555
vt 0.5197348344805925 0.6603469314853493
vt 0.5197475271304924 0.6603486437722225
vt 0.5197461760169958 0.6603601781490908
vt 0.5197340419660622 0.6603584272057181
vt 0.5197484879631803 0.6603370028911271
vt 0.5197475271304924 0.6603486437722225
vt 0.5197348344805925 0.6603469314853493
vt 0.5197475271304924 0.6603486437722225
vt 0.5197484879631803 0.6603370028911271
vt 0.5197588481732115 0.6603374571291714
vt 0.5197461760169958 0.6603601781490908
vt 0.5197475271304924 0.6603486437722225
vt 0.5197578556826514 0.6603476922290732
vt 0.5196721105560123 0.6601128325845296
vt 0.5196647228666272 0.66011441259812
vt 0.5196656254349211 0.6601061532755425
vt 0.5196792292578979 0.6601160789270304
vt 0.5196721105560123 0.6601128325845296
vt 0.5196727126535451 0.6601020444334572
vt 0.5196721105560123 0.6601128325845296
vt 0.5196792292578979 0.6601160789270304
vt 0.5196768455881731 0.6601270115763419
vt 0.5196647228666272 0.66011441259812
vt 0.5196721105560123 0.6601128325845296
vt 0.5196712583284862 0.6601281058315145
vt 0.5195408635341796 0.6601335326247688
vt 0.5195315223432279 0.6601324667649145
vt 0.5195325530815471 0.6601205096832183
vt 0.5195500307594312 0.6601345707325956
vt 0.5195408635341796 0.6601335326247688
vt 0.5195415888341361 0.6601217240455075
vt 0.5195408635341796 0.6601335326247688
vt 0.5195500307594312 0.6601345707325956
vt 0.5195494551091532 0.6601459431215786
vt 0.5195315223432279 0.6601324667649145
vt 0.5195408635341796 0.6601335326247688
vt 0.5195403436234023 0.6601443651596698
vt 0.5196526227854209 0.6601015712322078
vt 0.5196535782376018 0.6600837547514338
vt 0.5196607472123864 0.6600892064667003
vt 0.51965166733324 0.6601193877129818
vt 0.5196526227854209 0.6601015712322078
vt 0.5196626351026308 0.6601026954401426
vt 0.5196526227854209 0.6601015712322078
vt 0.51965166733324 0.6601193877129818
vt 0.5196379999786169 0.6601238277085519
vt 0.5196535782376018 0.6600837547514338
vt 0.5196526227854209 0.6601015712322078
vt 0.519639273915557 0.6601000723878238
vt 0.519625923974855 0.6600985734232032
vt 0.5196268794270359 0.6600807569424293
vt 0.5196402293677378 0.6600822559070498
vt 0.5196246500379149 0.6601223287439315
vt 0.519625923974855 0.6600985734232032
vt 0.519639273915557 0.6601000723878238
vt 0.519625923974855 0.6600985734232032
vt 0.5196246500379149 0.6601223287439315
vt 0.5196146387915429 0.660121204656233
vt 0.5196268794270359 0.6600807569424293
vt 0.519625923974855 0.6600985734232032
vt 0.519615912728483 0.6600974493355048
vt 0.5196296524374568 0.6602869291390354
vt 0.5196326579377064 0.6602793284167598
vt 0.5196426569914878 0.6602826157077482
vt 0.5196333891048361 0.6602979929137565
vt 0.5196296524374568 0.6602869291390354
vt 0.5196436481435471 0.6602890584626825
vt 0.5196296524374568 0.6602869291390354
vt 0.5196333891048361 0.6602979929137565
vt 0.5196155275634531 0.6602951312712793
vt 0.5196326579377064 0.6602793284167598
vt 0.5196296524374568 0.6602869291390354
vt 0.5196160724888776 0.6602855086555821
vt 0.5196039735114523 0.6602839216205589
vt 0.5196050969943752 0.6602741670712549
vt 0.5196179929598246 0.6602752710949951
vt 0.5196032090435466 0.6602933080417877
vt 0.5196039735114523 0.6602839216205589
vt 0.5196160724888776 0.6602855086555821
vt 0.5196039735114523 0.6602839216205589
vt 0.5196032090435466 0.6602933080417877
vt 0.5195911443701708 0.6602928768956827
vt 0.5196050969943752 0.6602741670712549
vt 0.5196039735114523 0.6602839216205589
vt 0.5195920287469035 0.6602818936578645
vt 0.5195795559066791 0.660279814620242
vt 0.5195806338656764 0.6602700110147796
vt 0.5195930019434095 0.6602718884329272
vt 0.5195785479091641 0.6602897104508891
vt 0.5195795559066791 0.660279814620242
vt 0.5195920287469035 0.6602818936578645
vt 0.5195795559066791 0.660279814620242
vt 0.5195785479091641 0.6602897104508891
vt 0.5195658957064192 0.660287703292257
vt 0.5195806338656764 0.6602700110147796
vt 0.5195795559066791 0.660279814620242
vt 0.5195668375969519 0.6602773634634238
vt 0.5195533864486872 0.6602734916671766
vt 0.5195528287398711 0.6602608821793338
vt 0.5195679370987254 0.6602663803927151
vt 0.5195531026728836 0.6602832338540836
vt 0.5195533864486872 0.6602734916671766
vt 0.5195668375969519 0.6602773634634238
vt 0.5195533864486872 0.6602734916671766
vt 0.5195531026728836 0.6602832338540836
vt 0.5195397507547188 0.6602842355979379
vt 0.5195528287398711 0.6602608821793338
vt 0.5195533864486872 0.6602734916671766
vt 0.5195397234644642 0.6602699775483423
vt 0.5195263513090859 0.6602684040084311
vt 0.5195264136882339 0.660253431756909
vt 0.5195393569041002 0.6602552600868525
vt 0.5195261937442048 0.6602821379542765
vt 0.5195263513090859 0.6602684040084311
vt 0.5195397234644642 0.6602699775483423
vt 0.5195263513090859 0.6602684040084311
vt 0.5195261937442048 0.6602821379542765
vt 0.5195127609567014 0.6602805382786718
vt 0.5195264136882339 0.660253431756909
vt 0.5195263513090859 0.6602684040084311
vt 0.519512996561449 0.660267863165267
vt 0.5195000931177306 0.6602675675316743
vt 0.5195000739302605 0.6602571690243095
vt 0.5195133988330812 0.6602544948038305
vt 0.5194993632176172 0.6602780647470953
vt 0.5195000931177306 0.6602675675316743
vt 0.519512996561449 0.660267863165267
vt 0.5195000931177306 0.6602675675316743
vt 0.5194993632176172 0.6602780647470953
vt 0.5194851103308581 0.6602736968499175
vt 0.5195000739302605 0.6602571690243095
vt 0.5195000931177306 0.6602675675316743
vt 0.519490060764628 0.6602645817743036
vt 0.5195794269265452 0.6600452429942123
vt 0.5195727473646775 0.6600530552365969
vt 0.5195650576647284 0.6600404899263927
vt 0.5195868664735374 0.6600357112685582
vt 0.5195794269265452 0.6600452429942123
vt 0.5195746946149875 0.6600343656792877
vt 0.5195794269265452 0.6600452429942123
vt 0.5195868664735374 0.6600357112685582
vt 0.5195955354648761 0.660046637992453
vt 0.5195727473646775 0.6600530552365969
vt 0.5195794269265452 0.6600452429942123
vt 0.5195853378065356 0.6600540786709876
vt 0.5199294579973085 0.6600116361212565
vt 0.5199288374686447 0.6600200443172579
vt 0.5199161092506375 0.6600178979496466
vt 0.51993011256952 0.6600032118301213
vt 0.5199294579973085 0.6600116361212565
vt 0.5199198818229731 0.6600090443921229
vt 0.5199294579973085 0.6600116361212565
vt 0.51993011256952 0.6600032118301213
vt 0.5199378647559206 0.6600044736964625
vt 0.5199288374686447 0.6600200443172579
vt 0.5199294579973085 0.6600116361212565
vt 0.5199397169208761 0.6600109457266607
vt 0.5196969615949716 0.6602397187091973
vt 0.5197034203128299 0.6602427796206796
vt 0.5196993051982689 0.6602507163355522
vt 0.5196903736496337 0.6602370921716862
vt 0.5196969615949716 0.6602397187091973
vt 0.5196936777262768 0.6602500955976731
vt 0.5196969615949716 0.6602397187091973
vt 0.5196903736496337 0.6602370921716862
vt 0.5196945886351145 0.6602294479554518
vt 0.5197034203128299 0.6602427796206796
vt 0.5196969615949716 0.6602397187091973
vt 0.5197002098889351 0.6602291966333242
vt 0.5199187233847791 0.6602070567309588
vt 0.5199181492713494 0.6602195684313908
vt 0.5199112286115816 0.6602179276295101
vt 0.5199193785119601 0.6601916775535195
vt 0.5199187233847791 0.6602070567309588
vt 0.5199089642711032 0.6602093132887199
vt 0.5199187233847791 0.6602070567309588
vt 0.5199193785119601 0.6601916775535195
vt 0.5199306293055784 0.6601952911794199
vt 0.5199181492713494 0.6602195684313908
vt 0.5199187233847791 0.6602070567309588
vt 0.5199281539419814 0.6602106475942713
vt 0.5195222239295435 0.6601308613651283
vt 0.5195130202325261 0.6601292665807035
vt 0.5195143335297895 0.6601148151078708
vt 0.5195315223432279 0.6601324667649145
vt 0.5195222239295435 0.6601308613651283
vt 0.5195234258052357 0.6601190266264666
vt 0.5195222239295435 0.6601308613651283
vt 0.5195315223432279 0.6601324667649145
vt 0.5195302376303971 0.6601463647957828
vt 0.5195130202325261 0.6601292665807035
vt 0.5195222239295435 0.6601308613651283
vt 0.5195210178339604 0.6601418172488136
vt 0.5196092850869878 0.6599868526461442
vt 0.5195994769642499 0.6599898637168315
vt 0.5195989843001324 0.6599772580128678
vt 0.5196170234626193 0.6599846603894193
vt 0.5196092850869878 0.6599868526461442
vt 0.5196094465666924 0.6599737039277138
vt 0.5196092850869878 0.6599868526461442
vt 0.5196170234626193 0.6599846603894193
vt 0.5196186491538806 0.6600017014187408
vt 0.5195994769642499 0.6599898637168315
vt 0.5196092850869878 0.6599868526461442
vt 0.5196095468491658 0.660001368484151
vt 0.5195076427543114 0.6600103652081999
vt 0.5195083739313413 0.6599967308246513
vt 0.519514120458398 0.6599973760590341
vt 0.519507094372325 0.6600205909812031
vt 0.5195076427543114 0.6600103652081999
vt 0.5195133892813679 0.6600110104425827
vt 0.5195076427543114 0.6600103652081999
vt 0.519507094372325 0.6600205909812031
vt 0.5194992501966551 0.6600231393331717
vt 0.5195083739313413 0.6599967308246513
vt 0.5195076427543114 0.6600103652081999
vt 0.519499981372637 0.6600095049691674
vt 0.5196929134312824 0.6602122226586203
vt 0.519693292538429 0.660220709120249
vt 0.5196855681926925 0.6602204049317555
vt 0.5196927121462552 0.6602035534281969
vt 0.5196929134312824 0.6602122226586203
vt 0.5196830545218779 0.6602139553041909
vt 0.5196929134312824 0.6602122226586203
vt 0.5196927121462552 0.6602035534281969
vt 0.5197009259495001 0.6602024740023837
vt 0.519693292538429 0.660220709120249
vt 0.5196929134312824 0.6602122226586203
vt 0.5197029223278974 0.6602099882681658
vt 0.5196069957170848 0.6602625090240558
vt 0.5196096552451346 0.6602499947287729
vt 0.5196168222480297 0.6602522901732212
vt 0.5196050969943752 0.6602741670712549
vt 0.5196069957170848 0.6602625090240558
vt 0.5196171820147485 0.6602620255183738
vt 0.5196069957170848 0.6602625090240558
vt 0.5196050969943752 0.6602741670712549
vt 0.5195930019434095 0.6602718884329272
vt 0.5196096552451346 0.6602499947287729
vt 0.5196069957170848 0.6602625090240558
vt 0.5195945802447631 0.6602602377627774
vt 0.5195818709801255 0.6602598139305326
vt 0.5195832097303564 0.6602489192260408
vt 0.5195968239907384 0.6602478936152217
vt 0.5195806338656764 0.6602700110147796
vt 0.5195818709801255 0.6602598139305326
vt 0.5195945802447631 0.6602602377627774
vt 0.5195818709801255 0.6602598139305326
vt 0.5195806338656764 0.6602700110147796
vt 0.5195679370987254 0.6602663803927151
vt 0.5195832097303564 0.6602489192260408
vt 0.5195818709801255 0.6602598139305326
vt 0.5195725808826839 0.6602569964750735
vt 0.5198352679928783 0.6600311054731585
vt 0.5198343739680675 0.6600230511138849
vt 0.5198498571737055 0.6600229660132858
vt 0.5198375076170967 0.6600401606139544
vt 0.5198352679928783 0.6600311054731585
vt 0.5198490825150649 0.6600345375694499
vt 0.5198352679928783 0.6600311054731585
vt 0.5198375076170967 0.6600401606139544
vt 0.5198225728229833 0.6600392888185059
vt 0.5198343739680675 0.6600230511138849
vt 0.5198352679928783 0.6600311054731585
vt 0.5198236267285138 0.6600293448191226
vt 0.5198522195263915 0.6599888029658676
vt 0.5198514486158217 0.659998847891961
vt 0.5198388084927994 0.6599967852271036
vt 0.5198526339261674 0.6599807665565682
vt 0.5198522195263915 0.6599888029658676
vt 0.5198427176887752 0.6599871700455742
vt 0.5198522195263915 0.6599888029658676
vt 0.5198526339261674 0.6599807665565682
vt 0.5198651879040805 0.6599820507637904
vt 0.5198514486158217 0.659998847891961
vt 0.5198522195263915 0.6599888029658676
vt 0.5198647001337217 0.6599902781504614
vt 0.5198773099999516 0.6599918674563686
vt 0.5198763720827476 0.6600018338776568
vt 0.5198640105815165 0.6600003427308563
vt 0.5198777295566278 0.6599837847715011
vt 0.5198773099999516 0.6599918674563686
vt 0.5198647001337217 0.6599902781504614
vt 0.5198773099999516 0.6599918674563686
vt 0.5198777295566278 0.6599837847715011
vt 0.5198909639154135 0.6599856926659571
vt 0.5198763720827476 0.6600018338776568
vt 0.5198773099999516 0.6599918674563686
vt 0.5198882357267817 0.6599943188928946
vt 0.5196865804061056 0.659904854422643
vt 0.5196886859996241 0.659914962161915
vt 0.5196817370096324 0.6599142288059182
vt 0.5196836490152905 0.6598964857337176
vt 0.5196865804061056 0.659904854422643
vt 0.519678576464023 0.659903437763437
vt 0.5196865804061056 0.659904854422643
vt 0.5196836490152905 0.6598964857337176
vt 0.5196954703916997 0.6598973020907095
vt 0.5196886859996241 0.659914962161915
vt 0.5196865804061056 0.659904854422643
vt 0.5196958626693108 0.6599057923905934
vt 0.5197071940821757 0.6599070248352966
vt 0.5197069211830266 0.6599169030266201
vt 0.5196960904241564 0.6599158041076647
vt 0.5197077913816284 0.659898680842611
vt 0.5197071940821757 0.6599070248352966
vt 0.5196958626693108 0.6599057923905934
vt 0.5197071940821757 0.6599070248352966
vt 0.5197077913816284 0.659898680842611
vt 0.5197153608728995 0.6599004155549355
vt 0.5197069211830266 0.6599169030266201
vt 0.5197071940821757 0.6599070248352966
vt 0.5197168784756929 0.6599075684502702
vt 0.5197712342386007 0.6600009348686144
vt 0.5197713816672151 0.6599899937186
vt 0.5197784922582391 0.6599916054526741
vt 0.5197704505725841 0.6600146102328284
vt 0.5197712342386007 0.6600009348686144
vt 0.5197808239185796 0.6599995329683488
vt 0.5197712342386007 0.6600009348686144
vt 0.5197704505725841 0.6600146102328284
vt 0.5197628746099774 0.6600149514572917
vt 0.5197713816672151 0.6599899937186
vt 0.5197712342386007 0.6600009348686144
vt 0.5197611707430811 0.6600044669368873
vt 0.5195054247751516 0.6600999975215793
vt 0.519495878952482 0.6601000331955094
vt 0.5194942700050541 0.660091460217831
vt 0.5195151140109548 0.6600996627092399
vt 0.5195054247751516 0.6600999975215793
vt 0.5195025884890371 0.6600892463876024
vt 0.5195054247751516 0.6600999975215793
vt 0.5195151140109548 0.6600996627092399
vt 0.5195143335297895 0.6601148151078708
vt 0.519495878952482 0.6601000331955094
vt 0.5195054247751516 0.6600999975215793
vt 0.5195045032171819 0.6601142480697344
vt 0.5195039233041157 0.6601280154631677
vt 0.5194962861023541 0.6601278024995108
vt 0.5194962505239755 0.6601139179628446
vt 0.5195130202325261 0.6601292665807035
vt 0.5195039233041157 0.6601280154631677
vt 0.5195045032171819 0.6601142480697344
vt 0.5195039233041157 0.6601280154631677
vt 0.5195130202325261 0.6601292665807035
vt 0.5195119312723648 0.6601402526242948
vt 0.5194962861023541 0.6601278024995108
vt 0.5195039233041157 0.6601280154631677
vt 0.5195028760370205 0.6601388233510208
vt 0.5195892255658421 0.659986911387134
vt 0.5195819958564872 0.6599891771563025
vt 0.5195780342225701 0.6599730094805646
vt 0.5195994769642499 0.6599898637168315
vt 0.5195892255658421 0.659986911387134
vt 0.5195883097372316 0.6599735561760461
vt 0.5195892255658421 0.659986911387134
vt 0.5195994769642499 0.6599898637168315
vt 0.5196001394133284 0.6600017173598458
vt 0.5195819958564872 0.6599891771563025
vt 0.5195892255658421 0.659986911387134
vt 0.5195906840578549 0.6600005244253064
vt 0.5195091051083713 0.6599830964411028
vt 0.5195098362854015 0.6599694620575542
vt 0.5195174986665246 0.6599703224088074
vt 0.5195083739313413 0.6599967308246513
vt 0.5195091051083713 0.6599830964411028
vt 0.5195148516354279 0.6599837416754855
vt 0.5195091051083713 0.6599830964411028
vt 0.5195083739313413 0.6599967308246513
vt 0.519500712549667 0.6599958705856188
vt 0.5195098362854015 0.6599694620575542
vt 0.5195091051083713 0.6599830964411028
vt 0.5195014437266969 0.6599822362020702
vt 0.5195476244752716 0.659949947290608
vt 0.519548785832529 0.6599581254544783
vt 0.5195413076516782 0.6599589980135248
vt 0.5195464714808862 0.6599415532526287
vt 0.5195476244752716 0.659949947290608
vt 0.5195381187745062 0.6599529267058218
vt 0.5195476244752716 0.659949947290608
vt 0.5195464714808862 0.6599415532526287
vt 0.5195540258487702 0.6599411556901926
vt 0.519548785832529 0.6599581254544783
vt 0.5195476244752716 0.659949947290608
vt 0.5195570977170841 0.6599476334080677
vt 0.5197205075904267 0.6602202168036686
vt 0.5197205906769953 0.6602311299429009
vt 0.5197132938987749 0.6602301067276264
vt 0.519640481020191 0.6599207791964243
vt 0.5196387873771953 0.6599325745068307
vt 0.5196294116173652 0.6599330605819479
vt 0.5196387873771953 0.6599325745068307
vt 0.519640481020191 0.6599207791964243
vt 0.5196534135411416 0.659921899633133
vt 0.5197205906769953 0.6602311299429009
vt 0.5197205075904267 0.6602202168036686
vt 0.5197343324259567 0.6602130896647733
vt 0.519747228302168 0.6602144444479181
vt 0.5197462589360664 0.6602338673068732
vt 0.5197333902133384 0.6602321856438655
vt 0.5196666455745612 0.6599232224589803
vt 0.5196655624552013 0.6599309072167809
vt 0.5196531252626033 0.6599293607165675
vt 0.5196655624552013 0.6599309072167809
vt 0.5196666455745612 0.6599232224589803
vt 0.5196802562790774 0.6599253366703819
vt 0.5197462589360664 0.6602338673068732
vt 0.519747228302168 0.6602144444479181
vt 0.5197574182315259 0.6602276028409891
vt 0.5198255213235744 0.6600070971693905
vt 0.5198250802861627 0.6600168978692442
vt 0.5198122711530662 0.6600143943001914
vt 0.5198260162341874 0.6599971302399203
vt 0.5198255213235744 0.6600070971693905
vt 0.5198158716394188 0.6600039604328614
vt 0.5198255213235744 0.6600070971693905
vt 0.5198260162341874 0.6599971302399203
vt 0.5198388084927994 0.6599967852271036
vt 0.5198250802861627 0.6600168978692442
vt 0.5198255213235744 0.6600070971693905
vt 0.5198381408582443 0.6600082269583745
vt 0.5198507592468361 0.6600095277765725
vt 0.5198502005772756 0.6600192965304885
vt 0.5198376531390948 0.6600180400338577
vt 0.5198514486158217 0.659998847891961
vt 0.5198507592468361 0.6600095277765725
vt 0.5198381408582443 0.6600082269583745
vt 0.5198507592468361 0.6600095277765725
vt 0.5198514486158217 0.659998847891961
vt 0.5198640105815165 0.6600003427308563
vt 0.5198502005772756 0.6600192965304885
vt 0.5198507592468361 0.6600095277765725
vt 0.5198632821590945 0.6600108823658809
vt 0.5198755867055975 0.6600121783622543
vt 0.5198762044247541 0.6600218729297587
vt 0.5198629834741445 0.6600206427570559
vt 0.5198763720827476 0.6600018338776568
vt 0.5198755867055975 0.6600121783622543
vt 0.5198632821590945 0.6600108823658809
vt 0.5198755867055975 0.6600121783622543
vt 0.5198763720827476 0.6600018338776568
vt 0.5198877271882361 0.6600044401726946
vt 0.5198762044247541 0.6600218729297587
vt 0.5198755867055975 0.6600121783622543
vt 0.5198869964223917 0.6600148939361514
vt 0.5196891026477505 0.6599251334107172
vt 0.5196886506760838 0.6599352176872295
vt 0.519679937056607 0.6599351006934833
vt 0.5196886859996241 0.659914962161915
vt 0.5196891026477505 0.6599251334107172
vt 0.5196827672038872 0.6599244935423982
vt 0.5196891026477505 0.6599251334107172
vt 0.5196886859996241 0.659914962161915
vt 0.5196960904241564 0.6599158041076647
vt 0.5196886506760838 0.6599352176872295
vt 0.5196891026477505 0.6599251334107172
vt 0.5196958446082248 0.6599258458803665
vt 0.519706477245682 0.6599269272136549
vt 0.5197060363589127 0.659936984578792
vt 0.5196953859113099 0.6599359059056352
vt 0.5197069211830266 0.6599169030266201
vt 0.519706477245682 0.6599269272136549
vt 0.5196958446082248 0.6599258458803665
vt 0.519706477245682 0.6599269272136549
vt 0.5197069211830266 0.6599169030266201
vt 0.519719534773478 0.6599180438863993
vt 0.5197060363589127 0.659936984578792
vt 0.519706477245682 0.6599269272136549
vt 0.5197190636874806 0.6599281752307471
vt 0.5197315726559439 0.6599294707626602
vt 0.5197312338190838 0.6599394810130528
vt 0.5197186370870533 0.6599382353797116
vt 0.519732028681047 0.659921775405023
vt 0.5197315726559439 0.6599294707626602
vt 0.5197190636874806 0.6599281752307471
vt 0.5197315726559439 0.6599294707626602
vt 0.519732028681047 0.659921775405023
vt 0.5197392624502873 0.6599241931920315
vt 0.5197312338190838 0.6599394810130528
vt 0.5197315726559439 0.6599294707626602
vt 0.5197413291248588 0.6599301970888536
vt 0.5196292159753035 0.6602252321634652
vt 0.5196287556897611 0.6602328174662826
vt 0.5196206056441169 0.66023047316581
vt 0.5196299527705481 0.6602175396051858
vt 0.5196292159753035 0.6602252321634652
vt 0.5196183174734479 0.6602247479411445
vt 0.5196292159753035 0.6602252321634652
vt 0.5196299527705481 0.6602175396051858
vt 0.519643163471845 0.6602182822476401
vt 0.5196287556897611 0.6602328174662826
vt 0.5196292159753035 0.6602252321634652
vt 0.519642165089893 0.6602264124663129
vt 0.5196546867208053 0.6602283698279812
vt 0.519653654910772 0.66023667441152
vt 0.5196412571193741 0.6602344233228699
vt 0.5196556983953039 0.6602200319175802
vt 0.5196546867208053 0.6602283698279812
vt 0.519642165089893 0.6602264124663129
vt 0.5196546867208053 0.6602283698279812
vt 0.5196556983953039 0.6602200319175802
vt 0.5196689283480761 0.6602223711739621
vt 0.519653654910772 0.66023667441152
vt 0.5196546867208053 0.6602283698279812
vt 0.5196642779706163 0.660231987523184
vt 0.5195258912252291 0.6599575482642913
vt 0.519526622401211 0.6599439139002871
vt 0.5195342837650381 0.6599447741373157
vt 0.5195253428421945 0.6599677740568388
vt 0.5195258912252291 0.6599575482642913
vt 0.5195316378058275 0.6599581935046859
vt 0.5195258912252291 0.6599575482642913
vt 0.5195253428421945 0.6599677740568388
vt 0.5195174986665246 0.6599703224088074
vt 0.519526622401211 0.6599439139002871
vt 0.5195258912252291 0.6599575482642913
vt 0.5195182298435546 0.6599566880252588
vt 0.5195105674624314 0.6599558276740056
vt 0.5195112986384133 0.6599421933100014
vt 0.5195189610195364 0.6599430536612545
vt 0.5195098362854015 0.6599694620575542
vt 0.5195105674624314 0.6599558276740056
vt 0.5195182298435546 0.6599566880252588
vt 0.5195105674624314 0.6599558276740056
vt 0.5195098362854015 0.6599694620575542
vt 0.519502174903727 0.6599686018185216
vt 0.5195112986384133 0.6599421933100014
vt 0.5195105674624314 0.6599558276740056
vt 0.5195029060807569 0.6599549674349732
vt 0.519776491043186 0.6603681438011113
vt 0.5197857320759637 0.6603707488833376
vt 0.5197829430247883 0.6603864966834501
vt 0.519768469166605 0.6603653152235865
vt 0.519776491043186 0.6603681438011113
vt 0.5197738667895915 0.6603832034127237
vt 0.519776491043186 0.6603681438011113
vt 0.519768469166605 0.6603653152235865
vt 0.5197711547241206 0.6603581625973309
vt 0.5197857320759637 0.6603707488833376
vt 0.519776491043186 0.6603681438011113
vt 0.5197786553936293 0.660356910530286
vt 0.5199267244479241 0.660092832321745
vt 0.5199369135662123 0.6600899214432911
vt 0.5199372254273475 0.660104371395761
vt 0.5199141702018684 0.6600946959347616
vt 0.5199267244479241 0.660092832321745
vt 0.5199262868326332 0.6601034772015032
vt 0.5199267244479241 0.660092832321745
vt 0.5199141702018684 0.6600946959347616
vt 0.5199146183314631 0.6600867289642207
vt 0.5199369135662123 0.6600899214432911
vt 0.5199267244479241 0.660092832321745
vt 0.5199272162746511 0.6600837311187391
vt 0.5199014778379168 0.6600944450990806
vt 0.5199141702018684 0.6600946959347616
vt 0.5199137663633103 0.6601020268375177
vt 0.5198888804983628 0.6600932509710079
vt 0.5199014778379168 0.6600944450990806
vt 0.5199011881572185 0.6601006450013167
vt 0.5199014778379168 0.6600944450990806
vt 0.5198888804983628 0.6600932509710079
vt 0.5198891464130686 0.6600858577075581
vt 0.5199141702018684 0.6600946959347616
vt 0.5199014778379168 0.6600944450990806
vt 0.5199018040148139 0.6600869660135598
vt 0.5198765182979214 0.6600920222926738
vt 0.5198888804983628 0.6600932509710079
vt 0.5198886177860609 0.6600994070074011
vt 0.5198670941120904 0.6600894101140511
vt 0.5198765182979214 0.6600920222926738
vt 0.5198761057663263 0.6600981181522256
vt 0.5198765182979214 0.6600920222926738
vt 0.5198670941120904 0.6600894101140511
vt 0.519869718255258 0.6600833528056504
vt 0.5198888804983628 0.6600932509710079
vt 0.5198765182979214 0.6600920222926738
vt 0.5198767796416793 0.6600848441690403
vt 0.519784037948549 0.6600872051390765
vt 0.5197918258454429 0.6600904551096882
vt 0.5197928720501384 0.6600989344250763
vt 0.5197751304638799 0.6600824512292871
vt 0.519784037948549 0.6600872051390765
vt 0.5197831388218417 0.6600959687856996
vt 0.519784037948549 0.6600872051390765
vt 0.5197751304638799 0.6600824512292871
vt 0.5197759603201888 0.6600685232233441
vt 0.5197918258454429 0.6600904551096882
vt 0.519784037948549 0.6600872051390765
vt 0.5197849044244542 0.66007844132618
vt 0.5197661712523818 0.6600800787758423
vt 0.5197751304638799 0.6600824512292871
vt 0.5197741136729758 0.6600936487011886
vt 0.5197587077157296 0.6600795911482302
vt 0.5197661712523818 0.6600800787758423
vt 0.5197650511578255 0.6600919654619908
vt 0.5197661712523818 0.6600800787758423
vt 0.5197587077157296 0.6600795911482302
vt 0.5197590732005042 0.6600644941396765
vt 0.5197751304638799 0.6600824512292871
vt 0.5197661712523818 0.6600800787758423
vt 0.5197665980634966 0.6600661336316711
vt 0.5197466983752729 0.6601600276751936
vt 0.5197562723743037 0.6601613528865584
vt 0.5197536120303201 0.6601699715325196
vt 0.5197343029753487 0.6601586001432357
vt 0.5197466983752729 0.6601600276751936
vt 0.5197461610306848 0.6601717641802315
vt 0.5197466983752729 0.6601600276751936
vt 0.5197343029753487 0.6601586001432357
vt 0.5197351505525668 0.6601432244461822
vt 0.5197562723743037 0.6601613528865584
vt 0.5197466983752729 0.6601600276751936
vt 0.5197476486997666 0.6601446916315513
vt 0.5197219193988788 0.6601571516814362
vt 0.5197343029753487 0.6601586001432357
vt 0.5197336434038525 0.660170380337435
vt 0.5197123118039493 0.6601562533944249
vt 0.5197219193988788 0.6601571516814362
vt 0.5197211476533238 0.6601688882144583
vt 0.5197219193988788 0.6601571516814362
vt 0.5197123118039493 0.6601562533944249
vt 0.5197130083490413 0.6601408501806021
vt 0.5197343029753487 0.6601586001432357
vt 0.5197219193988788 0.6601571516814362
vt 0.5197226430627752 0.6601418511203823
vt 0.5197847756771515 0.6601536512679713
vt 0.5197922005158219 0.660154351933789
vt 0.5197911473689153 0.6601634434337686
vt 0.5197757710231324 0.6601534336048702
vt 0.5197847756771515 0.6601536512679713
vt 0.5197852683187144 0.6601656182486284
vt 0.5197847756771515 0.6601536512679713
vt 0.5197757710231324 0.6601534336048702
vt 0.5197756171402756 0.6601379835270571
vt 0.5197922005158219 0.660154351933789
vt 0.5197847756771515 0.6601536512679713
vt 0.5197850198781347 0.6601383513550885
vt 0.5197666443191988 0.6601532667094694
vt 0.5197757710231324 0.6601534336048702
vt 0.5197761019842736 0.6601655418316563
vt 0.5197591299025837 0.6601521710032323
vt 0.5197666443191988 0.6601532667094694
vt 0.5197669623860479 0.6601653957458609
vt 0.5197666443191988 0.6601532667094694
vt 0.5197591299025837 0.6601521710032323
vt 0.519760468673999 0.6601431414404955
vt 0.5197757710231324 0.6601534336048702
vt 0.5197666443191988 0.6601532667094694
vt 0.5197663760875151 0.6601411461786739
vt 0.5195688167768404 0.6603504152149706
vt 0.5195784642735564 0.6603513174022243
vt 0.5195806371835758 0.6603673340493159
vt 0.5195565426830457 0.6603499582148383
vt 0.5195688167768404 0.6603504152149706
vt 0.5195680920457885 0.6603658053150204
vt 0.5195688167768404 0.6603504152149706
vt 0.5195565426830457 0.6603499582148383
vt 0.5195570998123606 0.6603387905710815
vt 0.5195784642735564 0.6603513174022243
vt 0.5195688167768404 0.6603504152149706
vt 0.5195695902224047 0.6603386466467762
vt 0.5195446269622985 0.6603514200615863
vt 0.5195565426830457 0.6603499582148383
vt 0.5195557452928223 0.660364448287232
vt 0.5195352284929288 0.660352878016952
vt 0.5195446269622985 0.6603514200615863
vt 0.519543831730139 0.6603630156744753
vt 0.5195446269622985 0.6603514200615863
vt 0.5195352284929288 0.660352878016952
vt 0.519537316073877 0.6603461996814874
vt 0.5195565426830457 0.6603499582148383
vt 0.5195446269622985 0.6603514200615863
vt 0.5195448314869777 0.6603423176655845
vt 0.5195866022143588 0.6603506548757189
vt 0.5195904988449044 0.6603582365946863
vt 0.5195825589262771 0.6603625110214197
vt 0.5195839750844338 0.6603423695640049
vt 0.5195866022143588 0.6603506548757189
vt 0.5195803694405817 0.6603516725415978
vt 0.5195866022143588 0.6603506548757189
vt 0.5195839750844338 0.6603423695640049
vt 0.5195929164194913 0.6603389986409227
vt 0.5195904988449044 0.6603582365946863
vt 0.5195866022143588 0.6603506548757189
vt 0.5195942217548988 0.660348922167177
vt 0.5197820720338252 0.660209464639663
vt 0.5197916077932018 0.660214007258284
vt 0.5197890700950529 0.6602190716671374
vt 0.5197727556383993 0.6602049425817346
vt 0.5197820720338252 0.660209464639663
vt 0.5197816098146807 0.6602185926238737
vt 0.5197820720338252 0.660209464639663
vt 0.5197727556383993 0.6602049425817346
vt 0.5197741588284739 0.6601920674985997
vt 0.5197916077932018 0.660214007258284
vt 0.5197820720338252 0.660209464639663
vt 0.5197832849082398 0.6601982229824798
vt 0.5195619514073325 0.6600795150739721
vt 0.5195695251542949 0.6600810311505665
vt 0.519569987493663 0.6600940623765948
vt 0.5195543597175101 0.6600788923715137
vt 0.5195619514073325 0.6600795150739721
vt 0.5195603355215619 0.6600915066711783
vt 0.5195619514073325 0.6600795150739721
vt 0.5195543597175101 0.6600788923715137
vt 0.5195529628651375 0.6600632118914447
vt 0.5195695251542949 0.6600810311505665
vt 0.5195619514073325 0.6600795150739721
vt 0.5195623429275024 0.6600650702483551
vt 0.5196462568826417 0.6600356645031662
vt 0.5196555569887218 0.6600376170096893
vt 0.5196526835605921 0.6600456386410855
vt 0.5196368561877592 0.6600353683956361
vt 0.5196462568826417 0.6600356645031662
vt 0.5196455662490785 0.6600471259684455
vt 0.5196462568826417 0.6600356645031662
vt 0.5196368561877592 0.6600353683956361
vt 0.5196352643318998 0.6600201113845425
vt 0.5196555569887218 0.6600376170096893
vt 0.5196462568826417 0.6600356645031662
vt 0.5196470248107132 0.6600229214161961
vt 0.5196606847172394 0.6602694667039446
vt 0.519661910418198 0.6602614581368405
vt 0.5196700710280501 0.6602641341027493
vt 0.5196607070350031 0.6602794676821159
vt 0.5196606847172394 0.6602694667039446
vt 0.519671565143692 0.6602709368346551
vt 0.5196606847172394 0.6602694667039446
vt 0.5196607070350031 0.6602794676821159
vt 0.5196467436348 0.6602769857100216
vt 0.519661910418198 0.6602614581368405
vt 0.5196606847172394 0.6602694667039446
vt 0.5196468308483263 0.6602665587245093
vt 0.5196626797711741 0.6602899074008821
vt 0.5196607070350031 0.6602794676821159
vt 0.5196710204165836 0.6602809046197482
vt 0.5196636077613004 0.6602987754328766
vt 0.5196626797711741 0.6602899074008821
vt 0.5196709959333106 0.6602909700841733
vt 0.5196626797711741 0.6602899074008821
vt 0.5196636077613004 0.6602987754328766
vt 0.5196575322829287 0.6602964408077325
vt 0.5196607070350031 0.6602794676821159
vt 0.5196626797711741 0.6602899074008821
vt 0.5196543708948405 0.6602888086300442
vt 0.5197561194482049 0.6602060127050664
vt 0.5197657038707258 0.6602057464040648
vt 0.51976826439046 0.6602145750681578
vt 0.5197438169193807 0.6602042498639179
vt 0.5197561194482049 0.6602060127050664
vt 0.5197557763858364 0.6602129783478264
vt 0.5197561194482049 0.6602060127050664
vt 0.5197438169193807 0.6602042498639179
vt 0.5197445262911915 0.6601965601054116
vt 0.5197657038707258 0.6602057464040648
vt 0.5197561194482049 0.6602060127050664
vt 0.5197566867465278 0.6601984675346015
vt 0.5197315256303219 0.6602021080212992
vt 0.5197438169193807 0.6602042498639179
vt 0.5197431784661996 0.6602112760879806
vt 0.5197222100500557 0.6601986782998652
vt 0.5197315256303219 0.6602021080212992
vt 0.519730559898514 0.660209060572425
vt 0.5197315256303219 0.6602021080212992
vt 0.5197222100500557 0.6601986782998652
vt 0.5197254454144417 0.6601927675414985
vt 0.5197438169193807 0.6602042498639179
vt 0.5197315256303219 0.6602021080212992
vt 0.5197323683258084 0.6601946259991679
vt 0.5197174578194395 0.6601910661438173
vt 0.5197222100500557 0.6601986782998652
vt 0.5197179336185542 0.6602065201411369
vt 0.5197127055624539 0.6601834645236523
vt 0.5197174578194395 0.6601910661438173
vt 0.5197115589508217 0.6601974718290486
vt 0.5197174578194395 0.6601910661438173
vt 0.5197127055624539 0.6601834645236523
vt 0.5197209042079787 0.660171681770396
vt 0.5197222100500557 0.6601986782998652
vt 0.5197174578194395 0.6601910661438173
vt 0.5197233988162259 0.6601846429314332
vt 0.5197737534111466 0.6602574998717218
vt 0.5197833817226272 0.6602599175671076
vt 0.5197807536580452 0.6602680136424562
vt 0.519764041706271 0.6602561082344411
vt 0.5197737534111466 0.6602574998717218
vt 0.5197733343539138 0.6602694248469719
vt 0.5197737534111466 0.6602574998717218
vt 0.519764041706271 0.6602561082344411
vt 0.5197652343488108 0.6602408234062016
vt 0.5197833817226272 0.6602599175671076
vt 0.5197737534111466 0.6602574998717218
vt 0.5197749085879981 0.660242843698233
vt 0.519800881902205 0.6600888561502765
vt 0.5198084292586002 0.6600895371669149
vt 0.5198087444599089 0.6601032363068896
vt 0.5197933480205602 0.6600881532094867
vt 0.519800881902205 0.6600888561502765
vt 0.5197991698827394 0.6601007443648916
vt 0.519800881902205 0.6600888561502765
vt 0.5197933480205602 0.6600881532094867
vt 0.5197920883420527 0.6600723990823452
vt 0.5198084292586002 0.6600895371669149
vt 0.519800881902205 0.6600888561502765
vt 0.5198014569430586 0.6600733338265707
vt 0.5196817365096201 0.6600841529745857
vt 0.5196910869738258 0.6600873815183272
vt 0.5196870731117562 0.6600952762786791
vt 0.5196713994121569 0.6600806237927213
vt 0.5196817365096201 0.6600841529745857
vt 0.5196794103049734 0.660095640548314
vt 0.5196817365096201 0.6600841529745857
vt 0.5196713994121569 0.6600806237927213
vt 0.5196759921240186 0.6600729006738726
vt 0.5196910869738258 0.6600873815183272
vt 0.5196817365096201 0.6600841529745857
vt 0.5196840634554976 0.6600727017998387
vt 0.5198906500307223 0.6602435398386178
vt 0.5198998659718227 0.6602418733016238
vt 0.5199016380508891 0.6602585193792533
vt 0.5198807369051512 0.6602436391677481
vt 0.5198906500307223 0.6602435398386178
vt 0.5198903915551348 0.6602598542230068
vt 0.5198906500307223 0.6602435398386178
vt 0.5198807369051512 0.6602436391677481
vt 0.5198830031827159 0.6602255163061997
vt 0.5198998659718227 0.6602418733016238
vt 0.5198906500307223 0.6602435398386178
vt 0.5198923276897098 0.6602300568527626
vt 0.5198711462926722 0.6602426736362385
vt 0.5198807369051512 0.6602436391677481
vt 0.5198793014324125 0.6602614064301784
vt 0.5198614927503468 0.6602408261968162
vt 0.5198711462926722 0.6602426736362385
vt 0.5198697998679713 0.6602612449086258
vt 0.5198711462926722 0.6602426736362385
vt 0.5198614927503468 0.6602408261968162
vt 0.5198629679427488 0.6602232661096522
vt 0.5198807369051512 0.6602436391677481
vt 0.5198711462926722 0.6602426736362385
vt 0.5198727906034327 0.6602248038087648
vt 0.519851481951667 0.6602381071172012
vt 0.5198614927503468 0.6602408261968162
vt 0.5198604533034926 0.66025887172712
vt 0.5198426244271834 0.660236073650709
vt 0.519851481951667 0.6602381071172012
vt 0.5198498356816705 0.6602545768280677
vt 0.519851481951667 0.6602381071172012
vt 0.5198426244271834 0.660236073650709
vt 0.5198449534483398 0.6602208818323971
vt 0.5198614927503468 0.6602408261968162
vt 0.519851481951667 0.6602381071172012
vt 0.5198532003205525 0.6602214902307927
vt 0.5198993783680087 0.660174274493976
vt 0.5199072004372233 0.6601743634828698
vt 0.5199066909632349 0.6601898105487716
vt 0.5198925299199108 0.6601744800222702
vt 0.5198993783680087 0.660174274493976
vt 0.5198999602840463 0.6601848563208594
vt 0.5198993783680087 0.660174274493976
vt 0.5198925299199108 0.6601744800222702
vt 0.5198859814993744 0.6601593825272446
vt 0.5199072004372233 0.6601743634828698
vt 0.5198993783680087 0.660174274493976
vt 0.5198993917847438 0.6601595961974221
vt 0.5196960460435446 0.6600112226318195
vt 0.5197032181597117 0.6600119365261625
vt 0.519702129631461 0.6600200613025453
vt 0.5196868318169636 0.6600109919958944
vt 0.5196960460435446 0.6600112226318195
vt 0.5196971410986613 0.66002231384951
vt 0.5196960460435446 0.6600112226318195
vt 0.5196868318169636 0.6600109919958944
vt 0.5196855157700934 0.6599978555346754
vt 0.5197032181597117 0.6600119365261625
vt 0.5196960460435446 0.6600112226318195
vt 0.5196946094063056 0.6599974116522307
vt 0.5196772008045529 0.6600089835768149
vt 0.5196868318169636 0.6600109919958944
vt 0.5196878759032225 0.660021646204229
vt 0.5196686013367585 0.6600043334032581
vt 0.5196772008045529 0.6600089835768149
vt 0.5196778053975709 0.6600184739353783
vt 0.5196772008045529 0.6600089835768149
vt 0.5196686013367585 0.6600043334032581
vt 0.519670390439916 0.6599966951384881
vt 0.5196868318169636 0.6600109919958944
vt 0.5196772008045529 0.6600089835768149
vt 0.5196763613142851 0.659997657386872
vt 0.5196302085357972 0.6599575336035264
vt 0.5196279289130228 0.6599691506125743
vt 0.5196191706005434 0.6599711041235945
vt 0.5196323508645972 0.6599470601762983
vt 0.5196302085357972 0.6599575336035264
vt 0.5196212470698608 0.6599561711119593
vt 0.5196302085357972 0.6599575336035264
vt 0.5196323508645972 0.6599470601762983
vt 0.5196469687497924 0.6599454997452774
vt 0.5196279289130228 0.6599691506125743
vt 0.5196302085357972 0.6599575336035264
vt 0.5196391622475426 0.6599588706075823
vt 0.5196956697795521 0.6599818394961688
vt 0.5197030931881669 0.6599838039351558
vt 0.5197015701372347 0.6599924084767155
vt 0.5196881793953265 0.6599805249956741
vt 0.5196956697795521 0.6599818394961688
vt 0.51969566949496 0.6599939480253336
vt 0.5196956697795521 0.6599818394961688
vt 0.5196881793953265 0.6599805249956741
vt 0.5196897199293368 0.6599715649812661
vt 0.5197030931881669 0.6599838039351558
vt 0.5196956697795521 0.6599818394961688
vt 0.5196956604193537 0.6599697310244602
vt 0.5195429446627361 0.6598927710621985
vt 0.5195333207645141 0.6598918674251109
vt 0.5195311486691176 0.659875915940948
vt 0.5195553683472017 0.6598942105392767
vt 0.5195429446627361 0.6598927710621985
vt 0.5195436452783736 0.6598774315581504
vt 0.5195429446627361 0.6598927710621985
vt 0.5195553683472017 0.6598942105392767
vt 0.5195547116237224 0.6599057976772753
vt 0.5195333207645141 0.6598918674251109
vt 0.5195429446627361 0.6598927710621985
vt 0.5195421447413692 0.6599045143805531
vt 0.5195678338539241 0.6598956278146166
vt 0.5195553683472017 0.6598942105392767
vt 0.5195562165327661 0.6598787926961693
vt 0.5195775548904766 0.6598959176962094
vt 0.5195678338539241 0.6598956278146166
vt 0.5195687910891629 0.6598802526330261
vt 0.5195678338539241 0.6598956278146166
vt 0.5195775548904766 0.6598959176962094
vt 0.5195750614633043 0.6599030198340297
vt 0.5195553683472017 0.6598942105392767
vt 0.5195678338539241 0.6598956278146166
vt 0.5195673354068363 0.6599064592006882
vt 0.51979089863489 0.6599829501953928
vt 0.519797987993464 0.659979120519026
vt 0.5198008008400412 0.6599939802122518
vt 0.5197837975782832 0.6599867586209853
vt 0.51979089863489 0.6599829501953928
vt 0.5197908879617499 0.6599921394191581
vt 0.51979089863489 0.6599829501953928
vt 0.5197837975782832 0.6599867586209853
vt 0.5197814170974698 0.6599757000306883
vt 0.519797987993464 0.659979120519026
vt 0.51979089863489 0.6599829501953928
vt 0.5197907897641012 0.659972797086809
vt 0.5197755070751783 0.6600294898178269
vt 0.5197849087206768 0.660027283941526
vt 0.5197837841037453 0.6600327490148239
vt 0.5197657336084767 0.6600297788567571
vt 0.5197755070751783 0.6600294898178269
vt 0.5197769085013663 0.660035326430442
vt 0.5197755070751783 0.6600294898178269
vt 0.5197657336084767 0.6600297788567571
vt 0.5197667733976247 0.6600228521988214
vt 0.5197849087206768 0.660027283941526
vt 0.5197755070751783 0.6600294898178269
vt 0.5197738402525277 0.6600217272004649
vt 0.5197589369637213 0.6600245681632382
vt 0.5197657336084767 0.6600297788567571
vt 0.5197644712036746 0.6600378032399521
vt 0.5197521906390935 0.6600194369506798
vt 0.5197589369637213 0.6600245681632382
vt 0.5197556552674844 0.660032859214129
vt 0.5197589369637213 0.6600245681632382
vt 0.5197521906390935 0.6600194369506798
vt 0.5197548471464215 0.6600030373170216
vt 0.5197657336084767 0.6600297788567571
vt 0.5197589369637213 0.6600245681632382
vt 0.5197621359998478 0.6600162221365256
vt 0.519602522194615 0.6602343335117022
vt 0.519612061469316 0.6602368754031145
vt 0.5196093288298639 0.6602448858859826
vt 0.5195899947682826 0.6602329931227346
vt 0.519602522194615 0.6602343335117022
vt 0.519601924169668 0.6602461639712593
vt 0.519602522194615 0.6602343335117022
vt 0.5195899947682826 0.6602329931227346
vt 0.5195906491342821 0.6602186164852992
vt 0.519612061469316 0.6602368754031145
vt 0.519602522194615 0.6602343335117022
vt 0.5196030964832705 0.6602225074063168
vt 0.5195775420104964 0.6602317167809207
vt 0.5195899947682826 0.6602329931227346
vt 0.5195896493406431 0.6602448431556234
vt 0.5195688621350263 0.6602310304870898
vt 0.5195775420104964 0.6602317167809207
vt 0.5195778604487515 0.6602435804217218
vt 0.5195775420104964 0.6602317167809207
vt 0.5195688621350263 0.6602310304870898
vt 0.5195655984528189 0.6602162965215881
vt 0.5195899947682826 0.6602329931227346
vt 0.5195775420104964 0.6602317167809207
vt 0.5195780240865048 0.6602183772977465
vt 0.5196935327782163 0.6600383815990428
vt 0.5197004185884438 0.6600391758326672
vt 0.5196982754455414 0.6600486764292872
vt 0.5196840099013182 0.6600395355314774
vt 0.5196935327782163 0.6600383815990428
vt 0.5196930762134857 0.6600512955898827
vt 0.5196935327782163 0.6600383815990428
vt 0.5196840099013182 0.6600395355314774
vt 0.5196849934606403 0.6600252661680783
vt 0.5197004185884438 0.6600391758326672
vt 0.5196935327782163 0.6600383815990428
vt 0.5196941708983961 0.6600249758373609
vt 0.5196748358253451 0.6600404016487287
vt 0.5196840099013182 0.6600395355314774
vt 0.5196830709131366 0.6600527246738106
vt 0.5196669754568721 0.6600377048915462
vt 0.5196748358253451 0.6600404016487287
vt 0.5196737922399552 0.660052737571085
vt 0.5196748358253451 0.6600404016487287
vt 0.5196669754568721 0.6600377048915462
vt 0.5196690508268607 0.660027881424359
vt 0.5196840099013182 0.6600395355314774
vt 0.5196748358253451 0.6600404016487287
vt 0.5196755405536287 0.660026572099187
vt 0.5197481115407009 0.6603754526507174
vt 0.5197606326537089 0.6603759133794542
vt 0.5197681481418477 0.6603883741691264
vt 0.5197327611134402 0.6603737103285727
vt 0.5197481115407009 0.6603754526507174
vt 0.5197517269313013 0.6603864530042787
vt 0.5197481115407009 0.6603754526507174
vt 0.5197327611134402 0.6603737103285727
vt 0.5197324498054253 0.6603641193071745
vt 0.5197606326537089 0.6603759133794542
vt 0.5197481115407009 0.6603754526507174
vt 0.5197456956696436 0.6603656429114129
vt 0.5197192608676693 0.6603721903779619
vt 0.5197327611134402 0.6603737103285727
vt 0.5197333792634323 0.6603844843107943
vt 0.519706725794421 0.6603707729498765
vt 0.5197192608676693 0.6603721903779619
vt 0.5197188918478277 0.6603828535182938
vt 0.5197192608676693 0.6603721903779619
vt 0.519706725794421 0.6603707729498765
vt 0.5197071406216559 0.6603612517421893
vt 0.5197327611134402 0.6603737103285727
vt 0.5197192608676693 0.6603721903779619
vt 0.5197196750835263 0.6603626708613786
vt 0.5196941870089343 0.6603693551049716
vt 0.519706725794421 0.6603707729498765
vt 0.5197063551374032 0.6603814364864118
vt 0.5196817053073979 0.6603673512430509
vt 0.5196941870089343 0.6603693551049716
vt 0.5196938173739879 0.6603800193362973
vt 0.5196941870089343 0.6603693551049716
vt 0.5196817053073979 0.6603673512430509
vt 0.519682168974583 0.6603554324367766
vt 0.519706725794421 0.6603707729498765
vt 0.5196941870089343 0.6603693551049716
vt 0.5196946046646578 0.6603598307052032
vt 0.5197450466577558 0.6602675582818723
vt 0.5197579585464175 0.6602711392471092
vt 0.5197577159211069 0.6602826281489409
vt 0.5197321019645071 0.6602648789710426
vt 0.5197450466577558 0.6602675582818723
vt 0.51974492807071 0.6602814442660287
vt 0.5197450466577558 0.6602675582818723
vt 0.5197321019645071 0.6602648789710426
vt 0.5197327459338796 0.6602515037523954
vt 0.5197579585464175 0.6602711392471092
vt 0.5197450466577558 0.6602675582818723
vt 0.5197452260447938 0.660256181234721
vt 0.5197194063517929 0.6602626032115343
vt 0.5197321019645071 0.6602648789710426
vt 0.5197318847147598 0.6602799756358081
vt 0.5197058601526092 0.6602618809015048
vt 0.5197194063517929 0.6602626032115343
vt 0.5197188969073716 0.6602788284839118
vt 0.5197194063517929 0.6602626032115343
vt 0.5197058601526092 0.6602618809015048
vt 0.5197064155912688 0.6602465644010052
vt 0.5197321019645071 0.6602648789710426
vt 0.5197194063517929 0.6602626032115343
vt 0.5197196633873629 0.6602504368014936
vt 0.5195475567912813 0.6599694690332356
vt 0.5195600552855687 0.6599715287136136
vt 0.5195583816637015 0.6599869522830939
vt 0.5195380401703834 0.6599674230842207
vt 0.5195475567912813 0.6599694690332356
vt 0.51954581554586 0.6599847162703045
vt 0.5195475567912813 0.6599694690332356
vt 0.5195380401703834 0.6599674230842207
vt 0.5195413076516782 0.6599589980135248
vt 0.5195600552855687 0.6599715287136136
vt 0.5195475567912813 0.6599694690332356
vt 0.519548785832529 0.6599581254544783
vt 0.5199111527151009 0.6603825525773714
vt 0.5199187123286886 0.6603823665577665
vt 0.5199194625692932 0.660398011340269
vt 0.5199018397927226 0.6603823858604176
vt 0.5199111527151009 0.6603825525773714
vt 0.5199118590296329 0.6603980887105805
vt 0.5199111527151009 0.6603825525773714
vt 0.5199018397927226 0.6603823858604176
vt 0.5199019479428407 0.66036626029135
vt 0.5199187123286886 0.6603823665577665
vt 0.5199111527151009 0.6603825525773714
vt 0.5199113875590429 0.6603703707576513
vt 0.5198920491316136 0.6603824866219065
vt 0.5199018397927226 0.6603823858604176
vt 0.5199024889237656 0.6603981698716795
vt 0.5198821145320283 0.6603826368436216
vt 0.5198920491316136 0.6603824866219065
vt 0.5198919946206761 0.6603988291577146
vt 0.5198920491316136 0.6603824866219065
vt 0.5198821145320283 0.6603826368436216
vt 0.5198825303092037 0.6603655842150238
vt 0.5199018397927226 0.6603823858604176
vt 0.5198920491316136 0.6603824866219065
vt 0.5198921235661914 0.6603660718827604
vt 0.5198724064989585 0.6603821948813652
vt 0.5198821145320283 0.6603826368436216
vt 0.5198815466811358 0.6603999706502105
vt 0.5198626499592144 0.6603812599528309
vt 0.5198724064989585 0.6603821948813652
vt 0.5198721224926219 0.6604000627464238
vt 0.5198724064989585 0.6603821948813652
vt 0.5198626499592144 0.6603812599528309
vt 0.5198630435060393 0.6603643724272265
vt 0.5198821145320283 0.6603826368436216
vt 0.5198724064989585 0.6603821948813652
vt 0.5198728096043367 0.6603650189647359
vt 0.5198526635936844 0.6603798714519408
vt 0.5198626499592144 0.6603812599528309
vt 0.5198627165801544 0.6603987165533194
vt 0.5198427793310455 0.6603786444366432
vt 0.5198526635936844 0.6603798714519408
vt 0.5198523538513952 0.6603962539108681
vt 0.5198526635936844 0.6603798714519408
vt 0.5198427793310455 0.6603786444366432
vt 0.5198437991803162 0.6603626604709932
vt 0.5198626499592144 0.6603812599528309
vt 0.5198526635936844 0.6603798714519408
vt 0.5198533687423659 0.6603635990220571
vt 0.5198333648455249 0.6603775474998228
vt 0.5198427793310455 0.6603786444366432
vt 0.5198419190844464 0.660394366198056
vt 0.519823938213775 0.6603765675743949
vt 0.5198333648455249 0.6603775474998228
vt 0.5198325561636731 0.6603932358056588
vt 0.5198333648455249 0.6603775474998228
vt 0.519823938213775 0.6603765675743949
vt 0.5198247942308628 0.6603608547070353
vt 0.5198427793310455 0.6603786444366432
vt 0.5198333648455249 0.6603775474998228
vt 0.519834320189488 0.6603615393132004
vt 0.5198143941274658 0.6603758322889666
vt 0.519823938213775 0.6603765675743949
vt 0.5198232771512035 0.6603923269485847
vt 0.5198050013282778 0.6603750993422273
vt 0.5198143941274658 0.6603758322889666
vt 0.5198133171009235 0.6603917049377244
vt 0.5198143941274658 0.6603758322889666
vt 0.5198050013282778 0.6603750993422273
vt 0.5198061983867587 0.6603622368498476
vt 0.519823938213775 0.6603765675743949
vt 0.5198143941274658 0.6603758322889666
vt 0.5198153769842454 0.6603634713604806
vt 0.5197959929224679 0.6603739237862272
vt 0.5198050013282778 0.6603750993422273
vt 0.5198033311233947 0.66039120715032
vt 0.5197857320759637 0.6603707488833376
vt 0.5197959929224679 0.6603739237862272
vt 0.5197939652500406 0.6603898924292007
vt 0.5197959929224679 0.6603739237862272
vt 0.5197857320759637 0.6603707488833376
vt 0.5197879212901027 0.6603584232100006
vt 0.5198050013282778 0.6603750993422273
vt 0.5197959929224679 0.6603739237862272
vt 0.5197970344084655 0.6603606594234266
vt 0.5197586502497081 0.6599826986093371
vt 0.5197682820500382 0.6599813693903964
vt 0.5197711965546823 0.6599883568334938
vt 0.5197492330906733 0.6599793969451055
vt 0.5197586502497081 0.6599826986093371
vt 0.5197583735107719 0.6599886772726491
vt 0.5197586502497081 0.6599826986093371
vt 0.5197492330906733 0.6599793969451055
vt 0.5197519424062337 0.6599740160375387
vt 0.5197682820500382 0.6599813693903964
vt 0.5197586502497081 0.6599826986093371
vt 0.5197589502389381 0.6599762267984115
vt 0.5197668511862118 0.6600547777620316
vt 0.519774330189762 0.6600596572231814
vt 0.5197759603201888 0.6600685232233441
vt 0.5197593415121748 0.6600499616490108
vt 0.5197668511862118 0.6600547777620316
vt 0.5197665980634966 0.6600661336316711
vt 0.5197668511862118 0.6600547777620316
vt 0.5197593415121748 0.6600499616490108
vt 0.5197590745960692 0.6600362902076895
vt 0.519774330189762 0.6600596572231814
vt 0.5197668511862118 0.6600547777620316
vt 0.5197685392668773 0.6600468480490433
vt 0.5197486504049922 0.6601290560451931
vt 0.519758270142606 0.6601318331630792
vt 0.5197573084807829 0.6601462831231004
vt 0.5197359768228921 0.660127686937066
vt 0.5197486504049922 0.6601290560451931
vt 0.5197476486997666 0.6601446916315513
vt 0.5197486504049922 0.6601290560451931
vt 0.5197359768228921 0.660127686937066
vt 0.519736757561689 0.660110903248748
vt 0.519758270142606 0.6601318331630792
vt 0.5197486504049922 0.6601290560451931
vt 0.5197491478436962 0.6601170361536456
vt 0.5197233964573844 0.6601263657910055
vt 0.5197359768228921 0.660127686937066
vt 0.5197351505525668 0.6601432244461822
vt 0.5197137332147324 0.6601253675072098
vt 0.5197233964573844 0.6601263657910055
vt 0.5197226430627752 0.6601418511203823
vt 0.5197233964573844 0.6601263657910055
vt 0.5197137332147324 0.6601253675072098
vt 0.5197114865449034 0.6601094791210924
vt 0.5197359768228921 0.660127686937066
vt 0.5197233964573844 0.6601263657910055
vt 0.5197241398668578 0.66010983925885
vt 0.5197853538834797 0.6601227140584158
vt 0.5197929219970981 0.6601232872394197
vt 0.5197925900614426 0.6601389060305753
vt 0.5197777601335002 0.6601233169927034
vt 0.5197853538834797 0.6601227140584158
vt 0.5197850198781347 0.6601383513550885
vt 0.5197853538834797 0.6601227140584158
vt 0.5197777601335002 0.6601233169927034
vt 0.5197784058767676 0.6601158257152483
vt 0.5197929219970981 0.6601232872394197
vt 0.5197853538834797 0.6601227140584158
vt 0.5197843213836773 0.6601115642327637
vt 0.5198350359757314 0.6601875461723884
vt 0.5198448713578846 0.6601850549786961
vt 0.5198449677529673 0.6601999308017765
vt 0.5198220982408188 0.660189835527903
vt 0.5198350359757314 0.6601875461723884
vt 0.519834277093174 0.6601961591662848
vt 0.5198350359757314 0.6601875461723884
vt 0.5198220982408188 0.660189835527903
vt 0.5198228461784264 0.6601812769682639
vt 0.5198448713578846 0.6601850549786961
vt 0.5198350359757314 0.6601875461723884
vt 0.5198358230129202 0.6601779689093117
vt 0.5198092597443391 0.660191731106482
vt 0.5198220982408188 0.660189835527903
vt 0.5198215952102642 0.660196691190775
vt 0.519796600839342 0.6601916451579233
vt 0.5198092597443391 0.660191731106482
vt 0.5198087061050255 0.660199750112037
vt 0.5198092597443391 0.660191731106482
vt 0.519796600839342 0.6601916451579233
vt 0.5197976323861248 0.6601802026631247
vt 0.5198220982408188 0.660189835527903
vt 0.5198092597443391 0.660191731106482
vt 0.519810158138826 0.6601816840768125
vt 0.5197843659719663 0.6601878026920598
vt 0.519796600839342 0.6601916451579233
vt 0.5197954891706336 0.6602045817000175
vt 0.51977529353828 0.6601821337321812
vt 0.5197843659719663 0.6601878026920598
vt 0.5197832849082398 0.6601982229824798
vt 0.5197843659719663 0.6601878026920598
vt 0.51977529353828 0.6601821337321812
vt 0.5197781661902765 0.6601756730405257
vt 0.519796600839342 0.6601916451579233
vt 0.5197843659719663 0.6601878026920598
vt 0.519785197608512 0.6601776930933196
vt 0.5195626894137753 0.6600531412143572
vt 0.5195700846426218 0.6600578261118163
vt 0.5195698515782913 0.6600679197100612
vt 0.5195540135775525 0.6600485082428733
vt 0.5195626894137753 0.6600531412143572
vt 0.5195623429275024 0.6600650702483551
vt 0.5195626894137753 0.6600531412143572
vt 0.5195540135775525 0.6600485082428733
vt 0.5195550140726884 0.6600328051585571
vt 0.5195700846426218 0.6600578261118163
vt 0.5195626894137753 0.6600531412143572
vt 0.5195638126761366 0.6600444484287825
vt 0.5195450890072121 0.6600461584365926
vt 0.5195540135775525 0.6600485082428733
vt 0.5195529628651375 0.6600632118914447
vt 0.5195376179826188 0.6600456406914659
vt 0.5195450890072121 0.6600461584365926
vt 0.5195439622805319 0.6600581487047569
vt 0.5195450890072121 0.6600461584365926
vt 0.5195376179826188 0.6600456406914659
vt 0.519538165870728 0.6600283995716466
vt 0.5195540135775525 0.6600485082428733
vt 0.5195450890072121 0.6600461584365926
vt 0.5195456838280906 0.6600297781203891
vt 0.5198211763632838 0.6601028461529275
vt 0.5198307070521785 0.6601041905086507
vt 0.5198279899980476 0.6601128883365115
vt 0.5198116032321659 0.6601019235992458
vt 0.5198211763632838 0.6601028461529275
vt 0.519820481766658 0.6601146306134809
vt 0.5198211763632838 0.6601028461529275
vt 0.5198116032321659 0.6601019235992458
vt 0.5198095057014531 0.6600848307899978
vt 0.5198307070521785 0.6601041905086507
vt 0.5198211763632838 0.6601028461529275
vt 0.5198221257991775 0.6600855704100586
vt 0.5196348736068248 0.6602439693156785
vt 0.5196365084495644 0.6602359445560452
vt 0.5196446226273819 0.6602389774435646
vt 0.5196339227507597 0.6602539272451555
vt 0.5196348736068248 0.6602439693156785
vt 0.5196459469646211 0.6602457828192
vt 0.5196348736068248 0.6602439693156785
vt 0.5196339227507597 0.6602539272451555
vt 0.5196230398592461 0.6602521937204877
vt 0.5196365084495644 0.6602359445560452
vt 0.5196348736068248 0.6602439693156785
vt 0.5196237853823551 0.6602422033569303
vt 0.5196328929303665 0.6602637509039465
vt 0.5196339227507597 0.6602539272451555
vt 0.5196481782804304 0.660256449627477
vt 0.5196324067984037 0.6602719380298021
vt 0.5196328929303665 0.6602637509039465
vt 0.5196468308483263 0.6602665587245093
vt 0.5196328929303665 0.6602637509039465
vt 0.5196324067984037 0.6602719380298021
vt 0.5196253110784368 0.6602695404228713
vt 0.5196339227507597 0.6602539272451555
vt 0.5196328929303665 0.6602637509039465
vt 0.5196226692679354 0.6602622373110263
vt 0.5198265146839208 0.6602395303569686
vt 0.5198363025791388 0.6602330750012322
vt 0.5198377038890011 0.6602495903986751
vt 0.5198132421730476 0.6602372859495209
vt 0.5198265146839208 0.6602395303569686
vt 0.5198262398404749 0.6602507220872842
vt 0.5198265146839208 0.6602395303569686
vt 0.5198132421730476 0.6602372859495209
vt 0.5198140755394222 0.6602282717196177
vt 0.5198363025791388 0.6602330750012322
vt 0.5198265146839208 0.6602395303569686
vt 0.5198268296931985 0.6602249152203896
vt 0.519800737843478 0.6602364526617296
vt 0.5198132421730476 0.6602372859495209
vt 0.5198124805695732 0.6602511682956597
vt 0.5197881977921283 0.6602340402777752
vt 0.519800737843478 0.6602364526617296
vt 0.5197999273403647 0.6602499099690764
vt 0.519800737843478 0.6602364526617296
vt 0.5197881977921283 0.6602340402777752
vt 0.5197887895239925 0.6602249520422871
vt 0.5198132421730476 0.6602372859495209
vt 0.519800737843478 0.6602364526617296
vt 0.5198013356714463 0.660227779409186
vt 0.5197758490474634 0.6602299465251629
vt 0.5197881977921283 0.6602340402777752
vt 0.5197874776950413 0.6602458716986364
vt 0.5197664482589917 0.6602259107102635
vt 0.5197758490474634 0.6602299465251629
vt 0.5197749085879981 0.660242843698233
vt 0.5197758490474634 0.6602299465251629
vt 0.5197664482589917 0.6602259107102635
vt 0.5197691735809579 0.6602186148870767
vt 0.5197881977921283 0.6602340402777752
vt 0.5197758490474634 0.6602299465251629
vt 0.519776377596457 0.660219701537275
vt 0.5198021965374631 0.6600579658832417
vt 0.5198096205729315 0.6600593702216158
vt 0.5198089979184157 0.6600742637360955
vt 0.5197931757188125 0.6600567526079117
vt 0.5198021965374631 0.6600579658832417
vt 0.5198014569430586 0.6600733338265707
vt 0.5198021965374631 0.6600579658832417
vt 0.5197931757188125 0.6600567526079117
vt 0.5197941790569718 0.6600448481128407
vt 0.5198096205729315 0.6600593702216158
vt 0.5198021965374631 0.6600579658832417
vt 0.519803239937995 0.6600468112540534
vt 0.5197840584450298 0.6600554218555534
vt 0.5197931757188125 0.6600567526079117
vt 0.5197920883420527 0.6600723990823452
vt 0.5197765068464981 0.6600552689170641
vt 0.5197840584450298 0.6600554218555534
vt 0.5197830835627719 0.6600675440190567
vt 0.5197840584450298 0.6600554218555534
vt 0.5197765068464981 0.6600552689170641
vt 0.5197766364718066 0.6600382937547301
vt 0.5197931757188125 0.6600567526079117
vt 0.5197840584450298 0.6600554218555534
vt 0.5197850790962857 0.660043294292264
vt 0.5198997747943429 0.6600191285365085
vt 0.519909795339166 0.6600204985784022
vt 0.5199070986463527 0.6600295350506873
vt 0.5198893766588165 0.66001771483942
vt 0.5198997747943429 0.6600191285365085
vt 0.5198993973326285 0.660031545112174
vt 0.5198997747943429 0.6600191285365085
vt 0.5198893766588165 0.66001771483942
vt 0.5198904605370872 0.660000247976793
vt 0.519909795339166 0.6600204985784022
vt 0.5198997747943429 0.6600191285365085
vt 0.5199009632976295 0.6600013264850666
vt 0.5198742248908452 0.6602083255536944
vt 0.5198823663959388 0.6602093422396242
vt 0.5198830031827159 0.6602255163061997
vt 0.5198646521872344 0.6602067368004098
vt 0.5198742248908452 0.6602083255536944
vt 0.5198727906034327 0.6602248038087648
vt 0.5198742248908452 0.6602083255536944
vt 0.5198646521872344 0.6602067368004098
vt 0.5198664810769328 0.6601916113008242
vt 0.5198823663959388 0.6602093422396242
vt 0.5198742248908452 0.6602083255536944
vt 0.5198754463272085 0.6601920149859167
vt 0.5198549150353559 0.6602047821152166
vt 0.5198646521872344 0.6602067368004098
vt 0.5198629679427488 0.6602232661096522
vt 0.5198468921703749 0.6602048258514588
vt 0.5198549150353559 0.6602047821152166
vt 0.5198532003205525 0.6602214902307927
vt 0.5198549150353559 0.6602047821152166
vt 0.5198468921703749 0.6602048258514588
vt 0.5198500171338151 0.6601874539736646
vt 0.5198646521872344 0.6602067368004098
vt 0.5198549150353559 0.6602047821152166
vt 0.5198570452198819 0.6601885782831711
vt 0.5199029070883096 0.6601429578130629
vt 0.5199138716392347 0.6601442065180203
vt 0.5199092908954059 0.6601593095672063
vt 0.5198892455578518 0.6601403245783979
vt 0.5199029070883096 0.6601429578130629
vt 0.5198993917847438 0.6601595961974221
vt 0.5199029070883096 0.6601429578130629
vt 0.5198892455578518 0.6601403245783979
vt 0.5198989532752853 0.6601261651929864
vt 0.5199138716392347 0.6601442065180203
vt 0.5199029070883096 0.6601429578130629
vt 0.5199071249175103 0.6601275479877644
vt 0.5198770099019434 0.6601349403052144
vt 0.5198892455578518 0.6601403245783979
vt 0.5198859814993744 0.6601593825272446
vt 0.519867929164232 0.6601301446847329
vt 0.5198770099019434 0.6601349403052144
vt 0.5198738203114305 0.6601484486731941
vt 0.5198770099019434 0.6601349403052144
vt 0.519867929164232 0.6601301446847329
vt 0.5198686955045039 0.66011414810205
vt 0.5198892455578518 0.6601403245783979
vt 0.5198770099019434 0.6601349403052144
vt 0.5198867492710824 0.6601222658301104
vt 0.5197375488922974 0.6600119331845027
vt 0.5197449504534853 0.6600140358325093
vt 0.5197431196072485 0.6600243883336059
vt 0.5197283853975695 0.6600112945756024
vt 0.5197375488922974 0.6600119331845027
vt 0.5197372725269859 0.6600254580950378
vt 0.5197375488922974 0.6600119331845027
vt 0.5197283853975695 0.6600112945756024
vt 0.5197286190912128 0.6599991044079989
vt 0.5197449504534853 0.6600140358325093
vt 0.5197375488922974 0.6600119331845027
vt 0.5197377405974454 0.6599997371815911
vt 0.5197192443322349 0.6600106173915049
vt 0.5197283853975695 0.6600112945756024
vt 0.519727961364157 0.6600311852961415
vt 0.5197117819321743 0.6600091701095863
vt 0.5197192443322349 0.6600106173915049
vt 0.5197189225727971 0.6600241008696583
vt 0.5197192443322349 0.6600106173915049
vt 0.5197117819321743 0.6600091701095863
vt 0.519713489222311 0.6600001737456489
vt 0.5197283853975695 0.6600112945756024
vt 0.5197192443322349 0.6600106173915049
vt 0.5197194859917293 0.659998448094941
vt 0.5196565165815654 0.6601505944726305
vt 0.5196661477947371 0.6601520801994056
vt 0.5196672027054106 0.660168748898546
vt 0.5196439732239437 0.66014900207597
vt 0.5196565165815654 0.6601505944726305
vt 0.5196549384134681 0.6601623518045481
vt 0.5196565165815654 0.6601505944726305
vt 0.5196439732239437 0.66014900207597
vt 0.5196456721838539 0.6601363295319403
vt 0.5196661477947371 0.6601520801994056
vt 0.5196565165815654 0.6601505944726305
vt 0.5196580800033361 0.6601388325553174
vt 0.5196311495627138 0.6601493939565841
vt 0.5196439732239437 0.66014900207597
vt 0.5196423391150106 0.6601612541346855
vt 0.5196214145488323 0.6601482575105384
vt 0.5196311495627138 0.6601493939565841
vt 0.5196293222621499 0.6601631425655895
vt 0.5196311495627138 0.6601493939565841
vt 0.5196214145488323 0.6601482575105384
vt 0.5196255837816103 0.6601355494334912
vt 0.5196439732239437 0.66014900207597
vt 0.5196311495627138 0.6601493939565841
vt 0.5196332461318751 0.6601339569047513
vt 0.519605896308437 0.6600699195155582
vt 0.519613705340858 0.6600739137073974
vt 0.5196158559070845 0.6600966929083156
vt 0.5195980091024313 0.6600649098310221
vt 0.519605896308437 0.6600699195155582
vt 0.5196056507001872 0.6600872320715888
vt 0.519605896308437 0.6600699195155582
vt 0.5195980091024313 0.6600649098310221
vt 0.5195959841100298 0.6600435803720208
vt 0.519613705340858 0.6600739137073974
vt 0.519605896308437 0.6600699195155582
vt 0.5196062020048369 0.6600533238985977
vt 0.51963740133959 0.6599838838275724
vt 0.5196469894163788 0.659986612856023
vt 0.5196444027177342 0.6600002439718653
vt 0.5196277035047131 0.6599836106094672
vt 0.51963740133959 0.6599838838275724
vt 0.5196370960167671 0.6600021495196141
vt 0.51963740133959 0.6599838838275724
vt 0.5196277035047131 0.6599836106094672
vt 0.5196301118460143 0.6599731858280167
vt 0.5196469894163788 0.659986612856023
vt 0.51963740133959 0.6599838838275724
vt 0.519637561919624 0.6599690755138332
vt 0.5196936816292042 0.6602641717036437
vt 0.5197010531867928 0.6602615157818148
vt 0.5197037836020261 0.6602829115688259
vt 0.5196863492690857 0.6602667552661297
vt 0.5196936816292042 0.6602641717036437
vt 0.5196937004496999 0.6602785284296975
vt 0.5196936816292042 0.6602641717036437
vt 0.5196863492690857 0.6602667552661297
vt 0.5196855150023609 0.6602504324615799
vt 0.5197010531867928 0.6602615157818148
vt 0.5196936816292042 0.6602641717036437
vt 0.5196936777262768 0.6602500955976731
vt 0.5198279005425361 0.6601665517379836
vt 0.5198375152056043 0.660167338312535
vt 0.5198346397150269 0.6601764162117651
vt 0.5198182595060327 0.6601664266998416
vt 0.5198279005425361 0.6601665517379836
vt 0.5198270272540253 0.6601783460208397
vt 0.5198279005425361 0.6601665517379836
vt 0.5198182595060327 0.6601664266998416
vt 0.5198163946800903 0.6601504124289757
vt 0.5198375152056043 0.660167338312535
vt 0.5198279005425361 0.6601665517379836
vt 0.5198290693827858 0.6601508429390252
vt 0.5195851689877476 0.6600634329552431
vt 0.5195931167494572 0.6600624045275181
vt 0.5195912142665047 0.6600707812885844
vt 0.5195772295690919 0.6600645455294226
vt 0.5195851689877476 0.6600634329552431
vt 0.519585040263252 0.6600727179104943
vt 0.5195851689877476 0.6600634329552431
vt 0.5195772295690919 0.6600645455294226
vt 0.519578731201832 0.6600577375203243
vt 0.5195931167494572 0.6600624045275181
vt 0.5195851689877476 0.6600634329552431
vt 0.5195853378065356 0.6600540786709876
vt 0.5195783248059362 0.660209057741252
vt 0.5195879634124866 0.6602087694074774
vt 0.5195906491342821 0.6602186164852992
vt 0.5195659415517139 0.6602066055497666
vt 0.5195783248059362 0.660209057741252
vt 0.5195780240865048 0.6602183772977465
vt 0.5195783248059362 0.660209057741252
vt 0.5195659415517139 0.6602066055497666
vt 0.5195665734042794 0.6601945239703478
vt 0.5195879634124866 0.6602087694074774
vt 0.5195783248059362 0.660209057741252
vt 0.5195788836284104 0.6602011717610531
vt 0.5195535284829741 0.6602021547479973
vt 0.5195659415517139 0.6602066055497666
vt 0.5195655984528189 0.6602162965215881
vt 0.5195410738514131 0.6601986591007007
vt 0.5195535284829741 0.6602021547479973
vt 0.519553009520291 0.6602111134413906
vt 0.5195535284829741 0.6602021547479973
vt 0.5195410738514131 0.6601986591007007
vt 0.5195417844586211 0.6601844698260642
vt 0.5195659415517139 0.6602066055497666
vt 0.5195535284829741 0.6602021547479973
vt 0.5195542140004148 0.6601880148195625
vt 0.5195285081768171 0.660199028984737
vt 0.5195410738514131 0.6601986591007007
vt 0.5195405010294483 0.6602091604847632
vt 0.5195188036941384 0.6602010455867393
vt 0.5195285081768171 0.660199028984737
vt 0.519527952228935 0.660208158733615
vt 0.5195285081768171 0.660199028984737
vt 0.5195188036941384 0.6602010455867393
vt 0.5195162891916284 0.6601894223159982
vt 0.5195410738514131 0.6601986591007007
vt 0.5195285081768171 0.660199028984737
vt 0.5195291156094533 0.6601861254845784
vt 0.5197643605966484 0.6599671165096064
vt 0.5197719364824324 0.6599677643941797
vt 0.5197706384669937 0.6599735393367239
vt 0.5197570036205439 0.6599647610199718
vt 0.5197643605966484 0.6599671165096064
vt 0.5197647696523184 0.6599740863023581
vt 0.5197643605966484 0.6599671165096064
vt 0.5197570036205439 0.6599647610199718
vt 0.5197585079558091 0.6599577529583189
vt 0.5197719364824324 0.6599677643941797
vt 0.5197643605966484 0.6599671165096064
vt 0.5197641457217155 0.6599584609716793
vt 0.5197209886937518 0.6599856632855691
vt 0.5197189066254171 0.6599963298159717
vt 0.5197108604539213 0.6599990336055996
vt 0.5197216819814833 0.6599749803018
vt 0.5197209886937518 0.6599856632855691
vt 0.5197115176204946 0.6599850229175749
vt 0.5197209886937518 0.6599856632855691
vt 0.5197216819814833 0.6599749803018
vt 0.5197375589477419 0.6599721431988741
vt 0.5197189066254171 0.6599963298159717
vt 0.5197209886937518 0.6599856632855691
vt 0.5197294013330349 0.6599862340239985
vt 0.5196725192646413 0.6602419298597
vt 0.5196804121765345 0.6602395598287886
vt 0.5196791211362506 0.6602488467197036
vt 0.5196646032790284 0.6602446400875224
vt 0.5196725192646413 0.6602419298597
vt 0.5196728515834079 0.6602531446197004
vt 0.5196725192646413 0.6602419298597
vt 0.5196646032790284 0.6602446400875224
vt 0.5196658488150723 0.6602357430383072
vt 0.5196804121765345 0.6602395598287886
vt 0.5196725192646413 0.6602419298597
vt 0.5196721938527796 0.660230715875224
vt 0.5197457719475653 0.6602442054600363
vt 0.5197557882121869 0.6602446972693665
vt 0.5197589827273648 0.6602589060231974
vt 0.5197330589642815 0.6602411765429168
vt 0.5197457719475653 0.6602442054600363
vt 0.5197452260447938 0.660256181234721
vt 0.5197457719475653 0.6602442054600363
vt 0.5197330589642815 0.6602411765429168
vt 0.5197333902133384 0.6602321856438655
vt 0.5197557882121869 0.6602446972693665
vt 0.5197457719475653 0.6602442054600363
vt 0.5197462589360664 0.6602338673068732
vt 0.5197202331954877 0.6602395319289374
vt 0.5197330589642815 0.6602411765429168
vt 0.5197327459338796 0.6602515037523954
vt 0.519710482885923 0.660236775325464
vt 0.5197202331954877 0.6602395319289374
vt 0.5197196633873629 0.6602504368014936
vt 0.5197202331954877 0.6602395319289374
vt 0.519710482885923 0.660236775325464
vt 0.5197132938987749 0.6602301067276264
vt 0.5197330589642815 0.6602411765429168
vt 0.5197202331954877 0.6602395319289374
vt 0.5197205906769953 0.6602311299429009
vt 0.5197993105821277 0.660027287238339
vt 0.519807054536266 0.6600277547784426
vt 0.5198099494458467 0.6600378714342539
vt 0.5197912978121492 0.6600268035732686
vt 0.5197993105821277 0.660027287238339
vt 0.5198007415952534 0.6600368328742748
vt 0.5197993105821277 0.660027287238339
vt 0.5197912978121492 0.6600268035732686
vt 0.5197861252969123 0.6600110636665812
vt 0.519807054536266 0.6600277547784426
vt 0.5197993105821277 0.660027287238339
vt 0.5197981303507923 0.6600177451439568
vt 0.5195482367464563 0.6599298292369072
vt 0.5195575783478494 0.6599334025028373
vt 0.5195540258487702 0.6599411556901926
vt 0.5195387144090393 0.6599271720616062
vt 0.5195482367464563 0.6599298292369072
vt 0.5195464714808862 0.6599415532526287
vt 0.5195482367464563 0.6599298292369072
vt 0.5195387144090393 0.6599271720616062
vt 0.5195423314828159 0.6599189128084592
vt 0.5195575783478494 0.6599334025028373
vt 0.5195482367464563 0.6599298292369072
vt 0.5195499862367969 0.659918040138194
vt 0.5198922730778126 0.6603500329779888
vt 0.519899927836939 0.6603501981091295
vt 0.5199019479428407 0.66036626029135
vt 0.5198828124989644 0.6603492766026837
vt 0.5198922730778126 0.6603500329779888
vt 0.5198921235661914 0.6603660718827604
vt 0.5198922730778126 0.6603500329779888
vt 0.5198828124989644 0.6603492766026837
vt 0.5198836812964 0.660333375304021
vt 0.519899927836939 0.6603501981091295
vt 0.5198922730778126 0.6603500329779888
vt 0.5198931155332167 0.6603377061084492
vt 0.5198729610813179 0.6603486943161965
vt 0.5198828124989644 0.6603492766026837
vt 0.5198825303092037 0.6603655842150238
vt 0.5198632740125404 0.6603476816385792
vt 0.5198729610813179 0.6603486943161965
vt 0.5198728096043367 0.6603650189647359
vt 0.5198729610813179 0.6603486943161965
vt 0.5198632740125404 0.6603476816385792
vt 0.5198634681297213 0.6603322677054366
vt 0.5198828124989644 0.6603492766026837
vt 0.5198729610813179 0.6603486943161965
vt 0.5198727583050337 0.6603340960323147
vt 0.5198540026380586 0.6603467900569057
vt 0.5198632740125404 0.6603476816385792
vt 0.5198630435060393 0.6603643724272265
vt 0.5198449113495756 0.6603463417634574
vt 0.5198540026380586 0.6603467900569057
vt 0.5198533687423659 0.6603635990220571
vt 0.5198540026380586 0.6603467900569057
vt 0.5198449113495756 0.6603463417634574
vt 0.5198455830627622 0.660332858333588
vt 0.5198632740125404 0.6603476816385792
vt 0.5198540026380586 0.6603467900569057
vt 0.5198555188627739 0.6603320566275993
vt 0.5198356639393134 0.6603457218096787
vt 0.5198449113495756 0.6603463417634574
vt 0.5198437991803162 0.6603626604709932
vt 0.5198271608490965 0.6603460392139773
vt 0.5198356639393134 0.6603457218096787
vt 0.519834320189488 0.6603615393132004
vt 0.5198356639393134 0.6603457218096787
vt 0.5198271608490965 0.6603460392139773
vt 0.5198274508501546 0.6603313620867279
vt 0.5198449113495756 0.6603463417634574
vt 0.5198356639393134 0.6603457218096787
vt 0.5198368923790594 0.6603318948107215
vt 0.5199158108329338 0.6603311735475502
vt 0.519925149831037 0.6603295969983751
vt 0.5199245799812373 0.6603454914188449
vt 0.5199073922426285 0.6603328294154168
vt 0.5199158108329338 0.6603311735475502
vt 0.5199167299400803 0.6603415541449085
vt 0.5199158108329338 0.6603311735475502
vt 0.5199073922426285 0.6603328294154168
vt 0.5199012062931918 0.660318116606619
vt 0.519925149831037 0.6603295969983751
vt 0.5199158108329338 0.6603311735475502
vt 0.5199146081933853 0.6603156531768418
vt 0.5198071670127037 0.6599248199917178
vt 0.5198110964847085 0.6599183291209434
vt 0.5198161006021976 0.6599231697662384
vt 0.5198015829490332 0.6599304441653429
vt 0.5198071670127037 0.6599248199917178
vt 0.5198147871217705 0.6599288738406671
vt 0.5198071670127037 0.6599248199917178
vt 0.5198015829490332 0.6599304441653429
vt 0.519795113580027 0.6599249877938815
vt 0.5198110964847085 0.6599183291209434
vt 0.5198071670127037 0.6599248199917178
vt 0.5197976393079873 0.6599197679300595
vt 0.5196192408198959 0.6600231172098672
vt 0.5196305923924431 0.6600269267188744
vt 0.519635168671258 0.6600368419112081
vt 0.5196079415140566 0.6600207269346003
vt 0.5196192408198959 0.6600231172098672
vt 0.5196193027284375 0.6600328982110741
vt 0.5196192408198959 0.6600231172098672
vt 0.5196079415140566 0.6600207269346003
vt 0.5196054346065841 0.660007306759021
vt 0.5196305923924431 0.6600269267188744
vt 0.5196192408198959 0.6600231172098672
vt 0.5196185014453969 0.6600131968687079
vt 0.5196010890810706 0.6600256766382503
vt 0.5196079415140566 0.6600207269346003
vt 0.5196102838003168 0.6600289357485405
vt 0.5195947169682102 0.6600315873414873
vt 0.5196010890810706 0.6600256766382503
vt 0.5196048092276242 0.6600333170712698
vt 0.5196010890810706 0.6600256766382503
vt 0.5195947169682102 0.6600315873414873
vt 0.5195934536104094 0.6600253912177954
vt 0.5196079415140566 0.6600207269346003
vt 0.5196010890810706 0.6600256766382503
vt 0.5195978518643513 0.6600181115271457
vt 0.5199291261224633 0.6599830912462084
vt 0.5199389677240631 0.6599840661625095
vt 0.5199406249023334 0.6600033936846077
vt 0.5199153171881358 0.6599826880629283
vt 0.5199291261224633 0.6599830912462084
vt 0.5199275706233407 0.6599998641131777
vt 0.5199291261224633 0.6599830912462084
vt 0.5199153171881358 0.6599826880629283
vt 0.5199170261750868 0.6599596507876077
vt 0.5199389677240631 0.6599840661625095
vt 0.5199291261224633 0.6599830912462084
vt 0.5199297735559762 0.6599610305218274
vt 0.5199045231995385 0.6599820304380208
vt 0.5199153171881358 0.6599826880629283
vt 0.5199142137075992 0.660003703783989
vt 0.5198919148141532 0.6599806030185149
vt 0.5199045231995385 0.6599820304380208
vt 0.5199009632976295 0.6600013264850666
vt 0.5199045231995385 0.6599820304380208
vt 0.5198919148141532 0.6599806030185149
vt 0.5198946473213202 0.6599693919172429
vt 0.5199153171881358 0.6599826880629283
vt 0.5199045231995385 0.6599820304380208
vt 0.5199033309659583 0.6599645998119452
vt 0.5198766567846443 0.6601753603977119
vt 0.5198846977429133 0.6601731130664235
vt 0.5198836731681212 0.6601923785254625
vt 0.5198666551741701 0.6601782671429608
vt 0.5198766567846443 0.6601753603977119
vt 0.5198754463272085 0.6601920149859167
vt 0.5198766567846443 0.6601753603977119
vt 0.5198666551741701 0.6601782671429608
vt 0.5198693730931633 0.6601634764662836
vt 0.5198846977429133 0.6601731130664235
vt 0.5198766567846443 0.6601753603977119
vt 0.519879080599601 0.6601609849727326
vt 0.519859499660375 0.6601782618051566
vt 0.5198666551741701 0.6601782671429608
vt 0.5198664810769328 0.6601916113008242
vt 0.5198503811571018 0.6601720450596575
vt 0.519859499660375 0.6601782618051566
vt 0.5198570452198819 0.6601885782831711
vt 0.519859499660375 0.6601782618051566
vt 0.5198503811571018 0.6601720450596575
vt 0.5198529836628357 0.6601648842682001
vt 0.5198666551741701 0.6601782671429608
vt 0.519859499660375 0.6601782618051566
vt 0.5198598560617809 0.6601637831500443
vt 0.5199087658856602 0.6601158768075065
vt 0.5199198303781203 0.6601160597272493
vt 0.5199245538735802 0.6601314914084484
vt 0.5198950105358116 0.6601141248882078
vt 0.5199087658856602 0.6601158768075065
vt 0.5199071249175103 0.6601275479877644
vt 0.5199087658856602 0.6601158768075065
vt 0.5198950105358116 0.6601141248882078
vt 0.519896694470638 0.6601055138139037
vt 0.5199198303781203 0.6601160597272493
vt 0.5199087658856602 0.6601158768075065
vt 0.5199099943267383 0.6601063403174351
vt 0.5198823519894741 0.6601112878501852
vt 0.5198950105358116 0.6601141248882078
vt 0.5198989532752853 0.6601261651929864
vt 0.5198734778011395 0.6601061028927058
vt 0.5198823519894741 0.6601112878501852
vt 0.5198867492710824 0.6601222658301104
vt 0.5198823519894741 0.6601112878501852
vt 0.5198734778011395 0.6601061028927058
vt 0.5198773715628746 0.660099310329285
vt 0.5198950105358116 0.6601141248882078
vt 0.5198823519894741 0.6601112878501852
vt 0.5198840712792806 0.6601028659028847
vt 0.5196705383924266 0.6603626723779663
vt 0.5196782870710214 0.6603686896117664
vt 0.5196789657561617 0.6603783746265572
vt 0.5196617979917403 0.6603553120637897
vt 0.5196705383924266 0.6603626723779663
vt 0.5196693854607815 0.6603734250369515
vt 0.5196705383924266 0.6603626723779663
vt 0.5196617979917403 0.6603553120637897
vt 0.5196637209786531 0.6603342612439778
vt 0.5196782870710214 0.6603686896117664
vt 0.5196705383924266 0.6603626723779663
vt 0.5196717446881145 0.6603519327301706
vt 0.5196526336264906 0.6603519362464314
vt 0.5196617979917403 0.6603553120637897
vt 0.5196604725478271 0.6603704788534563
vt 0.5196450846192747 0.6603504376155456
vt 0.5196526336264906 0.6603519362464314
vt 0.5196514427913961 0.6603686739077769
vt 0.5196526336264906 0.6603519362464314
vt 0.5196450846192747 0.6603504376155456
vt 0.5196471473144746 0.6603296251352617
vt 0.5196617979917403 0.6603553120637897
vt 0.5196526336264906 0.6603519362464314
vt 0.5196546619742094 0.6603312054589832
vt 0.5198786823574776 0.6599372411894983
vt 0.5198900387789018 0.6599375482768296
vt 0.5198903364549363 0.6599540487617634
vt 0.5198650624189647 0.6599348200592092
vt 0.5198786823574776 0.6599372411894983
vt 0.519877268459912 0.6599504953928546
vt 0.5198786823574776 0.6599372411894983
vt 0.5198650624189647 0.6599348200592092
vt 0.5198658610976813 0.6599202862065343
vt 0.5198900387789018 0.6599375482768296
vt 0.5198786823574776 0.6599372411894983
vt 0.5198786083829977 0.6599214983112882
vt 0.5198513358033486 0.6599342187435369
vt 0.5198650624189647 0.6599348200592092
vt 0.5198641143210304 0.6599493066979124
vt 0.5198402181895382 0.6599325320850331
vt 0.5198513358033486 0.6599342187435369
vt 0.5198513324163616 0.6599479617231493
vt 0.5198513358033486 0.6599342187435369
vt 0.5198402181895382 0.6599325320850331
vt 0.5198402278370503 0.6599170857206114
vt 0.5198650624189647 0.6599348200592092
vt 0.5198513358033486 0.6599342187435369
vt 0.5198530669423822 0.6599185214877425
vt 0.5198267622864087 0.6599299957696086
vt 0.5198402181895382 0.6599325320850331
vt 0.5198385342129553 0.6599465915598415
vt 0.5198170464856862 0.65992709419937
vt 0.5198267622864087 0.6599299957696086
vt 0.5198255178315058 0.6599448499429246
vt 0.5198267622864087 0.6599299957696086
vt 0.5198170464856862 0.65992709419937
vt 0.5198202229144424 0.6599164755555328
vt 0.5198402181895382 0.6599325320850331
vt 0.5198267622864087 0.6599299957696086
vt 0.5198275890028681 0.6599158072432446
vt 0.5195462896834349 0.6600111969360589
vt 0.5195537618057825 0.6600147677265503
vt 0.5195550140726884 0.6600328051585571
vt 0.5195388063714081 0.6600076553456342
vt 0.5195462896834349 0.6600111969360589
vt 0.5195456838280906 0.6600297781203891
vt 0.5195462896834349 0.6600111969360589
vt 0.5195388063714081 0.6600076553456342
vt 0.519538809951676 0.6599843597714503
vt 0.5195537618057825 0.6600147677265503
vt 0.5195462896834349 0.6600111969360589
vt 0.5195481250449226 0.6599963294210336
vt 0.5198234228244242 0.660064148712723
vt 0.519833045296969 0.6600663659273722
vt 0.5198318042808444 0.6600869829338056
vt 0.5198108637519109 0.6600627596264415
vt 0.5198234228244242 0.660064148712723
vt 0.5198221257991775 0.6600855704100586
vt 0.5198234228244242 0.660064148712723
vt 0.5198108637519109 0.6600627596264415
vt 0.519811853042574 0.6600403611128347
vt 0.519833045296969 0.6600663659273722
vt 0.5198234228244242 0.660064148712723
vt 0.519824216660814 0.6600464324310336
vt 0.5198445079785528 0.6600976689101543
vt 0.5198570651609371 0.6600990530653222
vt 0.5198560942535039 0.6601211489603558
vt 0.5198348238832136 0.6600964209957203
vt 0.5198445079785528 0.6600976689101543
vt 0.5198437219597111 0.6601153790306138
vt 0.5198445079785528 0.6600976689101543
vt 0.5198348238832136 0.6600964209957203
vt 0.5198361334674076 0.6600746151166275
vt 0.5198570651609371 0.6600990530653222
vt 0.5198445079785528 0.6600976689101543
vt 0.5198458273797418 0.6600757797439412
vt 0.5198144046378276 0.6603378494711676
vt 0.5198221897290544 0.6603385677299403
vt 0.5198226219056842 0.6603592355131809
vt 0.5198048886555926 0.6603365301940436
vt 0.5198144046378276 0.6603378494711676
vt 0.5198127620075015 0.6603562169561351
vt 0.5198144046378276 0.6603378494711676
vt 0.5198048886555926 0.6603365301940436
vt 0.5198067673930082 0.6603144084980996
vt 0.5198221897290544 0.6603385677299403
vt 0.5198144046378276 0.6603378494711676
vt 0.5198159477705337 0.6603155301323129
vt 0.5197953879190559 0.6603351757231297
vt 0.5198048886555926 0.6603365301940436
vt 0.5198035104283523 0.6603548564754294
vt 0.519785699535407 0.6603340978362457
vt 0.5197953879190559 0.6603351757231297
vt 0.5197941955843356 0.6603536277640458
vt 0.5197953879190559 0.6603351757231297
vt 0.519785699535407 0.6603340978362457
vt 0.519787600243394 0.6603117161093919
vt 0.5198048886555926 0.6603365301940436
vt 0.5197953879190559 0.6603351757231297
vt 0.5197958542426063 0.6603122016535703
vt 0.5197760736589248 0.6603334406764202
vt 0.519785699535407 0.6603340978362457
vt 0.5197849721362112 0.6603526108702051
vt 0.5197683152722946 0.660331785522315
vt 0.5197760736589248 0.6603334406764202
vt 0.5197757949633606 0.660351878117369
vt 0.5197760736589248 0.6603334406764202
vt 0.5197683152722946 0.660331785522315
vt 0.5197687341889924 0.6603127087068444
vt 0.519785699535407 0.6603340978362457
vt 0.5197760736589248 0.6603334406764202
vt 0.5197764129464215 0.6603124464258503
vt 0.5199165172383602 0.6602524258927311
vt 0.5199261790196753 0.6602553770607196
vt 0.5199283401315885 0.6602753752500043
vt 0.519906873204894 0.6602505308771458
vt 0.5199165172383602 0.6602524258927311
vt 0.5199157608851098 0.6602687148503088
vt 0.5199165172383602 0.6602524258927311
vt 0.519906873204894 0.6602505308771458
vt 0.5199077646883898 0.6602350147683345
vt 0.5199261790196753 0.6602553770607196
vt 0.5199165172383602 0.6602524258927311
vt 0.5199173574971365 0.66023572975736
vt 0.5195413608011209 0.6601044040220553
vt 0.5195488231938507 0.6601006924212274
vt 0.519550258908878 0.6601187615799508
vt 0.5195339331256736 0.660108884806234
vt 0.5195413608011209 0.6601044040220553
vt 0.5195405871895813 0.6601177717034986
vt 0.5195413608011209 0.6601044040220553
vt 0.5195339331256736 0.660108884806234
vt 0.5195317238774365 0.660090612197485
vt 0.5195488231938507 0.6601006924212274
vt 0.5195413608011209 0.6601044040220553
vt 0.5195409823032977 0.6600876940865867
vt 0.5198553602400658 0.6601376402317676
vt 0.5198651165967085 0.660137889544709
vt 0.5198622601666804 0.6601461533349371
vt 0.5198428620812499 0.6601359931375959
vt 0.5198553602400658 0.6601376402317676
vt 0.5198545800939789 0.6601491045249819
vt 0.5198553602400658 0.6601376402317676
vt 0.5198428620812499 0.6601359931375959
vt 0.5198439135594122 0.660121545063314
vt 0.5198651165967085 0.660137889544709
vt 0.5198553602400658 0.6601376402317676
vt 0.5198563953619713 0.6601232172579342
vt 0.5198303355988483 0.6601342959889216
vt 0.5198428620812499 0.6601359931375959
vt 0.5198417065137375 0.6601519137908203
vt 0.5198178108387994 0.6601325463000953
vt 0.5198303355988483 0.6601342959889216
vt 0.5198290693827858 0.6601508429390252
vt 0.5198303355988483 0.6601342959889216
vt 0.5198178108387994 0.6601325463000953
vt 0.5198189414880333 0.6601180883577702
vt 0.5198428620812499 0.6601359931375959
vt 0.5198303355988483 0.6601342959889216
vt 0.5198314271629074 0.6601198383375768
vt 0.5198052923085851 0.6601307504168487
vt 0.5198178108387994 0.6601325463000953
vt 0.5198163946800903 0.6601504124289757
vt 0.5197956106815278 0.6601300055571158
vt 0.5198052923085851 0.6601307504168487
vt 0.5198041007972357 0.6601456351516497
vt 0.5198052923085851 0.6601307504168487
vt 0.5197956106815278 0.6601300055571158
vt 0.5197938295039577 0.6601127009992026
vt 0.5198178108387994 0.6601325463000953
vt 0.5198052923085851 0.6601307504168487
vt 0.5198064487193378 0.6601163012460355
vt 0.5195769149795808 0.660016210725547
vt 0.5195844356505557 0.6600175989381027
vt 0.5195815644565343 0.6600295503736925
vt 0.5195693230884554 0.6600151133396204
vt 0.5195769149795808 0.660016210725547
vt 0.5195746946149875 0.6600343656792877
vt 0.5195769149795808 0.660016210725547
vt 0.5195693230884554 0.6600151133396204
vt 0.519572336547392 0.6600023645583633
vt 0.5195844356505557 0.6600175989381027
vt 0.5195769149795808 0.660016210725547
vt 0.5195790081091372 0.6599983930621485
vt 0.519555098706038 0.6601686633442749
vt 0.5195647750507615 0.6601684694768539
vt 0.5195665734042794 0.6601945239703478
vt 0.5195425562427952 0.6601691002669848
vt 0.519555098706038 0.6601686633442749
vt 0.5195542140004148 0.6601880148195625
vt 0.519555098706038 0.6601686633442749
vt 0.5195425562427952 0.6601691002669848
vt 0.5195433037318796 0.6601547827098213
vt 0.5195647750507615 0.6601684694768539
vt 0.519555098706038 0.6601686633442749
vt 0.5195561381223734 0.6601514768246097
vt 0.5195298720499252 0.6601708227444778
vt 0.5195425562427952 0.6601691002669848
vt 0.5195417844586211 0.6601844698260642
vt 0.5195172786705686 0.6601700134535897
vt 0.5195298720499252 0.6601708227444778
vt 0.5195291156094533 0.6601861254845784
vt 0.5195298720499252 0.6601708227444778
vt 0.5195172786705686 0.6601700134535897
vt 0.5195181794279429 0.6601527381042579
vt 0.5195425562427952 0.6601691002669848
vt 0.5195298720499252 0.6601708227444778
vt 0.5195306428925992 0.6601556106904503
vt 0.51950500252443 0.6601628098884473
vt 0.5195172786705686 0.6601700134535897
vt 0.5195162891916284 0.6601894223159982
vt 0.5194954214531797 0.6601553399534486
vt 0.51950500252443 0.6601628098884473
vt 0.5195040987248898 0.6601793237006901
vt 0.51950500252443 0.6601628098884473
vt 0.5194954214531797 0.6601553399534486
vt 0.5194934053734629 0.6601346033023762
vt 0.5195172786705686 0.6601700134535897
vt 0.51950500252443 0.6601628098884473
vt 0.5195059425839617 0.6601449811208427
vt 0.5197050837878817 0.6600649141115159
vt 0.5197123931435441 0.6600683072458103
vt 0.5197104669688186 0.6600826524274204
vt 0.5196974733278382 0.6600649209832606
vt 0.5197050837878817 0.6600649141115159
vt 0.5197045911404587 0.6600845873734555
vt 0.5197050837878817 0.6600649141115159
vt 0.5196974733278382 0.6600649209832606
vt 0.5196990316695119 0.6600536729720008
vt 0.5197123931435441 0.6600683072458103
vt 0.5197050837878817 0.6600649141115159
vt 0.5197053482575489 0.6600482482336869
vt 0.5196667874076479 0.6599062392885816
vt 0.5196760847632341 0.6599027348623546
vt 0.5196802562790774 0.6599253366703819
vt 0.5196542126161633 0.6599086256296711
vt 0.5196667874076479 0.6599062392885816
vt 0.5196666455745612 0.6599232224589803
vt 0.5196667874076479 0.6599062392885816
vt 0.5196542126161633 0.6599086256296711
vt 0.5196548427993382 0.6598954077125484
vt 0.5196760847632341 0.6599027348623546
vt 0.5196667874076479 0.6599062392885816
vt 0.5196670318258427 0.6598912845275542
vt 0.5196416090350352 0.6599081562310687
vt 0.5196542126161633 0.6599086256296711
vt 0.5196534135411416 0.659921899633133
vt 0.5196324732204874 0.6599049658470714
vt 0.5196416090350352 0.6599081562310687
vt 0.519640481020191 0.6599207791964243
vt 0.5196416090350352 0.6599081562310687
vt 0.5196324732204874 0.6599049658470714
vt 0.5196356493920467 0.6598954699151173
vt 0.5196542126161633 0.6599086256296711
vt 0.5196416090350352 0.6599081562310687
vt 0.5196426479391838 0.6598956287075644
vt 0.5198697748579191 0.6600435727063585
vt 0.519877915997226 0.6600453247501519
vt 0.5198823185865608 0.6600611130104601
vt 0.5198619554087823 0.6600431459231907
vt 0.5198697748579191 0.6600435727063585
vt 0.5198717541036162 0.6600578524606933
vt 0.5198697748579191 0.6600435727063585
vt 0.5198619554087823 0.6600431459231907
vt 0.5198566822396482 0.6600239749190646
vt 0.519877915997226 0.6600453247501519
vt 0.5198697748579191 0.6600435727063585
vt 0.5198677671808368 0.6600292944589
vt 0.5196965192343054 0.6601908533324785
vt 0.5197065221531657 0.66019239251386
vt 0.5197009259495001 0.6602024740023837
vt 0.5196852807467816 0.6601901533876638
vt 0.5196965192343054 0.6601908533324785
vt 0.5196927121462552 0.6602035534281969
vt 0.5196965192343054 0.6601908533324785
vt 0.5196852807467816 0.6601901533876638
vt 0.5196907254215725 0.6601817501052853
vt 0.5197065221531657 0.66019239251386
vt 0.5196965192343054 0.6601908533324785
vt 0.5197003740120356 0.6601780226285965
vt 0.5198728089588096 0.6603219562531127
vt 0.5198808949453292 0.6603192188093547
vt 0.5198836812964 0.660333375304021
vt 0.5198638347196152 0.6603204030607117
vt 0.5198728089588096 0.6603219562531127
vt 0.5198727583050337 0.6603340960323147
vt 0.5198728089588096 0.6603219562531127
vt 0.5198638347196152 0.6603204030607117
vt 0.5198640126331967 0.6603084943640091
vt 0.5198808949453292 0.6603192188093547
vt 0.5198728089588096 0.6603219562531127
vt 0.5198730202078918 0.6603090469436739
vt 0.5198550062151233 0.660320024108561
vt 0.5198638347196152 0.6603204030607117
vt 0.5198634681297213 0.6603322677054366
vt 0.5198456593382619 0.6603213583627874
vt 0.5198550062151233 0.660320024108561
vt 0.5198555188627739 0.6603320566275993
vt 0.5198550062151233 0.660320024108561
vt 0.5198456593382619 0.6603213583627874
vt 0.5198459457379891 0.6603075961179425
vt 0.5198638347196152 0.6603204030607117
vt 0.5198550062151233 0.660320024108561
vt 0.5198549687922988 0.6603079799069831
vt 0.519837276835091 0.6603198165386595
vt 0.5198456593382619 0.6603213583627874
vt 0.5198455830627622 0.660332858333588
vt 0.5198290397818369 0.6603170095147619
vt 0.519837276835091 0.6603198165386595
vt 0.5198368923790594 0.6603318948107215
vt 0.519837276835091 0.6603198165386595
vt 0.5198290397818369 0.6603170095147619
vt 0.5198309646801108 0.6603065591576749
vt 0.5198456593382619 0.6603213583627874
vt 0.519837276835091 0.6603198165386595
vt 0.5198368582307353 0.6603069179478003
vt 0.5199149168426327 0.6602960682613765
vt 0.5199259062418974 0.6602986294239694
vt 0.5199258432631864 0.6603141020066228
vt 0.5199003107990505 0.6602907325258129
vt 0.5199149168426327 0.6602960682613765
vt 0.5199146081933853 0.6603156531768418
vt 0.5199149168426327 0.6602960682613765
vt 0.5199003107990505 0.6602907325258129
vt 0.5199022008673928 0.6602697166653564
vt 0.5199259062418974 0.6602986294239694
vt 0.5199149168426327 0.6602960682613765
vt 0.5199150618264036 0.6602792061302336
vt 0.519889378635008 0.6602867445070014
vt 0.5199003107990505 0.6602907325258129
vt 0.5199012062931918 0.660318116606619
vt 0.519874445681429 0.6602830444380843
vt 0.519889378635008 0.6602867445070014
vt 0.5198864267663966 0.6603094998557721
vt 0.519889378635008 0.6602867445070014
vt 0.519874445681429 0.6602830444380843
vt 0.5198757803756289 0.6602639034391824
vt 0.5199003107990505 0.6602907325258129
vt 0.519889378635008 0.6602867445070014
vt 0.5198886204595594 0.660266129178928
vt 0.519860012684144 0.6602795903423254
vt 0.519874445681429 0.6602830444380843
vt 0.5198733935910965 0.6603023636308525
vt 0.5198500202846921 0.6602777060152396
vt 0.519860012684144 0.6602795903423254
vt 0.5198604520889499 0.6602995247081193
vt 0.519860012684144 0.6602795903423254
vt 0.5198500202846921 0.6602777060152396
vt 0.5198494811611784 0.6602601899118412
vt 0.519874445681429 0.6602830444380843
vt 0.519860012684144 0.6602795903423254
vt 0.5198628679784754 0.6602617990740026
vt 0.5198352257237847 0.6602770128850366
vt 0.5198500202846921 0.6602777060152396
vt 0.5198470341418775 0.6602979372376789
vt 0.5198249057099893 0.6602761084170886
vt 0.5198352257237847 0.6602770128850366
vt 0.5198337875712788 0.6602959078567596
vt 0.5198352257237847 0.6602770128850366
vt 0.5198249057099893 0.6602761084170886
vt 0.5198231847622821 0.6602549467200827
vt 0.5198500202846921 0.6602777060152396
vt 0.5198352257237847 0.6602770128850366
vt 0.5198365922134341 0.6602584960092732
vt 0.5196685564658469 0.6599800057953793
vt 0.5196756198077309 0.6599832365038127
vt 0.5196708307682657 0.659995308937478
vt 0.5196611853801686 0.6599776639792154
vt 0.5196685564658469 0.6599800057953793
vt 0.5196640934053943 0.6599969655301765
vt 0.5196685564658469 0.6599800057953793
vt 0.5196611853801686 0.6599776639792154
vt 0.5196654431868373 0.6599670061951168
vt 0.5196756198077309 0.6599832365038127
vt 0.5196685564658469 0.6599800057953793
vt 0.5196727335732353 0.6599639280404469
vt 0.5199032241383607 0.6599347324135012
vt 0.5199130184056919 0.6599324886114658
vt 0.5199156636721529 0.6599540857522671
vt 0.5198900387789018 0.6599375482768296
vt 0.5199032241383607 0.6599347324135012
vt 0.5199030982146703 0.6599534143600134
vt 0.5199032241383607 0.6599347324135012
vt 0.5198900387789018 0.6599375482768296
vt 0.5198913752238483 0.6599216871980316
vt 0.5199130184056919 0.6599324886114658
vt 0.5199032241383607 0.6599347324135012
vt 0.5199041011842942 0.6599189263990424
vt 0.51950396434718 0.660061734697289
vt 0.5195131997356665 0.6600628185439896
vt 0.519513235954146 0.6600770102143204
vt 0.5194964441395375 0.6600606371610995
vt 0.51950396434718 0.660061734697289
vt 0.5195041112760482 0.6600752989176246
vt 0.51950396434718 0.660061734697289
vt 0.5194964441395375 0.6600606371610995
vt 0.5194978350386511 0.6600505856781935
vt 0.5195131997356665 0.6600628185439896
vt 0.51950396434718 0.660061734697289
vt 0.5195037579058647 0.6600481626346881
vt 0.5198468552617069 0.660057101803531
vt 0.5198564391908327 0.6600580419677661
vt 0.5198584426212463 0.6600766899373081
vt 0.5198373087519744 0.6600557826083744
vt 0.5198468552617069 0.660057101803531
vt 0.5198458273797418 0.6600757797439412
vt 0.5198468552617069 0.660057101803531
vt 0.5198373087519744 0.6600557826083744
vt 0.519840087777177 0.6600460885627721
vt 0.5198564391908327 0.6600580419677661
vt 0.5198468552617069 0.660057101803531
vt 0.519847625664424 0.6600439429460419
vt 0.519816770337508 0.6602967494484502
vt 0.5198243588560465 0.6602972317422484
vt 0.5198235321105095 0.6603163799513296
vt 0.5198077599184927 0.6602958109771728
vt 0.519816770337508 0.6602967494484502
vt 0.5198159477705337 0.6603155301323129
vt 0.519816770337508 0.6602967494484502
vt 0.5198077599184927 0.6602958109771728
vt 0.5198082892295197 0.6602789363557309
vt 0.5198243588560465 0.6602972317422484
vt 0.519816770337508 0.6602967494484502
vt 0.5198176423032155 0.6602831039163735
vt 0.5197965972328821 0.6602959223242689
vt 0.5198077599184927 0.6602958109771728
vt 0.5198067673930082 0.6603144084980996
vt 0.5197886510977092 0.6602965009102733
vt 0.5197965972328821 0.6602959223242689
vt 0.5197958542426063 0.6603122016535703
vt 0.5197965972328821 0.6602959223242689
vt 0.5197886510977092 0.6602965009102733
vt 0.5197883995012919 0.6602777842037267
vt 0.5198077599184927 0.6602958109771728
vt 0.5197965972328821 0.6602959223242689
vt 0.5197982861456143 0.6602790665794304
vt 0.5197770821861485 0.6602978516960578
vt 0.5197886510977092 0.6602965009102733
vt 0.519787600243394 0.6603117161093919
vt 0.5197691285825949 0.6603013932966415
vt 0.5197770821861485 0.6602978516960578
vt 0.5197764129464215 0.6603124464258503
vt 0.5197770821861485 0.6602978516960578
vt 0.5197691285825949 0.6603013932966415
vt 0.5197697854771712 0.6602940931670884
vt 0.5197886510977092 0.6602965009102733
vt 0.5197770821861485 0.6602978516960578
vt 0.5197765757220029 0.6602881479529956
vt 0.5199178018279178 0.6602267655940899
vt 0.5199271681376643 0.6602258671480624
vt 0.5199268978027988 0.6602367851387343
vt 0.5199085411149628 0.6602246376425508
vt 0.5199178018279178 0.6602267655940899
vt 0.5199173574971365 0.66023572975736
vt 0.5199178018279178 0.6602267655940899
vt 0.5199085411149628 0.6602246376425508
vt 0.5199112286115816 0.6602179276295101
vt 0.5199271681376643 0.6602258671480624
vt 0.5199178018279178 0.6602267655940899
vt 0.5199181492713494 0.6602195684313908
vt 0.5195407426670157 0.6600724459238565
vt 0.5195482393561527 0.6600744607856617
vt 0.5195485092529651 0.6600849940901019
vt 0.5195316422710126 0.6600691645885008
vt 0.5195407426670157 0.6600724459238565
vt 0.5195409823032977 0.6600876940865867
vt 0.5195407426670157 0.6600724459238565
vt 0.5195316422710126 0.6600691645885008
vt 0.5195317294769585 0.6600471628452446
vt 0.5195482393561527 0.6600744607856617
vt 0.5195407426670157 0.6600724459238565
vt 0.5195411352856356 0.6600610142887641
vt 0.5195224352118887 0.6600656169681558
vt 0.5195316422710126 0.6600691645885008
vt 0.5195317238774365 0.660090612197485
vt 0.5195131997356665 0.6600628185439896
vt 0.5195224352118887 0.6600656169681558
vt 0.519522381916324 0.66008153775243
vt 0.5195224352118887 0.6600656169681558
vt 0.5195131997356665 0.6600628185439896
vt 0.5195129684824488 0.6600439417919772
vt 0.5195316422710126 0.6600691645885008
vt 0.5195224352118887 0.6600656169681558
vt 0.5195223492222563 0.6600444302146062
vt 0.519691800407604 0.66010639678051
vt 0.5197009914120658 0.660101004144833
vt 0.5197042529159042 0.6601213274639126
vt 0.5196822796303129 0.6601100460395823
vt 0.519691800407604 0.66010639678051
vt 0.5196924973763394 0.6601194227151155
vt 0.519691800407604 0.66010639678051
vt 0.5196822796303129 0.6601100460395823
vt 0.5196841643742747 0.6601015617999916
vt 0.5197009914120658 0.660101004144833
vt 0.519691800407604 0.66010639678051
vt 0.5196912534487551 0.660094345170858
vt 0.5197992761973309 0.6602671406552345
vt 0.5198068669114523 0.660265835996436
vt 0.5198082892295197 0.6602789363557309
vt 0.5197919911303034 0.6602640432319136
vt 0.5197992761973309 0.6602671406552345
vt 0.5197982861456143 0.6602790665794304
vt 0.5197992761973309 0.6602671406552345
vt 0.5197919911303034 0.6602640432319136
vt 0.5197941937243705 0.6602548803994015
vt 0.5198068669114523 0.660265835996436
vt 0.5197992761973309 0.6602671406552345
vt 0.5197999437275512 0.6602562198181889
vt 0.5199202806675722 0.660176251711958
vt 0.5199298116017287 0.6601813533699283
vt 0.5199306293055784 0.6601952911794199
vt 0.5199110940504817 0.6601700378573135
vt 0.5199202806675722 0.660176251711958
vt 0.5199193785119601 0.6601916775535195
vt 0.5199202806675722 0.660176251711958
vt 0.5199110940504817 0.6601700378573135
vt 0.5199140561708014 0.6601612204741734
vt 0.5199298116017287 0.6601813533699283
vt 0.5199202806675722 0.660176251711958
vt 0.5199209764130196 0.66016419606416
vt 0.5195223806521646 0.6600229706807721
vt 0.5195298419518825 0.660024547962401
vt 0.5195317294769585 0.6600471628452446
vt 0.5195149160531679 0.6600238096091281
vt 0.5195223806521646 0.6600229706807721
vt 0.5195223492222563 0.6600444302146062
vt 0.5195223806521646 0.6600229706807721
vt 0.5195149160531679 0.6600238096091281
vt 0.519515992810723 0.6600142279512995
vt 0.5195298419518825 0.660024547962401
vt 0.5195223806521646 0.6600229706807721
vt 0.5195223998375872 0.6600092223770575
vt 0.5196920227868661 0.6601548935290851
vt 0.5197016007552502 0.6601513456198118
vt 0.5197044203083838 0.6601722269506825
vt 0.5196821209087779 0.6601576872282199
vt 0.5196920227868661 0.6601548935290851
vt 0.5196916347845101 0.6601714382800277
vt 0.5196920227868661 0.6601548935290851
vt 0.5196821209087779 0.6601576872282199
vt 0.5196846763359649 0.6601470638987461
vt 0.5197016007552502 0.6601513456198118
vt 0.5196920227868661 0.6601548935290851
vt 0.5196925470889577 0.6601402379908545
vt 0.5196745574829041 0.660156018199577
vt 0.5196821209087779 0.6601576872282199
vt 0.5196787844949824 0.6601717779567098
vt 0.5196495306147678 0.6600662566243399
vt 0.5196571763505488 0.6600660509783374
vt 0.5196606447354343 0.6600765496456834
vt 0.5196571763505488 0.6600660509783374
vt 0.5196495306147678 0.6600662566243399
vt 0.5196478657032703 0.6600552151075638
vt 0.5196821209087779 0.6601576872282199
vt 0.5196745574829041 0.660156018199577
vt 0.5196796049340868 0.6601438271192408
vt 0.519639916902688 0.6600615511617312
vt 0.5196495306147678 0.6600662566243399
vt 0.5196516658454322 0.6600805609320595
vt 0.519630699618201 0.6600561284649569
vt 0.519639916902688 0.6600615511617312
vt 0.5196389772499583 0.6600769376373279
vt 0.519639916902688 0.6600615511617312
vt 0.519630699618201 0.6600561284649569
vt 0.5196334697352278 0.6600454032668207
vt 0.5196495306147678 0.6600662566243399
vt 0.519639916902688 0.6600615511617312
vt 0.5196406403394629 0.6600469033542951
vt 0.5196239428463623 0.660052020372379
vt 0.519630699618201 0.6600561284649569
vt 0.51962622224029 0.6600753707095504
vt 0.5197016007552502 0.6601513456198118
vt 0.5197086515121055 0.6601486448887532
vt 0.5197133060773954 0.6601669981176146
vt 0.5197086515121055 0.6601486448887532
vt 0.5197016007552502 0.6601513456198118
vt 0.519699790170656 0.6601401769903292
vt 0.519630699618201 0.6600561284649569
vt 0.5196239428463623 0.660052020372379
vt 0.519629735633313 0.6600374050106877
vt 0.5197374620882164 0.6600414799787697
vt 0.5197469388479173 0.6600432015313151
vt 0.5197494975101548 0.6600586303702246
vt 0.5197279570679056 0.6600409741017761
vt 0.5197374620882164 0.6600414799787697
vt 0.5197365626281258 0.660056685810038
vt 0.5197374620882164 0.6600414799787697
vt 0.5197279570679056 0.6600409741017761
vt 0.5197303778333666 0.6600333610277616
vt 0.5197469388479173 0.6600432015313151
vt 0.5197374620882164 0.6600414799787697
vt 0.5197380961264438 0.66003018561718
vt 0.5197200599666691 0.6600402690529819
vt 0.5197279570679056 0.6600409741017761
vt 0.5197232051022604 0.6600583619607739
vt 0.5196028373465333 0.6599636014866355
vt 0.5196091032559176 0.6599584136480194
vt 0.5196135493305337 0.6599681021068113
vt 0.5196091032559176 0.6599584136480194
vt 0.5196028373465333 0.6599636014866355
vt 0.5196008437057107 0.6599557365218238
vt 0.5197279570679056 0.6600409741017761
vt 0.5197200599666691 0.6600402690529819
vt 0.519724921939858 0.6600311569430795
vt 0.5195931479486824 0.6599641589531753
vt 0.5196028373465333 0.6599636014866355
vt 0.519605410387773 0.6599740323991552
vt 0.519583635026441 0.6599614454022683
vt 0.5195931479486824 0.6599641589531753
vt 0.5195926648504904 0.6599731673680613
vt 0.5195931479486824 0.6599641589531753
vt 0.519583635026441 0.6599614454022683
vt 0.5195864422378128 0.6599541194891088
vt 0.5196028373465333 0.6599636014866355
vt 0.5195931479486824 0.6599641589531753
vt 0.5195936522250392 0.6599547556254162
vt 0.5195779961445112 0.6599549208640076
vt 0.519583635026441 0.6599614454022683
vt 0.5195799796278412 0.6599711769700367
vt 0.5197469388479173 0.6600432015313151
vt 0.5197548958522511 0.6600442262075915
vt 0.5197584522084865 0.6600544112926614
vt 0.5197548958522511 0.6600442262075915
vt 0.5197469388479173 0.6600432015313151
vt 0.5197453687609733 0.6600350817616197
vt 0.519583635026441 0.6599614454022683
vt 0.5195779961445112 0.6599549208640076
vt 0.5195833283470618 0.6599462705620052
vt 0.5198233612593797 0.6599831578651629
vt 0.519833368221477 0.6599845814749392
vt 0.5198357267730696 0.6599903813940378
vt 0.5198142993820645 0.6599793675187198
vt 0.5198233612593797 0.6599831578651629
vt 0.5198228701316505 0.6599887339231256
vt 0.5198233612593797 0.6599831578651629
vt 0.5198142993820645 0.6599793675187198
vt 0.5198168728071589 0.6599754632679135
vt 0.519833368221477 0.6599845814749392
vt 0.5198233612593797 0.6599831578651629
vt 0.5198237654091075 0.6599775872594984
vt 0.5198092806912549 0.6599733017088111
vt 0.5198142993820645 0.6599793675187198
vt 0.519810309647507 0.659985784850839
vt 0.5196553011121471 0.6601852331920093
vt 0.5196488371860426 0.6601891342535522
vt 0.519644745149606 0.6601830113604387
vt 0.5196488371860426 0.6601891342535522
vt 0.5196553011121471 0.6601852331920093
vt 0.5196570894768414 0.6601895920594134
vt 0.5198142993820645 0.6599793675187198
vt 0.5198092806912549 0.6599733017088111
vt 0.5198139165770771 0.6599697427023838
vt 0.5196648858206415 0.6601841834702018
vt 0.5196553011121471 0.6601852331920093
vt 0.5196525716928668 0.6601764805113569
vt 0.5196746585091282 0.6601847868030556
vt 0.5196648858206415 0.6601841834702018
vt 0.5196654105688004 0.6601777310561485
vt 0.5196648858206415 0.6601841834702018
vt 0.5196746585091282 0.6601847868030556
vt 0.5196719917335983 0.6601883864480601
vt 0.5196553011121471 0.6601852331920093
vt 0.5196648858206415 0.6601841834702018
vt 0.519664405314243 0.660189331793751
vt 0.5196804676066382 0.6601903225783148
vt 0.5196746585091282 0.6601847868030556
vt 0.5196781070487495 0.6601806883790414
vt 0.519833368221477 0.6599845814749392
vt 0.5198396743275118 0.6599798915681374
vt 0.5198427854617577 0.6599832422230067
vt 0.5198396743275118 0.6599798915681374
vt 0.519833368221477 0.6599845814749392
vt 0.5198313488695201 0.6599799798585964
vt 0.5196746585091282 0.6601847868030556
vt 0.5196804676066382 0.6601903225783148
vt 0.5196759764382496 0.6601925600693455
vt 0.5196513488484809 0.6601253265529361
vt 0.5196410186133743 0.6601301406587435
vt 0.5196379999786169 0.6601238277085519
vt 0.5196610427123751 0.660132389014495
vt 0.5196513488484809 0.6601253265529361
vt 0.51965166733324 0.6601193877129818
vt 0.5196513488484809 0.6601253265529361
vt 0.5196610427123751 0.660132389014495
vt 0.5196581993385064 0.6601367171081567
vt 0.5196410186133743 0.6601301406587435
vt 0.5196513488484809 0.6601253265529361
vt 0.5196510303951652 0.6601312648065601
vt 0.5196562651323788 0.6603132847460571
vt 0.5196637209786531 0.6603129083474224
vt 0.5196637209786531 0.6603342612439778
vt 0.5196491408633376 0.660310481373333
vt 0.5196562651323788 0.6603132847460571
vt 0.5196546619742094 0.6603312054589832
vt 0.5196562651323788 0.6603132847460571
vt 0.5196491408633376 0.660310481373333
vt 0.5196518508410799 0.6602979440361157
vt 0.5196637209786531 0.6603129083474224
vt 0.5196562651323788 0.6603132847460571
vt 0.5196578279573896 0.6602975527832793
vt 0.5199302927133193 0.6599385581231304
vt 0.5199399422910471 0.6599431234508806
vt 0.519939520899017 0.6599627754171411
vt 0.5199207610016578 0.6599336403750589
vt 0.5199302927133193 0.6599385581231304
vt 0.5199297735559762 0.6599610305218274
vt 0.5199302927133193 0.6599385581231304
vt 0.5199207610016578 0.6599336403750589
vt 0.5199234461511935 0.6599207480835982
vt 0.5199399422910471 0.6599431234508806
vt 0.5199302927133193 0.6599385581231304
vt 0.5199307189092345 0.6599212810819999
vt 0.5195186985382299 0.6598867038814051
vt 0.5195257199204293 0.6598881426990403
vt 0.5195267046080929 0.6599145224703431
vt 0.519511606721057 0.6598864385280659
vt 0.5195186985382299 0.6598867038814051
vt 0.5195172464052216 0.659910388800073
vt 0.5195186985382299 0.6598867038814051
vt 0.519511606721057 0.6598864385280659
vt 0.5195136697000675 0.6598745510252046
vt 0.5195257199204293 0.6598881426990403
vt 0.5195186985382299 0.6598867038814051
vt 0.5195197464648674 0.6598694380176011
vn 0.03460832266009014 0.995450264593658 -0.08877519204750463
vn 0.09063228414312782 0.7198422344064875 -0.6881954276480444
vn -0.17162361298146148 0.6779074464911906 -0.7148334277711019
vn -0.055515210393368604 0.8556255179550885 -0.5146095941964812
vn -0.07219057620897988 0.855454184519524 -0.5128222488296037
vn -0.08677516490654458 0.6855216901465249 -0.7228624233518395
vn 2.6590571751453223e-7 0.6621659131894241 -0.749357260196994
vn 0.09084142594208022 0.7517691883898902 -0.6531392827876878
vn 0 0.755376632681269 -0.6552908841111004
vn 0 0.6621659131894475 -0.7493572601970205
vn -0.1693069695983388 0.6460659355549989 -0.7442673961425902
vn -0.24226806872883594 0.7028440037475137 -0.6688172315891429
vn -0.25260848853784723 0.9639394548905668 -0.08372382470898845
vn -3.424832046360976e-14 0.9654974139453523 -0.2604126411387075
vn -2.534604961735132e-14 0.9999999999999992 -4.371138782611338e-8
vn 1.8814038273511414e-15 0.9999999999999992 -4.371143214708318e-8
vn 0 0.9999999999999992 -4.371143214708319e-8
vn 0 0.9999999999999991 -4.371138782608693e-8
vn 0.3160634607940793 0.8437871643201399 -0.4337362217747639
vn 0.3507763270088579 0.9364592721577233 -4.560152669227334e-8
vn 0.3268878555124134 0.872683744767561 -0.3627222236601473
vn 0.42203152286255136 0.69747234125367 -0.5791560471034037
vn -0.12253113808831301 0.8931219255820574 -0.4328040506319004
vn -0.17174434042490958 0.946947718907351 -0.2716503252127224
vn -0.3733881040871646 0.8910254962864 -0.2581760807932591
vn -0.3189010155363479 0.8519536460415883 -0.4153036567215973
vn -0.5646299405837009 0.7388450322094725 -0.3678329085003541
vn -0.4278103465118465 0.7625597206184205 -0.48526382505578397
vn -0.1672850979560044 0.8961535783641941 -0.41100420920825165
vn 0 0.9807843698652866 -0.19509489954366485
vn 0 0.9999999999999992 -4.3711392200770624e-8
vn -0.08325377162219383 0.970600166655329 -0.22584093074402503
vn 1.1347059222894734e-7 0.9741689700337449 -0.2258203219893632
vn 0 0.9999999999999991 -4.3711392200770624e-8
vn 0.24750996306850157 0.9073974256892049 -0.33965972683618667
vn 0.3287108091694977 0.9415276377421087 -0.07399264357284986
vn 0.18723700754947709 0.686431675489503 -0.7026762112727247
vn 0.20442749048692677 0.6483081681000091 -0.7334206980362825
vn 3.708217233195503e-7 0.6818231513563494 -0.7315170471522582
vn 0.17882242686302674 0.863729222054113 -0.4711627856915423
vn 0 0.8778794406638519 -0.47888170528818774
vn 1.0368924569034289e-7 0.6818231513563926 -0.7315170471523046
vn -0.1795317425552028 0.6581828729471925 -0.7311386046257387
vn 0.0736645431512915 0.692128301520623 -0.7180055357143768
vn -0.21070601883528575 0.7724703147218038 -0.5990764446213702
vn 0 0.9627781748587086 -0.2702927783270096
vn 0 0.9999999999999992 -4.371139220077066e-8
vn -0.14042625441176437 0.9612630457259633 -0.23717888606182222
vn 8.500405592256823e-8 0.9708833466769576 -0.2395527648459588
vn 0 0.9999999999999992 -4.371139220077066e-8
vn 0 0.9999999999999991 -4.3711392616752826e-8
vn 0 0.9999999999999992 -4.3711394782608634e-8
vn 0.37235697222192177 0.9280043158017192 -0.012580742867819864
vn 0.2627497331574995 0.9637883881095235 -0.04554690627154983
vn 0 0.9800754204692914 -0.19862570375442778
vn 0.14366964993078732 0.9677714882911532 -0.20682692798446561
vn 5.110802131947683e-8 0.9874144362405749 -0.15815413716910792
vn -0.020202060644660527 0.9810486417392705 -0.19270557668952476
vn 0.18350282283259955 0.9173267313496452 -0.35332475424719945
vn 0.32506702219359485 0.6869929328333988 -0.6499016397264699
vn 0.16901217302214003 0.7063449888212195 -0.6873948226001454
vn 0.1341469377366346 0.6202743458896378 -0.7728287875895058
vn -0.14734043548401074 0.6157732688356948 -0.7740245974507433
vn -0.06322811099859472 0.70289942429198 -0.7084734330301683
vn -0.290885684070485 0.7765706172966518 -0.5588591908113739
vn -0.32723576749738453 0.9445469398540034 -0.02734649671960785
vn 2.215822713682577e-14 0.9999999999999992 -4.37114017391304e-8
vn 2.317501069196496e-7 0.8893783968004211 -0.4571718137688052
vn 0 0.8893783968004451 -0.45717181376881755
vn 0 0.9999999999999992 -4.37114017391304e-8
vn 0.3507763143338051 0.9364592769055102 -2.6057997297200687e-8
vn 0.42203115937023045 0.6974720095411223 -0.5791567114583823
vn 0.04004919724523885 0.8514356035406068 -0.5229277912135238
vn 0.15916173793209398 0.7003707451496126 -0.6958077036919122
vn -0.51155200084405 0.8106889249704683 -0.2847771363060525
vn -0.027554714584941138 0.4445687619501511 -0.895320810437383
vn -0.036729358179899425 0.44443754298049093 -0.8950565482901944
vn -0.1628651851952287 0.9308847660739751 -0.3269992106148342
vn 0.23616687628684976 0.6164913012772028 -0.7511083024401028
vn -4.980910222430449e-7 0.5740547142158731 -0.8188169423542019
vn -8.730019499044352e-8 0.5740547142159779 -0.8188169423542752
vn -0.010088426996819656 0.6344056602676214 -0.7729344615561744
vn -0.16685871238436137 0.623965015607799 -0.7634303042183959
vn -0.30453709110779115 0.630933713438389 -0.7135683634988661
vn -0.29088579183399954 0.7765706950378806 -0.5588590266941121
vn -0.16281341591193232 0.9652216112399884 -0.20454591854732476
vn 0.35067083261650095 0.936177611569454 -0.024524411270459838
vn 0.4220314333757355 0.6974719865745209 -0.5791565394490625
vn 0.6069719349880343 0.7930952501192791 -0.05084283995922877
vn 0.1865488221782831 0.7213048437363674 -0.6670223829425441
vn -0.0907161149085143 0.485488032595269 -0.8695239828220268
vn -0.045698289911857363 0.9782700082063335 0.20223614252430816
vn -0.06088220454158423 0.9774764581840578 0.20207209323928577
vn -0.045498639057702996 0.48699323552401724 -0.8722198475142298
vn 0.030349777097957803 0.4872733792307406 -0.8727219172927646
vn 0.015247195850850541 0.9791792498308025 0.20242410854310935
vn -0.2738757643459033 0.9418498933889418 0.19470707236047238
vn 0.13537951074943097 0.4830099550457885 -0.8650859907523125
vn -0.09683703519453556 0.7537906416826735 -0.6499401950382481
vn -0.30016494934506144 0.9519332692854355 -0.06102502775271166
vn -0.29088566365043944 0.7765705627813768 -0.5588592771924424
vn -0.17361200223074522 0.9656015384828995 -0.1935782569424812
vn 0 0.9999999999999992 -4.371134567099687e-8
vn -0.24181535818236913 0.9687335599986446 -0.05550335376790155
vn 0.46078080398453397 0.8273357053918498 -0.3212424026543458
vn 0.4373008661962976 0.8991978624093122 0.014531230591104166
vn 0.2856491007473569 0.9419323435903838 -0.17654475732956088
vn 0.31730514058160425 0.866881308213265 -0.3844921913783776
vn 0.41919985070299437 0.692072479730619 -0.5876284267886461
vn 0.5013714234337139 0.8091346268294871 -0.3064765104042371
vn 0.31151944635680995 0.9010566804178212 -0.3017490566944053
vn 0.2296222985569703 0.7590541081411787 -0.6091883624293996
vn 0.08951603059355893 0.7767618879742236 -0.623400232320692
vn 0.14375376257650516 0.9378057908794247 -0.3159986619245637
vn 0 0.9258389273491908 -0.37791835177045874
vn 3.9568035273042273e-7 0.7899537510232293 -0.6131664302978219
vn 9.324822237936748e-8 0.7899537510232877 -0.6131664302978672
vn -0.055574567451979626 0.9244081069136284 -0.3773342276084786
vn 0.404849207228046 0.7157618358662328 -0.5690185530580026
vn 0.4950093969540145 0.5417674384593372 -0.6793038639316217
vn 0.2564235408549134 0.9010524225451993 -0.34978779212667804
vn 0.2939519013896606 0.5681811883636594 -0.768610705662537
vn -0.1320491537834347 0.6264842320618421 -0.7681669922373408
vn 0.1879907253120921 0.7160737033666859 -0.6722335446430454
vn -0.051157232040560816 0.7281179249261397 -0.6835402146261773
vn -0.06645991756308707 0.6306213798990191 -0.7732397781877008
vn 0 0.6125393550093762 -0.7904400916987305
vn -0.20789412793244627 0.7302900710172384 -0.6507353100492123
vn 0 0.7466023363410272 -0.6652705850780716
vn -1.6027641683737677e-7 0.6125393550093612 -0.790440091698726
vn -2.4041469132247417e-7 0.6125390000301598 -0.790440366784234
vn 0.17604903009199654 0.7279055100231239 -0.6626917137565878
vn 2.047576680508738e-7 0.7394547587423485 -0.6732062535161518
vn 0 0.61253900003021 -0.7904403667842316
vn -0.2591854360688223 0.5491921090367351 -0.7944878457859487
vn -0.3047619310678395 0.5851297130701317 -0.7514941012770937
vn -0.292297613521779 0.7740794907664437 -0.5615719429460809
vn -0.3564953050414946 0.8498933311464958 -0.38806239595725434
vn 0.32738682574956174 0.8670041914434494 -0.3756615475998533
vn 0.4236812272629394 0.6945812874747055 -0.5814215791961544
vn 0.28735597877647145 0.7609919222836716 -0.5816509569152436
vn 0.30066263674103705 0.953512907709371 -0.020374339241996917
vn 4.4994511144324276e-8 0.9889972797459444 -0.14793370358076036
vn -0.2024310769510597 0.9176723506568043 -0.3419051270812553
vn 0 0.9370730305804399 -0.3491334062486573
vn -0.015398153382478012 0.9888800256211004 -0.1479161647691746
vn 2.249720448890828e-8 0.9889972963079964 -0.1479335928566353
vn 0.23140092615397756 0.9195725448085322 -0.3175530604630373
vn 1.1582592741482734e-7 0.9452273579300902 -0.32641268636572296
vn 0.04615017101193278 0.9879435327700032 -0.14777597157012765
vn -0.35319017066264713 0.9353380373812393 -0.019986474804266508
vn -0.28688665424967824 0.7740922991851081 -0.5643378065979088
vn -0.2922978526659513 0.7740794439262122 -0.5615718830370339
vn -0.3674160150427171 0.8513089918979474 -0.3745376779495366
vn -0.2614385629675062 0.775782034278828 -0.5742927068000158
vn -0.33308820256777755 0.862120941770786 -0.38183730968885193
vn 0.7058224381262513 0.70644484388403 -0.05244395472485544
vn 0.6426782161350011 0.5787243033765214 -0.5020387347475221
vn 0.40683509835954634 0.6827477201274117 -0.6069108282141618
vn 0.5118902278256308 0.8590508684918629 0
vn 0.19482054571543717 0.9808389036774282 0
vn 0.14972225279619794 0.7389717118664798 -0.6568896833401754
vn 1.2691533377813623e-7 0.7798935626727997 -0.6259121590938393
vn 0 1 0
vn 0 1 0
vn 0.011233146869692552 0.7798443562362652 -0.6258726679268307
vn 1.2433063205154012e-7 0.7899542950441945 -0.6131657294249364
vn 0.05313785953660887 0.9959210896398495 -0.07292154067518525
vn 7.403566797237189e-9 0.9973301316921911 -0.0730247110150864
vn -3.382794420592199e-7 0.7899542950441555 -0.613165729424906
vn 7.33477295482221e-8 0.9322823434267711 -0.3617314364755746
vn -0.04373309721764068 0.9909087473781838 -0.12722920489082357
vn 1.2911392442578108e-8 0.991857706823603 -0.12735104795259264
vn 0.19431570521290784 0.9145121637401298 -0.35483645398825125
vn 0.4627071309922599 0.7749664665691135 -0.43049864880426175
vn 0.24012716929925043 0.9176120654310098 0.31674443947726305
vn -0.12685037744393435 0.6875614907970216 0.7149602633121008
vn 0.16180670759432916 0.6150133248815896 -0.771736483260689
vn -0.6660069289457873 0.5956568213141996 -0.44902975604971335
vn -0.6944798690840598 0.5577914297560265 0.4544958001210958
vn -0.30620658710622845 0.9098435070869139 0.2800398518506618
vn -0.21287166777933103 0.9346284300893261 -0.28487778208489306
vn 0.29727885308141216 0.9124853533183405 -0.2810618499371686
vn 0.15332509439402459 0.9394029417922752 0.30661625589828506
vn 0.20566550452703786 0.6312836612778324 0.7477851558110082
vn 0.5332621763378943 0.82603961823401 -0.18245547510333593
vn -0.3091342020076471 0.9488727769697957 -0.06384746098886032
vn -0.24941240262838302 0.6128290699904314 0.7498226352877061
vn -0.29113895907814363 0.8936447248462466 0.34152190597584114
vn -0.34089666304265903 0.7939527556324364 -0.5034168123434505
vn 0.3130825857205215 0.7406530569198421 -0.5944849399218162
vn 0.40105746373850354 0.9073067923299261 0.12628260122289034
vn 0.35073680512903976 0.8297295501094584 -0.43420337078727317
vn 0.4459710687901752 0.653110934393659 -0.6120097329108343
vn -0.31177724948956426 0.7375635612222213 -0.5989949414293217
vn -0.4321325360965687 0.8375621299069752 -0.33429201275597203
vn -0.49232289461794576 0.8704126420465806 -7.057881530418595e-7
vn -0.2514998706533133 0.9263428639151944 -0.28042238415426546
vn 0.4407489694488304 0.8407250725753143 -0.31451820022540283
vn 0.42956932868253217 0.9019351132495402 0.04453362036459592
vn 0.6593914903385281 0.5539733323254324 0.5082483738698933
vn 0.6954107942915241 0.5069715790670498 -0.5092972071404807
vn 0.056935285238271495 0.6396634931962251 -0.7665435335105502
vn -0.22662226654834505 0.5564069438648994 0.7994083193984246
vn -0.5972827680019778 0.6143143577556613 0.5156269629326466
vn -0.39571524007675846 0.6936344346433931 -0.6018975991378714
vn -0.5260097960950185 0.7574192773172911 -0.38682002631744633
vn -0.5216827605469575 0.7680736007247734 0.37136241223067734
vn 0.25441054183436435 0.9670757809625593 0.006301593385903537
vn 0.6837999568055488 0.7294729238409673 -0.016937309575017028
vn 0.7634509707470063 0.6458657873470727 0
vn 0.7634509707470063 0.6458657873470727 0
vn 0.19482054571543717 0.9808389036774282 0
vn 0.1948205457154372 0.9808389036774283 0
vn -0.4215947041832289 0.6982329046651478 0.5785574442071646
vn -0.5168868060464715 0.8560537539983825 -5.955157804415098e-7
vn 0.5168873160752698 0.8560534460418635 -5.955155662108429e-7
vn -9.634016566670575e-8 0.770009853263667 0.6380319943990714
vn 0.09686936721279242 0.9934870451511654 -0.05999847341890884
vn 0.039337121693076293 0.9972430934180866 0.06291902325076162
vn 0.3747659884074612 0.9004056628726234 0.2209527012731248
vn 0.4107388573352719 0.8872637961114228 -0.20989651541858206
vn 0.1388734160567811 0.9339466108861859 -0.3293294738205607
vn -0.06630712858725438 0.9141324860372565 0.39995645096667515
vn -0.196081032849485 0.9377544267729273 0.28665111830317025
vn -0.09252431375717377 0.9887464074631102 -0.11755761605509608
vn -0.053000616435772266 0.9144831384014717 0.40113778709668224
vn -0.060548904868502215 0.9633846795019099 0.261196840371831
vn -0.165496603464106 0.9518463764309638 0.25806849849814834
vn 0.1005642304717348 0.9111278372801503 0.3996659851461263
vn -0.1403141352656242 0.8070129271127229 0.5736218954307928
vn -0.3786922083220414 0.7379778672171297 0.5585524853170311
vn -0.046163075872988395 0.7965132579171338 0.60285620208154
vn -0.18284521204428636 0.8013356634790296 0.5695865016563364
vn -8.7309146045617e-8 0.8187757049876051 0.5741135296455248
vn -4.802532140979279e-7 0.6400626382979444 0.7683227310543691
vn -1.1684375341650259e-7 0.6400626382979641 0.7683227310544939
vn 0.11080929128077059 0.8137334251803121 0.5705779646202355
vn -8.730913541021373e-8 0.8187757041871883 0.5741135307870445
vn -4.023572721273539e-7 0.6400626733441918 0.7683227018586167
vn -1.1684379043794379e-7 0.6400626733441611 0.7683227018587386
vn -0.13245944267864312 0.8115610275555772 0.5690546499223068
vn 0.41894018420283413 0.8379025973346172 0.34986906042117777
vn 0.43208183262850064 0.6472119288905342 0.6280302612248797
vn -0.2628318613982174 0.7161637416922275 0.6465515507052293
vn 0.03636127378911428 0.6705175293187133 -0.7410020921999895
vn -0.7017161278047329 0.6181740765776311 -0.35419667845157005
vn -0.7135738164737359 0.6013534633570776 0.35942512509778046
vn -0.49232289461787365 0.8704126420466216 -7.057882093646088e-7
vn -0.492323414149843 0.870412348188687 7.057884062505703e-7
vn 0.31232263495445217 0.9397226602324257 0.13919731872705401
vn -0.06335049555691655 0.9225000304987084 0.3807629294489886
vn 0.16307111328171991 0.4906514724394506 0.8559608312335674
vn 0.3529262432642355 0.46442868992873737 0.8122493821397899
vn -0.001502700784038786 0.5124076816362054 0.8587410026839075
vn 0.0457703064038406 0.5274005602007626 0.8483830079342822
vn -0.004647063710745711 0.5282341435365326 0.8490860347462407
vn -0.34817319737014707 0.4803472023424677 0.805010552623264
vn -0.2906710449622272 0.9174071320582133 0.2717986344139557
vn -0.15417044242879865 0.7158451617070105 0.6810265627286298
vn 0.6262388742006194 0.626791307888341 0.4636351246352717
vn 0.25925852448215925 0.9656158339300863 0.019263404341853585
vn 0.5118902278256309 0.859050868491863 0
vn 0.5517160913509234 0.7778295213034997 0.30098270769801455
vn 0.18214281024559262 0.9170130784328213 0.35483941531205165
vn 0.19482054571543717 0.9808389036774282 0
vn 0 0.7700102252426352 -0.6380315454754462
vn 0.02137518017977318 0.9784589006076349 0.20533212484650573
vn -6.24666024506352e-8 0.9786825053517403 0.20537904887898614
vn 0.42159478045557897 0.6982332146640688 -0.5785570145046145
vn -0.0942538328312435 0.9783668433677999 0.18415899325079713
vn -0.26944545687548543 0.8936869209979561 0.3587796440802542
vn -0.2590515679115167 0.8963297387574967 0.35984063775719255
vn 0.014298951658637843 0.9826413442802849 0.1849635869367229
vn -0.2092311551512134 0.7239548907391966 0.6573519908609745
vn -0.24257346120249437 0.5187196462978918 0.8198097611426886
vn -0.05144255258176651 0.5339813340300859 0.8439298541296676
vn -0.1320739037848295 0.7338559674949489 0.6663421815487058
vn 0.03209998867916226 0.8363610437767736 0.547238334895705
vn 0.09499978662343658 0.5844141558500581 0.8058753842769771
vn 0.06744314758167629 0.5857326113426949 0.8076934628025313
vn -0.1558502266105361 0.8265672564401594 0.5408301743120779
vn -0.3955301823259281 0.9108765601900563 0.11772751150665255
vn -0.40808894844268256 0.5273808207656364 0.7452066022570581
vn -0.34284127103190426 0.5833068251398862 0.7363511462763229
vn -0.36444878999159863 0.49788628349977554 0.7869474748523188
vn -0.1657675740273466 0.5958633989029707 0.7857912707894428
vn -0.21172833665584326 0.6473997151342517 0.7321507497100851
vn -0.23314891900848256 0.8380704826510299 0.4932336643764758
vn -0.3876631314556554 0.6780330152926978 0.6244906137670027
vn 0.346436628084479 0.773257688018476 0.5310877617134271
vn 0.30571893673907613 0.8120326576380589 0.49713066154523217
vn 0.37761606681412063 0.8428517513104145 0.38341495979786816
vn 0.3254546292657446 0.9384581702417594 0.11565269990789559
vn 0.378813360971632 0.9064033602753166 0.18690475122636835
vn 0.3391405773481992 0.9223583302768995 0.18503723777861694
vn 0.2108889028171035 0.5906042190873054 0.7789175354714212
vn 0.3081015988133991 0.5474047916602123 0.7780882976089969
vn -0.17341960802531514 0.6197975820615182 0.7653604358882433
vn -0.16144790538920592 0.584762733349475 0.7949761754487292
vn -0.47274470188707096 0.8357989634065854 0.279199820211586
vn -0.4923234141499206 0.8704123481888535 3.6330254579050625e-7
vn -0.32837599654564076 0.8696232865225756 0.3686794602772602
vn -0.3532599595594041 0.9355252006072622 -9.111195614709904e-7
vn -0.5482099610008123 0.7010562744153074 0.45605475412763463
vn -0.5911973976845168 0.6076809070163735 0.5302919499849238
vn -0.3988243908842638 0.7633366248678437 0.5081892387400236
vn -0.00938999819890622 0.9999549744528304 -0.001370036811075228
vn -0.40840465222593486 0.909863496615094 0.07317142589541699
vn -0.39871367344803776 0.8636441879074416 0.3084576523597159
vn -1.109945213846224e-15 0.9999999999999991 -4.371138973717905e-8
vn 0 0.9999999999999992 -4.3711383494379025e-8
vn 0.2922981339591409 0.7740803274185114 0.5615705188020952
vn 0.3945330348127198 0.8337480473332993 0.3862743558785333
vn 0.2969964231136625 0.6613016506658154 0.6888201880638795
vn 0.27682903991525504 0.8017438838377126 0.5296908790874341
vn 0.23816136414768216 0.5302968238379668 0.8136734254322675
vn 0.2251472181425585 0.7361789671353008 0.6382391859720532
vn 0.07374698218019969 0.8439551616212227 0.5313201180006354
vn 0.07830977375608555 0.5974455854758015 0.7980766578028375
vn 0.15519752620376476 0.5920246750760598 0.7908353254384366
vn 0.055375619673744915 0.8449610335547484 0.5319533743852373
vn -0.20551716229834072 0.9510795106782286 0.23067392650427304
vn -0.24003592738431956 0.5704695651582139 0.7854598836305697
vn -0.6451513131488121 0.58042151297743 0.4968809217663267
vn -0.6823560464657664 0.46022661629556294 0.5679627518638398
vn -0.49962733682704874 0.6737682247821631 0.5444344805107437
vn -0.587546510434725 0.7290148980407453 0.3511785536028924
vn -0.18833793584257708 0.9626780024351973 0.19437048528502462
vn -0.2281012981498855 0.8771684297201658 0.4225462621827287
vn -8.365021154944044e-8 0.9109393036836209 0.41254040408715476
vn -6.022169716454193e-8 0.9929183382903369 0.11879887830595234
vn 0 0.9929183383304717 0.1187988779705215
vn -0.035375746598806324 0.910369130731681 0.4122821877833443
vn -0.2979470501452267 0.8777791699368755 0.37514168541324155
vn -0.290526741804697 0.9536778513862658 0.07805618535146712
vn -0.41955425417535885 0.888129299723374 -0.1876181621704778
vn -0.5162880912722688 0.7852892617270513 0.3417124262104327
vn -3.021378556901823e-7 0.8893782905898349 0.4571720203899317
vn 3.7409787385926055e-14 0.9999999999999991 -4.3711398749145004e-8
vn 0 0.9999999999999992 -4.37114017391304e-8
vn -2.3633850679095719e-7 0.8893782877387668 0.4571720259364121
vn 0.21250559909418565 0.7726285662772497 0.5982361314113206
vn 0.0941779401734453 0.9791044264364284 0.18023606109011578
vn 0.18174124266498834 0.660776923273051 0.728247195933075
vn 0.2890951991887435 0.5991130154077887 0.7466508960518347
vn 0.2570262505235217 0.46940522883151875 0.8447462563914974
vn 0.31081973718040024 0.6288036855067075 0.7127390939693771
vn 0.18773204814126526 0.5582106119361472 0.8081816570688534
vn 0.17144239083897486 0.6694923792370936 0.7227637655326061
vn -0.14699145621277201 0.9277710639476909 0.34297866508256514
vn 0.013890173514318288 0.8479879358248464 0.5298334868383257
vn -0.044742844736344094 0.847220490533487 0.5293538686598002
vn -0.28928623983388335 0.897854734381361 0.3319191880439404
vn -0.3532607343307959 0.9355249080485442 9.111199103665428e-7
vn -0.42367968728044153 0.6945847310901152 0.5814185875274541
vn -0.5603654067518441 0.719553497052325 0.4101626211584989
vn -0.5476232186222812 0.7010250147045489 -0.4568071137627568
vn -0.49809848188733735 0.8661749895007037 0.04048197012233717
vn -0.5175373204543837 0.7221454988593414 0.4589782134416507
vn -0.2820393134098112 0.8982655773981191 0.3370056055215491
vn -0.3681229761987597 0.9084958607640866 0.19778964929714798
vn 0 0.9999999999999992 -4.371135999999994e-8
vn 0 0.9999999999999992 -4.3711443478260854e-8
vn 0.29088601442181344 0.7765711547632871 0.5588582720184141
vn 0.3631000857235073 0.8507787604679243 0.3799129222390887
vn 0.22102719203812454 0.7707423677906778 0.5975811098689127
vn 0.20683929223763675 0.8488278101416463 0.4865273434420422
vn 0.19174559400262173 0.6686330698467692 0.718445158023817
vn 0.2426843743730447 0.6558027323134659 0.7148615745201001
vn 0.5525060122260117 0.8331121447834042 0.025714989179588928
vn -0.004427842848795393 0.40610258198509563 0.9138167688944787
vn 0 0.40610810852921003 0.9138250402494054
vn 0.06536587123190236 0.9973863621764651 0.03078550669538658
vn -0.5734425520850608 0.4652593565500463 0.6743125170132982
vn -0.3099478662861905 0.5555156031852572 0.7715793768643366
vn -0.24544685930576707 0.7097000908709313 0.6603647630474591
vn -0.3691141562979252 0.5643259556555276 0.7384381865761999
vn -2.428807921466505e-7 0.8777443663823749 0.47912923860263923
vn -1.1684218319511038e-7 0.7683122899618253 0.6400751714397321
vn 0 0.7683122908273989 0.6400751704007541
vn -0.11876006467840469 0.8705827922740941 0.4774742389216646
vn -1.7125606494166707e-7 0.9412052132813018 0.33783538371826893
vn -1.1461706669290289e-7 0.768312583945247 0.6400748185574597
vn 0 0.7683125827920464 0.6400748199417118
vn 0 0.941205214204197 0.3378353811471379
vn -0.2423260194638025 0.9264311080266528 0.288103284207829
vn -0.22871754656635246 0.7314498144566781 0.6423935342326849
vn -0.43216084268490285 0.803794261399363 0.40884201275226967
vn -0.49094011649146657 0.8703472133555471 -0.03838658911103548
vn 1.3014396679723242e-14 0.9999999999999992 -4.371139443588338e-8
vn 0 0.9999999999999992 -4.371136437470305e-8
vn 0 0.9999999999999991 -4.371136437470304e-8
vn 0 0.9999999999999992 -4.371139478260864e-8
vn 0 0.9914003167723151 0.13086409707690352
vn 2.4039639378500397e-14 0.9999999999999991 -4.3711397364450296e-8
vn 6.950600781942991e-15 0.9999999999999992 -4.3711397364450296e-8
vn 0.058875920919604856 0.9896805397728614 0.13063711237916456
vn 0.2558689682096036 0.9302889412706041 0.2628565328405811
vn 0 0.9621901056755355 0.272378781369074
vn 0.4902227970750578 0.8545728720105807 0.1714258313425801
vn 0.5893373265241703 0.8075069812685934 0.024778837095941694
vn 0.20010505496454264 0.8935119813145028 0.40198794288519313
vn 0.05170522467661045 0.9234977824655258 0.3801031643151603
vn 0.0688683466332609 0.9225391716000443 0.3797086089299339
vn 0.10158942436051012 0.9072387228110843 0.408163556298468
vn -0.3219152346772342 0.8594090919980911 0.3972236073972918
vn -0.422030385825076 0.6974739673767751 0.5791549173339019
vn -0.31606352840165164 0.8437873634369972 0.4337357851484463
vn -0.45114122779332405 0.6984669415924605 0.5555317489465447
vn 0 0.9858387473593964 0.16769604707582197
vn 8.83198676599333e-15 0.9999999999999992 -4.371139040792371e-8
vn 5.372329681103211e-15 0.9999999999999991 -4.371139040792371e-8
vn -0.12059114044671812 0.9762575839968768 0.17994139750024446
vn 0 0.9999999999999991 -4.371135999999994e-8
vn 0 0.9999999999999992 -4.3711383035419027e-8
vn 0.9718359129844778 0.1682235697671094 0.16503269012058588
vn 0.7097950778393182 0.03321004045294397 -0.7036249289843205
vn 0.6604068404477211 0.34472979028236156 -0.6671013242242422
vn 0.991961604864901 0.10178748257351758 -0.07517634511730334
vn 0.21021253188542263 0 -0.9776557121186991
vn 0 0 -1
vn -0.09860106785832726 0.25964714374673564 -0.9606566453012021
vn 0.1864935165882261 0.3538980365779294 -0.9165022356638546
vn 0.0000010138435261766435 0 -0.9999999999994861
vn 0 0 -1
vn 0 0.3391935726745851 -0.940716599330665
vn -0.03993639839085596 0.31550150392776005 -0.9480843238356432
vn 0 0 -1
vn 0 0.32341752301986504 -0.9462563636793653
vn -0.22963169362667107 0.3301295061077436 -0.9155783934099821
vn 0 0.3391935726745851 -0.940716599330665
vn -0.8484891502214376 0.35975322600138077 -0.3881285590343777
vn -0.9518915269181007 0.30528581601775806 -0.026515872980127152
vn -0.8336871711993437 0.3534789925655249 -0.4242856377400701
vn -0.5046122709988511 0.4697313682413952 -0.7243748322846737
vn -0.9586784104074332 0.2843728548538705 -0.00823315498074548
vn -0.7504531196072164 0.35959577720695546 -0.5545367366430495
vn -0.9093740291191288 0 -0.41597941675477396
vn -0.9601042068116024 0.15379084812362545 -0.23355574729832743
vn -0.31541678386933814 0.20049041650206903 -0.9275321263138816
vn 4.954783060780548e-7 0.21127533788586395 -0.9774265862973898
vn 5.06921249149691e-7 0 -0.9999999999998717
vn -0.23603639091329123 3.263034562387882e-7 -0.9717442164296742
vn 0 0.21127533788588987 -0.9774265862975097
vn 0.3473749193851144 0.30912627331498616 -0.885308766774945
vn 0.2360365371518113 0 -0.9717441809084228
vn 0 0 -1
vn 0.8170097265437827 0.24235025132870527 -0.5232221922030513
vn 0.9587107032074436 0.2843831703098639 -7.9132708341481e-9
vn 0.9767325853967673 0 -0.21446085102914852
vn 0.9093736462332775 0 -0.4159802537818281
vn 0.9587107064718973 0.28438315930475816 -1.38482330363266e-8
vn 0.8779915414771552 0.26043920768782763 -0.4016245413237413
vn 0.8170101360565498 0.24235069097178297 -0.523221349111786
vn 0.975012690731386 0.14029450946452385 -0.17224315233660606
vn 0.000001013842858055932 0 -0.9999999999994861
vn 0 0 -1
vn -0.025524893938497197 0.21120651373216084 -0.9771081252075101
vn 0.34737550512093995 0.30912572727596815 -0.8853087276075366
vn 0 0 -1
vn 0 0.27072175608383436 -0.9626576394455533
vn -0.406165745837219 0.2453992128531439 -0.8802321359957004
vn -0.08355211695708963 0.22321199120788757 -0.9711825012493784
vn -0.7840087017778479 0.46666306917208716 -0.4093359688660426
vn -0.6348329743898712 0.5423451308518962 -0.550317048317194
vn -0.7918550266847557 0.33453983184918196 -0.510929268705959
vn -0.7824111026861106 0.4254961694716834 -0.45473715062487374
vn -0.26326431270313777 0.2611951201729311 -0.9286920969055315
vn -0.18287542365675089 0.24675725449622193 -0.9516656118489575
vn -0.236036552216584 0 -0.9717441772491914
vn -0.07908817187435326 0.11631081592007318 -0.9900590160033793
vn -0.8978199111625519 0.2663212336696397 -0.35070273397387214
vn -0.7504527954828915 0.35959693072219384 -0.55453642726794
vn -0.9767326725261903 0 -0.21446045420973514
vn -0.9093736224746699 0 -0.4159803057204713
vn -0.3154166918601676 0.20049029609077695 -0.9275321836299917
vn 0.34737539300635323 0.3091266112119951 -0.8853084629519079
vn 0.2723097205512616 0.20329118121068504 -0.9404892937908749
vn -0.26234790710836875 0.1766555092218083 -0.9486655926602601
vn 0.8170099902344242 0.2423505752525611 -0.523221630412867
vn 0.9528753891405626 0.3032579306471569 -0.007944826607652918
vn 0.9767327419577573 0 -0.21446013799231212
vn 0.9706007801810613 0.11212012172781737 -0.21298639349886736
vn 0.9257059788390459 0.3770812893859598 -0.029633459748499468
vn 0.7921975107684658 0.4600712329026113 -0.4009458374739881
vn 0.7180803329241077 0.2925060165441392 -0.6315068216203864
vn 0.9569213764723282 0.13842605844351835 -0.25522481382909523
vn 0 0 -1
vn 5.069220200583219e-7 0 -0.9999999999998715
vn 4.3125874751839186e-7 0.3210616226959829 -0.9470583057191551
vn 0.23763244465385072 0.3865890269643118 -0.8911115224698989
vn 0 0 -1
vn 0 0.2953751467498668 -0.9553813493482561
vn -0.24266899885339266 0.31146481691191824 -0.9187499250729316
vn 4.882592482133737e-8 0.32106170419026975 -0.9470582780919228
vn -0.8527476180535971 0.34736277279010985 -0.3900776896766634
vn -0.7129605842721759 0.3815126150456506 -0.5883326693591873
vn -0.7281184429137572 0.2965958867363676 -0.6179598798141459
vn -0.5372188123492049 0.4589021060317909 -0.7076756352579174
vn -0.30432429708390746 0.2012542439598217 -0.9310657610999055
vn -0.19720657245874876 0.2358769412677428 -0.9515627338001664
vn -0.23603730545759696 0 -0.9717439942867242
vn -0.10723920710795022 0.08770385542472721 -0.990357403265355
vn -0.8996102296643363 0.26685253777982526 -0.3456749307713057
vn -0.7504525020400219 0.35959711200625005 -0.5545367068270912
vn -0.9767330693110341 0 -0.2144586470960001
vn -0.9093711350912611 0.0000020756755300032406 -0.41598574333566185
vn -0.31541731736356915 0.20049037903765654 -0.927531952991651
vn -0.20082316730299363 0.21457945985399113 -0.9558377011204169
vn -0.2974400348919024 0.20171313368728966 -0.93318874690041
vn -0.26442757058566435 0.1747110822655117 -0.9484482577598935
vn -0.799935285041627 0.2381236332868942 -0.5508181868962024
vn -0.7568981964449913 0.3942976712464575 -0.5211856355157344
vn -0.8184580722385519 0.48641715423070064 -0.3058181421329682
vn -0.6756500091960126 0.40110941160179037 -0.6185533970466041
vn -0.8430090035875423 0.5018930125168896 -0.1934921803511981
vn -0.8690530588145234 0.4527234905748919 0.1994698524760231
vn -0.9216236415077901 0.3880847894621155 0.00024413534398434148
vn -0.8288548042129696 0.4768351465045246 -0.29262254969685564
vn -0.7999344277844408 0.2381234333102253 0.5508195183122417
vn -0.7920258734012687 0.2743441230573082 0.5453717246125563
vn -0.8594108838351795 0.14932238955900148 0.488994638745688
vn -0.9422776361973438 0.3269617806933387 0.0721723651281239
vn -0.4260526635845002 0.37813988621698935 0.8218815938469208
vn -0.4539342190787944 0.6310244679302124 0.6290881064069781
vn -0.1078057897090744 0.02465423460703614 0.9938662286349931
vn -0.2382117647630665 0.01728894917918661 0.9710593428646598
vn -0.6513730936424343 0.7235966999930089 0.22830004081890112
vn -0.6916084310025326 0.7115245081434 0.12413964909531568
vn -0.6374959816662171 0.7702473348920706 0.01783021175109145
vn -0.6509997914195006 0.5815392617418633 0.48786407802224535
vn -0.7246638387368404 0.5678715301088951 0.39036424800302744
vn -0.6415011586538006 0.42227989599480775 0.6404341909083601
vn -0.6712707851581973 0.5351686504629614 0.5128255537263622
vn -0.6698286742292511 0.7403597620901061 0.05654175322861344
vn -0.18448124177924496 0.24968592452244484 0.9505911900112265
vn -0.3668007857594102 0.326413094751489 0.871155367968903
vn -0.3106228075828805 0.24174105506527035 0.9192794644205097
vn -0.43150122092207505 0.42870403805813195 0.7937377048467653
vn -0.8226536154428995 0.24402382647275242 0.5135108578329401
vn -0.8779916642972998 0.2604395626170925 0.40162404266711366
vn -0.8170112439391093 0.24235111788650324 0.5232194214058109
vn -0.8845062774816859 0.2571444333822529 0.3892626176195335
vn 0 0 1
vn 0 0 1
vn 0.003942901376570021 0.21127370772685355 0.9774189858766213
vn -0.3473744246904696 0.3091257681084672 0.8853091372861321
vn 0 0 1
vn 0 0.17109149266702806 0.9852551451969019
vn 0.363830017887163 0.21494535858987263 0.9063256649267402
vn 0.012083620097019486 0.21582338020090597 0.9763576469122399
vn 0.8535961948410125 0.3448337696624303 0.39046537292485073
vn 0.6945747852902524 0.5831279996095006 0.42134024696250205
vn 0.9130281837592276 0.3291402907976586 0.24092779963084193
vn 0.8277256301918589 0.42562280697157145 0.36567131048132673
vn 0.3166276272388481 0.3973483376976051 0.8613136735232103
vn 0.17748883656151365 0.410527085057405 0.8944077511573292
vn 0.2452333154378757 0.3077512070399307 0.9193203008553728
vn 0.25491835933336965 0.30487756278696326 0.9176417066501851
vn 0.8682519962312991 0.35075458168301415 0.3508699110336167
vn 0.7138711290273985 0.38100825081867995 0.5875548688839516
vn 0.7514192241826079 0.30355652230235447 0.585852018257604
vn 0.5438465357945385 0.4565851407275529 0.7041029433052247
vn 0.30457401049360816 0.20123736274465623 0.9309877528557587
vn -5.05288001900196e-7 0.2112753453633848 0.9774265846810836
vn -0.1055295999748948 0.21009565894628257 0.9719687842832536
vn 0.22550178206022445 0.19475104502774987 0.9545789526007068
vn 0 0.21127533424376238 0.9774265870847726
vn -0.4732162678170918 0.42111146698035945 0.7737774203547891
vn -0.11724453185823949 0 0.9931030760949956
vn -0.10802552093333835 0.11058115237042745 0.9879788942925396
vn -0.8975312443352372 0.4316313803659653 0.09017769638559178
vn -0.7814737357709431 0.5048407377537701 -0.36665328282239
vn -0.8675634212243046 0.49715650708160836 -0.013004523059096903
vn -0.8857154016951213 0.2908138888110571 0.3618501199041394
vn -0.7788377190551254 0.6199847340353514 -0.09503018962479319
vn -0.6587483774559186 0.620072065044942 0.426099999237381
vn -0.5592266210994049 0.5671477751431865 0.6046560901900156
vn -0.7621313659618064 0.6201939753760211 0.18578270620399118
vn 0 0 1
vn -3.4580196065179016e-7 4.199719059389887e-8 0.9999999999999395
vn -4.2437736105656015e-7 0.2629520958738936 0.9648088905453487
vn -0.2322196844664542 0.45572604850069826 0.8592949359004972
vn 0 0 1
vn 0 0 1
vn 3.9988795926268286e-8 0.26295195286945766 0.9648089295203154
vn -3.922724814381077e-8 0.2629520126480603 0.9648089132280717
vn 0 0 1
vn -5.069212491496912e-7 8.922570825219644e-9 0.9999999999998715
vn -0.12430704192826861 0.2623373646717779 0.9569361872267715
vn -3.9988800480427324e-8 0.26295200947517133 0.9648089140928208
vn 0 -0.39985356575270936 0.9165790342108224
vn 0 0 1
vn 0.38597972655872975 -0.0017605004840449284 0.9225055833563796
vn -0.4860124790011747 0.12255103159966406 0.865316771424772
vn 0 -0.34581375986200635 0.938303172482169
vn -0.0000010138424982989899 0 0.9999999999994861
vn 0.4688073453167844 0 0.8833004432111587
vn -0.3836698749663289 0.00040788645550217725 0.9234702272796677
vn 0 0 1
vn 0.23603655221658396 0 0.9717441772491914
vn 0.3154164697781906 0.2004904500796551 0.9275322258657761
vn 0.08761110652412032 0.11005282075568174 0.9900569027370786
vn 0.9093734347623541 0 0.41598071607770326
vn 0.9816278003262374 0.05884913636631842 0.18150383129733386
vn 0.9316436599983206 0.27635468195501817 0.23594105311809255
vn 0.7504534662585727 0.3595966111303307 0.5545357267517351
vn 0.8558576682028749 0.20523834797420878 0.4747471667099818
vn 0.8209405707840846 0.34451257100563754 0.4553764021771301
vn 0.9800758608181228 0.17591166060631364 0.09223011820628138
vn 0.9425885519753594 0.18144073852471143 0.2803677586467505
vn 0.8893863298589496 0.42655445381745455 0.1644483328845908
vn 0.9089782789682987 0.3814591424001353 -0.16806966128121686
vn 0.958017237465477 0.28248550262687766 0.04903991766567767
vn 0.9541833100753773 0.2844190719355982 0.09295161264275982
vn 0.855857966489618 0.20523820984863822 -0.47474668868185127
vn 0.8732749918305825 0.05235370207536909 -0.4844067284032084
vn 0.9943072365897978 0.05096963647621128 -0.09356930812313831
vn 0.9792855662567815 0.1977237899020164 -0.04364725223789108
vn 0.9833316594318302 -8.20204058610203e-9 -0.18182092167581543
vn 0.990299594302987 0.04285565981981894 0.13217452835076582
vn 0.9755721691148443 -0.06254702295882218 -0.2105868295206189
vn 0.9930615375967046 -0.06685862193709417 -0.0967404115080247
vn 0.9165880892663371 0.15866014646001697 0.36700576635847465
vn 0.8936820555405541 0.27071619075167447 0.3578339386778636
vn 0.9424018091004116 0.3330138389833247 0.031314744927268254
vn 0.9904915073001895 0.11926882807613232 -0.06856763533581005
vn 0.9375458988948815 0.3245758109685538 0.12513285100042423
vn 0.7877724157924497 0.2386327402640847 -0.5678635718115593
vn 0.861019892536471 0.503392781197237 -0.0723909697061355
vn 0.894827317272051 0.4453875423424948 -0.03023258820902648
vn 0.1419732021253356 0.41377887434707306 -0.8992389298859053
vn -0.24211410513184375 0.30758999319157243 -0.9202006064900279
vn -0.19232096465524107 0.3793522425877067 -0.9050439340704712
vn 0.18443087781957954 0.4180484279205763 -0.8895059096036599
vn -0.9767329310949309 -1.3269034861556523e-7 -0.21445927658809164
vn -0.9093741106563119 -0.0000015139691742524207 -0.41597923850325724
vn -0.7351123501158116 0.34135937783536346 -0.5857333931671151
vn -0.4213712220142125 0.49062440271000224 -0.7627148803607433
vn -0.23603641579749218 -4.3571608572042955e-7 -0.9717442103852658
vn 5.06921249149691e-7 0 -0.9999999999998715
vn 0.13871051181863633 0.20762817309182877 -0.9683232598928737
vn -0.17117306745168945 0.2313455132117602 -0.9576946457488248
vn 0 0 -1
vn 0.23603653715181136 0 -0.9717441809084228
vn 0.11580767463819058 3.414319657227029e-8 -0.9932716559405558
vn 0.11450731543803626 0.09513963846062086 -0.9888561694729707
vn 0.9093736462332854 -7.460781800653067e-8 -0.415980253781804
vn 0.9693030455551137 0.1190524822361826 -0.21512348163551315
vn 0.7676575182828456 0.25022328137493455 -0.5899917322147686
vn 0.8522003212854938 0.2159781310275299 -0.4765585581214093
vn 0.2703611071520676 0.27898985999812087 -0.9214496892167999
vn -0.06575287645565608 0.36254431107121887 -0.9296441156419496
vn -0.07835347987564872 0.20148233447841923 -0.9763532153296278
vn 0.25876904291735836 0.36062277207386245 -0.8960969806273188
vn -0.11658808648537546 0.3067033516272066 -0.9446376406804448
vn -0.12731344273737996 0.12071275061490987 -0.9844895728941666
vn -0.006516641006013442 0.19169403489253323 -0.9814331003061896
vn -0.03934704964465727 0.2248919097583668 -0.9735889474565206
vn -0.11468731675344598 0 -0.9934016405139942
vn -0.23603655221658393 0 -0.9717441772491914
vn -0.22475381109634743 0.23807676093556274 -0.9448836861223177
vn -0.03461083295201255 0.16861997007574178 -0.9850732947014774
vn -0.9093736224746699 0 -0.41598030572047123
vn -0.9634372198818248 0.14515738175842988 -0.2252067003164379
vn -0.8175859429759202 0.3397047063665152 -0.46492358331301614
vn -0.5282216719416019 0.43449794996175173 -0.7295158646460363
vn -0.9343561922220548 0.2749345610918413 -0.22669250797840493
vn -0.7512293393475099 0.35708088291579904 -0.5551105500344748
vn -0.9093739014905617 0 -0.4159796957639093
vn -0.9614215796116194 0.13559567028225675 -0.2393373361132864
vn -0.31551764038301533 0.19894592775719933 -0.9278303381739367
vn 0.3476400755246526 0.30687991471525045 -0.8859859456185376
vn 0.11580756948378083 0 -0.9932716682007291
vn -0.23603661507708815 -1.1763386704497658e-7 -0.9717441619803728
vn 0.8173937706086661 0.2405180449662222 -0.5234677581434926
vn 0.9750873226999774 0.13789765383712713 -0.17374967676518444
vn 0.9593133177723684 0.28227925460210934 -0.0060316470262134795
vn 0.8579597722672514 0.200727040340495 -0.47287808624133915
vn 0.9767330550783253 0 -0.214458711917612
vn 0.9676205760330407 0.11029593638625751 -0.22703574003703708
vn 0.780794804653166 0.2479253156810288 -0.5734915089790664
vn 0.9577313443134193 0.2870748761819192 -0.018403466650238523
vn -0.34983403808185043 0.20424666841411268 -0.9142753656536318
vn 0.4099706901242359 0.16197430432621954 -0.8976014471785877
vn 0.07215560999036383 -0.25743660772261795 -0.9635974060525431
vn 0.2400420759381549 0.3345135873357323 -0.911307007361998
vn -0.002893826176014522 0.1859086398617232 -0.9825627732592088
vn -0.0412494260489653 0.13567712298106707 -0.9898940363241974
vn 0.027114212083424682 0.290211063238038 -0.9565784642554644
vn -0.025882763473195708 0.2770353353235173 -0.9605110647656158
vn -0.11580655131132953 5.335532431118326e-7 -0.9932717869108595
vn -0.2360373111915843 -9.749090355185548e-8 -0.9717439928939298
vn -0.245186686670562 0.23624725872306263 -0.940250350398951
vn 0.07744107362405514 0.2762959422942788 -0.9579475102466055
vn -0.9093711574643196 0 -0.41598569443191674
vn -0.9675778761546163 0.13683548829611678 -0.21229484854533154
vn -0.9529260233067406 0.3025818563679373 -0.019396244526568324
vn -0.6473540682970591 0.41234223581168344 -0.6410199613312121
vn -0.9354022483191518 0.27524328432439754 -0.22195442837167098
vn -0.7512298134604564 0.35708056755870204 -0.5551101112753424
vn -0.8388459459807429 0.24683165268728807 -0.48519234757293384
vn -0.9578752160531349 0.2871191653385859 -0.006136396860890673
vn -0.31551781368816073 0.1989457356976992 -0.9278303204213281
vn -0.24123711499665978 0.18753600436326728 -0.9521737768997574
vn -0.22431822024564924 -1.192474198677745e-7 -0.9745159496210467
vn -0.1124380109750905 0.07735878014584971 -0.990642878550243
vn -0.940797299840403 0.07023000311355607 -0.331614516081062
vn -0.9999992605392215 0.00118687543198878 0.0002650428633716153
vn -0.9841096833500531 -0.04648886837268001 -0.17136778067678338
vn -0.82458556656928 -0.009300925260575929 -0.5656607960561849
vn -0.9944764823083371 -0.0722122528727807 0.07617031357867277
vn -0.879939122303347 -0.07785565065341679 0.4686636733323253
vn -0.7961604268835101 -0.4545577610935875 0.39938179289278075
vn -0.7919453432600568 -0.06870506865583874 -0.6067142546781864
vn -0.24308609181900337 0.0008835407118386659 0.9700043151037906
vn -0.09078198203471705 0.0873119642753612 0.9920359129750427
vn 0.412103995105247 0.019340394981691714 0.9109315267023349
vn -0.13436967612130576 -0.073659670584927 0.9881897808965522
vn -0.13873285829903104 0.17727677736952613 0.974333689366049
vn -0.4282912266923367 0.2786192061511119 0.8596150086533492
vn -0.19121895081192564 0.15100193198766432 0.9698627373945137
vn -0.0016293693318879723 0.22181758287362968 0.9750868192544091
vn -0.8410780519094794 0.22117111316578397 0.49363047849293423
vn -0.9787851245188143 0.17174754829639058 0.11172492861876546
vn -0.9593307685251135 0.2822843895098339 -2.749202576406893e-7
vn -0.8868488805287786 0.26119166009768763 0.38115348588234954
vn -0.9540361491870331 0.25108758741284265 -0.1636155539414737
vn -0.8903018014808649 0.249430796808587 0.3809816004525159
vn -0.817395231162566 0.24051966369410588 0.5234647337205914
vn -0.9593307867690907 0.2822843275084925 2.7492038850564924e-7
vn -0.23834628796041665 0.203612293730221 0.9495962725587168
vn 0.02252306640480885 0.20114501966618956 0.979302503082277
vn 0.0011440826709947598 0.2096548955490249 0.9777747776697707
vn -0.347638706921839 0.3068790544661902 0.8859867805896706
vn 0.06016092804723505 0.17908764334657765 0.9819919952510124
vn 0.28086976196669355 0.14934273907082432 0.9480553375724419
vn 0.3095476439643844 0.15181819946289313 0.9386860446538791
vn 0.0031857167628780007 0.1944863668614949 0.9809000480750947
vn 0.8666714839302929 0.17586648952444411 0.46685277851204127
vn 0.6872986397746489 0.23291717273065696 0.6880190189312173
vn 0.8603051437986032 0.18239292203730528 0.47603348783920446
vn 0.7175775534790141 0.24027632606121332 0.6537199261745036
vn 0.2882451085672631 0.13132400311252163 0.94850870506999
vn 0.2143956460069485 0.15107043268049428 0.9649933840928607
vn 0.33986200496261415 0.15917178610550173 0.9269078487588592
vn 0.22578379934925774 0.15250631031456036 0.9621660466185934
vn 0.8853521840974999 0.21957046710035302 0.4098052221374435
vn 0.7733375263116454 0.34298976011996496 0.5332045525415499
vn 0.9036523652259639 0.2241087948539153 0.36494883325015187
vn 0.8287654181694364 0.3027404900314738 0.4706336976268724
vn 0.32305647822836175 0.19841316371634893 0.9253468151664854
vn -0.33480440291272817 0.3239796396547843 0.8848407793944669
vn -0.11580757557771502 8.696829385871899e-8 0.9932716674902211
vn 0.11947154019709272 0.08202656987368072 0.9894433752962788
vn -0.7658667251225635 0.30588495958261347 0.5655816040600885
vn -0.8049335737766338 0.33663741727593066 0.488627865657463
vn -0.7226073276631467 0.28860733255585974 0.6281277398766252
vn -0.7929115852758549 0.2068684356529601 0.5731462887132985
vn -0.11580744307534804 4.42190573996525e-7 0.9932716829388396
vn -0.12638756363657297 0.16679104752699275 0.9778583385249929
vn -0.1834853661107234 0.3083892056390351 0.9333966028803292
vn -0.24227442229027726 0.38107158235054334 0.8922373862536617
vn -0.1410120388748707 0.2766540546637833 0.9505672721751156
vn -0.009258878753254833 0.2382705161743512 0.9711546912239271
vn 0 0 1
vn -0.16345794538851818 0.13055196119693777 0.9778740642419134
vn 0.008845124461242675 0.27183598292040045 0.9623029471860537
vn -0.2781043783569979 0.4738386324565829 0.8355446757237719
vn -0.11580750733340826 0 0.9932716754469658
vn -3.04152841883502e-7 0 0.9999999999999539
vn -0.747647006640471 0.4246185005448856 0.5106104997515784
vn -0.8276320017244934 0.44180462593621816 0.346170394781048
vn -0.8276839021028151 0.3588231587815401 0.43149194537313823
vn -0.8251678052934079 0.29112680718856204 0.4840901519794161
vn -0.19184633016839658 0.2359770779321305 0.9526330900674888
vn -0.322758403351464 0.2925819453274946 0.9001237794516891
vn -0.34396623406279897 0.2552588281411596 0.9036205843608577
vn -0.48781843171484424 0.43062274438543136 0.7593399961132229
vn -0.7554296658906889 0.2373572688942871 0.6107270640763574
vn -0.8136140858529604 0.23767767967385015 0.5306047869050058
vn -0.7446355137696525 0.23396493873794966 0.6251226752201147
vn -0.8167600320368367 0.2378489828501396 0.5256718666852352
vn -0.4875008864188496 0.3959154258048058 0.7781991142057639
vn 0.38559361350505234 0.0005336228174457131 0.9226685648003865
vn -0.008158869524089403 0.24915478093479237 0.9684293097513235
vn -0.2932161834337028 0.2983644088465183 0.9082967297674482
vn -0.3657490983550449 0.46319717214609246 0.8072645023586352
vn 0.44558083906414836 0.23007494674554646 0.8651723728477022
vn 0.25537029151416574 0.29104432536723723 0.9219974050307843
vn -0.0031208782969356836 0.2862334499499325 0.9581548268669399
vn 0.8163548635106239 0.316300660013193 0.483237653021543
vn 0.7184406262359008 0.3763118223925742 0.5850063921884501
vn 0.7754230343879097 0.3004419831364861 0.5553861111962217
vn 0.5711937386885966 0.44405979681564445 0.690325002976853
vn 0.30570435906964294 0.19961812094637305 0.9309658697480044
vn 0.26152573092743003 0.1761052462593659 0.9489948547293615
vn 0.3155174245098564 0.1989458082208299 0.9278304372147037
vn 0.2189943903405887 0.20016384081057395 0.9549742896179527
vn 0.95697701504161 0.05702668154067502 0.2845047456098204
vn 0.9940359437515549 0.05605442557298489 0.09354380740400829
vn 0.9159730223942486 0.2695252204377632 0.29723656873594945
vn 0.7512297338770062 0.3570805030813442 0.5551102604512521
vn 0.9927155026043459 -0.0718609194232621 0.09670542460816016
vn 0.9731402930088985 -0.22475886666464706 0.049813873350493365
vn 0.8702289895664501 -0.11686003628596889 -0.4785867085883158
vn 0.8090565370202615 0.11852684645191912 0.5756551976443411
vn 0.9505855838125243 -0.3075581382545654 -0.042367905791861435
vn 0.9485269091215339 -0.30385708486700885 -0.08926127182867626
vn 0.7287923503024999 0.2961009778456399 0.6174025599715425
vn 0.9070077814240256 0.398959902730712 0.13478828008906446
vn 0.9776762577794397 -0.18729168207932895 -0.09524159174586763
vn 0.9743857854195616 0.07440856313007309 -0.21221617964995612
vn 0.6989727324088787 -0.09386266021818694 -0.7089618610092021
vn 0.8930095756932608 -0.20985551537564096 -0.39811375307387564
vn 0.40380992187313214 0.3186235738655358 -0.8575643213042206
vn 0.3644008506528821 0.542384032505468 -0.7569884948442502
vn 0.11219852669717609 0.015581345440995232 -0.9935636427935713
vn 0.21646711405147545 0.00013762796929323932 -0.9762899003844953
vn 0.701351741293207 0.6209730531985344 -0.34999743168525776
vn 0.7081628173314647 0.6304867256268051 -0.31779224810802453
vn 0.7048064385464611 0.6195184857522475 -0.34560776900222584
vn 0.7228333607712313 0.4434104185272298 -0.5299991823556655
vn 0.1605976724282559 0.2781962322340015 -0.947003296710963
vn 0.281764370419003 0.3759445413365839 -0.8827652810354567
vn 0.2550259817758154 0.30264588965174744 -0.9183502676518278
vn 0.44766283277288355 0.5501947504179678 -0.7048997976778455
vn 0.6501182308076975 0.3611009744175128 -0.6685449665102506
vn 0.6844686304725712 0.5744774039238287 -0.44886346062019883
vn 0.6685967314833369 0.3104708181330908 -0.675711685364082
vn 0.7459960855486153 0.3444098175344684 -0.5699751906285195
vn 0.19766690174000792 0.14962194662484402 -0.9687832931283954
vn 0.03442505645255958 -0.30031031213789827 -0.9532201382219516
vn -0.11580738726494291 0 -0.9932716894459781
vn 0.23603702783379452 -1.2958155422507928e-7 -0.9717440617216921
vn -0.12201992565959818 -0.37121876660375697 -0.9204932183689414
vn -0.22436616730900147 0.0022012853346779046 -0.9745024255023405
vn -0.5367891520758914 0.4829105967044807 -0.6918487998140693
vn -0.25656349468064726 0.38642484770176205 -0.8859181735780814
vn -0.8262232870390143 0.03673372859248243 -0.5621438544875684
vn -0.9163384115616866 -0.3560353728514201 -0.18320133398847216
vn -0.9441745687859365 0.30432596860231104 0.12617483303795612
vn -0.8211285446070826 0.31856781932665573 -0.47356357305108876
vn -0.7927764322095617 0.08568368621341302 -0.6034598863635925
vn -0.7645763268312002 0.476436838636272 0.43408637301761155
vn -0.4568473467453261 0.5732384304811483 0.6802118813952499
vn -0.6831478496082065 0.701374456012585 0.20342784477237624
vn -0.1294555117338309 0.008302978416332863 0.9915504682219408
vn 0.2950700712230536 -0.5168092716126346 0.8036428496811504
vn 0.06518199747697982 0.2537943215156957 0.9650594539049389
vn -0.20391080938710096 0.4059584207849543 0.8908524807221921
vn 0.002866724698644114 -0.39031994153777894 0.9206748205134356
vn -0.1946001297048959 0.1992436512269676 0.9604336296509949
vn 0.19954386636969743 0.28300834698949157 0.9381303325916438
vn 0.02436536462681216 0.28075729474918854 0.9594694734340015
vn 0.8603982459986753 0.2876433560707983 0.42068534320883005
vn 0.9732992471232773 0.22706250598467942 0.033633226506225515
vn 0.7981253639966936 0.26682401776562376 0.5401859373295048
vn 0.4485480466509807 0.37573388069925834 0.8109430934043801
vn 0.9782180148286387 0.2073275384964439 0.010237540999807403
vn 0.9085647546165424 0.22083104201540968 -0.3546036344300081
vn 0.9093737095797617 -2.817988945613272e-8 -0.41598011530016954
vn 0.968069916204669 0.10176233724043315 0.22909618953367594
vn 0.0016173691516775707 -0.3005742496079331 -0.9537570469410203
vn -0.011153737522521273 0.1799609012750026 -0.9836105266575625
vn 0 0.5532687472245476 -0.8330028171288376
vn -0.0568096862249383 0.5390541515312972 -0.840353069410648
vn 0.005745772716188614 -0.2780961167140303 -0.9605360669774304
vn -5.843092825224418e-7 -0.27810035389573123 -0.9605520252244163
vn -5.067203509452643e-7 0.5532688654197925 -0.8330027386250533
vn -1.994309370988369e-7 0.1806925296611823 -0.9835396330217726
vn 0 0.1764285968037595 -0.9843134410490678
vn -0.2439554136387025 0.1527330744137455 -0.9576838539604263
vn -0.28490348704142127 0.17320413245771532 -0.9427779863632844
vn 0 0.5532686290291903 -0.8330028956325183
vn -0.9767325715036984 0 -0.21446091430321967
vn -0.9093739014905617 0 -0.4159796957639093
vn -0.839329612717393 0.19760752573717452 -0.5064356494044464
vn -0.673363280873511 0.2917275204364762 -0.6793209446139921
vn -0.23603661247569332 0 -0.9717441626122585
vn 0.11190469870796839 0.07192503307835398 -0.9911125708131022
vn 0.1145540385171776 0.1407692813536855 -0.9833927911503989
vn -0.21963034459845895 0.1393156844025169 -0.9655846165981625
vn 0.11154478205568648 0.14081791392893053 -0.9837317097221445
vn -0.2003605773532175 0.15870593761901927 -0.9667823252455299
vn -0.23603642817572623 -1.2394906008519044e-7 -0.9717442073786856
vn 0.11281365563863187 0.07096619520330191 -0.9910786438218793
vn -0.9181521867993456 0.18036222215247957 -0.3527974357840482
vn -0.9812465346734418 0.1927569407071498 -7.630613480137634e-7
vn -1 0 0
vn -0.9093733471891843 -2.6529826059546434e-8 -0.4159809075209325
vn -0.9812466173130785 0.19275652002217364 7.630612455333993e-7
vn -0.9812465346734398 0.1927569407071609 -7.630614089070221e-7
vn -0.9319178848349706 -0.36242441546225035 -0.01332662753890622
vn -0.7625410212669747 -2.7786725413277166e-8 -0.6469398665139741
vn -0.9812466173133628 0.19275652002221985 8.045489541538186e-8
vn -0.9167861467419115 0.2043516475066064 0.3431378226069726
vn -0.9093734493578676 0 0.4159806841705203
vn -0.7445056756617561 -0.29450350262194386 0.5991485507374936
vn -0.23759739288917045 0.14981767319211292 0.959740664810849
vn 0.18650725674658378 0.17482899641615512 0.9667729129392197
vn 0.23603625509759296 9.832717636414364e-8 0.971744249419308
vn -0.23603655221658398 0 0.9717441772491914
vn 0.9119746934601438 0.24245864239924345 0.33093196463048496
vn 0.8388247703135578 0.3639247053991089 0.4048849386042642
vn 0.9767328176393304 0 0.21445979330945686
vn 0.9093738403924868 0 0.41597982933048566
vn 0.3516500548176175 0.20319460241309187 0.9138129964587679
vn 0.09870041192524996 0.09968840758893129 0.9901113321632922
vn -6.240121791832293e-8 0.172409215421974 0.9850254120770567
vn 0.27474952447447254 0.1504747251341661 0.9496683925965149
vn 0.11580726056629682 1.4577755044864646e-8 0.9932717042179998
vn -0.10724210723848222 0.08876827434522311 0.9902622500655173
vn -6.240125809966041e-8 0.17240912232463065 0.9850254283719008
vn -1.872639667433445e-7 0.1724091572501767 0.9850254222588618
vn -0.10202393980134727 0.1663581638386642 0.9807732036672083
vn -0.30800830277330365 0.2184617171760068 0.9259618585833974
vn -0.20313239742973366 0.16881457243764064 0.9644889160830962
vn -2.8713012069215145e-7 0.17240915725021355 0.9850254222588313
vn -0.8048841223292083 0.15215793600811212 0.5735935077492522
vn -0.8631000075941817 0.13201538875911528 0.48747339827082187
vn -0.8152825410203981 0.1587306057835426 0.5568832670272226
vn -0.9207664251341303 0.23518097324703505 0.3112540765488725
vn -0.1158077880128237 0 0.993271642721958
vn 0 0 1
vn 0.05075399306441191 0.14451900167410914 0.9881995195015714
vn -0.3212799787072236 0.20705580060231094 0.9240709229917486
vn -3.04152841883502e-7 0 0.9999999999999539
vn -0.08842801311345629 0.08232270669342828 0.9926749006897849
vn -0.018161294543667068 0.16452432812807602 0.9862058166703862
vn 0.028351470751766767 0.17441231859093662 0.9842644650854492
vn -0.16017230534303245 0.14957456768398528 0.9756906688614211
vn -0.45980792799062153 0.20501853885461022 0.864027816729816
vn -0.26611256881853157 0.135338044720103 0.9543938989579418
vn -0.0676825803647964 0.14473225637912754 0.9871533023186264
vn -0.8575859340339087 0.15214913362886381 0.49132169388616925
vn -0.9016372767000301 0.1781192965768252 0.39411132621624856
vn -0.7969174037348741 0.16808854086010522 0.5802317589170628
vn -0.9162942293899682 0.19858975801877993 0.34780309543862153
vn -0.21535561127341002 0.1532134945105626 0.9644415927327679
vn 0.012340078309352269 0.18829131444255312 0.982035693532987
vn 0.06423574373258888 0.16335709056896663 0.9844735802386795
vn -0.25550482129495333 0.22929445385471317 0.9392237964013171
vn 0.004405871903523946 0.20170552812225714 0.979436301255825
vn 0.20845714372054489 0.19816390299139444 0.9577456273891776
vn 0.27319273717215836 0.1862496205756994 0.9437567521304376
vn 0.024264035930767924 0.18511662666548032 0.9824169639681228
vn 0.8808094142691743 0.2179151621137869 0.42034242928321686
vn 0.7577624148190549 0.275519012351857 0.5915111127614188
vn 0.8626413726746567 0.21342064972848088 0.45858640234906395
vn 0.6385420860863924 0.30367341943684417 0.7071396316315277
vn 0.34305531520155647 0.17257204022900333 0.9233265628385009
vn 0.26211600399239826 0.1908446154280037 0.9459775542861442
vn 0.3814240629419435 0.1698319199930191 0.9086653967002075
vn 0.2823141336865525 0.17283730205840658 0.9436238641206477
vn 0.8088235400281872 0.12165186478649558 0.575330604861448
vn 0.8762118069902898 0.006895957427538629 -0.48187686711645455
vn 0.8805872747346652 0.4693453480919828 0.0654293191145276
vn 0.7812007646753886 0.35944244361352595 0.510417961086525
vn 0.9881383088524248 0.044934927296959686 0.14684527533117023
vn 0.7480716417544664 0.19689763997925977 0.6337350693889167
vn 0.9739514092356053 0.22546990077471205 -0.02412418480736834
vn 0.985618786244229 0.16721125900445666 0.024413173996785862
vn 0.9048495611957489 0.13609470615625885 -0.40339249194810556
vn 0.6946505685950471 0.031590645521895555 -0.7186533369198864
vn 0.7511327330696406 0.4003471136613901 -0.5249017106986089
vn 0.81061945379644 0.5824674919636498 -0.06023057306996998
vn 0.21484490568889902 0.007672069254149 -0.9766180450170311
vn -0.015854938369612503 0.43676131081369113 -0.8994377011809114
vn 0.07700047131801577 0.15631955172565154 -0.9847005256244635
vn 0.4757464711478932 0.30735560561008923 -0.8241345927033897
vn 0.3438751412069171 0.5180576806308257 -0.7831769447572702
vn 0.04145006910190433 0.13701954854046258 -0.9897007300640004
vn -0.016372548431679894 -0.3788475954800799 -0.9253142380061027
vn -0.07600767163852248 -0.37514539338860314 -0.9238445581759958
vn 0.06046015331077688 0.5995821490262914 -0.7980262003409734
vn 3.8533792135233226e-7 0.6006811604010472 -0.7994886763044884
vn -7.585975583741606e-8 -0.4216725404780902 -0.9067481836798725
vn 0.0019755453050885074 0.13713687219373957 -0.9905501378050813
vn -4.309909792486822e-8 0.14170221962377455 -0.9899093296629211
vn 0.3570857054182127 0.210438966953007 -0.9100578224342281
vn 0.19647833283691118 0.13894006990737093 -0.9706141981754456
vn 3.0568484672507055e-7 -0.4216724023817994 -0.9067482478998615
vn 0.8308240504485032 0.16320843718132458 -0.532066164334073
vn 0.8785896376699966 0.16098221014265926 -0.4496275976811131
vn 0.8039461395144152 0.16715650399620494 -0.5707269994766632
vn 0.9051238870674759 0.20779715981921257 -0.37090576893724875
vn 0.11580747801896676 4.364474042419652e-8 -0.9932716788647933
vn 0.1312787294542267 -0.2832946138414203 -0.9500052931227934
vn -0.050166250888470904 0.15867025634071036 -0.9860563356241714
vn 0.27708305784964576 0.22555269953519896 -0.9339973012729076
vn 0.9665424138706649 0.25405782196440324 0.03536078743144729
vn 0.8636945842782792 0.1845420640812697 -0.46901587571530573
vn 0.8222124369364424 0.21612135192966234 -0.5265531974901796
vn 0.9777050931095373 0.11567556415724246 -0.17524815195765966
vn 0.1158075612415611 0 -0.9932716691617063
vn -0.2360364281755698 0 -0.9717442073787315
vn -0.31678639447356016 0.1784321043721999 -0.9315623244881421
vn 0.3509946362848136 0.276779810283491 -0.894536585008532
vn -0.9093733471891925 -1.5332428871094227e-8 -0.41598090752091554
vn -1 0 0
vn -0.9474969454657528 0.24905284567663352 -0.20055477654107207
vn -0.7610969452105382 0.32316776737036534 -0.5624002437090871
vn -0.7625410212669773 -2.384522772159846e-8 -0.646939866513971
vn -1 0 0
vn -0.8550582086271488 0.4692624177397064 0.2206088011762382
vn -0.9709571683297528 0.1299484660760889 -0.2008869668085507
vn -0.7625413760850706 9.33646828147735e-8 0.6469394482934848
vn -0.9093734444510823 1.0551478450613531e-7 0.41598069489720757
vn -0.6910891540913656 0.27443997253246755 0.668639276870316
vn -0.6641292934005409 0.43702382182567084 0.6065826083924454
vn -0.23603655689504785 2.900211608234516e-7 0.9717441761127499
vn 0.23603625092148514 0 0.9717442504336877
vn 0.22676069019107017 0.320722010679802 0.9196287192392236
vn -0.2049357397038347 0.37020716083567834 0.9060618084093537
vn 0.909373767980717 -5.058362820608596e-7 0.41597998762956995
vn 0.9778492454430223 0.1010112167239647 0.18332372263964145
vn 0.8472877240669958 0.2636517012388701 0.4610762334790422
vn 0.523889045321965 0.42438134496021834 0.7385396009973983
vn 0.9315679543581484 0.2070197920358388 0.29887112961678464
vn 0.9648445622815498 0.24252774349840867 0.10126827869226729
vn 0.9767324176321963 -7.125664232727348e-9 -0.21446161508849287
vn 0.9671602832255395 0.09776083630071074 0.23461416290769865
vn 0.2665005927164682 0.19881843437858115 -0.9431058605655152
vn -0.2963806803487001 0.22094273566511674 -0.9291624184569973
vn -0.420066601271039 0.1871963173938873 -0.8879761197525331
vn 0.18257649730981249 0.2602411424015874 -0.9481246597529236
vn -0.9767322132057765 0 -0.21446254611504034
vn -0.9670002192379443 0.12644986190333424 0.22118094045011075
vn -0.8605609800249848 0.2862836167545224 0.42127958701601903
vn -0.839415205351208 0.35330840070011804 -0.41298339799550604
vn -0.25765498320203883 0.16092824158668975 0.9527413136266177
vn 0.2396850432601683 0.12086993436903629 0.9632972225658061
vn 0.19857078787197813 0.20217082246923077 0.9590081338268289
vn -0.5484596653836944 0.34217721372645604 0.762959205890856
vn 0.9767324045696605 1.3786476790718387e-8 0.2144616745797932
vn 0.9730927942447403 0.08640431957280884 -0.21359940858561283
vn 0.7814021251780316 0.19998713604981513 -0.5911140872808298
vn 0.6492461040197741 0.3410319690467362 0.6798357834824899
vn 0.17972367992485386 0.14875885262411592 -0.972404341125761
vn -0.20079760747016945 0.21970261061048313 -0.9546785237582305
vn -0.39390483581556734 0.15707912014755215 -0.9056296871982399
vn 0.2285914905745106 0.22640783474593537 -0.946829141293497
vn -0.8826265474395278 0.29139925262167854 -0.3688588528509331
vn -0.8871705765422293 0.28878101400857326 0.35990817449164536
vn -0.8582949073807795 0.2252452344378556 0.46107964206550595
vn -0.8339253248910257 0.29724860792203905 -0.4649858251536355
vn -0.20452371578395417 0.1587719845724154 0.9658993252906128
vn 0.1816273804431619 0.15526028741945033 0.9710333350734076
vn 0.23480782904452666 0.16611790806276355 0.9577422012421963
vn -0.4977959304832832 0.27791151258052676 0.8215621721875261
vn 0.917776989952169 0.1707936153882422 0.3584898013290611
vn 0.9042114670821821 0.19658754208050178 -0.37915031464557014
vn 0.7969276664763567 0.17354490294219282 -0.5786090744771759
vn 0.6935270515997891 0.289441151960579 0.65973028447316
vn 0.18861739390961177 0.1616536107372119 -0.9686545250244631
vn -0.2252641247202016 0.17679686397276573 -0.9581226137626839
vn -0.35416434979775374 0.20624096654174479 -0.9121580329374189
vn 0.42543935567610264 0.3632462378055387 -0.8288869195264361
vn -0.8526527329587213 0.2907976857331046 -0.4340737528926323
vn -0.8322399609499764 0.392428379546553 0.3916332650892264
vn -0.7439600729629242 0.2537286839262681 0.6181789100171928
vn -0.8423386240441002 0.39225578881402473 -0.36959577728293874
vn -0.174638405233722 0.2731707284206883 0.9459805392033881
vn 0.17337868973509832 0.3008260624251345 0.9377864949504923
vn 0.2616601695906435 0.25668155476297516 0.9304023511869784
vn -0.262587767843426 0.3351359569604363 0.9048378609072565
vn 0.8751082704714069 0.298456548659059 0.3809320195455689
vn 0.8951426224491239 0.2643080289296904 -0.3589720759588511
vn 0.8708118304449035 0.2969915407406194 -0.39176878472602883
vn 0.5942053771841197 0.4007288366120866 0.6973782110397496
vn 0.1852289463769182 0.5121379852272068 -0.8386923878941039
vn -0.16394239799385046 0.42724384619127836 -0.8891487985886891
vn -0.12185863520029236 0.5172725350966636 -0.847100700897947
vn 0.44143416035713295 0.7037171715978406 -0.5567028152148401
vn -0.8349591893799182 0.44368682880615357 -0.32555360543844264
vn -0.8087805082803029 0.4474756375364131 0.38162762378689963
vn -0.7296237634433979 0.4437510053151114 0.5203212556685733
vn -0.4846282058232249 0.6925801294914592 -0.5342923042250894
vn -0.1875409201990561 0.319942103039631 0.9286901818978541
vn 0.14705083794870658 0.4809497431367985 0.8643282915855705
vn 0.33357754930842354 0.37984054828387837 0.8628135235824651
vn -0.22486823453524923 0.5418307137851386 0.80984798246096
vn 0.6757143214792971 0.6865166753164745 0.26852376107187886
vn 0.6248546536303621 0.7454036798559457 -0.2322283701309884
vn 0.7071004036790279 0.6220713703842187 -0.3362086097429037
vn 0.6516597305290512 0.6698411437296886 0.355882617970739
vn -0.18456242874780218 0.11644362012288556 0.9758983518929569
vn 0.25609089625063 0.12679269818909802 0.9583011345832153
vn 0.3829931927750104 0.13438375786713155 0.9139240777600248
vn -0.24984192809065417 0.1970148749127276 0.9480317241691161
vn 0.9767326429250414 8.087154796217991e-9 0.21446058902433285
vn 0.9093737100476175 0 -0.4159801142773918
vn 0.8584727483072169 0.18776768892315826 -0.47725028591956864
vn 0.8341833838626856 0.25518639956249645 0.4888946548753928
vn 0.23603703957413902 0 -0.9717440588699662
vn -0.11433857769381017 0.04948058421496832 -0.9922088295498595
vn -0.25007013378364507 0.140853841559674 -0.9579275147459291
vn 0.47766727843724377 0.23464259119970182 -0.8466267332806391
vn -0.8831739854791711 0.13797764495519543 -0.4482921824719398
vn -0.906366664043527 0.15906137502969717 0.39140637358667335
vn -0.8050189809532635 0.15076499284847275 0.5737720429198073
vn -0.7150792268908552 0.24943105663156745 -0.6530282132165781
vn 0.24803187564028267 0.9098020338610064 -0.3327768739692406
vn 0.026836060708564695 0.7719076472300295 -0.6351680171367626
vn -0.2813890970297668 0.7409846253412721 -0.6097228559604988
vn -0.2337283268143509 0.9232189583404836 -0.30502102256283325
vn -0.016919276338400503 0.8216306921831897 -0.5697690266684893
vn -0.055792002361414045 0.66113477334611 -0.7481898582212217
vn 0 0.6621661546093075 -0.7493570468674614
vn 2.0248124417229964e-7 0.8212150952504194 -0.5706187583078598
vn 0.09727866203737867 0.6812662475614214 -0.7255433562825847
vn 0 0.6621659131894475 -0.7493572601970205
vn -0.18032700821822903 0.6513108387629307 -0.7370728331833908
vn -0.17656403513174612 0.6737584921245703 -0.7175476540188958
vn -0.3273581946742228 0.9449003187530213 -2.690303510972264e-7
vn -0.25349852260688444 0.9673357736774284 1.3406317588419985e-7
vn 0 0.9999999999999991 -4.3711422608695626e-8
vn -2.534604961735132e-14 0.9999999999999992 -4.3711394782626276e-8
vn 0 0.9999999999999992 -4.371143214708319e-8
vn 0 0.9999999999999992 -4.371138782608693e-8
vn 0 0.9999999999999991 -4.371138782608693e-8
vn 0.3507763230318743 0.936459273647411 -4.093397599854565e-8
vn 0.29785493660902373 0.8961714711276321 -0.32887555560511106
vn 0.31606382711272535 0.8437871263156361 -0.43373602877194567
vn -0.10686831745293847 0.8842851536246532 -0.4545535499848191
vn -0.12774030540934406 0.9310908173892916 -0.3416903629710215
vn -0.33690252936505183 0.8862752451204021 -0.3178252280644215
vn -0.36151318626916484 0.8626880789280972 -0.3536629675678038
vn -0.6011982161508803 0.7342839005292287 -0.3152583992863339
vn -0.5816344015711117 0.7610961751668588 -0.2871132791345488
vn -0.20830860603393106 0.9078713595936496 -0.36383666538953835
vn -0.18349312783159585 0.9829807025295816 -0.008900027698169537
vn -1.2655332825454655e-14 0.9999999999999992 -4.371137452686627e-8
vn 0 0.9317715044659365 -0.3630452636590724
vn -0.16633024192811086 0.9860701043131439 -4.31024721744875e-8
vn 2.196419244294121e-14 0.9999999999999991 -4.3711422608695626e-8
vn 0 0.9999999999999991 -4.3711422608695626e-8
vn 0.2631549490221615 0.9647535813901611 -4.2170697818763885e-8
vn -0.28952365484895415 0.905986383710776 -0.30881179675260817
vn 0.18284464253511812 0.6703287772663984 -0.7191850714974137
vn 2.6713268931620274e-7 0.6818232459842228 -0.7315169589527414
vn 1.6354782207871214e-7 0.946525339558214 -0.3226294803240726
vn -0.013830151648950456 0.8882172837196062 -0.4592154002286204
vn 0 0.6818232459844942 -0.7315169589525372
vn -0.20067369098500323 0.6679536924403588 -0.7166365428177285
vn -0.235487009095162 0.8633209591910336 -0.4463438024313643
vn -0.3809911978122266 0.8223005916303906 -0.42269071931367785
vn -0.2631549490222282 0.9647535813901429 -4.2170733866255095e-8
vn 8.83200087031858e-15 0.9999999999999991 -4.3711404320976925e-8
vn 0 0.8893784116692751 -0.4571717848431131
vn -0.176959282345338 0.9842181731668143 -4.302154911951252e-8
vn 3.0312612786792775e-16 0.9999999999999991 -4.3711392616752826e-8
vn 0 0.9999999999999991 -4.3711392616752826e-8
vn 0 0.9999999999999992 -4.3711394782608634e-8
vn 0.4356523706791659 0.8958081512063834 -0.0879475306863385
vn 0.36632586271793666 0.9129733211747803 -0.17968048621664864
vn -0.06440921594823387 0.9927011763239684 -0.10195993049204771
vn 0 1 0
vn 0.135709221395716 0.906977236136248 -0.3987170680555588
vn 7.291705496664599e-8 0.9742102088223411 -0.2256423475908839
vn 0.1162676573553359 0.96218703636097 -0.2463289242293643
vn 0.1795472031061543 0.8975526719749158 -0.40269343536671526
vn 0.11576770871604472 0.7552332939666182 -0.6451515397974099
vn 0.14590856935385701 0.6097891349853806 -0.7790172656898511
vn -0.13696577156179168 0.610576691920909 -0.7800233847157422
vn -0.17899505898405707 0.7480660160530873 -0.6390289543406904
vn -0.42268514924962847 0.806022664707958 -0.4143244243113142
vn -0.35077633512537865 0.9364592691174384 2.0308439931407197e-7
vn 1.8813743061235526e-15 0.9999999999999991 -4.371137391304476e-8
vn 2.31749989440569e-7 0.8893783968005085 -0.45717181376863525
vn 0 0.8893783968004451 -0.4571718137688175
vn 0 0.9999999999999992 -4.37114017391304e-8
vn 0.35077632700885797 0.9364592721577234 -4.093394745761993e-8
vn 0.31606342793194425 0.8437871004476232 -0.4337363699784714
vn 0.1876482607571463 0.7040781137957405 -0.6848811137041599
vn 0.03736161514013208 0.7942983011943382 -0.6063780326115954
vn -0.29532167361838957 0.7594011184554271 -0.5797370527919359
vn -0.41211730076794406 0.6531088357154116 -0.6353016441960492
vn -0.008789245987768946 0.4254006029783027 -0.9049624722278065
vn -0.07346882231514264 0.88899737140742 -0.45198009444921794
vn -0.030289466643693242 0.8909973819816672 -0.4529969243960227
vn 0.16084772927058266 0.4198777893181892 -0.8932136642627945
vn 0 0.5740546391324017 -0.8188169949937338
vn -9.511936242603917e-8 0.6254707495090795 -0.7802476155096799
vn -0.1544724314701054 0.6179632861140025 -0.7708823807370985
vn -0.15173437395126688 0.567407836593226 -0.8093361642322751
vn -0.42268502191284535 0.8060227175277421 -0.4143244514625362
vn -0.3507764182918128 0.9364592379652014 -4.093391990502069e-8
vn 0.3296143522427509 0.9441156596495951 -4.1268592616103165e-8
vn 0.3160634994060033 0.8437872342288226 -0.43373605763840467
vn 0.281059173513484 0.8913430437519231 0.35568710876130266
vn 0.372977161467934 0.48734776372983596 -0.7895442952810506
vn -0.14564823716425376 0.5196484625131593 -0.8418741392979447
vn -0.17099206006142992 0.9151031094349061 0.36516847413011233
vn -0.01541368521306292 0.9898643078205356 0.1411774429968356
vn -0.02962850613467885 0.47570296635775366 -0.8791068418700091
vn 0.04441987129050017 0.4754421528063247 -0.8786248541723725
vn 0.061544045120900365 0.9881052747371982 0.14092656437550297
vn 0.04520319265117983 0.9676707538457924 -0.24813299564075764
vn -0.22697763751508696 0.780569530386804 -0.5824022323959569
vn -0.16833762809906536 0.7900507328422135 -0.5894762781499034
vn -0.12348825504940185 0.9612468083824085 -0.24648574855250235
vn -0.42268535313938027 0.8060227395430442 -0.41432407072358657
vn -0.3507763351254807 0.9364592691172727 -5.2897029721876e-7
vn 0 0.9999999999999992 -4.371134567099687e-8
vn 0 0.8893783968003578 -0.4571718137689872
vn 0.44245201002008594 0.8422590433499341 -0.3079544166340852
vn 0.48630975752098876 0.8731734820740158 -0.03272445481005852
vn 0.14683762608078896 0.9891112562590918 -0.009881007464815357
vn 0.27226665558272667 0.8978033618840565 -0.3461502443267707
vn 0.4242618621106159 0.6792494862480304 -0.5988505721715726
vn 0.4953332078266708 0.8177638442824889 -0.2930994851726378
vn 0.33328650553491557 0.8816755388757834 -0.3340184865788442
vn 0.2510275023500405 0.7260861439216669 -0.6401438156140108
vn 0.079405111168138 0.7874598012440113 -0.611229817454219
vn 0.11016204575216942 0.9559158847590996 -0.2721932125181023
vn -0.08619271640884493 0.9581903187971186 -0.27284084848413176
vn 0 0.7899541017062324 -0.6131659785062276
vn -2.402665738430256e-7 0.7899540466100428 -0.6131660494877067
vn 6.996875632394682e-8 0.8878727397083956 -0.4600891197178028
vn 0.3318378974690951 0.8375625699614946 -0.43401906778710414
vn 0.4079443471556825 0.7212339629536783 -0.559824061921115
vn 0.1999894022867769 0.9412144944524773 -0.2722489933967538
vn 0.19414068961427544 0.6821948987116323 -0.7049251824186163
vn -0.21474194607305166 0.6792025675979868 -0.7018331488075075
vn -0.1984509928783862 0.9415149300862324 -0.27233589526593716
vn 0.1567130773677316 0.5708273915074049 -0.8059758684270811
vn -0.042996869109718415 0.6119728829030703 -0.7897090982368551
vn 0 0.6125393550093763 -0.7904400916987305
vn 0 0.5779687074632086 -0.8160589275250336
vn -0.19342466907804504 0.8492451331116958 -0.4912938034192442
vn 0 0.612539213017754 -0.7904402017329272
vn -4.808293152675107e-7 0.612539213017648 -0.7904402017328632
vn -1.523046581960311e-7 0.8655917335390811 -0.5007503877470146
vn 0.18776033036455075 0.5842405508239821 -0.7895625606082681
vn 2.404148196206747e-7 0.6125387870425143 -0.790440531835525
vn -0.33772671485635947 0.57654858774994 -0.7439975752889798
vn -0.2702716150767203 0.5726827573797701 -0.7739429652653512
vn -0.42489673722537985 0.8037394641681196 -0.41649206046930964
vn -0.31836151579583577 0.843103428240996 -0.43338499575834155
vn 0.3698970463601981 0.8262971751425816 -0.42474598696796567
vn 0.3178771706347247 0.8418201883154421 -0.4362257155806107
vn 0.29088574938561346 0.7557947707968182 -0.5866512978256804
vn 0.35213673635418374 0.9325482307053788 -0.079708947540986
vn -0.04649332739303762 0.9952894924088865 -0.08507171567791912
vn 1.8649644513795793e-7 0.7899539915145974 -0.6131661204682797
vn -0.2620126831520272 0.9650644299047305 -3.645394612412881e-7
vn 0 0.985701017653962 -0.16850372042166814
vn 0.015346941292334899 0.9855849304242755 -0.16848387552981423
vn 0 1 0
vn 0.21606442995225805 0.792579261705538 -0.5702054682513229
vn 3.0219949070371936e-8 0.9963669651140454 -0.08516378825196759
vn -0.29973120036882406 0.9505576920173374 -0.08124827181015336
vn -0.2930651261150899 0.7761115191033929 -0.5583580766588502
vn -0.4248968370142115 0.8037393414482605 -0.4164921954894657
vn -0.31836174499152436 0.8431032944058446 -0.43338508775448614
vn -0.4005494758478967 0.8149151875641689 -0.4188953980115211
vn -0.28665619030352546 0.8506116817404697 -0.4407811196584069
vn 0.6838980579682159 0.7295775807323736 0
vn 0.633404624248683 0.6339631218399374 -0.44372214518473774
vn 0.37423087263629534 0.7597321950012458 -0.5317501723972132
vn 0.5118902278256308 0.859050868491863 0
vn 0.19482054571543717 0.9808389036774282 0
vn 0.1473639005162969 0.7419148021233635 -0.6540996156663551
vn 0.03240039746383896 0.7497103547281823 -0.6609724640690628
vn 0 1 0
vn 0 1 0
vn 6.216545332181048e-8 0.7899539676866945 -0.6131661511662605
vn 4.93692287268148e-7 0.7899539676865995 -0.613166151166187
vn 0 1 0
vn 0.09695619352130341 0.9744869568954679 -0.20242200319745426
vn 6.21654882979177e-8 0.7899539401387059 -0.6131661866568722
vn 0.21808384997544342 0.7709395809607702 -0.5984075508279624
vn 4.1239125966380055e-8 0.9790998037121704 -0.20338036869567225
vn -0.09335524738695132 0.9956328629496523 0
vn 9.730153603362508e-9 0.995383936181582 -0.0959730149138814
vn 0.25282798070250373 0.9630451528770814 -0.09285497129315991
vn 0.5126429944681775 0.8586018636263845 0
vn 0.08926769814961763 0.8386794836752393 0.5372597153419404
vn -0.15350944570243796 0.8320609717070856 -0.5330191267130956
vn -0.7109548017144253 0.5921553589334156 -0.37933534083399073
vn -0.6854860116509157 0.6130782311299258 0.39273911231951697
vn -0.21983013057140305 0.9634257393608576 0.15324998672086304
vn -0.31377167486070273 0.932322226919234 -0.17978487491296397
vn 0.23105557531549833 0.9553402679191497 -0.18422348820872783
vn 0.3062823621960089 0.9401212584975355 0.1495430838542621
vn 0.2453822085818324 0.6481869024304291 0.7208615062750595
vn 0.3033206033266477 0.9310321040731242 0.2029182909023474
vn -0.46233182483044116 0.8663686130112205 0.1888245485575664
vn -0.21284218208807693 0.6533088271901633 0.7265574869474538
vn -0.15913497817555255 0.9749989102708976 0.15509088848681277
vn -0.2492360077723065 0.7650250755582505 -0.5938165088617997
vn 0.30575628475370864 0.7521230348965096 -0.5838013658014796
vn 0.3852414044391452 0.9113579758708531 0.14496792790937102
vn 0.3526267771227613 0.8278195170112512 -0.4363131940604975
vn 0.3434084755009868 0.8123930763842427 -0.4712622501294098
vn -0.45566917147431435 0.7699762745115789 -0.4466566274636273
vn -0.35026158049581346 0.8286049706730221 -0.4367271777718156
vn -0.49232341414989733 0.8704123481889426 0
vn -0.49232289461810463 0.870412642046777 0
vn 0.24403184605015998 0.9697672185186255 0
vn 0.4643120879609061 0.8856716575421073 0
vn 0.7220696235413253 0.5519551257160995 0.4170863195486199
vn 0.6886177078693339 0.5785268246623216 -0.4371640030410968
vn -0.18320974830595654 0.7843257369626564 -0.5926780968313695
vn 0.0708349192665597 0.7958259792791921 0.6013679613321737
vn -0.544025148444605 0.7505488937996402 0.37511730948592875
vn -0.6798272749142814 0.6992126311810243 -0.22121612210580655
vn -0.6219319423099017 0.7465967433523224 -0.23620745532336582
vn -0.5276823592748593 0.7598274413334448 0.3797546406652446
vn 0.25930664469617515 0.9657950424476259 0
vn 0.2008067107490893 0.7633150944539923 0.6140250251388985
vn 0.4211224072025955 0.7067250680839269 0.5685029430826727
vn 0.7634509707470061 0.6458657873470727 0
vn 0.19482054571543717 0.9808389036774282 0
vn 0.19482054571543717 0.9808389036774282 0
vn 0 1 0
vn -0.5168871240588214 0.8560535619820763 0
vn 0.5168869980631153 0.8560536380585629 0
vn 0.516887316075273 0.8560534460420688 0
vn 0.054083714579836004 0.9985364048532468 0
vn 0.09860725546399314 0.9951264287364994 0
vn 0.39424521535342033 0.8984103030584436 0.19346740689162864
vn 0.3956622386978265 0.8992014636234682 -0.18678361996180742
vn 0.02989870669610844 0.9786622530936117 -0.20328861676846505
vn 0.10110350513861002 0.9725807924602494 0.20943897293980518
vn -0.17048006644725178 0.9526236696730725 0.25188229577076154
vn -0.2046699820560507 0.9788310367194004 0
vn 0.25316230971057174 0.9674238186761832 0
vn -0.05594358528342653 0.9652621473854374 0.2552240233412413
vn -0.17813290982109234 0.9447462476003782 0.2751784767812984
vn -0.12452901860308904 0.7162225543285938 0.6866715198672332
vn -0.2479346087049139 0.6993031956446601 0.6704501997669233
vn -0.16465307432842394 0.9469977880211342 0.2758342882914991
vn -0.237007151575387 0.6218262565412271 0.7464313208715492
vn -0.052234556024044594 0.9012732825841058 0.4300907128235177
vn 0.14573025964544872 0.8928705060480716 0.42608092054576985
vn -1.1684374996553901e-7 0.6400629653016445 0.7683224586391135
vn 2.0761783309445386e-7 0.640062930255419 0.7683224878348959
vn -1.0476275158255085e-7 0.7248731344133015 0.688882384014735
vn -0.13048667817743415 0.7186755568660844 0.6829924383047313
vn -1.1684373997118479e-7 0.6400629302554729 0.7683224878348701
vn 2.0761788683245645e-7 0.6400629653015276 0.7683224586391917
vn -6.549608297063271e-8 0.9025053403362382 0.4306786628851804
vn 0.37053777429352536 0.838262631346273 0.40002189778813707
vn 0.30479544052390306 0.6096072470026268 0.7317641312866587
vn -0.0821705185678227 0.8816546213157709 0.4646860602501863
vn -0.30879704144102643 0.841410460629647 -0.4434780986027092
vn -0.7187564551502895 0.615059899910096 -0.3241766149838275
vn -0.7085871106486882 0.6242270420239729 0.3290059370718786
vn -0.49232341414989733 0.8704123481889426 0
vn -0.4923228946181046 0.8704126420467769 0
vn 0.4299959397736169 0.9028308212385111 0
vn 0.31539310096739326 0.9489611118808672 0
vn 0.1514166576859997 0.48564700410203154 0.8609413355054585
vn 0.12970612163154618 0.39026239064413076 0.911521578713324
vn -0.18702181442280968 0.3866426791922743 0.9030671511892238
vn -0.0014408353877275132 0.4913113057158318 0.8709828499282807
vn 0.16821985061550002 0.6549841702389394 0.7366802689059256
vn -0.00722956751804735 0.8218016778580829 0.569727773259424
vn -0.487399743615927 0.7175986849343162 0.49748730366077554
vn -0.20887127028229407 0.6592328511752775 0.7223467590997937
vn 0.686762915602665 0.624810121445609 0.3714417987949797
vn 0.6142957109962403 0.6148371989797959 -0.4945866943239603
vn 0.677472230216227 0.5731292602364004 -0.4610360380130039
vn 0.4558816632817609 0.7650576578404896 0.45481720422943483
vn 0.2850595567639581 0.9320783610022739 0.22354189327472945
vn 0.1948203556950031 0.9808389414204551 2.710544078554424e-7
vn -0.516886806046402 0.8560537539983295 -7.191468604057778e-7
vn 0 0.9724244391778886 0.23321815986232503
vn 0.06493279528784963 0.9907912930143449 0.11881222909729919
vn 0 1 0
vn 0.03872099491381922 0.9992500610722429 5.387267731923182e-8
vn -0.0952180265138002 0.9883754037349283 0.11852252409831146
vn -0.49353236553161245 0.5423599203413345 0.6799055235693504
vn -0.22487105148934294 0.778063659141457 0.5865577145733264
vn -0.13989788486066704 0.7906621505225855 0.5960553208742561
vn -0.17736915549823035 0.6137098874070613 0.7693506071854734
vn -0.05824431705699207 0.5276389911545023 0.847469583255956
vn -0.07526160865596318 0.7812279671814137 0.6196923055485783
vn -0.04918045246285297 0.7825019243707052 0.6207028447265989
vn 0.020281334561145514 0.5284275428345198 0.848736118851019
vn 0.24708514602342907 0.7035603797023374 0.6662970229017112
vn 0.11132982089945577 0.9668782144103205 0.22967844800330156
vn -0.4466807254840256 0.8704708800691369 0.20677711776869154
vn -0.3006923321489701 0.6924715236302583 0.6557951740810557
vn -0.30420014376281457 0.6524355510766306 0.6941110316267969
vn -0.3256698045881111 0.5540914580862708 0.7661082393861666
vn -0.18282103866200805 0.5761632758354408 0.7966256005182853
vn -0.18716840613631333 0.6727903869354145 0.7157660811967045
vn -0.20257637860490826 0.8709383993380859 0.44769310402298335
vn -0.23979694436690813 0.8619672857951581 0.4466652255226754
vn 0.45212070879966937 0.7919440481223342 0.4103796892124348
vn 0.37015808716598625 0.8262046609281425 0.4246985386909538
vn 0.5610158649076042 0.8207216141008171 0.10806123944191216
vn 0.4088211078299855 0.9125024515357355 -0.01430306729117768
vn 0.501421951690202 0.865096614170538 -0.01356003369686861
vn 0.38279423641560023 0.9159284873969045 0.12059676008009594
vn 0.18795887029340097 0.5805638209839203 0.7922228934097897
vn 0.17786191539034454 0.4981108164819244 0.8486758825119214
vn -0.3282835032981525 0.47812888287643757 0.8146304148640792
vn -0.16317310072229751 0.5831768070332473 0.7957885089263215
vn -0.30667198951423896 0.9518152608817421 0
vn -0.49232289461807577 0.870412642046726 -3.4248542034703755e-7
vn -0.0685112645246431 0.9976503428723074 -4.7660000145701106e-8
vn -0.3532607343309425 0.9355249080489324 0
vn -0.5479609925805075 0.7014577227998686 0.45573656177073185
vn -0.5551081512362134 0.7098777550734563 0.4335072240262939
vn -0.38707942480524815 0.7869167851640958 0.48055331870609597
vn -0.401300083402431 0.7680750180409351 0.49901804548795564
vn -0.37516208506952 0.925868085024526 0.04496330792221324
vn -0.3901168048946467 0.8691209521124331 0.3040356050497536
vn -0.4454156853880576 0.8482765449825675 0.2864118894926062
vn -1.1099555613395418e-15 0.9999999999999991 -4.3711382902390365e-8
vn 0.4248956144037994 0.8037397172402042 0.416492717572654
vn 0.3087264836648574 0.817586805365868 0.48604503286790934
vn 0.554379727480095 0.715394341621089 0.42529290346257176
vn 0.370390776296614 0.8247234543112315 0.42736623257265177
vn 0.29520147729662777 0.5512188232918251 0.780393424274362
vn 0.34250511225342933 0.7626315621186687 0.5487106236812855
vn 0.017729948786391024 0.8116005626843371 0.5839436407449776
vn 0.05034957212941591 0.5761979344764434 0.8157578445172717
vn 0.25619460109428804 0.6515251824352648 0.714058305058371
vn 0.23949253109153956 0.9135791256382987 0.3286586508055577
vn -0.2729282551984392 0.9052386036713955 0.32565816117118546
vn -0.144126878192102 0.6669831617569676 0.7309999349625675
vn -0.5846579540668319 0.7549772432106996 0.2969586486034016
vn -0.6689606881140603 0.6018420280701252 0.43620840318178394
vn -0.4880434006222954 0.7067145704466173 0.512218854619272
vn -0.5679693242953873 0.765930234705505 0.30126686213955084
vn -0.13421073447878976 0.9838455064175146 0.11847150818964114
vn -0.17911782724130823 0.915549973284851 0.36011810615749645
vn 0.030267011516694625 0.9301736259941856 0.3658701047075003
vn -2.40886640503687e-8 0.9929183441634177 0.11879882921887855
vn 0 0.9929183383304718 0.1187988779705215
vn 0 0.9342326870006258 0.3566641088469525
vn -0.2797204527669362 0.8969395105622638 0.3424266092116484
vn -0.31931260669520867 0.9407240471710728 0.1143578868272252
vn -0.4853517085099703 0.8604399860779127 -0.155166843767263
vn -0.41102954582625084 0.8700838546323204 0.2720455814124338
vn 0 0.8893784499139056 0.45717171044230054
vn 2.4527884147454433e-15 0.9999999999999991 -4.371137312888768e-8
vn 0 0.9999999999999992 -4.37114017391304e-8
vn 0 0.889378449913892 0.4571717104423267
vn 0.3819493657570662 0.8219486674844729 0.4225104377625174
vn 0.2651944717004957 0.9641949451119796 -4.214631260062856e-8
vn 0.2050964406567579 0.6714973323500498 0.7120581315290879
vn 0.14873321521314992 0.5407665232303034 0.827919076991084
vn 0.3765479615410704 0.5065992742300698 0.7756086693744672
vn 0.3516726978178116 0.6422573680965729 0.6810519706565761
vn 0.45502322266764805 0.6473143504237422 0.6115047003651214
vn 0.23471943010789817 0.6979249308314208 0.6766147944390367
vn -0.39313222915843904 0.6601725070746013 0.6400150867751107
vn -0.11441457159079063 0.7221544132623111 0.6822040084999964
vn 0.004846913007184031 0.8878622930103122 0.460083748990085
vn -0.05273771566451861 0.9986083983957318 0
vn -0.3532599595592273 0.9355252006077726 0
vn -0.3178772673707152 0.8418204244835208 0.43622518933609516
vn -0.52484142232715 0.7851796096289054 0.3286859626339617
vn -0.5460057782974641 0.7011145985296384 -0.4586022348336348
vn -0.00785820157898787 0.8368447221246677 -0.5473839235125854
vn -0.4686060770120724 0.8148887792187758 0.34112259100019926
vn -0.12247320437937502 0.9914944170435698 0.044035612638862784
vn -0.29784027263372337 0.9485899722107247 0.10708985301477465
vn 0 0.9999999999999992 -4.371135999999995e-8
vn 0 0.9999999999999992 -4.371144347826086e-8
vn 0.422684717247655 0.8060229937034056 0.41432422500581617
vn 0.31558181310132793 0.842500914007546 0.43657797600901505
vn 0.3880032453772527 0.818314939274268 0.4240449760783288
vn 0.24713727795875004 0.8617902933657543 0.44299058240972417
vn 0.22466445247698608 0.6832639424320257 0.6947490689201834
vn 0.18019651346282312 0.6283604512481509 0.7567644018074997
vn 0.013953571481121958 0.6387552984372874 0.7692834110789166
vn 0.4216561426285264 0.6358072050500276 0.6464946213156797
vn -0.013007365985652603 0.39721770437990306 0.9176322268519537
vn 0 0.988822565452083 0.14909706252224073
vn -0.27218030286899775 0.9514908245793954 0.1434680921716152
vn -0.4391568585216498 0.35630759158553393 0.8247339897154184
vn -0.21652755698170492 0.7484786044922849 0.6268138445222923
vn -0.25133032004629635 0.7267119620892277 0.6393143157961122
vn -0.17627381590182972 0.739946891160548 0.6491580239735529
vn -3.244678200697874e-7 0.7683121015964854 0.6400753975433571
vn 1.168422112933148e-7 0.7683123968307325 0.640075043159942
vn 0 0.941205214204197 0.33783538114713796
vn -1.7125599549092835e-7 0.9412052132813324 0.33783538371818345
vn -3.244678891340939e-7 0.7683123935614062 0.6400750470841975
vn -1.961987474105378e-7 0.7683124082212707 0.6400750294873195
vn 0 0.9412052142041969 0.3378353811471379
vn -0.2752009720418326 0.9033697555204663 0.32891869785423217
vn -0.20013219293645368 0.7651208469654992 0.6119944402437355
vn 0 0.9999999999999991 -4.371137391304345e-8
vn -0.4729445126352644 0.8796495370907985 -0.05040019706446039
vn 3.740979844233748e-14 0.9999999999999991 -4.371141166553332e-8
vn 1.3014377200211811e-14 0.9999999999999992 -4.371137391304165e-8
vn 0 0.9999999999999991 -4.3711364374703034e-8
vn 0 0.9999999999999991 -4.3711394782608634e-8
vn 0.09574593454140795 0.9954058046941421 3.1135311907902245e-9
vn 0 0.9999999999999992 -4.371136437470304e-8
vn 0 0.9999999999999992 -4.371138782608692e-8
vn -1.1869810233926808e-7 0.9721993224074841 0.23415481526207158
vn 0.28465574583372955 0.9319792485489424 0.22446778530112457
vn 0.2651945530961145 0.9641949227247308 5.009528545528587e-8
vn 0.5392799601276272 0.8375866782016729 0.08732514588497461
vn 0.4867183919044682 0.8484638750214811 0.20788039774221373
vn 0.31018621961592596 0.9233653946625449 0.2262318657927378
vn 0.21741770026233892 0.9708166551248181 0.10121544222546172
vn 0.016595764956113895 0.8892560223993472 0.4571086383038648
vn 0.06613530296178917 0.8859288012100284 0.45908199800113575
vn -0.3460187302141366 0.8330266321324195 0.4316684705872268
vn -0.3160636206227016 0.8437871835588359 0.4337360678808215
vn 0 0.9999999999999992 -4.37113782877368e-8
vn -0.32612009365318023 0.8706351390146844 0.36829355034879785
vn -0.15471891276259114 0.9098971082124698 0.38490168939632724
vn 0 0.9999999999999991 -4.3711378287736796e-8
vn 0 0.9999999999999991 -4.3711383035419027e-8
vn 5.372319118256862e-15 0.9999999999999992 -4.3711360643882195e-8
vn 0 0.9999999999999992 -4.371135999999995e-8
vn 0 0.9999999999999992 -4.3711383035419027e-8
vn 0.8974236158586332 0.2718483820160455 0.3474612365350624
vn 0.7920276014304309 0.1370985502716912 -0.5948918104040087
vn 0.6763430953885989 0.47470038949067966 -0.5632224760585872
vn 0.831703436220548 0.43414594396244083 0.3461021431888194
vn 0.21929222809970983 0.010260290601587143 -0.9756052711685377
vn 0 0 -1
vn -0.07968408330758396 0.3147493616199589 -0.9458241307067918
vn 0.13621461830298986 0.25848665869215315 -0.9563630194851416
vn 0.0000010138435261766435 0 -0.9999999999994861
vn 0 0 -1
vn 0 0.3391935726745851 -0.940716599330665
vn -0.028611582432297878 0.3390547084788817 -0.9403314745391756
vn 0 0 -1
vn -0.23603655221658398 0 -0.9717441772491914
vn -0.17743132738876904 0.3814846964345641 -0.9071866128020672
vn 0 0.3391935726745851 -0.940716599330665
vn -0.675015036537547 0.5015513062349825 -0.5411108829641085
vn -0.9123128516601254 0.38681401102370505 -0.1343881749690912
vn -0.9859252776868908 0.15792690373217053 -0.054867475753832315
vn -0.7887759632414076 0.33443697397246264 -0.5157367451061945
vn -0.9516313617419668 0.30520237716380316 -0.03534487689458572
vn -0.8779909963913491 0.2604385406715177 -0.40162616546810853
vn -0.9093730719029405 0.0000012571433380432384 -0.41598150932010086
vn -1 0 0
vn -0.22644878569607815 0.28212063835594986 -0.9322708259247433
vn 4.954783060780548e-7 0.21127533788586395 -0.9774265862973898
vn 5.06921249149691e-7 0 -0.9999999999998717
vn -0.23603685351242937 0 -0.9717441040644148
vn 0 0.21127533788588995 -0.9774265862975098
vn 0.2309957938088624 0.20556138312451372 -0.9509918301492136
vn 0.23603653715181136 0 -0.971744180908423
vn 0 0 -1
vn 0.8507301652599005 0.35329431430781255 -0.389154613739366
vn 0.9587107153325456 0.2843831294337892 -5.934952268328131e-8
vn 0.989805870286739 0.1424230990601957 -2.9723081552431877e-8
vn 0.9093736462332774 0 -0.415980253781828
vn 0.9587107032074436 0.2843831703098639 0
vn 0.8779915151885768 0.26043911646539425 -0.40162465794768176
vn 0.8507303351924341 0.35329411723704945 -0.38915442116088395
vn 0.9587106135414973 0.2843834725909472 0
vn 0.23099696980697998 0.20556155326046524 -0.9509915077229334
vn 0 0 -1
vn -0.015514288456645887 0.22414928412260862 -0.9744313240454692
vn 0.23099698258718948 0.20556129548610075 -0.9509915603377824
vn 0 0 -1
vn -0.2470134919656957 0 -0.9690120405789152
vn -0.329384024740505 0.3834270184760541 -0.8628382732287149
vn -0.0588046438805381 0.2730117189480406 -0.9602117553826965
vn -0.8234457243855884 0.4238643156633443 -0.3771951496219675
vn -0.7560808359849415 0.45003965219114045 -0.4751905732566563
vn -0.812332467583906 0.31659709442608763 -0.48977774746307257
vn -0.8454679250252529 0.35719000061917516 -0.3969877721179421
vn -0.10575256678496804 0.41078944520217625 -0.9055762951451851
vn -0.15770279185591166 0.26878901286073276 -0.9502011871210243
vn -0.236036552216584 0 -0.9717441772491914
vn -0.23089577070158007 0 -0.972978490549572
vn -0.8443175113375915 0.3242982387132802 -0.4265660469565769
vn -0.8779912121612712 0.2604394406264794 -0.4016251101882807
vn -0.9003724114609982 0.14035070415568304 -0.41186308468095434
vn -0.9093736224746698 0 -0.41598030572047123
vn -0.22644828705835146 0.2821209509068212 -0.9322708524606835
vn 0.2309959094084563 0.20556143042049935 -0.9509917918468269
vn 0.23245530990304325 0.1735381110641978 -0.9570000276416666
vn -0.23099561784340494 0.2055613639422381 -0.9509918770375225
vn 0.850730305565628 0.35329434034562324 -0.3891542833786674
vn 0.9582852644731508 0.28425721579546903 -0.029785687197572453
vn 0.989587122556679 0.14315141058607672 -0.015000017240287445
vn 0.9093738057691036 0 -0.41597990502068366
vn 0.9486046619299614 0.3018987477875664 -0.09490174629079857
vn 0.800505787432459 0.3260816732160687 -0.5028530865767334
vn 0.7080559261319549 0.47465667159357 -0.5228363506692449
vn 0.9196686577175277 0.3746218957341648 -0.11776245262638559
vn 0.18522527225456023 0.36114590734275176 -0.9139284611652079
vn 5.069220200583219e-7 0 -0.9999999999998715
vn 4.800846954433203e-7 0.32106170419023305 -0.9470582780918146
vn 0.19361884617088168 0.3149861183820506 -0.9291369584910857
vn 0 0 -1
vn -0.2360365522165843 0 -0.9717441772491913
vn -0.18366529319784905 0.36936938381754514 -0.910951874893946
vn 0 0.32106162269601274 -0.9470583057192432
vn -0.7151857625576976 0.46481529023062357 -0.5219732474012304
vn -0.800505440734688 0.3260822779269752 -0.5028532463613195
vn -0.8441164927840157 0.23199720738697346 -0.48336801960272324
vn -0.8005052580703473 0.3260823416371307 -0.5028534958356883
vn -0.19728997678163304 0.29368602189293963 -0.9353208998018822
vn -0.23099580980464668 0.20556135785703095 -0.950991831725525
vn -0.2360365522165501 5.387627523291943e-7 -0.9717441772490504
vn -0.23603685351242928 0 -0.9717441040644147
vn -0.8658244711593772 0.305750180905897 -0.39606162654010807
vn -0.8779910420482134 0.26043961039209074 -0.40162537198477427
vn -0.9005793784210617 0.13873464252996914 -0.41195810724491866
vn -0.909372752831213 0 -0.4159822068408479
vn -0.22644844402601627 0.28212139635720906 -0.9322706795323206
vn -0.20888731380596315 0.20661454414605546 -0.9558642792144953
vn -0.2042574803558864 0.290956092631064 -0.9346782515280478
vn -0.23099580998077301 0.20556135430457065 -0.950991832450625
vn -0.700415875421692 0.31201406591041686 -0.6419227555799178
vn -0.9101640964934732 0.2709363939772089 -0.3133604759264421
vn -0.8305983660005192 0.4778382080187387 -0.2859667836562638
vn -0.6752513575354191 0.4013080875657404 -0.6188597765252656
vn -0.8823175256778921 0.45963347159331375 -0.10125638583675073
vn -0.8550999092220074 0.5090914555023572 0.0981327426652616
vn -0.939237151393945 0.3259067619279819 0.10778847791394812
vn -0.9165115541728096 0.38593215008986353 -0.1051805428525455
vn -0.8482154899958545 0.4418683966625097 0.2920321943930078
vn -0.7661525000190273 0.22806727988579464 0.6008291458976415
vn -0.7935401012688157 0.05759324259692695 0.6057863700063326
vn -0.9330223239954553 0.16211232742960324 0.32123034760351804
vn -0.24386461702351542 0.21644015640452569 0.9453484581145508
vn -0.2380550572660749 0.3309258468204312 0.9131362842512756
vn -0.2571304098411455 0.28270941698430263 0.9240992034859247
vn -0.2871400715544409 0.06566615439036746 0.9556351476768167
vn -0.6615522817150419 0.7026826527732843 0.26188865582365695
vn -0.6669444993457969 0.7408947495125352 0.07912019297968242
vn -0.6687868694830637 0.739208247354455 0.07934286514992028
vn -0.6169276718406297 0.7453959063623009 0.25255730141024296
vn -0.6764683833616619 0.6959484762906321 0.24092788269689208
vn -0.6513262823949061 0.5104016963623472 0.5614839109111405
vn -0.6630607543029684 0.47869277473798627 0.5755029656889928
vn -0.7531377024101921 0.6004371229671291 0.26881008643883497
vn -0.25859737037409863 0.3499983135314852 0.9003491436996637
vn -0.2745128305023088 0.24428677917833705 0.9300358463028645
vn -0.2700539400792762 0.21016842807146988 0.9396276397007626
vn -0.24798503958131846 0.24637749024055683 0.9369106427224617
vn -0.8586835950628908 0.3652191859998161 0.35955170663967256
vn -0.877991410618855 0.26043868234150336 0.4016251680606367
vn -0.8507307684890614 0.353292260033488 0.38915515998948474
vn -0.8862174295199801 0.2628798395713113 0.3814614758556371
vn -0.2309958048742173 0.2055614573033473 0.9509918114273312
vn 0 0 1
vn 0 0.21583913853061953 0.9764289356007226
vn -0.230995809980773 0.2055613543045706 0.9509918324506249
vn 0 0 1
vn 0.23603655221658398 0 0.9717441772491914
vn 0.2538759835927664 0.3539073858014246 0.900164733384955
vn 0 0.23076044227849424 0.9730105951527115
vn 0.9125635389268809 0.2706949773192165 0.3065159321722053
vn 0.8949999931052456 0.3615599780500596 0.2612458509030356
vn 0.8956769626461074 0.3588420856569901 0.2626692523809842
vn 0.9031839663511868 0.32559151909707723 0.27973002273298414
vn 0.2511641179092164 0.49828035223701106 0.8298393076068676
vn 0.17607072515244962 0.4123565493612144 0.8938462820548079
vn 0.1849328863963449 0.36688638455967554 0.911698529314294
vn 0.25338506730325716 0.30708501321058457 0.917330258047329
vn 0.6741421725314788 0.5221842194777729 0.5223561736429723
vn 0.8028834197315554 0.324346980222821 0.5001772193338077
vn 0.8368844603215478 0.25182524717596155 0.48601280328513724
vn 0.8028831759486096 0.32434680516877595 0.5001777241696019
vn 0.19796889580602492 0.2934217782510092 0.9352603789006348
vn -4.95478507412002e-7 0.21127533424373643 0.9774265870846526
vn -5.037757334710722e-7 0.11123205851506349 0.9937944602171256
vn 0.21149270730907024 0.20649624753602364 0.9553167718137379
vn 0 0.2112753342437624 0.9774265870847727
vn -0.25471730183311486 0.22667094082590153 0.9400741357637484
vn -0.2590017751052656 0.13855966668786707 0.9558866560736523
vn 0 0 1
vn -0.884751300783507 0.4652468452159106 0.027577323628929347
vn -0.8722806293444828 0.4194881175298941 -0.25130901878289025
vn -0.7593784492251016 0.6179537547906088 -0.20366032454228294
vn -0.8673196886317861 0.4970168218713833 0.027033987655016366
vn -0.8398769448516807 0.5425698613441109 0.014988764713594947
vn -0.6628809449033967 0.5276786887281536 0.5311723395905669
vn -0.5543285108215452 0.6667602559442097 0.498147230428495
vn -0.7009011501746515 0.7108290501896442 0.05881869677525173
vn -0.15727939167353328 0.3323636395068384 0.9299449468052245
vn -4.1114022247655897e-7 1.7352333688472624e-7 0.9999999999999004
vn -3.966717475241756e-7 0.26295204573751585 0.9648089042096877
vn -0.15934144363356578 0.31270409584942654 0.936390117835384
vn 0 0 1
vn 0 0 1
vn 0 0.2629520090167021 0.9648089142177741
vn 0 0.2629519533279357 0.9648089293953612
vn 0 0 1
vn -5.084385993698006e-7 1.0802916471716775e-8 0.9999999999998707
vn -0.0058794221329585145 0.13458138126247265 0.9908851014183571
vn 0 0.2629519533279357 0.9648089293953613
vn -0.38541485727663066 0.006783876917590376 0.9227184656244837
vn 0.39844582663106937 -0.3696429732544681 0.8394075265113368
vn 0.38470871376627436 -0.00040899086401475023 0.9230379397829604
vn -0.38485943911227327 0.0017553907167280277 0.9229735265594664
vn -0.38333673766152043 0.0007300518243747034 0.9236083653710356
vn 0.36221294190210496 -0.3223314055521492 0.8745880457183247
vn 0.38063335521261554 0.1021618311617336 0.9190653998237929
vn -0.38330963477369745 0 0.9236199022810493
vn 0 0 1
vn 0.23603655221658398 0 0.9717441772491914
vn 0.22644849882662205 0.2821206068414361 0.9322709051421637
vn 0 0.2112753500263157 0.9774265836732997
vn 0.909373434762354 0 0.4159807160777032
vn 0.9957536278673842 0 0.09205820218178766
vn 0.9779511196977162 0.18824774927211366 0.09041234636910417
vn 0.8779910757250693 0.26043964544532316 0.4016252756332078
vn 0.9620201438211791 0.05767364637804931 0.26681640391051226
vn 0.938882576194811 0.22514796034733897 0.26039950858100375
vn 0.9261750599238094 0.2760705619143741 0.256875073176456
vn 0.9495263483089098 0.1704283957989108 0.2633512403095088
vn 0.9187627075262642 0.385564401439834 0.08494221330617151
vn 0.8985451924663158 0.4309470934453807 -0.08307309881453702
vn 0.9762191931488254 0.1971046702774148 -0.09025428456692801
vn 0.9554220250543545 0.28172026067217226 0.08833147099329929
vn 0.8933432350637185 0.3748977860099705 -0.24776907476663051
vn 0.9388829638326907 0.2251479407789594 -0.26039812784990746
vn 0.9616028518630924 -0.06474064932696265 -0.2666994630918688
vn 0.9624505701256111 0.04933660943596176 -0.2669359455641923
vn 0.9939839644265013 0.059590341066055784 -0.09189597224365893
vn 0.9977807013474793 3.0037227296120395e-9 0.06658582445635403
vn 0.9906561627623798 0.119288673217567 0.06611035942202904
vn 0.993730505387272 -0.06371121695465085 -0.09187253940604032
vn 0.9796607565093113 0.0423952593349688 0.19613119114899788
vn 0.9667165516904189 0.16733731484476697 0.1935389670023299
vn 0.881195142938239 0.4386023590855103 0.17641737631730614
vn 0.9265021302270886 0.32739541481533463 0.18548866553663543
vn 0.9551070875956665 0.28932320047248783 0.06373803333081797
vn 0.8018676394166177 0.2776043707938719 -0.5290974410943222
vn 0.8438141739774003 0.08658573084661815 -0.5296041455734599
vn 0.8618558094562326 0.5038815210514591 0.05751501064426788
vn 0.15273932131743273 0.4451565753054527 -0.8823300534300137
vn -0.16071956195076764 0.4125790140755013 -0.8966313509747698
vn -0.161439660328204 0.40956836227527776 -0.8978813912183843
vn 0.16811563251778225 0.381066753646775 -0.9091343483601608
vn -0.806522836084931 0.27299153569119167 -0.5244011215801166
vn -0.9093731273500503 -2.5737620811269826e-7 -0.41598138810952023
vn -0.7837399748278655 0.3127310386380819 -0.5366106123896203
vn -0.7588050967175606 0.3523613721519082 -0.5477739393314345
vn -0.23603695917249776 -8.088951846384854e-7 -0.9717440783992184
vn -2.2729617536183037e-13 -4.4838557417560903e-7 -0.9999999999998996
vn 4.854763102832269e-8 0.09576957192019507 -0.9954035307824763
vn -0.20411098476035547 0.20524120645124608 -0.9571910744854419
vn 0 0 -1
vn 0.2360365371518114 0 -0.971744180908423
vn 0.2346592180734567 0.10787455340408113 -0.9660735645389662
vn 0 0 -1
vn 0.9093737046152104 0 -0.4159801261531711
vn 0.9093734006757608 -7.460791432642594e-8 -0.41598079059422516
vn 0.7914293422543237 0.4363948710335682 -0.42801765472289094
vn 0.8718771117964765 0.2841943792297125 -0.3988281042500298
vn 0.17527832061679063 0.18087244369094596 -0.9677616800819421
vn -0.09116553442771093 0.2885748979050211 -0.953107220427805
vn -0.07092293003703912 0.224499435326685 -0.971889881382125
vn 0.16862826744828538 0.19920949237164254 -0.9653393629011624
vn -0.10353183624096243 0.36122204422324994 -0.9267145157230198
vn -0.04210171897024669 0.30961220714141025 -0.9499303797904217
vn -0.022937008410658908 0.16867667099920275 -0.9854045231811127
vn -0.05486090319455946 0.19140940911885418 -0.9799758769487381
vn 0.016751603955341508 0.12318981652987916 -0.9922417310657007
vn -0.23603655221658393 0 -0.9717441772491914
vn -0.10465252011759588 0.3238205645499209 -0.9403127628654238
vn 0.03320586583513372 0.24419300568776559 -0.9691579574286712
vn -0.9093736224746698 0 -0.4159803057204712
vn -0.9999999999997582 0 -6.956523673110849e-7
vn -0.989084376945294 0.13949710277616342 -0.04746212805802092
vn -0.776313478728206 0.3225561112020002 -0.5415671129889204
vn -0.988698387151391 0.1489633847084319 -0.016894059916018278
vn -0.8784680049168299 0.25848939063555965 -0.4018422566957112
vn -0.909373945276919 -5.0356144012824175e-8 -0.4159796000424647
vn -1 0 0
vn -0.22659263503946933 0.28003520305318425 -0.9328644396678607
vn 0.23107377515587024 0.203980799123189 -0.9513131682176378
vn 0.23485679955744335 0.09985178390649352 -0.9668877416496323
vn -0.23603642641412492 0 -0.971744207806586
vn 0.8515802834681722 0.3508089049030802 -0.3895434931416122
vn 0.9593310967758186 0.28228327396235364 0
vn 0.9578935713807235 0.2871235028824404 0
vn 0.878467561205801 0.2584902802612263 -0.4018426544303193
vn 0.9901476158759434 0.14002749292611713 1.0922907208476587e-7
vn 0.909373295254186 0 -0.4159810210557004
vn 0.8098503939484479 0.41218272726378935 -0.41742992078542757
vn 0.9531052729977187 0.3026389574789474 -1.1622522591701574e-8
vn -0.4163400930606731 0.10902680090413674 -0.9026483720667977
vn 0.4371895723775469 0.1960833758973213 -0.8777337794007062
vn 0.4384109881766863 0.2490757704449398 -0.8635722702954288
vn -0.18211919384027017 -0.25379289656106696 -0.9499588227339718
vn -0.011059644778133733 0.1775733246147617 -0.9840454250910585
vn 0.011578574614730438 0.18589695604633003 -0.9825010220567713
vn 0.017258331977077174 0.27708690298493877 -0.9606898553495734
vn -0.018078986017413805 0.29027035182635336 -0.9567738881863298
vn 0.025365951928341526 0.13574900515190913 -0.9904184853298307
vn -0.23603642941347092 5.219893286130639e-7 -0.9717442070779054
vn -0.15107709399632283 0.3090552803134144 -0.9389678084897389
vn 0.045487346803797096 0.24343330941262376 -0.9688504142276912
vn -0.9093726901662657 -0.0000019320590216879373 -0.41598234382727844
vn -1 0 0
vn -0.9578932511335849 0.2871245712799432 -1.9973883214460455e-7
vn -0.8624242118789628 0.273844886827057 -0.4257152296120337
vn -0.9901476404802049 0.14002731894699316 0
vn -0.8784673039143964 0.2584900709340956 -0.4018433515461687
vn -0.8896701453615221 0.20703657954681723 -0.4069679191066084
vn -0.959330768525118 0.2822843895099527 0
vn -0.2265927608086587 0.28003513043258643 -0.9328644309184021
vn -0.2232826951597053 0.20436197898615263 -0.9530902473465362
vn -0.22809589531361227 -0.002572878732131121 -0.9736352719761706
vn -0.23603655221654435 -1.1890824973080098e-7 -0.9717441772491938
vn -0.836681740939867 0.20072217606153872 -0.5095824490844973
vn -0.9908752611567995 0.07396829549573837 -0.11267168272862357
vn -0.9899262063648752 -0.0858808299496678 -0.11256371084502667
vn -0.8533691538055774 -0.04031278078298725 -0.519746060147353
vn -0.9992816872889999 0.0011860217746858118 -0.037877470892331046
vn -0.8920993517350775 -0.06477830810599662 0.447171686752168
vn -0.8138939860518298 -0.4461663757957423 0.37217219748116115
vn -0.8679566990068688 -0.4955489594182193 -0.032899809552942916
vn -0.21697692458524917 -0.019197782224005172 0.9759879401689381
vn -1.403920035686227e-7 5.10280328427173e-10 0.9999999999999902
vn 0.021611537923723306 0.2314950272034223 0.9725960075019114
vn -0.21542722214605303 -0.01010999716762742 0.9764675621420846
vn -0.008193631438582219 0.0832879960450365 0.9964918334430297
vn -0.26530841525611226 0.17259281557452166 0.9485900931415792
vn -0.2712383865936656 0.2141918132160604 0.9383771122471402
vn -0.022649424784578057 0.23023334368224332 0.9728718368900509
vn -0.8768048288243495 0.30343225447319117 0.3730176391212884
vn -0.9671212988896458 0.2543155387190745 -1.769151204039651e-7
vn -0.9593307867691085 0.2822843275084978 -1.9637166506166194e-7
vn -0.8867723961451394 0.26093414862830455 0.3815076506632993
vn -0.9849517387572638 0.1728296048685764 1.2022929031317747e-7
vn -0.8843969490886345 0.23275962493787025 0.4045553033164903
vn -0.8515807115846816 0.35080747356866765 0.38954384624236615
vn -0.9593307685251001 0.28228438950994483 1.9637174917501611e-7
vn -0.2313795374082324 0.1976608015886186 0.9525721585182392
vn 0.015648435453915744 0.209628815985527 0.9776558116107892
vn 0.014516583754511692 0.19446686041297404 0.9808016664939039
vn -0.23107371844289842 0.20398098029885572 0.9513131431454578
vn 0.0450129638085603 0.20099212661486932 0.9785581219978718
vn 0.25348238833877335 0.17355299932997173 0.951643859448293
vn 0.2547744997746606 0.19030785293447644 0.9480890651073037
vn 0.03573365495642078 0.15955810712573235 0.9865415938286175
vn 0.8497435885934111 0.18584885805934817 0.4933518375383113
vn 0.8450107854639398 0.17147106280214133 0.5065120404009366
vn 0.8310441268766035 0.19900400363359624 0.5193872021158236
vn 0.8519779629251287 0.1806274886174373 0.4914338826797617
vn 0.2037203762880643 0.17739902719325923 0.9628227217073425
vn 0.24277451324343827 0.13304189748264747 0.9609164319719111
vn 0.24506445266181895 0.24016423855144672 0.939289387016891
vn 0.2061097026288577 0.16561220576084984 0.9644124572947355
vn 0.912198596126868 0.193513833447143 0.36117325134727635
vn 0.909035465186901 0.2254440044165451 0.3504704322836196
vn 0.9099770738094313 0.21698774444448998 0.35335257732485514
vn 0.9090356405823732 0.22544386506334252 0.3504700669904576
vn 0.24518030326909465 0.2725164358405736 0.9303877745787642
vn -0.21174721361306986 0.20490098303013748 0.9556038429602429
vn -0.22485789093074163 0.10504606306102007 0.9687126785180211
vn 0.23603634344442045 8.508340705004762e-8 0.9717442279598991
vn -0.7733926596729207 0.37836584700670045 0.5086286265861841
vn -0.8045108070665834 0.3213192943771719 0.49951603815496376
vn -0.7160320486008922 0.46714451518692074 0.5187235364885486
vn -0.8045107682437407 0.321319271443204 0.4995161154348027
vn -0.21672105141642395 0.1691795291280096 0.9614625696286802
vn -3.31919503354725e-8 4.451859260568096e-7 0.9999999999999004
vn -0.009865845644814868 0.1323253254276697 0.991157239463131
vn -0.19559864568389826 0.3076556109876137 0.9311762426278191
vn -0.03723109653930951 0.1664523714516646 0.9853463621938215
vn -0.04339450790034308 0.27918308110962436 0.9592568602341212
vn 0 0 1
vn -3.0415290355614884e-7 0 0.9999999999999538
vn 0.030998372172505916 0.23816618684139979 0.970729606207662
vn -0.1575587287740647 0.2684512703996464 0.9503205577108794
vn -0.19794522453653152 0.1383572933335249 0.9703993752391863
vn -3.0415284188350197e-7 0 0.9999999999999537
vn -0.7324398610196553 0.5483693097852892 0.40351325885912775
vn -0.8242380922561496 0.4681175147765081 0.31858681647772075
vn -0.8346672063334195 0.44360067803277387 0.3264185857460149
vn -0.830556432203952 0.36006848043250256 0.4248843399369651
vn -0.3163602386930851 0.3891335804205463 0.8651538914916472
vn -0.2560109947193089 0.23207511898191013 0.9384026373217215
vn -0.253114177999437 0.18783712487968562 0.9490260414828472
vn -0.29431362306058395 0.2598059684355125 0.9197175381856312
vn -0.774113858716444 0.3444936223766497 0.5311043945261154
vn -0.8167983233553503 0.2566394040674493 0.5166978955287059
vn -0.7598623637047833 0.35659728226725923 0.5435508867664409
vn -0.8203770989859209 0.2577629916340961 0.510430852910838
vn -0.2384204055721697 0.12456931949658792 0.9631397587302474
vn -0.05982633794227375 0.4546427189119836 0.8886623697607186
vn -0.03762795158067898 0.2859519679798243 0.9575048873339017
vn -0.23610558103523044 0.24025151070195477 0.9415590083523417
vn 0 0 1
vn 0.16325345083848042 0.4910028706167707 0.8557245420317328
vn 0.19019160251991393 0.35440597283065073 0.9155454990074865
vn -0.013148590470881842 0.3009993017800017 0.9535337093656316
vn 0.8100308514552849 0.3211401293784502 0.49063126377496424
vn 0.8130023190277049 0.3150016957146562 0.4896949672525393
vn 0.8376883356494521 0.25985897587409973 0.4803660739212491
vn 0.8130020718514184 0.3150021909704061 0.48969505904097604
vn 0.20090971467574648 0.2901771920803949 0.9356454904210504
vn 0.23107371786923894 0.20398099196295202 0.9513131407837788
vn 0.22659250323957522 0.28003497757378815 0.9328645393683218
vn 0.21342389775894047 0.2048245162396875 0.9552471708477129
vn 0.8995764244600399 0.1463929590383866 0.411498916280074
vn 0.9933833842782241 0.059196153107782964 0.09841375562990115
vn 0.9847190355597681 0.14426141633554537 0.09755544455899363
vn 0.8784677306650213 0.2584892818524981 0.40184292621325024
vn 0.9571617783174852 0.053975063981603046 0.28447850990240264
vn 0.9562597775223759 -0.0692219282635481 0.2842104194788304
vn 0.8832577015597183 0.3885131205659713 0.2625135954260941
vn 0.9507150943260412 -0.12766823646717404 0.2825626139778374
vn 0.9698420642250597 -0.22399709966272352 0.09608157889191393
vn 0.9472412485359317 -0.3064760897265485 -0.09384254631036934
vn 0.9689855136742564 -0.2277096983476309 -0.09599670602613775
vn 0.9225758732247642 0.3748333328604959 0.09139874572583843
vn 0.9163305955552944 -0.29354311888153517 -0.2723429400711184
vn 0.7930690056398647 -0.1519268028545909 -0.5898811735152923
vn 0.7946053569754977 0.0005053442579042522 -0.6071260752866927
vn 0.9507151419638884 -0.12766825618613603 -0.28256244478517434
vn 0.2158441067623906 0.17031037864407422 -0.9614601897645363
vn 0.1979883145173884 0.294690766690636 -0.9348571972990575
vn 0.23175603231140568 0.19587925152476052 -0.9528486030369013
vn 0.2520119658728862 0.03499783803649068 -0.9670910610638768
vn 0.6947733967347693 0.6425107336164114 -0.3232180136956042
vn 0.7089049647438311 0.6276606591250056 -0.3217077057645826
vn 0.702321139546806 0.6373399776616954 -0.31708479909933485
vn 0.7098484409934672 0.6239503603071543 -0.3268044349327538
vn 0.2602572276466475 0.4508323715740189 -0.8538245418109198
vn 0.21175758770717476 0.28253788464003105 -0.9355912931358301
vn 0.21116282887238735 0.25059226497290227 -0.9447823963423333
vn 0.24518540982023754 0.30134225020778654 -0.921453722685513
vn 0.6516000376262654 0.48628265390121705 -0.5821911812113258
vn 0.7241035678809282 0.4021954844469965 -0.5602792297350992
vn 0.6205399389601673 0.5247668355068387 -0.5827091491537183
vn 0.7459233331980574 0.3463783423062317 -0.568876458444087
vn 0.23235780832915923 0.1758809237344307 -0.9565959176030354
vn 0.5036528137766786 0.13186103810214528 -0.8537836434398699
vn 0.47563117697867974 0.35168817467245095 -0.806281843576696
vn 0.2360372876563783 0 -0.9717439986106527
vn 0 -0.3004884170053494 -0.9537854639517312
vn -0.662946793524513 -0.28001140283001064 -0.6943307304453235
vn -0.6835170147810712 0.31501325471495883 -0.6584611908523246
vn 0 0.5723612605612003 -0.8200015776867712
vn -0.8555327167188922 0.008393741557552943 -0.517680708280941
vn -0.7776118325886546 0.03457246863992601 -0.6277934232136042
vn -0.657297263725846 0.6748341606159026 -0.33549837967469537
vn -0.8659823956518465 0.2791230986957963 -0.41492744690553496
vn -0.9297191107481954 -0.36123432544620643 -0.07163893654298213
vn -0.5628172689697455 0.060829705340907946 0.8243400200751966
vn -0.4536966088026935 0.5181678832215815 0.725025125053333
vn -0.6222971493674868 0.7808400292588338 0.05509180153310853
vn -0.18434377974817934 0.11487168064631187 0.9761259487656533
vn -2.7740412818357436e-7 1.7792061983776736e-8 0.9999999999999614
vn 0.05458411196204507 0.27949225429611785 0.9585951462999326
vn -0.13822706860807604 0.2751910358820805 0.9514006365743961
vn -0.023136243195923587 -0.3372697611611913 0.9411237019951482
vn 0.2954734159388038 -0.5603982234465407 0.773724299496543
vn 0.16845622013973982 0.3075622297156287 0.9364977184961972
vn 0.01980854717440168 0.2887601032667979 0.9571965441956984
vn 0.6385834455479629 0.4343544258934199 0.6352538199640279
vn 0.9320984769346419 0.3116137250580496 0.18463292136443948
vn 0.9926179591032497 0.1043427874689184 0.06182370070543714
vn 0.7826859759426166 0.26166242793247607 0.5647436913071588
vn 0.972871344453058 0.2269626807850815 0.04482508977067325
vn 0.8929397571837571 0.18925327886764623 -0.4084627112460304
vn 0.9093736808566469 -5.5470735678481205e-8 -0.4159801780917334
vn 1 0 0
vn 0.020074438595411956 -0.2857102496799381 -0.9581057718972925
vn -0.41369758685289276 -0.27364763498695666 -0.8683151953629158
vn -0.42431864612763825 0.1636193820062986 -0.8906078735225088
vn -0.03884280906582624 0.5528512137420439 -0.8323741776676069
vn 0.4243651969181953 0.1629631362691269 -0.890706009782078
vn -9.73848831563996e-7 -0.27810070751856036 -0.9605519228426581
vn -8.445341447031628e-7 0.5532686290289331 -0.833002895632261
vn 0.36888392969020967 0.5142498435588994 -0.7742556068999152
vn -0.4161351923865806 -0.2528773798795089 -0.8734326146891118
vn -0.2172455212768766 0.17221495134265438 -0.960805075974927
vn -0.20995506638469363 0.225515384353689 -0.951347298056397
vn -0.4243181932302274 0.16361963849043 -0.8906080421791039
vn -0.8828834358447654 0.12587162789576672 -0.4524081917934424
vn -0.9093739014905616 0 -0.4159796957639092
vn -0.8657794065690958 0.18190538506796983 -0.4661935757216503
vn -0.8587588303105155 0.20218183131401413 -0.47080333309167127
vn -0.23603661247569332 0 -0.9717441626122585
vn 1.5207637468729481e-7 0 -0.9999999999999885
vn 1.5168799866161259e-7 0.07142214252922434 -0.9974461777742758
vn -0.22152984500559383 0.1381813154093522 -0.9653136546447164
vn 1.0111828327282768e-7 0.07237965378281666 -0.9973771531964573
vn -0.23378534320708982 0.13777540111429853 -0.962477195651584
vn -0.23603630413454316 -6.197449244846398e-8 -0.971744237508256
vn 1.0138419849377552e-7 -1.2755317616240338e-7 -0.9999999999999869
vn -0.8894819283397557 0.20801225690046637 -0.40688180118575507
vn -0.9812466173133642 0.19275652002222973 0
vn -1 0 0
vn -0.909373361784736 -3.979476142887454e-8 -0.4159808756136828
vn -0.9812465346737254 0.19275694070721694 0
vn -0.9812466173133643 0.1927565200222298 0
vn -0.9298906468083853 -0.36783608438852605 0
vn -0.9320006501330025 -0.3624566017493142 0
vn -0.9812465346734968 0.19275694070717203 -6.826061423619764e-7
vn -0.9013651639509612 0.17706452472463016 0.39520753446726925
vn -0.9093734493578675 0 0.41598068417052025
vn -0.9999999999997581 0 -6.956520285586985e-7
vn -0.266009346113934 0.1677329064832575 0.9492653474464957
vn 0.22432426231557165 0.15030364064911253 0.962853800399727
vn 0.2360364015689413 0 0.9717442138414748
vn -0.236036381954855 -9.832722918502393e-8 0.9717442186057256
vn 0.9244352488694844 0.22537419027390823 0.3076133043384091
vn 0.9292098424215645 0.24704079895325906 0.27484525173163704
vn 0.9277386400699984 0.11286114038446496 0.3557574717587648
vn 0.9093738403924868 0 0.41597982933048566
vn 0.2667637261269097 0.2998413201877286 0.9159324741109288
vn 0 0.2170575275638723 0.9761588137838326
vn 0 0.17240915725017966 0.985025422258879
vn 0.25591044332565166 0.1666680737093922 0.9522245524049824
vn -1.5131137401956387e-7 0.10017755521238983 0.9949695761336856
vn -1.0138429614204961e-7 -1.276220011080918e-14 0.999999999999995
vn -9.986610911774142e-8 0.17240915725019323 0.9850254222588717
vn -1.4979910399907018e-7 0.17240912232461666 0.9850254283718938
vn -2.0195876430317073e-7 0.08928318033328737 0.9960062819628867
vn -0.22948563677916856 0.16276773671164219 0.959605651503694
vn -0.2278090732391218 0.1893222931589753 0.95512307869874
vn -1.997321940325289e-7 0.17240907577597217 0.9850254365192989
vn -0.8685541581544546 0.2612906015246435 0.4211186245079844
vn -0.8879683801246838 0.1678644567732897 0.428174824167598
vn -0.868826201204627 0.24603909570651944 0.4296577655346814
vn -0.8895657411948992 0.17319309795034554 0.42270195518205456
vn -0.22889266471183375 0.06443697238688986 0.9713166448850381
vn 0 0 1
vn 0.023300833788025693 0.17443508549094372 0.9843929459796785
vn -0.21907901228459595 0.14119018703337158 0.9654375782316988
vn -3.0415284188350197e-7 0 0.9999999999999539
vn 0 0 1
vn 0.005822493570598579 0.1450624097055867 0.9894053748888921
vn 0.03724363026076886 0.16443730430193576 0.9856841709994697
vn -0.03514356070590894 0.0825954155889743 0.9959633163247504
vn -0.32177373738785997 0.1434720400958195 0.9358832382504734
vn -0.337896438439637 0.17184548441036493 0.925362159577306
vn -0.05963270223482112 0.1401508406080525 0.9883327793314504
vn -0.9105244093230094 0.21940783542393924 0.35043615935226563
vn -0.8882380918997199 0.15758730498645737 0.43150820780774274
vn -0.8533724686459213 0.2856963086372062 0.43604248530188017
vn -0.9129995162826204 0.19257310703320366 0.3596491091540187
vn -0.18920948271030397 0.13461202893373506 0.9726661160536243
vn 0.04109506340434792 0.15676238673221962 0.986781004007379
vn 0.048485292647273526 0.18495336342497468 0.9815505232817603
vn -0.17944608994529818 0.16103803044433423 0.9704977349556019
vn 0.0164516267710492 0.18828016759443114 0.9819775570078979
vn 0.20964218597620926 0.19722517684029617 0.9576807314963742
vn 0.2033566663263684 0.2357719697935126 0.9502934517928202
vn 0.016915372643010754 0.1935871606130275 0.980937246420042
vn 0.8246991418986072 0.26030453330360365 0.502108429817001
vn 0.862797590626608 0.21345897737569405 0.4582745711761052
vn 0.8628618925683933 0.21326188825405373 0.4582452633378837
vn 0.8472413349206839 0.20961062372299785 0.4881039918135002
vn 0.2890023676989275 0.22416440628427414 0.9307136780017973
vn 0.2735310491816282 0.17671457864600565 0.9454907312224498
vn 0.303716442907646 0.2815932841090442 0.9101986292300215
vn 0.27882855631595205 0.17643499269237736 0.9439943482544813
vn 0.764252923317595 0.17564568547537573 0.6205369145944467
vn 0.9309689914361484 0.1400232662153523 -0.33717980648720003
vn 0.9284939146379457 0.15751996472814436 -0.33628337929839375
vn 0.7338434556575882 0.3911321705669836 0.555418227767229
vn 0.9950979544904193 0.007831614543026548 0.0985836030110123
vn 0.8717003178835558 0.0396400256032205 0.4884334388346933
vn 0.739166710615485 0.5311254539195462 0.4141718557756427
vn 0.9697286597466156 0.22449237534458408 0.09607028613561659
vn 0.9294338970260212 0.24463339642936852 -0.276237456566728
vn 0.7598484329384708 0.114285650181841 -0.6399758972988469
vn 0.7271750825024705 0.342961872956439 -0.5946373290382438
vn 0.8536060346340839 0.4549645380335864 -0.2537006242959612
vn 0.21775085729390284 0.009902662512424523 -0.9759541492421329
vn -0.6144351984215264 -0.021941359881731185 -0.7886621353071541
vn -0.6178969512394402 -0.2958172061607739 -0.7284885298947672
vn 0.23583749244248692 0.15236252484830623 -0.9597741078922111
vn 0.09387766773802433 0.4375448398941043 -0.8942826715206506
vn 0.5953203072835288 0.4432870691722653 -0.6701420043845248
vn 0.6200903033336378 0.10758826101594753 -0.7771182547097716
vn -0.0810273527548519 -0.37765251865923877 -0.9223953291598317
vn -0.6044714738346619 0.10924733238751276 -0.7891002836689162
vn 1.2158329311397836e-7 0.6006810279309684 -0.79948877583352
vn 1.37894916523451e-7 -0.42167240238181514 -0.9067482478998953
vn -0.5875633906600792 -0.34120820191553575 -0.7337208085515894
vn 0.5262065871572893 0.5107935562465076 -0.6798504030515274
vn 0.23378577369200146 0.13777538644675932 -0.962477093186471
vn 0.23281586310500432 0.1646362658775695 -0.9584840498644525
vn 0.6081948596460723 0.112481395916148 -0.7857779255443929
vn 0.8822029398625221 0.24262130585234096 -0.40355033743565155
vn 0.8868054577471577 0.17420551651658495 -0.4280520039960615
vn 0.8600802359203401 0.2761800998203516 -0.4289365223928043
vn 0.8935421836920334 0.18578531602789913 -0.40873730232422645
vn 0.21513045704908285 0.07601190987290685 -0.9736226558617698
vn 0.43011516341503875 1.620988988373222e-7 -0.902774028315186
vn 0.27605739282713754 0.5189452118752014 -0.8090044393804562
vn 0.1915522096741864 0.1559284004198831 -0.9690170715273457
vn 0.969648067693602 0.24373516746689733 0.019385380005234584
vn 0.8844572691794453 0.23248146606653622 -0.40458337451159865
vn 0.8623676502894759 0.3173460842930932 -0.39447876814608096
vn 0.9669493409905815 0.25416594232146683 0.02021498755184493
vn 0.23504782961949355 0.0914355432385582 -0.9676735292565543
vn -0.2360364281755698 0 -0.9717442073787316
vn -0.22840908928250303 0.2521592333180529 -0.9403430272967357
vn 0.23205123750377413 0.18298588300550628 -0.9553367939076053
vn -0.9093733325936666 0 -0.41598093942810527
vn -1 0 0
vn -0.9911625844330717 0.13265267136380757 0
vn -0.8844570053762686 0.2324826143805374 -0.404583291364873
vn -0.7625410253948385 -2.8278696154140376e-8 -0.6469398616485056
vn -1 0 0
vn -0.8326439462212516 0.5479131626172071 0.08059295907157009
vn -0.7034282490681678 0.3860467480852814 -0.5967885778947776
vn -0.7625413145616375 0 0.6469395208105702
vn -0.9093734214008988 6.003330056231382e-8 0.41598074528711027
vn -0.6677744030039965 0.4665798928192684 0.579983232782997
vn -0.6733550194320191 0.26739752119550947 0.6892688760303937
vn -0.23603651895301495 2.4648590560637553e-7 0.9717441853288769
vn 0.23603598486384028 2.900212023329398e-7 0.9717443150588909
vn 0.1998458090660198 0.34669920102991614 0.9164394778729068
vn -0.17933553892750823 0.3239614875533584 0.9289174985216909
vn 0.9093734493578667 0 0.4159806841705218
vn 0.9999999999990049 -6.808195711584557e-7 -0.000001235609096480484
vn 0.9945297858188618 0.10052733294858554 0.028368300078311807
vn 0.8481660026478346 0.2639249972609146 0.45930167403703176
vn 0.9942150705315466 0.10270179624078424 0.031444150121583
vn 0.9748809570134991 0.21664509831841222 0.05169159532312577
vn 0.9926836035822373 0.1174477360527243 0.028023070407675797
vn 0.9999999999994557 3.467042957795417e-14 0.0000010434783446024004
vn 0.17728250624097205 0.132258683071855 -0.9752325639215594
vn -0.3139198194438309 0.1958510642850796 -0.9290299820666469
vn -0.353658986543999 0.30890116821005215 -0.8828960241812943
vn 0.1432260732013781 0.20415173022409733 -0.9684050614292664
vn -0.9088885183160303 0.17042241848426157 -0.38062824455269556
vn -0.9093733909757934 0 0.4159808117992786
vn -0.8779917744241389 0.3465671730392121 0.33018424949588493
vn -0.8902061606992551 0.2961457064143684 -0.34616572913191
vn -0.3140258239612881 0.19613682530624596 0.9289338661305343
vn 0.16227257213584156 0.16434404466839336 0.9729638468691689
vn 0.12297885318572072 0.24540764234100373 0.9615879006881041
vn -0.3139203347438443 0.1958510210583637 0.9290298170590163
vn 0.8972607543350581 0.09764280662147522 0.43056825364297785
vn 0.9093733974396963 -2.6740953227572163e-8 -0.4159807976685748
vn 0.825356781466733 0.34323498177274 -0.4483033912144124
vn 0.8684819359844445 0.2222737941094749 0.4430953478890184
vn 0.17853799122038477 0.14777744691967606 -0.9727723330116314
vn -0.2866452243912672 0.14487534701266813 -0.9470193499404537
vn -0.3196418764228165 0.24983109839387832 -0.9140095694861239
vn 0.17003166357983576 0.16840735606685797 -0.9709419116522081
vn -0.8905394926083319 0.2819960340430605 -0.35695608818015695
vn -0.88814817598099 0.29322212182585783 0.3538553444185664
vn -0.8886902389791765 0.29073194418226417 0.3545484392507393
vn -0.8989689756306506 0.23591937701459084 -0.36904854477781945
vn -0.31898155007098117 0.24762577017918286 0.9148400126019197
vn 0.17362089640912995 0.1597372331491722 0.9717714755414142
vn 0.15211574129782324 0.21092822514533482 0.9655931260559247
vn -0.29270268184561665 0.16341120699657402 0.9421368889223617
vn 0.8747834586341572 0.20839260461893974 0.437408759446123
vn 0.8854695853155268 0.16478134276911238 -0.4345005437929368
vn 0.8501011203133311 0.28865100303516816 -0.44046416845052355
vn 0.879157271343305 0.19145202383594823 0.43638127229902296
vn 0.25011963928455966 0.21436383753400243 -0.9441865870694508
vn -0.24758460156771944 0.15948335478616885 -0.9556500011053747
vn -0.25283747868439543 0.32365359095375557 -0.9117683710434668
vn 0.25008672430786716 0.21352750844590246 -0.944384790994564
vn -0.917177904047827 0.22178238041818255 -0.33105478105969127
vn -0.8251836460794492 0.2814293384741031 0.4897647166640889
vn -0.7564512327260473 0.40996953604475744 0.5096140814601671
vn -0.9055127154806807 0.3088264517508109 -0.2909861591241203
vn -0.19640155985634702 0.30721284678563543 0.9311534213306953
vn 0.20220981141305627 0.27170298753996364 0.9408978046154399
vn 0.19478952391529789 0.3167074580857014 0.9283067528386
vn -0.20399479907254797 0.26035479122667393 0.943716856179154
vn 0.7636625599396853 0.3981760545744835 0.5082079536074426
vn 0.9055128904819604 0.3088260272641701 -0.2909860650533554
vn 0.8892705424447127 0.37944775628836064 -0.2553767855303521
vn 0.8251831105752676 0.28142986427730227 0.48976531677343726
vn 0.29078640090090324 0.7534783094574989 -0.5896725415246743
vn -0.08735973557533601 0.5191639217447515 -0.8501982703809843
vn -0.07385826584966204 0.5655061928300963 -0.8214302784999412
vn 0.31073269558782135 0.49535783921695614 -0.811212551073413
vn -0.7508731399719111 0.5324824210646621 -0.3907070500078534
vn -0.8107770046241909 0.43083656596181685 0.3962581257247022
vn -0.6675517958256971 0.657845010427547 0.34873276609098214
vn -0.7630569708509495 0.5117478086871898 -0.3947888543761501
vn -0.20083247631398787 0.34889690376888005 0.9153891341927106
vn 0.23902500561618814 0.31627989346878876 0.9180599521150854
vn 0.2530486808515758 0.5647611667529504 0.7855005981201564
vn -0.18843776734055268 0.3957004218268558 0.8988394650913789
vn 0.6832196614835238 0.6800435444575248 0.2659918641687856
vn 0.6191311590715389 0.753148869160172 -0.22235869389229482
vn 0.6787944960249224 0.6890295389082136 -0.2539218908999505
vn 0.7554297203239868 0.5786330708289471 0.30742431100074974
vn -0.1905232677599527 0.12020441761285378 0.9742955313601845
vn 0.27556157088526084 0.11389189431902859 0.9545126804080032
vn 0.3063437206340193 0.2106777498606559 0.9283148229678104
vn -0.1814223139192568 0.14306200850773548 0.9729435778779341
vn 0.9113586506306116 0.09931129484024694 0.3994529717474945
vn 0.9093736944103874 -1.5686312641544808e-8 -0.415980148461923
vn 0.8964590106302154 0.2493842384362263 -0.36629051841329285
vn 0.9040868792704854 0.1977445460454139 0.3788456271890279
vn 0.23603703957413902 0 -0.9717440588699662
vn -0.23603649019607828 0 -0.9717441923139634
vn -0.16535569544903775 0.18254927593296702 -0.9691920634419758
vn 0.2839584197986169 0.13948765800402277 -0.9486362891488105
vn -0.8922926043208316 0.13280382036087104 -0.43148239080164713
vn -0.8910473297336345 0.13920769194028976 0.4320368904147156
vn -0.8638011047170663 0.2478611386184891 0.4386485010259604
vn -0.8854469173190582 0.16582764048523754 -0.4341485347911195
usemtl m_31c1b5cb-8651-aefd-9fb5-f87bd4552fef
f 2/1/1 3/2/1 4/3/1
f 3/4/2 5/5/2 6/6/2
f 7/7/3 8/8/3 4/9/3
f 8/10/4 9/11/4 10/12/4
f 9/13/5 8/14/5 11/15/5
f 8/16/6 7/17/6 12/18/6
f 13/19/7 14/20/7 11/21/7
f 14/22/8 15/23/8 16/24/8
f 15/25/9 14/26/9 17/27/9
f 14/28/10 13/29/10 18/30/10
f 19/31/11 20/32/11 17/33/11
f 20/34/12 21/35/12 22/36/12
f 23/37/13 24/38/13 25/39/13
f 24/40/14 26/41/14 27/42/14
f 28/43/15 29/44/15 25/45/15
f 29/46/16 30/47/16 31/48/16
f 30/49/17 29/50/17 32/51/17
f 29/52/18 28/53/18 33/54/18
f 34/55/19 35/56/19 32/57/19
f 35/58/20 36/59/20 37/60/20
f 38/61/21 39/62/21 40/63/21
f 39/64/22 41/65/22 42/66/22
f 43/67/23 44/68/23 40/69/23
f 44/70/24 45/71/24 46/72/24
f 45/73/25 44/74/25 47/75/25
f 44/76/26 43/77/26 48/78/26
f 49/79/27 50/80/27 47/81/27
f 50/82/28 51/83/28 52/84/28
f 53/85/29 54/86/29 55/87/29
f 54/88/30 56/89/30 57/90/30
f 58/91/31 59/92/31 55/93/31
f 59/94/32 60/95/32 61/96/32
f 60/97/33 59/98/33 62/99/33
f 59/100/34 58/101/34 63/102/34
f 64/103/35 65/104/35 62/105/35
f 65/106/36 66/107/36 67/108/36
f 68/109/37 69/110/37 70/111/37
f 69/112/38 71/113/38 72/114/38
f 73/115/39 74/116/39 70/117/39
f 74/118/40 75/119/40 76/120/40
f 75/121/41 74/122/41 77/123/41
f 74/124/42 73/125/42 78/126/42
f 79/127/43 80/128/43 77/129/43
f 80/130/44 81/131/44 82/132/44
f 83/133/45 84/134/45 85/135/45
f 84/136/46 86/137/46 87/138/46
f 88/139/47 89/140/47 85/141/47
f 89/142/48 90/143/48 91/144/48
f 90/145/49 89/146/49 92/147/49
f 89/148/50 88/149/50 93/150/50
f 94/151/51 95/152/51 92/153/51
f 95/154/52 96/155/52 97/156/52
f 98/157/53 99/158/53 100/159/53
f 99/160/54 2/161/54 10/162/54
f 9/163/55 101/164/55 100/165/55
f 101/166/56 102/167/56 103/168/56
f 102/169/57 101/170/57 104/171/57
f 101/172/58 9/173/58 16/174/58
f 15/175/59 105/176/59 104/177/59
f 105/178/60 106/179/60 107/180/60
f 108/181/61 109/182/61 110/183/61
f 109/184/62 111/185/62 112/186/62
f 113/187/63 114/188/63 110/189/63
f 114/190/64 115/191/64 116/192/64
f 117/193/65 118/194/65 119/195/65
f 118/196/66 23/197/66 31/198/66
f 30/199/67 120/200/67 119/201/67
f 120/202/68 121/203/68 122/204/68
f 121/205/69 120/206/69 123/207/69
f 120/208/70 30/209/70 37/210/70
f 36/211/71 124/212/71 123/213/71
f 124/214/72 125/215/72 126/216/72
f 127/217/73 128/218/73 129/219/73
f 128/220/74 130/221/74 131/222/74
f 132/223/75 133/224/75 129/225/75
f 133/226/76 134/227/76 135/228/76
f 134/229/77 133/230/77 136/231/77
f 133/232/78 132/233/78 137/234/78
f 138/235/79 139/236/79 136/237/79
f 139/238/80 140/239/80 141/240/80
f 140/241/81 139/242/81 142/243/81
f 139/244/82 138/245/82 143/246/82
f 144/247/83 145/248/83 142/249/83
f 145/250/84 146/251/84 147/252/84
f 148/253/85 149/254/85 150/255/85
f 149/256/86 60/257/86 67/258/86
f 66/259/87 151/260/87 150/261/87
f 151/262/88 152/263/88 153/264/88
f 154/265/89 155/266/89 156/267/89
f 155/268/90 157/269/90 158/270/90
f 159/271/91 160/272/91 156/273/91
f 160/274/92 161/275/92 162/276/92
f 161/277/93 160/278/93 163/279/93
f 160/280/94 159/281/94 164/282/94
f 165/283/95 166/284/95 163/285/95
f 166/286/96 167/287/96 168/288/96
f 167/289/97 166/290/97 169/291/97
f 166/292/98 165/293/98 170/294/98
f 171/295/99 172/296/99 169/297/99
f 172/298/100 173/299/100 174/300/100
f 175/301/101 176/302/101 177/303/101
f 176/304/102 90/305/102 97/306/102
f 96/307/103 178/308/103 177/309/103
f 178/310/104 179/311/104 180/312/104
f 181/313/105 182/314/105 183/315/105
f 182/316/106 98/317/106 103/318/106
f 102/319/107 184/320/107 183/321/107
f 184/322/108 185/323/108 186/324/108
f 187/325/109 188/326/109 189/327/109
f 188/328/110 190/329/110 191/330/110
f 108/331/111 192/332/111 189/333/111
f 192/334/112 193/335/112 194/336/112
f 193/337/113 192/338/113 195/339/113
f 192/340/114 108/341/114 116/342/114
f 115/343/115 196/344/115 195/345/115
f 196/346/116 197/347/116 198/348/116
f 197/349/117 196/350/117 199/351/117
f 196/352/118 115/353/118 200/354/118
f 201/355/119 202/356/119 199/357/119
f 202/358/120 203/359/120 204/360/120
f 205/361/121 206/362/121 207/363/121
f 206/364/122 208/365/122 209/366/122
f 210/367/123 211/368/123 207/369/123
f 211/370/124 212/371/124 213/372/124
f 212/373/125 211/374/125 214/375/125
f 211/376/126 210/377/126 215/378/126
f 216/379/127 217/380/127 214/381/127
f 217/382/128 218/383/128 219/384/128
f 218/385/129 217/386/129 220/387/129
f 217/388/130 216/389/130 221/390/130
f 222/391/131 223/392/131 220/393/131
f 223/394/132 224/395/132 225/396/132
f 224/397/133 223/398/133 226/399/133
f 223/400/134 222/401/134 227/402/134
f 228/403/135 229/404/135 226/405/135
f 229/406/136 230/407/136 231/408/136
f 232/409/137 233/410/137 234/411/137
f 233/412/138 235/413/138 236/414/138
f 237/415/139 238/416/139 234/417/139
f 238/418/140 239/419/140 240/420/140
f 241/421/141 242/422/141 243/423/141
f 242/424/142 154/425/142 162/426/142
f 161/427/143 244/428/143 243/429/143
f 244/430/144 245/431/144 246/432/144
f 245/433/145 244/434/145 247/435/145
f 244/436/146 161/437/146 168/438/146
f 167/439/147 248/440/147 247/441/147
f 248/442/148 249/443/148 250/444/148
f 249/445/149 248/446/149 251/447/149
f 248/448/150 167/449/150 174/450/150
f 173/451/151 252/452/151 251/453/151
f 252/454/152 253/455/152 254/456/152
f 255/457/153 256/458/153 257/459/153
f 256/460/154 258/461/154 259/462/154
f 260/463/155 261/464/155 257/465/155
f 261/466/156 262/467/156 263/468/156
f 264/469/157 265/470/157 266/471/157
f 265/472/158 267/473/158 268/474/158
f 269/475/159 270/476/159 266/477/159
f 270/478/160 271/479/160 272/480/160
f 271/481/161 270/482/161 273/483/161
f 270/484/162 269/485/162 274/486/162
f 275/487/163 276/488/163 273/489/163
f 276/490/164 277/491/164 278/492/164
f 277/493/165 276/494/165 279/495/165
f 276/496/166 275/497/166 280/498/166
f 281/499/167 282/500/167 279/501/167
f 282/502/168 283/503/168 284/504/168
f 283/505/169 282/506/169 285/507/169
f 282/508/170 281/509/170 286/510/170
f 205/511/171 287/512/171 285/513/171
f 287/514/172 288/515/172 289/516/172
f 288/517/173 287/518/173 290/519/173
f 287/520/174 205/521/174 213/522/174
f 212/523/175 291/524/175 290/525/175
f 291/526/176 292/527/176 293/528/176
f 294/529/177 295/530/177 296/531/177
f 295/532/178 297/533/178 298/534/178
f 299/535/179 300/536/179 296/537/179
f 300/538/180 301/539/180 302/540/180
f 303/541/181 304/542/181 305/543/181
f 304/544/182 218/545/182 225/546/182
f 224/547/183 306/548/183 305/549/183
f 306/550/184 307/551/184 308/552/184
f 309/553/185 310/554/185 311/555/185
f 310/556/186 312/557/186 313/558/186
f 314/559/187 315/560/187 311/561/187
f 315/562/188 316/563/188 317/564/188
f 318/565/189 319/566/189 320/567/189
f 319/568/190 230/569/190 321/570/190
f 322/571/191 323/572/191 320/573/191
f 323/574/192 324/575/192 325/576/192
f 326/577/193 327/578/193 328/579/193
f 327/580/194 329/581/194 330/582/194
f 331/583/195 332/584/195 328/585/195
f 332/586/196 333/587/196 334/588/196
f 335/589/197 336/590/197 337/591/197
f 336/592/198 245/593/198 250/594/198
f 249/595/199 338/596/199 337/597/199
f 338/598/200 339/599/200 340/600/200
f 341/601/201 342/602/201 343/603/201
f 342/604/202 344/605/202 345/606/202
f 346/607/203 347/608/203 343/609/203
f 347/610/204 348/611/204 349/612/204
f 350/613/205 351/614/205 352/615/205
f 351/616/206 353/617/206 354/618/206
f 355/619/207 356/620/207 352/621/207
f 356/622/208 357/623/208 358/624/208
f 359/625/209 360/626/209 361/627/209
f 360/628/210 264/629/210 272/630/210
f 271/631/211 362/632/211 361/633/211
f 362/634/212 363/635/212 364/636/212
f 363/637/213 362/638/213 365/639/213
f 362/640/214 271/641/214 278/642/214
f 277/643/215 366/644/215 365/645/215
f 366/646/216 367/647/216 368/648/216
f 367/649/217 366/650/217 369/651/217
f 366/652/218 277/653/218 284/654/218
f 283/655/219 370/656/219 369/657/219
f 370/658/220 371/659/220 372/660/220
f 373/661/221 374/662/221 375/663/221
f 374/664/222 376/665/222 377/666/222
f 378/667/223 379/668/223 375/669/223
f 379/670/224 380/671/224 381/672/224
f 382/673/225 383/674/225 384/675/225
f 383/676/226 288/677/226 293/678/226
f 292/679/227 385/680/227 384/681/227
f 385/682/228 386/683/228 387/684/228
f 386/685/229 385/686/229 388/687/229
f 385/688/230 292/689/230 389/690/230
f 303/691/231 390/692/231 388/693/231
f 390/694/232 391/695/232 392/696/232
f 391/697/233 390/698/233 393/699/233
f 390/700/234 303/701/234 308/702/234
f 307/703/235 394/704/235 393/705/235
f 394/706/236 395/707/236 396/708/236
f 395/709/237 394/710/237 397/711/237
f 394/712/238 307/713/238 398/714/238
f 318/715/239 399/716/239 397/717/239
f 399/718/240 400/719/240 401/720/240
f 400/721/241 399/722/241 402/723/241
f 399/724/242 318/725/242 325/726/242
f 324/727/243 403/728/243 402/729/243
f 403/730/244 404/731/244 405/732/244
f 406/733/245 407/734/245 408/735/245
f 407/736/246 409/737/246 410/738/246
f 411/739/247 412/740/247 408/741/247
f 412/742/248 413/743/248 414/744/248
f 415/745/249 416/746/249 417/747/249
f 416/748/250 335/749/250 340/750/250
f 339/751/251 418/752/251 417/753/251
f 418/754/252 419/755/252 420/756/252
f 421/757/253 422/758/253 423/759/253
f 422/760/254 424/761/254 425/762/254
f 350/763/255 426/764/255 423/765/255
f 426/766/256 427/767/256 428/768/256
f 427/769/257 426/770/257 429/771/257
f 426/772/258 350/773/258 358/774/258
f 357/775/259 430/776/259 429/777/259
f 430/778/260 431/779/260 432/780/260
f 433/781/261 434/782/261 435/783/261
f 434/784/262 359/785/262 364/786/262
f 363/787/263 436/788/263 435/789/263
f 436/790/264 437/791/264 438/792/264
f 437/793/265 436/794/265 439/795/265
f 436/796/266 363/797/266 368/798/266
f 367/799/267 440/800/267 439/801/267
f 440/802/268 441/803/268 442/804/268
f 441/805/269 440/806/269 443/807/269
f 440/808/270 367/809/270 372/810/270
f 371/811/271 444/812/271 443/813/271
f 444/814/272 445/815/272 446/816/272
f 445/817/273 444/818/273 447/819/273
f 444/820/274 371/821/274 448/822/274
f 382/823/275 449/824/275 447/825/275
f 449/826/276 450/827/276 451/828/276
f 450/829/277 449/830/277 452/831/277
f 449/832/278 382/833/278 387/834/278
f 386/835/279 453/836/279 452/837/279
f 453/838/280 454/839/280 455/840/280
f 454/841/281 453/842/281 456/843/281
f 453/844/282 386/845/282 392/846/282
f 391/847/283 457/848/283 456/849/283
f 457/850/284 458/851/284 459/852/284
f 460/853/285 461/854/285 462/855/285
f 461/856/286 463/857/286 464/858/286
f 465/859/287 466/860/287 462/861/287
f 466/862/288 467/863/288 468/864/288
f 469/865/289 470/866/289 471/867/289
f 470/868/290 472/869/290 473/870/290
f 474/871/291 475/872/291 471/873/291
f 475/874/292 476/875/292 477/876/292
f 478/877/293 479/878/293 480/879/293
f 479/880/294 481/881/294 482/882/294
f 483/883/295 484/884/295 480/885/295
f 484/886/296 485/887/296 486/888/296
f 487/889/297 488/890/297 489/891/297
f 488/892/298 490/893/298 491/894/298
f 492/895/299 493/896/299 489/897/299
f 493/898/300 494/899/300 495/900/300
f 496/901/301 497/902/301 498/903/301
f 497/904/302 415/905/302 420/906/302
f 419/907/303 499/908/303 498/909/303
f 499/910/304 500/911/304 501/912/304
f 502/913/305 503/914/305 504/915/305
f 503/916/306 505/917/306 506/918/306
f 507/919/307 508/920/307 504/921/307
f 508/922/308 509/923/308 510/924/308
f 511/925/309 512/926/309 513/927/309
f 512/928/310 514/929/310 515/930/310
f 516/931/311 517/932/311 513/933/311
f 517/934/312 518/935/312 519/936/312
f 520/937/313 521/938/313 522/939/313
f 521/940/314 523/941/314 524/942/314
f 525/943/315 526/944/315 522/945/315
f 526/946/316 527/947/316 528/948/316
f 529/949/317 530/950/317 531/951/317
f 530/952/318 437/953/318 442/954/318
f 441/955/319 532/956/319 531/957/319
f 532/958/320 533/959/320 534/960/320
f 533/961/321 532/962/321 535/963/321
f 532/964/322 441/965/322 446/966/322
f 445/967/323 536/968/323 535/969/323
f 536/970/324 537/971/324 538/972/324
f 539/973/325 540/974/325 541/975/325
f 540/976/326 542/977/326 543/978/326
f 544/979/327 545/980/327 541/981/327
f 545/982/328 546/983/328 547/984/328
f 548/985/329 549/986/329 550/987/329
f 549/988/330 551/989/330 552/990/330
f 553/991/331 554/992/331 550/993/331
f 554/994/332 555/995/332 556/996/332
f 555/997/333 554/998/333 557/999/333
f 554/1000/334 553/1001/334 558/1002/334
f 559/1003/335 560/1004/335 557/1005/335
f 560/1006/336 561/1007/336 562/1008/336
f 563/1009/337 564/1010/337 565/1011/337
f 564/1012/338 566/1013/338 567/1014/338
f 568/1015/339 569/1016/339 565/1017/339
f 569/1018/340 570/1019/340 571/1020/340
f 570/1021/341 569/1022/341 572/1023/341
f 569/1024/342 568/1025/342 573/1026/342
f 574/1027/343 575/1028/343 572/1029/343
f 575/1030/344 576/1031/344 577/1032/344
f 578/1033/345 579/1034/345 580/1035/345
f 579/1036/346 476/1037/346 581/1038/346
f 582/1039/347 583/1040/347 580/1041/347
f 583/1042/348 584/1043/348 585/1044/348
f 586/1045/349 587/1046/349 588/1047/349
f 587/1048/350 485/1049/350 589/1050/350
f 496/1051/351 590/1052/351 588/1053/351
f 590/1054/352 591/1055/352 592/1056/352
f 591/1057/353 590/1058/353 593/1059/353
f 590/1060/354 496/1061/354 501/1062/354
f 500/1063/355 594/1064/355 593/1065/355
f 594/1066/356 595/1067/356 596/1068/356
f 597/1069/357 598/1070/357 599/1071/357
f 598/1072/358 502/1073/358 510/1074/358
f 509/1075/359 600/1076/359 599/1077/359
f 600/1078/360 601/1079/360 602/1080/360
f 603/1081/361 604/1082/361 605/1083/361
f 604/1084/362 511/1085/362 519/1086/362
f 518/1087/363 606/1088/363 605/1089/363
f 606/1090/364 607/1091/364 608/1092/364
f 609/1093/365 610/1094/365 611/1095/365
f 610/1096/366 612/1097/366 613/1098/366
f 614/1099/367 615/1100/367 611/1101/367
f 615/1102/368 616/1103/368 617/1104/368
f 618/1105/369 619/1106/369 620/1107/369
f 619/1108/370 527/1109/370 621/1110/370
f 622/1111/371 623/1112/371 620/1113/371
f 623/1114/372 624/1115/372 625/1116/372
f 624/1117/373 623/1118/373 626/1119/373
f 623/1120/374 622/1121/374 627/1122/374
f 539/1123/375 628/1124/375 626/1125/375
f 628/1126/376 629/1127/376 630/1128/376
f 631/1129/377 632/1130/377 633/1131/377
f 632/1132/378 634/1133/378 635/1134/378
f 548/1135/379 636/1136/379 633/1137/379
f 636/1138/380 637/1139/380 638/1140/380
f 637/1141/381 636/1142/381 639/1143/381
f 636/1144/382 548/1145/382 556/1146/382
f 555/1147/383 640/1148/383 639/1149/383
f 640/1150/384 641/1151/384 642/1152/384
f 641/1153/385 640/1154/385 643/1155/385
f 640/1156/386 555/1157/386 562/1158/386
f 561/1159/387 644/1160/387 643/1161/387
f 644/1162/388 645/1163/388 646/1164/388
f 647/1165/389 648/1166/389 649/1167/389
f 648/1168/390 563/1169/390 571/1170/390
f 570/1171/391 650/1172/391 649/1173/391
f 650/1174/392 651/1175/392 652/1176/392
f 651/1177/393 650/1178/393 653/1179/393
f 650/1180/394 570/1181/394 577/1182/394
f 576/1183/395 654/1184/395 653/1185/395
f 654/1186/396 655/1187/396 656/1188/396
f 655/1189/397 654/1190/397 657/1191/397
f 654/1192/398 576/1193/398 658/1194/398
f 659/1195/399 660/1196/399 657/1197/399
f 660/1198/400 661/1199/400 662/1200/400
f 663/1201/401 664/1202/401 665/1203/401
f 664/1204/402 584/1205/402 666/1206/402
f 667/1207/403 668/1208/403 665/1209/403
f 668/1210/404 669/1211/404 670/1212/404
f 669/1213/405 668/1214/405 671/1215/405
f 668/1216/406 667/1217/406 672/1218/406
f 597/1219/407 673/1220/407 671/1221/407
f 673/1222/408 674/1223/408 675/1224/408
f 676/1225/409 677/1226/409 678/1227/409
f 677/1228/410 679/1229/410 680/1230/410
f 603/1231/411 681/1232/411 678/1233/411
f 681/1234/412 682/1235/412 683/1236/412
f 682/1237/413 681/1238/413 684/1239/413
f 681/1240/414 603/1241/414 608/1242/414
f 607/1243/415 685/1244/415 684/1245/415
f 685/1246/416 686/1247/416 687/1248/416
f 688/1249/417 689/1250/417 690/1251/417
f 689/1252/418 691/1253/418 692/1254/418
f 5/1255/419 3/1256/419 690/1257/419
f 3/1258/420 2/1259/420 693/1260/420
f 691/1261/421 694/1262/421 695/1263/421
f 694/1264/422 696/1265/422 697/1266/422
f 7/1267/423 6/1268/423 695/1269/423
f 6/1270/424 5/1271/424 692/1272/424
f 696/1273/425 698/1274/425 699/1275/425
f 698/1276/426 700/1277/426 701/1278/426
f 13/1279/427 12/1280/427 699/1281/427
f 12/1282/428 7/1283/428 697/1284/428
f 700/1285/429 702/1286/429 703/1287/429
f 702/1288/430 26/1289/430 704/1290/430
f 19/1291/431 18/1292/431 703/1293/431
f 18/1294/432 13/1295/432 701/1296/432
f 26/1297/433 24/1298/433 705/1299/433
f 24/1300/434 23/1301/434 706/1302/434
f 21/1303/435 20/1304/435 705/1305/435
f 20/1306/436 19/1307/436 704/1308/436
f 23/1309/437 118/1310/437 707/1311/437
f 118/1312/438 117/1313/438 708/1314/438
f 709/1315/439 710/1316/439 707/1317/439
f 710/1318/440 21/1319/440 706/1320/440
f 117/1321/441 122/1322/441 711/1323/441
f 122/1324/442 121/1325/442 712/1326/442
f 713/1327/443 714/1328/443 711/1329/443
f 714/1330/444 709/1331/444 708/1332/444
f 121/1333/445 126/1334/445 715/1335/445
f 126/1336/446 125/1337/446 1/1338/446
f 716/1339/447 717/1340/447 715/1341/447
f 717/1342/448 713/1343/448 712/1344/448
f 125/1345/449 124/1346/449 718/1347/449
f 124/1348/450 36/1349/450 719/1350/450
f 38/1351/451 720/1352/451 718/1353/451
f 720/1354/452 716/1355/452 1/1356/452
f 36/1357/453 35/1358/453 721/1359/453
f 35/1360/454 34/1361/454 722/1362/454
f 41/1363/455 39/1364/455 721/1365/455
f 39/1366/456 38/1367/456 719/1368/456
f 34/1369/457 723/1370/457 724/1371/457
f 723/1372/458 725/1373/458 726/1374/458
f 43/1375/459 42/1376/459 724/1377/459
f 42/1378/460 41/1379/460 722/1380/460
f 725/1381/461 727/1382/461 728/1383/461
f 727/1384/462 56/1385/462 729/1386/462
f 49/1387/463 48/1388/463 728/1389/463
f 48/1390/464 43/1391/464 726/1392/464
f 56/1393/465 54/1394/465 730/1395/465
f 54/1396/466 53/1397/466 731/1398/466
f 51/1399/467 50/1400/467 730/1401/467
f 50/1402/468 49/1403/468 729/1404/468
f 53/1405/469 61/1406/469 732/1407/469
f 61/1408/470 60/1409/470 733/1410/470
f 734/1411/471 735/1412/471 732/1413/471
f 735/1414/472 51/1415/472 731/1416/472
f 60/1417/473 149/1418/473 736/1419/473
f 149/1420/474 148/1421/474 737/1422/474
f 235/1423/475 738/1424/475 736/1425/475
f 738/1426/476 734/1427/476 733/1428/476
f 148/1429/477 153/1430/477 739/1431/477
f 153/1432/478 152/1433/478 740/1434/478
f 237/1435/479 236/1436/479 739/1437/479
f 236/1438/480 235/1439/480 737/1440/480
f 152/1441/481 151/1442/481 741/1443/481
f 151/1444/482 66/1445/482 742/1446/482
f 68/1447/483 743/1448/483 741/1449/483
f 743/1450/484 237/1451/484 740/1452/484
f 66/1453/485 65/1454/485 744/1455/485
f 65/1456/486 64/1457/486 745/1458/486
f 71/1459/487 69/1460/487 744/1461/487
f 69/1462/488 68/1463/488 742/1464/488
f 64/1465/489 746/1466/489 747/1467/489
f 746/1468/490 748/1469/490 749/1470/490
f 73/1471/491 72/1472/491 747/1473/491
f 72/1474/492 71/1475/492 745/1476/492
f 748/1477/493 750/1478/493 751/1479/493
f 750/1480/494 86/1481/494 752/1482/494
f 79/1483/495 78/1484/495 751/1485/495
f 78/1486/496 73/1487/496 749/1488/496
f 86/1489/497 84/1490/497 753/1491/497
f 84/1492/498 83/1493/498 754/1494/498
f 81/1495/499 80/1496/499 753/1497/499
f 80/1498/500 79/1499/500 752/1500/500
f 83/1501/501 91/1502/501 755/1503/501
f 91/1504/502 90/1505/502 756/1506/502
f 757/1507/503 758/1508/503 755/1509/503
f 758/1510/504 81/1511/504 754/1512/504
f 90/1513/505 176/1514/505 759/1515/505
f 176/1516/506 175/1517/506 760/1518/506
f 258/1519/507 761/1520/507 759/1521/507
f 761/1522/508 757/1523/508 756/1524/508
f 175/1525/509 180/1526/509 762/1527/509
f 180/1528/510 179/1529/510 763/1530/510
f 260/1531/511 259/1532/511 762/1533/511
f 259/1534/512 258/1535/512 760/1536/512
f 179/1537/513 764/1538/513 765/1539/513
f 764/1540/514 766/1541/514 767/1542/514
f 262/1543/515 261/1544/515 765/1545/515
f 261/1546/516 260/1547/516 763/1548/516
f 766/1549/517 768/1550/517 769/1551/517
f 768/1552/518 770/1553/518 771/1554/518
f 772/1555/519 773/1556/519 769/1557/519
f 773/1558/520 262/1559/520 767/1560/520
f 770/1561/521 774/1562/521 775/1563/521
f 774/1564/522 516/1565/522 776/1566/522
f 777/1567/523 778/1568/523 775/1569/523
f 778/1570/524 772/1571/524 771/1572/524
f 516/1573/525 515/1574/525 779/1575/525
f 515/1576/526 514/1577/526 780/1578/526
f 507/1579/527 781/1580/527 779/1581/527
f 781/1582/528 777/1583/528 776/1584/528
f 514/1585/529 512/1586/529 782/1587/529
f 512/1588/530 511/1589/530 783/1590/530
f 509/1591/531 508/1592/531 782/1593/531
f 508/1594/532 507/1595/532 780/1596/532
f 511/1597/533 604/1598/533 784/1599/533
f 604/1600/534 603/1601/534 785/1602/534
f 601/1603/535 600/1604/535 784/1605/535
f 600/1606/536 509/1607/536 783/1608/536
f 603/1609/537 680/1610/537 786/1611/537
f 680/1612/538 679/1613/538 787/1614/538
f 597/1615/539 602/1616/539 786/1617/539
f 602/1618/540 601/1619/540 785/1620/540
f 679/1621/541 677/1622/541 788/1623/541
f 677/1624/542 676/1625/542 789/1626/542
f 674/1627/543 673/1628/543 788/1629/543
f 673/1630/544 597/1631/544 787/1632/544
f 676/1633/545 790/1634/545 791/1635/545
f 790/1636/546 792/1637/546 793/1638/546
f 669/1639/547 675/1640/547 791/1641/547
f 675/1642/548 674/1643/548 789/1644/548
f 792/1645/549 794/1646/549 795/1647/549
f 794/1648/550 661/1649/550 796/1650/550
f 663/1651/551 670/1652/551 795/1653/551
f 670/1654/552 669/1655/552 793/1656/552
f 661/1657/553 660/1658/553 797/1659/553
f 660/1660/554 659/1661/554 798/1662/554
f 584/1663/555 664/1664/555 797/1665/555
f 664/1666/556 663/1667/556 796/1668/556
f 659/1669/557 658/1670/557 799/1671/557
f 658/1672/558 576/1673/558 800/1674/558
f 578/1675/559 585/1676/559 799/1677/559
f 585/1678/560 584/1679/560 798/1680/560
f 576/1681/561 575/1682/561 801/1683/561
f 575/1684/562 574/1685/562 802/1686/562
f 476/1687/563 579/1688/563 801/1689/563
f 579/1690/564 578/1691/564 800/1692/564
f 574/1693/565 573/1694/565 803/1695/565
f 573/1696/566 568/1697/566 804/1698/566
f 469/1699/567 477/1700/567 803/1701/567
f 477/1702/568 476/1703/568 802/1704/568
f 568/1705/569 567/1706/569 805/1707/569
f 567/1708/570 566/1709/570 806/1710/570
f 559/1711/571 807/1712/571 805/1713/571
f 807/1714/572 469/1715/572 804/1716/572
f 566/1717/573 564/1718/573 808/1719/573
f 564/1720/574 563/1721/574 809/1722/574
f 561/1723/575 560/1724/575 808/1725/575
f 560/1726/576 559/1727/576 806/1728/576
f 563/1729/577 648/1730/577 810/1731/577
f 648/1732/578 647/1733/578 811/1734/578
f 645/1735/579 644/1736/579 810/1737/579
f 644/1738/580 561/1739/580 809/1740/580
f 647/1741/581 812/1742/581 813/1743/581
f 812/1744/582 814/1745/582 815/1746/582
f 641/1747/583 646/1748/583 813/1749/583
f 646/1750/584 645/1751/584 811/1752/584
f 814/1753/585 816/1754/585 817/1755/585
f 816/1756/586 818/1757/586 819/1758/586
f 637/1759/587 642/1760/587 817/1761/587
f 642/1762/588 641/1763/588 815/1764/588
f 818/1765/589 820/1766/589 821/1767/589
f 820/1768/590 822/1769/590 823/1770/590
f 631/1771/591 638/1772/591 821/1773/591
f 638/1774/592 637/1775/592 819/1776/592
f 822/1777/593 824/1778/593 825/1779/593
f 824/1780/594 826/1781/594 827/1782/594
f 828/1783/595 829/1784/595 825/1785/595
f 829/1786/596 631/1787/596 823/1788/596
f 826/1789/597 830/1790/597 831/1791/597
f 830/1792/598 832/1793/598 833/1794/598
f 616/1795/599 834/1796/599 831/1797/599
f 834/1798/600 828/1799/600 827/1800/600
f 832/1801/601 835/1802/601 836/1803/601
f 835/1804/602 837/1805/602 838/1806/602
f 609/1807/603 617/1808/603 836/1809/603
f 617/1810/604 616/1811/604 833/1812/604
f 837/1813/605 839/1814/605 840/1815/605
f 839/1816/606 841/1817/606 842/1818/606
f 612/1819/607 610/1820/607 840/1821/607
f 610/1822/608 609/1823/608 838/1824/608
f 841/1825/609 843/1826/609 844/1827/609
f 843/1828/610 845/1829/610 846/1830/610
f 847/1831/611 848/1832/611 844/1833/611
f 848/1834/612 612/1835/612 842/1836/612
f 845/1837/613 849/1838/613 850/1839/613
f 849/1840/614 851/1841/614 852/1842/614
f 853/1843/615 854/1844/615 850/1845/615
f 854/1846/616 847/1847/616 846/1848/616
f 851/1849/617 855/1850/617 856/1851/617
f 855/1852/618 857/1853/618 858/1854/618
f 859/1855/619 860/1856/619 856/1857/619
f 860/1858/620 853/1859/620 852/1860/620
f 857/1861/621 861/1862/621 862/1863/621
f 861/1864/622 863/1865/622 864/1866/622
f 181/1867/623 865/1868/623 862/1869/623
f 865/1870/624 859/1871/624 858/1872/624
f 863/1873/625 866/1874/625 867/1875/625
f 866/1876/626 868/1877/626 869/1878/626
f 98/1879/627 182/1880/627 867/1881/627
f 182/1882/628 181/1883/628 864/1884/628
f 868/1885/629 870/1886/629 871/1887/629
f 870/1888/630 688/1889/630 693/1890/630
f 2/1891/631 99/1892/631 871/1893/631
f 99/1894/632 98/1895/632 869/1896/632
f 15/1897/633 22/1898/633 872/1899/633
f 22/1900/634 21/1901/634 873/1902/634
f 113/1903/635 112/1904/635 872/1905/635
f 112/1906/636 111/1907/636 874/1908/636
f 21/1909/637 710/1910/637 875/1911/637
f 710/1912/638 709/1913/638 876/1914/638
f 115/1915/639 114/1916/639 875/1917/639
f 114/1918/640 113/1919/640 873/1920/640
f 709/1921/641 714/1922/641 877/1923/641
f 714/1924/642 713/1925/642 878/1926/642
f 201/1927/643 200/1928/643 877/1929/643
f 200/1930/644 115/1931/644 876/1932/644
f 713/1933/645 717/1934/645 879/1935/645
f 717/1936/646 716/1937/646 880/1938/646
f 127/1939/647 881/1940/647 879/1941/647
f 881/1942/648 201/1943/648 878/1944/648
f 716/1945/649 720/1946/649 882/1947/649
f 720/1948/650 38/1949/650 883/1950/650
f 130/1951/651 128/1952/651 882/1953/651
f 128/1954/652 127/1955/652 880/1956/652
f 38/1957/653 46/1958/653 884/1959/653
f 46/1960/654 45/1961/654 885/1962/654
f 132/1963/655 131/1964/655 884/1965/655
f 131/1966/656 130/1967/656 883/1968/656
f 45/1969/657 52/1970/657 886/1971/657
f 52/1972/658 51/1973/658 887/1974/658
f 138/1975/659 137/1976/659 886/1977/659
f 137/1978/660 132/1979/660 885/1980/660
f 51/1981/661 735/1982/661 888/1983/661
f 735/1984/662 734/1985/662 889/1986/662
f 144/1987/663 143/1988/663 888/1989/663
f 143/1990/664 138/1991/664 887/1992/664
f 734/1993/665 738/1994/665 890/1995/665
f 738/1996/666 235/1997/666 891/1998/666
f 146/1999/667 145/2000/667 890/2001/667
f 145/2002/668 144/2003/668 889/2004/668
f 235/2005/669 233/2006/669 892/2007/669
f 233/2008/670 232/2009/670 893/2010/670
f 894/2011/671 895/2012/671 892/2013/671
f 895/2014/672 146/2015/672 891/2016/672
f 232/2017/673 240/2018/673 896/2019/673
f 240/2020/674 239/2021/674 897/2022/674
f 241/2023/675 898/2024/675 896/2025/675
f 898/2026/676 894/2027/676 893/2028/676
f 239/2029/677 238/2030/677 899/2031/677
f 238/2032/678 237/2033/678 900/2034/678
f 154/2035/679 242/2036/679 899/2037/679
f 242/2038/680 241/2039/680 897/2040/680
f 237/2041/681 743/2042/681 901/2043/681
f 743/2044/682 68/2045/682 902/2046/682
f 157/2047/683 155/2048/683 901/2049/683
f 155/2050/684 154/2051/684 900/2052/684
f 68/2053/685 76/2054/685 903/2055/685
f 76/2056/686 75/2057/686 904/2058/686
f 159/2059/687 158/2060/687 903/2061/687
f 158/2062/688 157/2063/688 902/2064/688
f 75/2065/689 82/2066/689 905/2067/689
f 82/2068/690 81/2069/690 906/2070/690
f 165/2071/691 164/2072/691 905/2073/691
f 164/2074/692 159/2075/692 904/2076/692
f 81/2077/693 758/2078/693 907/2079/693
f 758/2080/694 757/2081/694 908/2082/694
f 171/2083/695 170/2084/695 907/2085/695
f 170/2086/696 165/2087/696 906/2088/696
f 757/2089/697 761/2090/697 909/2091/697
f 761/2092/698 258/2093/698 910/2094/698
f 173/2095/699 172/2096/699 909/2097/699
f 172/2098/700 171/2099/700 908/2100/700
f 258/2101/701 256/2102/701 911/2103/701
f 256/2104/702 255/2105/702 912/2106/702
f 253/2107/703 252/2108/703 911/2109/703
f 252/2110/704 173/2111/704 910/2112/704
f 255/2113/705 263/2114/705 913/2115/705
f 263/2116/706 262/2117/706 914/2118/706
f 915/2119/707 916/2120/707 913/2121/707
f 916/2122/708 253/2123/708 912/2124/708
f 262/2125/709 773/2126/709 917/2127/709
f 773/2128/710 772/2129/710 918/2130/710
f 919/2131/711 920/2132/711 917/2133/711
f 920/2134/712 915/2135/712 914/2136/712
f 772/2137/713 778/2138/713 921/2139/713
f 778/2140/714 777/2141/714 922/2142/714
f 923/2143/715 924/2144/715 921/2145/715
f 924/2146/716 919/2147/716 918/2148/716
f 777/2149/717 781/2150/717 925/2151/717
f 781/2152/718 507/2153/718 926/2154/718
f 927/2155/719 928/2156/719 925/2157/719
f 928/2158/720 923/2159/720 922/2160/720
f 507/2161/721 506/2162/721 929/2163/721
f 506/2164/722 505/2165/722 930/2166/722
f 419/2167/723 931/2168/723 929/2169/723
f 931/2170/724 927/2171/724 926/2172/724
f 505/2173/725 503/2174/725 932/2175/725
f 503/2176/726 502/2177/726 933/2178/726
f 500/2179/727 499/2180/727 932/2181/727
f 499/2182/728 419/2183/728 930/2184/728
f 502/2185/729 598/2186/729 934/2187/729
f 598/2188/730 597/2189/730 935/2190/730
f 595/2191/731 594/2192/731 934/2193/731
f 594/2194/732 500/2195/732 933/2196/732
f 597/2197/733 672/2198/733 936/2199/733
f 672/2200/734 667/2201/734 937/2202/734
f 591/2203/735 596/2204/735 936/2205/735
f 596/2206/736 595/2207/736 935/2208/736
f 667/2209/737 666/2210/737 938/2211/737
f 666/2212/738 584/2213/738 939/2214/738
f 586/2215/739 592/2216/739 938/2217/739
f 592/2218/740 591/2219/740 937/2220/740
f 584/2221/741 583/2222/741 940/2223/741
f 583/2224/742 582/2225/742 941/2226/742
f 485/2227/743 587/2228/743 940/2229/743
f 587/2230/744 586/2231/744 939/2232/744
f 582/2233/745 581/2234/745 942/2235/745
f 581/2236/746 476/2237/746 943/2238/746
f 478/2239/747 486/2240/747 942/2241/747
f 486/2242/748 485/2243/748 941/2244/748
f 476/2245/749 475/2246/749 944/2247/749
f 475/2248/750 474/2249/750 945/2250/750
f 481/2251/751 479/2252/751 944/2253/751
f 479/2254/752 478/2255/752 943/2256/752
f 474/2257/753 473/2258/753 946/2259/753
f 473/2260/754 472/2261/754 947/2262/754
f 465/2263/755 948/2264/755 946/2265/755
f 948/2266/756 481/2267/756 945/2268/756
f 472/2269/757 470/2270/757 949/2271/757
f 470/2272/758 469/2273/758 950/2274/758
f 467/2275/759 466/2276/759 949/2277/759
f 466/2278/760 465/2279/760 947/2280/760
f 469/2281/761 807/2282/761 951/2283/761
f 807/2284/762 559/2285/762 952/2286/762
f 460/2287/763 468/2288/763 951/2289/763
f 468/2290/764 467/2291/764 950/2292/764
f 559/2293/765 558/2294/765 953/2295/765
f 558/2296/766 553/2297/766 954/2298/766
f 955/2299/767 956/2300/767 953/2301/767
f 956/2302/768 460/2303/768 952/2304/768
f 553/2305/769 552/2306/769 957/2307/769
f 552/2308/770 551/2309/770 958/2310/770
f 544/2311/771 959/2312/771 957/2313/771
f 959/2314/772 955/2315/772 954/2316/772
f 551/2317/773 549/2318/773 960/2319/773
f 549/2320/774 548/2321/774 961/2322/774
f 546/2323/775 545/2324/775 960/2325/775
f 545/2326/776 544/2327/776 958/2328/776
f 548/2329/777 635/2330/777 962/2331/777
f 635/2332/778 634/2333/778 963/2334/778
f 539/2335/779 547/2336/779 962/2337/779
f 547/2338/780 546/2339/780 961/2340/780
f 634/2341/781 632/2342/781 964/2343/781
f 632/2344/782 631/2345/782 965/2346/782
f 629/2347/783 628/2348/783 964/2349/783
f 628/2350/784 539/2351/784 963/2352/784
f 631/2353/785 829/2354/785 966/2355/785
f 829/2356/786 828/2357/786 967/2358/786
f 624/2359/787 630/2360/787 966/2361/787
f 630/2362/788 629/2363/788 965/2364/788
f 828/2365/789 834/2366/789 968/2367/789
f 834/2368/790 616/2369/790 969/2370/790
f 618/2371/791 625/2372/791 968/2373/791
f 625/2374/792 624/2375/792 967/2376/792
f 616/2377/793 615/2378/793 970/2379/793
f 615/2380/794 614/2381/794 971/2382/794
f 527/2383/795 619/2384/795 970/2385/795
f 619/2386/796 618/2387/796 969/2388/796
f 614/2389/797 613/2390/797 972/2391/797
f 613/2392/798 612/2393/798 973/2394/798
f 520/2395/799 528/2396/799 972/2397/799
f 528/2398/800 527/2399/800 971/2400/800
f 612/2401/801 848/2402/801 974/2403/801
f 848/2404/802 847/2405/802 975/2406/802
f 523/2407/803 521/2408/803 974/2409/803
f 521/2410/804 520/2411/804 973/2412/804
f 847/2413/805 854/2414/805 976/2415/805
f 854/2416/806 853/2417/806 977/2418/806
f 978/2419/807 979/2420/807 976/2421/807
f 979/2422/808 523/2423/808 975/2424/808
f 853/2425/809 860/2426/809 980/2427/809
f 860/2428/810 859/2429/810 981/2430/810
f 982/2431/811 983/2432/811 980/2433/811
f 983/2434/812 978/2435/812 977/2436/812
f 859/2437/813 865/2438/813 984/2439/813
f 865/2440/814 181/2441/814 985/2442/814
f 986/2443/815 987/2444/815 984/2445/815
f 987/2446/816 982/2447/816 981/2448/816
f 181/2449/817 186/2450/817 988/2451/817
f 186/2452/818 185/2453/818 989/2454/818
f 187/2455/819 990/2456/819 988/2457/819
f 990/2458/820 986/2459/820 985/2460/820
f 185/2461/821 184/2462/821 991/2463/821
f 184/2464/822 102/2465/822 992/2466/822
f 190/2467/823 188/2468/823 991/2469/823
f 188/2470/824 187/2471/824 989/2472/824
f 102/2473/825 107/2474/825 993/2475/825
f 107/2476/826 106/2477/826 994/2478/826
f 108/2479/827 191/2480/827 993/2481/827
f 191/2482/828 190/2483/828 992/2484/828
f 106/2485/829 105/2486/829 995/2487/829
f 105/2488/830 15/2489/830 874/2490/830
f 111/2491/831 109/2492/831 995/2493/831
f 109/2494/832 108/2495/832 994/2496/832
f 249/2497/833 254/2498/833 996/2499/833
f 254/2500/834 253/2501/834 997/2502/834
f 353/2503/835 998/2504/835 996/2505/835
f 998/2506/836 999/2507/836 1000/2508/836
f 253/2509/837 916/2510/837 1001/2511/837
f 916/2512/838 915/2513/838 1002/2514/838
f 355/2515/839 354/2516/839 1001/2517/839
f 354/2518/840 353/2519/840 997/2520/840
f 915/2521/841 920/2522/841 1003/2523/841
f 920/2524/842 919/2525/842 1004/2526/842
f 357/2527/843 356/2528/843 1003/2529/843
f 356/2530/844 355/2531/844 1002/2532/844
f 919/2533/845 924/2534/845 1005/2535/845
f 924/2536/846 923/2537/846 1006/2538/846
f 431/2539/847 430/2540/847 1005/2541/847
f 430/2542/848 357/2543/848 1004/2544/848
f 923/2545/849 928/2546/849 1007/2547/849
f 928/2548/850 927/2549/850 1008/2550/850
f 427/2551/851 432/2552/851 1007/2553/851
f 432/2554/852 431/2555/852 1006/2556/852
f 927/2557/853 931/2558/853 1009/2559/853
f 931/2560/854 419/2561/854 1010/2562/854
f 421/2563/855 428/2564/855 1009/2565/855
f 428/2566/856 427/2567/856 1008/2568/856
f 419/2569/857 418/2570/857 1011/2571/857
f 418/2572/858 339/2573/858 1012/2574/858
f 424/2575/859 422/2576/859 1011/2577/859
f 422/2578/860 421/2579/860 1010/2580/860
f 339/2581/861 338/2582/861 1013/2583/861
f 338/2584/862 249/2585/862 1000/2586/862
f 999/2587/863 1014/2588/863 1013/2589/863
f 1014/2590/864 424/2591/864 1012/2592/864
f 127/2593/865 135/2594/865 1015/2595/865
f 135/2596/866 134/2597/866 1016/2598/866
f 216/2599/867 215/2600/867 1015/2601/867
f 215/2602/868 210/2603/868 1017/2604/868
f 134/2605/869 141/2606/869 1018/2607/869
f 141/2608/870 140/2609/870 1019/2610/870
f 222/2611/871 221/2612/871 1018/2613/871
f 221/2614/872 216/2615/872 1016/2616/872
f 140/2617/873 147/2618/873 1020/2619/873
f 147/2620/874 146/2621/874 1021/2622/874
f 228/2623/875 227/2624/875 1020/2625/875
f 227/2626/876 222/2627/876 1019/2628/876
f 146/2629/877 895/2630/877 1022/2631/877
f 895/2632/878 894/2633/878 1023/2634/878
f 230/2635/879 229/2636/879 1022/2637/879
f 229/2638/880 228/2639/880 1021/2640/880
f 894/2641/881 898/2642/881 1024/2643/881
f 898/2644/882 241/2645/882 1025/2646/882
f 322/2647/883 321/2648/883 1024/2649/883
f 321/2650/884 230/2651/884 1023/2652/884
f 241/2653/885 246/2654/885 1026/2655/885
f 246/2656/886 245/2657/886 1027/2658/886
f 1028/2659/887 1029/2660/887 1026/2661/887
f 1029/2662/888 322/2663/888 1025/2664/888
f 245/2665/889 336/2666/889 1030/2667/889
f 336/2668/890 335/2669/890 1031/2670/890
f 1032/2671/891 1033/2672/891 1030/2673/891
f 1033/2674/892 1028/2675/892 1027/2676/892
f 335/2677/893 416/2678/893 1034/2679/893
f 416/2680/894 415/2681/894 1035/2682/894
f 1036/2683/895 1037/2684/895 1034/2685/895
f 1037/2686/896 1032/2687/896 1031/2688/896
f 415/2689/897 497/2690/897 1038/2691/897
f 497/2692/898 496/2693/898 1039/2694/898
f 1040/2695/899 1041/2696/899 1038/2697/899
f 1041/2698/900 1036/2699/900 1035/2700/900
f 496/2701/901 589/2702/901 1042/2703/901
f 589/2704/902 485/2705/902 1043/2706/902
f 1044/2707/903 1045/2708/903 1042/2709/903
f 1045/2710/904 1040/2711/904 1039/2712/904
f 485/2713/905 484/2714/905 1046/2715/905
f 484/2716/906 483/2717/906 1047/2718/906
f 404/2719/907 1048/2720/907 1046/2721/907
f 1048/2722/908 1044/2723/908 1043/2724/908
f 483/2725/909 482/2726/909 1049/2727/909
f 482/2728/910 481/2729/910 1050/2730/910
f 400/2731/911 405/2732/911 1049/2733/911
f 405/2734/912 404/2735/912 1047/2736/912
f 481/2737/913 948/2738/913 1051/2739/913
f 948/2740/914 465/2741/914 1052/2742/914
f 395/2743/915 401/2744/915 1051/2745/915
f 401/2746/916 400/2747/916 1050/2748/916
f 465/2749/917 464/2750/917 1053/2751/917
f 464/2752/918 463/2753/918 1054/2754/918
f 391/2755/919 396/2756/919 1053/2757/919
f 396/2758/920 395/2759/920 1052/2760/920
f 463/2761/921 461/2762/921 1055/2763/921
f 461/2764/922 460/2765/922 1056/2766/922
f 458/2767/923 457/2768/923 1055/2769/923
f 457/2770/924 391/2771/924 1054/2772/924
f 460/2773/925 956/2774/925 1057/2775/925
f 956/2776/926 955/2777/926 1058/2778/926
f 454/2779/927 459/2780/927 1057/2781/927
f 459/2782/928 458/2783/928 1056/2784/928
f 955/2785/929 959/2786/929 1059/2787/929
f 959/2788/930 544/2789/930 1060/2790/930
f 450/2791/931 455/2792/931 1059/2793/931
f 455/2794/932 454/2795/932 1058/2796/932
f 544/2797/933 543/2798/933 1061/2799/933
f 543/2800/934 542/2801/934 1062/2802/934
f 445/2803/935 451/2804/935 1061/2805/935
f 451/2806/936 450/2807/936 1060/2808/936
f 542/2809/937 540/2810/937 1063/2811/937
f 540/2812/938 539/2813/938 1064/2814/938
f 537/2815/939 536/2816/939 1063/2817/939
f 536/2818/940 445/2819/940 1062/2820/940
f 539/2821/941 627/2822/941 1065/2823/941
f 627/2824/942 622/2825/942 1066/2826/942
f 533/2827/943 538/2828/943 1065/2829/943
f 538/2830/944 537/2831/944 1064/2832/944
f 622/2833/945 621/2834/945 1067/2835/945
f 621/2836/946 527/2837/946 1068/2838/946
f 529/2839/947 534/2840/947 1067/2841/947
f 534/2842/948 533/2843/948 1066/2844/948
f 527/2845/949 526/2846/949 1069/2847/949
f 526/2848/950 525/2849/950 1070/2850/950
f 437/2851/951 530/2852/951 1069/2853/951
f 530/2854/952 529/2855/952 1068/2856/952
f 525/2857/953 524/2858/953 1071/2859/953
f 524/2860/954 523/2861/954 1072/2862/954
f 433/2863/955 438/2864/955 1071/2865/955
f 438/2866/956 437/2867/956 1070/2868/956
f 523/2869/957 979/2870/957 1073/2871/957
f 979/2872/958 978/2873/958 1074/2874/958
f 359/2875/959 434/2876/959 1073/2877/959
f 434/2878/960 433/2879/960 1072/2880/960
f 978/2881/961 983/2882/961 1075/2883/961
f 983/2884/962 982/2885/962 1076/2886/962
f 264/2887/963 360/2888/963 1075/2889/963
f 360/2890/964 359/2891/964 1074/2892/964
f 982/2893/965 987/2894/965 1077/2895/965
f 987/2896/966 986/2897/966 1078/2898/966
f 267/2899/967 265/2900/967 1077/2901/967
f 265/2902/968 264/2903/968 1076/2904/968
f 986/2905/969 990/2906/969 1079/2907/969
f 990/2908/970 187/2909/970 1080/2910/970
f 269/2911/971 268/2912/971 1079/2913/971
f 268/2914/972 267/2915/972 1078/2916/972
f 187/2917/973 194/2918/973 1081/2919/973
f 194/2920/974 193/2921/974 1082/2922/974
f 275/2923/975 274/2924/975 1081/2925/975
f 274/2926/976 269/2927/976 1080/2928/976
f 193/2929/977 198/2930/977 1083/2931/977
f 198/2932/978 197/2933/978 1084/2934/978
f 281/2935/979 280/2936/979 1083/2937/979
f 280/2938/980 275/2939/980 1082/2940/980
f 197/2941/981 204/2942/981 1085/2943/981
f 204/2944/982 203/2945/982 1086/2946/982
f 205/2947/983 286/2948/983 1085/2949/983
f 286/2950/984 281/2951/984 1084/2952/984
f 203/2953/985 202/2954/985 1087/2955/985
f 202/2956/986 201/2957/986 1088/2958/986
f 208/2959/987 206/2960/987 1087/2961/987
f 206/2962/988 205/2963/988 1086/2964/988
f 201/2965/989 881/2966/989 1089/2967/989
f 881/2968/990 127/2969/990 1017/2970/990
f 210/2971/991 209/2972/991 1089/2973/991
f 209/2974/992 208/2975/992 1088/2976/992
f 324/2977/993 323/2978/993 1090/2979/993
f 323/2980/994 322/2981/994 1091/2982/994
f 329/2983/995 327/2984/995 1090/2985/995
f 327/2986/996 326/2987/996 1092/2988/996
f 322/2989/997 1029/2990/997 1093/2991/997
f 1029/2992/998 1028/2993/998 1094/2994/998
f 331/2995/999 330/2996/999 1093/2997/999
f 330/2998/1000 329/2999/1000 1091/3000/1000
f 1028/3001/1001 1033/3002/1001 1095/3003/1001
f 1033/3004/1002 1032/3005/1002 1096/3006/1002
f 333/3007/1003 332/3008/1003 1095/3009/1003
f 332/3010/1004 331/3011/1004 1094/3012/1004
f 1032/3013/1005 1037/3014/1005 1097/3015/1005
f 1037/3016/1006 1036/3017/1006 1098/3018/1006
f 492/3019/1007 1099/3020/1007 1097/3021/1007
f 1099/3022/1008 333/3023/1008 1096/3024/1008
f 1036/3025/1009 1041/3026/1009 1100/3027/1009
f 1041/3028/1010 1040/3029/1010 1101/3030/1010
f 494/3031/1011 493/3032/1011 1100/3033/1011
f 493/3034/1012 492/3035/1012 1098/3036/1012
f 1040/3037/1013 1045/3038/1013 1102/3039/1013
f 1045/3040/1014 1044/3041/1014 1103/3042/1014
f 487/3043/1015 495/3044/1015 1102/3045/1015
f 495/3046/1016 494/3047/1016 1101/3048/1016
f 1044/3049/1017 1048/3050/1017 1104/3051/1017
f 1048/3052/1018 404/3053/1018 1105/3054/1018
f 490/3055/1019 488/3056/1019 1104/3057/1019
f 488/3058/1020 487/3059/1020 1103/3060/1020
f 404/3061/1021 403/3062/1021 1106/3063/1021
f 403/3064/1022 324/3065/1022 1092/3066/1022
f 326/3067/1023 1107/3068/1023 1106/3069/1023
f 1107/3070/1024 490/3071/1024 1105/3072/1024
f 326/3073/1025 334/3074/1025 1108/3075/1025
f 334/3076/1026 333/3077/1026 1109/3078/1026
f 411/3079/1027 410/3080/1027 1108/3081/1027
f 410/3082/1028 409/3083/1028 1110/3084/1028
f 333/3085/1029 1099/3086/1029 1111/3087/1029
f 1099/3088/1030 492/3089/1030 1112/3090/1030
f 413/3091/1031 412/3092/1031 1111/3093/1031
f 412/3094/1032 411/3095/1032 1109/3096/1032
f 492/3097/1033 491/3098/1033 1113/3099/1033
f 491/3100/1034 490/3101/1034 1114/3102/1034
f 406/3103/1035 414/3104/1035 1113/3105/1035
f 414/3106/1036 413/3107/1036 1112/3108/1036
f 490/3109/1037 1107/3110/1037 1115/3111/1037
f 1107/3112/1038 326/3113/1038 1110/3114/1038
f 409/3115/1039 407/3116/1039 1115/3117/1039
f 407/3118/1040 406/3119/1040 1114/3120/1040
f 212/3121/1041 219/3122/1041 1116/3123/1041
f 219/3124/1042 218/3125/1042 1117/3126/1042
f 299/3127/1043 298/3128/1043 1116/3129/1043
f 298/3130/1044 297/3131/1044 1118/3132/1044
f 218/3133/1045 304/3134/1045 1119/3135/1045
f 304/3136/1046 303/3137/1046 1120/3138/1046
f 301/3139/1047 300/3140/1047 1119/3141/1047
f 300/3142/1048 299/3143/1048 1117/3144/1048
f 303/3145/1049 389/3146/1049 1121/3147/1049
f 389/3148/1050 292/3149/1050 1122/3150/1050
f 294/3151/1051 302/3152/1051 1121/3153/1051
f 302/3154/1052 301/3155/1052 1120/3156/1052
f 292/3157/1053 291/3158/1053 1123/3159/1053
f 291/3160/1054 212/3161/1054 1118/3162/1054
f 297/3163/1055 295/3164/1055 1123/3165/1055
f 295/3166/1056 294/3167/1056 1122/3168/1056
f 224/3169/1057 231/3170/1057 1124/3171/1057
f 231/3172/1058 230/3173/1058 1125/3174/1058
f 314/3175/1059 313/3176/1059 1124/3177/1059
f 313/3178/1060 312/3179/1060 1126/3180/1060
f 230/3181/1061 319/3182/1061 1127/3183/1061
f 319/3184/1062 318/3185/1062 1128/3186/1062
f 316/3187/1063 315/3188/1063 1127/3189/1063
f 315/3190/1064 314/3191/1064 1125/3192/1064
f 318/3193/1065 398/3194/1065 1129/3195/1065
f 398/3196/1066 307/3197/1066 1130/3198/1066
f 309/3199/1067 317/3200/1067 1129/3201/1067
f 317/3202/1068 316/3203/1068 1128/3204/1068
f 307/3205/1069 306/3206/1069 1131/3207/1069
f 306/3208/1070 224/3209/1070 1126/3210/1070
f 312/3211/1071 310/3212/1071 1131/3213/1071
f 310/3214/1072 309/3215/1072 1130/3216/1072
f 283/3217/1073 289/3218/1073 1132/3219/1073
f 289/3220/1074 288/3221/1074 1133/3222/1074
f 378/3223/1075 377/3224/1075 1132/3225/1075
f 377/3226/1076 376/3227/1076 1134/3228/1076
f 288/3229/1077 383/3230/1077 1135/3231/1077
f 383/3232/1078 382/3233/1078 1136/3234/1078
f 380/3235/1079 379/3236/1079 1135/3237/1079
f 379/3238/1080 378/3239/1080 1133/3240/1080
f 382/3241/1081 448/3242/1081 1137/3243/1081
f 448/3244/1082 371/3245/1082 1138/3246/1082
f 373/3247/1083 381/3248/1083 1137/3249/1083
f 381/3250/1084 380/3251/1084 1136/3252/1084
f 371/3253/1085 370/3254/1085 1139/3255/1085
f 370/3256/1086 283/3257/1086 1134/3258/1086
f 376/3259/1087 374/3260/1087 1139/3261/1087
f 374/3262/1088 373/3263/1088 1138/3264/1088
f 350/3265/1089 425/3266/1089 1140/3267/1089
f 425/3268/1090 424/3269/1090 1141/3270/1090
f 341/3271/1091 349/3272/1091 1140/3273/1091
f 349/3274/1092 348/3275/1092 1142/3276/1092
f 424/3277/1093 1014/3278/1093 1143/3279/1093
f 1014/3280/1094 999/3281/1094 1144/3282/1094
f 344/3283/1095 342/3284/1095 1143/3285/1095
f 342/3286/1096 341/3287/1096 1141/3288/1096
f 999/3289/1097 998/3290/1097 1145/3291/1097
f 998/3292/1098 353/3293/1098 1146/3294/1098
f 346/3295/1099 345/3296/1099 1145/3297/1099
f 345/3298/1100 344/3299/1100 1144/3300/1100
f 353/3301/1101 351/3302/1101 1147/3303/1101
f 351/3304/1102 350/3305/1102 1142/3306/1102
f 348/3307/1103 347/3308/1103 1147/3309/1103
f 347/3310/1104 346/3311/1104 1146/3312/1104
f 4/3313/1105 10/3314/1105 2/3315/1105
f 6/3316/1106 4/3317/1106 3/3318/1106
f 4/3319/1107 6/3320/1107 7/3321/1107
f 10/3322/1108 4/3323/1108 8/3324/1108
f 11/3325/1109 16/3326/1109 9/3327/1109
f 12/3328/1110 11/3329/1110 8/3330/1110
f 11/3331/1111 12/3332/1111 13/3333/1111
f 16/3334/1112 11/3335/1112 14/3336/1112
f 17/3337/1113 22/3338/1113 15/3339/1113
f 18/3340/1114 17/3341/1114 14/3342/1114
f 17/3343/1115 18/3344/1115 19/3345/1115
f 22/3346/1116 17/3347/1116 20/3348/1116
f 25/3349/1117 31/3350/1117 23/3351/1117
f 27/3352/1118 25/3353/1118 24/3354/1118
f 25/3355/1119 27/3356/1119 28/3357/1119
f 31/3358/1120 25/3359/1120 29/3360/1120
f 32/3361/1121 37/3362/1121 30/3363/1121
f 33/3364/1122 32/3365/1122 29/3366/1122
f 32/3367/1123 33/3368/1123 34/3369/1123
f 37/3370/1124 32/3371/1124 35/3372/1124
f 40/3373/1125 46/3374/1125 38/3375/1125
f 42/3376/1126 40/3377/1126 39/3378/1126
f 40/3379/1127 42/3380/1127 43/3381/1127
f 46/3382/1128 40/3383/1128 44/3384/1128
f 47/3385/1129 52/3386/1129 45/3387/1129
f 48/3388/1130 47/3389/1130 44/3390/1130
f 47/3391/1131 48/3392/1131 49/3393/1131
f 52/3394/1132 47/3395/1132 50/3396/1132
f 55/3397/1133 61/3398/1133 53/3399/1133
f 57/3400/1134 55/3401/1134 54/3402/1134
f 55/3403/1135 57/3404/1135 58/3405/1135
f 61/3406/1136 55/3407/1136 59/3408/1136
f 62/3409/1137 67/3410/1137 60/3411/1137
f 63/3412/1138 62/3413/1138 59/3414/1138
f 62/3415/1139 63/3416/1139 64/3417/1139
f 67/3418/1140 62/3419/1140 65/3420/1140
f 70/3421/1141 76/3422/1141 68/3423/1141
f 72/3424/1142 70/3425/1142 69/3426/1142
f 70/3427/1143 72/3428/1143 73/3429/1143
f 76/3430/1144 70/3431/1144 74/3432/1144
f 77/3433/1145 82/3434/1145 75/3435/1145
f 78/3436/1146 77/3437/1146 74/3438/1146
f 77/3439/1147 78/3440/1147 79/3441/1147
f 82/3442/1148 77/3443/1148 80/3444/1148
f 85/3445/1149 91/3446/1149 83/3447/1149
f 87/3448/1150 85/3449/1150 84/3450/1150
f 85/3451/1151 87/3452/1151 88/3453/1151
f 91/3454/1152 85/3455/1152 89/3456/1152
f 92/3457/1153 97/3458/1153 90/3459/1153
f 93/3460/1154 92/3461/1154 89/3462/1154
f 92/3463/1155 93/3464/1155 94/3465/1155
f 97/3466/1156 92/3467/1156 95/3468/1156
f 100/3469/1157 103/3470/1157 98/3471/1157
f 10/3472/1158 100/3473/1158 99/3474/1158
f 100/3475/1159 10/3476/1159 9/3477/1159
f 103/3478/1160 100/3479/1160 101/3480/1160
f 104/3481/1161 107/3482/1161 102/3483/1161
f 16/3484/1162 104/3485/1162 101/3486/1162
f 104/3487/1163 16/3488/1163 15/3489/1163
f 107/3490/1164 104/3491/1164 105/3492/1164
f 110/3493/1165 116/3494/1165 108/3495/1165
f 112/3496/1166 110/3497/1166 109/3498/1166
f 110/3499/1167 112/3500/1167 113/3501/1167
f 116/3502/1168 110/3503/1168 114/3504/1168
f 119/3505/1169 122/3506/1169 117/3507/1169
f 31/3508/1170 119/3509/1170 118/3510/1170
f 119/3511/1171 31/3512/1171 30/3513/1171
f 122/3514/1172 119/3515/1172 120/3516/1172
f 123/3517/1173 126/3518/1173 121/3519/1173
f 37/3520/1174 123/3521/1174 120/3522/1174
f 123/3523/1175 37/3524/1175 36/3525/1175
f 126/3526/1176 123/3527/1176 124/3528/1176
f 129/3529/1177 135/3530/1177 127/3531/1177
f 131/3532/1178 129/3533/1178 128/3534/1178
f 129/3535/1179 131/3536/1179 132/3537/1179
f 135/3538/1180 129/3539/1180 133/3540/1180
f 136/3541/1181 141/3542/1181 134/3543/1181
f 137/3544/1182 136/3545/1182 133/3546/1182
f 136/3547/1183 137/3548/1183 138/3549/1183
f 141/3550/1184 136/3551/1184 139/3552/1184
f 142/3553/1185 147/3554/1185 140/3555/1185
f 143/3556/1186 142/3557/1186 139/3558/1186
f 142/3559/1187 143/3560/1187 144/3561/1187
f 147/3562/1188 142/3563/1188 145/3564/1188
f 150/3565/1189 153/3566/1189 148/3567/1189
f 67/3568/1190 150/3569/1190 149/3570/1190
f 150/3571/1191 67/3572/1191 66/3573/1191
f 153/3574/1192 150/3575/1192 151/3576/1192
f 156/3577/1193 162/3578/1193 154/3579/1193
f 158/3580/1194 156/3581/1194 155/3582/1194
f 156/3583/1195 158/3584/1195 159/3585/1195
f 162/3586/1196 156/3587/1196 160/3588/1196
f 163/3589/1197 168/3590/1197 161/3591/1197
f 164/3592/1198 163/3593/1198 160/3594/1198
f 163/3595/1199 164/3596/1199 165/3597/1199
f 168/3598/1200 163/3599/1200 166/3600/1200
f 169/3601/1201 174/3602/1201 167/3603/1201
f 170/3604/1202 169/3605/1202 166/3606/1202
f 169/3607/1203 170/3608/1203 171/3609/1203
f 174/3610/1204 169/3611/1204 172/3612/1204
f 177/3613/1205 180/3614/1205 175/3615/1205
f 97/3616/1206 177/3617/1206 176/3618/1206
f 177/3619/1207 97/3620/1207 96/3621/1207
f 180/3622/1208 177/3623/1208 178/3624/1208
f 183/3625/1209 186/3626/1209 181/3627/1209
f 103/3628/1210 183/3629/1210 182/3630/1210
f 183/3631/1211 103/3632/1211 102/3633/1211
f 186/3634/1212 183/3635/1212 184/3636/1212
f 189/3637/1213 194/3638/1213 187/3639/1213
f 191/3640/1214 189/3641/1214 188/3642/1214
f 189/3643/1215 191/3644/1215 108/3645/1215
f 194/3646/1216 189/3647/1216 192/3648/1216
f 195/3649/1217 198/3650/1217 193/3651/1217
f 116/3652/1218 195/3653/1218 192/3654/1218
f 195/3655/1219 116/3656/1219 115/3657/1219
f 198/3658/1220 195/3659/1220 196/3660/1220
f 199/3661/1221 204/3662/1221 197/3663/1221
f 200/3664/1222 199/3665/1222 196/3666/1222
f 199/3667/1223 200/3668/1223 201/3669/1223
f 204/3670/1224 199/3671/1224 202/3672/1224
f 207/3673/1225 213/3674/1225 205/3675/1225
f 209/3676/1226 207/3677/1226 206/3678/1226
f 207/3679/1227 209/3680/1227 210/3681/1227
f 213/3682/1228 207/3683/1228 211/3684/1228
f 214/3685/1229 219/3686/1229 212/3687/1229
f 215/3688/1230 214/3689/1230 211/3690/1230
f 214/3691/1231 215/3692/1231 216/3693/1231
f 219/3694/1232 214/3695/1232 217/3696/1232
f 220/3697/1233 225/3698/1233 218/3699/1233
f 221/3700/1234 220/3701/1234 217/3702/1234
f 220/3703/1235 221/3704/1235 222/3705/1235
f 225/3706/1236 220/3707/1236 223/3708/1236
f 226/3709/1237 231/3710/1237 224/3711/1237
f 227/3712/1238 226/3713/1238 223/3714/1238
f 226/3715/1239 227/3716/1239 228/3717/1239
f 231/3718/1240 226/3719/1240 229/3720/1240
f 234/3721/1241 240/3722/1241 232/3723/1241
f 236/3724/1242 234/3725/1242 233/3726/1242
f 234/3727/1243 236/3728/1243 237/3729/1243
f 240/3730/1244 234/3731/1244 238/3732/1244
f 243/3733/1245 246/3734/1245 241/3735/1245
f 162/3736/1246 243/3737/1246 242/3738/1246
f 243/3739/1247 162/3740/1247 161/3741/1247
f 246/3742/1248 243/3743/1248 244/3744/1248
f 247/3745/1249 250/3746/1249 245/3747/1249
f 168/3748/1250 247/3749/1250 244/3750/1250
f 247/3751/1251 168/3752/1251 167/3753/1251
f 250/3754/1252 247/3755/1252 248/3756/1252
f 251/3757/1253 254/3758/1253 249/3759/1253
f 174/3760/1254 251/3761/1254 248/3762/1254
f 251/3763/1255 174/3764/1255 173/3765/1255
f 254/3766/1256 251/3767/1256 252/3768/1256
f 257/3769/1257 263/3770/1257 255/3771/1257
f 259/3772/1258 257/3773/1258 256/3774/1258
f 257/3775/1259 259/3776/1259 260/3777/1259
f 263/3778/1260 257/3779/1260 261/3780/1260
f 266/3781/1261 272/3782/1261 264/3783/1261
f 268/3784/1262 266/3785/1262 265/3786/1262
f 266/3787/1263 268/3788/1263 269/3789/1263
f 272/3790/1264 266/3791/1264 270/3792/1264
f 273/3793/1265 278/3794/1265 271/3795/1265
f 274/3796/1266 273/3797/1266 270/3798/1266
f 273/3799/1267 274/3800/1267 275/3801/1267
f 278/3802/1268 273/3803/1268 276/3804/1268
f 279/3805/1269 284/3806/1269 277/3807/1269
f 280/3808/1270 279/3809/1270 276/3810/1270
f 279/3811/1271 280/3812/1271 281/3813/1271
f 284/3814/1272 279/3815/1272 282/3816/1272
f 285/3817/1273 289/3818/1273 283/3819/1273
f 286/3820/1274 285/3821/1274 282/3822/1274
f 285/3823/1275 286/3824/1275 205/3825/1275
f 289/3826/1276 285/3827/1276 287/3828/1276
f 290/3829/1277 293/3830/1277 288/3831/1277
f 213/3832/1278 290/3833/1278 287/3834/1278
f 290/3835/1279 213/3836/1279 212/3837/1279
f 293/3838/1280 290/3839/1280 291/3840/1280
f 296/3841/1281 302/3842/1281 294/3843/1281
f 298/3844/1282 296/3845/1282 295/3846/1282
f 296/3847/1283 298/3848/1283 299/3849/1283
f 302/3850/1284 296/3851/1284 300/3852/1284
f 305/3853/1285 308/3854/1285 303/3855/1285
f 225/3856/1286 305/3857/1286 304/3858/1286
f 305/3859/1287 225/3860/1287 224/3861/1287
f 308/3862/1288 305/3863/1288 306/3864/1288
f 311/3865/1289 317/3866/1289 309/3867/1289
f 313/3868/1290 311/3869/1290 310/3870/1290
f 311/3871/1291 313/3872/1291 314/3873/1291
f 317/3874/1292 311/3875/1292 315/3876/1292
f 320/3877/1293 325/3878/1293 318/3879/1293
f 321/3880/1294 320/3881/1294 319/3882/1294
f 320/3883/1295 321/3884/1295 322/3885/1295
f 325/3886/1296 320/3887/1296 323/3888/1296
f 328/3889/1297 334/3890/1297 326/3891/1297
f 330/3892/1298 328/3893/1298 327/3894/1298
f 328/3895/1299 330/3896/1299 331/3897/1299
f 334/3898/1300 328/3899/1300 332/3900/1300
f 337/3901/1301 340/3902/1301 335/3903/1301
f 250/3904/1302 337/3905/1302 336/3906/1302
f 337/3907/1303 250/3908/1303 249/3909/1303
f 340/3910/1304 337/3911/1304 338/3912/1304
f 343/3913/1305 349/3914/1305 341/3915/1305
f 345/3916/1306 343/3917/1306 342/3918/1306
f 343/3919/1307 345/3920/1307 346/3921/1307
f 349/3922/1308 343/3923/1308 347/3924/1308
f 352/3925/1309 358/3926/1309 350/3927/1309
f 354/3928/1310 352/3929/1310 351/3930/1310
f 352/3931/1311 354/3932/1311 355/3933/1311
f 358/3934/1312 352/3935/1312 356/3936/1312
f 361/3937/1313 364/3938/1313 359/3939/1313
f 272/3940/1314 361/3941/1314 360/3942/1314
f 361/3943/1315 272/3944/1315 271/3945/1315
f 364/3946/1316 361/3947/1316 362/3948/1316
f 365/3949/1317 368/3950/1317 363/3951/1317
f 278/3952/1318 365/3953/1318 362/3954/1318
f 365/3955/1319 278/3956/1319 277/3957/1319
f 368/3958/1320 365/3959/1320 366/3960/1320
f 369/3961/1321 372/3962/1321 367/3963/1321
f 284/3964/1322 369/3965/1322 366/3966/1322
f 369/3967/1323 284/3968/1323 283/3969/1323
f 372/3970/1324 369/3971/1324 370/3972/1324
f 375/3973/1325 381/3974/1325 373/3975/1325
f 377/3976/1326 375/3977/1326 374/3978/1326
f 375/3979/1327 377/3980/1327 378/3981/1327
f 381/3982/1328 375/3983/1328 379/3984/1328
f 384/3985/1329 387/3986/1329 382/3987/1329
f 293/3988/1330 384/3989/1330 383/3990/1330
f 384/3991/1331 293/3992/1331 292/3993/1331
f 387/3994/1332 384/3995/1332 385/3996/1332
f 388/3997/1333 392/3998/1333 386/3999/1333
f 389/4000/1334 388/4001/1334 385/4002/1334
f 388/4003/1335 389/4004/1335 303/4005/1335
f 392/4006/1336 388/4007/1336 390/4008/1336
f 393/4009/1337 396/4010/1337 391/4011/1337
f 308/4012/1338 393/4013/1338 390/4014/1338
f 393/4015/1339 308/4016/1339 307/4017/1339
f 396/4018/1340 393/4019/1340 394/4020/1340
f 397/4021/1341 401/4022/1341 395/4023/1341
f 398/4024/1342 397/4025/1342 394/4026/1342
f 397/4027/1343 398/4028/1343 318/4029/1343
f 401/4030/1344 397/4031/1344 399/4032/1344
f 402/4033/1345 405/4034/1345 400/4035/1345
f 325/4036/1346 402/4037/1346 399/4038/1346
f 402/4039/1347 325/4040/1347 324/4041/1347
f 405/4042/1348 402/4043/1348 403/4044/1348
f 408/4045/1349 414/4046/1349 406/4047/1349
f 410/4048/1350 408/4049/1350 407/4050/1350
f 408/4051/1351 410/4052/1351 411/4053/1351
f 414/4054/1352 408/4055/1352 412/4056/1352
f 417/4057/1353 420/4058/1353 415/4059/1353
f 340/4060/1354 417/4061/1354 416/4062/1354
f 417/4063/1355 340/4064/1355 339/4065/1355
f 420/4066/1356 417/4067/1356 418/4068/1356
f 423/4069/1357 428/4070/1357 421/4071/1357
f 425/4072/1358 423/4073/1358 422/4074/1358
f 423/4075/1359 425/4076/1359 350/4077/1359
f 428/4078/1360 423/4079/1360 426/4080/1360
f 429/4081/1361 432/4082/1361 427/4083/1361
f 358/4084/1362 429/4085/1362 426/4086/1362
f 429/4087/1363 358/4088/1363 357/4089/1363
f 432/4090/1364 429/4091/1364 430/4092/1364
f 435/4093/1365 438/4094/1365 433/4095/1365
f 364/4096/1366 435/4097/1366 434/4098/1366
f 435/4099/1367 364/4100/1367 363/4101/1367
f 438/4102/1368 435/4103/1368 436/4104/1368
f 439/4105/1369 442/4106/1369 437/4107/1369
f 368/4108/1370 439/4109/1370 436/4110/1370
f 439/4111/1371 368/4112/1371 367/4113/1371
f 442/4114/1372 439/4115/1372 440/4116/1372
f 443/4117/1373 446/4118/1373 441/4119/1373
f 372/4120/1374 443/4121/1374 440/4122/1374
f 443/4123/1375 372/4124/1375 371/4125/1375
f 446/4126/1376 443/4127/1376 444/4128/1376
f 447/4129/1377 451/4130/1377 445/4131/1377
f 448/4132/1378 447/4133/1378 444/4134/1378
f 447/4135/1379 448/4136/1379 382/4137/1379
f 451/4138/1380 447/4139/1380 449/4140/1380
f 452/4141/1381 455/4142/1381 450/4143/1381
f 387/4144/1382 452/4145/1382 449/4146/1382
f 452/4147/1383 387/4148/1383 386/4149/1383
f 455/4150/1384 452/4151/1384 453/4152/1384
f 456/4153/1385 459/4154/1385 454/4155/1385
f 392/4156/1386 456/4157/1386 453/4158/1386
f 456/4159/1387 392/4160/1387 391/4161/1387
f 459/4162/1388 456/4163/1388 457/4164/1388
f 462/4165/1389 468/4166/1389 460/4167/1389
f 464/4168/1390 462/4169/1390 461/4170/1390
f 462/4171/1391 464/4172/1391 465/4173/1391
f 468/4174/1392 462/4175/1392 466/4176/1392
f 471/4177/1393 477/4178/1393 469/4179/1393
f 473/4180/1394 471/4181/1394 470/4182/1394
f 471/4183/1395 473/4184/1395 474/4185/1395
f 477/4186/1396 471/4187/1396 475/4188/1396
f 480/4189/1397 486/4190/1397 478/4191/1397
f 482/4192/1398 480/4193/1398 479/4194/1398
f 480/4195/1399 482/4196/1399 483/4197/1399
f 486/4198/1400 480/4199/1400 484/4200/1400
f 489/4201/1401 495/4202/1401 487/4203/1401
f 491/4204/1402 489/4205/1402 488/4206/1402
f 489/4207/1403 491/4208/1403 492/4209/1403
f 495/4210/1404 489/4211/1404 493/4212/1404
f 498/4213/1405 501/4214/1405 496/4215/1405
f 420/4216/1406 498/4217/1406 497/4218/1406
f 498/4219/1407 420/4220/1407 419/4221/1407
f 501/4222/1408 498/4223/1408 499/4224/1408
f 504/4225/1409 510/4226/1409 502/4227/1409
f 506/4228/1410 504/4229/1410 503/4230/1410
f 504/4231/1411 506/4232/1411 507/4233/1411
f 510/4234/1412 504/4235/1412 508/4236/1412
f 513/4237/1413 519/4238/1413 511/4239/1413
f 515/4240/1414 513/4241/1414 512/4242/1414
f 513/4243/1415 515/4244/1415 516/4245/1415
f 519/4246/1416 513/4247/1416 517/4248/1416
f 522/4249/1417 528/4250/1417 520/4251/1417
f 524/4252/1418 522/4253/1418 521/4254/1418
f 522/4255/1419 524/4256/1419 525/4257/1419
f 528/4258/1420 522/4259/1420 526/4260/1420
f 531/4261/1421 534/4262/1421 529/4263/1421
f 442/4264/1422 531/4265/1422 530/4266/1422
f 531/4267/1423 442/4268/1423 441/4269/1423
f 534/4270/1424 531/4271/1424 532/4272/1424
f 535/4273/1425 538/4274/1425 533/4275/1425
f 446/4276/1426 535/4277/1426 532/4278/1426
f 535/4279/1427 446/4280/1427 445/4281/1427
f 538/4282/1428 535/4283/1428 536/4284/1428
f 541/4285/1429 547/4286/1429 539/4287/1429
f 543/4288/1430 541/4289/1430 540/4290/1430
f 541/4291/1431 543/4292/1431 544/4293/1431
f 547/4294/1432 541/4295/1432 545/4296/1432
f 550/4297/1433 556/4298/1433 548/4299/1433
f 552/4300/1434 550/4301/1434 549/4302/1434
f 550/4303/1435 552/4304/1435 553/4305/1435
f 556/4306/1436 550/4307/1436 554/4308/1436
f 557/4309/1437 562/4310/1437 555/4311/1437
f 558/4312/1438 557/4313/1438 554/4314/1438
f 557/4315/1439 558/4316/1439 559/4317/1439
f 562/4318/1440 557/4319/1440 560/4320/1440
f 565/4321/1441 571/4322/1441 563/4323/1441
f 567/4324/1442 565/4325/1442 564/4326/1442
f 565/4327/1443 567/4328/1443 568/4329/1443
f 571/4330/1444 565/4331/1444 569/4332/1444
f 572/4333/1445 577/4334/1445 570/4335/1445
f 573/4336/1446 572/4337/1446 569/4338/1446
f 572/4339/1447 573/4340/1447 574/4341/1447
f 577/4342/1448 572/4343/1448 575/4344/1448
f 580/4345/1449 585/4346/1449 578/4347/1449
f 581/4348/1450 580/4349/1450 579/4350/1450
f 580/4351/1451 581/4352/1451 582/4353/1451
f 585/4354/1452 580/4355/1452 583/4356/1452
f 588/4357/1453 592/4358/1453 586/4359/1453
f 589/4360/1454 588/4361/1454 587/4362/1454
f 588/4363/1455 589/4364/1455 496/4365/1455
f 592/4366/1456 588/4367/1456 590/4368/1456
f 593/4369/1457 596/4370/1457 591/4371/1457
f 501/4372/1458 593/4373/1458 590/4374/1458
f 593/4375/1459 501/4376/1459 500/4377/1459
f 596/4378/1460 593/4379/1460 594/4380/1460
f 599/4381/1461 602/4382/1461 597/4383/1461
f 510/4384/1462 599/4385/1462 598/4386/1462
f 599/4387/1463 510/4388/1463 509/4389/1463
f 602/4390/1464 599/4391/1464 600/4392/1464
f 605/4393/1465 608/4394/1465 603/4395/1465
f 519/4396/1466 605/4397/1466 604/4398/1466
f 605/4399/1467 519/4400/1467 518/4401/1467
f 608/4402/1468 605/4403/1468 606/4404/1468
f 611/4405/1469 617/4406/1469 609/4407/1469
f 613/4408/1470 611/4409/1470 610/4410/1470
f 611/4411/1471 613/4412/1471 614/4413/1471
f 617/4414/1472 611/4415/1472 615/4416/1472
f 620/4417/1473 625/4418/1473 618/4419/1473
f 621/4420/1474 620/4421/1474 619/4422/1474
f 620/4423/1475 621/4424/1475 622/4425/1475
f 625/4426/1476 620/4427/1476 623/4428/1476
f 626/4429/1477 630/4430/1477 624/4431/1477
f 627/4432/1478 626/4433/1478 623/4434/1478
f 626/4435/1479 627/4436/1479 539/4437/1479
f 630/4438/1480 626/4439/1480 628/4440/1480
f 633/4441/1481 638/4442/1481 631/4443/1481
f 635/4444/1482 633/4445/1482 632/4446/1482
f 633/4447/1483 635/4448/1483 548/4449/1483
f 638/4450/1484 633/4451/1484 636/4452/1484
f 639/4453/1485 642/4454/1485 637/4455/1485
f 556/4456/1486 639/4457/1486 636/4458/1486
f 639/4459/1487 556/4460/1487 555/4461/1487
f 642/4462/1488 639/4463/1488 640/4464/1488
f 643/4465/1489 646/4466/1489 641/4467/1489
f 562/4468/1490 643/4469/1490 640/4470/1490
f 643/4471/1491 562/4472/1491 561/4473/1491
f 646/4474/1492 643/4475/1492 644/4476/1492
f 649/4477/1493 652/4478/1493 647/4479/1493
f 571/4480/1494 649/4481/1494 648/4482/1494
f 649/4483/1495 571/4484/1495 570/4485/1495
f 652/4486/1496 649/4487/1496 650/4488/1496
f 653/4489/1497 656/4490/1497 651/4491/1497
f 577/4492/1498 653/4493/1498 650/4494/1498
f 653/4495/1499 577/4496/1499 576/4497/1499
f 656/4498/1500 653/4499/1500 654/4500/1500
f 657/4501/1501 662/4502/1501 655/4503/1501
f 658/4504/1502 657/4505/1502 654/4506/1502
f 657/4507/1503 658/4508/1503 659/4509/1503
f 662/4510/1504 657/4511/1504 660/4512/1504
f 665/4513/1505 670/4514/1505 663/4515/1505
f 666/4516/1506 665/4517/1506 664/4518/1506
f 665/4519/1507 666/4520/1507 667/4521/1507
f 670/4522/1508 665/4523/1508 668/4524/1508
f 671/4525/1509 675/4526/1509 669/4527/1509
f 672/4528/1510 671/4529/1510 668/4530/1510
f 671/4531/1511 672/4532/1511 597/4533/1511
f 675/4534/1512 671/4535/1512 673/4536/1512
f 678/4537/1513 683/4538/1513 676/4539/1513
f 680/4540/1514 678/4541/1514 677/4542/1514
f 678/4543/1515 680/4544/1515 603/4545/1515
f 683/4546/1516 678/4547/1516 681/4548/1516
f 684/4549/1517 687/4550/1517 682/4551/1517
f 608/4552/1518 684/4553/1518 681/4554/1518
f 684/4555/1519 608/4556/1519 607/4557/1519
f 687/4558/1520 684/4559/1520 685/4560/1520
f 690/4561/1521 693/4562/1521 688/4563/1521
f 692/4564/1522 690/4565/1522 689/4566/1522
f 690/4567/1523 692/4568/1523 5/4569/1523
f 693/4570/1524 690/4571/1524 3/4572/1524
f 695/4573/1525 692/4574/1525 691/4575/1525
f 697/4576/1526 695/4577/1526 694/4578/1526
f 695/4579/1527 697/4580/1527 7/4581/1527
f 692/4582/1528 695/4583/1528 6/4584/1528
f 699/4585/1529 697/4586/1529 696/4587/1529
f 701/4588/1530 699/4589/1530 698/4590/1530
f 699/4591/1531 701/4592/1531 13/4593/1531
f 697/4594/1532 699/4595/1532 12/4596/1532
f 703/4597/1533 701/4598/1533 700/4599/1533
f 704/4600/1534 703/4601/1534 702/4602/1534
f 703/4603/1535 704/4604/1535 19/4605/1535
f 701/4606/1536 703/4607/1536 18/4608/1536
f 705/4609/1537 704/4610/1537 26/4611/1537
f 706/4612/1538 705/4613/1538 24/4614/1538
f 705/4615/1539 706/4616/1539 21/4617/1539
f 704/4618/1540 705/4619/1540 20/4620/1540
f 707/4621/1541 706/4622/1541 23/4623/1541
f 708/4624/1542 707/4625/1542 118/4626/1542
f 707/4627/1543 708/4628/1543 709/4629/1543
f 706/4630/1544 707/4631/1544 710/4632/1544
f 711/4633/1545 708/4634/1545 117/4635/1545
f 712/4636/1546 711/4637/1546 122/4638/1546
f 711/4639/1547 712/4640/1547 713/4641/1547
f 708/4642/1548 711/4643/1548 714/4644/1548
f 715/4645/1549 712/4646/1549 121/4647/1549
f 1/4648/1550 715/4649/1550 126/4650/1550
f 715/4651/1551 1/4652/1551 716/4653/1551
f 712/4654/1552 715/4655/1552 717/4656/1552
f 718/4657/1553 1/4658/1553 125/4659/1553
f 719/4660/1554 718/4661/1554 124/4662/1554
f 718/4663/1555 719/4664/1555 38/4665/1555
f 1/4666/1556 718/4667/1556 720/4668/1556
f 721/4669/1557 719/4670/1557 36/4671/1557
f 722/4672/1558 721/4673/1558 35/4674/1558
f 721/4675/1559 722/4676/1559 41/4677/1559
f 719/4678/1560 721/4679/1560 39/4680/1560
f 724/4681/1561 722/4682/1561 34/4683/1561
f 726/4684/1562 724/4685/1562 723/4686/1562
f 724/4687/1563 726/4688/1563 43/4689/1563
f 722/4690/1564 724/4691/1564 42/4692/1564
f 728/4693/1565 726/4694/1565 725/4695/1565
f 729/4696/1566 728/4697/1566 727/4698/1566
f 728/4699/1567 729/4700/1567 49/4701/1567
f 726/4702/1568 728/4703/1568 48/4704/1568
f 730/4705/1569 729/4706/1569 56/4707/1569
f 731/4708/1570 730/4709/1570 54/4710/1570
f 730/4711/1571 731/4712/1571 51/4713/1571
f 729/4714/1572 730/4715/1572 50/4716/1572
f 732/4717/1573 731/4718/1573 53/4719/1573
f 733/4720/1574 732/4721/1574 61/4722/1574
f 732/4723/1575 733/4724/1575 734/4725/1575
f 731/4726/1576 732/4727/1576 735/4728/1576
f 736/4729/1577 733/4730/1577 60/4731/1577
f 737/4732/1578 736/4733/1578 149/4734/1578
f 736/4735/1579 737/4736/1579 235/4737/1579
f 733/4738/1580 736/4739/1580 738/4740/1580
f 739/4741/1581 737/4742/1581 148/4743/1581
f 740/4744/1582 739/4745/1582 153/4746/1582
f 739/4747/1583 740/4748/1583 237/4749/1583
f 737/4750/1584 739/4751/1584 236/4752/1584
f 741/4753/1585 740/4754/1585 152/4755/1585
f 742/4756/1586 741/4757/1586 151/4758/1586
f 741/4759/1587 742/4760/1587 68/4761/1587
f 740/4762/1588 741/4763/1588 743/4764/1588
f 744/4765/1589 742/4766/1589 66/4767/1589
f 745/4768/1590 744/4769/1590 65/4770/1590
f 744/4771/1591 745/4772/1591 71/4773/1591
f 742/4774/1592 744/4775/1592 69/4776/1592
f 747/4777/1593 745/4778/1593 64/4779/1593
f 749/4780/1594 747/4781/1594 746/4782/1594
f 747/4783/1595 749/4784/1595 73/4785/1595
f 745/4786/1596 747/4787/1596 72/4788/1596
f 751/4789/1597 749/4790/1597 748/4791/1597
f 752/4792/1598 751/4793/1598 750/4794/1598
f 751/4795/1599 752/4796/1599 79/4797/1599
f 749/4798/1600 751/4799/1600 78/4800/1600
f 753/4801/1601 752/4802/1601 86/4803/1601
f 754/4804/1602 753/4805/1602 84/4806/1602
f 753/4807/1603 754/4808/1603 81/4809/1603
f 752/4810/1604 753/4811/1604 80/4812/1604
f 755/4813/1605 754/4814/1605 83/4815/1605
f 756/4816/1606 755/4817/1606 91/4818/1606
f 755/4819/1607 756/4820/1607 757/4821/1607
f 754/4822/1608 755/4823/1608 758/4824/1608
f 759/4825/1609 756/4826/1609 90/4827/1609
f 760/4828/1610 759/4829/1610 176/4830/1610
f 759/4831/1611 760/4832/1611 258/4833/1611
f 756/4834/1612 759/4835/1612 761/4836/1612
f 762/4837/1613 760/4838/1613 175/4839/1613
f 763/4840/1614 762/4841/1614 180/4842/1614
f 762/4843/1615 763/4844/1615 260/4845/1615
f 760/4846/1616 762/4847/1616 259/4848/1616
f 765/4849/1617 763/4850/1617 179/4851/1617
f 767/4852/1618 765/4853/1618 764/4854/1618
f 765/4855/1619 767/4856/1619 262/4857/1619
f 763/4858/1620 765/4859/1620 261/4860/1620
f 769/4861/1621 767/4862/1621 766/4863/1621
f 771/4864/1622 769/4865/1622 768/4866/1622
f 769/4867/1623 771/4868/1623 772/4869/1623
f 767/4870/1624 769/4871/1624 773/4872/1624
f 775/4873/1625 771/4874/1625 770/4875/1625
f 776/4876/1626 775/4877/1626 774/4878/1626
f 775/4879/1627 776/4880/1627 777/4881/1627
f 771/4882/1628 775/4883/1628 778/4884/1628
f 779/4885/1629 776/4886/1629 516/4887/1629
f 780/4888/1630 779/4889/1630 515/4890/1630
f 779/4891/1631 780/4892/1631 507/4893/1631
f 776/4894/1632 779/4895/1632 781/4896/1632
f 782/4897/1633 780/4898/1633 514/4899/1633
f 783/4900/1634 782/4901/1634 512/4902/1634
f 782/4903/1635 783/4904/1635 509/4905/1635
f 780/4906/1636 782/4907/1636 508/4908/1636
f 784/4909/1637 783/4910/1637 511/4911/1637
f 785/4912/1638 784/4913/1638 604/4914/1638
f 784/4915/1639 785/4916/1639 601/4917/1639
f 783/4918/1640 784/4919/1640 600/4920/1640
f 786/4921/1641 785/4922/1641 603/4923/1641
f 787/4924/1642 786/4925/1642 680/4926/1642
f 786/4927/1643 787/4928/1643 597/4929/1643
f 785/4930/1644 786/4931/1644 602/4932/1644
f 788/4933/1645 787/4934/1645 679/4935/1645
f 789/4936/1646 788/4937/1646 677/4938/1646
f 788/4939/1647 789/4940/1647 674/4941/1647
f 787/4942/1648 788/4943/1648 673/4944/1648
f 791/4945/1649 789/4946/1649 676/4947/1649
f 793/4948/1650 791/4949/1650 790/4950/1650
f 791/4951/1651 793/4952/1651 669/4953/1651
f 789/4954/1652 791/4955/1652 675/4956/1652
f 795/4957/1653 793/4958/1653 792/4959/1653
f 796/4960/1654 795/4961/1654 794/4962/1654
f 795/4963/1655 796/4964/1655 663/4965/1655
f 793/4966/1656 795/4967/1656 670/4968/1656
f 797/4969/1657 796/4970/1657 661/4971/1657
f 798/4972/1658 797/4973/1658 660/4974/1658
f 797/4975/1659 798/4976/1659 584/4977/1659
f 796/4978/1660 797/4979/1660 664/4980/1660
f 799/4981/1661 798/4982/1661 659/4983/1661
f 800/4984/1662 799/4985/1662 658/4986/1662
f 799/4987/1663 800/4988/1663 578/4989/1663
f 798/4990/1664 799/4991/1664 585/4992/1664
f 801/4993/1665 800/4994/1665 576/4995/1665
f 802/4996/1666 801/4997/1666 575/4998/1666
f 801/4999/1667 802/5000/1667 476/5001/1667
f 800/5002/1668 801/5003/1668 579/5004/1668
f 803/5005/1669 802/5006/1669 574/5007/1669
f 804/5008/1670 803/5009/1670 573/5010/1670
f 803/5011/1671 804/5012/1671 469/5013/1671
f 802/5014/1672 803/5015/1672 477/5016/1672
f 805/5017/1673 804/5018/1673 568/5019/1673
f 806/5020/1674 805/5021/1674 567/5022/1674
f 805/5023/1675 806/5024/1675 559/5025/1675
f 804/5026/1676 805/5027/1676 807/5028/1676
f 808/5029/1677 806/5030/1677 566/5031/1677
f 809/5032/1678 808/5033/1678 564/5034/1678
f 808/5035/1679 809/5036/1679 561/5037/1679
f 806/5038/1680 808/5039/1680 560/5040/1680
f 810/5041/1681 809/5042/1681 563/5043/1681
f 811/5044/1682 810/5045/1682 648/5046/1682
f 810/5047/1683 811/5048/1683 645/5049/1683
f 809/5050/1684 810/5051/1684 644/5052/1684
f 813/5053/1685 811/5054/1685 647/5055/1685
f 815/5056/1686 813/5057/1686 812/5058/1686
f 813/5059/1687 815/5060/1687 641/5061/1687
f 811/5062/1688 813/5063/1688 646/5064/1688
f 817/5065/1689 815/5066/1689 814/5067/1689
f 819/5068/1690 817/5069/1690 816/5070/1690
f 817/5071/1691 819/5072/1691 637/5073/1691
f 815/5074/1692 817/5075/1692 642/5076/1692
f 821/5077/1693 819/5078/1693 818/5079/1693
f 823/5080/1694 821/5081/1694 820/5082/1694
f 821/5083/1695 823/5084/1695 631/5085/1695
f 819/5086/1696 821/5087/1696 638/5088/1696
f 825/5089/1697 823/5090/1697 822/5091/1697
f 827/5092/1698 825/5093/1698 824/5094/1698
f 825/5095/1699 827/5096/1699 828/5097/1699
f 823/5098/1700 825/5099/1700 829/5100/1700
f 831/5101/1701 827/5102/1701 826/5103/1701
f 833/5104/1702 831/5105/1702 830/5106/1702
f 831/5107/1703 833/5108/1703 616/5109/1703
f 827/5110/1704 831/5111/1704 834/5112/1704
f 836/5113/1705 833/5114/1705 832/5115/1705
f 838/5116/1706 836/5117/1706 835/5118/1706
f 836/5119/1707 838/5120/1707 609/5121/1707
f 833/5122/1708 836/5123/1708 617/5124/1708
f 840/5125/1709 838/5126/1709 837/5127/1709
f 842/5128/1710 840/5129/1710 839/5130/1710
f 840/5131/1711 842/5132/1711 612/5133/1711
f 838/5134/1712 840/5135/1712 610/5136/1712
f 844/5137/1713 842/5138/1713 841/5139/1713
f 846/5140/1714 844/5141/1714 843/5142/1714
f 844/5143/1715 846/5144/1715 847/5145/1715
f 842/5146/1716 844/5147/1716 848/5148/1716
f 850/5149/1717 846/5150/1717 845/5151/1717
f 852/5152/1718 850/5153/1718 849/5154/1718
f 850/5155/1719 852/5156/1719 853/5157/1719
f 846/5158/1720 850/5159/1720 854/5160/1720
f 856/5161/1721 852/5162/1721 851/5163/1721
f 858/5164/1722 856/5165/1722 855/5166/1722
f 856/5167/1723 858/5168/1723 859/5169/1723
f 852/5170/1724 856/5171/1724 860/5172/1724
f 862/5173/1725 858/5174/1725 857/5175/1725
f 864/5176/1726 862/5177/1726 861/5178/1726
f 862/5179/1727 864/5180/1727 181/5181/1727
f 858/5182/1728 862/5183/1728 865/5184/1728
f 867/5185/1729 864/5186/1729 863/5187/1729
f 869/5188/1730 867/5189/1730 866/5190/1730
f 867/5191/1731 869/5192/1731 98/5193/1731
f 864/5194/1732 867/5195/1732 182/5196/1732
f 871/5197/1733 869/5198/1733 868/5199/1733
f 693/5200/1734 871/5201/1734 870/5202/1734
f 871/5203/1735 693/5204/1735 2/5205/1735
f 869/5206/1736 871/5207/1736 99/5208/1736
f 872/5209/1737 874/5210/1737 15/5211/1737
f 873/5212/1738 872/5213/1738 22/5214/1738
f 872/5215/1739 873/5216/1739 113/5217/1739
f 874/5218/1740 872/5219/1740 112/5220/1740
f 875/5221/1741 873/5222/1741 21/5223/1741
f 876/5224/1742 875/5225/1742 710/5226/1742
f 875/5227/1743 876/5228/1743 115/5229/1743
f 873/5230/1744 875/5231/1744 114/5232/1744
f 877/5233/1745 876/5234/1745 709/5235/1745
f 878/5236/1746 877/5237/1746 714/5238/1746
f 877/5239/1747 878/5240/1747 201/5241/1747
f 876/5242/1748 877/5243/1748 200/5244/1748
f 879/5245/1749 878/5246/1749 713/5247/1749
f 880/5248/1750 879/5249/1750 717/5250/1750
f 879/5251/1751 880/5252/1751 127/5253/1751
f 878/5254/1752 879/5255/1752 881/5256/1752
f 882/5257/1753 880/5258/1753 716/5259/1753
f 883/5260/1754 882/5261/1754 720/5262/1754
f 882/5263/1755 883/5264/1755 130/5265/1755
f 880/5266/1756 882/5267/1756 128/5268/1756
f 884/5269/1757 883/5270/1757 38/5271/1757
f 885/5272/1758 884/5273/1758 46/5274/1758
f 884/5275/1759 885/5276/1759 132/5277/1759
f 883/5278/1760 884/5279/1760 131/5280/1760
f 886/5281/1761 885/5282/1761 45/5283/1761
f 887/5284/1762 886/5285/1762 52/5286/1762
f 886/5287/1763 887/5288/1763 138/5289/1763
f 885/5290/1764 886/5291/1764 137/5292/1764
f 888/5293/1765 887/5294/1765 51/5295/1765
f 889/5296/1766 888/5297/1766 735/5298/1766
f 888/5299/1767 889/5300/1767 144/5301/1767
f 887/5302/1768 888/5303/1768 143/5304/1768
f 890/5305/1769 889/5306/1769 734/5307/1769
f 891/5308/1770 890/5309/1770 738/5310/1770
f 890/5311/1771 891/5312/1771 146/5313/1771
f 889/5314/1772 890/5315/1772 145/5316/1772
f 892/5317/1773 891/5318/1773 235/5319/1773
f 893/5320/1774 892/5321/1774 233/5322/1774
f 892/5323/1775 893/5324/1775 894/5325/1775
f 891/5326/1776 892/5327/1776 895/5328/1776
f 896/5329/1777 893/5330/1777 232/5331/1777
f 897/5332/1778 896/5333/1778 240/5334/1778
f 896/5335/1779 897/5336/1779 241/5337/1779
f 893/5338/1780 896/5339/1780 898/5340/1780
f 899/5341/1781 897/5342/1781 239/5343/1781
f 900/5344/1782 899/5345/1782 238/5346/1782
f 899/5347/1783 900/5348/1783 154/5349/1783
f 897/5350/1784 899/5351/1784 242/5352/1784
f 901/5353/1785 900/5354/1785 237/5355/1785
f 902/5356/1786 901/5357/1786 743/5358/1786
f 901/5359/1787 902/5360/1787 157/5361/1787
f 900/5362/1788 901/5363/1788 155/5364/1788
f 903/5365/1789 902/5366/1789 68/5367/1789
f 904/5368/1790 903/5369/1790 76/5370/1790
f 903/5371/1791 904/5372/1791 159/5373/1791
f 902/5374/1792 903/5375/1792 158/5376/1792
f 905/5377/1793 904/5378/1793 75/5379/1793
f 906/5380/1794 905/5381/1794 82/5382/1794
f 905/5383/1795 906/5384/1795 165/5385/1795
f 904/5386/1796 905/5387/1796 164/5388/1796
f 907/5389/1797 906/5390/1797 81/5391/1797
f 908/5392/1798 907/5393/1798 758/5394/1798
f 907/5395/1799 908/5396/1799 171/5397/1799
f 906/5398/1800 907/5399/1800 170/5400/1800
f 909/5401/1801 908/5402/1801 757/5403/1801
f 910/5404/1802 909/5405/1802 761/5406/1802
f 909/5407/1803 910/5408/1803 173/5409/1803
f 908/5410/1804 909/5411/1804 172/5412/1804
f 911/5413/1805 910/5414/1805 258/5415/1805
f 912/5416/1806 911/5417/1806 256/5418/1806
f 911/5419/1807 912/5420/1807 253/5421/1807
f 910/5422/1808 911/5423/1808 252/5424/1808
f 913/5425/1809 912/5426/1809 255/5427/1809
f 914/5428/1810 913/5429/1810 263/5430/1810
f 913/5431/1811 914/5432/1811 915/5433/1811
f 912/5434/1812 913/5435/1812 916/5436/1812
f 917/5437/1813 914/5438/1813 262/5439/1813
f 918/5440/1814 917/5441/1814 773/5442/1814
f 917/5443/1815 918/5444/1815 919/5445/1815
f 914/5446/1816 917/5447/1816 920/5448/1816
f 921/5449/1817 918/5450/1817 772/5451/1817
f 922/5452/1818 921/5453/1818 778/5454/1818
f 921/5455/1819 922/5456/1819 923/5457/1819
f 918/5458/1820 921/5459/1820 924/5460/1820
f 925/5461/1821 922/5462/1821 777/5463/1821
f 926/5464/1822 925/5465/1822 781/5466/1822
f 925/5467/1823 926/5468/1823 927/5469/1823
f 922/5470/1824 925/5471/1824 928/5472/1824
f 929/5473/1825 926/5474/1825 507/5475/1825
f 930/5476/1826 929/5477/1826 506/5478/1826
f 929/5479/1827 930/5480/1827 419/5481/1827
f 926/5482/1828 929/5483/1828 931/5484/1828
f 932/5485/1829 930/5486/1829 505/5487/1829
f 933/5488/1830 932/5489/1830 503/5490/1830
f 932/5491/1831 933/5492/1831 500/5493/1831
f 930/5494/1832 932/5495/1832 499/5496/1832
f 934/5497/1833 933/5498/1833 502/5499/1833
f 935/5500/1834 934/5501/1834 598/5502/1834
f 934/5503/1835 935/5504/1835 595/5505/1835
f 933/5506/1836 934/5507/1836 594/5508/1836
f 936/5509/1837 935/5510/1837 597/5511/1837
f 937/5512/1838 936/5513/1838 672/5514/1838
f 936/5515/1839 937/5516/1839 591/5517/1839
f 935/5518/1840 936/5519/1840 596/5520/1840
f 938/5521/1841 937/5522/1841 667/5523/1841
f 939/5524/1842 938/5525/1842 666/5526/1842
f 938/5527/1843 939/5528/1843 586/5529/1843
f 937/5530/1844 938/5531/1844 592/5532/1844
f 940/5533/1845 939/5534/1845 584/5535/1845
f 941/5536/1846 940/5537/1846 583/5538/1846
f 940/5539/1847 941/5540/1847 485/5541/1847
f 939/5542/1848 940/5543/1848 587/5544/1848
f 942/5545/1849 941/5546/1849 582/5547/1849
f 943/5548/1850 942/5549/1850 581/5550/1850
f 942/5551/1851 943/5552/1851 478/5553/1851
f 941/5554/1852 942/5555/1852 486/5556/1852
f 944/5557/1853 943/5558/1853 476/5559/1853
f 945/5560/1854 944/5561/1854 475/5562/1854
f 944/5563/1855 945/5564/1855 481/5565/1855
f 943/5566/1856 944/5567/1856 479/5568/1856
f 946/5569/1857 945/5570/1857 474/5571/1857
f 947/5572/1858 946/5573/1858 473/5574/1858
f 946/5575/1859 947/5576/1859 465/5577/1859
f 945/5578/1860 946/5579/1860 948/5580/1860
f 949/5581/1861 947/5582/1861 472/5583/1861
f 950/5584/1862 949/5585/1862 470/5586/1862
f 949/5587/1863 950/5588/1863 467/5589/1863
f 947/5590/1864 949/5591/1864 466/5592/1864
f 951/5593/1865 950/5594/1865 469/5595/1865
f 952/5596/1866 951/5597/1866 807/5598/1866
f 951/5599/1867 952/5600/1867 460/5601/1867
f 950/5602/1868 951/5603/1868 468/5604/1868
f 953/5605/1869 952/5606/1869 559/5607/1869
f 954/5608/1870 953/5609/1870 558/5610/1870
f 953/5611/1871 954/5612/1871 955/5613/1871
f 952/5614/1872 953/5615/1872 956/5616/1872
f 957/5617/1873 954/5618/1873 553/5619/1873
f 958/5620/1874 957/5621/1874 552/5622/1874
f 957/5623/1875 958/5624/1875 544/5625/1875
f 954/5626/1876 957/5627/1876 959/5628/1876
f 960/5629/1877 958/5630/1877 551/5631/1877
f 961/5632/1878 960/5633/1878 549/5634/1878
f 960/5635/1879 961/5636/1879 546/5637/1879
f 958/5638/1880 960/5639/1880 545/5640/1880
f 962/5641/1881 961/5642/1881 548/5643/1881
f 963/5644/1882 962/5645/1882 635/5646/1882
f 962/5647/1883 963/5648/1883 539/5649/1883
f 961/5650/1884 962/5651/1884 547/5652/1884
f 964/5653/1885 963/5654/1885 634/5655/1885
f 965/5656/1886 964/5657/1886 632/5658/1886
f 964/5659/1887 965/5660/1887 629/5661/1887
f 963/5662/1888 964/5663/1888 628/5664/1888
f 966/5665/1889 965/5666/1889 631/5667/1889
f 967/5668/1890 966/5669/1890 829/5670/1890
f 966/5671/1891 967/5672/1891 624/5673/1891
f 965/5674/1892 966/5675/1892 630/5676/1892
f 968/5677/1893 967/5678/1893 828/5679/1893
f 969/5680/1894 968/5681/1894 834/5682/1894
f 968/5683/1895 969/5684/1895 618/5685/1895
f 967/5686/1896 968/5687/1896 625/5688/1896
f 970/5689/1897 969/5690/1897 616/5691/1897
f 971/5692/1898 970/5693/1898 615/5694/1898
f 970/5695/1899 971/5696/1899 527/5697/1899
f 969/5698/1900 970/5699/1900 619/5700/1900
f 972/5701/1901 971/5702/1901 614/5703/1901
f 973/5704/1902 972/5705/1902 613/5706/1902
f 972/5707/1903 973/5708/1903 520/5709/1903
f 971/5710/1904 972/5711/1904 528/5712/1904
f 974/5713/1905 973/5714/1905 612/5715/1905
f 975/5716/1906 974/5717/1906 848/5718/1906
f 974/5719/1907 975/5720/1907 523/5721/1907
f 973/5722/1908 974/5723/1908 521/5724/1908
f 976/5725/1909 975/5726/1909 847/5727/1909
f 977/5728/1910 976/5729/1910 854/5730/1910
f 976/5731/1911 977/5732/1911 978/5733/1911
f 975/5734/1912 976/5735/1912 979/5736/1912
f 980/5737/1913 977/5738/1913 853/5739/1913
f 981/5740/1914 980/5741/1914 860/5742/1914
f 980/5743/1915 981/5744/1915 982/5745/1915
f 977/5746/1916 980/5747/1916 983/5748/1916
f 984/5749/1917 981/5750/1917 859/5751/1917
f 985/5752/1918 984/5753/1918 865/5754/1918
f 984/5755/1919 985/5756/1919 986/5757/1919
f 981/5758/1920 984/5759/1920 987/5760/1920
f 988/5761/1921 985/5762/1921 181/5763/1921
f 989/5764/1922 988/5765/1922 186/5766/1922
f 988/5767/1923 989/5768/1923 187/5769/1923
f 985/5770/1924 988/5771/1924 990/5772/1924
f 991/5773/1925 989/5774/1925 185/5775/1925
f 992/5776/1926 991/5777/1926 184/5778/1926
f 991/5779/1927 992/5780/1927 190/5781/1927
f 989/5782/1928 991/5783/1928 188/5784/1928
f 993/5785/1929 992/5786/1929 102/5787/1929
f 994/5788/1930 993/5789/1930 107/5790/1930
f 993/5791/1931 994/5792/1931 108/5793/1931
f 992/5794/1932 993/5795/1932 191/5796/1932
f 995/5797/1933 994/5798/1933 106/5799/1933
f 874/5800/1934 995/5801/1934 105/5802/1934
f 995/5803/1935 874/5804/1935 111/5805/1935
f 994/5806/1936 995/5807/1936 109/5808/1936
f 996/5809/1937 1000/5810/1937 249/5811/1937
f 997/5812/1938 996/5813/1938 254/5814/1938
f 996/5815/1939 997/5816/1939 353/5817/1939
f 1000/5818/1940 996/5819/1940 998/5820/1940
f 1001/5821/1941 997/5822/1941 253/5823/1941
f 1002/5824/1942 1001/5825/1942 916/5826/1942
f 1001/5827/1943 1002/5828/1943 355/5829/1943
f 997/5830/1944 1001/5831/1944 354/5832/1944
f 1003/5833/1945 1002/5834/1945 915/5835/1945
f 1004/5836/1946 1003/5837/1946 920/5838/1946
f 1003/5839/1947 1004/5840/1947 357/5841/1947
f 1002/5842/1948 1003/5843/1948 356/5844/1948
f 1005/5845/1949 1004/5846/1949 919/5847/1949
f 1006/5848/1950 1005/5849/1950 924/5850/1950
f 1005/5851/1951 1006/5852/1951 431/5853/1951
f 1004/5854/1952 1005/5855/1952 430/5856/1952
f 1007/5857/1953 1006/5858/1953 923/5859/1953
f 1008/5860/1954 1007/5861/1954 928/5862/1954
f 1007/5863/1955 1008/5864/1955 427/5865/1955
f 1006/5866/1956 1007/5867/1956 432/5868/1956
f 1009/5869/1957 1008/5870/1957 927/5871/1957
f 1010/5872/1958 1009/5873/1958 931/5874/1958
f 1009/5875/1959 1010/5876/1959 421/5877/1959
f 1008/5878/1960 1009/5879/1960 428/5880/1960
f 1011/5881/1961 1010/5882/1961 419/5883/1961
f 1012/5884/1962 1011/5885/1962 418/5886/1962
f 1011/5887/1963 1012/5888/1963 424/5889/1963
f 1010/5890/1964 1011/5891/1964 422/5892/1964
f 1013/5893/1965 1012/5894/1965 339/5895/1965
f 1000/5896/1966 1013/5897/1966 338/5898/1966
f 1013/5899/1967 1000/5900/1967 999/5901/1967
f 1012/5902/1968 1013/5903/1968 1014/5904/1968
f 1015/5905/1969 1017/5906/1969 127/5907/1969
f 1016/5908/1970 1015/5909/1970 135/5910/1970
f 1015/5911/1971 1016/5912/1971 216/5913/1971
f 1017/5914/1972 1015/5915/1972 215/5916/1972
f 1018/5917/1973 1016/5918/1973 134/5919/1973
f 1019/5920/1974 1018/5921/1974 141/5922/1974
f 1018/5923/1975 1019/5924/1975 222/5925/1975
f 1016/5926/1976 1018/5927/1976 221/5928/1976
f 1020/5929/1977 1019/5930/1977 140/5931/1977
f 1021/5932/1978 1020/5933/1978 147/5934/1978
f 1020/5935/1979 1021/5936/1979 228/5937/1979
f 1019/5938/1980 1020/5939/1980 227/5940/1980
f 1022/5941/1981 1021/5942/1981 146/5943/1981
f 1023/5944/1982 1022/5945/1982 895/5946/1982
f 1022/5947/1983 1023/5948/1983 230/5949/1983
f 1021/5950/1984 1022/5951/1984 229/5952/1984
f 1024/5953/1985 1023/5954/1985 894/5955/1985
f 1025/5956/1986 1024/5957/1986 898/5958/1986
f 1024/5959/1987 1025/5960/1987 322/5961/1987
f 1023/5962/1988 1024/5963/1988 321/5964/1988
f 1026/5965/1989 1025/5966/1989 241/5967/1989
f 1027/5968/1990 1026/5969/1990 246/5970/1990
f 1026/5971/1991 1027/5972/1991 1028/5973/1991
f 1025/5974/1992 1026/5975/1992 1029/5976/1992
f 1030/5977/1993 1027/5978/1993 245/5979/1993
f 1031/5980/1994 1030/5981/1994 336/5982/1994
f 1030/5983/1995 1031/5984/1995 1032/5985/1995
f 1027/5986/1996 1030/5987/1996 1033/5988/1996
f 1034/5989/1997 1031/5990/1997 335/5991/1997
f 1035/5992/1998 1034/5993/1998 416/5994/1998
f 1034/5995/1999 1035/5996/1999 1036/5997/1999
f 1031/5998/2000 1034/5999/2000 1037/6000/2000
f 1038/6001/2001 1035/6002/2001 415/6003/2001
f 1039/6004/2002 1038/6005/2002 497/6006/2002
f 1038/6007/2003 1039/6008/2003 1040/6009/2003
f 1035/6010/2004 1038/6011/2004 1041/6012/2004
f 1042/6013/2005 1039/6014/2005 496/6015/2005
f 1043/6016/2006 1042/6017/2006 589/6018/2006
f 1042/6019/2007 1043/6020/2007 1044/6021/2007
f 1039/6022/2008 1042/6023/2008 1045/6024/2008
f 1046/6025/2009 1043/6026/2009 485/6027/2009
f 1047/6028/2010 1046/6029/2010 484/6030/2010
f 1046/6031/2011 1047/6032/2011 404/6033/2011
f 1043/6034/2012 1046/6035/2012 1048/6036/2012
f 1049/6037/2013 1047/6038/2013 483/6039/2013
f 1050/6040/2014 1049/6041/2014 482/6042/2014
f 1049/6043/2015 1050/6044/2015 400/6045/2015
f 1047/6046/2016 1049/6047/2016 405/6048/2016
f 1051/6049/2017 1050/6050/2017 481/6051/2017
f 1052/6052/2018 1051/6053/2018 948/6054/2018
f 1051/6055/2019 1052/6056/2019 395/6057/2019
f 1050/6058/2020 1051/6059/2020 401/6060/2020
f 1053/6061/2021 1052/6062/2021 465/6063/2021
f 1054/6064/2022 1053/6065/2022 464/6066/2022
f 1053/6067/2023 1054/6068/2023 391/6069/2023
f 1052/6070/2024 1053/6071/2024 396/6072/2024
f 1055/6073/2025 1054/6074/2025 463/6075/2025
f 1056/6076/2026 1055/6077/2026 461/6078/2026
f 1055/6079/2027 1056/6080/2027 458/6081/2027
f 1054/6082/2028 1055/6083/2028 457/6084/2028
f 1057/6085/2029 1056/6086/2029 460/6087/2029
f 1058/6088/2030 1057/6089/2030 956/6090/2030
f 1057/6091/2031 1058/6092/2031 454/6093/2031
f 1056/6094/2032 1057/6095/2032 459/6096/2032
f 1059/6097/2033 1058/6098/2033 955/6099/2033
f 1060/6100/2034 1059/6101/2034 959/6102/2034
f 1059/6103/2035 1060/6104/2035 450/6105/2035
f 1058/6106/2036 1059/6107/2036 455/6108/2036
f 1061/6109/2037 1060/6110/2037 544/6111/2037
f 1062/6112/2038 1061/6113/2038 543/6114/2038
f 1061/6115/2039 1062/6116/2039 445/6117/2039
f 1060/6118/2040 1061/6119/2040 451/6120/2040
f 1063/6121/2041 1062/6122/2041 542/6123/2041
f 1064/6124/2042 1063/6125/2042 540/6126/2042
f 1063/6127/2043 1064/6128/2043 537/6129/2043
f 1062/6130/2044 1063/6131/2044 536/6132/2044
f 1065/6133/2045 1064/6134/2045 539/6135/2045
f 1066/6136/2046 1065/6137/2046 627/6138/2046
f 1065/6139/2047 1066/6140/2047 533/6141/2047
f 1064/6142/2048 1065/6143/2048 538/6144/2048
f 1067/6145/2049 1066/6146/2049 622/6147/2049
f 1068/6148/2050 1067/6149/2050 621/6150/2050
f 1067/6151/2051 1068/6152/2051 529/6153/2051
f 1066/6154/2052 1067/6155/2052 534/6156/2052
f 1069/6157/2053 1068/6158/2053 527/6159/2053
f 1070/6160/2054 1069/6161/2054 526/6162/2054
f 1069/6163/2055 1070/6164/2055 437/6165/2055
f 1068/6166/2056 1069/6167/2056 530/6168/2056
f 1071/6169/2057 1070/6170/2057 525/6171/2057
f 1072/6172/2058 1071/6173/2058 524/6174/2058
f 1071/6175/2059 1072/6176/2059 433/6177/2059
f 1070/6178/2060 1071/6179/2060 438/6180/2060
f 1073/6181/2061 1072/6182/2061 523/6183/2061
f 1074/6184/2062 1073/6185/2062 979/6186/2062
f 1073/6187/2063 1074/6188/2063 359/6189/2063
f 1072/6190/2064 1073/6191/2064 434/6192/2064
f 1075/6193/2065 1074/6194/2065 978/6195/2065
f 1076/6196/2066 1075/6197/2066 983/6198/2066
f 1075/6199/2067 1076/6200/2067 264/6201/2067
f 1074/6202/2068 1075/6203/2068 360/6204/2068
f 1077/6205/2069 1076/6206/2069 982/6207/2069
f 1078/6208/2070 1077/6209/2070 987/6210/2070
f 1077/6211/2071 1078/6212/2071 267/6213/2071
f 1076/6214/2072 1077/6215/2072 265/6216/2072
f 1079/6217/2073 1078/6218/2073 986/6219/2073
f 1080/6220/2074 1079/6221/2074 990/6222/2074
f 1079/6223/2075 1080/6224/2075 269/6225/2075
f 1078/6226/2076 1079/6227/2076 268/6228/2076
f 1081/6229/2077 1080/6230/2077 187/6231/2077
f 1082/6232/2078 1081/6233/2078 194/6234/2078
f 1081/6235/2079 1082/6236/2079 275/6237/2079
f 1080/6238/2080 1081/6239/2080 274/6240/2080
f 1083/6241/2081 1082/6242/2081 193/6243/2081
f 1084/6244/2082 1083/6245/2082 198/6246/2082
f 1083/6247/2083 1084/6248/2083 281/6249/2083
f 1082/6250/2084 1083/6251/2084 280/6252/2084
f 1085/6253/2085 1084/6254/2085 197/6255/2085
f 1086/6256/2086 1085/6257/2086 204/6258/2086
f 1085/6259/2087 1086/6260/2087 205/6261/2087
f 1084/6262/2088 1085/6263/2088 286/6264/2088
f 1087/6265/2089 1086/6266/2089 203/6267/2089
f 1088/6268/2090 1087/6269/2090 202/6270/2090
f 1087/6271/2091 1088/6272/2091 208/6273/2091
f 1086/6274/2092 1087/6275/2092 206/6276/2092
f 1089/6277/2093 1088/6278/2093 201/6279/2093
f 1017/6280/2094 1089/6281/2094 881/6282/2094
f 1089/6283/2095 1017/6284/2095 210/6285/2095
f 1088/6286/2096 1089/6287/2096 209/6288/2096
f 1090/6289/2097 1092/6290/2097 324/6291/2097
f 1091/6292/2098 1090/6293/2098 323/6294/2098
f 1090/6295/2099 1091/6296/2099 329/6297/2099
f 1092/6298/2100 1090/6299/2100 327/6300/2100
f 1093/6301/2101 1091/6302/2101 322/6303/2101
f 1094/6304/2102 1093/6305/2102 1029/6306/2102
f 1093/6307/2103 1094/6308/2103 331/6309/2103
f 1091/6310/2104 1093/6311/2104 330/6312/2104
f 1095/6313/2105 1094/6314/2105 1028/6315/2105
f 1096/6316/2106 1095/6317/2106 1033/6318/2106
f 1095/6319/2107 1096/6320/2107 333/6321/2107
f 1094/6322/2108 1095/6323/2108 332/6324/2108
f 1097/6325/2109 1096/6326/2109 1032/6327/2109
f 1098/6328/2110 1097/6329/2110 1037/6330/2110
f 1097/6331/2111 1098/6332/2111 492/6333/2111
f 1096/6334/2112 1097/6335/2112 1099/6336/2112
f 1100/6337/2113 1098/6338/2113 1036/6339/2113
f 1101/6340/2114 1100/6341/2114 1041/6342/2114
f 1100/6343/2115 1101/6344/2115 494/6345/2115
f 1098/6346/2116 1100/6347/2116 493/6348/2116
f 1102/6349/2117 1101/6350/2117 1040/6351/2117
f 1103/6352/2118 1102/6353/2118 1045/6354/2118
f 1102/6355/2119 1103/6356/2119 487/6357/2119
f 1101/6358/2120 1102/6359/2120 495/6360/2120
f 1104/6361/2121 1103/6362/2121 1044/6363/2121
f 1105/6364/2122 1104/6365/2122 1048/6366/2122
f 1104/6367/2123 1105/6368/2123 490/6369/2123
f 1103/6370/2124 1104/6371/2124 488/6372/2124
f 1106/6373/2125 1105/6374/2125 404/6375/2125
f 1092/6376/2126 1106/6377/2126 403/6378/2126
f 1106/6379/2127 1092/6380/2127 326/6381/2127
f 1105/6382/2128 1106/6383/2128 1107/6384/2128
f 1108/6385/2129 1110/6386/2129 326/6387/2129
f 1109/6388/2130 1108/6389/2130 334/6390/2130
f 1108/6391/2131 1109/6392/2131 411/6393/2131
f 1110/6394/2132 1108/6395/2132 410/6396/2132
f 1111/6397/2133 1109/6398/2133 333/6399/2133
f 1112/6400/2134 1111/6401/2134 1099/6402/2134
f 1111/6403/2135 1112/6404/2135 413/6405/2135
f 1109/6406/2136 1111/6407/2136 412/6408/2136
f 1113/6409/2137 1112/6410/2137 492/6411/2137
f 1114/6412/2138 1113/6413/2138 491/6414/2138
f 1113/6415/2139 1114/6416/2139 406/6417/2139
f 1112/6418/2140 1113/6419/2140 414/6420/2140
f 1115/6421/2141 1114/6422/2141 490/6423/2141
f 1110/6424/2142 1115/6425/2142 1107/6426/2142
f 1115/6427/2143 1110/6428/2143 409/6429/2143
f 1114/6430/2144 1115/6431/2144 407/6432/2144
f 1116/6433/2145 1118/6434/2145 212/6435/2145
f 1117/6436/2146 1116/6437/2146 219/6438/2146
f 1116/6439/2147 1117/6440/2147 299/6441/2147
f 1118/6442/2148 1116/6443/2148 298/6444/2148
f 1119/6445/2149 1117/6446/2149 218/6447/2149
f 1120/6448/2150 1119/6449/2150 304/6450/2150
f 1119/6451/2151 1120/6452/2151 301/6453/2151
f 1117/6454/2152 1119/6455/2152 300/6456/2152
f 1121/6457/2153 1120/6458/2153 303/6459/2153
f 1122/6460/2154 1121/6461/2154 389/6462/2154
f 1121/6463/2155 1122/6464/2155 294/6465/2155
f 1120/6466/2156 1121/6467/2156 302/6468/2156
f 1123/6469/2157 1122/6470/2157 292/6471/2157
f 1118/6472/2158 1123/6473/2158 291/6474/2158
f 1123/6475/2159 1118/6476/2159 297/6477/2159
f 1122/6478/2160 1123/6479/2160 295/6480/2160
f 1124/6481/2161 1126/6482/2161 224/6483/2161
f 1125/6484/2162 1124/6485/2162 231/6486/2162
f 1124/6487/2163 1125/6488/2163 314/6489/2163
f 1126/6490/2164 1124/6491/2164 313/6492/2164
f 1127/6493/2165 1125/6494/2165 230/6495/2165
f 1128/6496/2166 1127/6497/2166 319/6498/2166
f 1127/6499/2167 1128/6500/2167 316/6501/2167
f 1125/6502/2168 1127/6503/2168 315/6504/2168
f 1129/6505/2169 1128/6506/2169 318/6507/2169
f 1130/6508/2170 1129/6509/2170 398/6510/2170
f 1129/6511/2171 1130/6512/2171 309/6513/2171
f 1128/6514/2172 1129/6515/2172 317/6516/2172
f 1131/6517/2173 1130/6518/2173 307/6519/2173
f 1126/6520/2174 1131/6521/2174 306/6522/2174
f 1131/6523/2175 1126/6524/2175 312/6525/2175
f 1130/6526/2176 1131/6527/2176 310/6528/2176
f 1132/6529/2177 1134/6530/2177 283/6531/2177
f 1133/6532/2178 1132/6533/2178 289/6534/2178
f 1132/6535/2179 1133/6536/2179 378/6537/2179
f 1134/6538/2180 1132/6539/2180 377/6540/2180
f 1135/6541/2181 1133/6542/2181 288/6543/2181
f 1136/6544/2182 1135/6545/2182 383/6546/2182
f 1135/6547/2183 1136/6548/2183 380/6549/2183
f 1133/6550/2184 1135/6551/2184 379/6552/2184
f 1137/6553/2185 1136/6554/2185 382/6555/2185
f 1138/6556/2186 1137/6557/2186 448/6558/2186
f 1137/6559/2187 1138/6560/2187 373/6561/2187
f 1136/6562/2188 1137/6563/2188 381/6564/2188
f 1139/6565/2189 1138/6566/2189 371/6567/2189
f 1134/6568/2190 1139/6569/2190 370/6570/2190
f 1139/6571/2191 1134/6572/2191 376/6573/2191
f 1138/6574/2192 1139/6575/2192 374/6576/2192
f 1140/6577/2193 1142/6578/2193 350/6579/2193
f 1141/6580/2194 1140/6581/2194 425/6582/2194
f 1140/6583/2195 1141/6584/2195 341/6585/2195
f 1142/6586/2196 1140/6587/2196 349/6588/2196
f 1143/6589/2197 1141/6590/2197 424/6591/2197
f 1144/6592/2198 1143/6593/2198 1014/6594/2198
f 1143/6595/2199 1144/6596/2199 344/6597/2199
f 1141/6598/2200 1143/6599/2200 342/6600/2200
f 1145/6601/2201 1144/6602/2201 999/6603/2201
f 1146/6604/2202 1145/6605/2202 998/6606/2202
f 1145/6607/2203 1146/6608/2203 346/6609/2203
f 1144/6610/2204 1145/6611/2204 345/6612/2204
f 1147/6613/2205 1146/6614/2205 353/6615/2205
f 1142/6616/2206 1147/6617/2206 351/6618/2206
f 1147/6619/2207 1142/6620/2207 348/6621/2207
f 1146/6622/2208 1147/6623/2208 347/6624/2208